1,-1,1698.30,390.89,166.76,338.91,0.99904,-1,-1,-1
1,-1,1289.81,463.71,69.17,195.01,0.99512,-1,-1,-1
1,-1,1254.32,535.97,59.51,118.73,0.99487,-1,-1,-1
1,-1,0.00,327.10,113.91,584.23,0.99485,-1,-1,-1
1,-1,251.29,451.55,101.58,263.39,0.98018,-1,-1,-1
1,-1,861.00,512.23,43.44,116.61,0.94847,-1,-1,-1
1,-1,1881.88,389.76,38.12,189.86,0.93378,-1,-1,-1
1,-1,120.23,508.86,82.95,234.24,0.87648,-1,-1,-1
1,-1,49.54,499.71,63.91,251.45,0.69257,-1,-1,-1
1,-1,243.60,450.53,31.69,131.83,0.45744,-1,-1,-1
1,-1,23.46,413.97,95.09,345.68,0.43121,-1,-1,-1
1,-1,260.64,458.34,71.13,184.07,0.34131,-1,-1,-1
1,-1,1258.98,476.65,69.55,181.65,0.31183,-1,-1,-1
1,-1,1333.37,510.37,30.22,99.09,0.28144,-1,-1,-1
1,-1,264.24,571.25,88.65,136.39,0.23070,-1,-1,-1
1,-1,242.40,463.34,51.13,243.45,0.21065,-1,-1,-1
1,-1,856.79,526.86,21.95,86.76,0.19016,-1,-1,-1
1,-1,1316.95,493.45,46.08,152.45,0.17404,-1,-1,-1
1,-1,1270.95,359.86,65.80,109.16,0.16645,-1,-1,-1
1,-1,1770.27,418.72,107.13,265.41,0.11769,-1,-1,-1
1,-1,1623.77,498.14,25.16,99.55,0.11238,-1,-1,-1
1,-1,20.96,503.97,58.82,247.06,0.10711,-1,-1,-1
1,-1,55.91,539.08,106.90,211.97,0.10392,-1,-1,-1
1,-1,1691.98,465.77,36.23,121.64,0.10098,-1,-1,-1
1,-1,0.62,546.31,64.53,349.14,0.08280,-1,-1,-1
1,-1,575.80,395.37,43.91,112.71,0.06957,-1,-1,-1
1,-1,888.50,523.13,21.84,83.98,0.06687,-1,-1,-1
1,-1,48.24,504.45,65.88,84.69,0.06563,-1,-1,-1
2,-1,1691.12,388.09,175.52,340.54,0.99917,-1,-1,-1
2,-1,0.00,315.69,124.85,602.27,0.99663,-1,-1,-1
2,-1,1292.94,464.28,65.75,195.50,0.99269,-1,-1,-1
2,-1,255.47,451.49,103.16,258.61,0.98510,-1,-1,-1
2,-1,1256.91,539.49,54.55,114.56,0.97990,-1,-1,-1
2,-1,1879.74,387.24,40.26,188.72,0.95396,-1,-1,-1
2,-1,861.15,511.69,43.50,117.14,0.94860,-1,-1,-1
2,-1,117.48,497.20,80.28,244.55,0.92616,-1,-1,-1
2,-1,53.38,521.96,59.33,232.50,0.36924,-1,-1,-1
2,-1,241.17,452.35,35.86,131.08,0.35718,-1,-1,-1
2,-1,271.65,457.65,58.39,129.23,0.31675,-1,-1,-1
2,-1,241.70,461.59,42.17,240.43,0.30763,-1,-1,-1
2,-1,1267.29,476.39,66.78,183.94,0.20008,-1,-1,-1
2,-1,220.03,457.64,54.34,154.65,0.15298,-1,-1,-1
2,-1,857.73,526.39,21.44,89.74,0.15157,-1,-1,-1
2,-1,1274.23,358.79,64.14,113.25,0.13706,-1,-1,-1
2,-1,1332.59,497.75,35.96,126.68,0.11613,-1,-1,-1
2,-1,188.30,458.82,93.31,258.45,0.10817,-1,-1,-1
2,-1,575.69,398.07,44.30,105.17,0.09504,-1,-1,-1
2,-1,1763.84,410.23,115.98,276.60,0.09097,-1,-1,-1
2,-1,1900.71,391.34,19.03,169.26,0.06359,-1,-1,-1
2,-1,147.66,470.51,109.23,265.07,0.06227,-1,-1,-1
2,-1,420.53,504.08,13.56,28.60,0.06133,-1,-1,-1
2,-1,1764.06,398.88,86.68,122.49,0.05841,-1,-1,-1
2,-1,251.11,529.56,25.38,42.04,0.05312,-1,-1,-1
3,-1,1688.65,386.92,174.54,344.75,0.99907,-1,-1,-1
3,-1,0.00,301.94,128.97,616.81,0.99760,-1,-1,-1
3,-1,1296.08,465.58,63.29,194.98,0.99288,-1,-1,-1
3,-1,1258.36,538.95,52.96,120.04,0.98768,-1,-1,-1
3,-1,255.44,452.41,104.19,257.64,0.98388,-1,-1,-1
3,-1,1878.13,384.08,41.45,196.99,0.95201,-1,-1,-1
3,-1,862.07,511.11,42.49,117.87,0.94822,-1,-1,-1
3,-1,120.03,502.13,71.98,242.01,0.94735,-1,-1,-1
3,-1,61.02,567.18,53.28,185.73,0.35496,-1,-1,-1
3,-1,244.89,464.99,43.30,236.86,0.33017,-1,-1,-1
3,-1,267.72,459.45,68.39,194.96,0.32920,-1,-1,-1
3,-1,57.62,506.90,83.13,245.35,0.22073,-1,-1,-1
3,-1,241.79,458.52,37.76,120.78,0.21971,-1,-1,-1
3,-1,858.52,526.51,20.57,89.75,0.18507,-1,-1,-1
3,-1,1768.25,410.92,108.07,293.76,0.12792,-1,-1,-1
3,-1,194.42,460.49,91.30,253.46,0.10107,-1,-1,-1
3,-1,1266.87,355.91,80.28,123.69,0.09988,-1,-1,-1
3,-1,1902.39,388.53,17.36,177.99,0.09657,-1,-1,-1
3,-1,200.38,476.19,76.98,103.62,0.07033,-1,-1,-1
3,-1,1332.56,492.45,38.82,127.21,0.06163,-1,-1,-1
3,-1,250.15,520.91,28.59,51.18,0.06013,-1,-1,-1
3,-1,575.11,396.20,44.61,108.10,0.06001,-1,-1,-1
3,-1,887.21,521.00,22.92,88.67,0.05501,-1,-1,-1
3,-1,420.20,504.40,14.42,28.81,0.05191,-1,-1,-1
3,-1,251.28,455.59,76.29,128.66,0.05169,-1,-1,-1
3,-1,29.85,361.91,143.30,496.81,0.05158,-1,-1,-1
4,-1,1688.06,386.89,169.64,345.26,0.99898,-1,-1,-1
4,-1,0.00,294.71,130.06,608.40,0.99703,-1,-1,-1
4,-1,1297.10,466.40,62.44,194.46,0.99339,-1,-1,-1
4,-1,1261.58,537.00,50.68,122.12,0.99237,-1,-1,-1
4,-1,256.07,454.23,102.69,254.78,0.97527,-1,-1,-1
4,-1,119.64,515.74,72.79,226.21,0.96443,-1,-1,-1
4,-1,1878.03,376.47,41.61,203.94,0.95272,-1,-1,-1
4,-1,862.60,511.13,41.35,116.62,0.94528,-1,-1,-1
4,-1,275.88,457.55,58.82,128.04,0.50206,-1,-1,-1
4,-1,244.86,473.67,44.50,229.47,0.44989,-1,-1,-1
4,-1,65.82,576.39,49.18,173.85,0.39266,-1,-1,-1
4,-1,858.30,525.17,23.13,92.98,0.27463,-1,-1,-1
4,-1,64.43,515.66,76.81,237.81,0.25927,-1,-1,-1
4,-1,244.62,479.17,43.43,98.93,0.22303,-1,-1,-1
4,-1,1319.84,472.87,52.38,167.09,0.19102,-1,-1,-1
4,-1,1258.43,396.26,94.48,260.55,0.14952,-1,-1,-1
4,-1,250.30,466.94,68.29,117.53,0.13761,-1,-1,-1
4,-1,1270.84,358.82,68.67,115.13,0.12440,-1,-1,-1
4,-1,1769.40,415.51,107.02,282.51,0.08567,-1,-1,-1
4,-1,420.72,503.71,14.12,29.30,0.08131,-1,-1,-1
4,-1,972.64,554.54,37.62,47.45,0.07365,-1,-1,-1
4,-1,200.84,460.47,77.05,120.91,0.07024,-1,-1,-1
4,-1,1766.60,411.97,81.50,137.80,0.06077,-1,-1,-1
4,-1,195.23,460.54,93.63,255.71,0.05953,-1,-1,-1
4,-1,887.69,521.16,22.56,86.47,0.05836,-1,-1,-1
4,-1,575.02,394.99,44.42,110.79,0.05480,-1,-1,-1
4,-1,249.46,514.09,31.88,58.24,0.05456,-1,-1,-1
5,-1,1691.16,387.71,166.33,347.37,0.99908,-1,-1,-1
5,-1,0.00,251.52,143.35,662.43,0.99796,-1,-1,-1
5,-1,1299.18,464.31,61.93,195.41,0.99316,-1,-1,-1
5,-1,1267.00,537.90,46.22,121.24,0.99126,-1,-1,-1
5,-1,257.72,456.53,100.55,251.20,0.98367,-1,-1,-1
5,-1,1877.56,363.54,42.12,216.34,0.96362,-1,-1,-1
5,-1,863.15,518.95,42.99,110.02,0.95133,-1,-1,-1
5,-1,122.66,518.65,77.60,223.10,0.92668,-1,-1,-1
5,-1,70.83,497.24,81.40,255.10,0.43029,-1,-1,-1
5,-1,246.07,473.76,58.76,223.79,0.39358,-1,-1,-1
5,-1,276.76,460.78,63.00,175.04,0.35206,-1,-1,-1
5,-1,244.73,483.76,44.59,95.47,0.33888,-1,-1,-1
5,-1,68.81,575.92,46.21,173.97,0.32113,-1,-1,-1
5,-1,1327.80,478.64,47.49,162.33,0.29793,-1,-1,-1
5,-1,859.36,524.03,28.90,95.82,0.27440,-1,-1,-1
5,-1,247.45,515.45,35.66,59.49,0.25481,-1,-1,-1
5,-1,40.13,337.07,115.42,431.21,0.21256,-1,-1,-1
5,-1,1256.54,377.46,98.02,283.26,0.17505,-1,-1,-1
5,-1,972.10,554.69,39.79,47.77,0.11342,-1,-1,-1
5,-1,86.96,510.08,98.92,275.93,0.11208,-1,-1,-1
5,-1,1273.72,357.94,69.52,120.99,0.10695,-1,-1,-1
5,-1,1280.75,485.58,58.54,175.57,0.09525,-1,-1,-1
5,-1,249.56,458.86,76.75,118.15,0.08825,-1,-1,-1
5,-1,207.65,490.28,72.57,88.82,0.07287,-1,-1,-1
5,-1,420.40,504.41,14.90,29.46,0.05696,-1,-1,-1
6,-1,1691.23,387.89,165.81,348.11,0.99918,-1,-1,-1
6,-1,0.00,250.05,144.69,655.82,0.99856,-1,-1,-1
6,-1,1302.07,461.51,65.52,197.81,0.99375,-1,-1,-1
6,-1,1271.32,540.21,44.89,117.98,0.99243,-1,-1,-1
6,-1,263.24,461.62,97.06,246.20,0.98587,-1,-1,-1
6,-1,1876.40,364.22,43.44,216.30,0.96805,-1,-1,-1
6,-1,124.70,517.57,72.85,223.72,0.94926,-1,-1,-1
6,-1,862.66,512.09,41.98,112.94,0.93494,-1,-1,-1
6,-1,244.43,492.78,46.44,206.59,0.50834,-1,-1,-1
6,-1,70.16,580.87,44.84,169.58,0.41845,-1,-1,-1
6,-1,282.61,460.14,57.94,180.94,0.40726,-1,-1,-1
6,-1,72.36,457.08,87.47,290.85,0.39698,-1,-1,-1
6,-1,247.21,513.72,37.43,63.12,0.37750,-1,-1,-1
6,-1,1900.25,358.65,19.61,221.94,0.26554,-1,-1,-1
6,-1,859.35,527.37,25.74,89.51,0.22379,-1,-1,-1
6,-1,98.60,509.15,77.20,230.73,0.19613,-1,-1,-1
6,-1,1248.87,371.15,107.99,290.13,0.16681,-1,-1,-1
6,-1,243.42,494.37,39.35,118.10,0.09910,-1,-1,-1
6,-1,1272.91,357.21,71.14,124.84,0.08747,-1,-1,-1
6,-1,1281.83,498.45,63.60,159.66,0.08304,-1,-1,-1
6,-1,420.30,504.44,14.81,29.14,0.06230,-1,-1,-1
6,-1,257.18,467.52,66.60,113.69,0.05224,-1,-1,-1
7,-1,1689.71,388.79,161.13,347.53,0.99934,-1,-1,-1
7,-1,0.57,234.45,146.70,671.47,0.99905,-1,-1,-1
7,-1,1302.08,458.85,68.45,199.80,0.99316,-1,-1,-1
7,-1,275.73,460.63,88.17,243.93,0.98326,-1,-1,-1
7,-1,1275.89,541.02,42.78,115.61,0.98127,-1,-1,-1
7,-1,1874.50,360.56,45.50,224.44,0.97581,-1,-1,-1
7,-1,126.49,508.17,76.48,230.98,0.96273,-1,-1,-1
7,-1,863.49,508.69,44.54,116.81,0.91622,-1,-1,-1
7,-1,245.67,502.88,47.84,199.68,0.48668,-1,-1,-1
7,-1,247.70,519.25,46.92,57.61,0.45396,-1,-1,-1
7,-1,1.99,234.79,136.36,351.13,0.28398,-1,-1,-1
7,-1,1254.26,367.46,107.96,295.10,0.26178,-1,-1,-1
7,-1,288.20,455.23,54.65,154.41,0.23248,-1,-1,-1
7,-1,70.79,579.54,44.33,170.07,0.22815,-1,-1,-1
7,-1,99.79,485.89,79.33,258.90,0.20797,-1,-1,-1
7,-1,73.51,476.95,81.25,279.20,0.18791,-1,-1,-1
7,-1,248.92,485.84,78.78,222.35,0.17669,-1,-1,-1
7,-1,859.56,525.29,26.78,87.85,0.17280,-1,-1,-1
7,-1,52.87,345.87,106.84,474.59,0.10328,-1,-1,-1
7,-1,421.14,503.31,14.16,28.57,0.09026,-1,-1,-1
7,-1,243.45,490.85,30.47,73.35,0.08012,-1,-1,-1
7,-1,1744.23,411.51,109.58,231.31,0.06191,-1,-1,-1
7,-1,1760.41,411.70,84.81,148.04,0.05741,-1,-1,-1
8,-1,1690.51,386.55,159.10,350.12,0.99923,-1,-1,-1
8,-1,0.00,243.08,162.19,666.47,0.99877,-1,-1,-1
8,-1,1302.87,459.59,70.89,199.28,0.99400,-1,-1,-1
8,-1,1277.62,542.18,44.09,113.74,0.99187,-1,-1,-1
8,-1,275.69,464.57,84.37,240.25,0.98610,-1,-1,-1
8,-1,1874.06,359.07,45.94,226.19,0.97909,-1,-1,-1
8,-1,124.35,505.01,72.19,238.31,0.85912,-1,-1,-1
8,-1,875.12,516.74,32.77,108.28,0.83290,-1,-1,-1
8,-1,244.82,506.82,48.78,191.34,0.43711,-1,-1,-1
8,-1,246.98,518.66,45.94,61.64,0.41691,-1,-1,-1
8,-1,72.38,587.51,41.14,164.17,0.38704,-1,-1,-1
8,-1,257.36,490.53,60.33,207.06,0.34477,-1,-1,-1
8,-1,75.20,397.06,83.56,345.01,0.32129,-1,-1,-1
8,-1,1333.11,477.11,49.70,155.03,0.19478,-1,-1,-1
8,-1,2.02,233.90,148.63,358.64,0.17947,-1,-1,-1
8,-1,289.38,454.31,53.66,138.84,0.16833,-1,-1,-1
8,-1,861.65,517.95,36.58,101.70,0.16737,-1,-1,-1
8,-1,420.68,505.82,13.41,27.19,0.10617,-1,-1,-1
8,-1,1234.21,366.88,126.16,294.56,0.10032,-1,-1,-1
8,-1,1763.34,411.43,78.79,131.67,0.08295,-1,-1,-1
8,-1,1273.78,356.58,70.75,123.45,0.06680,-1,-1,-1
8,-1,425.81,507.33,12.59,22.62,0.06588,-1,-1,-1
8,-1,77.88,525.52,50.77,224.02,0.06512,-1,-1,-1
8,-1,250.46,533.81,31.28,44.61,0.06136,-1,-1,-1
9,-1,1690.87,388.13,159.89,348.03,0.99934,-1,-1,-1
9,-1,0.00,238.74,172.93,672.42,0.99868,-1,-1,-1
9,-1,1278.87,541.80,46.02,117.07,0.99400,-1,-1,-1
9,-1,1304.91,455.49,71.29,204.50,0.98824,-1,-1,-1
9,-1,270.95,455.74,88.33,256.98,0.98337,-1,-1,-1
9,-1,1872.93,359.54,47.07,227.42,0.97102,-1,-1,-1
9,-1,125.82,502.26,72.22,238.28,0.85064,-1,-1,-1
9,-1,875.64,519.28,34.57,105.62,0.79488,-1,-1,-1
9,-1,255.76,474.95,71.97,227.07,0.43509,-1,-1,-1
9,-1,245.41,502.76,52.59,199.98,0.35240,-1,-1,-1
9,-1,1333.17,473.42,50.73,172.57,0.25549,-1,-1,-1
9,-1,71.44,608.50,40.87,149.77,0.21511,-1,-1,-1
9,-1,80.54,409.03,96.89,332.61,0.19348,-1,-1,-1
9,-1,288.78,454.76,59.04,156.57,0.12250,-1,-1,-1
9,-1,246.79,514.05,53.32,67.93,0.10583,-1,-1,-1
9,-1,1766.49,413.76,81.98,117.90,0.10365,-1,-1,-1
9,-1,421.63,503.06,14.24,28.92,0.08156,-1,-1,-1
9,-1,155.55,516.96,53.95,63.88,0.06655,-1,-1,-1
9,-1,575.40,397.23,43.68,110.33,0.05855,-1,-1,-1
9,-1,1306.10,465.11,39.17,177.06,0.05673,-1,-1,-1
9,-1,443.92,492.30,20.36,39.52,0.05042,-1,-1,-1
10,-1,1688.49,389.30,160.40,350.12,0.99941,-1,-1,-1
10,-1,0.87,247.28,175.30,658.64,0.99866,-1,-1,-1
10,-1,1280.98,540.53,46.60,118.01,0.99255,-1,-1,-1
10,-1,1310.39,457.77,74.73,204.73,0.98837,-1,-1,-1
10,-1,270.67,455.22,86.81,249.43,0.98633,-1,-1,-1
10,-1,1871.22,356.85,48.78,237.76,0.97183,-1,-1,-1
10,-1,129.10,505.06,67.89,232.74,0.87165,-1,-1,-1
10,-1,875.84,519.22,35.64,106.17,0.75036,-1,-1,-1
10,-1,249.59,493.80,76.27,202.43,0.37028,-1,-1,-1
10,-1,1279.53,402.17,94.47,259.09,0.28952,-1,-1,-1
10,-1,249.41,518.15,44.84,61.75,0.23557,-1,-1,-1
10,-1,575.14,394.97,45.07,110.44,0.13339,-1,-1,-1
10,-1,74.28,588.70,42.11,163.23,0.09643,-1,-1,-1
10,-1,1802.96,424.18,64.33,127.34,0.08435,-1,-1,-1
10,-1,420.71,504.85,14.11,28.41,0.07875,-1,-1,-1
10,-1,248.09,470.57,88.45,140.67,0.07205,-1,-1,-1
10,-1,67.19,364.14,98.99,395.24,0.06456,-1,-1,-1
10,-1,1309.64,557.18,23.07,58.48,0.05564,-1,-1,-1
10,-1,1305.43,495.33,30.19,137.91,0.05426,-1,-1,-1
11,-1,1686.16,388.42,156.33,353.09,0.99937,-1,-1,-1
11,-1,0.18,243.62,173.72,669.88,0.99892,-1,-1,-1
11,-1,1282.46,540.36,46.45,117.27,0.99540,-1,-1,-1
11,-1,1312.51,459.40,74.17,202.26,0.98911,-1,-1,-1
11,-1,277.30,455.80,81.11,247.16,0.97711,-1,-1,-1
11,-1,1868.02,358.82,51.98,240.13,0.96751,-1,-1,-1
11,-1,874.05,518.69,37.56,107.86,0.91937,-1,-1,-1
11,-1,130.11,498.58,65.86,240.35,0.84062,-1,-1,-1
11,-1,255.15,478.67,76.41,217.52,0.38772,-1,-1,-1
11,-1,1806.87,443.64,60.23,100.59,0.38670,-1,-1,-1
11,-1,249.25,518.30,43.38,63.46,0.26595,-1,-1,-1
11,-1,1806.26,445.99,26.82,26.67,0.21635,-1,-1,-1
11,-1,1309.27,464.63,40.79,179.68,0.19302,-1,-1,-1
11,-1,862.45,525.35,25.45,90.18,0.16551,-1,-1,-1
11,-1,245.82,511.70,54.91,182.55,0.14730,-1,-1,-1
11,-1,1776.28,442.61,76.39,119.11,0.12421,-1,-1,-1
11,-1,1272.25,399.44,99.43,259.68,0.12177,-1,-1,-1
11,-1,1761.12,433.76,90.04,213.01,0.10432,-1,-1,-1
11,-1,67.22,363.78,99.54,393.03,0.09869,-1,-1,-1
11,-1,1804.51,445.69,37.13,51.76,0.09767,-1,-1,-1
11,-1,420.44,504.71,14.33,28.93,0.08948,-1,-1,-1
11,-1,247.60,511.91,72.05,76.55,0.06840,-1,-1,-1
11,-1,1819.06,390.19,91.23,201.53,0.06378,-1,-1,-1
11,-1,262.47,465.42,85.56,123.10,0.05678,-1,-1,-1
11,-1,1274.04,360.90,63.29,118.20,0.05537,-1,-1,-1
11,-1,575.53,394.19,44.19,113.52,0.05055,-1,-1,-1
12,-1,1683.42,387.89,154.71,352.27,0.99934,-1,-1,-1
12,-1,0.11,242.13,177.95,669.33,0.99903,-1,-1,-1
12,-1,1283.07,541.10,46.12,117.95,0.99568,-1,-1,-1
12,-1,1313.05,459.29,75.29,202.23,0.98874,-1,-1,-1
12,-1,274.67,455.92,85.18,244.61,0.97714,-1,-1,-1
12,-1,1863.92,365.19,56.08,239.14,0.97058,-1,-1,-1
12,-1,124.02,493.21,68.19,250.28,0.94673,-1,-1,-1
12,-1,876.10,520.55,36.17,106.51,0.93515,-1,-1,-1
12,-1,1804.75,442.07,51.26,134.03,0.76271,-1,-1,-1
12,-1,1770.66,431.88,82.08,207.77,0.27890,-1,-1,-1
12,-1,248.09,495.10,80.18,200.04,0.25969,-1,-1,-1
12,-1,1342.28,479.26,49.01,167.67,0.25170,-1,-1,-1
12,-1,248.69,518.23,42.94,61.64,0.22167,-1,-1,-1
12,-1,1805.83,443.52,44.12,61.21,0.22095,-1,-1,-1
12,-1,862.35,527.14,22.86,84.24,0.21608,-1,-1,-1
12,-1,48.28,337.12,135.16,432.12,0.14846,-1,-1,-1
12,-1,1298.18,492.78,46.23,163.75,0.10822,-1,-1,-1
12,-1,1807.16,445.01,26.39,23.46,0.09939,-1,-1,-1
12,-1,420.43,503.84,14.66,29.68,0.09705,-1,-1,-1
12,-1,1261.47,387.90,104.15,272.20,0.08254,-1,-1,-1
12,-1,262.61,456.63,89.13,142.07,0.06726,-1,-1,-1
12,-1,133.23,496.93,68.93,80.96,0.06631,-1,-1,-1
12,-1,1819.82,389.19,91.87,209.71,0.06387,-1,-1,-1
12,-1,575.01,398.21,44.70,109.54,0.06124,-1,-1,-1
12,-1,1272.04,359.68,68.75,114.59,0.05978,-1,-1,-1
12,-1,444.11,492.90,20.35,39.33,0.05923,-1,-1,-1
13,-1,1680.99,386.68,160.99,354.48,0.99928,-1,-1,-1
13,-1,0.38,236.56,191.39,674.75,0.99895,-1,-1,-1
13,-1,1284.64,540.67,46.18,119.92,0.99568,-1,-1,-1
13,-1,1312.88,460.57,84.92,203.34,0.98987,-1,-1,-1
13,-1,1863.54,356.95,56.46,271.60,0.97728,-1,-1,-1
13,-1,118.91,494.05,77.87,246.45,0.97605,-1,-1,-1
13,-1,269.62,453.46,91.08,252.49,0.96376,-1,-1,-1
13,-1,877.04,521.39,35.60,106.14,0.94890,-1,-1,-1
13,-1,1808.16,443.98,50.70,160.61,0.93614,-1,-1,-1
13,-1,1345.17,480.72,45.75,168.48,0.65800,-1,-1,-1
13,-1,309.67,469.39,55.24,229.20,0.32638,-1,-1,-1
13,-1,248.62,518.70,42.82,59.72,0.31128,-1,-1,-1
13,-1,863.02,529.22,21.12,83.86,0.29643,-1,-1,-1
13,-1,253.00,483.67,74.43,210.43,0.25163,-1,-1,-1
13,-1,1759.11,430.43,98.74,202.03,0.23473,-1,-1,-1
13,-1,868.38,521.57,30.71,100.00,0.17407,-1,-1,-1
13,-1,246.05,512.98,50.36,180.11,0.15307,-1,-1,-1
13,-1,276.05,454.69,79.40,139.04,0.14060,-1,-1,-1
13,-1,78.94,382.08,105.40,373.42,0.13187,-1,-1,-1
13,-1,1792.67,442.73,61.03,88.08,0.11535,-1,-1,-1
13,-1,1313.18,462.54,37.71,191.43,0.10334,-1,-1,-1
13,-1,420.51,501.97,14.65,29.53,0.09345,-1,-1,-1
13,-1,575.41,394.59,44.42,113.34,0.08713,-1,-1,-1
13,-1,1813.66,400.27,85.90,205.34,0.07403,-1,-1,-1
13,-1,246.63,506.51,73.97,74.83,0.05756,-1,-1,-1
13,-1,1274.50,361.80,63.80,116.34,0.05667,-1,-1,-1
13,-1,1308.96,553.40,25.67,74.81,0.05452,-1,-1,-1
13,-1,1262.79,392.97,99.86,264.86,0.05365,-1,-1,-1
14,-1,1677.73,382.61,161.69,362.19,0.99937,-1,-1,-1
14,-1,0.41,238.32,192.19,676.05,0.99919,-1,-1,-1
14,-1,1285.82,541.00,44.23,120.75,0.99606,-1,-1,-1
14,-1,1314.47,461.13,82.53,202.35,0.98581,-1,-1,-1
14,-1,1806.34,442.23,57.06,173.87,0.98153,-1,-1,-1
14,-1,1865.16,356.01,54.84,296.27,0.97755,-1,-1,-1
14,-1,877.93,516.43,35.21,112.98,0.96454,-1,-1,-1
14,-1,293.10,454.44,72.00,248.27,0.94542,-1,-1,-1
14,-1,119.09,481.50,72.21,261.32,0.82267,-1,-1,-1
14,-1,1347.45,482.03,44.41,168.65,0.66177,-1,-1,-1
14,-1,286.20,455.97,68.27,125.20,0.36028,-1,-1,-1
14,-1,863.21,525.91,20.01,82.82,0.34451,-1,-1,-1
14,-1,247.52,518.27,46.29,60.84,0.29761,-1,-1,-1
14,-1,869.31,521.15,27.98,99.71,0.19306,-1,-1,-1
14,-1,253.45,477.11,91.70,227.55,0.19288,-1,-1,-1
14,-1,247.46,515.96,54.82,176.11,0.13311,-1,-1,-1
14,-1,972.41,553.88,37.24,46.95,0.12607,-1,-1,-1
14,-1,1313.51,558.51,23.14,75.57,0.09764,-1,-1,-1
14,-1,1799.21,442.31,58.77,93.35,0.09732,-1,-1,-1
14,-1,1304.34,482.91,48.86,171.23,0.09610,-1,-1,-1
14,-1,576.00,397.37,43.42,114.69,0.09324,-1,-1,-1
14,-1,1754.98,405.74,99.97,247.65,0.09234,-1,-1,-1
14,-1,1860.85,387.35,39.05,205.09,0.07988,-1,-1,-1
14,-1,1274.16,361.48,65.92,108.77,0.07901,-1,-1,-1
14,-1,73.95,303.12,105.14,452.42,0.07324,-1,-1,-1
14,-1,420.52,503.50,13.78,28.43,0.05073,-1,-1,-1
15,-1,1676.06,383.25,157.62,363.79,0.99925,-1,-1,-1
15,-1,0.22,228.10,194.63,685.55,0.99915,-1,-1,-1
15,-1,1287.39,539.74,43.09,120.93,0.99574,-1,-1,-1
15,-1,1803.81,442.13,59.18,177.62,0.99084,-1,-1,-1
15,-1,1860.85,360.37,59.05,304.88,0.97744,-1,-1,-1
15,-1,1316.07,462.64,60.98,197.30,0.97728,-1,-1,-1
15,-1,876.86,520.26,37.37,107.39,0.96425,-1,-1,-1
15,-1,300.66,458.85,71.33,242.21,0.94559,-1,-1,-1
15,-1,1346.91,479.12,48.88,178.67,0.94553,-1,-1,-1
15,-1,123.65,523.38,69.85,219.44,0.84133,-1,-1,-1
15,-1,291.02,457.72,66.75,125.35,0.40205,-1,-1,-1
15,-1,1735.97,416.43,115.57,283.79,0.33325,-1,-1,-1
15,-1,247.11,518.99,45.50,59.95,0.26976,-1,-1,-1
15,-1,864.84,524.07,23.32,93.45,0.26178,-1,-1,-1
15,-1,253.55,483.84,105.30,219.88,0.18095,-1,-1,-1
15,-1,972.01,555.73,37.64,45.20,0.12523,-1,-1,-1
15,-1,88.76,347.56,105.96,411.24,0.10183,-1,-1,-1
15,-1,1766.15,442.05,95.70,125.61,0.08474,-1,-1,-1
15,-1,1315.36,551.83,21.62,86.53,0.08395,-1,-1,-1
15,-1,245.62,521.46,47.80,167.71,0.07036,-1,-1,-1
15,-1,1861.23,392.46,35.72,198.76,0.06722,-1,-1,-1
15,-1,1270.70,360.94,68.05,111.38,0.05414,-1,-1,-1
15,-1,575.89,395.83,43.98,113.38,0.05189,-1,-1,-1
16,-1,0.43,236.71,196.67,670.62,0.99927,-1,-1,-1
16,-1,1674.33,382.17,159.48,363.61,0.99885,-1,-1,-1
16,-1,1288.87,538.38,42.31,122.39,0.99233,-1,-1,-1
16,-1,1805.16,443.71,60.10,177.20,0.98882,-1,-1,-1
16,-1,1316.71,463.63,65.09,196.45,0.98420,-1,-1,-1
16,-1,1863.12,349.81,56.88,326.99,0.98403,-1,-1,-1
16,-1,877.59,518.72,37.14,109.12,0.96912,-1,-1,-1
16,-1,1340.78,479.07,55.72,180.04,0.96117,-1,-1,-1
16,-1,297.97,455.93,79.52,245.89,0.95475,-1,-1,-1
16,-1,124.67,527.14,69.88,211.63,0.64732,-1,-1,-1
16,-1,326.22,516.82,55.86,179.06,0.38885,-1,-1,-1
16,-1,1749.30,423.37,102.87,264.36,0.36007,-1,-1,-1
16,-1,247.71,519.10,44.94,59.98,0.22238,-1,-1,-1
16,-1,116.79,402.62,86.33,347.40,0.20243,-1,-1,-1
16,-1,256.22,455.66,95.62,251.67,0.17494,-1,-1,-1
16,-1,1860.44,375.96,40.30,226.98,0.16520,-1,-1,-1
16,-1,1358.02,494.87,34.69,143.95,0.16193,-1,-1,-1
16,-1,282.82,454.31,77.13,150.65,0.12203,-1,-1,-1
16,-1,866.15,522.45,21.75,93.53,0.11963,-1,-1,-1
16,-1,1314.31,550.70,24.04,94.43,0.10834,-1,-1,-1
16,-1,1743.65,388.31,68.02,107.15,0.10271,-1,-1,-1
16,-1,971.85,553.42,38.27,47.66,0.10063,-1,-1,-1
16,-1,575.32,395.04,44.57,114.24,0.09788,-1,-1,-1
16,-1,1864.25,436.56,25.86,137.14,0.07150,-1,-1,-1
16,-1,248.01,531.31,31.08,43.13,0.07054,-1,-1,-1
16,-1,245.31,512.14,49.00,174.18,0.06844,-1,-1,-1
16,-1,420.80,502.91,13.48,28.91,0.06027,-1,-1,-1
16,-1,1275.90,360.67,61.64,116.11,0.05666,-1,-1,-1
16,-1,1800.13,443.71,60.56,88.15,0.05435,-1,-1,-1
17,-1,0.34,235.50,197.08,677.62,0.99948,-1,-1,-1
17,-1,1670.85,382.02,163.39,358.96,0.99905,-1,-1,-1
17,-1,1291.04,538.50,41.34,121.80,0.99329,-1,-1,-1
17,-1,1807.38,440.01,59.68,180.02,0.98708,-1,-1,-1
17,-1,1321.19,463.69,75.02,202.01,0.98599,-1,-1,-1
17,-1,1862.22,347.85,57.78,330.53,0.98488,-1,-1,-1
17,-1,308.31,457.70,81.14,239.06,0.96783,-1,-1,-1
17,-1,877.91,518.67,36.88,110.27,0.96273,-1,-1,-1
17,-1,122.66,462.93,73.99,275.14,0.56116,-1,-1,-1
17,-1,1746.06,422.24,106.24,264.90,0.40252,-1,-1,-1
17,-1,282.53,451.20,78.20,249.64,0.36816,-1,-1,-1
17,-1,1357.20,492.55,38.67,154.52,0.27061,-1,-1,-1
17,-1,1302.42,465.04,65.66,200.09,0.21232,-1,-1,-1
17,-1,247.93,521.00,43.19,57.99,0.19837,-1,-1,-1
17,-1,1810.99,445.48,50.86,101.18,0.15650,-1,-1,-1
17,-1,1314.42,546.67,22.91,99.54,0.13688,-1,-1,-1
17,-1,575.50,393.10,44.68,114.54,0.09391,-1,-1,-1
17,-1,971.94,554.72,37.80,46.39,0.08951,-1,-1,-1
17,-1,103.99,343.92,100.34,417.72,0.08270,-1,-1,-1
17,-1,1275.21,360.59,62.62,117.05,0.07336,-1,-1,-1
17,-1,874.02,518.84,22.07,102.22,0.06540,-1,-1,-1
17,-1,1740.66,385.83,73.36,112.92,0.06332,-1,-1,-1
17,-1,246.62,518.64,50.00,170.20,0.05410,-1,-1,-1
17,-1,313.16,455.02,51.97,185.12,0.05368,-1,-1,-1
17,-1,420.94,502.72,13.41,29.40,0.05304,-1,-1,-1
17,-1,251.04,472.83,87.40,233.80,0.05050,-1,-1,-1
18,-1,0.10,238.37,200.93,667.19,0.99968,-1,-1,-1
18,-1,1666.28,380.68,163.20,363.78,0.99892,-1,-1,-1
18,-1,1293.20,540.01,43.11,120.24,0.99519,-1,-1,-1
18,-1,1862.05,333.97,57.95,377.65,0.99131,-1,-1,-1
18,-1,1808.74,445.92,60.40,173.25,0.98802,-1,-1,-1
18,-1,1323.65,464.85,71.19,199.27,0.98717,-1,-1,-1
18,-1,881.48,520.18,33.28,108.33,0.97240,-1,-1,-1
18,-1,309.27,461.76,86.74,241.05,0.97013,-1,-1,-1
18,-1,1351.70,484.15,50.69,175.21,0.87126,-1,-1,-1
18,-1,247.58,521.74,40.83,56.32,0.35870,-1,-1,-1
18,-1,128.86,477.27,70.35,265.12,0.33280,-1,-1,-1
18,-1,1752.17,425.12,97.21,267.67,0.31191,-1,-1,-1
18,-1,267.73,466.50,100.30,236.97,0.19294,-1,-1,-1
18,-1,1313.17,548.32,29.17,104.97,0.18254,-1,-1,-1
18,-1,1314.38,491.73,52.24,165.64,0.17471,-1,-1,-1
18,-1,244.74,522.44,54.23,102.59,0.10840,-1,-1,-1
18,-1,420.85,503.41,16.21,27.65,0.07934,-1,-1,-1
18,-1,313.19,460.13,53.99,185.00,0.07828,-1,-1,-1
18,-1,1272.37,360.81,66.99,107.09,0.07538,-1,-1,-1
18,-1,574.63,395.16,45.39,110.85,0.07072,-1,-1,-1
18,-1,972.21,556.33,37.66,44.80,0.06844,-1,-1,-1
18,-1,346.78,536.00,56.59,152.16,0.06837,-1,-1,-1
18,-1,1650.38,490.07,27.94,97.21,0.06534,-1,-1,-1
18,-1,250.65,513.84,54.24,174.51,0.05864,-1,-1,-1
19,-1,0.13,241.43,213.91,665.60,0.99967,-1,-1,-1
19,-1,1661.34,379.93,165.36,367.41,0.99899,-1,-1,-1
19,-1,1859.51,328.66,60.49,407.03,0.99498,-1,-1,-1
19,-1,1294.17,538.93,43.95,121.95,0.99369,-1,-1,-1
19,-1,1324.99,465.55,70.70,196.50,0.98884,-1,-1,-1
19,-1,1808.44,447.42,63.49,170.82,0.98387,-1,-1,-1
19,-1,881.70,521.14,33.26,106.35,0.96000,-1,-1,-1
19,-1,307.48,465.25,93.86,238.50,0.95957,-1,-1,-1
19,-1,1352.16,483.86,52.15,169.47,0.78396,-1,-1,-1
19,-1,1769.86,441.10,99.04,214.77,0.36993,-1,-1,-1
19,-1,1741.72,421.49,98.02,286.69,0.30631,-1,-1,-1
19,-1,268.46,462.50,105.85,244.09,0.26787,-1,-1,-1
19,-1,247.27,520.69,44.30,57.53,0.19303,-1,-1,-1
19,-1,141.15,553.32,52.04,184.47,0.14421,-1,-1,-1
19,-1,1744.26,384.88,72.12,114.89,0.14320,-1,-1,-1
19,-1,1651.50,483.20,30.69,107.98,0.13015,-1,-1,-1
19,-1,139.42,457.08,67.53,288.67,0.09807,-1,-1,-1
19,-1,575.43,393.36,44.28,112.31,0.07775,-1,-1,-1
19,-1,1324.60,472.35,37.19,163.40,0.06345,-1,-1,-1
19,-1,419.87,507.25,12.63,24.11,0.06340,-1,-1,-1
19,-1,1822.95,449.14,27.88,22.24,0.05522,-1,-1,-1
19,-1,244.81,522.36,55.09,108.05,0.05396,-1,-1,-1
19,-1,1274.26,360.08,62.79,116.95,0.05362,-1,-1,-1
19,-1,1296.68,484.96,64.79,178.17,0.05055,-1,-1,-1
20,-1,0.00,242.02,229.98,661.02,0.99975,-1,-1,-1
20,-1,1652.45,378.47,164.92,368.54,0.99884,-1,-1,-1
20,-1,1857.46,329.84,62.54,413.94,0.99665,-1,-1,-1
20,-1,1295.73,538.49,45.59,122.35,0.99054,-1,-1,-1
20,-1,1326.11,463.95,69.74,198.32,0.98981,-1,-1,-1
20,-1,1806.00,449.90,62.04,172.03,0.98408,-1,-1,-1
20,-1,882.09,521.24,32.30,106.01,0.96294,-1,-1,-1
20,-1,299.99,464.21,98.14,239.30,0.94345,-1,-1,-1
20,-1,1350.09,482.34,58.64,175.08,0.88692,-1,-1,-1
20,-1,247.83,515.95,57.23,65.23,0.21151,-1,-1,-1
20,-1,1824.48,449.59,30.89,23.71,0.19432,-1,-1,-1
20,-1,261.00,455.38,106.94,248.05,0.19237,-1,-1,-1
20,-1,1304.71,482.35,68.18,184.45,0.15033,-1,-1,-1
20,-1,1744.04,427.58,93.33,271.27,0.15016,-1,-1,-1
20,-1,1769.16,440.39,90.70,207.19,0.09743,-1,-1,-1
20,-1,245.99,523.07,55.26,109.68,0.08759,-1,-1,-1
20,-1,420.74,505.92,14.18,26.15,0.06484,-1,-1,-1
20,-1,149.72,562.74,41.93,178.30,0.06283,-1,-1,-1
20,-1,1742.94,386.86,66.18,115.72,0.05830,-1,-1,-1
20,-1,1271.23,360.83,67.84,107.57,0.05501,-1,-1,-1
20,-1,247.78,527.91,36.15,49.68,0.05187,-1,-1,-1
20,-1,1327.97,470.46,41.15,161.74,0.05036,-1,-1,-1
21,-1,0.00,236.36,252.89,668.77,0.99975,-1,-1,-1
21,-1,1648.00,379.61,166.46,369.08,0.99895,-1,-1,-1
21,-1,1857.33,331.51,62.67,413.13,0.99520,-1,-1,-1
21,-1,1326.78,464.08,68.93,199.83,0.99248,-1,-1,-1
21,-1,1296.68,539.68,46.30,121.03,0.99119,-1,-1,-1
21,-1,881.85,520.38,32.72,107.27,0.97481,-1,-1,-1
21,-1,1804.99,448.32,64.00,173.88,0.97415,-1,-1,-1
21,-1,306.41,464.79,98.80,239.67,0.95782,-1,-1,-1
21,-1,248.23,516.96,45.81,60.45,0.60811,-1,-1,-1
21,-1,1356.77,478.63,55.60,172.14,0.44998,-1,-1,-1
21,-1,245.20,517.73,51.92,173.17,0.16526,-1,-1,-1
21,-1,1827.56,449.07,30.80,26.06,0.15167,-1,-1,-1
21,-1,264.46,468.48,111.46,236.38,0.13976,-1,-1,-1
21,-1,1728.62,412.24,105.67,305.97,0.13362,-1,-1,-1
21,-1,317.92,454.89,53.98,181.61,0.12656,-1,-1,-1
21,-1,1304.72,489.87,69.30,177.77,0.10396,-1,-1,-1
21,-1,12.24,618.72,57.43,169.24,0.09134,-1,-1,-1
21,-1,971.99,555.76,37.84,45.42,0.06781,-1,-1,-1
21,-1,574.97,395.48,44.98,111.01,0.05815,-1,-1,-1
21,-1,1757.62,444.95,102.18,206.70,0.05546,-1,-1,-1
22,-1,0.00,237.83,263.74,665.58,0.99978,-1,-1,-1
22,-1,1649.60,381.15,161.02,368.04,0.99875,-1,-1,-1
22,-1,1856.03,329.17,63.97,423.76,0.99416,-1,-1,-1
22,-1,1299.34,539.13,46.75,122.49,0.99388,-1,-1,-1
22,-1,1327.34,465.42,66.24,196.34,0.99177,-1,-1,-1
22,-1,1806.69,447.29,63.88,172.44,0.97149,-1,-1,-1
22,-1,879.73,519.57,35.13,107.59,0.96922,-1,-1,-1
22,-1,300.34,464.89,104.55,240.59,0.96584,-1,-1,-1
22,-1,1353.82,480.48,57.70,178.91,0.89187,-1,-1,-1
22,-1,247.35,517.02,46.46,59.00,0.73027,-1,-1,-1
22,-1,245.18,522.49,55.03,93.96,0.23619,-1,-1,-1
22,-1,269.39,469.17,99.66,237.96,0.23067,-1,-1,-1
22,-1,1728.63,413.73,107.40,300.74,0.16507,-1,-1,-1
22,-1,247.57,514.61,57.60,175.46,0.14643,-1,-1,-1
22,-1,323.11,459.47,60.58,175.14,0.10852,-1,-1,-1
22,-1,1301.42,496.22,66.07,172.41,0.09223,-1,-1,-1
22,-1,574.89,393.80,45.41,112.18,0.08931,-1,-1,-1
22,-1,1829.98,448.97,29.33,24.90,0.08267,-1,-1,-1
22,-1,1818.65,383.25,86.98,328.15,0.05315,-1,-1,-1
23,-1,0.00,249.90,273.07,659.23,0.99958,-1,-1,-1
23,-1,1648.91,382.76,156.90,371.10,0.99873,-1,-1,-1
23,-1,1301.43,539.12,46.14,122.95,0.99598,-1,-1,-1
23,-1,1853.44,326.58,66.56,431.07,0.99504,-1,-1,-1
23,-1,1328.92,464.15,64.53,198.37,0.99368,-1,-1,-1
23,-1,300.05,458.28,108.38,246.40,0.98300,-1,-1,-1
23,-1,1808.86,446.06,59.21,173.06,0.97753,-1,-1,-1
23,-1,882.89,520.18,31.72,110.75,0.97129,-1,-1,-1
23,-1,1352.71,475.62,57.00,183.56,0.90948,-1,-1,-1
23,-1,200.37,484.82,67.67,93.15,0.88243,-1,-1,-1
23,-1,218.11,485.70,47.97,62.85,0.56153,-1,-1,-1
23,-1,245.16,506.03,47.46,187.04,0.52831,-1,-1,-1
23,-1,248.46,513.99,45.45,60.73,0.50108,-1,-1,-1
23,-1,256.87,473.14,112.22,230.09,0.25904,-1,-1,-1
23,-1,228.07,487.34,61.83,74.01,0.25774,-1,-1,-1
23,-1,227.82,487.08,36.97,40.16,0.15657,-1,-1,-1
23,-1,1732.40,418.70,96.46,284.88,0.15239,-1,-1,-1
23,-1,574.72,393.05,45.57,113.99,0.14615,-1,-1,-1
23,-1,203.09,485.56,97.81,224.59,0.13684,-1,-1,-1
23,-1,1721.20,388.29,81.77,132.14,0.11219,-1,-1,-1
23,-1,1305.84,491.56,64.25,175.37,0.10470,-1,-1,-1
23,-1,1818.11,369.80,85.66,334.21,0.07497,-1,-1,-1
23,-1,14.90,617.93,72.68,169.36,0.07476,-1,-1,-1
23,-1,1834.24,449.22,22.78,20.94,0.05987,-1,-1,-1
23,-1,2.42,351.52,88.43,467.52,0.05503,-1,-1,-1
24,-1,0.00,238.91,291.26,669.21,0.99983,-1,-1,-1
24,-1,1644.37,383.41,154.27,372.21,0.99870,-1,-1,-1
24,-1,1302.80,538.82,45.72,121.42,0.99703,-1,-1,-1
24,-1,1849.51,327.93,70.49,430.05,0.99661,-1,-1,-1
24,-1,1329.02,463.31,64.74,198.49,0.99216,-1,-1,-1
24,-1,305.24,459.29,100.94,246.34,0.98771,-1,-1,-1
24,-1,883.17,519.38,31.98,112.82,0.97359,-1,-1,-1
24,-1,1811.73,446.28,55.99,173.49,0.97173,-1,-1,-1
24,-1,1354.69,473.33,55.98,184.78,0.91000,-1,-1,-1
24,-1,1718.16,389.94,79.37,124.14,0.19562,-1,-1,-1
24,-1,227.76,485.82,61.73,83.28,0.13118,-1,-1,-1
24,-1,1732.84,419.16,90.04,289.11,0.12805,-1,-1,-1
24,-1,1801.83,449.11,54.67,114.11,0.11108,-1,-1,-1
24,-1,342.36,503.74,71.11,197.11,0.09921,-1,-1,-1
24,-1,575.16,393.82,44.70,113.23,0.09249,-1,-1,-1
24,-1,1819.06,363.64,87.75,342.74,0.07488,-1,-1,-1
24,-1,1739.07,423.76,66.12,89.76,0.06998,-1,-1,-1
24,-1,1339.44,463.60,60.11,103.10,0.05734,-1,-1,-1
24,-1,1835.72,447.64,19.46,21.48,0.05210,-1,-1,-1
24,-1,1376.00,476.79,47.10,161.90,0.05084,-1,-1,-1
25,-1,0.78,235.44,327.28,685.90,0.99972,-1,-1,-1
25,-1,1637.69,382.06,161.20,374.78,0.99931,-1,-1,-1
25,-1,1304.48,538.70,44.73,122.52,0.99708,-1,-1,-1
25,-1,1833.05,337.97,86.95,430.20,0.99446,-1,-1,-1
25,-1,285.77,460.54,121.86,247.57,0.99019,-1,-1,-1
25,-1,1330.35,463.49,68.92,203.62,0.98635,-1,-1,-1
25,-1,885.21,520.42,29.42,114.40,0.96816,-1,-1,-1
25,-1,1817.43,438.64,54.40,182.37,0.79165,-1,-1,-1
25,-1,1362.20,475.19,52.04,173.80,0.75356,-1,-1,-1
25,-1,1318.75,482.66,53.87,181.47,0.26238,-1,-1,-1
25,-1,269.55,479.54,73.16,216.06,0.24831,-1,-1,-1
25,-1,253.67,499.30,73.40,80.38,0.18323,-1,-1,-1
25,-1,3.44,536.09,103.27,202.30,0.17341,-1,-1,-1
25,-1,247.84,501.61,52.16,195.66,0.16266,-1,-1,-1
25,-1,1713.23,385.38,74.00,121.83,0.11268,-1,-1,-1
25,-1,1737.75,425.80,65.22,295.53,0.09855,-1,-1,-1
25,-1,575.03,393.57,45.33,110.98,0.07720,-1,-1,-1
25,-1,248.91,527.30,55.16,52.20,0.07703,-1,-1,-1
25,-1,236.77,467.03,89.09,238.87,0.07581,-1,-1,-1
25,-1,971.68,556.69,38.36,44.61,0.05757,-1,-1,-1
25,-1,1.58,341.26,113.47,419.84,0.05143,-1,-1,-1
25,-1,1840.02,368.19,54.87,259.87,0.05034,-1,-1,-1
26,-1,10.23,231.65,324.76,678.22,0.99976,-1,-1,-1
26,-1,1634.03,383.08,159.13,376.30,0.99929,-1,-1,-1
26,-1,1305.66,538.35,44.71,122.15,0.99769,-1,-1,-1
26,-1,1834.37,336.08,85.63,432.54,0.99505,-1,-1,-1
26,-1,313.04,456.48,95.86,248.71,0.99194,-1,-1,-1
26,-1,1331.03,464.24,69.61,203.59,0.98542,-1,-1,-1
26,-1,885.58,520.25,29.10,115.30,0.96660,-1,-1,-1
26,-1,1361.65,475.00,52.73,176.73,0.75260,-1,-1,-1
26,-1,1823.65,432.23,47.90,187.85,0.41327,-1,-1,-1
26,-1,247.95,519.52,40.72,59.37,0.39918,-1,-1,-1
26,-1,1721.27,408.69,93.80,329.97,0.37780,-1,-1,-1
26,-1,1721.58,391.18,66.92,120.18,0.33046,-1,-1,-1
26,-1,246.38,517.54,54.90,179.17,0.31185,-1,-1,-1
26,-1,283.52,495.62,55.30,191.01,0.29905,-1,-1,-1
26,-1,247.90,509.34,78.73,70.65,0.22222,-1,-1,-1
26,-1,55.26,605.39,56.10,140.83,0.15558,-1,-1,-1
26,-1,1709.36,343.71,195.63,415.92,0.12136,-1,-1,-1
26,-1,1836.45,358.88,63.83,279.55,0.11953,-1,-1,-1
26,-1,23.11,573.24,85.41,175.84,0.10960,-1,-1,-1
26,-1,575.33,394.91,44.46,111.41,0.10796,-1,-1,-1
26,-1,0.96,481.14,103.37,293.35,0.09583,-1,-1,-1
26,-1,972.02,556.40,38.30,44.96,0.07554,-1,-1,-1
26,-1,1355.21,472.09,57.94,94.37,0.07403,-1,-1,-1
26,-1,4.55,300.17,157.88,547.19,0.06976,-1,-1,-1
26,-1,1332.64,465.96,47.26,129.47,0.05323,-1,-1,-1
26,-1,1727.00,409.66,65.94,200.88,0.05211,-1,-1,-1
26,-1,16.57,540.38,191.30,358.57,0.05183,-1,-1,-1
27,-1,11.70,230.96,341.00,680.76,0.99970,-1,-1,-1
27,-1,1626.40,381.62,174.13,378.35,0.99911,-1,-1,-1
27,-1,1306.74,538.17,43.93,123.39,0.99798,-1,-1,-1
27,-1,1831.88,331.29,88.12,435.87,0.99611,-1,-1,-1
27,-1,313.39,459.01,96.62,248.71,0.99044,-1,-1,-1
27,-1,1331.14,464.91,70.18,202.51,0.98798,-1,-1,-1
27,-1,887.85,520.15,28.17,113.07,0.97168,-1,-1,-1
27,-1,1362.15,474.93,52.70,174.04,0.71662,-1,-1,-1
27,-1,1324.51,477.87,45.61,182.66,0.41530,-1,-1,-1
27,-1,1723.72,393.25,64.97,124.01,0.38142,-1,-1,-1
27,-1,1716.39,411.33,94.82,320.28,0.36313,-1,-1,-1
27,-1,243.44,518.87,59.47,180.55,0.35032,-1,-1,-1
27,-1,310.22,487.36,47.95,90.71,0.33263,-1,-1,-1
27,-1,245.51,522.34,43.77,57.44,0.30220,-1,-1,-1
27,-1,1829.49,426.09,38.63,194.56,0.29136,-1,-1,-1
27,-1,309.50,487.48,49.46,191.02,0.22850,-1,-1,-1
27,-1,268.31,487.46,96.04,215.69,0.16487,-1,-1,-1
27,-1,8.40,559.26,103.32,195.76,0.13506,-1,-1,-1
27,-1,63.44,609.76,48.67,139.38,0.13154,-1,-1,-1
27,-1,14.30,420.35,235.81,479.25,0.12232,-1,-1,-1
27,-1,258.19,508.23,69.82,187.19,0.11791,-1,-1,-1
27,-1,1722.93,408.12,70.07,203.71,0.10909,-1,-1,-1
27,-1,971.70,558.01,38.78,42.99,0.09869,-1,-1,-1
27,-1,337.87,460.04,20.74,30.72,0.09287,-1,-1,-1
27,-1,1355.36,470.88,57.41,94.18,0.08161,-1,-1,-1
27,-1,413.83,497.60,19.39,36.03,0.07756,-1,-1,-1
27,-1,339.97,459.45,23.88,19.75,0.06255,-1,-1,-1
27,-1,403.44,498.19,16.43,34.31,0.05665,-1,-1,-1
27,-1,334.83,462.10,14.97,29.57,0.05340,-1,-1,-1
27,-1,575.63,393.90,43.66,112.37,0.05131,-1,-1,-1
27,-1,1742.02,344.42,169.39,418.88,0.05037,-1,-1,-1
28,-1,11.63,236.82,353.05,667.25,0.99960,-1,-1,-1
28,-1,1629.23,379.40,160.23,384.72,0.99860,-1,-1,-1
28,-1,1833.04,326.59,86.27,439.16,0.99729,-1,-1,-1
28,-1,1307.26,537.18,43.85,125.18,0.99605,-1,-1,-1
28,-1,1332.00,464.41,72.08,203.94,0.99247,-1,-1,-1
28,-1,316.90,465.16,93.59,240.78,0.98564,-1,-1,-1
28,-1,887.93,518.23,29.77,117.46,0.97483,-1,-1,-1
28,-1,1361.55,473.35,52.91,183.43,0.81966,-1,-1,-1
28,-1,245.27,516.23,47.16,63.76,0.59541,-1,-1,-1
28,-1,1720.57,416.59,90.27,316.66,0.56946,-1,-1,-1
28,-1,1326.38,471.41,44.42,193.09,0.53712,-1,-1,-1
28,-1,248.23,517.70,50.48,173.13,0.44489,-1,-1,-1
28,-1,1724.60,400.62,67.63,115.00,0.27793,-1,-1,-1
28,-1,351.45,468.07,60.17,178.15,0.18655,-1,-1,-1
28,-1,248.02,530.12,31.52,46.75,0.18218,-1,-1,-1
28,-1,343.32,459.35,63.11,112.94,0.17079,-1,-1,-1
28,-1,971.66,555.80,38.65,45.69,0.10339,-1,-1,-1
28,-1,1616.79,414.31,29.83,184.88,0.09744,-1,-1,-1
28,-1,1357.22,471.58,56.61,94.46,0.09373,-1,-1,-1
28,-1,59.32,567.48,55.43,182.65,0.07993,-1,-1,-1
28,-1,575.88,393.38,43.50,114.26,0.07280,-1,-1,-1
28,-1,1726.97,404.19,46.99,61.42,0.06595,-1,-1,-1
28,-1,1625.42,451.69,37.79,148.54,0.05485,-1,-1,-1
28,-1,1838.95,485.86,24.23,129.96,0.05129,-1,-1,-1
29,-1,14.37,235.64,375.78,666.42,0.99969,-1,-1,-1
29,-1,1631.09,373.61,157.93,391.91,0.99884,-1,-1,-1
29,-1,1830.00,323.74,88.80,440.66,0.99815,-1,-1,-1
29,-1,1307.85,536.45,43.72,126.41,0.99524,-1,-1,-1
29,-1,315.61,484.40,101.04,220.37,0.99434,-1,-1,-1
29,-1,1331.70,464.81,71.41,202.90,0.98951,-1,-1,-1
29,-1,888.58,518.07,29.51,117.03,0.94162,-1,-1,-1
29,-1,1361.23,473.46,54.16,186.76,0.90939,-1,-1,-1
29,-1,252.21,517.23,38.93,61.00,0.61198,-1,-1,-1
29,-1,252.53,519.70,50.05,158.19,0.33506,-1,-1,-1
29,-1,1706.68,410.03,100.74,316.78,0.29106,-1,-1,-1
29,-1,1312.50,482.04,60.58,185.30,0.14061,-1,-1,-1
29,-1,575.78,394.39,43.87,112.15,0.11697,-1,-1,-1
29,-1,1617.62,423.51,32.03,175.96,0.11397,-1,-1,-1
29,-1,26.95,545.15,80.24,216.06,0.08964,-1,-1,-1
29,-1,1622.38,475.84,22.41,117.21,0.08737,-1,-1,-1
29,-1,1330.77,467.69,53.81,134.12,0.08057,-1,-1,-1
29,-1,7.54,266.99,215.66,587.73,0.06883,-1,-1,-1
29,-1,60.34,600.51,48.25,148.57,0.05693,-1,-1,-1
29,-1,355.06,468.54,57.78,81.81,0.05455,-1,-1,-1
29,-1,1711.12,394.43,76.04,129.39,0.05166,-1,-1,-1
30,-1,16.76,231.93,391.96,668.07,0.99962,-1,-1,-1
30,-1,1629.04,374.24,156.78,389.25,0.99877,-1,-1,-1
30,-1,1821.79,327.63,97.33,436.87,0.99827,-1,-1,-1
30,-1,1308.28,537.22,44.19,125.50,0.99613,-1,-1,-1
30,-1,1333.13,464.80,71.18,203.26,0.99258,-1,-1,-1
30,-1,328.30,506.66,90.49,194.39,0.98389,-1,-1,-1
30,-1,1360.37,471.75,56.28,191.46,0.93008,-1,-1,-1
30,-1,889.46,518.06,29.20,112.24,0.77577,-1,-1,-1
30,-1,1328.78,472.92,43.45,192.95,0.62338,-1,-1,-1
30,-1,317.41,521.53,29.96,55.40,0.25906,-1,-1,-1
30,-1,1689.66,404.37,116.18,338.17,0.19196,-1,-1,-1
30,-1,266.50,518.12,27.05,55.93,0.15863,-1,-1,-1
30,-1,1813.10,538.58,28.26,70.94,0.15661,-1,-1,-1
30,-1,575.24,393.41,44.47,114.16,0.14659,-1,-1,-1
30,-1,1704.29,395.24,83.17,119.79,0.14306,-1,-1,-1
30,-1,50.19,557.01,62.26,203.24,0.09503,-1,-1,-1
30,-1,1358.24,471.79,56.98,96.54,0.08971,-1,-1,-1
30,-1,1715.59,405.81,52.96,54.06,0.08484,-1,-1,-1
30,-1,1616.03,414.06,33.28,182.54,0.08361,-1,-1,-1
30,-1,294.40,517.18,49.69,61.58,0.05310,-1,-1,-1
31,-1,19.53,229.26,399.92,664.66,0.99962,-1,-1,-1
31,-1,1628.82,373.64,154.83,387.73,0.99896,-1,-1,-1
31,-1,1817.75,326.67,101.52,438.82,0.99862,-1,-1,-1
31,-1,1309.86,536.78,42.75,126.08,0.99560,-1,-1,-1
31,-1,1333.05,465.11,72.76,202.29,0.99461,-1,-1,-1
31,-1,328.42,502.10,94.28,199.01,0.96875,-1,-1,-1
31,-1,1362.14,474.16,54.82,187.83,0.94834,-1,-1,-1
31,-1,887.87,515.65,31.16,117.54,0.87739,-1,-1,-1
31,-1,1323.27,479.06,43.52,186.22,0.56848,-1,-1,-1
31,-1,1714.51,405.31,48.23,49.71,0.18967,-1,-1,-1
31,-1,1693.89,409.66,110.95,316.23,0.18458,-1,-1,-1
31,-1,1815.49,532.60,32.13,77.95,0.14234,-1,-1,-1
31,-1,49.67,566.78,66.37,187.96,0.12100,-1,-1,-1
31,-1,575.37,393.30,44.22,113.92,0.11071,-1,-1,-1
31,-1,1617.14,416.86,33.60,180.88,0.10676,-1,-1,-1
31,-1,1708.73,399.85,74.34,106.25,0.10526,-1,-1,-1
31,-1,78.12,400.68,267.01,487.55,0.09993,-1,-1,-1
31,-1,1721.35,406.71,25.56,28.45,0.06805,-1,-1,-1
31,-1,291.63,394.68,130.72,308.69,0.06654,-1,-1,-1
31,-1,1358.22,469.66,56.86,92.90,0.06582,-1,-1,-1
31,-1,118.61,580.29,41.73,171.30,0.06167,-1,-1,-1
31,-1,1655.98,380.89,29.49,60.84,0.05490,-1,-1,-1
32,-1,9.41,237.85,418.58,656.63,0.99966,-1,-1,-1
32,-1,1627.44,374.48,157.28,388.97,0.99922,-1,-1,-1
32,-1,1815.39,321.89,104.10,443.29,0.99920,-1,-1,-1
32,-1,1310.43,535.95,43.88,126.99,0.99522,-1,-1,-1
32,-1,1333.18,466.98,76.31,200.75,0.99254,-1,-1,-1
32,-1,327.24,497.06,95.70,201.42,0.96807,-1,-1,-1
32,-1,889.33,516.52,32.12,115.24,0.87846,-1,-1,-1
32,-1,1364.42,477.94,52.04,178.98,0.70203,-1,-1,-1
32,-1,1712.38,404.82,51.00,50.40,0.14772,-1,-1,-1
32,-1,404.08,562.79,17.00,40.32,0.14633,-1,-1,-1
32,-1,403.77,559.60,25.25,100.79,0.10742,-1,-1,-1
32,-1,1705.66,410.76,75.83,138.18,0.10217,-1,-1,-1
32,-1,575.87,392.89,43.63,115.98,0.08843,-1,-1,-1
32,-1,1818.31,529.46,27.12,80.41,0.08542,-1,-1,-1
32,-1,1702.97,416.49,86.74,232.27,0.07586,-1,-1,-1
32,-1,119.09,562.03,43.40,183.20,0.05988,-1,-1,-1
32,-1,1356.82,469.60,58.31,96.89,0.05569,-1,-1,-1
32,-1,1617.15,415.60,34.50,183.72,0.05543,-1,-1,-1
32,-1,1271.90,359.53,65.74,115.14,0.05307,-1,-1,-1
33,-1,12.53,230.70,415.96,660.88,0.99971,-1,-1,-1
33,-1,1810.58,315.09,107.54,453.17,0.99940,-1,-1,-1
33,-1,1626.83,373.98,160.80,390.34,0.99937,-1,-1,-1
33,-1,1333.50,466.16,79.46,201.55,0.99390,-1,-1,-1
33,-1,1311.61,537.64,44.47,124.08,0.98969,-1,-1,-1
33,-1,330.19,461.48,95.46,239.72,0.72503,-1,-1,-1
33,-1,891.67,520.54,28.28,114.40,0.57299,-1,-1,-1
33,-1,1369.02,477.75,50.45,166.86,0.37253,-1,-1,-1
33,-1,349.76,534.62,64.08,165.30,0.28474,-1,-1,-1
33,-1,121.55,556.77,49.79,198.50,0.27330,-1,-1,-1
33,-1,404.54,563.67,24.12,97.54,0.21255,-1,-1,-1
33,-1,294.25,451.25,50.03,135.30,0.17760,-1,-1,-1
33,-1,261.81,644.88,29.38,55.58,0.14357,-1,-1,-1
33,-1,575.98,394.36,43.59,113.20,0.12990,-1,-1,-1
33,-1,10.09,340.09,244.08,522.18,0.12692,-1,-1,-1
33,-1,1698.32,396.73,75.11,110.33,0.10311,-1,-1,-1
33,-1,399.84,503.77,42.73,156.16,0.09382,-1,-1,-1
33,-1,1821.64,532.49,22.80,77.74,0.07231,-1,-1,-1
33,-1,52.76,548.64,67.30,206.14,0.07200,-1,-1,-1
33,-1,1704.13,415.96,75.40,150.12,0.06941,-1,-1,-1
33,-1,405.66,565.02,19.91,57.29,0.06847,-1,-1,-1
33,-1,94.04,552.07,69.09,289.03,0.06516,-1,-1,-1
33,-1,378.91,509.18,49.52,187.35,0.06219,-1,-1,-1
33,-1,1612.32,352.05,32.25,250.03,0.06000,-1,-1,-1
33,-1,88.09,444.36,291.31,432.98,0.05831,-1,-1,-1
33,-1,1698.97,425.67,90.72,245.30,0.05828,-1,-1,-1
33,-1,1709.78,405.36,48.81,46.07,0.05206,-1,-1,-1
34,-1,5.87,237.21,433.10,663.27,0.99950,-1,-1,-1
34,-1,1812.37,303.86,106.75,462.99,0.99903,-1,-1,-1
34,-1,1625.40,373.86,161.18,388.07,0.99901,-1,-1,-1
34,-1,1334.78,465.60,78.28,200.58,0.99455,-1,-1,-1
34,-1,1312.35,538.23,44.13,124.30,0.98951,-1,-1,-1
34,-1,120.80,555.30,55.21,189.18,0.63686,-1,-1,-1
34,-1,339.51,500.58,79.22,201.36,0.58917,-1,-1,-1
34,-1,1369.14,476.49,50.44,167.53,0.44309,-1,-1,-1
34,-1,891.89,522.48,27.67,111.45,0.43757,-1,-1,-1
34,-1,1332.23,468.14,45.93,184.75,0.35524,-1,-1,-1
34,-1,302.87,446.79,42.75,140.76,0.30132,-1,-1,-1
34,-1,263.29,645.03,27.98,53.78,0.28987,-1,-1,-1
34,-1,406.34,569.36,24.01,88.68,0.26551,-1,-1,-1
34,-1,1696.76,395.81,73.31,107.18,0.20408,-1,-1,-1
34,-1,54.42,567.54,59.53,184.03,0.20188,-1,-1,-1
34,-1,408.31,569.09,20.92,49.50,0.17225,-1,-1,-1
34,-1,396.54,501.64,46.03,171.72,0.16230,-1,-1,-1
34,-1,373.40,513.43,56.35,185.73,0.13751,-1,-1,-1
34,-1,1617.10,421.76,28.34,175.19,0.12589,-1,-1,-1
34,-1,310.05,406.53,121.35,285.46,0.11652,-1,-1,-1
34,-1,418.43,568.44,35.49,85.65,0.10651,-1,-1,-1
34,-1,575.11,393.64,44.29,113.90,0.08978,-1,-1,-1
34,-1,93.56,498.64,79.75,325.38,0.08328,-1,-1,-1
34,-1,8.43,302.14,244.98,521.83,0.08318,-1,-1,-1
34,-1,1635.53,377.80,141.41,178.56,0.07916,-1,-1,-1
34,-1,1705.34,403.70,53.41,50.20,0.07237,-1,-1,-1
34,-1,413.15,507.48,45.10,154.49,0.05998,-1,-1,-1
34,-1,101.18,440.50,301.45,441.53,0.05089,-1,-1,-1
35,-1,16.86,245.86,452.60,653.48,0.99969,-1,-1,-1
35,-1,1621.54,365.27,164.52,401.86,0.99910,-1,-1,-1
35,-1,1805.97,301.42,113.28,466.69,0.99902,-1,-1,-1
35,-1,1335.26,464.48,78.98,200.13,0.99505,-1,-1,-1
35,-1,1313.34,536.13,44.57,125.59,0.98679,-1,-1,-1
35,-1,341.30,485.04,83.26,217.38,0.62336,-1,-1,-1
35,-1,893.35,525.36,27.02,105.96,0.59056,-1,-1,-1
35,-1,259.54,630.24,34.54,67.49,0.47252,-1,-1,-1
35,-1,1370.13,483.03,49.85,156.97,0.43411,-1,-1,-1
35,-1,121.60,548.39,61.35,196.29,0.36084,-1,-1,-1
35,-1,1672.78,338.25,167.27,432.76,0.22671,-1,-1,-1
35,-1,1315.46,494.36,73.25,168.20,0.21896,-1,-1,-1
35,-1,321.04,448.12,39.59,161.61,0.18948,-1,-1,-1
35,-1,1617.97,416.54,30.39,183.87,0.14769,-1,-1,-1
35,-1,1690.23,390.32,73.73,109.24,0.14125,-1,-1,-1
35,-1,1335.43,468.89,43.65,172.88,0.11168,-1,-1,-1
35,-1,411.51,564.97,43.17,81.90,0.11122,-1,-1,-1
35,-1,1630.65,376.57,139.22,187.05,0.10719,-1,-1,-1
35,-1,315.35,368.40,108.02,336.94,0.09826,-1,-1,-1
35,-1,1706.91,408.15,51.14,55.04,0.09180,-1,-1,-1
35,-1,575.85,394.59,43.90,112.32,0.08667,-1,-1,-1
35,-1,58.19,557.40,66.13,191.54,0.07878,-1,-1,-1
35,-1,11.56,343.96,274.03,515.95,0.07525,-1,-1,-1
35,-1,86.37,515.10,92.41,297.19,0.07285,-1,-1,-1
35,-1,1620.25,454.24,19.25,139.54,0.06310,-1,-1,-1
35,-1,1618.34,426.44,20.91,64.41,0.05413,-1,-1,-1
35,-1,1657.47,376.98,101.72,100.39,0.05205,-1,-1,-1
36,-1,14.47,242.50,451.02,647.03,0.99971,-1,-1,-1
36,-1,1798.35,311.74,120.41,452.26,0.99951,-1,-1,-1
36,-1,1626.97,373.10,140.29,392.93,0.99849,-1,-1,-1
36,-1,1336.19,466.07,79.05,200.73,0.99548,-1,-1,-1
36,-1,1314.57,536.19,44.86,124.84,0.99041,-1,-1,-1
36,-1,342.06,478.15,86.74,216.09,0.60306,-1,-1,-1
36,-1,121.70,539.39,64.87,203.32,0.54712,-1,-1,-1
36,-1,891.39,522.36,32.21,108.05,0.49704,-1,-1,-1
36,-1,262.89,631.68,32.95,66.60,0.36287,-1,-1,-1
36,-1,0.00,356.21,21.81,52.71,0.26829,-1,-1,-1
36,-1,1373.16,481.79,48.17,163.31,0.25638,-1,-1,-1
36,-1,327.08,469.37,39.83,134.37,0.22301,-1,-1,-1
36,-1,56.65,553.79,62.48,195.21,0.16021,-1,-1,-1
36,-1,1629.56,377.56,135.80,185.71,0.12061,-1,-1,-1
36,-1,1336.10,468.31,43.31,170.35,0.11935,-1,-1,-1
36,-1,86.54,490.45,98.61,316.12,0.11180,-1,-1,-1
36,-1,15.32,453.10,154.16,317.43,0.09557,-1,-1,-1
36,-1,1702.67,329.73,161.19,445.36,0.09362,-1,-1,-1
36,-1,1617.85,415.34,30.76,186.94,0.08838,-1,-1,-1
36,-1,314.93,355.62,112.04,342.70,0.08466,-1,-1,-1
36,-1,1684.03,391.65,79.08,110.57,0.08150,-1,-1,-1
36,-1,575.52,395.51,43.78,112.27,0.07111,-1,-1,-1
36,-1,1798.98,406.69,35.62,181.81,0.05768,-1,-1,-1
36,-1,1704.40,410.72,53.08,52.81,0.05726,-1,-1,-1
37,-1,11.01,244.02,462.21,650.76,0.99954,-1,-1,-1
37,-1,1792.41,302.55,127.15,465.79,0.99944,-1,-1,-1
37,-1,1622.67,366.27,146.29,402.29,0.99833,-1,-1,-1
37,-1,1336.25,466.45,81.40,199.48,0.99591,-1,-1,-1
37,-1,1315.01,536.06,44.28,125.46,0.99105,-1,-1,-1
37,-1,339.40,470.78,80.78,193.67,0.71103,-1,-1,-1
37,-1,118.01,485.92,70.47,262.54,0.71025,-1,-1,-1
37,-1,1324.63,481.63,50.52,182.98,0.59940,-1,-1,-1
37,-1,1372.54,485.87,48.14,153.99,0.41140,-1,-1,-1
37,-1,894.21,526.70,25.86,101.96,0.27423,-1,-1,-1
37,-1,260.39,644.34,34.13,54.43,0.23925,-1,-1,-1
37,-1,0.00,356.07,38.80,40.19,0.22141,-1,-1,-1
37,-1,16.30,351.38,204.08,447.59,0.11061,-1,-1,-1
37,-1,575.90,393.83,43.54,112.04,0.10264,-1,-1,-1
37,-1,1717.70,326.69,158.43,448.69,0.08392,-1,-1,-1
37,-1,1626.93,378.14,135.46,192.89,0.07998,-1,-1,-1
37,-1,331.38,358.29,105.97,298.85,0.07354,-1,-1,-1
37,-1,1681.94,385.52,75.79,110.37,0.06700,-1,-1,-1
37,-1,1706.74,413.02,49.35,50.37,0.06003,-1,-1,-1
37,-1,48.94,478.51,139.85,277.15,0.05628,-1,-1,-1
37,-1,339.46,466.48,49.70,157.41,0.05422,-1,-1,-1
38,-1,17.97,262.52,475.50,633.40,0.99964,-1,-1,-1
38,-1,1789.99,302.56,129.29,465.37,0.99937,-1,-1,-1
38,-1,1621.21,365.26,143.60,403.44,0.99802,-1,-1,-1
38,-1,1338.19,465.72,80.06,199.84,0.99584,-1,-1,-1
38,-1,1315.72,537.73,45.75,123.78,0.98961,-1,-1,-1
38,-1,117.14,501.34,74.54,241.71,0.88525,-1,-1,-1
38,-1,1671.38,398.16,122.29,350.93,0.48881,-1,-1,-1
38,-1,1373.74,484.56,47.65,161.52,0.43405,-1,-1,-1
38,-1,894.52,526.87,26.64,101.03,0.26706,-1,-1,-1
38,-1,1337.94,469.68,43.68,176.26,0.24625,-1,-1,-1
38,-1,5.61,535.29,102.89,226.66,0.20183,-1,-1,-1
38,-1,6.50,366.84,67.08,65.82,0.16326,-1,-1,-1
38,-1,52.31,578.66,58.66,169.22,0.15873,-1,-1,-1
38,-1,361.94,402.36,73.79,273.88,0.13854,-1,-1,-1
38,-1,172.92,498.36,53.51,167.54,0.13207,-1,-1,-1
38,-1,576.03,394.40,43.48,111.80,0.09306,-1,-1,-1
38,-1,1727.71,320.39,158.31,457.83,0.08243,-1,-1,-1
38,-1,442.31,492.36,23.82,51.90,0.07109,-1,-1,-1
38,-1,39.43,434.58,178.51,378.36,0.06792,-1,-1,-1
38,-1,1618.85,448.43,17.28,151.70,0.05393,-1,-1,-1
39,-1,47.30,263.68,453.17,633.07,0.99970,-1,-1,-1
39,-1,1790.65,301.39,128.62,469.18,0.99944,-1,-1,-1
39,-1,1620.56,365.28,149.53,405.19,0.99779,-1,-1,-1
39,-1,1338.05,467.96,81.00,197.35,0.99566,-1,-1,-1
39,-1,1316.42,537.44,45.23,124.31,0.98794,-1,-1,-1
39,-1,119.90,520.92,68.06,220.52,0.92055,-1,-1,-1
39,-1,1375.24,488.29,48.11,163.35,0.50460,-1,-1,-1
39,-1,85.33,422.15,114.27,336.97,0.32171,-1,-1,-1
39,-1,43.26,565.82,66.94,186.74,0.28565,-1,-1,-1
39,-1,62.85,348.36,143.81,102.11,0.25958,-1,-1,-1
39,-1,8.84,525.23,97.64,217.58,0.16055,-1,-1,-1
39,-1,894.28,526.88,28.26,103.71,0.15319,-1,-1,-1
39,-1,1335.96,468.30,45.81,175.61,0.12305,-1,-1,-1
39,-1,1707.15,320.31,164.52,460.07,0.08685,-1,-1,-1
39,-1,1610.18,337.55,30.86,151.29,0.08456,-1,-1,-1
39,-1,575.77,394.06,43.63,113.13,0.07606,-1,-1,-1
40,-1,1789.95,301.54,129.50,472.80,0.99947,-1,-1,-1
40,-1,75.47,259.33,424.41,638.31,0.99946,-1,-1,-1
40,-1,1619.55,368.27,148.32,408.77,0.99825,-1,-1,-1
40,-1,1338.96,466.39,81.11,198.15,0.99637,-1,-1,-1
40,-1,1317.47,538.35,47.12,124.07,0.98880,-1,-1,-1
40,-1,118.14,499.55,70.65,248.34,0.92777,-1,-1,-1
40,-1,1373.10,483.07,50.12,175.02,0.66581,-1,-1,-1
40,-1,19.95,580.10,93.66,168.80,0.33169,-1,-1,-1
40,-1,1335.78,472.85,51.52,159.49,0.19843,-1,-1,-1
40,-1,1669.62,405.72,125.82,316.82,0.17406,-1,-1,-1
40,-1,56.82,407.90,155.85,395.61,0.10688,-1,-1,-1
40,-1,575.45,394.70,43.98,110.54,0.10056,-1,-1,-1
40,-1,144.60,477.36,38.26,57.49,0.08804,-1,-1,-1
40,-1,1721.24,319.05,162.43,465.54,0.07994,-1,-1,-1
40,-1,21.45,379.65,133.43,417.62,0.07387,-1,-1,-1
40,-1,4.94,442.10,104.95,292.55,0.06473,-1,-1,-1
40,-1,897.14,525.33,25.68,106.46,0.06279,-1,-1,-1
40,-1,1271.33,362.32,65.43,104.99,0.05009,-1,-1,-1
41,-1,94.94,260.84,411.66,630.51,0.99952,-1,-1,-1
41,-1,1792.33,305.53,127.47,466.22,0.99950,-1,-1,-1
41,-1,1623.67,371.63,146.74,407.82,0.99846,-1,-1,-1
41,-1,1339.33,467.87,81.30,196.54,0.99556,-1,-1,-1
41,-1,1317.29,537.96,46.40,126.40,0.97674,-1,-1,-1
41,-1,115.27,482.01,80.10,266.19,0.84465,-1,-1,-1
41,-1,100.30,358.17,66.31,63.15,0.31344,-1,-1,-1
41,-1,1374.94,484.22,48.74,157.19,0.30720,-1,-1,-1
41,-1,1336.17,469.96,52.09,168.62,0.30126,-1,-1,-1
41,-1,44.39,566.80,67.16,185.22,0.22660,-1,-1,-1
41,-1,230.93,443.82,49.27,197.51,0.16522,-1,-1,-1
41,-1,73.03,355.32,112.98,74.91,0.16034,-1,-1,-1
41,-1,575.07,394.83,44.36,110.87,0.10673,-1,-1,-1
41,-1,63.28,536.00,124.26,220.67,0.09896,-1,-1,-1
41,-1,51.13,386.22,177.82,427.19,0.09044,-1,-1,-1
41,-1,1721.59,322.58,162.53,460.61,0.08779,-1,-1,-1
41,-1,411.56,475.71,45.57,197.06,0.06695,-1,-1,-1
41,-1,895.81,527.01,28.12,100.30,0.06464,-1,-1,-1
41,-1,105.36,351.44,114.27,73.31,0.05680,-1,-1,-1
42,-1,146.77,260.45,373.70,633.23,0.99963,-1,-1,-1
42,-1,1786.64,310.32,133.36,467.07,0.99958,-1,-1,-1
42,-1,1619.67,373.98,146.26,404.93,0.99734,-1,-1,-1
42,-1,1340.04,468.69,80.40,195.91,0.99556,-1,-1,-1
42,-1,1316.76,538.29,48.89,126.32,0.98101,-1,-1,-1
42,-1,120.14,509.48,71.05,230.77,0.89493,-1,-1,-1
42,-1,242.22,459.04,50.75,236.73,0.77403,-1,-1,-1
42,-1,95.28,369.27,106.13,419.87,0.66607,-1,-1,-1
42,-1,1337.54,476.19,48.72,173.45,0.46629,-1,-1,-1
42,-1,1374.93,484.07,48.22,157.00,0.27433,-1,-1,-1
42,-1,16.11,588.08,95.49,141.41,0.27287,-1,-1,-1
42,-1,1673.42,407.36,119.93,321.67,0.10413,-1,-1,-1
42,-1,105.57,353.21,91.74,72.81,0.07778,-1,-1,-1
42,-1,223.42,433.11,93.26,275.43,0.07282,-1,-1,-1
42,-1,33.66,367.05,198.88,449.78,0.06586,-1,-1,-1
42,-1,58.17,530.19,120.86,228.22,0.06468,-1,-1,-1
42,-1,55.11,563.70,61.62,182.18,0.05658,-1,-1,-1
42,-1,575.82,395.68,43.21,111.26,0.05156,-1,-1,-1
42,-1,1008.47,550.30,34.23,93.02,0.05023,-1,-1,-1
43,-1,204.65,239.58,300.35,646.25,0.99971,-1,-1,-1
43,-1,1787.47,304.36,132.52,469.93,0.99930,-1,-1,-1
43,-1,1614.31,371.51,147.62,406.22,0.99878,-1,-1,-1
43,-1,1340.78,467.70,79.72,197.08,0.99487,-1,-1,-1
43,-1,1317.09,537.94,49.97,126.07,0.98460,-1,-1,-1
43,-1,117.49,486.42,86.52,254.04,0.93196,-1,-1,-1
43,-1,150.41,470.91,95.88,257.83,0.41852,-1,-1,-1
43,-1,102.37,355.31,110.53,137.58,0.33442,-1,-1,-1
43,-1,1336.23,474.08,51.13,168.46,0.32296,-1,-1,-1
43,-1,1374.85,483.11,48.18,160.10,0.23502,-1,-1,-1
43,-1,2.88,541.39,86.85,230.88,0.22574,-1,-1,-1
43,-1,43.81,564.90,71.16,183.93,0.21305,-1,-1,-1
43,-1,174.42,469.65,64.38,66.14,0.20227,-1,-1,-1
43,-1,66.60,435.11,166.21,372.22,0.13305,-1,-1,-1
43,-1,148.79,475.69,35.32,60.05,0.11029,-1,-1,-1
43,-1,252.36,442.18,60.95,146.58,0.10124,-1,-1,-1
43,-1,31.87,522.21,80.04,172.34,0.10042,-1,-1,-1
43,-1,61.09,505.94,126.56,251.64,0.09548,-1,-1,-1
43,-1,1005.53,504.78,40.08,142.40,0.07209,-1,-1,-1
43,-1,575.71,396.90,43.10,115.42,0.06835,-1,-1,-1
43,-1,162.08,470.88,79.44,112.32,0.06191,-1,-1,-1
43,-1,188.95,488.11,53.85,44.21,0.05332,-1,-1,-1
43,-1,153.65,469.38,61.91,67.16,0.05245,-1,-1,-1
44,-1,238.67,237.73,282.32,635.89,0.99969,-1,-1,-1
44,-1,1784.76,312.97,135.24,468.30,0.99962,-1,-1,-1
44,-1,1610.01,367.26,153.95,411.64,0.99918,-1,-1,-1
44,-1,1341.18,467.90,79.24,197.07,0.99414,-1,-1,-1
44,-1,1317.58,538.99,49.33,124.71,0.98709,-1,-1,-1
44,-1,122.51,513.85,68.34,226.49,0.88569,-1,-1,-1
44,-1,1327.08,501.90,53.75,159.53,0.73332,-1,-1,-1
44,-1,1005.12,506.18,40.73,148.23,0.32991,-1,-1,-1
44,-1,32.91,571.90,77.69,178.52,0.30422,-1,-1,-1
44,-1,1370.07,485.56,48.23,159.17,0.30214,-1,-1,-1
44,-1,61.84,529.62,114.54,222.32,0.14460,-1,-1,-1
44,-1,80.38,394.81,149.54,432.46,0.11422,-1,-1,-1
44,-1,980.61,518.89,62.18,187.51,0.09336,-1,-1,-1
44,-1,121.70,357.45,75.27,65.53,0.08916,-1,-1,-1
44,-1,575.49,396.41,43.81,119.05,0.08814,-1,-1,-1
44,-1,14.97,587.65,85.08,98.86,0.07584,-1,-1,-1
45,-1,1783.89,313.26,136.11,471.99,0.99967,-1,-1,-1
45,-1,286.76,247.18,239.23,621.45,0.99947,-1,-1,-1
45,-1,1606.18,357.08,167.46,424.89,0.99910,-1,-1,-1
45,-1,1340.23,465.22,81.22,199.94,0.99477,-1,-1,-1
45,-1,1317.92,538.52,50.02,125.40,0.98812,-1,-1,-1
45,-1,123.22,522.58,68.56,217.38,0.95053,-1,-1,-1
45,-1,240.23,454.96,63.32,121.52,0.85773,-1,-1,-1
45,-1,1329.13,497.84,54.58,164.16,0.82121,-1,-1,-1
45,-1,242.58,446.10,58.45,251.39,0.79117,-1,-1,-1
45,-1,43.34,573.78,65.54,179.01,0.60118,-1,-1,-1
45,-1,287.09,524.43,46.17,45.82,0.36652,-1,-1,-1
45,-1,6.99,539.38,90.36,238.25,0.30401,-1,-1,-1
45,-1,1008.54,511.08,34.50,130.80,0.23058,-1,-1,-1
45,-1,1375.24,482.75,49.95,160.96,0.21390,-1,-1,-1
45,-1,60.34,536.12,115.26,219.64,0.18068,-1,-1,-1
45,-1,167.13,472.93,66.92,102.12,0.14890,-1,-1,-1
45,-1,184.77,529.03,42.67,48.76,0.14180,-1,-1,-1
45,-1,155.09,473.15,90.93,256.03,0.11199,-1,-1,-1
45,-1,575.65,392.73,44.37,120.11,0.10492,-1,-1,-1
45,-1,87.39,441.06,154.00,385.58,0.08538,-1,-1,-1
45,-1,274.41,526.53,62.92,91.96,0.07944,-1,-1,-1
45,-1,162.17,465.63,56.96,71.11,0.07927,-1,-1,-1
45,-1,38.06,563.67,74.10,102.29,0.07819,-1,-1,-1
45,-1,17.10,586.04,82.00,107.00,0.07041,-1,-1,-1
45,-1,1638.80,367.33,130.99,195.27,0.06721,-1,-1,-1
45,-1,181.11,452.22,110.66,136.78,0.05958,-1,-1,-1
46,-1,1785.03,310.58,134.97,476.62,0.99963,-1,-1,-1
46,-1,291.78,257.21,244.71,607.64,0.99926,-1,-1,-1
46,-1,1601.98,355.32,170.76,426.22,0.99914,-1,-1,-1
46,-1,1341.07,467.09,80.92,197.79,0.99462,-1,-1,-1
46,-1,1317.77,538.04,50.02,125.93,0.98847,-1,-1,-1
46,-1,124.19,525.76,67.62,211.84,0.92710,-1,-1,-1
46,-1,240.11,457.08,63.58,122.42,0.91237,-1,-1,-1
46,-1,237.81,459.81,65.41,233.51,0.82043,-1,-1,-1
46,-1,1331.75,489.87,54.12,174.30,0.61296,-1,-1,-1
46,-1,39.52,562.50,69.79,188.42,0.47786,-1,-1,-1
46,-1,510.99,500.36,37.87,74.28,0.34563,-1,-1,-1
46,-1,359.25,590.30,47.11,118.34,0.33022,-1,-1,-1
46,-1,1370.05,483.76,49.18,160.64,0.27923,-1,-1,-1
46,-1,129.54,470.09,101.75,259.61,0.24426,-1,-1,-1
46,-1,7.89,532.37,91.99,249.94,0.22179,-1,-1,-1
46,-1,249.99,457.16,103.27,229.27,0.14424,-1,-1,-1
46,-1,168.08,469.98,68.05,103.40,0.11730,-1,-1,-1
46,-1,278.84,465.16,90.08,176.36,0.11428,-1,-1,-1
46,-1,88.42,432.34,145.59,391.81,0.10181,-1,-1,-1
46,-1,51.33,531.71,120.40,227.50,0.09496,-1,-1,-1
46,-1,575.50,398.32,44.42,114.38,0.07217,-1,-1,-1
46,-1,1340.78,545.97,37.45,112.65,0.05988,-1,-1,-1
46,-1,1005.45,506.01,39.18,154.96,0.05757,-1,-1,-1
46,-1,181.24,453.28,108.98,138.34,0.05284,-1,-1,-1
46,-1,277.81,451.08,43.02,66.12,0.05086,-1,-1,-1
47,-1,1784.12,306.34,135.87,481.03,0.99960,-1,-1,-1
47,-1,317.82,258.75,213.80,605.40,0.99921,-1,-1,-1
47,-1,1595.77,356.74,176.54,426.28,0.99902,-1,-1,-1
47,-1,1342.00,468.23,79.75,196.43,0.99392,-1,-1,-1
47,-1,1317.76,538.02,50.15,125.83,0.98643,-1,-1,-1
47,-1,239.83,457.48,66.19,119.18,0.92396,-1,-1,-1
47,-1,120.04,541.26,68.41,196.40,0.91936,-1,-1,-1
47,-1,238.34,461.73,67.66,225.95,0.82249,-1,-1,-1
47,-1,45.69,568.96,64.47,184.29,0.52536,-1,-1,-1
47,-1,1327.16,488.08,58.57,179.39,0.31576,-1,-1,-1
47,-1,1376.24,484.43,48.91,159.81,0.21834,-1,-1,-1
47,-1,359.90,579.34,46.84,128.48,0.19348,-1,-1,-1
47,-1,573.75,398.89,46.41,112.78,0.15354,-1,-1,-1
47,-1,521.11,491.56,38.43,70.08,0.14796,-1,-1,-1
47,-1,61.04,547.13,117.71,203.30,0.14062,-1,-1,-1
47,-1,283.30,453.80,63.85,190.96,0.09434,-1,-1,-1
47,-1,174.14,475.55,61.24,100.07,0.08627,-1,-1,-1
47,-1,13.11,548.79,87.09,231.25,0.08125,-1,-1,-1
47,-1,131.59,464.94,96.59,268.46,0.07390,-1,-1,-1
47,-1,1340.34,546.23,37.77,112.42,0.05264,-1,-1,-1
48,-1,333.58,258.94,224.52,604.04,0.99949,-1,-1,-1
48,-1,1785.69,291.95,133.97,488.90,0.99943,-1,-1,-1
48,-1,1589.82,361.67,171.56,414.76,0.99877,-1,-1,-1
48,-1,1341.67,468.22,80.92,196.55,0.99463,-1,-1,-1
48,-1,1317.59,537.64,50.56,125.96,0.98559,-1,-1,-1
48,-1,123.94,527.18,66.78,213.06,0.93138,-1,-1,-1
48,-1,241.72,458.14,63.88,115.83,0.90097,-1,-1,-1
48,-1,240.98,462.67,67.09,216.57,0.63609,-1,-1,-1
48,-1,1336.13,480.95,49.32,181.72,0.54439,-1,-1,-1
48,-1,49.42,576.01,62.98,174.27,0.40447,-1,-1,-1
48,-1,1375.57,485.11,50.81,160.24,0.23569,-1,-1,-1
48,-1,574.54,401.48,45.25,120.64,0.23088,-1,-1,-1
48,-1,541.32,479.61,33.46,79.47,0.17253,-1,-1,-1
48,-1,159.31,466.00,84.22,264.79,0.12720,-1,-1,-1
48,-1,362.28,582.58,46.40,124.95,0.12114,-1,-1,-1
48,-1,176.85,472.82,59.94,105.22,0.11447,-1,-1,-1
48,-1,21.84,551.89,76.47,217.02,0.11203,-1,-1,-1
48,-1,71.47,535.89,110.79,218.42,0.10731,-1,-1,-1
48,-1,297.97,459.18,41.78,110.50,0.07675,-1,-1,-1
48,-1,355.29,466.32,60.22,242.47,0.05305,-1,-1,-1
49,-1,1785.55,293.24,134.45,494.67,0.99948,-1,-1,-1
49,-1,336.13,253.15,249.51,608.42,0.99927,-1,-1,-1
49,-1,1583.18,354.64,188.54,430.57,0.99906,-1,-1,-1
49,-1,1342.17,468.70,80.26,195.82,0.99399,-1,-1,-1
49,-1,1317.10,536.86,51.55,126.68,0.98408,-1,-1,-1
49,-1,123.76,535.71,67.53,204.20,0.96145,-1,-1,-1
49,-1,241.97,461.12,63.95,221.71,0.89114,-1,-1,-1
49,-1,243.26,457.56,60.36,120.18,0.85207,-1,-1,-1
49,-1,363.41,577.86,53.50,130.43,0.55180,-1,-1,-1
49,-1,1331.59,489.52,52.09,171.55,0.54301,-1,-1,-1
49,-1,49.49,576.67,61.49,174.69,0.53689,-1,-1,-1
49,-1,337.15,464.80,84.90,241.53,0.24701,-1,-1,-1
49,-1,1375.84,485.38,50.97,162.75,0.20399,-1,-1,-1
49,-1,574.89,396.94,44.96,120.54,0.19901,-1,-1,-1
49,-1,72.94,547.35,112.22,203.41,0.19252,-1,-1,-1
49,-1,19.17,507.34,90.58,244.94,0.09863,-1,-1,-1
49,-1,1632.65,362.98,129.99,269.12,0.08515,-1,-1,-1
49,-1,556.23,474.94,33.46,81.54,0.08432,-1,-1,-1
49,-1,173.33,469.51,50.00,108.63,0.05591,-1,-1,-1
49,-1,345.76,307.94,111.59,418.73,0.05397,-1,-1,-1
50,-1,369.12,266.78,284.96,599.17,0.99974,-1,-1,-1
50,-1,1782.91,291.72,137.09,496.62,0.99952,-1,-1,-1
50,-1,1576.50,356.43,189.10,429.07,0.99911,-1,-1,-1
50,-1,1342.81,469.98,79.32,194.63,0.99402,-1,-1,-1
50,-1,1317.36,537.21,50.30,126.09,0.98755,-1,-1,-1
50,-1,340.06,437.96,96.23,268.25,0.93298,-1,-1,-1
50,-1,118.89,541.34,71.09,197.67,0.90040,-1,-1,-1
50,-1,242.80,458.02,60.37,118.25,0.89805,-1,-1,-1
50,-1,239.17,450.27,63.42,244.39,0.81350,-1,-1,-1
50,-1,43.71,566.85,67.25,182.45,0.50914,-1,-1,-1
50,-1,1329.51,482.93,58.07,184.37,0.46021,-1,-1,-1
50,-1,181.27,475.65,53.40,104.37,0.21383,-1,-1,-1
50,-1,25.51,505.64,87.48,209.82,0.20079,-1,-1,-1
50,-1,312.11,521.81,33.75,56.28,0.16237,-1,-1,-1
50,-1,335.98,447.34,74.28,183.64,0.16143,-1,-1,-1
50,-1,86.06,504.03,94.66,248.61,0.15858,-1,-1,-1
50,-1,1646.92,362.10,112.58,273.98,0.10096,-1,-1,-1
50,-1,1372.81,495.02,50.94,144.86,0.09837,-1,-1,-1
50,-1,575.15,402.35,44.70,162.41,0.08793,-1,-1,-1
50,-1,571.65,390.63,46.84,98.56,0.06314,-1,-1,-1
50,-1,15.36,564.32,76.09,204.57,0.05961,-1,-1,-1
50,-1,1271.40,361.41,64.34,112.49,0.05670,-1,-1,-1
50,-1,38.87,543.98,73.29,120.75,0.05504,-1,-1,-1
50,-1,129.68,553.60,65.08,103.20,0.05234,-1,-1,-1
51,-1,381.89,262.83,291.48,602.26,0.99974,-1,-1,-1
51,-1,1783.86,284.13,136.14,496.83,0.99954,-1,-1,-1
51,-1,1570.70,354.64,193.66,432.69,0.99923,-1,-1,-1
51,-1,1343.88,470.47,77.73,194.22,0.99335,-1,-1,-1
51,-1,1317.48,537.44,50.38,125.87,0.98892,-1,-1,-1
51,-1,350.80,437.50,91.65,265.27,0.97829,-1,-1,-1
51,-1,120.09,534.96,68.89,205.67,0.89478,-1,-1,-1
51,-1,242.05,456.03,60.22,235.48,0.88918,-1,-1,-1
51,-1,1333.76,489.99,50.65,170.36,0.57124,-1,-1,-1
51,-1,44.11,558.08,65.23,197.44,0.38152,-1,-1,-1
51,-1,176.22,483.47,56.35,90.26,0.28667,-1,-1,-1
51,-1,1377.28,486.54,48.36,161.94,0.27351,-1,-1,-1
51,-1,64.92,524.31,113.67,228.12,0.23671,-1,-1,-1
51,-1,1646.30,361.66,113.25,274.43,0.10357,-1,-1,-1
51,-1,570.17,394.81,47.81,104.93,0.09046,-1,-1,-1
51,-1,317.67,521.63,37.91,56.22,0.09004,-1,-1,-1
51,-1,366.53,353.73,106.78,352.15,0.08667,-1,-1,-1
51,-1,179.86,478.27,40.39,26.51,0.08597,-1,-1,-1
51,-1,1270.73,362.83,63.80,105.63,0.08444,-1,-1,-1
51,-1,11.22,524.15,89.30,256.41,0.07154,-1,-1,-1
51,-1,972.41,549.95,40.78,52.22,0.05530,-1,-1,-1
52,-1,383.54,271.53,315.14,587.58,0.99983,-1,-1,-1
52,-1,1783.25,285.84,136.75,503.00,0.99960,-1,-1,-1
52,-1,1567.87,357.49,191.82,431.80,0.99937,-1,-1,-1
52,-1,1343.08,470.75,77.92,194.16,0.99350,-1,-1,-1
52,-1,1317.93,536.80,49.20,126.77,0.97957,-1,-1,-1
52,-1,359.59,434.46,92.82,269.81,0.94064,-1,-1,-1
52,-1,125.48,522.57,68.34,217.71,0.91315,-1,-1,-1
52,-1,242.31,454.17,58.80,240.83,0.89763,-1,-1,-1
52,-1,242.61,457.59,59.21,121.26,0.82191,-1,-1,-1
52,-1,1325.97,497.25,56.93,165.90,0.73928,-1,-1,-1
52,-1,1374.03,487.78,50.50,163.87,0.65297,-1,-1,-1
52,-1,370.66,448.22,33.06,34.12,0.37192,-1,-1,-1
52,-1,181.74,477.28,39.85,27.43,0.22622,-1,-1,-1
52,-1,392.86,445.00,70.04,223.34,0.20841,-1,-1,-1
52,-1,572.68,390.14,46.76,95.36,0.18932,-1,-1,-1
52,-1,356.06,446.10,50.59,241.63,0.16831,-1,-1,-1
52,-1,359.91,460.45,25.31,63.46,0.15110,-1,-1,-1
52,-1,44.78,558.44,64.94,199.89,0.12020,-1,-1,-1
52,-1,356.56,447.10,48.95,123.32,0.11804,-1,-1,-1
52,-1,1653.31,375.17,118.91,365.90,0.06855,-1,-1,-1
52,-1,175.22,486.63,62.03,92.91,0.06105,-1,-1,-1
52,-1,28.00,501.69,88.01,194.15,0.06085,-1,-1,-1
52,-1,54.58,509.78,99.95,242.18,0.05899,-1,-1,-1
52,-1,975.72,526.61,51.66,124.17,0.05725,-1,-1,-1
52,-1,158.82,473.84,94.54,270.22,0.05545,-1,-1,-1
52,-1,370.33,455.92,22.69,32.77,0.05341,-1,-1,-1
52,-1,361.47,460.22,13.47,32.14,0.05232,-1,-1,-1
52,-1,32.69,463.81,183.52,326.05,0.05221,-1,-1,-1
52,-1,381.04,449.10,22.79,23.57,0.05172,-1,-1,-1
52,-1,365.55,459.05,19.05,32.34,0.05139,-1,-1,-1
52,-1,366.67,454.51,25.96,60.84,0.05017,-1,-1,-1
53,-1,379.06,274.28,340.09,592.80,0.99979,-1,-1,-1
53,-1,1780.54,284.16,139.46,507.11,0.99959,-1,-1,-1
53,-1,1565.81,356.27,191.79,431.68,0.99934,-1,-1,-1
53,-1,1343.91,471.05,77.33,193.35,0.99275,-1,-1,-1
53,-1,1317.79,537.13,49.18,126.55,0.98066,-1,-1,-1
53,-1,375.20,437.13,115.19,259.03,0.93888,-1,-1,-1
53,-1,120.43,525.57,70.91,215.71,0.89985,-1,-1,-1
53,-1,242.86,457.41,58.17,122.08,0.86310,-1,-1,-1
53,-1,240.46,453.98,60.19,241.96,0.85403,-1,-1,-1
53,-1,44.48,554.18,64.27,202.71,0.30789,-1,-1,-1
53,-1,372.08,453.06,35.68,57.48,0.30167,-1,-1,-1
53,-1,183.47,477.78,41.37,26.54,0.22849,-1,-1,-1
53,-1,437.87,400.61,42.59,93.34,0.17859,-1,-1,-1
53,-1,361.69,449.85,51.18,90.59,0.15550,-1,-1,-1
53,-1,176.77,477.61,57.97,102.14,0.11889,-1,-1,-1
53,-1,1373.27,495.64,50.47,144.44,0.11622,-1,-1,-1
53,-1,903.85,514.92,34.30,122.47,0.11487,-1,-1,-1
53,-1,361.98,443.44,55.87,225.01,0.10700,-1,-1,-1
53,-1,379.10,445.41,32.65,37.69,0.10164,-1,-1,-1
53,-1,417.86,441.53,65.17,220.37,0.09679,-1,-1,-1
53,-1,376.38,458.33,28.84,35.40,0.09536,-1,-1,-1
53,-1,577.52,381.48,47.71,106.52,0.07329,-1,-1,-1
53,-1,1272.07,363.35,63.32,106.60,0.07141,-1,-1,-1
53,-1,59.88,525.15,112.27,234.01,0.06609,-1,-1,-1
53,-1,976.59,529.30,50.94,179.33,0.06603,-1,-1,-1
53,-1,458.79,272.67,197.35,474.48,0.06161,-1,-1,-1
53,-1,436.10,433.94,39.19,53.11,0.06077,-1,-1,-1
53,-1,159.40,477.03,81.68,259.26,0.05875,-1,-1,-1
53,-1,1675.11,417.34,99.56,275.97,0.05453,-1,-1,-1
53,-1,406.43,336.05,122.13,364.66,0.05400,-1,-1,-1
54,-1,385.53,276.35,329.59,584.00,0.99964,-1,-1,-1
54,-1,1775.23,280.72,144.77,504.06,0.99958,-1,-1,-1
54,-1,1565.60,355.17,190.58,435.25,0.99942,-1,-1,-1
54,-1,1342.96,470.24,78.65,194.61,0.99404,-1,-1,-1
54,-1,1317.77,537.48,49.27,126.05,0.98196,-1,-1,-1
54,-1,380.23,433.32,121.15,268.50,0.92712,-1,-1,-1
54,-1,117.94,515.08,72.44,226.57,0.91045,-1,-1,-1
54,-1,242.21,455.67,56.96,236.93,0.90953,-1,-1,-1
54,-1,241.71,457.74,58.76,120.34,0.87241,-1,-1,-1
54,-1,362.45,451.52,56.88,248.53,0.79864,-1,-1,-1
54,-1,1374.50,487.85,50.28,164.93,0.75665,-1,-1,-1
54,-1,907.88,523.75,29.88,108.65,0.62077,-1,-1,-1
54,-1,361.85,451.01,53.56,89.68,0.46043,-1,-1,-1
54,-1,447.56,394.80,49.79,100.02,0.37277,-1,-1,-1
54,-1,377.29,451.86,37.04,51.27,0.31366,-1,-1,-1
54,-1,45.62,551.75,63.67,204.81,0.29540,-1,-1,-1
54,-1,442.75,413.75,62.81,230.23,0.18268,-1,-1,-1
54,-1,187.52,475.31,39.98,28.11,0.13022,-1,-1,-1
54,-1,361.80,460.59,24.37,55.28,0.12764,-1,-1,-1
54,-1,1639.39,371.00,133.07,368.80,0.08289,-1,-1,-1
54,-1,487.16,278.63,192.27,438.47,0.06447,-1,-1,-1
54,-1,364.28,458.28,18.38,35.95,0.06042,-1,-1,-1
54,-1,368.91,458.19,33.47,53.96,0.05594,-1,-1,-1
54,-1,1270.62,361.78,65.25,106.36,0.05462,-1,-1,-1
54,-1,187.78,449.81,46.03,59.74,0.05020,-1,-1,-1
54,-1,181.11,463.83,54.88,118.93,0.05020,-1,-1,-1
54,-1,66.45,517.02,113.15,245.03,0.05005,-1,-1,-1
55,-1,1770.28,285.09,149.72,515.51,0.99962,-1,-1,-1
55,-1,403.13,278.49,316.43,587.11,0.99943,-1,-1,-1
55,-1,1565.19,357.14,188.01,432.37,0.99939,-1,-1,-1
55,-1,1342.72,469.75,80.26,195.25,0.99506,-1,-1,-1
55,-1,359.39,444.94,113.30,260.11,0.98583,-1,-1,-1
55,-1,1317.91,537.20,48.24,126.55,0.98208,-1,-1,-1
55,-1,124.63,504.17,71.66,234.64,0.92818,-1,-1,-1
55,-1,240.49,457.38,58.35,232.95,0.87867,-1,-1,-1
55,-1,907.99,521.67,30.06,106.02,0.79855,-1,-1,-1
55,-1,225.76,455.12,73.84,128.41,0.48552,-1,-1,-1
55,-1,186.65,471.87,50.40,112.27,0.47623,-1,-1,-1
55,-1,414.04,444.00,99.42,251.54,0.42301,-1,-1,-1
55,-1,496.50,279.96,186.24,474.81,0.40512,-1,-1,-1
55,-1,52.86,574.12,58.43,175.84,0.25403,-1,-1,-1
55,-1,197.21,462.56,37.42,41.04,0.13408,-1,-1,-1
55,-1,970.37,529.19,51.61,161.57,0.12852,-1,-1,-1
55,-1,367.93,363.81,247.58,372.58,0.10908,-1,-1,-1
55,-1,1638.89,369.56,126.80,354.02,0.10681,-1,-1,-1
55,-1,28.85,501.71,84.10,207.98,0.09985,-1,-1,-1
55,-1,24.17,560.73,76.91,203.50,0.09125,-1,-1,-1
55,-1,1373.30,493.10,50.74,146.56,0.06049,-1,-1,-1
55,-1,1270.70,361.27,65.11,111.33,0.05181,-1,-1,-1
56,-1,1764.66,283.11,153.59,511.65,0.99965,-1,-1,-1
56,-1,416.82,273.41,301.70,589.01,0.99932,-1,-1,-1
56,-1,1563.29,357.54,187.15,434.99,0.99925,-1,-1,-1
56,-1,1342.91,470.18,79.10,195.00,0.99412,-1,-1,-1
56,-1,365.78,443.86,112.04,263.49,0.99173,-1,-1,-1
56,-1,1317.93,537.55,47.59,126.11,0.98316,-1,-1,-1
56,-1,907.16,521.23,30.12,106.57,0.94513,-1,-1,-1
56,-1,119.93,531.77,74.07,208.92,0.90201,-1,-1,-1
56,-1,240.50,454.86,58.88,127.61,0.87183,-1,-1,-1
56,-1,236.33,452.93,61.34,241.58,0.79688,-1,-1,-1
56,-1,52.90,574.75,57.84,173.02,0.54578,-1,-1,-1
56,-1,973.91,538.03,48.24,137.78,0.33232,-1,-1,-1
56,-1,187.54,479.36,49.67,103.17,0.30277,-1,-1,-1
56,-1,29.69,545.06,71.49,214.23,0.17688,-1,-1,-1
56,-1,1634.85,388.85,120.09,333.40,0.15156,-1,-1,-1
56,-1,646.45,525.08,45.72,49.40,0.07210,-1,-1,-1
56,-1,1272.47,362.00,62.08,111.45,0.06697,-1,-1,-1
56,-1,39.50,502.44,74.01,172.12,0.06659,-1,-1,-1
56,-1,1324.23,495.15,68.39,160.15,0.06042,-1,-1,-1
56,-1,1374.14,491.52,49.74,148.19,0.05493,-1,-1,-1
56,-1,516.23,277.36,158.77,498.47,0.05471,-1,-1,-1
56,-1,81.36,476.82,111.49,281.56,0.05250,-1,-1,-1
57,-1,1763.37,289.66,154.34,516.74,0.99964,-1,-1,-1
57,-1,437.95,266.15,275.74,591.30,0.99912,-1,-1,-1
57,-1,1558.63,361.14,186.95,438.93,0.99907,-1,-1,-1
57,-1,1342.30,470.29,80.12,194.67,0.99492,-1,-1,-1
57,-1,364.25,438.72,116.58,269.50,0.99394,-1,-1,-1
57,-1,1317.97,537.71,46.77,126.07,0.98485,-1,-1,-1
57,-1,906.85,523.97,32.22,103.63,0.96789,-1,-1,-1
57,-1,240.32,459.83,59.23,226.80,0.91659,-1,-1,-1
57,-1,125.77,514.84,76.54,227.37,0.88101,-1,-1,-1
57,-1,51.87,570.08,59.51,181.33,0.60704,-1,-1,-1
57,-1,975.89,545.33,42.07,95.77,0.40617,-1,-1,-1
57,-1,240.99,455.91,62.94,120.40,0.28258,-1,-1,-1
57,-1,542.41,272.52,136.01,535.64,0.18088,-1,-1,-1
57,-1,982.45,514.06,57.87,144.26,0.11241,-1,-1,-1
57,-1,21.26,547.69,77.05,210.79,0.09370,-1,-1,-1
57,-1,1373.74,492.36,50.33,147.22,0.06743,-1,-1,-1
57,-1,1275.00,362.22,58.81,105.54,0.06708,-1,-1,-1
57,-1,1624.84,319.06,208.76,483.94,0.05825,-1,-1,-1
57,-1,1652.35,401.09,112.33,301.01,0.05565,-1,-1,-1
57,-1,188.51,486.46,48.35,92.93,0.05276,-1,-1,-1
57,-1,47.60,534.81,110.76,224.91,0.05205,-1,-1,-1
58,-1,1760.17,289.54,157.63,518.63,0.99949,-1,-1,-1
58,-1,1551.86,354.43,187.21,444.92,0.99931,-1,-1,-1
58,-1,482.32,255.66,233.44,585.81,0.99922,-1,-1,-1
58,-1,367.30,448.65,115.89,260.37,0.99563,-1,-1,-1
58,-1,1342.13,469.49,80.56,195.39,0.99534,-1,-1,-1
58,-1,1318.17,538.67,46.73,124.75,0.98748,-1,-1,-1
58,-1,905.05,520.81,35.96,109.52,0.97791,-1,-1,-1
58,-1,239.65,457.79,58.83,120.11,0.89481,-1,-1,-1
58,-1,119.69,538.41,74.98,201.61,0.88836,-1,-1,-1
58,-1,977.60,547.68,36.85,91.32,0.62156,-1,-1,-1
58,-1,51.73,571.47,59.35,179.88,0.51542,-1,-1,-1
58,-1,237.62,458.55,61.49,243.09,0.50952,-1,-1,-1
58,-1,649.45,288.59,41.46,210.86,0.22158,-1,-1,-1
58,-1,985.34,519.99,48.77,124.92,0.21423,-1,-1,-1
58,-1,1273.70,362.01,61.10,108.80,0.08757,-1,-1,-1
58,-1,663.17,346.02,29.20,130.34,0.06244,-1,-1,-1
58,-1,1373.10,489.10,50.99,150.02,0.06188,-1,-1,-1
58,-1,16.13,547.77,65.43,234.43,0.06144,-1,-1,-1
58,-1,918.30,526.38,27.64,93.16,0.05711,-1,-1,-1
58,-1,32.06,511.75,79.32,208.20,0.05597,-1,-1,-1
58,-1,123.86,493.39,118.39,244.22,0.05520,-1,-1,-1
59,-1,1756.65,293.39,160.66,514.09,0.99953,-1,-1,-1
59,-1,1542.21,356.85,192.86,446.82,0.99919,-1,-1,-1
59,-1,521.67,267.15,214.39,581.55,0.99887,-1,-1,-1
59,-1,366.79,452.25,117.86,256.29,0.99746,-1,-1,-1
59,-1,1342.58,469.96,81.07,194.88,0.99512,-1,-1,-1
59,-1,1318.25,539.20,46.39,123.89,0.98926,-1,-1,-1
59,-1,905.26,523.16,36.12,106.39,0.97917,-1,-1,-1
59,-1,121.69,515.31,76.65,223.71,0.88671,-1,-1,-1
59,-1,240.68,457.30,55.96,122.39,0.87403,-1,-1,-1
59,-1,977.18,536.41,41.33,102.79,0.73279,-1,-1,-1
59,-1,239.30,453.35,56.15,244.86,0.67922,-1,-1,-1
59,-1,47.80,562.78,63.78,190.70,0.65114,-1,-1,-1
59,-1,991.36,511.19,47.20,130.41,0.19265,-1,-1,-1
59,-1,11.23,523.04,86.86,249.05,0.17363,-1,-1,-1
59,-1,142.03,474.62,101.42,263.14,0.17153,-1,-1,-1
59,-1,1622.72,374.05,117.45,389.57,0.15901,-1,-1,-1
59,-1,1272.95,361.51,61.78,110.68,0.12686,-1,-1,-1
59,-1,37.67,531.83,115.07,228.99,0.11358,-1,-1,-1
59,-1,1372.51,487.38,51.71,153.34,0.07495,-1,-1,-1
59,-1,653.89,273.22,43.62,185.90,0.06831,-1,-1,-1
59,-1,17.63,581.61,55.60,201.92,0.05467,-1,-1,-1
59,-1,1650.69,412.30,77.91,123.69,0.05326,-1,-1,-1
60,-1,1754.77,294.30,162.78,515.34,0.99946,-1,-1,-1
60,-1,568.70,263.64,209.81,572.30,0.99940,-1,-1,-1
60,-1,1539.22,350.96,197.90,451.94,0.99863,-1,-1,-1
60,-1,366.60,446.10,116.51,262.76,0.99761,-1,-1,-1
60,-1,1342.33,468.85,80.35,195.92,0.99485,-1,-1,-1
60,-1,1318.35,538.75,45.46,124.46,0.98908,-1,-1,-1
60,-1,904.55,519.47,38.25,108.14,0.98874,-1,-1,-1
60,-1,121.14,544.98,70.44,193.33,0.83498,-1,-1,-1
60,-1,241.17,467.71,55.33,108.21,0.82112,-1,-1,-1
60,-1,1336.39,481.06,52.60,178.58,0.77776,-1,-1,-1
60,-1,972.07,534.29,44.31,93.76,0.68623,-1,-1,-1
60,-1,239.87,473.14,56.71,215.56,0.67852,-1,-1,-1
60,-1,51.20,565.79,60.07,187.24,0.64381,-1,-1,-1
60,-1,1602.24,353.37,131.42,243.73,0.27508,-1,-1,-1
60,-1,115.28,489.75,118.93,247.66,0.12770,-1,-1,-1
60,-1,11.86,527.42,84.06,242.95,0.10789,-1,-1,-1
60,-1,38.57,539.12,117.02,220.18,0.10229,-1,-1,-1
60,-1,533.19,397.91,96.23,310.36,0.09309,-1,-1,-1
60,-1,584.38,659.74,142.73,177.99,0.08925,-1,-1,-1
60,-1,1373.20,489.70,50.60,151.41,0.08398,-1,-1,-1
60,-1,1275.02,360.29,59.63,110.53,0.07390,-1,-1,-1
60,-1,1628.52,398.22,115.82,284.37,0.06799,-1,-1,-1
61,-1,1754.27,293.13,164.95,515.61,0.99958,-1,-1,-1
61,-1,571.43,273.73,242.97,556.81,0.99957,-1,-1,-1
61,-1,1529.15,349.74,199.21,448.39,0.99914,-1,-1,-1
61,-1,357.02,439.47,125.38,268.20,0.99797,-1,-1,-1
61,-1,1342.21,468.27,80.51,196.22,0.99468,-1,-1,-1
61,-1,1318.33,538.60,45.29,124.60,0.98834,-1,-1,-1
61,-1,903.18,520.22,39.88,107.12,0.98647,-1,-1,-1
61,-1,122.03,543.59,69.57,194.67,0.86472,-1,-1,-1
61,-1,243.26,472.71,51.54,99.28,0.82635,-1,-1,-1
61,-1,49.75,562.64,62.25,192.14,0.60942,-1,-1,-1
61,-1,1599.92,351.62,132.34,232.17,0.37116,-1,-1,-1
61,-1,240.30,467.41,59.71,231.32,0.28798,-1,-1,-1
61,-1,968.39,528.99,52.75,100.87,0.27359,-1,-1,-1
61,-1,102.39,447.63,96.80,309.86,0.13195,-1,-1,-1
61,-1,18.20,555.89,75.69,213.23,0.10910,-1,-1,-1
61,-1,1629.04,382.78,117.33,312.14,0.10807,-1,-1,-1
61,-1,41.53,477.01,87.30,278.52,0.09952,-1,-1,-1
61,-1,1373.48,489.08,50.31,150.59,0.08152,-1,-1,-1
61,-1,1274.08,359.77,60.87,108.20,0.06223,-1,-1,-1
61,-1,1751.93,386.05,40.49,215.31,0.05821,-1,-1,-1
61,-1,409.89,451.76,14.04,33.64,0.05620,-1,-1,-1
62,-1,590.19,265.36,240.58,579.45,0.99969,-1,-1,-1
62,-1,1748.85,290.51,170.67,523.09,0.99962,-1,-1,-1
62,-1,1520.72,350.03,202.63,448.95,0.99934,-1,-1,-1
62,-1,375.77,443.55,108.78,265.91,0.99800,-1,-1,-1
62,-1,1342.23,467.49,81.19,196.77,0.99514,-1,-1,-1
62,-1,1318.06,538.38,45.59,124.68,0.98907,-1,-1,-1
62,-1,902.71,520.83,40.23,107.32,0.98833,-1,-1,-1
62,-1,122.54,544.53,70.72,193.78,0.81091,-1,-1,-1
62,-1,50.30,560.94,61.91,193.05,0.66010,-1,-1,-1
62,-1,241.76,469.11,53.21,230.38,0.59922,-1,-1,-1
62,-1,243.48,474.04,50.25,103.26,0.57158,-1,-1,-1
62,-1,988.95,520.35,47.75,120.10,0.43160,-1,-1,-1
62,-1,964.20,527.77,64.04,102.51,0.31875,-1,-1,-1
62,-1,1601.36,355.46,133.75,376.41,0.25778,-1,-1,-1
62,-1,1744.72,388.75,44.68,220.71,0.16757,-1,-1,-1
62,-1,15.24,545.05,75.86,227.51,0.12326,-1,-1,-1
62,-1,1372.59,490.45,51.36,150.33,0.10235,-1,-1,-1
62,-1,36.70,532.24,113.57,228.64,0.09874,-1,-1,-1
62,-1,435.79,465.25,46.45,236.25,0.08015,-1,-1,-1
62,-1,1273.90,360.61,60.64,106.85,0.07871,-1,-1,-1
62,-1,1596.86,352.84,120.20,142.81,0.05106,-1,-1,-1
63,-1,587.99,264.48,273.24,573.24,0.99975,-1,-1,-1
63,-1,1742.87,288.14,177.13,530.47,0.99953,-1,-1,-1
63,-1,1510.72,350.64,199.68,448.78,0.99922,-1,-1,-1
63,-1,387.19,438.07,98.38,273.44,0.99780,-1,-1,-1
63,-1,1342.05,468.08,80.42,196.29,0.99502,-1,-1,-1
63,-1,1317.94,538.98,45.95,123.92,0.99030,-1,-1,-1
63,-1,903.67,518.28,39.33,108.15,0.96964,-1,-1,-1
63,-1,126.27,525.91,76.40,215.27,0.85451,-1,-1,-1
63,-1,242.85,475.79,46.03,103.35,0.59475,-1,-1,-1
63,-1,48.03,517.50,64.21,235.57,0.54102,-1,-1,-1
63,-1,959.41,514.05,72.35,117.12,0.42580,-1,-1,-1
63,-1,1602.68,363.64,132.31,365.92,0.34990,-1,-1,-1
63,-1,242.84,475.20,46.23,228.84,0.29400,-1,-1,-1
63,-1,1736.31,395.67,47.10,216.49,0.16970,-1,-1,-1
63,-1,1873.01,381.62,46.99,408.19,0.16657,-1,-1,-1
63,-1,1373.25,488.52,50.79,152.96,0.09232,-1,-1,-1
63,-1,1275.31,360.69,59.12,105.73,0.05722,-1,-1,-1
63,-1,1830.12,314.22,89.11,476.31,0.05518,-1,-1,-1
63,-1,433.34,448.05,53.84,247.23,0.05331,-1,-1,-1
64,-1,611.93,267.48,261.47,569.80,0.99977,-1,-1,-1
64,-1,1743.60,278.37,175.06,542.37,0.99956,-1,-1,-1
64,-1,1509.28,354.39,195.65,447.32,0.99921,-1,-1,-1
64,-1,395.49,438.66,93.00,272.47,0.99847,-1,-1,-1
64,-1,1342.15,467.75,80.46,196.70,0.99563,-1,-1,-1
64,-1,1317.57,538.81,45.34,124.13,0.99108,-1,-1,-1
64,-1,903.88,518.57,41.14,108.30,0.97214,-1,-1,-1
64,-1,959.82,502.75,63.88,134.47,0.84617,-1,-1,-1
64,-1,122.94,544.86,70.65,194.03,0.82545,-1,-1,-1
64,-1,47.49,539.96,64.66,213.96,0.60650,-1,-1,-1
64,-1,238.79,468.32,55.99,233.45,0.48103,-1,-1,-1
64,-1,242.25,474.60,50.49,105.27,0.46906,-1,-1,-1
64,-1,1875.53,385.53,44.30,406.76,0.44555,-1,-1,-1
64,-1,1607.77,364.01,99.30,141.38,0.32275,-1,-1,-1
64,-1,1377.98,486.44,48.67,160.16,0.29813,-1,-1,-1
64,-1,574.76,389.71,45.50,115.21,0.29547,-1,-1,-1
64,-1,1601.35,380.50,128.57,341.14,0.28916,-1,-1,-1
64,-1,1736.43,400.36,40.52,209.40,0.10727,-1,-1,-1
64,-1,14.11,508.44,88.31,249.02,0.07884,-1,-1,-1
64,-1,452.00,466.02,38.06,235.17,0.06559,-1,-1,-1
64,-1,1270.30,363.30,65.50,107.67,0.05705,-1,-1,-1
64,-1,67.96,588.38,47.91,162.83,0.05705,-1,-1,-1
65,-1,621.64,276.96,281.17,565.85,0.99983,-1,-1,-1
65,-1,1736.61,271.41,183.08,548.46,0.99964,-1,-1,-1
65,-1,1507.79,357.41,199.85,444.55,0.99936,-1,-1,-1
65,-1,401.90,435.92,91.86,276.85,0.99843,-1,-1,-1
65,-1,1342.24,467.64,80.16,196.77,0.99542,-1,-1,-1
65,-1,1317.77,538.87,45.02,123.97,0.99099,-1,-1,-1
65,-1,907.18,518.23,38.19,107.97,0.97760,-1,-1,-1
65,-1,240.40,474.43,64.02,232.13,0.96722,-1,-1,-1
65,-1,958.80,504.19,62.24,130.14,0.91347,-1,-1,-1
65,-1,1373.51,486.41,52.20,166.27,0.78598,-1,-1,-1
65,-1,122.69,543.57,70.52,195.49,0.74855,-1,-1,-1
65,-1,45.10,522.49,66.61,232.99,0.48810,-1,-1,-1
65,-1,576.88,395.40,42.89,110.73,0.31507,-1,-1,-1
65,-1,1884.52,414.79,35.48,360.80,0.18247,-1,-1,-1
65,-1,111.25,463.03,101.19,276.62,0.15569,-1,-1,-1
65,-1,244.17,472.20,54.83,112.63,0.13175,-1,-1,-1
65,-1,1598.90,383.55,130.83,346.22,0.12206,-1,-1,-1
65,-1,1589.23,348.06,113.58,154.18,0.12201,-1,-1,-1
65,-1,167.65,492.74,139.57,229.70,0.10195,-1,-1,-1
65,-1,8.06,521.59,88.12,254.99,0.06300,-1,-1,-1
65,-1,1263.59,364.12,73.72,107.10,0.05528,-1,-1,-1
66,-1,628.77,281.50,282.92,553.46,0.99978,-1,-1,-1
66,-1,1731.71,270.50,187.07,551.17,0.99964,-1,-1,-1
66,-1,1512.26,352.94,193.63,451.67,0.99932,-1,-1,-1
66,-1,407.47,437.16,86.91,273.92,0.99725,-1,-1,-1
66,-1,1342.38,470.09,80.86,193.82,0.99565,-1,-1,-1
66,-1,1317.44,539.67,45.48,123.07,0.99311,-1,-1,-1
66,-1,907.63,515.59,37.91,112.37,0.96583,-1,-1,-1
66,-1,239.13,476.98,76.67,227.44,0.95809,-1,-1,-1
66,-1,960.39,500.77,59.70,132.82,0.85730,-1,-1,-1
66,-1,121.89,541.97,71.44,197.00,0.76250,-1,-1,-1
66,-1,576.36,393.38,43.46,109.73,0.67992,-1,-1,-1
66,-1,42.00,534.95,69.62,221.02,0.61997,-1,-1,-1
66,-1,1324.42,504.56,55.12,159.60,0.32376,-1,-1,-1
66,-1,1373.41,493.83,50.43,145.65,0.19951,-1,-1,-1
66,-1,10.91,528.91,82.06,243.19,0.16441,-1,-1,-1
66,-1,1593.83,384.08,135.21,366.29,0.11568,-1,-1,-1
66,-1,243.96,479.95,60.56,131.40,0.11209,-1,-1,-1
66,-1,1553.31,349.14,150.97,173.85,0.05683,-1,-1,-1
67,-1,639.56,288.83,272.87,542.44,0.99979,-1,-1,-1
67,-1,1517.39,351.35,185.91,458.43,0.99934,-1,-1,-1
67,-1,1728.04,264.03,191.12,558.27,0.99919,-1,-1,-1
67,-1,413.65,439.05,88.19,270.14,0.99782,-1,-1,-1
67,-1,1341.93,467.31,80.80,197.08,0.99545,-1,-1,-1
67,-1,240.62,478.53,81.70,226.54,0.99416,-1,-1,-1
67,-1,1317.59,539.18,45.22,123.63,0.99196,-1,-1,-1
67,-1,907.50,514.45,38.27,112.91,0.93396,-1,-1,-1
67,-1,958.05,498.89,55.44,132.27,0.83910,-1,-1,-1
67,-1,126.12,515.22,72.04,223.64,0.77811,-1,-1,-1
67,-1,45.59,540.16,67.49,216.24,0.51292,-1,-1,-1
67,-1,575.75,395.10,44.26,107.29,0.46370,-1,-1,-1
67,-1,1579.01,341.34,116.15,158.21,0.13661,-1,-1,-1
67,-1,243.88,477.37,67.90,106.77,0.08921,-1,-1,-1
67,-1,1690.92,407.68,74.66,206.86,0.08483,-1,-1,-1
67,-1,727.68,282.53,68.00,84.15,0.07809,-1,-1,-1
67,-1,1373.36,490.31,50.34,148.99,0.07155,-1,-1,-1
67,-1,1273.30,361.24,61.83,110.99,0.06524,-1,-1,-1
67,-1,12.63,521.19,88.95,246.54,0.05269,-1,-1,-1
68,-1,649.80,292.05,272.07,542.50,0.99980,-1,-1,-1
68,-1,1518.36,349.52,184.60,464.63,0.99930,-1,-1,-1
68,-1,1724.31,263.34,193.11,557.74,0.99917,-1,-1,-1
68,-1,416.66,441.18,89.12,262.68,0.99846,-1,-1,-1
68,-1,243.44,480.07,88.27,229.04,0.99688,-1,-1,-1
68,-1,1342.55,467.24,80.28,197.25,0.99487,-1,-1,-1
68,-1,1317.47,539.30,44.97,123.68,0.99308,-1,-1,-1
68,-1,907.27,517.79,38.82,108.74,0.84036,-1,-1,-1
68,-1,123.30,542.91,68.73,196.35,0.82612,-1,-1,-1
68,-1,956.76,498.83,54.65,138.54,0.50090,-1,-1,-1
68,-1,50.88,532.15,61.86,223.96,0.38767,-1,-1,-1
68,-1,1324.03,504.66,55.13,160.03,0.33572,-1,-1,-1
68,-1,1376.55,483.94,49.17,164.81,0.30558,-1,-1,-1
68,-1,575.95,394.98,44.11,111.96,0.30180,-1,-1,-1
68,-1,1549.20,350.24,148.76,170.12,0.18366,-1,-1,-1
68,-1,101.08,451.28,99.66,291.74,0.12642,-1,-1,-1
68,-1,405.02,504.20,14.09,37.62,0.05482,-1,-1,-1
69,-1,664.02,290.30,262.53,539.67,0.99979,-1,-1,-1
69,-1,1515.22,348.87,184.94,464.81,0.99940,-1,-1,-1
69,-1,1720.92,262.52,196.89,557.85,0.99921,-1,-1,-1
69,-1,417.15,440.51,92.58,264.47,0.99837,-1,-1,-1
69,-1,244.68,479.20,90.32,230.19,0.99683,-1,-1,-1
69,-1,1341.93,467.98,81.01,196.52,0.99560,-1,-1,-1
69,-1,1317.56,539.60,45.06,123.31,0.99269,-1,-1,-1
69,-1,907.99,516.66,38.20,109.78,0.92103,-1,-1,-1
69,-1,123.84,542.29,68.38,197.34,0.84971,-1,-1,-1
69,-1,952.37,498.19,56.97,137.50,0.76321,-1,-1,-1
69,-1,1337.16,481.46,51.70,177.38,0.72518,-1,-1,-1
69,-1,48.39,530.03,64.65,225.30,0.72373,-1,-1,-1
69,-1,1904.24,451.50,15.76,155.00,0.49823,-1,-1,-1
69,-1,1376.89,483.92,48.83,163.73,0.29421,-1,-1,-1
69,-1,1550.12,351.02,148.26,184.68,0.25506,-1,-1,-1
69,-1,951.61,511.81,23.85,103.11,0.24418,-1,-1,-1
69,-1,575.98,394.07,44.12,112.87,0.19251,-1,-1,-1
69,-1,22.86,519.12,73.41,251.01,0.10662,-1,-1,-1
69,-1,1887.72,418.98,31.78,323.74,0.09638,-1,-1,-1
69,-1,1710.72,444.57,42.87,158.30,0.05726,-1,-1,-1
70,-1,697.57,290.10,243.18,529.74,0.99977,-1,-1,-1
70,-1,1714.25,262.27,200.67,560.90,0.99930,-1,-1,-1
70,-1,1516.44,347.03,184.79,469.73,0.99873,-1,-1,-1
70,-1,419.30,441.20,91.78,262.52,0.99831,-1,-1,-1
70,-1,246.26,480.24,89.90,227.54,0.99674,-1,-1,-1
70,-1,1341.73,467.72,81.45,196.79,0.99554,-1,-1,-1
70,-1,1317.63,539.63,45.28,123.50,0.99310,-1,-1,-1
70,-1,909.75,520.00,35.85,109.62,0.95134,-1,-1,-1
70,-1,949.13,505.07,61.71,132.88,0.90511,-1,-1,-1
70,-1,128.64,540.89,66.52,198.29,0.86848,-1,-1,-1
70,-1,1336.34,483.61,50.90,175.70,0.63653,-1,-1,-1
70,-1,41.44,507.93,70.39,253.70,0.59359,-1,-1,-1
70,-1,1902.40,456.74,17.60,149.57,0.34015,-1,-1,-1
70,-1,1371.20,484.74,49.83,159.97,0.29725,-1,-1,-1
70,-1,1878.47,424.90,37.22,325.51,0.29299,-1,-1,-1
70,-1,948.19,514.23,27.49,103.76,0.22090,-1,-1,-1
70,-1,574.61,396.60,45.39,109.41,0.18803,-1,-1,-1
70,-1,1895.69,444.66,24.09,292.12,0.15022,-1,-1,-1
70,-1,1711.58,437.55,38.54,162.83,0.09079,-1,-1,-1
70,-1,945.37,524.34,19.44,85.14,0.08841,-1,-1,-1
71,-1,712.23,285.56,224.94,525.61,0.99965,-1,-1,-1
71,-1,1707.73,262.07,205.42,559.94,0.99929,-1,-1,-1
71,-1,1513.53,348.92,186.00,472.54,0.99915,-1,-1,-1
71,-1,418.55,438.38,95.10,267.21,0.99796,-1,-1,-1
71,-1,246.35,476.40,90.40,234.96,0.99665,-1,-1,-1
71,-1,1341.55,467.99,80.91,196.59,0.99562,-1,-1,-1
71,-1,1317.67,538.88,44.56,124.22,0.99141,-1,-1,-1
71,-1,128.22,545.90,65.73,191.87,0.88029,-1,-1,-1
71,-1,910.67,526.03,34.26,102.42,0.85893,-1,-1,-1
71,-1,46.94,506.17,64.69,247.51,0.70926,-1,-1,-1
71,-1,951.07,507.76,65.51,128.47,0.33738,-1,-1,-1
71,-1,1326.97,495.13,55.09,170.28,0.33481,-1,-1,-1
71,-1,1862.39,454.74,47.76,315.06,0.27322,-1,-1,-1
71,-1,1377.56,485.07,48.65,160.64,0.26534,-1,-1,-1
71,-1,573.62,395.44,45.17,128.61,0.21270,-1,-1,-1
71,-1,1881.49,409.06,35.18,375.24,0.15636,-1,-1,-1
71,-1,1900.78,464.54,19.22,141.16,0.14158,-1,-1,-1
71,-1,1889.24,432.28,30.45,246.73,0.08677,-1,-1,-1
71,-1,1836.75,350.34,77.39,443.58,0.08673,-1,-1,-1
71,-1,1708.66,430.92,38.61,169.10,0.06147,-1,-1,-1
71,-1,9.33,522.76,84.02,242.03,0.06126,-1,-1,-1
71,-1,1512.77,347.81,181.03,243.35,0.05830,-1,-1,-1
71,-1,403.53,510.90,15.47,23.12,0.05742,-1,-1,-1
72,-1,726.57,284.92,212.84,523.98,0.99946,-1,-1,-1
72,-1,1511.51,342.54,186.84,486.80,0.99940,-1,-1,-1
72,-1,1703.44,262.04,207.77,565.05,0.99928,-1,-1,-1
72,-1,417.37,436.87,106.69,270.21,0.99829,-1,-1,-1
72,-1,247.08,475.29,90.89,235.75,0.99660,-1,-1,-1
72,-1,1341.47,467.90,81.14,196.44,0.99574,-1,-1,-1
72,-1,1317.52,539.32,45.42,123.43,0.99243,-1,-1,-1
72,-1,127.74,545.50,66.10,192.71,0.87607,-1,-1,-1
72,-1,913.24,534.00,29.71,91.28,0.68037,-1,-1,-1
72,-1,45.11,522.57,66.35,232.40,0.66968,-1,-1,-1
72,-1,1337.02,483.32,51.40,175.36,0.61571,-1,-1,-1
72,-1,1377.43,485.14,49.03,158.63,0.23874,-1,-1,-1
72,-1,575.66,396.05,44.43,112.58,0.21138,-1,-1,-1
72,-1,1541.72,346.60,148.46,244.47,0.09835,-1,-1,-1
72,-1,1869.37,417.03,38.96,356.36,0.09764,-1,-1,-1
72,-1,403.55,510.30,16.13,24.65,0.07784,-1,-1,-1
72,-1,274.59,467.56,59.62,109.09,0.07514,-1,-1,-1
72,-1,1894.09,446.30,25.00,161.81,0.07390,-1,-1,-1
72,-1,1820.81,358.66,85.22,450.44,0.07134,-1,-1,-1
72,-1,1558.31,309.47,245.85,520.29,0.06799,-1,-1,-1
73,-1,1506.94,346.42,188.53,487.20,0.99960,-1,-1,-1
73,-1,741.50,276.94,202.52,529.69,0.99948,-1,-1,-1
73,-1,1698.55,266.10,209.83,563.59,0.99931,-1,-1,-1
73,-1,416.78,439.16,118.21,265.41,0.99865,-1,-1,-1
73,-1,247.88,472.16,92.63,237.23,0.99690,-1,-1,-1
73,-1,1342.04,468.67,80.32,195.69,0.99440,-1,-1,-1
73,-1,1317.33,539.09,45.27,123.78,0.99233,-1,-1,-1
73,-1,123.02,542.36,69.89,197.21,0.86199,-1,-1,-1
73,-1,44.60,500.68,67.10,263.31,0.79510,-1,-1,-1
73,-1,575.93,396.03,43.82,110.83,0.15441,-1,-1,-1
73,-1,914.06,539.04,27.74,85.97,0.14506,-1,-1,-1
73,-1,1373.65,491.46,50.48,148.20,0.12936,-1,-1,-1
73,-1,1612.68,300.51,237.26,537.70,0.09840,-1,-1,-1
73,-1,403.57,510.59,16.25,23.75,0.07160,-1,-1,-1
73,-1,1697.30,306.29,79.75,300.10,0.06185,-1,-1,-1
73,-1,1890.48,448.41,27.89,154.07,0.05418,-1,-1,-1
74,-1,1504.21,341.31,188.53,488.97,0.99943,-1,-1,-1
74,-1,747.98,279.22,199.67,530.75,0.99940,-1,-1,-1
74,-1,1697.58,267.45,206.70,563.69,0.99928,-1,-1,-1
74,-1,414.80,439.01,119.46,266.77,0.99842,-1,-1,-1
74,-1,1341.64,469.27,81.22,194.83,0.99474,-1,-1,-1
74,-1,253.01,471.39,86.10,239.17,0.99464,-1,-1,-1
74,-1,1317.35,539.04,45.53,124.03,0.99150,-1,-1,-1
74,-1,127.06,537.45,68.10,201.82,0.82700,-1,-1,-1
74,-1,43.21,509.30,68.64,254.09,0.73575,-1,-1,-1
74,-1,1326.23,499.20,55.50,165.13,0.39256,-1,-1,-1
74,-1,1375.95,486.19,51.27,157.33,0.32307,-1,-1,-1
74,-1,576.02,396.27,43.88,111.73,0.19460,-1,-1,-1
74,-1,403.47,510.79,16.10,23.43,0.06882,-1,-1,-1
75,-1,781.75,275.34,178.43,528.82,0.99943,-1,-1,-1
75,-1,1696.29,267.77,205.48,561.34,0.99929,-1,-1,-1
75,-1,1501.21,343.37,190.81,483.55,0.99917,-1,-1,-1
75,-1,416.63,439.36,121.14,265.90,0.99870,-1,-1,-1
75,-1,254.23,465.24,86.11,246.24,0.99488,-1,-1,-1
75,-1,1341.84,468.23,80.63,195.83,0.99443,-1,-1,-1
75,-1,1317.39,538.76,45.11,123.97,0.99159,-1,-1,-1
75,-1,123.67,542.38,68.84,197.64,0.85576,-1,-1,-1
75,-1,39.01,513.88,72.27,247.88,0.74638,-1,-1,-1
75,-1,1376.66,486.57,50.56,159.21,0.44865,-1,-1,-1
75,-1,575.75,394.92,44.55,115.40,0.26352,-1,-1,-1
75,-1,44.76,504.93,65.22,149.29,0.19438,-1,-1,-1
75,-1,1537.11,348.88,148.96,306.95,0.06922,-1,-1,-1
75,-1,1274.11,361.17,62.92,105.64,0.06675,-1,-1,-1
75,-1,403.97,507.42,16.15,23.77,0.06013,-1,-1,-1
75,-1,139.98,486.78,93.53,253.62,0.05800,-1,-1,-1
76,-1,1499.60,336.26,188.84,494.87,0.99923,-1,-1,-1
76,-1,1695.41,267.97,206.00,561.92,0.99916,-1,-1,-1
76,-1,414.76,438.41,122.95,271.51,0.99906,-1,-1,-1
76,-1,780.22,280.01,202.95,525.13,0.99886,-1,-1,-1
76,-1,250.26,464.59,96.62,246.58,0.99563,-1,-1,-1
76,-1,1342.02,468.43,80.87,195.61,0.99450,-1,-1,-1
76,-1,1317.44,538.85,45.30,124.14,0.99207,-1,-1,-1
76,-1,122.49,543.27,69.32,196.89,0.88226,-1,-1,-1
76,-1,43.67,519.39,67.33,239.62,0.84351,-1,-1,-1
76,-1,1377.28,486.33,50.21,160.94,0.41820,-1,-1,-1
76,-1,1568.11,345.64,117.52,179.43,0.40604,-1,-1,-1
76,-1,576.05,395.41,44.10,116.09,0.25653,-1,-1,-1
76,-1,45.99,503.59,60.15,132.05,0.21825,-1,-1,-1
76,-1,20.36,531.97,64.84,233.83,0.18874,-1,-1,-1
76,-1,403.40,507.22,17.17,24.12,0.06579,-1,-1,-1
76,-1,1262.48,364.14,76.24,105.67,0.06301,-1,-1,-1
77,-1,415.91,439.08,123.10,269.03,0.99900,-1,-1,-1
77,-1,794.11,284.41,223.87,521.62,0.99900,-1,-1,-1
77,-1,1495.10,334.47,192.42,497.52,0.99896,-1,-1,-1
77,-1,1693.29,264.85,206.97,564.99,0.99892,-1,-1,-1
77,-1,252.84,470.61,96.30,238.55,0.99483,-1,-1,-1
77,-1,1341.95,467.66,81.33,196.54,0.99461,-1,-1,-1
77,-1,1317.34,538.52,45.07,124.60,0.99192,-1,-1,-1
77,-1,48.41,531.81,63.51,223.11,0.88510,-1,-1,-1
77,-1,122.88,540.81,69.32,199.01,0.86929,-1,-1,-1
77,-1,1574.21,347.29,108.75,211.59,0.50871,-1,-1,-1
77,-1,1375.62,483.59,50.98,162.53,0.46717,-1,-1,-1
77,-1,576.35,397.82,43.08,117.33,0.36069,-1,-1,-1
77,-1,19.34,531.66,57.13,233.74,0.23391,-1,-1,-1
77,-1,49.73,503.87,58.16,161.18,0.23255,-1,-1,-1
77,-1,29.13,535.59,36.31,106.98,0.18257,-1,-1,-1
77,-1,22.32,506.63,54.46,159.69,0.15056,-1,-1,-1
77,-1,403.88,507.40,17.74,29.98,0.09618,-1,-1,-1
77,-1,965.45,554.18,44.24,57.84,0.08324,-1,-1,-1
77,-1,719.79,394.07,57.49,139.84,0.07040,-1,-1,-1
77,-1,965.03,545.04,50.94,173.95,0.06307,-1,-1,-1
77,-1,1263.69,363.46,75.01,106.90,0.05713,-1,-1,-1
78,-1,804.95,293.23,259.89,509.38,0.99958,-1,-1,-1
78,-1,1488.58,333.47,198.98,497.83,0.99933,-1,-1,-1
78,-1,417.24,438.09,116.30,271.87,0.99898,-1,-1,-1
78,-1,1690.40,265.81,205.39,569.30,0.99889,-1,-1,-1
78,-1,1341.92,467.72,80.14,196.64,0.99380,-1,-1,-1
78,-1,253.30,471.44,102.33,236.98,0.99312,-1,-1,-1
78,-1,1317.22,538.91,45.31,124.27,0.99182,-1,-1,-1
78,-1,123.36,541.36,68.86,198.65,0.82478,-1,-1,-1
78,-1,50.69,522.99,62.01,233.40,0.82336,-1,-1,-1
78,-1,22.47,511.61,72.41,261.71,0.40211,-1,-1,-1
78,-1,1376.46,485.68,49.57,160.73,0.38163,-1,-1,-1
78,-1,23.45,536.09,41.19,120.65,0.36214,-1,-1,-1
78,-1,1569.95,348.87,112.55,223.01,0.34686,-1,-1,-1
78,-1,1891.45,531.35,24.82,62.66,0.32813,-1,-1,-1
78,-1,576.79,398.23,42.14,119.16,0.19933,-1,-1,-1
78,-1,45.15,527.69,64.95,124.15,0.12523,-1,-1,-1
78,-1,47.98,504.50,58.84,101.03,0.10163,-1,-1,-1
78,-1,246.13,499.87,61.19,194.15,0.08518,-1,-1,-1
78,-1,1260.44,362.95,78.11,107.23,0.08020,-1,-1,-1
78,-1,7.96,546.85,55.47,230.79,0.06354,-1,-1,-1
78,-1,109.68,463.28,43.81,47.41,0.05737,-1,-1,-1
79,-1,809.53,299.59,270.34,503.41,0.99965,-1,-1,-1
79,-1,1481.90,332.26,203.11,497.57,0.99923,-1,-1,-1
79,-1,1689.35,266.80,204.40,568.00,0.99888,-1,-1,-1
79,-1,424.35,436.47,104.39,272.05,0.99885,-1,-1,-1
79,-1,265.44,472.71,104.40,232.78,0.99446,-1,-1,-1
79,-1,1341.49,467.40,81.53,196.96,0.99443,-1,-1,-1
79,-1,1317.00,538.76,45.16,124.20,0.99157,-1,-1,-1
79,-1,123.22,536.49,69.94,203.54,0.86304,-1,-1,-1
79,-1,47.03,508.39,64.45,244.45,0.86117,-1,-1,-1
79,-1,13.18,528.75,52.94,203.09,0.47631,-1,-1,-1
79,-1,1576.74,352.11,102.02,213.52,0.37426,-1,-1,-1
79,-1,1892.55,531.13,25.13,63.00,0.32311,-1,-1,-1
79,-1,247.68,488.06,67.12,202.77,0.32010,-1,-1,-1
79,-1,52.48,504.49,55.63,106.39,0.22534,-1,-1,-1
79,-1,247.37,516.78,33.06,62.73,0.20022,-1,-1,-1
79,-1,22.00,536.03,40.29,126.38,0.18071,-1,-1,-1
79,-1,576.42,397.13,42.56,118.81,0.12476,-1,-1,-1
79,-1,1.71,529.51,45.17,143.66,0.10158,-1,-1,-1
79,-1,1377.58,502.78,40.97,124.62,0.06790,-1,-1,-1
79,-1,1259.89,363.26,78.24,106.90,0.06684,-1,-1,-1
79,-1,100.06,443.16,100.10,324.11,0.06155,-1,-1,-1
80,-1,815.97,306.55,265.70,495.81,0.99941,-1,-1,-1
80,-1,1685.74,264.84,203.77,573.35,0.99923,-1,-1,-1
80,-1,1459.94,330.01,217.34,497.21,0.99913,-1,-1,-1
80,-1,429.38,433.87,101.36,274.02,0.99852,-1,-1,-1
80,-1,1341.96,468.29,81.58,195.90,0.99472,-1,-1,-1
80,-1,272.40,475.31,108.46,233.30,0.99371,-1,-1,-1
80,-1,1317.11,539.08,45.03,123.85,0.99230,-1,-1,-1
80,-1,122.48,537.36,70.22,204.08,0.84483,-1,-1,-1
80,-1,41.05,514.47,70.48,243.75,0.80310,-1,-1,-1
80,-1,246.85,519.39,34.59,61.36,0.57831,-1,-1,-1
80,-1,245.87,515.51,51.33,178.44,0.37825,-1,-1,-1
80,-1,1894.28,531.13,24.46,62.88,0.28857,-1,-1,-1
80,-1,1557.18,343.01,118.08,224.90,0.28706,-1,-1,-1
80,-1,1323.97,505.82,55.17,158.68,0.28646,-1,-1,-1
80,-1,19.50,527.30,57.33,234.06,0.26924,-1,-1,-1
80,-1,981.32,485.95,33.70,66.95,0.17032,-1,-1,-1
80,-1,47.19,504.74,59.81,141.26,0.15059,-1,-1,-1
80,-1,21.53,539.31,41.25,127.34,0.14879,-1,-1,-1
80,-1,1376.99,502.21,42.21,127.76,0.12810,-1,-1,-1
80,-1,1585.79,369.95,86.77,151.11,0.09230,-1,-1,-1
80,-1,576.55,398.67,42.33,115.85,0.08926,-1,-1,-1
80,-1,1276.57,364.48,59.11,98.85,0.08044,-1,-1,-1
80,-1,280.20,472.27,76.54,127.67,0.07213,-1,-1,-1
81,-1,812.64,300.42,272.35,498.90,0.99947,-1,-1,-1
81,-1,1684.72,261.28,206.23,580.84,0.99919,-1,-1,-1
81,-1,1456.19,330.30,219.68,501.99,0.99918,-1,-1,-1
81,-1,432.41,433.94,100.08,273.62,0.99818,-1,-1,-1
81,-1,276.17,477.55,108.71,230.08,0.99424,-1,-1,-1
81,-1,1342.22,468.24,80.91,195.57,0.99356,-1,-1,-1
81,-1,1316.95,538.82,45.10,124.04,0.99213,-1,-1,-1
81,-1,39.17,504.06,71.65,253.77,0.83789,-1,-1,-1
81,-1,126.97,528.41,70.10,212.22,0.81923,-1,-1,-1
81,-1,246.76,519.26,37.22,61.83,0.69655,-1,-1,-1
81,-1,1896.53,529.66,22.48,65.44,0.39680,-1,-1,-1
81,-1,244.88,515.25,45.37,174.30,0.29747,-1,-1,-1
81,-1,1554.78,338.66,121.15,250.30,0.26073,-1,-1,-1
81,-1,16.50,529.65,48.73,227.91,0.23374,-1,-1,-1
81,-1,250.25,503.71,70.25,196.96,0.19677,-1,-1,-1
81,-1,576.25,397.22,43.14,118.40,0.18592,-1,-1,-1
81,-1,1378.13,499.24,44.48,133.63,0.15437,-1,-1,-1
81,-1,122.02,494.79,139.72,242.88,0.12075,-1,-1,-1
81,-1,1274.26,364.30,61.29,105.74,0.11454,-1,-1,-1
81,-1,40.80,503.98,67.60,113.32,0.05603,-1,-1,-1
81,-1,6.81,524.87,46.07,152.73,0.05313,-1,-1,-1
82,-1,826.61,307.71,259.22,487.94,0.99947,-1,-1,-1
82,-1,1682.35,259.19,209.15,586.93,0.99933,-1,-1,-1
82,-1,1446.41,330.56,225.23,504.84,0.99933,-1,-1,-1
82,-1,435.60,432.76,97.73,276.60,0.99792,-1,-1,-1
82,-1,283.84,480.08,105.84,225.89,0.99475,-1,-1,-1
82,-1,1317.12,538.96,45.01,124.01,0.99237,-1,-1,-1
82,-1,1343.80,468.06,77.97,196.04,0.98859,-1,-1,-1
82,-1,44.97,524.87,66.89,229.04,0.83315,-1,-1,-1
82,-1,127.26,522.89,75.49,220.39,0.79879,-1,-1,-1
82,-1,247.56,518.96,38.90,61.10,0.68852,-1,-1,-1
82,-1,1375.29,489.32,50.80,164.36,0.49167,-1,-1,-1
82,-1,1550.64,341.73,128.25,246.34,0.48664,-1,-1,-1
82,-1,1897.59,530.32,21.67,64.32,0.43800,-1,-1,-1
82,-1,20.31,527.43,71.20,236.15,0.41524,-1,-1,-1
82,-1,1432.26,527.77,34.88,79.64,0.33371,-1,-1,-1
82,-1,20.03,537.58,40.03,124.36,0.25265,-1,-1,-1
82,-1,245.40,518.12,43.45,165.01,0.24293,-1,-1,-1
82,-1,575.79,393.74,44.14,114.66,0.20319,-1,-1,-1
82,-1,260.38,500.02,72.99,205.98,0.13973,-1,-1,-1
82,-1,1430.17,487.59,45.89,118.50,0.09371,-1,-1,-1
82,-1,1341.41,469.92,42.92,174.93,0.08932,-1,-1,-1
82,-1,28.76,524.09,73.00,139.17,0.08159,-1,-1,-1
82,-1,1274.24,363.94,61.45,103.78,0.07682,-1,-1,-1
82,-1,119.42,501.16,136.34,235.65,0.07152,-1,-1,-1
82,-1,44.07,511.66,64.24,101.08,0.07016,-1,-1,-1
82,-1,2.52,528.30,40.85,148.32,0.06587,-1,-1,-1
83,-1,1679.58,255.77,212.80,591.23,0.99935,-1,-1,-1
83,-1,1438.10,329.61,238.27,507.04,0.99906,-1,-1,-1
83,-1,856.52,305.91,220.61,490.98,0.99884,-1,-1,-1
83,-1,443.66,432.23,90.45,281.49,0.99844,-1,-1,-1
83,-1,280.27,474.62,110.82,231.98,0.99367,-1,-1,-1
83,-1,1316.84,538.37,45.01,124.97,0.99134,-1,-1,-1
83,-1,1342.02,468.49,80.16,194.64,0.98954,-1,-1,-1
83,-1,45.05,531.95,66.53,221.16,0.88321,-1,-1,-1
83,-1,127.34,522.84,76.96,219.46,0.72000,-1,-1,-1
83,-1,15.44,524.17,68.95,237.16,0.54140,-1,-1,-1
83,-1,246.93,519.66,43.45,59.09,0.53386,-1,-1,-1
83,-1,8.21,531.86,50.01,134.76,0.50658,-1,-1,-1
83,-1,1338.22,470.09,46.54,183.97,0.18197,-1,-1,-1
83,-1,1901.80,530.93,18.20,65.93,0.18157,-1,-1,-1
83,-1,576.45,393.34,43.26,116.65,0.17139,-1,-1,-1
83,-1,1374.83,486.40,47.45,146.18,0.17120,-1,-1,-1
83,-1,246.60,521.33,46.28,152.64,0.15430,-1,-1,-1
83,-1,1427.54,473.31,53.27,132.08,0.14581,-1,-1,-1
83,-1,1428.87,519.80,37.13,88.02,0.09663,-1,-1,-1
83,-1,1273.20,362.64,63.25,108.91,0.07953,-1,-1,-1
83,-1,31.74,530.34,67.26,122.40,0.07066,-1,-1,-1
84,-1,1678.53,248.64,217.00,600.10,0.99939,-1,-1,-1
84,-1,876.72,307.40,200.35,478.04,0.99918,-1,-1,-1
84,-1,1437.37,330.54,241.39,507.39,0.99914,-1,-1,-1
84,-1,450.43,431.46,84.39,280.04,0.99807,-1,-1,-1
84,-1,283.21,473.25,104.09,234.57,0.99105,-1,-1,-1
84,-1,1316.75,538.22,45.39,125.20,0.99036,-1,-1,-1
84,-1,1344.16,468.65,78.17,196.08,0.98912,-1,-1,-1
84,-1,41.85,534.29,69.92,222.42,0.81900,-1,-1,-1
84,-1,127.10,528.87,74.82,213.67,0.76735,-1,-1,-1
84,-1,8.58,527.93,49.78,140.75,0.52516,-1,-1,-1
84,-1,13.21,518.96,74.92,238.23,0.45405,-1,-1,-1
84,-1,246.75,521.77,44.44,57.97,0.33215,-1,-1,-1
84,-1,1337.99,468.11,47.18,186.73,0.27760,-1,-1,-1
84,-1,576.24,393.44,43.99,114.80,0.24174,-1,-1,-1
84,-1,1427.09,473.54,55.66,130.48,0.20087,-1,-1,-1
84,-1,32.91,505.46,68.14,163.35,0.11211,-1,-1,-1
84,-1,1902.64,512.20,17.36,85.01,0.10998,-1,-1,-1
84,-1,1377.84,501.31,39.71,127.44,0.10604,-1,-1,-1
84,-1,244.91,525.00,59.03,134.44,0.09234,-1,-1,-1
84,-1,1273.60,362.06,61.47,103.93,0.09058,-1,-1,-1
84,-1,43.66,516.79,65.21,102.36,0.06627,-1,-1,-1
84,-1,7.90,541.98,51.80,235.34,0.06160,-1,-1,-1
85,-1,912.80,297.93,168.34,486.73,0.99945,-1,-1,-1
85,-1,1676.02,246.25,220.22,602.69,0.99943,-1,-1,-1
85,-1,1434.41,331.85,239.71,509.46,0.99920,-1,-1,-1
85,-1,452.98,430.15,86.76,282.43,0.99766,-1,-1,-1
85,-1,1316.66,537.98,45.52,125.43,0.99062,-1,-1,-1
85,-1,1344.01,469.09,78.09,195.75,0.98945,-1,-1,-1
85,-1,293.34,471.53,99.52,241.25,0.98903,-1,-1,-1
85,-1,35.10,527.94,76.35,227.94,0.82328,-1,-1,-1
85,-1,126.90,526.57,74.28,216.35,0.73189,-1,-1,-1
85,-1,4.88,533.20,51.24,136.83,0.24545,-1,-1,-1
85,-1,9.15,526.86,63.96,242.47,0.23244,-1,-1,-1
85,-1,72.23,451.45,26.42,52.57,0.22608,-1,-1,-1
85,-1,247.67,517.98,53.51,63.27,0.18255,-1,-1,-1
85,-1,1337.96,469.35,44.33,185.62,0.17764,-1,-1,-1
85,-1,1424.73,467.24,59.37,139.30,0.14951,-1,-1,-1
85,-1,576.97,394.05,42.46,116.76,0.14303,-1,-1,-1
85,-1,244.81,523.77,64.54,111.80,0.14225,-1,-1,-1
85,-1,348.66,478.91,47.19,224.35,0.12746,-1,-1,-1
85,-1,1376.33,493.86,52.79,164.36,0.11393,-1,-1,-1
85,-1,1903.96,503.14,15.27,94.32,0.11126,-1,-1,-1
85,-1,1276.55,365.13,58.55,99.04,0.09946,-1,-1,-1
85,-1,45.49,446.52,65.35,221.35,0.07588,-1,-1,-1
85,-1,93.79,439.28,106.33,309.83,0.06702,-1,-1,-1
85,-1,55.89,435.43,84.34,320.90,0.06052,-1,-1,-1
86,-1,927.89,295.99,174.52,487.51,0.99967,-1,-1,-1
86,-1,1676.75,243.23,218.48,604.89,0.99936,-1,-1,-1
86,-1,1425.14,331.77,248.65,511.15,0.99913,-1,-1,-1
86,-1,454.64,429.28,91.75,283.86,0.99811,-1,-1,-1
86,-1,300.26,472.13,93.60,239.32,0.99094,-1,-1,-1
86,-1,1316.76,537.59,45.44,125.81,0.99009,-1,-1,-1
86,-1,1345.71,469.03,76.33,195.27,0.98910,-1,-1,-1
86,-1,26.93,452.22,84.63,311.80,0.84582,-1,-1,-1
86,-1,126.04,521.20,74.65,221.06,0.69811,-1,-1,-1
86,-1,247.27,520.96,45.80,61.00,0.48964,-1,-1,-1
86,-1,1340.73,470.18,46.98,185.11,0.43960,-1,-1,-1
86,-1,1.23,521.92,52.00,152.54,0.41137,-1,-1,-1
86,-1,246.55,525.35,57.54,128.92,0.35542,-1,-1,-1
86,-1,66.58,451.48,31.07,51.17,0.33651,-1,-1,-1
86,-1,926.55,556.89,43.88,77.31,0.29748,-1,-1,-1
86,-1,6.74,494.16,78.24,275.64,0.23103,-1,-1,-1
86,-1,97.57,453.80,93.61,290.04,0.20467,-1,-1,-1
86,-1,576.00,394.88,43.56,111.25,0.17165,-1,-1,-1
86,-1,907.94,507.26,61.17,131.73,0.15777,-1,-1,-1
86,-1,1278.04,364.17,57.57,99.29,0.13561,-1,-1,-1
86,-1,1420.16,466.79,62.67,152.73,0.12806,-1,-1,-1
86,-1,59.38,439.12,79.60,314.61,0.12234,-1,-1,-1
86,-1,31.65,474.24,78.14,141.46,0.08503,-1,-1,-1
86,-1,908.33,373.06,83.22,270.45,0.08215,-1,-1,-1
86,-1,331.14,469.90,56.53,161.12,0.07751,-1,-1,-1
86,-1,1372.63,485.60,49.45,149.59,0.07217,-1,-1,-1
87,-1,936.10,293.38,182.03,489.27,0.99978,-1,-1,-1
87,-1,1673.96,238.66,218.96,610.19,0.99936,-1,-1,-1
87,-1,1424.04,331.65,241.77,514.19,0.99926,-1,-1,-1
87,-1,457.47,428.79,97.45,280.06,0.99771,-1,-1,-1
87,-1,308.16,469.13,87.92,243.14,0.99638,-1,-1,-1
87,-1,1342.89,468.44,78.25,196.73,0.98892,-1,-1,-1
87,-1,1316.74,537.59,45.30,125.88,0.98807,-1,-1,-1
87,-1,38.58,529.56,74.22,225.96,0.86046,-1,-1,-1
87,-1,127.10,528.13,74.29,213.10,0.75219,-1,-1,-1
87,-1,933.01,550.70,36.63,83.07,0.72403,-1,-1,-1
87,-1,0.17,525.64,52.54,147.41,0.65998,-1,-1,-1
87,-1,247.81,520.34,46.42,61.03,0.56037,-1,-1,-1
87,-1,910.88,520.33,59.24,118.31,0.52281,-1,-1,-1
87,-1,246.09,524.32,58.58,99.01,0.33394,-1,-1,-1
87,-1,46.22,452.58,60.95,198.57,0.31829,-1,-1,-1
87,-1,1337.82,469.66,45.43,185.79,0.26422,-1,-1,-1
87,-1,1370.25,483.26,48.24,154.83,0.17622,-1,-1,-1
87,-1,61.85,452.09,37.04,52.03,0.16982,-1,-1,-1
87,-1,6.23,506.97,58.41,251.22,0.16429,-1,-1,-1
87,-1,576.76,396.86,42.36,118.92,0.15903,-1,-1,-1
87,-1,1275.23,365.16,60.33,102.31,0.15291,-1,-1,-1
87,-1,1692.01,482.27,19.98,102.07,0.13395,-1,-1,-1
87,-1,58.45,452.75,43.36,118.27,0.08759,-1,-1,-1
87,-1,1415.30,480.41,52.28,150.27,0.08613,-1,-1,-1
87,-1,9.46,523.60,55.68,97.68,0.06078,-1,-1,-1
87,-1,914.83,371.56,90.34,262.90,0.05611,-1,-1,-1
87,-1,109.87,520.32,61.10,224.55,0.05394,-1,-1,-1
87,-1,404.12,504.77,14.48,27.80,0.05221,-1,-1,-1
88,-1,939.20,296.38,208.19,482.66,0.99972,-1,-1,-1
88,-1,1673.86,233.59,215.81,617.01,0.99936,-1,-1,-1
88,-1,1418.87,331.20,249.44,517.39,0.99904,-1,-1,-1
88,-1,457.99,430.38,103.90,277.96,0.99761,-1,-1,-1
88,-1,316.04,469.31,82.18,241.87,0.99638,-1,-1,-1
88,-1,1342.33,468.68,77.52,196.68,0.98993,-1,-1,-1
88,-1,1316.68,537.59,45.27,125.81,0.98948,-1,-1,-1
88,-1,33.08,466.13,90.86,283.71,0.85543,-1,-1,-1
88,-1,127.83,522.59,68.87,219.25,0.80798,-1,-1,-1
88,-1,0.00,523.69,49.72,145.15,0.78939,-1,-1,-1
88,-1,247.32,519.93,48.14,61.73,0.52662,-1,-1,-1
88,-1,245.99,525.46,60.65,128.29,0.44437,-1,-1,-1
88,-1,46.64,456.56,65.64,167.45,0.38065,-1,-1,-1
88,-1,3.96,498.33,61.76,261.86,0.29245,-1,-1,-1
88,-1,1337.84,469.19,45.65,187.09,0.26956,-1,-1,-1
88,-1,576.03,395.16,42.86,113.49,0.26612,-1,-1,-1
88,-1,48.35,548.01,64.32,207.87,0.18947,-1,-1,-1
88,-1,1406.50,480.46,54.55,154.02,0.18901,-1,-1,-1
88,-1,1261.98,366.97,75.23,103.07,0.18584,-1,-1,-1
88,-1,1370.05,485.70,47.04,144.80,0.14118,-1,-1,-1
88,-1,9.98,489.36,72.39,162.62,0.11162,-1,-1,-1
88,-1,1416.37,505.19,25.25,76.25,0.10519,-1,-1,-1
88,-1,259.51,507.75,71.73,168.44,0.10354,-1,-1,-1
88,-1,84.10,430.37,115.35,313.53,0.07162,-1,-1,-1
88,-1,405.20,504.13,13.64,28.13,0.06771,-1,-1,-1
88,-1,113.06,473.27,29.97,32.85,0.06542,-1,-1,-1
88,-1,419.57,503.47,13.55,27.60,0.06374,-1,-1,-1
88,-1,407.86,491.73,29.48,41.72,0.05886,-1,-1,-1
88,-1,298.37,480.66,66.29,203.43,0.05457,-1,-1,-1
88,-1,1680.19,477.75,27.18,117.05,0.05145,-1,-1,-1
89,-1,946.38,306.13,216.20,470.40,0.99959,-1,-1,-1
89,-1,1673.84,232.32,212.92,620.74,0.99915,-1,-1,-1
89,-1,1409.84,331.02,240.54,517.65,0.99882,-1,-1,-1
89,-1,457.64,432.26,113.75,280.00,0.99780,-1,-1,-1
89,-1,315.49,468.21,84.58,242.20,0.99492,-1,-1,-1
89,-1,1316.62,537.56,45.93,126.32,0.98961,-1,-1,-1
89,-1,1338.09,470.35,73.32,191.34,0.98801,-1,-1,-1
89,-1,1372.33,483.78,47.27,166.47,0.88387,-1,-1,-1
89,-1,29.78,461.47,87.94,285.04,0.88194,-1,-1,-1
89,-1,126.66,526.41,68.33,213.64,0.81051,-1,-1,-1
89,-1,247.07,521.44,46.77,60.08,0.59619,-1,-1,-1
89,-1,0.00,522.31,48.57,146.33,0.46317,-1,-1,-1
89,-1,248.27,504.37,53.30,169.38,0.45819,-1,-1,-1
89,-1,41.20,455.45,70.87,160.50,0.29272,-1,-1,-1
89,-1,94.53,455.22,105.53,293.55,0.20832,-1,-1,-1
89,-1,576.43,397.17,42.61,111.34,0.17519,-1,-1,-1
89,-1,1277.98,368.18,56.23,86.54,0.15170,-1,-1,-1
89,-1,7.68,520.82,58.24,231.70,0.14416,-1,-1,-1
89,-1,11.50,480.33,82.67,203.54,0.13486,-1,-1,-1
89,-1,5.86,522.63,74.28,118.54,0.10739,-1,-1,-1
89,-1,1404.62,478.88,56.24,160.93,0.10245,-1,-1,-1
89,-1,271.74,519.79,42.90,57.59,0.05471,-1,-1,-1
89,-1,405.90,487.74,31.94,47.27,0.05150,-1,-1,-1
90,-1,957.38,308.03,222.11,467.80,0.99968,-1,-1,-1
90,-1,1671.87,236.64,214.00,621.77,0.99926,-1,-1,-1
90,-1,1398.30,327.14,243.36,523.88,0.99911,-1,-1,-1
90,-1,460.04,431.60,111.20,281.21,0.99776,-1,-1,-1
90,-1,317.44,462.86,85.71,246.82,0.99310,-1,-1,-1
90,-1,1316.82,538.20,45.60,125.61,0.98873,-1,-1,-1
90,-1,1339.01,469.01,57.40,188.77,0.98667,-1,-1,-1
90,-1,1369.95,480.53,49.05,178.13,0.90947,-1,-1,-1
90,-1,120.62,536.55,72.62,203.58,0.79728,-1,-1,-1
90,-1,15.93,463.28,95.37,244.65,0.74241,-1,-1,-1
90,-1,39.50,536.49,72.60,220.23,0.71662,-1,-1,-1
90,-1,247.33,522.35,43.79,57.92,0.66306,-1,-1,-1
90,-1,33.53,457.46,72.33,148.75,0.37118,-1,-1,-1
90,-1,245.68,525.70,54.56,97.61,0.29120,-1,-1,-1
90,-1,1384.53,503.08,33.98,109.88,0.22232,-1,-1,-1
90,-1,10.99,529.70,75.82,228.26,0.20607,-1,-1,-1
90,-1,576.54,394.43,42.49,113.25,0.19621,-1,-1,-1
90,-1,99.58,455.90,101.50,294.72,0.19338,-1,-1,-1
90,-1,1276.20,367.15,58.89,96.68,0.17808,-1,-1,-1
90,-1,263.26,520.47,46.55,57.85,0.14258,-1,-1,-1
90,-1,4.94,518.31,59.25,166.30,0.13919,-1,-1,-1
90,-1,1386.69,495.68,43.68,159.29,0.11528,-1,-1,-1
90,-1,368.67,473.46,45.73,198.05,0.11196,-1,-1,-1
90,-1,30.36,478.42,122.14,270.79,0.10699,-1,-1,-1
90,-1,300.60,470.90,61.96,205.03,0.07702,-1,-1,-1
90,-1,312.54,463.61,44.31,120.81,0.07222,-1,-1,-1
90,-1,91.76,514.20,38.66,227.11,0.05854,-1,-1,-1
90,-1,403.86,484.48,32.81,50.41,0.05353,-1,-1,-1
91,-1,967.18,315.52,222.08,459.20,0.99976,-1,-1,-1
91,-1,1668.67,237.59,216.65,623.15,0.99929,-1,-1,-1
91,-1,1394.78,321.55,246.29,530.51,0.99910,-1,-1,-1
91,-1,460.85,432.17,107.90,281.76,0.99741,-1,-1,-1
91,-1,320.52,463.07,87.29,247.18,0.99643,-1,-1,-1
91,-1,1316.80,537.58,45.95,126.45,0.98841,-1,-1,-1
91,-1,1338.65,469.02,55.97,186.28,0.98778,-1,-1,-1
91,-1,1374.83,484.03,43.41,169.86,0.90990,-1,-1,-1
91,-1,126.65,530.02,70.23,209.37,0.82100,-1,-1,-1
91,-1,247.33,522.96,43.18,57.08,0.67030,-1,-1,-1
91,-1,14.66,459.22,92.23,220.92,0.56192,-1,-1,-1
91,-1,47.27,554.86,64.39,198.52,0.41087,-1,-1,-1
91,-1,576.83,395.44,42.14,112.69,0.22824,-1,-1,-1
91,-1,1382.11,499.81,34.20,105.06,0.21875,-1,-1,-1
91,-1,247.44,522.36,43.44,150.71,0.21200,-1,-1,-1
91,-1,1354.15,478.94,55.96,156.35,0.19388,-1,-1,-1
91,-1,1267.95,364.28,68.83,103.54,0.18831,-1,-1,-1
91,-1,34.26,524.98,118.98,229.70,0.12596,-1,-1,-1
91,-1,273.70,524.41,33.10,53.14,0.11858,-1,-1,-1
91,-1,1.65,533.72,61.21,244.05,0.08341,-1,-1,-1
91,-1,96.04,439.05,107.67,304.77,0.07459,-1,-1,-1
91,-1,314.93,470.68,48.22,153.88,0.05625,-1,-1,-1
92,-1,967.63,318.11,229.29,454.20,0.99974,-1,-1,-1
92,-1,1664.57,235.77,221.59,630.95,0.99924,-1,-1,-1
92,-1,1385.95,319.58,252.34,532.48,0.99921,-1,-1,-1
92,-1,463.74,430.72,102.86,282.14,0.99690,-1,-1,-1
92,-1,321.35,463.80,86.31,246.62,0.99605,-1,-1,-1
92,-1,1316.73,537.85,45.38,126.54,0.98840,-1,-1,-1
92,-1,1338.59,470.62,54.13,185.12,0.98597,-1,-1,-1
92,-1,1372.76,482.97,46.54,174.03,0.91205,-1,-1,-1
92,-1,5.93,457.93,100.82,211.22,0.86088,-1,-1,-1
92,-1,127.92,527.49,69.42,213.19,0.84934,-1,-1,-1
92,-1,247.31,521.11,45.89,59.40,0.59481,-1,-1,-1
92,-1,20.75,492.09,97.23,257.16,0.52206,-1,-1,-1
92,-1,244.90,525.05,57.94,92.10,0.34992,-1,-1,-1
92,-1,248.19,496.53,53.47,177.69,0.24648,-1,-1,-1
92,-1,53.88,559.42,58.26,192.35,0.21264,-1,-1,-1
92,-1,576.82,395.35,42.23,112.18,0.19324,-1,-1,-1
92,-1,1262.64,366.05,76.75,104.12,0.16502,-1,-1,-1
92,-1,1846.86,423.18,36.14,169.90,0.15667,-1,-1,-1
92,-1,0.00,540.98,31.94,102.03,0.12649,-1,-1,-1
92,-1,1379.20,505.58,28.42,106.11,0.11805,-1,-1,-1
92,-1,3.96,507.62,71.89,269.39,0.11441,-1,-1,-1
92,-1,1363.96,474.61,47.81,115.48,0.07045,-1,-1,-1
92,-1,92.16,536.51,38.98,206.85,0.06643,-1,-1,-1
92,-1,315.32,470.43,52.29,179.42,0.06019,-1,-1,-1
92,-1,84.60,501.43,109.58,268.71,0.05727,-1,-1,-1
92,-1,12.83,460.04,163.26,328.96,0.05176,-1,-1,-1
93,-1,980.12,316.56,230.95,452.73,0.99952,-1,-1,-1
93,-1,1649.53,237.56,232.55,629.57,0.99939,-1,-1,-1
93,-1,1381.33,315.96,251.61,540.49,0.99938,-1,-1,-1
93,-1,463.79,431.34,102.11,284.85,0.99630,-1,-1,-1
93,-1,324.32,465.15,91.43,248.27,0.99561,-1,-1,-1
93,-1,1339.22,470.37,53.46,187.97,0.98780,-1,-1,-1
93,-1,1316.53,538.13,44.69,126.20,0.98473,-1,-1,-1
93,-1,1371.07,473.01,48.09,188.16,0.93285,-1,-1,-1
93,-1,120.30,535.42,72.82,205.05,0.84802,-1,-1,-1
93,-1,247.02,520.73,45.37,59.93,0.76059,-1,-1,-1
93,-1,37.00,555.38,75.69,195.69,0.73238,-1,-1,-1
93,-1,245.40,525.85,54.64,101.49,0.39132,-1,-1,-1
93,-1,0.27,535.46,29.10,112.14,0.34880,-1,-1,-1
93,-1,5.99,462.36,88.56,254.02,0.31780,-1,-1,-1
93,-1,576.11,396.66,42.46,107.23,0.31664,-1,-1,-1
93,-1,1843.86,417.95,39.67,173.54,0.28664,-1,-1,-1
93,-1,1375.55,485.29,30.71,133.15,0.25142,-1,-1,-1
93,-1,1277.44,367.58,58.46,93.15,0.19718,-1,-1,-1
93,-1,320.41,475.59,54.10,187.19,0.18377,-1,-1,-1
93,-1,3.36,537.48,62.01,243.69,0.11517,-1,-1,-1
93,-1,248.08,500.54,61.74,173.19,0.10686,-1,-1,-1
93,-1,268.74,523.37,43.34,55.29,0.08453,-1,-1,-1
93,-1,1371.50,480.73,34.96,77.74,0.07857,-1,-1,-1
93,-1,1339.72,475.92,29.14,166.69,0.07562,-1,-1,-1
93,-1,1856.21,460.75,30.65,116.93,0.05340,-1,-1,-1
93,-1,79.28,538.34,50.72,203.46,0.05269,-1,-1,-1
93,-1,323.97,470.55,39.71,133.08,0.05234,-1,-1,-1
93,-1,1362.57,484.10,32.25,136.74,0.05000,-1,-1,-1
94,-1,987.88,324.29,229.27,446.57,0.99976,-1,-1,-1
94,-1,1640.27,237.02,243.05,634.22,0.99945,-1,-1,-1
94,-1,1382.99,318.20,246.03,538.15,0.99897,-1,-1,-1
94,-1,467.60,432.00,103.89,282.27,0.99803,-1,-1,-1
94,-1,327.05,467.72,88.86,244.03,0.99656,-1,-1,-1
94,-1,1338.39,469.97,52.26,192.75,0.98986,-1,-1,-1
94,-1,1316.23,538.35,44.89,125.93,0.98186,-1,-1,-1
94,-1,1371.16,481.44,51.12,178.73,0.87921,-1,-1,-1
94,-1,119.57,534.65,72.64,205.71,0.85092,-1,-1,-1
94,-1,246.66,518.82,48.61,62.47,0.79545,-1,-1,-1
94,-1,39.37,542.72,73.46,211.09,0.76694,-1,-1,-1
94,-1,0.00,531.52,29.46,126.09,0.63005,-1,-1,-1
94,-1,6.13,457.23,86.46,270.15,0.61498,-1,-1,-1
94,-1,247.74,520.57,46.71,151.34,0.46486,-1,-1,-1
94,-1,1373.43,487.87,28.88,152.59,0.34876,-1,-1,-1
94,-1,7.11,459.35,69.88,140.54,0.30757,-1,-1,-1
94,-1,575.85,396.32,42.80,106.70,0.25999,-1,-1,-1
94,-1,2.22,508.27,62.93,251.51,0.25621,-1,-1,-1
94,-1,322.32,473.71,52.21,187.45,0.21050,-1,-1,-1
94,-1,20.57,499.14,86.19,98.35,0.20848,-1,-1,-1
94,-1,1844.18,424.06,39.05,167.07,0.15226,-1,-1,-1
94,-1,1271.39,363.42,65.78,104.63,0.14032,-1,-1,-1
94,-1,0.00,521.17,49.62,157.56,0.13093,-1,-1,-1
94,-1,323.73,469.57,37.75,110.70,0.08950,-1,-1,-1
94,-1,1373.20,478.82,28.14,82.85,0.08340,-1,-1,-1
94,-1,11.00,455.51,47.94,48.10,0.07821,-1,-1,-1
94,-1,139.76,518.25,62.32,184.30,0.06203,-1,-1,-1
94,-1,51.67,510.99,117.37,237.66,0.05835,-1,-1,-1
94,-1,1855.04,458.13,30.13,107.64,0.05655,-1,-1,-1
94,-1,90.77,540.76,38.23,202.91,0.05230,-1,-1,-1
94,-1,48.19,502.51,64.51,152.65,0.05107,-1,-1,-1
95,-1,996.40,323.66,222.80,449.61,0.99978,-1,-1,-1
95,-1,1637.56,234.50,239.33,638.75,0.99940,-1,-1,-1
95,-1,1380.33,315.56,246.94,540.29,0.99886,-1,-1,-1
95,-1,468.96,425.39,96.87,279.99,0.99815,-1,-1,-1
95,-1,331.14,466.21,87.32,245.54,0.99807,-1,-1,-1
95,-1,1338.81,471.41,52.42,190.71,0.99280,-1,-1,-1
95,-1,1316.48,538.79,44.71,125.86,0.98878,-1,-1,-1
95,-1,119.68,534.10,73.87,206.51,0.85184,-1,-1,-1
95,-1,247.33,519.82,47.54,61.64,0.80907,-1,-1,-1
95,-1,1374.78,520.95,45.67,140.00,0.80425,-1,-1,-1
95,-1,6.00,458.43,92.34,254.14,0.63091,-1,-1,-1
95,-1,29.98,510.83,87.22,247.37,0.55371,-1,-1,-1
95,-1,248.01,520.59,45.77,150.14,0.50303,-1,-1,-1
95,-1,0.38,538.99,25.52,125.09,0.32821,-1,-1,-1
95,-1,5.57,459.83,66.68,161.44,0.27600,-1,-1,-1
95,-1,1374.73,482.25,20.87,65.47,0.26243,-1,-1,-1
95,-1,1848.10,452.37,32.02,102.94,0.20597,-1,-1,-1
95,-1,576.14,396.92,42.58,107.06,0.17807,-1,-1,-1
95,-1,12.17,496.70,91.12,99.29,0.17219,-1,-1,-1
95,-1,1260.55,362.72,79.06,107.20,0.15361,-1,-1,-1
95,-1,12.86,545.65,70.02,209.09,0.11712,-1,-1,-1
95,-1,1839.39,413.54,39.00,160.46,0.10807,-1,-1,-1
95,-1,1371.97,489.50,24.61,140.63,0.10716,-1,-1,-1
95,-1,0.00,514.79,56.89,165.84,0.10092,-1,-1,-1
95,-1,49.39,499.19,60.55,83.87,0.09412,-1,-1,-1
95,-1,272.29,525.80,25.29,50.23,0.09212,-1,-1,-1
95,-1,6.39,454.93,45.89,48.31,0.08650,-1,-1,-1
95,-1,1340.43,476.24,27.51,155.47,0.08203,-1,-1,-1
95,-1,248.48,500.41,80.17,176.86,0.05869,-1,-1,-1
95,-1,1335.79,544.37,27.33,102.29,0.05038,-1,-1,-1
96,-1,1009.17,325.74,213.43,440.39,0.99973,-1,-1,-1
96,-1,1635.92,238.10,232.11,640.15,0.99941,-1,-1,-1
96,-1,335.24,461.30,80.84,251.93,0.99907,-1,-1,-1
96,-1,1381.34,316.35,228.90,543.53,0.99874,-1,-1,-1
96,-1,473.12,425.92,96.33,286.69,0.99846,-1,-1,-1
96,-1,1338.64,471.45,51.86,190.25,0.99377,-1,-1,-1
96,-1,1316.99,538.10,43.41,124.66,0.98602,-1,-1,-1
96,-1,246.25,518.88,49.15,61.04,0.88521,-1,-1,-1
96,-1,120.29,536.39,72.53,203.16,0.87730,-1,-1,-1
96,-1,45.19,531.98,68.71,218.22,0.81380,-1,-1,-1
96,-1,1377.25,509.60,40.41,148.49,0.63731,-1,-1,-1
96,-1,4.29,463.50,83.64,262.34,0.56130,-1,-1,-1
96,-1,247.12,520.57,48.72,149.21,0.46382,-1,-1,-1
96,-1,4.21,530.41,56.47,223.67,0.36771,-1,-1,-1
96,-1,0.41,459.27,55.98,172.86,0.35820,-1,-1,-1
96,-1,20.72,552.80,71.80,200.54,0.25039,-1,-1,-1
96,-1,0.14,546.53,26.17,133.76,0.24964,-1,-1,-1
96,-1,1854.13,517.90,22.74,58.32,0.23524,-1,-1,-1
96,-1,2.07,454.36,44.62,52.92,0.22335,-1,-1,-1
96,-1,1270.22,364.92,66.70,101.92,0.21673,-1,-1,-1
96,-1,28.57,501.72,79.43,178.96,0.21604,-1,-1,-1
96,-1,30.03,500.15,76.57,94.99,0.18584,-1,-1,-1
96,-1,724.32,387.03,51.34,150.11,0.11530,-1,-1,-1
96,-1,105.97,465.36,105.04,283.12,0.11471,-1,-1,-1
96,-1,575.51,394.25,43.30,107.98,0.10938,-1,-1,-1
96,-1,1480.42,359.37,140.87,395.57,0.08678,-1,-1,-1
96,-1,1862.97,525.24,19.34,68.32,0.08317,-1,-1,-1
96,-1,10.25,551.86,31.49,126.25,0.05881,-1,-1,-1
96,-1,277.03,527.22,35.66,49.72,0.05009,-1,-1,-1
97,-1,1030.32,321.14,196.31,439.94,0.99961,-1,-1,-1
97,-1,1629.20,231.99,233.43,645.77,0.99938,-1,-1,-1
97,-1,333.00,466.84,83.77,245.07,0.99925,-1,-1,-1
97,-1,1380.31,316.09,227.52,549.38,0.99838,-1,-1,-1
97,-1,475.27,428.11,94.17,285.91,0.99832,-1,-1,-1
97,-1,1339.10,471.61,73.80,191.50,0.99097,-1,-1,-1
97,-1,1316.51,537.37,41.86,125.47,0.98076,-1,-1,-1
97,-1,121.58,536.32,71.06,203.76,0.88583,-1,-1,-1
97,-1,246.48,518.91,47.50,61.06,0.87373,-1,-1,-1
97,-1,41.75,532.80,71.57,219.60,0.81013,-1,-1,-1
97,-1,0.00,458.93,46.76,200.06,0.53569,-1,-1,-1
97,-1,8.42,534.32,63.25,214.21,0.44494,-1,-1,-1
97,-1,247.51,521.08,46.18,150.46,0.39842,-1,-1,-1
97,-1,1372.11,519.58,47.68,137.19,0.32179,-1,-1,-1
97,-1,0.75,544.50,25.40,120.28,0.26196,-1,-1,-1
97,-1,40.63,504.80,64.68,122.34,0.25668,-1,-1,-1
97,-1,0.53,454.70,42.10,56.34,0.22583,-1,-1,-1
97,-1,1271.05,367.16,65.18,100.57,0.21188,-1,-1,-1
97,-1,53.84,498.50,54.32,85.25,0.14758,-1,-1,-1
97,-1,575.71,394.60,43.34,110.38,0.14155,-1,-1,-1
97,-1,1851.38,508.50,26.15,64.51,0.14112,-1,-1,-1
97,-1,11.99,497.28,102.23,195.64,0.13304,-1,-1,-1
97,-1,1862.12,521.15,21.86,73.35,0.12103,-1,-1,-1
97,-1,263.09,522.47,42.18,55.35,0.11291,-1,-1,-1
97,-1,256.35,511.40,64.24,160.59,0.08140,-1,-1,-1
97,-1,1390.91,526.07,26.00,71.24,0.06743,-1,-1,-1
97,-1,6.49,549.47,36.54,111.22,0.05888,-1,-1,-1
98,-1,1049.25,317.26,177.77,433.65,0.99963,-1,-1,-1
98,-1,1621.06,222.50,231.40,661.38,0.99940,-1,-1,-1
98,-1,331.88,467.15,85.28,243.99,0.99876,-1,-1,-1
98,-1,475.36,426.27,97.60,285.99,0.99861,-1,-1,-1
98,-1,1377.97,312.67,226.45,559.08,0.99823,-1,-1,-1
98,-1,1339.09,471.16,77.86,194.16,0.99568,-1,-1,-1
98,-1,1316.04,536.54,42.53,126.29,0.97929,-1,-1,-1
98,-1,246.66,518.30,48.66,62.19,0.89690,-1,-1,-1
98,-1,121.27,536.35,72.29,203.02,0.84866,-1,-1,-1
98,-1,43.28,540.26,69.77,214.70,0.74326,-1,-1,-1
98,-1,245.45,525.51,54.58,97.33,0.47699,-1,-1,-1
98,-1,1366.23,500.08,55.36,151.59,0.45702,-1,-1,-1
98,-1,247.51,495.35,57.78,180.57,0.40013,-1,-1,-1
98,-1,7.89,529.60,71.49,220.60,0.27625,-1,-1,-1
98,-1,1267.88,366.63,69.66,100.64,0.17762,-1,-1,-1
98,-1,31.86,504.28,71.22,133.93,0.17696,-1,-1,-1
98,-1,1.58,519.83,45.14,143.99,0.16282,-1,-1,-1
98,-1,1319.84,510.46,64.91,150.88,0.16250,-1,-1,-1
98,-1,10.08,499.69,101.65,203.05,0.11994,-1,-1,-1
98,-1,1337.44,486.69,28.56,168.89,0.11414,-1,-1,-1
98,-1,576.10,393.47,42.56,116.24,0.07340,-1,-1,-1
98,-1,1863.76,526.94,20.05,58.77,0.07204,-1,-1,-1
98,-1,1.07,548.74,26.27,121.85,0.06663,-1,-1,-1
98,-1,329.05,476.47,35.43,104.92,0.06659,-1,-1,-1
98,-1,462.70,498.45,16.76,58.79,0.05293,-1,-1,-1
98,-1,1384.88,520.27,39.49,62.44,0.05214,-1,-1,-1
99,-1,1054.53,314.19,169.77,442.27,0.99955,-1,-1,-1
99,-1,1616.64,217.20,233.45,667.68,0.99947,-1,-1,-1
99,-1,1362.27,317.68,236.58,556.22,0.99889,-1,-1,-1
99,-1,332.41,466.34,88.40,245.31,0.99874,-1,-1,-1
99,-1,473.30,423.72,101.45,290.11,0.99863,-1,-1,-1
99,-1,1338.85,470.36,73.54,193.22,0.99276,-1,-1,-1
99,-1,1316.04,537.86,42.60,124.98,0.98180,-1,-1,-1
99,-1,246.48,518.90,48.16,61.77,0.89545,-1,-1,-1
99,-1,120.87,539.98,70.59,198.57,0.86683,-1,-1,-1
99,-1,46.13,541.01,68.19,211.06,0.65809,-1,-1,-1
99,-1,247.16,521.23,47.79,149.13,0.53304,-1,-1,-1
99,-1,1364.82,500.49,59.43,161.90,0.34790,-1,-1,-1
99,-1,917.19,516.32,25.45,114.92,0.33248,-1,-1,-1
99,-1,14.75,502.89,84.88,221.06,0.32553,-1,-1,-1
99,-1,575.11,393.72,44.16,110.99,0.30049,-1,-1,-1
99,-1,1259.53,364.17,77.15,105.81,0.24388,-1,-1,-1
99,-1,1338.73,479.07,29.46,179.81,0.22061,-1,-1,-1
99,-1,44.97,504.97,64.22,163.59,0.18208,-1,-1,-1
99,-1,3.07,527.79,59.12,194.32,0.17404,-1,-1,-1
99,-1,971.29,553.67,39.27,47.41,0.13026,-1,-1,-1
99,-1,0.46,543.23,27.43,129.94,0.09918,-1,-1,-1
99,-1,879.30,502.89,60.99,145.18,0.09020,-1,-1,-1
99,-1,15.97,564.41,56.74,192.21,0.08418,-1,-1,-1
99,-1,1798.22,397.01,37.59,218.27,0.06825,-1,-1,-1
99,-1,1621.16,361.19,34.51,246.59,0.06570,-1,-1,-1
99,-1,0.00,454.27,22.73,98.66,0.05361,-1,-1,-1
99,-1,91.71,541.72,38.95,201.92,0.05339,-1,-1,-1
99,-1,268.25,520.97,61.31,56.43,0.05199,-1,-1,-1
100,-1,1607.89,220.36,234.11,665.22,0.99955,-1,-1,-1
100,-1,1063.48,315.04,156.95,434.80,0.99942,-1,-1,-1
100,-1,467.91,421.68,110.93,290.68,0.99905,-1,-1,-1
100,-1,332.36,463.92,89.21,247.98,0.99878,-1,-1,-1
100,-1,1358.56,320.41,233.83,555.67,0.99838,-1,-1,-1
100,-1,1337.98,468.43,71.17,193.08,0.98713,-1,-1,-1
100,-1,1315.83,534.45,44.61,129.62,0.97740,-1,-1,-1
100,-1,246.40,518.24,49.04,61.91,0.90246,-1,-1,-1
100,-1,120.74,536.87,71.26,202.75,0.83659,-1,-1,-1
100,-1,915.00,515.30,27.16,117.10,0.62353,-1,-1,-1
100,-1,46.88,538.66,67.14,214.52,0.58848,-1,-1,-1
100,-1,575.26,395.64,44.55,103.81,0.51276,-1,-1,-1
100,-1,246.78,515.80,54.42,156.31,0.44797,-1,-1,-1
100,-1,256.46,518.65,70.82,60.33,0.22682,-1,-1,-1
100,-1,14.92,501.77,85.24,223.60,0.22507,-1,-1,-1
100,-1,1257.42,363.16,80.24,107.14,0.22337,-1,-1,-1
100,-1,45.67,504.78,65.11,155.64,0.19935,-1,-1,-1
100,-1,462.57,493.65,18.85,64.34,0.14524,-1,-1,-1
100,-1,1338.31,472.04,34.66,180.65,0.13649,-1,-1,-1
100,-1,890.58,504.10,48.59,142.84,0.13505,-1,-1,-1
100,-1,1793.30,402.84,35.20,156.05,0.11009,-1,-1,-1
100,-1,42.64,499.87,63.26,87.14,0.05656,-1,-1,-1
100,-1,560.31,469.52,25.51,56.16,0.05468,-1,-1,-1
100,-1,7.49,545.00,59.78,221.42,0.05313,-1,-1,-1
101,-1,1600.42,219.18,235.70,666.75,0.99955,-1,-1,-1
101,-1,334.51,458.98,88.75,254.62,0.99894,-1,-1,-1
101,-1,463.44,419.21,115.91,293.46,0.99890,-1,-1,-1
101,-1,1357.33,319.49,229.65,554.01,0.99888,-1,-1,-1
101,-1,1084.75,321.43,146.85,426.23,0.99887,-1,-1,-1
101,-1,1338.99,471.03,55.48,190.39,0.98284,-1,-1,-1
101,-1,1315.65,537.08,42.47,125.43,0.97377,-1,-1,-1
101,-1,246.37,518.57,49.31,61.39,0.91481,-1,-1,-1
101,-1,125.40,527.98,75.51,213.23,0.86850,-1,-1,-1
101,-1,910.26,513.41,34.47,122.62,0.83527,-1,-1,-1
101,-1,45.29,524.78,69.20,229.07,0.68391,-1,-1,-1
101,-1,576.01,395.26,42.69,110.31,0.45031,-1,-1,-1
101,-1,247.55,515.22,55.40,156.20,0.43763,-1,-1,-1
101,-1,1357.20,505.89,58.78,156.30,0.33314,-1,-1,-1
101,-1,5.53,504.99,94.33,216.86,0.29286,-1,-1,-1
101,-1,1261.90,363.67,76.48,106.24,0.23859,-1,-1,-1
101,-1,856.16,505.25,88.14,149.95,0.15783,-1,-1,-1
101,-1,258.02,518.55,67.89,60.51,0.13990,-1,-1,-1
101,-1,42.82,502.41,62.70,127.63,0.12322,-1,-1,-1
101,-1,1339.22,474.94,27.36,172.78,0.07605,-1,-1,-1
101,-1,971.61,554.25,39.12,46.76,0.07467,-1,-1,-1
102,-1,1595.92,218.13,230.02,668.85,0.99962,-1,-1,-1
102,-1,1094.48,317.76,148.49,431.88,0.99930,-1,-1,-1
102,-1,463.58,417.46,117.36,293.68,0.99905,-1,-1,-1
102,-1,1353.95,320.10,232.01,556.42,0.99899,-1,-1,-1
102,-1,334.94,456.59,90.01,255.48,0.99861,-1,-1,-1
102,-1,1316.50,537.39,44.42,123.40,0.98295,-1,-1,-1
102,-1,1336.54,470.42,52.16,189.02,0.97894,-1,-1,-1
102,-1,246.37,518.17,50.63,61.62,0.90833,-1,-1,-1
102,-1,121.12,536.72,70.96,202.75,0.84175,-1,-1,-1
102,-1,909.32,512.64,34.19,124.98,0.78488,-1,-1,-1
102,-1,45.28,515.17,68.84,237.90,0.52643,-1,-1,-1
102,-1,575.41,396.17,43.86,109.59,0.42690,-1,-1,-1
102,-1,247.06,515.25,55.87,155.73,0.40393,-1,-1,-1
102,-1,29.62,499.57,75.09,155.87,0.27036,-1,-1,-1
102,-1,1273.77,362.62,63.92,105.36,0.26964,-1,-1,-1
102,-1,5.16,488.29,99.55,248.78,0.17228,-1,-1,-1
102,-1,42.55,503.08,63.11,93.02,0.15383,-1,-1,-1
102,-1,1352.68,482.11,53.00,181.48,0.15277,-1,-1,-1
102,-1,55.49,493.32,108.40,266.02,0.06583,-1,-1,-1
102,-1,1365.81,515.24,30.24,139.55,0.06441,-1,-1,-1
102,-1,1329.51,506.87,34.68,133.64,0.06064,-1,-1,-1
103,-1,1589.40,217.72,228.92,668.12,0.99964,-1,-1,-1
103,-1,1350.23,324.77,218.50,558.54,0.99908,-1,-1,-1
103,-1,462.22,419.31,120.77,292.75,0.99899,-1,-1,-1
103,-1,336.22,453.36,93.58,258.97,0.99880,-1,-1,-1
103,-1,1104.70,326.13,183.69,421.42,0.99872,-1,-1,-1
103,-1,1316.23,537.32,45.07,124.70,0.98120,-1,-1,-1
103,-1,1336.58,468.85,50.70,189.83,0.95772,-1,-1,-1
103,-1,909.08,516.36,34.29,121.83,0.92777,-1,-1,-1
103,-1,246.59,518.66,48.08,61.54,0.90869,-1,-1,-1
103,-1,121.84,531.92,70.87,208.02,0.84815,-1,-1,-1
103,-1,46.67,514.63,69.20,240.41,0.52215,-1,-1,-1
103,-1,575.12,397.34,43.82,106.66,0.39643,-1,-1,-1
103,-1,247.26,515.71,53.49,155.52,0.38248,-1,-1,-1
103,-1,1275.72,364.40,60.91,103.80,0.32821,-1,-1,-1
103,-1,33.73,500.79,69.27,115.74,0.25704,-1,-1,-1
103,-1,1339.55,473.91,23.59,163.74,0.22314,-1,-1,-1
103,-1,17.35,501.71,87.36,188.02,0.15987,-1,-1,-1
103,-1,1381.09,329.64,190.93,276.87,0.12917,-1,-1,-1
103,-1,1095.99,329.06,120.10,354.08,0.07570,-1,-1,-1
103,-1,271.12,524.48,29.57,52.18,0.06539,-1,-1,-1
103,-1,58.24,487.62,101.39,269.97,0.06459,-1,-1,-1
103,-1,879.35,502.65,39.82,144.16,0.05761,-1,-1,-1
103,-1,972.33,554.90,38.00,45.95,0.05384,-1,-1,-1
104,-1,1583.72,216.20,229.91,670.88,0.99962,-1,-1,-1
104,-1,1109.82,327.89,196.70,414.44,0.99950,-1,-1,-1
104,-1,1345.38,322.13,224.78,570.37,0.99901,-1,-1,-1
104,-1,340.51,452.80,91.48,259.45,0.99897,-1,-1,-1
104,-1,464.47,418.33,118.43,293.52,0.99885,-1,-1,-1
104,-1,1315.35,537.94,45.96,123.56,0.97124,-1,-1,-1
104,-1,1339.17,472.72,44.51,190.38,0.95234,-1,-1,-1
104,-1,246.50,518.22,49.16,61.86,0.89892,-1,-1,-1
104,-1,911.28,517.15,31.73,113.70,0.87385,-1,-1,-1
104,-1,121.65,532.59,70.79,208.05,0.84958,-1,-1,-1
104,-1,247.16,516.14,54.59,155.19,0.46002,-1,-1,-1
104,-1,45.88,528.45,72.74,228.05,0.45817,-1,-1,-1
104,-1,575.22,396.91,43.72,103.64,0.43070,-1,-1,-1
104,-1,1274.74,364.53,61.69,104.14,0.38725,-1,-1,-1
104,-1,1338.84,472.43,23.95,152.58,0.22030,-1,-1,-1
104,-1,32.19,500.36,71.66,136.49,0.18117,-1,-1,-1
104,-1,1336.41,544.17,32.38,113.86,0.11348,-1,-1,-1
104,-1,60.73,484.63,108.57,273.85,0.08153,-1,-1,-1
104,-1,261.41,519.20,67.77,58.87,0.05699,-1,-1,-1
104,-1,271.14,524.70,29.76,51.65,0.05046,-1,-1,-1
105,-1,1580.40,215.15,229.26,674.30,0.99969,-1,-1,-1
105,-1,1114.26,329.63,192.63,416.72,0.99934,-1,-1,-1
105,-1,1343.13,318.58,229.61,573.20,0.99910,-1,-1,-1
105,-1,465.72,419.75,117.61,294.76,0.99883,-1,-1,-1
105,-1,340.92,452.37,94.84,260.60,0.99867,-1,-1,-1
105,-1,1316.14,541.40,42.79,120.48,0.97264,-1,-1,-1
105,-1,246.30,518.67,49.52,61.83,0.90021,-1,-1,-1
105,-1,119.02,535.32,72.37,204.40,0.86229,-1,-1,-1
105,-1,910.27,514.66,33.64,115.46,0.82053,-1,-1,-1
105,-1,1342.88,491.93,40.43,171.16,0.75667,-1,-1,-1
105,-1,44.99,527.63,73.49,224.51,0.57494,-1,-1,-1
105,-1,246.55,521.96,48.90,144.72,0.51629,-1,-1,-1
105,-1,1273.04,364.43,64.52,104.64,0.40133,-1,-1,-1
105,-1,575.38,395.84,43.74,106.95,0.33616,-1,-1,-1
105,-1,30.20,501.25,74.16,139.93,0.23285,-1,-1,-1
105,-1,1334.68,550.22,34.30,108.59,0.20226,-1,-1,-1
105,-1,834.48,520.83,49.21,120.94,0.16836,-1,-1,-1
105,-1,15.60,498.53,86.88,243.39,0.12226,-1,-1,-1
105,-1,777.39,519.27,165.02,127.00,0.10331,-1,-1,-1
105,-1,56.03,489.20,109.33,268.36,0.07488,-1,-1,-1
105,-1,259.33,519.19,70.34,58.34,0.05562,-1,-1,-1
106,-1,1574.93,210.67,223.68,691.43,0.99975,-1,-1,-1
106,-1,1119.59,333.54,181.58,410.31,0.99950,-1,-1,-1
106,-1,1333.24,315.99,233.62,579.08,0.99884,-1,-1,-1
106,-1,466.27,419.92,116.89,294.28,0.99867,-1,-1,-1
106,-1,341.80,454.38,96.37,259.21,0.99857,-1,-1,-1
106,-1,1314.74,535.78,46.12,128.25,0.95186,-1,-1,-1
106,-1,246.56,518.28,49.02,61.69,0.92991,-1,-1,-1
106,-1,910.81,515.56,32.68,114.17,0.86856,-1,-1,-1
106,-1,120.76,537.92,70.30,201.46,0.84433,-1,-1,-1
106,-1,43.97,531.95,73.94,217.89,0.54384,-1,-1,-1
106,-1,246.83,522.60,48.07,143.69,0.47098,-1,-1,-1
106,-1,1267.91,363.47,71.16,105.62,0.35014,-1,-1,-1
106,-1,574.97,393.96,43.71,111.89,0.29122,-1,-1,-1
106,-1,33.30,504.67,71.75,131.34,0.23077,-1,-1,-1
106,-1,15.79,507.16,86.34,231.52,0.20097,-1,-1,-1
106,-1,1397.89,770.20,124.87,109.54,0.12453,-1,-1,-1
106,-1,42.61,501.02,61.42,79.77,0.12128,-1,-1,-1
106,-1,706.23,405.56,74.82,341.86,0.09071,-1,-1,-1
106,-1,6.89,527.92,84.53,125.10,0.08510,-1,-1,-1
106,-1,56.66,489.11,109.78,268.49,0.06829,-1,-1,-1
106,-1,461.29,495.10,21.92,63.19,0.06673,-1,-1,-1
106,-1,268.51,524.15,32.20,51.67,0.05458,-1,-1,-1
106,-1,53.58,532.81,73.18,129.42,0.05019,-1,-1,-1
107,-1,1565.89,217.81,223.34,683.83,0.99970,-1,-1,-1
107,-1,1128.77,337.61,172.62,404.13,0.99922,-1,-1,-1
107,-1,1317.12,311.54,238.13,583.24,0.99893,-1,-1,-1
107,-1,467.87,419.26,114.87,297.26,0.99874,-1,-1,-1
107,-1,342.53,457.69,94.88,256.27,0.99821,-1,-1,-1
107,-1,910.36,518.51,33.25,111.18,0.93874,-1,-1,-1
107,-1,246.59,517.97,48.81,60.70,0.91674,-1,-1,-1
107,-1,122.14,537.12,70.01,202.36,0.81074,-1,-1,-1
107,-1,1315.87,534.39,43.61,130.83,0.75919,-1,-1,-1
107,-1,45.96,536.03,70.53,214.27,0.56417,-1,-1,-1
107,-1,246.42,522.83,47.96,141.96,0.39747,-1,-1,-1
107,-1,575.10,395.10,43.87,110.42,0.39059,-1,-1,-1
107,-1,11.98,514.60,85.59,210.58,0.21888,-1,-1,-1
107,-1,33.58,504.75,70.46,138.98,0.14688,-1,-1,-1
107,-1,44.28,500.12,58.22,80.57,0.12301,-1,-1,-1
107,-1,971.38,548.90,41.50,52.12,0.08842,-1,-1,-1
107,-1,3.60,534.21,66.57,98.06,0.07226,-1,-1,-1
107,-1,57.04,491.65,108.75,263.45,0.06990,-1,-1,-1
107,-1,1271.02,364.79,64.58,104.74,0.05891,-1,-1,-1
107,-1,1162.16,340.36,94.94,79.94,0.05801,-1,-1,-1
107,-1,255.26,518.43,76.49,58.24,0.05114,-1,-1,-1
107,-1,415.09,490.45,52.90,198.45,0.05095,-1,-1,-1
108,-1,1558.42,214.79,223.18,694.79,0.99974,-1,-1,-1
108,-1,1303.65,303.21,246.33,594.59,0.99922,-1,-1,-1
108,-1,472.88,423.49,107.84,293.15,0.99891,-1,-1,-1
108,-1,1145.39,334.60,160.82,402.27,0.99848,-1,-1,-1
108,-1,346.84,460.64,93.50,254.38,0.99805,-1,-1,-1
108,-1,909.27,517.86,34.06,114.18,0.96508,-1,-1,-1
108,-1,246.18,517.89,48.65,61.68,0.89871,-1,-1,-1
108,-1,128.31,531.54,66.45,206.84,0.78726,-1,-1,-1
108,-1,51.50,531.73,67.49,222.41,0.53264,-1,-1,-1
108,-1,575.18,395.57,44.08,110.55,0.49941,-1,-1,-1
108,-1,246.78,519.69,47.98,149.13,0.30416,-1,-1,-1
108,-1,45.65,505.05,67.59,142.81,0.26705,-1,-1,-1
108,-1,1314.62,548.40,39.27,118.28,0.14210,-1,-1,-1
108,-1,1278.09,360.64,59.34,111.03,0.12609,-1,-1,-1
108,-1,49.24,498.93,56.31,82.53,0.12142,-1,-1,-1
108,-1,11.78,515.39,84.29,231.85,0.10434,-1,-1,-1
108,-1,106.81,468.01,98.04,282.46,0.10426,-1,-1,-1
108,-1,417.57,490.60,49.43,181.14,0.09124,-1,-1,-1
108,-1,56.26,492.86,111.12,262.93,0.08959,-1,-1,-1
108,-1,271.91,525.61,26.27,48.55,0.08469,-1,-1,-1
108,-1,831.38,449.79,84.21,275.80,0.06758,-1,-1,-1
108,-1,4.80,528.73,86.64,115.38,0.06611,-1,-1,-1
108,-1,564.49,466.08,21.54,59.42,0.06290,-1,-1,-1
109,-1,1555.68,217.34,223.87,688.45,0.99974,-1,-1,-1
109,-1,1291.01,296.12,261.16,603.99,0.99913,-1,-1,-1
109,-1,474.77,424.09,105.65,293.32,0.99880,-1,-1,-1
109,-1,348.56,459.58,91.20,256.24,0.99852,-1,-1,-1
109,-1,1154.72,330.44,159.89,408.02,0.99823,-1,-1,-1
109,-1,910.97,520.01,32.55,109.21,0.95262,-1,-1,-1
109,-1,246.30,517.68,49.58,61.85,0.89177,-1,-1,-1
109,-1,128.58,529.59,66.12,208.96,0.86846,-1,-1,-1
109,-1,47.42,545.49,68.39,210.81,0.64280,-1,-1,-1
109,-1,575.15,397.03,43.75,106.60,0.49758,-1,-1,-1
109,-1,1278.97,365.38,60.66,108.90,0.36108,-1,-1,-1
109,-1,246.67,518.32,48.43,153.91,0.32747,-1,-1,-1
109,-1,18.08,528.11,79.54,228.73,0.23482,-1,-1,-1
109,-1,40.78,508.30,75.81,152.83,0.14108,-1,-1,-1
109,-1,442.81,493.01,23.63,63.20,0.11330,-1,-1,-1
109,-1,1287.60,420.84,65.69,238.64,0.11252,-1,-1,-1
109,-1,1157.16,354.09,104.28,289.83,0.10493,-1,-1,-1
109,-1,59.92,477.64,90.55,273.64,0.09453,-1,-1,-1
109,-1,838.66,567.12,58.61,144.06,0.09325,-1,-1,-1
109,-1,462.98,500.36,19.55,57.09,0.08657,-1,-1,-1
109,-1,310.83,527.45,39.99,50.13,0.07421,-1,-1,-1
109,-1,42.81,499.99,61.94,81.60,0.06031,-1,-1,-1
109,-1,561.42,465.42,23.69,50.99,0.05396,-1,-1,-1
109,-1,1269.89,361.11,72.65,183.39,0.05392,-1,-1,-1
109,-1,269.57,524.34,33.33,51.40,0.05147,-1,-1,-1
109,-1,1301.66,540.93,48.20,125.58,0.05060,-1,-1,-1
110,-1,1552.30,218.50,224.49,686.44,0.99975,-1,-1,-1
110,-1,474.66,422.81,105.62,297.58,0.99875,-1,-1,-1
110,-1,1292.52,303.67,252.56,596.34,0.99871,-1,-1,-1
110,-1,350.47,457.52,91.34,260.44,0.99808,-1,-1,-1
110,-1,1166.97,328.97,145.76,403.47,0.99796,-1,-1,-1
110,-1,246.02,517.82,50.90,62.01,0.86642,-1,-1,-1
110,-1,122.34,538.22,69.35,200.50,0.83305,-1,-1,-1
110,-1,46.97,545.58,67.80,209.67,0.61979,-1,-1,-1
110,-1,1283.83,357.96,58.12,288.12,0.56926,-1,-1,-1
110,-1,910.59,534.94,30.61,93.76,0.54167,-1,-1,-1
110,-1,575.03,395.82,44.16,107.60,0.46899,-1,-1,-1
110,-1,1284.07,361.75,55.31,114.03,0.45029,-1,-1,-1
110,-1,246.38,518.70,54.09,152.56,0.42646,-1,-1,-1
110,-1,16.37,537.53,81.23,214.75,0.32575,-1,-1,-1
110,-1,43.27,506.58,70.41,150.23,0.22909,-1,-1,-1
110,-1,96.37,445.37,103.96,310.62,0.09518,-1,-1,-1
110,-1,442.17,492.71,24.88,59.95,0.09036,-1,-1,-1
110,-1,59.79,481.51,89.39,267.46,0.07870,-1,-1,-1
110,-1,67.11,616.52,38.87,130.52,0.06427,-1,-1,-1
110,-1,46.18,502.29,61.66,88.58,0.05497,-1,-1,-1
110,-1,1230.05,338.45,102.63,372.83,0.05456,-1,-1,-1
110,-1,422.17,490.62,45.26,175.18,0.05058,-1,-1,-1
111,-1,1545.16,219.48,229.47,686.20,0.99973,-1,-1,-1
111,-1,1274.69,294.08,268.92,606.95,0.99883,-1,-1,-1
111,-1,476.68,421.85,101.19,301.63,0.99867,-1,-1,-1
111,-1,1179.29,327.90,146.45,403.79,0.99836,-1,-1,-1
111,-1,349.13,453.24,92.30,264.61,0.99807,-1,-1,-1
111,-1,245.61,517.89,49.75,61.71,0.88136,-1,-1,-1
111,-1,121.32,537.84,70.24,201.29,0.85897,-1,-1,-1
111,-1,46.27,536.12,70.79,217.62,0.69333,-1,-1,-1
111,-1,575.58,396.64,43.65,107.02,0.59963,-1,-1,-1
111,-1,1287.77,360.26,49.47,91.88,0.49461,-1,-1,-1
111,-1,908.09,524.55,33.68,102.82,0.43865,-1,-1,-1
111,-1,246.22,520.54,48.44,147.47,0.29782,-1,-1,-1
111,-1,41.13,504.61,73.36,152.41,0.21700,-1,-1,-1
111,-1,4.69,506.96,94.00,238.03,0.20542,-1,-1,-1
111,-1,560.28,471.23,24.60,57.52,0.09940,-1,-1,-1
111,-1,66.35,613.02,41.15,135.49,0.09383,-1,-1,-1
111,-1,95.19,450.77,103.57,311.36,0.08492,-1,-1,-1
111,-1,274.68,527.11,27.58,48.58,0.08054,-1,-1,-1
111,-1,360.57,455.72,23.34,42.75,0.06084,-1,-1,-1
111,-1,45.27,500.13,62.48,84.91,0.06055,-1,-1,-1
112,-1,1541.59,218.86,229.42,697.30,0.99973,-1,-1,-1
112,-1,1269.70,290.78,271.06,611.36,0.99891,-1,-1,-1
112,-1,474.95,420.05,102.31,303.96,0.99876,-1,-1,-1
112,-1,1180.71,329.69,139.88,402.98,0.99812,-1,-1,-1
112,-1,351.45,453.19,89.81,263.89,0.99805,-1,-1,-1
112,-1,246.02,517.78,49.72,62.24,0.89584,-1,-1,-1
112,-1,120.71,534.82,71.32,204.86,0.87156,-1,-1,-1
112,-1,46.36,529.06,68.54,226.38,0.66650,-1,-1,-1
112,-1,575.71,396.05,42.93,107.92,0.46379,-1,-1,-1
112,-1,246.66,519.40,47.61,151.54,0.40668,-1,-1,-1
112,-1,11.04,505.52,85.95,229.86,0.28243,-1,-1,-1
112,-1,914.45,540.47,28.62,89.17,0.25423,-1,-1,-1
112,-1,37.80,502.33,66.57,126.81,0.16648,-1,-1,-1
112,-1,51.06,500.75,57.73,81.08,0.10782,-1,-1,-1
112,-1,50.71,497.35,108.17,261.30,0.09514,-1,-1,-1
112,-1,3.98,530.61,85.15,124.60,0.08436,-1,-1,-1
112,-1,1.56,543.13,66.07,171.16,0.08033,-1,-1,-1
112,-1,266.17,523.14,37.52,54.30,0.07712,-1,-1,-1
112,-1,561.16,466.73,25.43,63.03,0.07142,-1,-1,-1
112,-1,462.34,498.31,16.99,59.99,0.05451,-1,-1,-1
112,-1,441.19,492.82,27.34,63.45,0.05410,-1,-1,-1
113,-1,1539.08,222.33,223.79,699.13,0.99976,-1,-1,-1
113,-1,1271.96,294.72,256.93,607.66,0.99926,-1,-1,-1
113,-1,471.47,416.16,102.65,308.06,0.99880,-1,-1,-1
113,-1,1184.80,330.95,132.09,399.35,0.99695,-1,-1,-1
113,-1,350.08,445.14,94.01,272.10,0.99615,-1,-1,-1
113,-1,245.88,517.64,51.04,62.80,0.90820,-1,-1,-1
113,-1,121.94,533.57,69.81,205.54,0.84287,-1,-1,-1
113,-1,49.70,514.31,67.63,241.64,0.63076,-1,-1,-1
113,-1,575.31,395.80,43.83,106.80,0.58141,-1,-1,-1
113,-1,246.69,519.67,48.94,150.52,0.48017,-1,-1,-1
113,-1,49.43,504.06,59.67,114.19,0.28196,-1,-1,-1
113,-1,6.82,512.45,88.59,257.76,0.23457,-1,-1,-1
113,-1,1737.33,507.87,19.20,100.60,0.12033,-1,-1,-1
113,-1,1.50,539.65,66.98,193.13,0.10709,-1,-1,-1
113,-1,930.30,543.60,16.31,37.70,0.10669,-1,-1,-1
113,-1,1311.85,371.42,20.15,42.77,0.08552,-1,-1,-1
113,-1,1735.68,488.66,32.60,123.25,0.08359,-1,-1,-1
113,-1,462.58,499.36,15.91,59.99,0.07891,-1,-1,-1
113,-1,42.47,543.30,70.21,113.05,0.06986,-1,-1,-1
113,-1,356.92,456.29,30.61,36.47,0.06360,-1,-1,-1
113,-1,559.50,463.70,27.53,65.93,0.06200,-1,-1,-1
113,-1,106.08,461.61,103.03,295.81,0.05734,-1,-1,-1
114,-1,1535.26,222.48,225.82,701.57,0.99981,-1,-1,-1
114,-1,1269.41,289.89,256.17,617.39,0.99922,-1,-1,-1
114,-1,470.66,415.36,102.56,307.85,0.99900,-1,-1,-1
114,-1,351.16,443.25,93.13,272.50,0.99663,-1,-1,-1
114,-1,1195.45,333.99,125.20,400.04,0.99497,-1,-1,-1
114,-1,246.13,517.11,50.36,62.45,0.84787,-1,-1,-1
114,-1,125.89,531.58,75.24,209.55,0.81867,-1,-1,-1
114,-1,575.68,397.30,43.55,103.67,0.65991,-1,-1,-1
114,-1,49.20,538.92,68.06,217.05,0.59470,-1,-1,-1
114,-1,4.99,512.30,93.11,250.90,0.43459,-1,-1,-1
114,-1,246.52,517.21,54.10,154.13,0.36264,-1,-1,-1
114,-1,50.85,508.64,64.83,158.36,0.28976,-1,-1,-1
114,-1,1.70,530.14,91.20,125.06,0.27528,-1,-1,-1
114,-1,462.21,491.68,16.40,67.26,0.21753,-1,-1,-1
114,-1,1732.66,506.96,21.20,100.20,0.11542,-1,-1,-1
114,-1,246.52,521.13,31.17,50.04,0.10135,-1,-1,-1
114,-1,363.14,451.51,23.21,40.72,0.07828,-1,-1,-1
114,-1,1737.10,470.06,31.94,138.42,0.06997,-1,-1,-1
114,-1,53.99,496.51,111.64,260.75,0.05454,-1,-1,-1
114,-1,929.85,543.63,20.22,38.21,0.05205,-1,-1,-1
115,-1,1531.34,222.44,226.23,706.24,0.99981,-1,-1,-1
115,-1,1261.58,287.65,255.36,621.74,0.99919,-1,-1,-1
115,-1,469.24,415.24,101.86,308.00,0.99871,-1,-1,-1
115,-1,356.84,441.15,86.01,277.69,0.99838,-1,-1,-1
115,-1,1189.46,341.28,128.58,386.20,0.98775,-1,-1,-1
115,-1,121.84,541.85,70.85,197.50,0.82901,-1,-1,-1
115,-1,246.29,517.94,49.01,62.09,0.80301,-1,-1,-1
115,-1,575.34,397.54,43.32,106.88,0.62074,-1,-1,-1
115,-1,45.98,544.04,69.99,209.73,0.48298,-1,-1,-1
115,-1,246.77,517.70,53.64,153.91,0.30465,-1,-1,-1
115,-1,8.18,504.81,101.26,260.69,0.19118,-1,-1,-1
115,-1,460.67,493.28,16.30,64.76,0.17355,-1,-1,-1
115,-1,362.70,452.38,22.09,40.72,0.11961,-1,-1,-1
115,-1,557.01,464.58,30.51,71.21,0.10556,-1,-1,-1
115,-1,1733.35,480.51,37.42,128.43,0.09660,-1,-1,-1
115,-1,44.50,541.68,68.66,112.10,0.05440,-1,-1,-1
115,-1,6.84,515.98,89.80,145.29,0.05281,-1,-1,-1
115,-1,447.41,493.80,25.01,64.54,0.05043,-1,-1,-1
116,-1,1515.51,214.80,235.62,711.66,0.99978,-1,-1,-1
116,-1,1246.68,289.64,270.00,625.25,0.99927,-1,-1,-1
116,-1,467.16,412.19,98.12,309.45,0.99845,-1,-1,-1
116,-1,356.34,441.25,83.61,275.39,0.99805,-1,-1,-1
116,-1,1194.86,349.26,124.12,360.86,0.95094,-1,-1,-1
116,-1,246.17,517.20,50.15,62.86,0.87618,-1,-1,-1
116,-1,129.57,535.20,65.15,203.06,0.82154,-1,-1,-1
116,-1,574.87,397.98,44.50,106.31,0.75565,-1,-1,-1
116,-1,50.76,547.11,66.88,205.97,0.45613,-1,-1,-1
116,-1,246.74,520.29,48.79,152.86,0.35360,-1,-1,-1
116,-1,1226.33,345.91,88.79,233.68,0.32609,-1,-1,-1
116,-1,7.94,515.80,100.29,247.19,0.18553,-1,-1,-1
116,-1,33.15,530.66,120.97,229.71,0.13074,-1,-1,-1
116,-1,43.46,508.45,71.31,141.24,0.12311,-1,-1,-1
116,-1,3.20,532.76,84.80,123.95,0.11767,-1,-1,-1
116,-1,550.55,444.79,35.70,103.02,0.09536,-1,-1,-1
116,-1,1172.02,358.97,117.20,228.09,0.07881,-1,-1,-1
116,-1,358.47,456.26,29.86,33.02,0.07039,-1,-1,-1
116,-1,970.80,544.73,44.49,54.86,0.05895,-1,-1,-1
116,-1,107.89,463.89,104.17,291.15,0.05612,-1,-1,-1
117,-1,1508.30,212.34,234.98,716.99,0.99976,-1,-1,-1
117,-1,1245.43,291.29,263.13,629.13,0.99883,-1,-1,-1
117,-1,465.63,411.60,98.34,310.18,0.99835,-1,-1,-1
117,-1,358.46,444.47,85.43,278.48,0.99675,-1,-1,-1
117,-1,1182.93,351.97,136.48,356.27,0.93377,-1,-1,-1
117,-1,126.69,528.68,76.81,213.16,0.84481,-1,-1,-1
117,-1,246.02,517.75,50.00,62.21,0.76749,-1,-1,-1
117,-1,575.44,399.91,44.19,112.21,0.64136,-1,-1,-1
117,-1,42.74,536.45,68.57,219.70,0.41651,-1,-1,-1
117,-1,246.12,521.89,49.21,146.14,0.31642,-1,-1,-1
117,-1,1234.93,324.51,109.94,433.66,0.17303,-1,-1,-1
117,-1,808.89,506.81,63.68,134.68,0.14365,-1,-1,-1
117,-1,1169.27,379.56,117.05,226.55,0.08527,-1,-1,-1
117,-1,1232.89,351.31,87.26,183.57,0.08056,-1,-1,-1
117,-1,6.49,482.40,97.60,298.79,0.07605,-1,-1,-1
117,-1,39.20,505.44,70.97,144.58,0.07338,-1,-1,-1
117,-1,523.43,454.14,43.39,248.67,0.06423,-1,-1,-1
117,-1,1208.87,331.81,133.90,241.28,0.05648,-1,-1,-1
117,-1,971.16,545.32,42.07,54.18,0.05325,-1,-1,-1
118,-1,1507.28,203.97,230.78,726.96,0.99974,-1,-1,-1
118,-1,1229.63,299.36,271.32,621.42,0.99889,-1,-1,-1
118,-1,462.47,410.12,100.63,312.54,0.99835,-1,-1,-1
118,-1,356.94,442.00,87.18,280.18,0.99749,-1,-1,-1
118,-1,127.05,523.06,75.32,219.22,0.87001,-1,-1,-1
118,-1,245.66,518.38,49.27,62.22,0.82968,-1,-1,-1
118,-1,576.03,394.35,43.17,111.57,0.55638,-1,-1,-1
118,-1,47.18,538.33,69.36,217.82,0.54201,-1,-1,-1
118,-1,1199.17,361.45,99.37,306.09,0.41963,-1,-1,-1
118,-1,245.83,522.55,48.90,145.99,0.40579,-1,-1,-1
118,-1,21.52,496.08,87.18,231.86,0.16671,-1,-1,-1
118,-1,1215.06,301.05,154.23,367.50,0.13247,-1,-1,-1
118,-1,947.00,550.33,67.74,162.26,0.08712,-1,-1,-1
118,-1,12.89,533.39,65.64,244.86,0.08505,-1,-1,-1
118,-1,1241.01,324.65,135.79,596.38,0.06970,-1,-1,-1
118,-1,38.25,524.04,77.08,131.04,0.05739,-1,-1,-1
119,-1,1504.11,200.47,230.79,732.44,0.99968,-1,-1,-1
119,-1,1206.05,294.12,274.27,633.91,0.99912,-1,-1,-1
119,-1,460.45,409.46,101.52,312.31,0.99835,-1,-1,-1
119,-1,351.19,443.02,93.77,279.65,0.99509,-1,-1,-1
119,-1,121.66,536.82,70.07,203.01,0.88281,-1,-1,-1
119,-1,245.50,518.20,49.83,62.83,0.82795,-1,-1,-1
119,-1,40.60,544.00,72.06,210.63,0.64123,-1,-1,-1
119,-1,575.92,400.00,43.32,111.56,0.38614,-1,-1,-1
119,-1,246.12,520.69,48.90,152.76,0.33899,-1,-1,-1
119,-1,16.47,511.58,80.96,273.02,0.22141,-1,-1,-1
119,-1,36.61,506.72,77.02,143.77,0.15571,-1,-1,-1
119,-1,1199.10,395.32,80.53,268.04,0.14952,-1,-1,-1
119,-1,958.68,551.81,61.93,164.31,0.14686,-1,-1,-1
119,-1,1193.13,403.50,72.06,170.99,0.08858,-1,-1,-1
119,-1,3.69,537.14,56.60,248.90,0.05510,-1,-1,-1
119,-1,1323.38,306.03,173.16,571.80,0.05071,-1,-1,-1
120,-1,1496.20,194.20,236.60,737.45,0.99959,-1,-1,-1
120,-1,1208.72,289.62,265.37,648.19,0.99883,-1,-1,-1
120,-1,459.47,409.10,101.93,311.97,0.99832,-1,-1,-1
120,-1,350.92,444.70,92.99,278.80,0.99568,-1,-1,-1
120,-1,127.36,533.24,65.74,206.00,0.88996,-1,-1,-1
120,-1,245.28,518.38,48.92,62.57,0.75670,-1,-1,-1
120,-1,41.25,537.03,72.05,221.15,0.67362,-1,-1,-1
120,-1,576.14,401.24,42.71,112.44,0.44088,-1,-1,-1
120,-1,245.41,522.86,48.77,147.48,0.37072,-1,-1,-1
120,-1,42.59,507.66,70.10,149.27,0.23388,-1,-1,-1
120,-1,18.88,530.74,64.79,229.61,0.15573,-1,-1,-1
120,-1,106.54,477.29,99.12,284.48,0.08704,-1,-1,-1
120,-1,255.68,521.73,61.02,55.99,0.06145,-1,-1,-1
120,-1,28.61,521.18,65.74,108.63,0.06042,-1,-1,-1
121,-1,1492.26,188.26,237.94,749.59,0.99954,-1,-1,-1
121,-1,1201.71,287.82,266.85,654.63,0.99930,-1,-1,-1
121,-1,457.48,408.22,103.04,315.81,0.99805,-1,-1,-1
121,-1,350.06,452.35,94.21,273.50,0.99426,-1,-1,-1
121,-1,128.77,523.09,71.44,218.70,0.89180,-1,-1,-1
121,-1,245.51,519.84,46.84,60.34,0.74698,-1,-1,-1
121,-1,39.48,514.20,75.38,245.15,0.63802,-1,-1,-1
121,-1,575.54,397.38,44.50,110.38,0.59516,-1,-1,-1
121,-1,244.99,522.17,48.38,148.59,0.38404,-1,-1,-1
121,-1,21.13,551.93,72.04,209.07,0.19476,-1,-1,-1
121,-1,38.83,503.64,67.12,141.72,0.16350,-1,-1,-1
122,-1,1487.32,173.43,241.11,767.73,0.99952,-1,-1,-1
122,-1,1184.39,282.57,283.19,660.98,0.99943,-1,-1,-1
122,-1,455.00,408.92,105.12,315.26,0.99816,-1,-1,-1
122,-1,348.65,452.49,98.29,275.68,0.99417,-1,-1,-1
122,-1,128.09,521.87,70.66,218.74,0.92410,-1,-1,-1
122,-1,244.93,518.19,48.04,61.94,0.66333,-1,-1,-1
122,-1,40.85,513.80,75.24,240.10,0.65396,-1,-1,-1
122,-1,574.93,397.25,44.91,108.40,0.53669,-1,-1,-1
122,-1,245.25,522.13,48.73,149.34,0.35967,-1,-1,-1
122,-1,37.40,503.49,67.39,127.22,0.26962,-1,-1,-1
122,-1,20.11,543.47,68.92,216.82,0.16666,-1,-1,-1
122,-1,50.40,534.69,70.00,120.20,0.06727,-1,-1,-1
123,-1,1480.50,168.26,247.01,772.55,0.99963,-1,-1,-1
123,-1,1154.00,283.17,299.89,657.34,0.99962,-1,-1,-1
123,-1,453.25,409.45,105.42,315.49,0.99817,-1,-1,-1
123,-1,344.57,450.03,101.17,277.94,0.99648,-1,-1,-1
123,-1,126.99,528.75,64.98,209.70,0.89258,-1,-1,-1
123,-1,43.95,523.73,69.46,233.11,0.82942,-1,-1,-1
123,-1,245.52,517.54,46.80,62.06,0.65582,-1,-1,-1
123,-1,575.22,399.14,44.61,108.22,0.49351,-1,-1,-1
123,-1,244.39,522.68,53.87,95.23,0.26406,-1,-1,-1
123,-1,40.97,505.32,69.62,147.78,0.17146,-1,-1,-1
123,-1,22.50,535.12,54.95,228.60,0.13445,-1,-1,-1
123,-1,80.51,525.53,109.72,261.35,0.06866,-1,-1,-1
124,-1,1142.10,278.13,302.20,669.01,0.99961,-1,-1,-1
124,-1,1467.66,159.86,253.26,766.71,0.99939,-1,-1,-1
124,-1,452.25,409.29,107.55,316.58,0.99809,-1,-1,-1
124,-1,342.24,448.63,101.79,279.88,0.99667,-1,-1,-1
124,-1,123.45,525.62,71.54,214.85,0.88769,-1,-1,-1
124,-1,47.05,526.33,66.91,227.32,0.79562,-1,-1,-1
124,-1,245.94,516.84,46.99,62.40,0.70233,-1,-1,-1
124,-1,909.19,516.55,30.21,112.17,0.55416,-1,-1,-1
124,-1,575.32,398.33,45.08,108.22,0.52932,-1,-1,-1
124,-1,958.05,537.14,71.97,177.54,0.29613,-1,-1,-1
124,-1,247.66,520.59,48.49,149.72,0.25485,-1,-1,-1
124,-1,46.41,507.26,63.49,139.92,0.20947,-1,-1,-1
124,-1,16.22,516.85,79.74,259.15,0.20236,-1,-1,-1
124,-1,0.86,535.90,35.13,137.45,0.15875,-1,-1,-1
124,-1,2.15,521.54,57.61,259.34,0.12921,-1,-1,-1
124,-1,359.64,450.57,18.79,49.84,0.05423,-1,-1,-1
125,-1,1464.20,157.04,255.45,774.08,0.99954,-1,-1,-1
125,-1,1138.08,277.07,301.67,673.09,0.99953,-1,-1,-1
125,-1,452.32,409.11,106.07,317.14,0.99805,-1,-1,-1
125,-1,338.33,444.11,103.88,284.30,0.99752,-1,-1,-1
125,-1,123.81,524.85,67.67,214.67,0.91669,-1,-1,-1
125,-1,48.33,535.20,67.06,219.59,0.69755,-1,-1,-1
125,-1,910.05,515.26,30.15,115.44,0.64424,-1,-1,-1
125,-1,246.38,516.85,46.82,62.35,0.55204,-1,-1,-1
125,-1,575.27,399.42,44.23,112.18,0.34246,-1,-1,-1
125,-1,245.14,523.15,47.95,137.73,0.22062,-1,-1,-1
125,-1,1.18,538.30,41.40,136.58,0.20661,-1,-1,-1
125,-1,44.38,506.43,66.08,138.20,0.13955,-1,-1,-1
125,-1,11.65,519.68,80.70,256.88,0.09856,-1,-1,-1
125,-1,934.66,537.23,20.03,58.84,0.06556,-1,-1,-1
125,-1,60.15,495.85,117.41,262.57,0.05963,-1,-1,-1
125,-1,0.50,527.94,57.12,258.69,0.05468,-1,-1,-1
126,-1,1458.92,158.26,258.57,785.25,0.99971,-1,-1,-1
126,-1,1126.33,279.90,303.55,671.26,0.99918,-1,-1,-1
126,-1,453.60,408.65,103.61,319.10,0.99790,-1,-1,-1
126,-1,339.40,436.59,99.89,291.91,0.99774,-1,-1,-1
126,-1,910.52,518.44,31.53,107.54,0.94704,-1,-1,-1
126,-1,120.17,526.31,69.72,215.57,0.87561,-1,-1,-1
126,-1,46.42,532.02,67.85,223.49,0.61987,-1,-1,-1
126,-1,245.90,517.56,48.44,61.57,0.59050,-1,-1,-1
126,-1,940.73,537.35,16.58,49.20,0.50024,-1,-1,-1
126,-1,575.51,395.63,44.38,111.25,0.45003,-1,-1,-1
126,-1,0.70,528.33,40.50,137.74,0.35296,-1,-1,-1
126,-1,245.25,522.16,49.25,145.86,0.23897,-1,-1,-1
126,-1,13.33,511.37,81.35,269.35,0.18734,-1,-1,-1
126,-1,1371.80,658.97,43.13,48.35,0.14256,-1,-1,-1
126,-1,1.13,529.35,49.47,220.65,0.14162,-1,-1,-1
126,-1,43.31,504.98,67.55,148.29,0.13421,-1,-1,-1
126,-1,1315.87,347.08,43.94,25.27,0.10509,-1,-1,-1
126,-1,125.49,522.96,123.90,211.41,0.07511,-1,-1,-1
126,-1,180.84,530.84,42.27,45.42,0.07151,-1,-1,-1
126,-1,923.91,524.40,23.89,98.04,0.06340,-1,-1,-1
127,-1,1450.51,155.81,264.42,789.58,0.99972,-1,-1,-1
127,-1,1120.90,275.39,303.77,677.78,0.99898,-1,-1,-1
127,-1,337.08,432.60,101.20,295.78,0.99845,-1,-1,-1
127,-1,453.10,408.94,104.09,319.47,0.99735,-1,-1,-1
127,-1,910.18,517.30,33.07,109.63,0.95681,-1,-1,-1
127,-1,121.20,507.28,72.54,234.41,0.93958,-1,-1,-1
127,-1,1371.05,628.99,53.84,75.11,0.67267,-1,-1,-1
127,-1,246.34,517.66,53.45,62.72,0.54353,-1,-1,-1
127,-1,49.49,527.00,65.42,226.37,0.49948,-1,-1,-1
127,-1,975.63,537.23,45.80,174.84,0.49471,-1,-1,-1
127,-1,575.71,397.82,43.69,111.86,0.40503,-1,-1,-1
127,-1,946.86,535.43,13.57,53.13,0.25373,-1,-1,-1
127,-1,39.50,502.46,68.52,139.89,0.17340,-1,-1,-1
127,-1,1.38,536.24,50.16,184.26,0.16881,-1,-1,-1
127,-1,9.00,507.80,75.57,272.78,0.16113,-1,-1,-1
127,-1,246.71,518.16,58.49,157.04,0.12869,-1,-1,-1
127,-1,56.54,535.16,116.80,217.62,0.12565,-1,-1,-1
127,-1,0.16,540.23,38.30,120.67,0.11014,-1,-1,-1
127,-1,9.46,531.58,76.77,111.19,0.09511,-1,-1,-1
127,-1,1364.37,463.62,64.53,241.17,0.06807,-1,-1,-1
127,-1,186.95,531.36,39.10,44.87,0.06541,-1,-1,-1
127,-1,150.03,487.24,50.86,52.13,0.06407,-1,-1,-1
127,-1,74.28,537.99,53.33,203.30,0.05165,-1,-1,-1
128,-1,1425.44,155.91,279.31,795.57,0.99962,-1,-1,-1
128,-1,1131.01,268.73,298.33,689.28,0.99932,-1,-1,-1
128,-1,337.61,431.25,100.66,298.02,0.99862,-1,-1,-1
128,-1,455.54,406.70,100.94,321.75,0.99719,-1,-1,-1
128,-1,119.03,533.02,70.22,206.84,0.96456,-1,-1,-1
128,-1,911.50,520.50,30.90,106.38,0.88961,-1,-1,-1
128,-1,1340.39,356.69,56.69,93.80,0.75203,-1,-1,-1
128,-1,49.28,536.57,66.58,217.34,0.72488,-1,-1,-1
128,-1,245.53,518.35,47.27,59.79,0.47516,-1,-1,-1
128,-1,1341.63,359.26,70.12,178.96,0.43073,-1,-1,-1
128,-1,576.13,397.46,42.94,110.74,0.42993,-1,-1,-1
128,-1,1320.29,366.30,113.68,323.34,0.42981,-1,-1,-1
128,-1,0.00,541.08,46.47,121.03,0.39107,-1,-1,-1
128,-1,975.06,539.43,43.27,171.99,0.36653,-1,-1,-1
128,-1,1340.40,354.97,40.48,47.84,0.30015,-1,-1,-1
128,-1,59.33,539.01,108.35,214.07,0.26708,-1,-1,-1
128,-1,260.38,519.80,66.12,57.81,0.20253,-1,-1,-1
128,-1,42.26,509.25,69.78,160.57,0.18033,-1,-1,-1
128,-1,10.70,515.22,74.77,260.75,0.17338,-1,-1,-1
128,-1,1.35,539.09,52.75,209.98,0.16332,-1,-1,-1
128,-1,179.47,531.44,50.08,47.49,0.16006,-1,-1,-1
128,-1,246.98,520.24,51.72,151.68,0.11141,-1,-1,-1
128,-1,1213.49,321.27,231.30,400.47,0.09387,-1,-1,-1
128,-1,279.81,526.99,24.53,49.25,0.09369,-1,-1,-1
128,-1,1659.41,393.02,48.30,195.91,0.07702,-1,-1,-1
128,-1,1269.22,335.62,139.29,305.69,0.05818,-1,-1,-1
129,-1,1392.48,173.87,308.32,788.44,0.99967,-1,-1,-1
129,-1,1133.47,264.06,300.06,702.07,0.99927,-1,-1,-1
129,-1,335.13,428.95,105.52,299.71,0.99854,-1,-1,-1
129,-1,454.88,404.15,99.99,326.46,0.99696,-1,-1,-1
129,-1,1346.41,357.27,71.72,205.25,0.97513,-1,-1,-1
129,-1,118.71,533.40,70.94,207.56,0.95441,-1,-1,-1
129,-1,911.62,520.75,30.38,105.99,0.88924,-1,-1,-1
129,-1,1345.18,355.69,95.03,323.65,0.87553,-1,-1,-1
129,-1,48.78,528.97,67.46,223.98,0.75827,-1,-1,-1
129,-1,0.24,535.13,54.35,189.93,0.54831,-1,-1,-1
129,-1,246.54,521.21,42.89,57.96,0.46909,-1,-1,-1
129,-1,974.36,541.93,44.57,164.34,0.41588,-1,-1,-1
129,-1,576.00,395.74,43.30,111.03,0.39432,-1,-1,-1
129,-1,7.59,510.90,66.89,266.36,0.33238,-1,-1,-1
129,-1,56.43,533.89,112.41,217.73,0.25613,-1,-1,-1
129,-1,1656.22,391.48,46.83,187.87,0.20954,-1,-1,-1
129,-1,178.61,532.45,49.07,46.94,0.20185,-1,-1,-1
129,-1,1689.41,473.30,52.52,112.48,0.18620,-1,-1,-1
129,-1,45.88,533.93,75.85,118.44,0.15836,-1,-1,-1
129,-1,1346.18,360.83,59.53,101.80,0.14097,-1,-1,-1
129,-1,1253.16,323.95,184.99,419.17,0.12696,-1,-1,-1
129,-1,41.44,503.25,68.32,108.98,0.11314,-1,-1,-1
129,-1,278.55,520.95,52.92,56.10,0.08474,-1,-1,-1
129,-1,1672.22,449.12,38.78,139.53,0.07406,-1,-1,-1
129,-1,5.30,528.36,62.23,94.95,0.06607,-1,-1,-1
129,-1,445.49,492.48,16.39,53.16,0.06543,-1,-1,-1
129,-1,246.90,520.77,49.87,149.76,0.06297,-1,-1,-1
129,-1,1345.03,357.51,37.47,38.49,0.05628,-1,-1,-1
129,-1,1302.24,357.05,97.12,164.88,0.05289,-1,-1,-1
130,-1,1382.80,162.44,308.44,804.43,0.99944,-1,-1,-1
130,-1,1134.70,259.68,287.70,713.67,0.99931,-1,-1,-1
130,-1,334.30,429.93,103.24,298.79,0.99882,-1,-1,-1
130,-1,453.68,404.63,102.76,326.88,0.99730,-1,-1,-1
130,-1,117.50,531.25,71.69,209.52,0.97609,-1,-1,-1
130,-1,1349.28,358.91,76.55,211.92,0.96926,-1,-1,-1
130,-1,911.15,517.90,31.13,109.42,0.93120,-1,-1,-1
130,-1,1693.91,475.52,46.74,109.96,0.89522,-1,-1,-1
130,-1,45.85,519.83,69.11,239.11,0.80266,-1,-1,-1
130,-1,0.00,532.68,52.18,128.15,0.52676,-1,-1,-1
130,-1,978.51,530.59,67.97,180.78,0.50686,-1,-1,-1
130,-1,974.49,540.24,45.92,149.98,0.47930,-1,-1,-1
130,-1,246.14,519.91,46.70,58.37,0.46985,-1,-1,-1
130,-1,575.51,396.29,43.62,110.07,0.45768,-1,-1,-1
130,-1,975.60,534.50,41.05,69.80,0.40575,-1,-1,-1
130,-1,12.04,504.22,77.59,271.44,0.37553,-1,-1,-1
130,-1,1312.23,349.56,125.26,333.43,0.33716,-1,-1,-1
130,-1,179.42,532.28,46.80,49.14,0.23453,-1,-1,-1
130,-1,1718.86,473.80,26.37,108.91,0.22525,-1,-1,-1
130,-1,40.26,503.88,66.18,139.88,0.20183,-1,-1,-1
130,-1,1673.15,467.00,33.74,119.64,0.18488,-1,-1,-1
130,-1,148.93,488.85,71.36,92.04,0.16473,-1,-1,-1
130,-1,1652.43,375.85,40.76,207.36,0.13993,-1,-1,-1
130,-1,1.05,533.94,56.75,228.28,0.09970,-1,-1,-1
130,-1,1332.28,361.67,69.81,175.76,0.07493,-1,-1,-1
130,-1,278.73,521.92,50.86,54.67,0.07196,-1,-1,-1
130,-1,244.99,516.08,59.43,155.77,0.06911,-1,-1,-1
130,-1,71.41,516.62,102.17,233.19,0.06709,-1,-1,-1
130,-1,1216.26,333.23,235.27,387.79,0.05777,-1,-1,-1
130,-1,180.04,493.73,53.43,87.82,0.05567,-1,-1,-1
130,-1,86.83,537.31,42.61,206.19,0.05324,-1,-1,-1
131,-1,1392.14,155.82,293.42,815.03,0.99943,-1,-1,-1
131,-1,1126.09,270.30,272.96,701.06,0.99907,-1,-1,-1
131,-1,332.10,431.63,105.99,300.07,0.99887,-1,-1,-1
131,-1,453.19,403.13,101.53,328.00,0.99564,-1,-1,-1
131,-1,1354.08,369.00,92.04,326.05,0.99474,-1,-1,-1
131,-1,122.20,528.38,69.24,211.98,0.96661,-1,-1,-1
131,-1,1695.03,473.62,44.21,110.79,0.93987,-1,-1,-1
131,-1,911.14,517.49,31.15,110.80,0.90451,-1,-1,-1
131,-1,47.87,531.97,69.07,222.71,0.77914,-1,-1,-1
131,-1,975.79,539.29,53.56,168.49,0.62347,-1,-1,-1
131,-1,172.30,520.82,49.87,58.84,0.48140,-1,-1,-1
131,-1,9.42,522.23,86.55,237.26,0.41678,-1,-1,-1
131,-1,66.93,531.61,105.11,222.42,0.40433,-1,-1,-1
131,-1,43.97,502.52,61.56,134.50,0.33991,-1,-1,-1
131,-1,7.92,539.54,54.41,193.86,0.33877,-1,-1,-1
131,-1,245.93,517.26,46.28,56.93,0.33221,-1,-1,-1
131,-1,3.32,529.84,45.84,140.07,0.28118,-1,-1,-1
131,-1,575.73,396.65,42.73,111.58,0.23963,-1,-1,-1
131,-1,1720.11,474.82,25.31,106.97,0.22467,-1,-1,-1
131,-1,1662.79,474.61,23.22,99.66,0.15553,-1,-1,-1
131,-1,153.31,505.87,80.52,72.13,0.12207,-1,-1,-1
131,-1,975.58,535.06,44.55,68.68,0.11650,-1,-1,-1
131,-1,7.02,523.40,77.25,128.41,0.11291,-1,-1,-1
131,-1,246.82,533.10,33.90,47.42,0.10262,-1,-1,-1
131,-1,1672.76,479.07,36.43,107.75,0.09401,-1,-1,-1
131,-1,0.00,550.77,30.45,105.96,0.06248,-1,-1,-1
131,-1,85.09,541.75,43.67,201.32,0.05766,-1,-1,-1
131,-1,1147.55,339.37,273.73,375.79,0.05102,-1,-1,-1
132,-1,1389.62,158.69,280.60,810.99,0.99941,-1,-1,-1
132,-1,329.06,432.71,113.91,299.11,0.99875,-1,-1,-1
132,-1,1115.51,277.85,254.38,696.46,0.99780,-1,-1,-1
132,-1,453.34,402.17,100.53,328.41,0.99631,-1,-1,-1
132,-1,1356.69,370.03,84.69,321.63,0.98387,-1,-1,-1
132,-1,122.24,528.69,68.68,212.07,0.96870,-1,-1,-1
132,-1,1695.35,473.59,43.63,110.84,0.94931,-1,-1,-1
132,-1,911.31,517.72,30.87,110.63,0.91826,-1,-1,-1
132,-1,49.09,521.97,66.65,232.85,0.73454,-1,-1,-1
132,-1,173.50,515.07,52.81,63.69,0.49736,-1,-1,-1
132,-1,76.24,528.73,106.12,223.32,0.42846,-1,-1,-1
132,-1,43.85,504.75,66.06,137.64,0.37950,-1,-1,-1
132,-1,575.73,398.32,43.27,110.41,0.35328,-1,-1,-1
132,-1,0.00,516.35,52.37,148.64,0.33299,-1,-1,-1
132,-1,1716.11,473.79,28.50,110.22,0.30763,-1,-1,-1
132,-1,246.29,518.12,44.79,56.35,0.28435,-1,-1,-1
132,-1,974.89,543.53,38.21,58.37,0.22164,-1,-1,-1
132,-1,1394.75,402.23,55.19,282.48,0.19849,-1,-1,-1
132,-1,4.20,503.41,56.40,282.30,0.18709,-1,-1,-1
132,-1,977.46,537.65,54.96,171.82,0.12681,-1,-1,-1
132,-1,1728.68,473.65,19.46,113.90,0.10415,-1,-1,-1
132,-1,1663.20,466.38,17.51,78.95,0.09742,-1,-1,-1
132,-1,180.65,532.52,37.71,44.43,0.09605,-1,-1,-1
132,-1,26.77,504.12,74.38,207.72,0.07417,-1,-1,-1
132,-1,1204.97,192.11,368.11,796.44,0.07154,-1,-1,-1
132,-1,1414.99,391.25,43.38,210.15,0.06880,-1,-1,-1
132,-1,26.84,502.16,72.39,99.79,0.06802,-1,-1,-1
132,-1,1348.69,365.22,68.82,227.17,0.05991,-1,-1,-1
132,-1,257.36,515.98,60.84,62.73,0.05851,-1,-1,-1
133,-1,1393.32,152.71,270.96,820.23,0.99967,-1,-1,-1
133,-1,330.85,433.29,112.09,299.79,0.99910,-1,-1,-1
133,-1,1115.15,278.62,248.30,708.42,0.99872,-1,-1,-1
133,-1,453.28,402.77,101.00,326.50,0.99653,-1,-1,-1
133,-1,911.16,517.76,31.14,111.59,0.95767,-1,-1,-1
133,-1,120.72,520.55,70.28,219.73,0.95395,-1,-1,-1
133,-1,1695.50,473.45,43.26,110.40,0.93717,-1,-1,-1
133,-1,1346.78,362.84,79.91,319.93,0.55520,-1,-1,-1
133,-1,1391.51,383.14,55.69,309.86,0.44753,-1,-1,-1
133,-1,34.59,499.38,72.20,101.65,0.39814,-1,-1,-1
133,-1,5.50,500.28,102.94,243.36,0.34379,-1,-1,-1
133,-1,1345.30,368.60,69.39,187.17,0.33257,-1,-1,-1
133,-1,575.40,396.70,43.62,111.36,0.31843,-1,-1,-1
133,-1,0.08,498.82,78.23,163.10,0.18853,-1,-1,-1
133,-1,246.61,522.70,40.44,52.52,0.18145,-1,-1,-1
133,-1,1718.53,475.14,27.01,108.33,0.17732,-1,-1,-1
133,-1,62.28,516.89,104.90,237.03,0.15538,-1,-1,-1
133,-1,47.39,556.85,67.44,188.71,0.13933,-1,-1,-1
133,-1,1732.09,470.14,20.26,130.31,0.05457,-1,-1,-1
133,-1,1208.18,189.20,353.92,803.59,0.05231,-1,-1,-1
134,-1,1384.14,143.48,272.94,836.79,0.99955,-1,-1,-1
134,-1,330.55,434.03,110.90,302.48,0.99900,-1,-1,-1
134,-1,1101.14,275.37,249.59,724.50,0.99895,-1,-1,-1
134,-1,452.46,402.16,101.88,327.32,0.99678,-1,-1,-1
134,-1,911.71,517.72,30.26,112.23,0.95848,-1,-1,-1
134,-1,119.88,520.55,71.34,219.72,0.95298,-1,-1,-1
134,-1,1696.06,472.69,43.28,111.53,0.94597,-1,-1,-1
134,-1,577.25,396.61,42.20,120.02,0.56491,-1,-1,-1
134,-1,0.54,459.13,106.07,262.20,0.33351,-1,-1,-1
134,-1,1720.23,473.80,25.81,110.83,0.30171,-1,-1,-1
134,-1,1390.99,388.23,43.95,289.11,0.26882,-1,-1,-1
134,-1,246.39,519.12,47.89,59.47,0.19817,-1,-1,-1
134,-1,63.00,508.93,115.18,243.50,0.18540,-1,-1,-1
134,-1,40.77,543.49,72.50,207.59,0.14670,-1,-1,-1
134,-1,1347.31,360.33,73.99,315.08,0.10583,-1,-1,-1
134,-1,1731.38,470.68,20.67,127.15,0.09811,-1,-1,-1
134,-1,971.39,553.53,43.11,48.74,0.06984,-1,-1,-1
134,-1,1391.06,308.93,66.86,395.84,0.06268,-1,-1,-1
134,-1,1133.42,240.75,394.30,753.56,0.05721,-1,-1,-1
135,-1,1377.28,153.01,279.80,835.95,0.99963,-1,-1,-1
135,-1,330.95,430.25,111.90,306.44,0.99906,-1,-1,-1
135,-1,1099.90,273.06,258.73,730.13,0.99863,-1,-1,-1
135,-1,452.52,402.04,102.12,328.66,0.99669,-1,-1,-1
135,-1,123.27,531.78,71.25,207.57,0.97523,-1,-1,-1
135,-1,911.35,517.04,30.66,113.55,0.97170,-1,-1,-1
135,-1,1696.21,473.11,42.34,111.27,0.95087,-1,-1,-1
135,-1,0.00,449.60,99.70,302.12,0.68475,-1,-1,-1
135,-1,575.35,395.89,43.78,110.04,0.49362,-1,-1,-1
135,-1,54.82,514.80,66.16,232.18,0.28256,-1,-1,-1
135,-1,1723.65,474.67,23.13,108.86,0.26508,-1,-1,-1
135,-1,1010.83,501.55,32.73,181.21,0.25407,-1,-1,-1
135,-1,246.72,519.34,45.57,59.33,0.18924,-1,-1,-1
135,-1,0.00,645.58,52.78,275.79,0.18274,-1,-1,-1
135,-1,0.50,662.40,29.90,144.31,0.16526,-1,-1,-1
135,-1,971.54,541.45,43.10,60.84,0.12027,-1,-1,-1
135,-1,83.71,539.28,44.81,205.36,0.11718,-1,-1,-1
135,-1,1731.79,470.16,20.48,129.41,0.11581,-1,-1,-1
135,-1,67.33,500.89,101.93,257.22,0.10078,-1,-1,-1
135,-1,999.45,523.79,20.74,74.42,0.07841,-1,-1,-1
135,-1,979.77,523.08,59.56,175.35,0.07325,-1,-1,-1
135,-1,980.49,523.94,50.72,100.33,0.05735,-1,-1,-1
135,-1,0.53,418.26,85.40,211.82,0.05484,-1,-1,-1
135,-1,96.61,531.58,52.41,212.82,0.05373,-1,-1,-1
136,-1,1358.73,141.91,288.31,857.98,0.99970,-1,-1,-1
136,-1,1093.58,258.70,265.30,747.03,0.99899,-1,-1,-1
136,-1,330.15,429.06,113.19,309.61,0.99888,-1,-1,-1
136,-1,451.44,399.34,102.25,333.64,0.99687,-1,-1,-1
136,-1,122.59,530.93,74.23,210.47,0.97855,-1,-1,-1
136,-1,911.51,517.25,30.71,113.01,0.96481,-1,-1,-1
136,-1,0.00,563.49,124.66,340.30,0.94461,-1,-1,-1
136,-1,1695.96,474.22,41.74,109.91,0.94359,-1,-1,-1
136,-1,575.00,396.93,44.11,107.66,0.54085,-1,-1,-1
136,-1,1724.24,475.39,21.84,106.60,0.23667,-1,-1,-1
136,-1,246.07,520.62,46.35,59.07,0.23628,-1,-1,-1
136,-1,7.09,420.97,138.31,367.36,0.22365,-1,-1,-1
136,-1,1365.27,372.27,51.83,310.66,0.20490,-1,-1,-1
136,-1,1589.11,377.05,43.20,229.00,0.15348,-1,-1,-1
136,-1,91.17,477.88,94.95,285.88,0.13508,-1,-1,-1
136,-1,1856.24,527.22,19.38,47.66,0.07647,-1,-1,-1
137,-1,1351.25,139.28,295.48,863.49,0.99962,-1,-1,-1
137,-1,1078.29,259.92,252.97,738.37,0.99919,-1,-1,-1
137,-1,328.53,428.72,114.92,309.85,0.99880,-1,-1,-1
137,-1,450.92,400.60,105.06,332.33,0.99707,-1,-1,-1
137,-1,0.01,388.08,144.99,524.88,0.96901,-1,-1,-1
137,-1,910.90,518.25,29.62,108.60,0.95221,-1,-1,-1
137,-1,1695.47,474.99,40.66,108.74,0.92778,-1,-1,-1
137,-1,117.91,502.92,80.72,240.13,0.92646,-1,-1,-1
137,-1,574.88,395.82,44.91,111.61,0.64017,-1,-1,-1
137,-1,1342.74,396.60,54.72,262.43,0.19735,-1,-1,-1
137,-1,245.67,524.74,43.10,55.26,0.18948,-1,-1,-1
137,-1,87.61,451.77,98.93,311.21,0.14048,-1,-1,-1
137,-1,1211.88,175.46,352.77,832.55,0.10343,-1,-1,-1
137,-1,1725.12,476.22,21.29,104.99,0.09951,-1,-1,-1
137,-1,970.55,548.13,43.99,53.68,0.07659,-1,-1,-1
137,-1,1620.73,471.38,19.01,130.47,0.06850,-1,-1,-1
137,-1,64.27,406.11,158.84,413.90,0.06278,-1,-1,-1
137,-1,1613.42,355.14,32.07,250.10,0.05855,-1,-1,-1
137,-1,1580.43,365.19,46.78,281.17,0.05690,-1,-1,-1
138,-1,1340.30,126.43,297.31,879.79,0.99950,-1,-1,-1
138,-1,1056.80,247.33,277.00,738.95,0.99905,-1,-1,-1
138,-1,328.42,425.36,111.98,311.34,0.99847,-1,-1,-1
138,-1,450.75,401.23,104.97,331.77,0.99727,-1,-1,-1
138,-1,0.00,347.41,180.98,587.66,0.98621,-1,-1,-1
138,-1,911.54,518.98,31.16,110.24,0.97191,-1,-1,-1
138,-1,1695.27,474.04,42.12,110.12,0.93954,-1,-1,-1
138,-1,120.91,500.36,80.51,245.00,0.88413,-1,-1,-1
138,-1,575.49,399.89,44.50,124.72,0.54079,-1,-1,-1
138,-1,1290.85,358.98,52.42,120.35,0.40857,-1,-1,-1
138,-1,1303.92,339.23,77.79,331.10,0.39561,-1,-1,-1
138,-1,246.45,526.99,41.70,52.89,0.34435,-1,-1,-1
138,-1,1343.13,377.49,50.53,261.69,0.24625,-1,-1,-1
138,-1,971.21,548.28,41.90,53.25,0.17229,-1,-1,-1
138,-1,1218.53,328.77,115.42,215.06,0.16175,-1,-1,-1
138,-1,24.45,579.63,158.76,300.42,0.13843,-1,-1,-1
138,-1,1268.78,358.67,77.47,175.50,0.13814,-1,-1,-1
138,-1,1727.60,473.03,20.49,114.82,0.12111,-1,-1,-1
138,-1,14.74,406.12,150.80,326.17,0.11629,-1,-1,-1
138,-1,0.00,290.92,20.80,74.64,0.11213,-1,-1,-1
138,-1,0.00,293.41,40.34,138.49,0.06793,-1,-1,-1
138,-1,64.78,398.10,153.47,408.07,0.06277,-1,-1,-1
138,-1,1622.63,486.18,17.92,113.82,0.05422,-1,-1,-1
138,-1,1339.46,278.81,76.02,391.11,0.05301,-1,-1,-1
138,-1,548.22,438.80,34.20,86.42,0.05269,-1,-1,-1
139,-1,1320.77,129.10,306.13,870.62,0.99962,-1,-1,-1
139,-1,1040.33,247.08,294.88,756.35,0.99879,-1,-1,-1
139,-1,328.99,423.60,110.24,312.77,0.99841,-1,-1,-1
139,-1,450.67,400.06,104.63,332.91,0.99749,-1,-1,-1
139,-1,0.00,310.19,180.52,621.99,0.99261,-1,-1,-1
139,-1,910.77,517.75,32.37,112.82,0.97801,-1,-1,-1
139,-1,1698.34,473.56,39.06,110.92,0.94457,-1,-1,-1
139,-1,125.55,516.43,76.46,222.97,0.90657,-1,-1,-1
139,-1,575.95,396.85,43.96,109.09,0.52879,-1,-1,-1
139,-1,1324.88,544.67,42.84,124.38,0.52829,-1,-1,-1
139,-1,32.88,412.60,145.42,375.79,0.38367,-1,-1,-1
139,-1,0.00,291.34,33.58,96.82,0.27560,-1,-1,-1
139,-1,1304.78,343.66,76.18,325.80,0.27077,-1,-1,-1
139,-1,1286.51,358.70,53.50,125.62,0.25456,-1,-1,-1
139,-1,247.02,527.14,40.70,52.39,0.20610,-1,-1,-1
139,-1,1287.32,359.64,66.86,212.16,0.19419,-1,-1,-1
139,-1,2.39,301.29,85.78,426.34,0.18520,-1,-1,-1
139,-1,2.42,291.37,58.04,161.16,0.16753,-1,-1,-1
139,-1,1722.35,476.00,22.82,107.62,0.16168,-1,-1,-1
139,-1,1855.27,529.17,19.07,45.18,0.09272,-1,-1,-1
139,-1,1.94,300.03,92.75,105.69,0.08953,-1,-1,-1
139,-1,971.66,556.05,36.88,44.57,0.05128,-1,-1,-1
140,-1,1310.87,134.59,307.01,868.11,0.99977,-1,-1,-1
140,-1,1017.67,254.37,304.05,749.91,0.99941,-1,-1,-1
140,-1,327.53,420.79,111.61,316.53,0.99874,-1,-1,-1
140,-1,450.09,400.47,107.58,333.64,0.99753,-1,-1,-1
140,-1,0.00,286.93,200.76,641.36,0.99583,-1,-1,-1
140,-1,910.69,517.44,32.47,112.85,0.97672,-1,-1,-1
140,-1,1694.94,473.44,41.69,110.88,0.94388,-1,-1,-1
140,-1,1323.43,546.80,42.32,123.74,0.91116,-1,-1,-1
140,-1,111.22,483.61,90.80,265.36,0.71974,-1,-1,-1
140,-1,45.91,414.89,151.28,404.49,0.68482,-1,-1,-1
140,-1,575.49,397.35,44.68,109.19,0.52368,-1,-1,-1
140,-1,246.44,519.20,45.55,59.09,0.26510,-1,-1,-1
140,-1,1723.74,476.58,21.69,105.10,0.15907,-1,-1,-1
140,-1,0.72,287.73,88.96,308.16,0.12072,-1,-1,-1
140,-1,0.92,292.40,136.23,435.42,0.12006,-1,-1,-1
140,-1,252.28,516.48,67.99,64.41,0.11444,-1,-1,-1
140,-1,245.93,523.84,47.63,138.89,0.08026,-1,-1,-1
140,-1,129.47,559.31,59.39,182.56,0.07579,-1,-1,-1
140,-1,2.48,287.44,83.30,137.54,0.05919,-1,-1,-1
140,-1,1855.32,532.62,18.94,42.61,0.05468,-1,-1,-1
140,-1,974.12,545.37,39.52,55.01,0.05241,-1,-1,-1
141,-1,1298.82,124.65,304.17,855.95,0.99972,-1,-1,-1
141,-1,996.07,240.50,313.31,753.67,0.99957,-1,-1,-1
141,-1,319.03,422.54,117.15,312.74,0.99901,-1,-1,-1
141,-1,450.27,401.95,108.26,335.29,0.99772,-1,-1,-1
141,-1,0.00,288.74,205.85,637.42,0.99768,-1,-1,-1
141,-1,909.95,516.39,32.27,111.91,0.97689,-1,-1,-1
141,-1,1695.75,473.43,40.84,111.02,0.94418,-1,-1,-1
141,-1,1320.65,546.73,45.60,124.55,0.94172,-1,-1,-1
141,-1,121.35,482.77,67.27,260.83,0.60064,-1,-1,-1
141,-1,576.39,398.89,43.41,116.92,0.51667,-1,-1,-1
141,-1,246.95,527.50,42.04,51.20,0.27866,-1,-1,-1
141,-1,1722.78,476.41,22.17,107.92,0.18800,-1,-1,-1
141,-1,55.94,359.54,126.81,415.18,0.13955,-1,-1,-1
141,-1,247.67,516.12,69.86,65.16,0.09406,-1,-1,-1
141,-1,176.49,531.26,33.73,50.39,0.08950,-1,-1,-1
141,-1,246.11,522.44,48.22,147.21,0.07910,-1,-1,-1
141,-1,126.59,644.57,57.29,99.58,0.07405,-1,-1,-1
141,-1,1623.21,484.89,23.69,110.50,0.06773,-1,-1,-1
141,-1,1854.90,529.12,18.25,45.65,0.06349,-1,-1,-1
142,-1,983.36,240.95,326.71,753.95,0.99965,-1,-1,-1
142,-1,1303.13,138.50,289.17,875.60,0.99964,-1,-1,-1
142,-1,0.50,283.47,201.98,648.24,0.99904,-1,-1,-1
142,-1,318.39,421.78,116.23,316.20,0.99903,-1,-1,-1
142,-1,450.24,402.36,108.06,339.64,0.99787,-1,-1,-1
142,-1,909.77,517.04,32.10,111.01,0.97497,-1,-1,-1
142,-1,1695.88,473.15,40.97,111.08,0.94909,-1,-1,-1
142,-1,1320.23,546.90,48.33,120.45,0.94742,-1,-1,-1
142,-1,576.03,396.35,43.53,110.42,0.48358,-1,-1,-1
142,-1,1723.67,475.68,21.17,107.36,0.19440,-1,-1,-1
142,-1,127.02,452.94,82.15,278.85,0.18299,-1,-1,-1
142,-1,246.10,524.49,41.75,54.53,0.17837,-1,-1,-1
142,-1,1622.78,488.91,19.87,108.39,0.13487,-1,-1,-1
142,-1,76.83,331.21,22.29,41.08,0.12952,-1,-1,-1
142,-1,1855.83,522.29,19.02,51.40,0.08743,-1,-1,-1
142,-1,172.67,529.15,35.89,55.64,0.07534,-1,-1,-1
142,-1,118.53,430.20,50.33,140.96,0.07509,-1,-1,-1
142,-1,150.97,506.08,61.20,88.28,0.05525,-1,-1,-1
142,-1,81.77,397.89,116.92,395.52,0.05437,-1,-1,-1
143,-1,1292.64,120.20,287.22,906.70,0.99962,-1,-1,-1
143,-1,965.63,238.23,343.31,758.46,0.99952,-1,-1,-1
143,-1,0.00,287.90,210.73,632.50,0.99950,-1,-1,-1
143,-1,314.94,423.45,121.18,314.29,0.99843,-1,-1,-1
143,-1,450.67,402.28,110.21,339.34,0.99835,-1,-1,-1
143,-1,909.41,516.56,34.49,111.76,0.94966,-1,-1,-1
143,-1,1695.79,473.46,41.62,110.76,0.94617,-1,-1,-1
143,-1,1322.74,547.77,45.65,119.85,0.89795,-1,-1,-1
143,-1,575.24,396.91,44.44,108.07,0.71704,-1,-1,-1
143,-1,0.00,624.40,65.54,258.28,0.33300,-1,-1,-1
143,-1,246.74,527.42,36.63,50.46,0.20841,-1,-1,-1
143,-1,1721.74,475.94,23.46,107.64,0.19372,-1,-1,-1
143,-1,1855.88,521.22,19.45,52.26,0.12980,-1,-1,-1
143,-1,1081.38,176.79,365.86,842.91,0.12971,-1,-1,-1
143,-1,1623.12,485.65,23.88,110.84,0.11246,-1,-1,-1
143,-1,2.58,650.52,140.31,246.37,0.07015,-1,-1,-1
144,-1,1280.48,125.26,295.09,904.82,0.99965,-1,-1,-1
144,-1,0.00,292.27,223.71,641.63,0.99955,-1,-1,-1
144,-1,965.92,235.62,334.81,779.39,0.99947,-1,-1,-1
144,-1,313.23,425.25,124.20,312.38,0.99852,-1,-1,-1
144,-1,449.90,402.48,112.66,345.36,0.99838,-1,-1,-1
144,-1,909.47,517.83,35.09,112.15,0.94431,-1,-1,-1
144,-1,1694.83,473.40,41.70,111.03,0.94274,-1,-1,-1
144,-1,1324.40,550.27,42.57,117.33,0.85355,-1,-1,-1
144,-1,575.80,396.67,44.03,107.91,0.62315,-1,-1,-1
144,-1,1.52,344.17,91.19,511.84,0.24970,-1,-1,-1
144,-1,1724.47,475.93,20.94,106.98,0.19865,-1,-1,-1
144,-1,245.71,523.55,42.11,54.90,0.17590,-1,-1,-1
144,-1,1814.55,533.83,23.20,39.17,0.12245,-1,-1,-1
144,-1,2.80,601.01,68.70,225.62,0.11099,-1,-1,-1
144,-1,1131.18,155.27,365.12,879.98,0.09040,-1,-1,-1
144,-1,1621.18,477.29,22.15,113.46,0.08933,-1,-1,-1
144,-1,802.77,531.28,33.54,62.25,0.06511,-1,-1,-1
144,-1,0.87,448.87,42.93,361.50,0.05908,-1,-1,-1
144,-1,1855.28,524.24,18.78,50.02,0.05553,-1,-1,-1
144,-1,549.38,444.15,36.82,106.44,0.05375,-1,-1,-1
145,-1,1272.06,126.73,302.36,905.57,0.99968,-1,-1,-1
145,-1,3.98,294.84,222.64,630.03,0.99941,-1,-1,-1
145,-1,949.04,231.01,346.27,788.31,0.99939,-1,-1,-1
145,-1,448.87,401.49,115.03,342.62,0.99852,-1,-1,-1
145,-1,311.79,423.37,124.61,316.17,0.99846,-1,-1,-1
145,-1,1695.51,473.18,41.84,110.95,0.94745,-1,-1,-1
145,-1,909.38,517.07,36.06,112.85,0.88216,-1,-1,-1
145,-1,575.63,396.01,44.35,105.41,0.65026,-1,-1,-1
145,-1,1.34,466.18,41.95,293.59,0.60909,-1,-1,-1
145,-1,0.95,372.67,61.65,433.44,0.57150,-1,-1,-1
145,-1,0.00,509.44,134.47,395.48,0.53891,-1,-1,-1
145,-1,245.56,524.82,42.20,54.38,0.20241,-1,-1,-1
145,-1,1722.03,475.33,23.14,107.60,0.16821,-1,-1,-1
145,-1,1818.83,537.77,20.21,34.55,0.13423,-1,-1,-1
145,-1,804.30,528.87,32.61,67.46,0.12859,-1,-1,-1
145,-1,21.57,636.86,72.56,190.63,0.12226,-1,-1,-1
145,-1,53.58,277.37,76.03,87.62,0.11206,-1,-1,-1
145,-1,1323.51,562.71,38.81,105.72,0.10460,-1,-1,-1
145,-1,1855.75,523.28,18.27,50.39,0.08472,-1,-1,-1
145,-1,1621.31,477.01,21.81,114.71,0.08397,-1,-1,-1
145,-1,1813.59,536.07,16.31,35.58,0.08316,-1,-1,-1
145,-1,1275.28,355.92,83.06,320.91,0.05310,-1,-1,-1
145,-1,0.34,358.54,38.67,211.28,0.05009,-1,-1,-1
146,-1,1258.64,130.71,306.94,907.99,0.99976,-1,-1,-1
146,-1,923.92,237.71,356.47,781.66,0.99957,-1,-1,-1
146,-1,27.72,280.11,211.93,644.23,0.99897,-1,-1,-1
146,-1,311.23,422.94,127.74,320.87,0.99866,-1,-1,-1
146,-1,446.74,400.33,121.86,344.57,0.99866,-1,-1,-1
146,-1,0.24,401.92,88.55,391.18,0.95872,-1,-1,-1
146,-1,1695.84,473.31,41.17,110.97,0.94985,-1,-1,-1
146,-1,910.87,515.66,32.71,112.31,0.55210,-1,-1,-1
146,-1,575.28,396.35,44.18,105.47,0.54338,-1,-1,-1
146,-1,803.71,523.75,36.14,74.88,0.33741,-1,-1,-1
146,-1,1722.84,476.06,22.51,106.98,0.19712,-1,-1,-1
146,-1,1819.02,536.90,21.45,35.99,0.18782,-1,-1,-1
146,-1,245.77,517.27,53.67,62.27,0.16443,-1,-1,-1
146,-1,75.26,287.76,154.60,230.30,0.15767,-1,-1,-1
146,-1,117.11,289.77,119.54,394.46,0.14137,-1,-1,-1
146,-1,1622.01,488.05,20.54,107.06,0.13495,-1,-1,-1
146,-1,2.11,385.72,58.17,155.13,0.12620,-1,-1,-1
146,-1,178.98,451.63,60.43,203.56,0.08278,-1,-1,-1
146,-1,242.31,519.82,66.51,98.69,0.07202,-1,-1,-1
146,-1,12.81,578.31,89.06,214.56,0.06745,-1,-1,-1
146,-1,22.59,340.50,139.79,473.08,0.05477,-1,-1,-1
147,-1,1241.78,131.70,318.73,872.34,0.99964,-1,-1,-1
147,-1,925.48,240.92,353.79,788.89,0.99962,-1,-1,-1
147,-1,58.19,289.35,201.35,634.82,0.99898,-1,-1,-1
147,-1,445.34,403.04,125.56,341.53,0.99867,-1,-1,-1
147,-1,311.11,420.95,124.15,324.12,0.99835,-1,-1,-1
147,-1,0.01,387.67,109.57,437.05,0.98329,-1,-1,-1
147,-1,1695.09,473.75,41.77,110.69,0.94983,-1,-1,-1
147,-1,575.32,396.39,44.34,105.34,0.70608,-1,-1,-1
147,-1,910.80,516.68,32.65,113.17,0.52675,-1,-1,-1
147,-1,799.11,520.70,42.79,79.16,0.47217,-1,-1,-1
147,-1,1259.17,338.97,78.18,331.70,0.22101,-1,-1,-1
147,-1,1819.34,535.55,21.67,37.56,0.18355,-1,-1,-1
147,-1,1722.94,476.78,22.49,106.62,0.15273,-1,-1,-1
147,-1,1.69,389.90,72.74,271.78,0.15099,-1,-1,-1
147,-1,1621.57,483.09,20.75,112.21,0.12961,-1,-1,-1
147,-1,245.32,516.76,50.46,60.87,0.10558,-1,-1,-1
147,-1,203.84,468.04,42.48,192.65,0.05173,-1,-1,-1
148,-1,1238.04,128.93,314.58,876.87,0.99963,-1,-1,-1
148,-1,928.06,237.02,339.59,795.06,0.99953,-1,-1,-1
148,-1,75.95,278.10,246.19,643.95,0.99933,-1,-1,-1
148,-1,444.12,400.05,130.56,348.32,0.99875,-1,-1,-1
148,-1,310.79,419.47,123.65,325.26,0.99843,-1,-1,-1
148,-1,0.00,385.81,130.31,464.49,0.98689,-1,-1,-1
148,-1,1695.06,473.68,42.17,110.42,0.94232,-1,-1,-1
148,-1,910.66,516.44,33.78,114.20,0.85634,-1,-1,-1
148,-1,575.38,397.36,44.34,108.88,0.75397,-1,-1,-1
148,-1,800.35,518.36,45.30,82.32,0.36623,-1,-1,-1
148,-1,226.61,446.47,42.24,216.81,0.21443,-1,-1,-1
148,-1,1852.93,521.91,21.50,52.56,0.16979,-1,-1,-1
148,-1,1723.33,477.62,21.95,106.25,0.14972,-1,-1,-1
148,-1,1818.25,532.18,23.15,41.09,0.13888,-1,-1,-1
148,-1,1242.40,361.47,65.95,191.74,0.12519,-1,-1,-1
148,-1,1621.31,478.42,22.15,115.39,0.11587,-1,-1,-1
148,-1,446.27,406.07,33.95,63.52,0.09457,-1,-1,-1
148,-1,1242.98,333.44,84.63,308.33,0.05775,-1,-1,-1
148,-1,1644.84,490.75,40.92,94.24,0.05107,-1,-1,-1
149,-1,1231.64,122.61,318.90,887.38,0.99968,-1,-1,-1
149,-1,79.71,295.97,294.21,621.68,0.99935,-1,-1,-1
149,-1,929.40,237.16,324.45,801.79,0.99919,-1,-1,-1
149,-1,443.78,396.88,131.00,349.97,0.99883,-1,-1,-1
149,-1,307.20,416.89,124.53,327.89,0.99823,-1,-1,-1
149,-1,0.00,400.31,138.55,442.04,0.99618,-1,-1,-1
149,-1,1695.55,473.63,40.93,110.60,0.94941,-1,-1,-1
149,-1,574.88,397.38,45.69,106.32,0.68071,-1,-1,-1
149,-1,1723.98,477.67,21.29,106.09,0.22304,-1,-1,-1
149,-1,1235.41,375.68,71.74,195.53,0.19584,-1,-1,-1
149,-1,800.32,515.59,45.26,82.77,0.16886,-1,-1,-1
149,-1,910.28,515.90,34.25,109.18,0.15329,-1,-1,-1
149,-1,445.77,405.32,37.15,71.64,0.13244,-1,-1,-1
149,-1,1621.15,477.39,21.58,115.86,0.13005,-1,-1,-1
149,-1,1853.32,518.39,21.52,55.80,0.09721,-1,-1,-1
149,-1,83.16,294.02,155.58,574.47,0.05285,-1,-1,-1
150,-1,1226.03,121.90,319.81,904.40,0.99961,-1,-1,-1
150,-1,89.08,295.94,324.54,620.10,0.99955,-1,-1,-1
150,-1,915.26,244.96,342.39,809.56,0.99955,-1,-1,-1
150,-1,446.10,394.20,129.10,351.92,0.99881,-1,-1,-1
150,-1,305.92,415.55,126.24,330.44,0.99772,-1,-1,-1
150,-1,1.33,374.83,151.84,501.67,0.98664,-1,-1,-1
150,-1,1695.32,474.00,41.06,110.12,0.94239,-1,-1,-1
150,-1,574.73,397.01,45.55,105.95,0.67585,-1,-1,-1
150,-1,1489.07,459.03,45.20,215.97,0.22851,-1,-1,-1
150,-1,1621.78,485.01,21.18,110.51,0.18980,-1,-1,-1
150,-1,1724.23,477.23,21.32,107.11,0.18870,-1,-1,-1
150,-1,48.66,300.87,209.06,589.03,0.14942,-1,-1,-1
150,-1,1237.51,371.18,65.44,203.14,0.14445,-1,-1,-1
150,-1,1823.54,528.79,18.37,44.01,0.08352,-1,-1,-1
150,-1,1463.07,292.88,75.32,385.74,0.07995,-1,-1,-1
150,-1,264.94,445.92,68.74,214.15,0.07328,-1,-1,-1
150,-1,909.97,510.01,36.10,132.12,0.06737,-1,-1,-1
150,-1,445.34,407.49,41.28,55.53,0.06111,-1,-1,-1
150,-1,811.25,523.72,35.23,75.52,0.05501,-1,-1,-1
151,-1,897.83,237.53,332.82,825.06,0.99953,-1,-1,-1
151,-1,1214.48,122.60,324.64,901.61,0.99948,-1,-1,-1
151,-1,446.45,387.82,128.77,359.41,0.99889,-1,-1,-1
151,-1,76.00,306.95,374.14,606.29,0.99884,-1,-1,-1
151,-1,304.89,415.49,127.65,327.45,0.99564,-1,-1,-1
151,-1,0.00,382.38,190.24,525.86,0.96314,-1,-1,-1
151,-1,1696.02,473.56,42.25,110.89,0.95962,-1,-1,-1
151,-1,1495.45,429.99,53.32,243.07,0.89512,-1,-1,-1
151,-1,59.29,394.76,112.89,434.84,0.80830,-1,-1,-1
151,-1,574.76,396.78,44.89,105.33,0.66531,-1,-1,-1
151,-1,1460.70,348.20,79.51,331.16,0.41089,-1,-1,-1
151,-1,281.15,441.24,47.87,164.26,0.38733,-1,-1,-1
151,-1,1823.47,528.34,18.67,44.66,0.24815,-1,-1,-1
151,-1,1721.61,475.75,23.97,108.24,0.20633,-1,-1,-1
151,-1,1518.99,430.69,34.24,212.32,0.17287,-1,-1,-1
151,-1,1622.40,486.26,20.69,102.15,0.15989,-1,-1,-1
151,-1,2.35,460.20,133.38,318.71,0.12621,-1,-1,-1
151,-1,1520.54,436.77,26.76,111.31,0.10879,-1,-1,-1
151,-1,1731.81,475.19,20.14,121.53,0.06413,-1,-1,-1
151,-1,811.87,522.67,34.74,76.91,0.06112,-1,-1,-1
151,-1,1500.59,515.51,36.71,156.85,0.05199,-1,-1,-1
152,-1,1214.83,128.37,326.08,937.24,0.99969,-1,-1,-1
152,-1,882.90,233.18,348.87,821.93,0.99943,-1,-1,-1
152,-1,63.06,309.29,400.01,601.73,0.99912,-1,-1,-1
152,-1,449.95,388.41,125.39,358.27,0.99893,-1,-1,-1
152,-1,301.32,410.80,133.08,330.72,0.99511,-1,-1,-1
152,-1,1696.66,473.14,41.61,111.20,0.95478,-1,-1,-1
152,-1,1490.14,429.25,65.16,247.32,0.94227,-1,-1,-1
152,-1,41.70,375.85,165.43,501.32,0.94132,-1,-1,-1
152,-1,574.41,398.41,45.57,108.04,0.80811,-1,-1,-1
152,-1,79.11,388.45,109.78,356.91,0.57851,-1,-1,-1
152,-1,1621.92,481.80,21.36,109.25,0.25155,-1,-1,-1
152,-1,157.04,402.13,21.56,49.42,0.22862,-1,-1,-1
152,-1,1456.38,357.46,92.52,331.41,0.21850,-1,-1,-1
152,-1,1824.53,529.25,18.54,43.58,0.18436,-1,-1,-1
152,-1,1728.51,474.58,20.24,114.69,0.16842,-1,-1,-1
152,-1,1462.70,479.63,33.40,210.69,0.09520,-1,-1,-1
152,-1,445.82,406.79,42.41,52.61,0.06968,-1,-1,-1
152,-1,1518.67,441.97,57.82,197.69,0.06553,-1,-1,-1
152,-1,810.74,524.39,36.58,76.14,0.06123,-1,-1,-1
152,-1,91.55,392.55,87.43,211.69,0.05582,-1,-1,-1
152,-1,1470.80,412.05,56.83,258.38,0.05524,-1,-1,-1
153,-1,1198.24,106.23,337.00,910.26,0.99935,-1,-1,-1
153,-1,829.30,223.87,386.92,839.07,0.99920,-1,-1,-1
153,-1,99.28,312.39,360.26,598.59,0.99917,-1,-1,-1
153,-1,452.68,386.50,124.11,363.77,0.99883,-1,-1,-1
153,-1,1487.90,406.26,78.90,262.61,0.98717,-1,-1,-1
153,-1,324.14,413.01,105.66,322.64,0.98247,-1,-1,-1
153,-1,77.28,393.83,150.15,465.41,0.97554,-1,-1,-1
153,-1,1695.82,473.04,42.96,111.05,0.95501,-1,-1,-1
153,-1,574.89,396.05,44.95,109.99,0.75502,-1,-1,-1
153,-1,1621.72,481.02,22.71,109.04,0.38275,-1,-1,-1
153,-1,1716.80,475.16,27.35,108.38,0.23651,-1,-1,-1
153,-1,1824.16,526.23,19.27,47.02,0.19966,-1,-1,-1
153,-1,0.11,405.68,61.73,104.47,0.19109,-1,-1,-1
153,-1,1464.84,396.65,43.18,273.74,0.12524,-1,-1,-1
153,-1,2.07,448.38,85.08,340.22,0.08701,-1,-1,-1
153,-1,1464.78,506.38,33.66,173.62,0.07676,-1,-1,-1
153,-1,810.50,526.68,39.97,74.40,0.06030,-1,-1,-1
153,-1,1811.93,525.22,19.61,50.72,0.05397,-1,-1,-1
154,-1,1187.90,99.61,343.02,916.98,0.99928,-1,-1,-1
154,-1,123.05,299.95,346.20,613.01,0.99920,-1,-1,-1
154,-1,812.84,223.64,398.66,842.03,0.99885,-1,-1,-1
154,-1,454.01,388.33,124.84,359.77,0.99884,-1,-1,-1
154,-1,1479.43,385.61,101.97,290.25,0.98458,-1,-1,-1
154,-1,344.63,424.93,87.85,291.66,0.98407,-1,-1,-1
154,-1,101.36,378.78,132.73,464.97,0.97756,-1,-1,-1
154,-1,1696.11,473.83,41.56,110.10,0.94283,-1,-1,-1
154,-1,574.05,397.91,45.79,103.06,0.77540,-1,-1,-1
154,-1,1621.11,482.14,22.20,108.62,0.40049,-1,-1,-1
154,-1,293.95,381.37,160.81,418.91,0.19666,-1,-1,-1
154,-1,1462.91,379.28,45.59,301.25,0.17446,-1,-1,-1
154,-1,1724.27,477.94,21.45,104.43,0.15119,-1,-1,-1
154,-1,1827.55,527.73,17.72,44.78,0.09852,-1,-1,-1
154,-1,1445.42,303.70,82.06,374.60,0.06075,-1,-1,-1
155,-1,1179.65,103.04,342.62,968.39,0.99955,-1,-1,-1
155,-1,788.92,219.95,406.43,843.38,0.99936,-1,-1,-1
155,-1,139.22,308.66,320.10,600.05,0.99888,-1,-1,-1
155,-1,455.15,388.44,125.82,357.70,0.99868,-1,-1,-1
155,-1,1474.65,376.96,105.86,299.67,0.99523,-1,-1,-1
155,-1,117.10,381.32,151.95,488.35,0.98290,-1,-1,-1
155,-1,1697.57,472.58,41.64,111.74,0.95828,-1,-1,-1
155,-1,363.42,417.94,63.86,295.29,0.92260,-1,-1,-1
155,-1,575.27,396.07,44.15,107.71,0.75863,-1,-1,-1
155,-1,327.91,405.19,121.68,414.14,0.63391,-1,-1,-1
155,-1,1457.91,396.26,46.10,277.99,0.44496,-1,-1,-1
155,-1,1728.83,475.39,19.66,111.47,0.19296,-1,-1,-1
155,-1,1827.61,527.87,17.92,44.60,0.18974,-1,-1,-1
155,-1,1622.17,485.64,21.32,102.85,0.15043,-1,-1,-1
155,-1,1713.53,470.87,37.29,120.05,0.14370,-1,-1,-1
155,-1,1446.02,353.42,91.56,327.24,0.12929,-1,-1,-1
155,-1,1426.50,280.13,80.91,403.85,0.11565,-1,-1,-1
155,-1,1.38,406.97,99.76,352.70,0.09458,-1,-1,-1
155,-1,1011.21,135.23,406.19,923.89,0.08439,-1,-1,-1
155,-1,1192.23,351.65,67.76,192.11,0.08232,-1,-1,-1
155,-1,27.03,502.03,84.13,160.39,0.08015,-1,-1,-1
155,-1,181.31,303.20,169.82,516.23,0.07390,-1,-1,-1
155,-1,1852.11,527.06,22.35,48.01,0.05590,-1,-1,-1
156,-1,1166.92,84.83,342.87,942.22,0.99953,-1,-1,-1
156,-1,771.19,223.37,401.18,838.47,0.99919,-1,-1,-1
156,-1,458.04,396.34,139.96,354.34,0.99851,-1,-1,-1
156,-1,197.69,298.77,264.32,594.76,0.99827,-1,-1,-1
156,-1,1471.75,373.31,109.68,298.39,0.99658,-1,-1,-1
156,-1,140.97,377.52,181.86,505.73,0.99332,-1,-1,-1
156,-1,1696.25,473.09,42.44,111.18,0.95307,-1,-1,-1
156,-1,573.72,398.02,46.13,101.82,0.81279,-1,-1,-1
156,-1,386.90,442.30,46.87,204.89,0.54943,-1,-1,-1
156,-1,121.74,544.77,51.98,201.68,0.51979,-1,-1,-1
156,-1,37.90,514.54,75.37,242.42,0.38949,-1,-1,-1
156,-1,15.65,498.00,93.05,137.84,0.26325,-1,-1,-1
156,-1,1825.58,527.61,19.38,44.62,0.21855,-1,-1,-1
156,-1,4.94,471.82,96.38,320.59,0.20526,-1,-1,-1
156,-1,1723.76,476.79,22.16,107.15,0.18685,-1,-1,-1
156,-1,372.88,412.34,53.24,77.13,0.17236,-1,-1,-1
156,-1,216.74,318.99,151.02,486.05,0.11678,-1,-1,-1
156,-1,1454.87,377.21,48.93,256.92,0.10344,-1,-1,-1
156,-1,400.04,465.74,36.18,138.07,0.10052,-1,-1,-1
156,-1,1457.32,486.36,35.35,200.98,0.10042,-1,-1,-1
156,-1,371.19,412.17,38.03,56.64,0.09347,-1,-1,-1
156,-1,1461.64,576.33,26.65,108.01,0.07260,-1,-1,-1
156,-1,58.00,512.18,94.04,276.05,0.07107,-1,-1,-1
156,-1,366.58,398.28,78.82,296.74,0.07048,-1,-1,-1
156,-1,8.34,572.00,101.51,144.02,0.06213,-1,-1,-1
156,-1,1621.60,474.21,21.78,102.88,0.05364,-1,-1,-1
156,-1,1502.57,377.92,34.72,38.91,0.05194,-1,-1,-1
156,-1,549.24,395.27,63.33,84.70,0.05147,-1,-1,-1
156,-1,1732.41,473.02,19.75,122.48,0.05134,-1,-1,-1
157,-1,1163.43,77.49,342.30,954.78,0.99956,-1,-1,-1
157,-1,758.84,208.95,408.27,855.60,0.99927,-1,-1,-1
157,-1,460.10,394.00,136.86,359.56,0.99850,-1,-1,-1
157,-1,1469.65,374.95,113.23,295.28,0.99749,-1,-1,-1
157,-1,227.38,313.99,231.25,578.03,0.99729,-1,-1,-1
157,-1,139.65,383.32,204.36,504.07,0.99643,-1,-1,-1
157,-1,1696.10,472.78,42.38,111.67,0.95662,-1,-1,-1
157,-1,573.93,397.93,45.39,106.66,0.67592,-1,-1,-1
157,-1,403.48,446.52,37.81,200.67,0.35417,-1,-1,-1
157,-1,1727.93,478.37,21.15,108.63,0.31159,-1,-1,-1
157,-1,39.69,403.39,72.66,114.48,0.13657,-1,-1,-1
157,-1,121.64,528.62,59.36,220.20,0.12558,-1,-1,-1
157,-1,1461.34,488.55,31.27,197.58,0.09892,-1,-1,-1
157,-1,1824.59,526.91,21.44,45.45,0.09227,-1,-1,-1
157,-1,82.66,340.84,452.73,554.88,0.05828,-1,-1,-1
157,-1,6.87,479.96,105.35,307.54,0.05314,-1,-1,-1
157,-1,1171.73,346.88,69.10,183.77,0.05193,-1,-1,-1
157,-1,1623.13,472.10,23.50,101.65,0.05008,-1,-1,-1
158,-1,1156.94,74.90,336.18,965.48,0.99961,-1,-1,-1
158,-1,729.05,231.46,421.50,833.12,0.99924,-1,-1,-1
158,-1,462.67,395.45,125.05,359.99,0.99866,-1,-1,-1
158,-1,141.52,392.57,210.90,499.76,0.99770,-1,-1,-1
158,-1,1477.22,373.69,113.48,300.16,0.99726,-1,-1,-1
158,-1,251.49,308.22,206.41,586.22,0.99690,-1,-1,-1
158,-1,1695.36,472.71,42.71,111.59,0.94893,-1,-1,-1
158,-1,121.66,531.61,64.80,211.07,0.79848,-1,-1,-1
158,-1,567.42,395.31,52.16,103.11,0.64841,-1,-1,-1
158,-1,8.42,551.74,93.12,134.74,0.28380,-1,-1,-1
158,-1,1723.69,477.48,22.21,106.38,0.22280,-1,-1,-1
158,-1,1825.96,529.45,19.16,42.71,0.20667,-1,-1,-1
158,-1,36.46,558.41,73.81,185.22,0.13245,-1,-1,-1
158,-1,427.56,453.54,38.99,210.25,0.11638,-1,-1,-1
158,-1,419.40,429.33,40.01,100.86,0.10349,-1,-1,-1
158,-1,1819.30,528.36,18.87,44.47,0.09717,-1,-1,-1
158,-1,28.10,507.09,81.41,152.27,0.09643,-1,-1,-1
158,-1,437.01,487.87,31.23,67.20,0.08116,-1,-1,-1
158,-1,43.94,567.60,68.08,104.02,0.07789,-1,-1,-1
158,-1,84.42,344.90,444.86,551.07,0.07524,-1,-1,-1
158,-1,40.32,406.91,86.32,101.04,0.07304,-1,-1,-1
158,-1,1163.25,355.41,71.93,160.10,0.06962,-1,-1,-1
158,-1,532.28,391.21,51.52,92.58,0.06076,-1,-1,-1
158,-1,96.14,517.71,74.98,316.58,0.05193,-1,-1,-1
159,-1,1151.93,66.57,340.79,1002.20,0.99950,-1,-1,-1
159,-1,735.86,202.76,413.91,870.44,0.99931,-1,-1,-1
159,-1,291.47,305.10,176.22,587.50,0.99870,-1,-1,-1
159,-1,465.72,393.34,122.28,364.79,0.99864,-1,-1,-1
159,-1,139.36,380.32,235.79,511.45,0.99859,-1,-1,-1
159,-1,1478.57,371.27,117.90,305.48,0.99757,-1,-1,-1
159,-1,1696.67,472.47,42.05,111.69,0.93809,-1,-1,-1
159,-1,121.46,536.39,67.39,208.34,0.91380,-1,-1,-1
159,-1,558.80,392.40,60.89,82.51,0.46401,-1,-1,-1
159,-1,571.33,396.57,48.61,137.10,0.35268,-1,-1,-1
159,-1,438.08,426.62,35.13,132.71,0.30398,-1,-1,-1
159,-1,1722.66,476.60,23.31,106.46,0.28360,-1,-1,-1
159,-1,60.34,506.23,99.25,309.30,0.22996,-1,-1,-1
159,-1,1826.86,529.20,19.26,42.62,0.21002,-1,-1,-1
159,-1,10.31,520.12,104.89,248.74,0.13748,-1,-1,-1
159,-1,436.75,434.89,31.33,41.02,0.12875,-1,-1,-1
159,-1,1686.81,480.97,35.87,103.51,0.12420,-1,-1,-1
159,-1,35.90,500.53,73.84,138.28,0.10296,-1,-1,-1
159,-1,45.10,403.00,91.99,110.72,0.09308,-1,-1,-1
159,-1,49.54,572.43,64.19,192.75,0.09231,-1,-1,-1
159,-1,286.31,430.78,27.34,88.39,0.07845,-1,-1,-1
159,-1,1626.07,478.59,23.22,116.80,0.07734,-1,-1,-1
159,-1,1818.04,527.44,18.28,45.27,0.07403,-1,-1,-1
159,-1,1854.22,520.21,20.60,51.59,0.07275,-1,-1,-1
159,-1,1732.35,478.39,18.76,113.44,0.06998,-1,-1,-1
159,-1,1832.53,535.09,18.41,36.32,0.06516,-1,-1,-1
159,-1,435.01,432.76,14.34,24.95,0.05898,-1,-1,-1
159,-1,1813.88,528.46,15.08,45.34,0.05150,-1,-1,-1
160,-1,1134.02,75.38,353.67,971.59,0.99976,-1,-1,-1
160,-1,145.24,382.49,242.05,512.45,0.99893,-1,-1,-1
160,-1,744.35,209.30,393.84,860.07,0.99887,-1,-1,-1
160,-1,467.01,388.89,122.21,373.50,0.99825,-1,-1,-1
160,-1,1482.09,370.92,121.42,304.73,0.99810,-1,-1,-1
160,-1,310.08,300.60,178.06,586.44,0.99773,-1,-1,-1
160,-1,124.37,531.92,67.50,212.74,0.96339,-1,-1,-1
160,-1,1696.35,472.88,41.89,111.54,0.95159,-1,-1,-1
160,-1,572.05,398.88,47.05,79.61,0.64821,-1,-1,-1
160,-1,456.26,439.22,22.81,113.84,0.35980,-1,-1,-1
160,-1,1727.87,477.42,20.77,110.39,0.30673,-1,-1,-1
160,-1,37.79,560.09,71.34,200.25,0.27785,-1,-1,-1
160,-1,453.53,439.34,26.59,60.00,0.24221,-1,-1,-1
160,-1,50.23,402.69,113.54,111.52,0.23482,-1,-1,-1
160,-1,15.55,521.56,102.79,282.09,0.21875,-1,-1,-1
160,-1,452.70,436.74,44.76,195.45,0.19890,-1,-1,-1
160,-1,69.08,517.60,100.35,312.43,0.19746,-1,-1,-1
160,-1,6.38,551.15,85.09,169.89,0.17844,-1,-1,-1
160,-1,450.58,423.35,42.04,118.05,0.17300,-1,-1,-1
160,-1,571.19,396.17,49.28,178.57,0.14481,-1,-1,-1
160,-1,456.00,404.01,48.86,108.54,0.12958,-1,-1,-1
160,-1,1623.01,480.15,19.55,109.43,0.10127,-1,-1,-1
160,-1,1828.57,525.77,18.27,46.38,0.09864,-1,-1,-1
160,-1,8.88,539.11,91.69,108.18,0.09405,-1,-1,-1
160,-1,1528.61,375.33,29.52,40.15,0.07789,-1,-1,-1
160,-1,464.47,395.71,71.28,82.53,0.05724,-1,-1,-1
160,-1,42.28,543.94,71.93,123.03,0.05708,-1,-1,-1
161,-1,1124.45,69.64,360.79,984.18,0.99977,-1,-1,-1
161,-1,768.59,201.42,352.53,871.11,0.99955,-1,-1,-1
161,-1,153.53,388.48,241.27,503.59,0.99924,-1,-1,-1
161,-1,340.32,314.22,187.95,566.41,0.99852,-1,-1,-1
161,-1,1490.33,369.00,119.46,303.50,0.99812,-1,-1,-1
161,-1,478.97,392.77,110.72,368.54,0.99766,-1,-1,-1
161,-1,123.50,533.12,71.38,215.19,0.96480,-1,-1,-1
161,-1,1695.74,473.10,42.44,111.80,0.95202,-1,-1,-1
161,-1,31.81,552.49,74.47,200.06,0.59214,-1,-1,-1
161,-1,576.10,399.80,41.61,80.94,0.57288,-1,-1,-1
161,-1,7.34,539.93,91.33,114.16,0.46251,-1,-1,-1
161,-1,419.42,358.92,163.40,461.77,0.42262,-1,-1,-1
161,-1,3.66,516.64,81.95,258.93,0.28599,-1,-1,-1
161,-1,1728.33,475.78,20.07,112.06,0.28114,-1,-1,-1
161,-1,575.20,396.68,43.29,163.79,0.17304,-1,-1,-1
161,-1,1828.45,529.17,18.76,43.16,0.13112,-1,-1,-1
161,-1,54.91,524.79,116.31,273.71,0.10885,-1,-1,-1
161,-1,1621.34,475.74,19.88,103.59,0.09300,-1,-1,-1
161,-1,473.21,440.89,19.81,34.03,0.07633,-1,-1,-1
161,-1,115.59,476.31,42.01,31.84,0.06000,-1,-1,-1
161,-1,6.59,534.65,77.64,70.12,0.05894,-1,-1,-1
161,-1,1853.21,528.57,20.27,44.70,0.05022,-1,-1,-1
162,-1,1116.96,60.80,359.93,993.95,0.99978,-1,-1,-1
162,-1,767.64,214.96,347.16,865.04,0.99927,-1,-1,-1
162,-1,173.77,382.63,229.69,497.52,0.99880,-1,-1,-1
162,-1,1491.51,370.47,123.72,301.38,0.99859,-1,-1,-1
162,-1,350.64,307.39,198.46,576.06,0.99758,-1,-1,-1
162,-1,484.30,394.60,107.94,361.52,0.99691,-1,-1,-1
162,-1,123.40,531.05,71.00,215.81,0.96915,-1,-1,-1
162,-1,1695.91,472.89,42.44,111.33,0.95373,-1,-1,-1
162,-1,31.49,556.82,75.76,196.19,0.73107,-1,-1,-1
162,-1,576.43,397.56,42.90,71.35,0.68416,-1,-1,-1
162,-1,576.29,394.72,43.74,174.81,0.21908,-1,-1,-1
162,-1,7.70,543.97,92.02,127.34,0.20105,-1,-1,-1
162,-1,1728.23,476.21,20.11,113.22,0.18937,-1,-1,-1
162,-1,572.87,425.19,47.33,263.42,0.17293,-1,-1,-1
162,-1,178.77,536.35,38.43,44.79,0.16365,-1,-1,-1
162,-1,51.06,526.19,113.98,245.17,0.13895,-1,-1,-1
162,-1,4.10,519.29,80.58,258.34,0.13284,-1,-1,-1
162,-1,1828.55,527.53,17.99,45.06,0.10214,-1,-1,-1
162,-1,485.14,430.24,65.46,298.01,0.08967,-1,-1,-1
162,-1,43.55,567.38,68.21,97.68,0.08923,-1,-1,-1
162,-1,183.16,538.25,26.86,29.81,0.07042,-1,-1,-1
162,-1,423.23,337.18,132.84,419.69,0.07007,-1,-1,-1
162,-1,89.96,519.10,101.40,286.94,0.05861,-1,-1,-1
162,-1,38.18,573.49,42.81,79.46,0.05470,-1,-1,-1
163,-1,1108.02,54.40,359.28,998.21,0.99982,-1,-1,-1
163,-1,756.75,208.02,339.42,871.98,0.99964,-1,-1,-1
163,-1,356.57,299.82,247.07,586.80,0.99859,-1,-1,-1
163,-1,1494.27,369.61,128.45,298.14,0.99849,-1,-1,-1
163,-1,221.20,388.32,193.99,476.50,0.99776,-1,-1,-1
163,-1,499.12,383.07,109.83,386.34,0.99525,-1,-1,-1
163,-1,122.49,534.14,70.73,214.63,0.96073,-1,-1,-1
163,-1,1695.91,472.83,41.97,111.55,0.95161,-1,-1,-1
163,-1,33.41,557.76,74.48,195.46,0.69388,-1,-1,-1
163,-1,576.25,404.20,42.93,123.33,0.67649,-1,-1,-1
163,-1,245.42,515.41,50.08,64.21,0.41515,-1,-1,-1
163,-1,6.86,528.15,87.62,247.40,0.34803,-1,-1,-1
163,-1,508.56,390.57,95.21,214.40,0.34687,-1,-1,-1
163,-1,180.33,533.93,42.89,48.17,0.33886,-1,-1,-1
163,-1,1727.05,479.61,21.30,108.00,0.28873,-1,-1,-1
163,-1,1109.24,290.74,86.80,328.75,0.23437,-1,-1,-1
163,-1,1154.12,368.36,38.03,112.43,0.15740,-1,-1,-1
163,-1,1150.88,354.44,44.10,306.14,0.15474,-1,-1,-1
163,-1,1852.60,522.38,23.19,51.74,0.12287,-1,-1,-1
163,-1,48.79,526.89,120.33,257.71,0.11203,-1,-1,-1
163,-1,1823.63,526.27,18.70,46.74,0.11184,-1,-1,-1
163,-1,11.26,546.68,82.12,117.42,0.09925,-1,-1,-1
163,-1,1127.77,350.95,62.32,190.65,0.09699,-1,-1,-1
163,-1,916.36,110.72,452.81,942.16,0.07577,-1,-1,-1
163,-1,176.13,491.32,54.23,89.63,0.06372,-1,-1,-1
163,-1,121.01,478.66,34.89,27.72,0.05792,-1,-1,-1
163,-1,759.53,261.59,151.48,598.64,0.05535,-1,-1,-1
164,-1,1095.63,51.89,366.94,998.62,0.99985,-1,-1,-1
164,-1,741.04,213.88,353.96,866.12,0.99954,-1,-1,-1
164,-1,359.48,315.29,256.85,573.70,0.99864,-1,-1,-1
164,-1,1500.40,373.19,125.41,294.93,0.99859,-1,-1,-1
164,-1,249.45,389.44,169.47,455.07,0.99821,-1,-1,-1
164,-1,508.31,389.69,110.35,365.46,0.99417,-1,-1,-1
164,-1,1696.13,473.24,41.68,110.75,0.94872,-1,-1,-1
164,-1,125.28,530.82,66.00,222.85,0.87867,-1,-1,-1
164,-1,573.87,406.03,46.90,144.43,0.80359,-1,-1,-1
164,-1,518.87,390.84,86.93,168.56,0.51121,-1,-1,-1
164,-1,29.48,503.66,70.18,138.74,0.46702,-1,-1,-1
164,-1,4.92,509.59,90.64,265.45,0.44850,-1,-1,-1
164,-1,118.40,406.85,70.33,101.07,0.41586,-1,-1,-1
164,-1,1419.60,437.91,38.34,235.85,0.32507,-1,-1,-1
164,-1,459.22,337.20,141.68,437.66,0.19064,-1,-1,-1
164,-1,41.07,545.51,69.65,207.25,0.17779,-1,-1,-1
164,-1,1723.75,478.96,23.15,104.51,0.17440,-1,-1,-1
164,-1,1432.16,517.33,23.37,156.20,0.16436,-1,-1,-1
164,-1,745.35,234.29,203.13,549.40,0.15210,-1,-1,-1
164,-1,1823.48,526.80,17.61,46.61,0.14403,-1,-1,-1
164,-1,1851.78,522.66,23.31,51.37,0.12729,-1,-1,-1
164,-1,3.24,531.63,83.56,83.08,0.08780,-1,-1,-1
164,-1,119.47,478.28,35.80,26.69,0.07559,-1,-1,-1
164,-1,244.23,526.23,42.76,54.99,0.07538,-1,-1,-1
164,-1,1390.71,317.98,66.37,365.67,0.05468,-1,-1,-1
165,-1,1068.35,51.97,381.88,1012.11,0.99977,-1,-1,-1
165,-1,741.38,208.37,334.60,871.63,0.99927,-1,-1,-1
165,-1,1501.56,377.16,128.03,291.31,0.99880,-1,-1,-1
165,-1,365.09,334.08,281.54,543.34,0.99867,-1,-1,-1
165,-1,273.48,384.09,163.05,471.66,0.99777,-1,-1,-1
165,-1,518.62,383.40,117.56,371.70,0.98630,-1,-1,-1
165,-1,1695.84,473.17,42.07,110.83,0.95239,-1,-1,-1
165,-1,574.95,400.57,46.25,129.34,0.87748,-1,-1,-1
165,-1,126.25,532.96,66.26,217.00,0.83371,-1,-1,-1
165,-1,1424.01,480.06,37.61,193.97,0.77986,-1,-1,-1
165,-1,142.70,411.24,64.74,105.92,0.66083,-1,-1,-1
165,-1,1403.38,386.38,56.65,293.49,0.65504,-1,-1,-1
165,-1,525.92,392.19,82.96,142.97,0.55295,-1,-1,-1
165,-1,731.79,218.30,228.22,564.57,0.54932,-1,-1,-1
165,-1,34.42,516.96,75.46,239.90,0.51463,-1,-1,-1
165,-1,4.78,494.87,88.45,288.20,0.40679,-1,-1,-1
165,-1,38.89,503.00,65.97,152.26,0.32193,-1,-1,-1
165,-1,304.95,332.73,222.83,543.20,0.31676,-1,-1,-1
165,-1,394.34,406.89,27.15,95.31,0.29811,-1,-1,-1
165,-1,246.11,520.51,60.90,60.03,0.23440,-1,-1,-1
165,-1,1727.24,476.28,20.74,111.59,0.23113,-1,-1,-1
165,-1,3.76,523.88,93.06,107.97,0.20331,-1,-1,-1
165,-1,115.09,464.51,37.68,45.09,0.15541,-1,-1,-1
165,-1,557.72,403.50,81.05,202.75,0.15120,-1,-1,-1
165,-1,1378.61,311.05,72.67,374.78,0.11447,-1,-1,-1
165,-1,1823.48,526.23,18.61,47.25,0.10886,-1,-1,-1
165,-1,46.59,528.48,94.91,276.58,0.10149,-1,-1,-1
165,-1,1852.59,528.11,23.34,47.37,0.09201,-1,-1,-1
165,-1,1394.42,342.04,48.28,253.56,0.08451,-1,-1,-1
165,-1,153.08,452.50,59.54,68.46,0.07219,-1,-1,-1
165,-1,133.84,397.75,88.04,157.03,0.06774,-1,-1,-1
165,-1,166.71,461.50,36.93,49.61,0.06611,-1,-1,-1
166,-1,1057.93,48.28,386.58,1000.95,0.99982,-1,-1,-1
166,-1,725.15,205.40,344.55,874.29,0.99941,-1,-1,-1
166,-1,369.73,322.38,300.44,563.86,0.99941,-1,-1,-1
166,-1,1497.78,383.59,137.55,285.56,0.99867,-1,-1,-1
166,-1,332.18,386.61,123.69,473.68,0.99774,-1,-1,-1
166,-1,1696.18,472.96,41.53,110.96,0.94110,-1,-1,-1
166,-1,568.19,396.78,50.97,100.40,0.92053,-1,-1,-1
166,-1,1415.72,480.75,46.31,195.85,0.89168,-1,-1,-1
166,-1,128.07,522.65,70.27,223.82,0.88796,-1,-1,-1
166,-1,39.84,549.11,69.87,206.73,0.71877,-1,-1,-1
166,-1,537.24,388.02,45.90,75.31,0.70032,-1,-1,-1
166,-1,536.63,386.22,75.51,96.45,0.61693,-1,-1,-1
166,-1,246.33,519.38,61.17,61.04,0.49499,-1,-1,-1
166,-1,539.79,394.98,113.29,306.25,0.46396,-1,-1,-1
166,-1,537.54,389.74,30.69,51.62,0.45472,-1,-1,-1
166,-1,561.18,390.33,67.81,221.55,0.40766,-1,-1,-1
166,-1,9.65,514.76,89.23,254.73,0.38027,-1,-1,-1
166,-1,411.15,400.43,27.93,67.65,0.36090,-1,-1,-1
166,-1,165.42,419.14,51.40,50.43,0.26609,-1,-1,-1
166,-1,47.85,509.13,59.67,148.92,0.24779,-1,-1,-1
166,-1,3.53,529.20,85.84,124.61,0.22031,-1,-1,-1
166,-1,1727.46,476.49,20.33,110.32,0.17566,-1,-1,-1
166,-1,1850.82,525.40,24.38,50.45,0.15894,-1,-1,-1
166,-1,245.54,518.15,56.59,152.63,0.15056,-1,-1,-1
166,-1,538.19,381.05,67.48,225.72,0.13353,-1,-1,-1
166,-1,113.23,464.82,50.50,56.89,0.12139,-1,-1,-1
166,-1,166.95,442.14,58.42,97.35,0.11909,-1,-1,-1
166,-1,1392.34,365.33,65.29,319.83,0.11758,-1,-1,-1
166,-1,507.45,345.46,126.26,410.31,0.11285,-1,-1,-1
166,-1,563.84,438.51,103.41,154.45,0.09597,-1,-1,-1
166,-1,551.14,472.53,59.38,253.13,0.09427,-1,-1,-1
166,-1,164.75,427.16,59.96,72.66,0.08792,-1,-1,-1
166,-1,726.64,330.18,159.85,447.14,0.07746,-1,-1,-1
166,-1,100.02,519.09,87.90,281.76,0.07713,-1,-1,-1
166,-1,1826.15,525.35,19.19,48.01,0.07362,-1,-1,-1
166,-1,60.90,538.84,74.24,220.41,0.07056,-1,-1,-1
167,-1,1051.44,47.51,389.19,1003.53,0.99987,-1,-1,-1
167,-1,387.28,320.76,292.36,560.06,0.99956,-1,-1,-1
167,-1,710.83,195.83,334.91,884.17,0.99934,-1,-1,-1
167,-1,1498.60,385.40,139.93,283.15,0.99887,-1,-1,-1
167,-1,335.52,377.06,138.93,488.98,0.99335,-1,-1,-1
167,-1,1407.01,479.96,57.67,195.81,0.95912,-1,-1,-1
167,-1,1694.64,472.81,42.77,111.37,0.95322,-1,-1,-1
167,-1,572.91,397.26,47.85,84.12,0.89648,-1,-1,-1
167,-1,127.82,526.05,65.77,218.73,0.76229,-1,-1,-1
167,-1,547.30,389.48,25.25,30.60,0.55495,-1,-1,-1
167,-1,42.91,560.72,65.91,194.62,0.53921,-1,-1,-1
167,-1,577.63,414.74,80.96,198.52,0.46525,-1,-1,-1
167,-1,175.29,418.07,48.81,49.33,0.45994,-1,-1,-1
167,-1,246.72,519.27,63.40,60.64,0.39854,-1,-1,-1
167,-1,1727.01,476.92,20.25,109.88,0.22414,-1,-1,-1
167,-1,709.54,286.22,186.24,495.76,0.21092,-1,-1,-1
167,-1,13.65,508.51,85.52,265.29,0.18689,-1,-1,-1
167,-1,574.09,390.25,50.40,239.82,0.15228,-1,-1,-1
167,-1,551.49,389.97,25.72,44.86,0.14703,-1,-1,-1
167,-1,1852.70,527.45,24.18,48.86,0.11919,-1,-1,-1
167,-1,1385.22,394.85,80.73,285.53,0.11748,-1,-1,-1
167,-1,27.85,542.10,122.26,222.63,0.10576,-1,-1,-1
167,-1,30.07,502.59,72.25,134.96,0.10541,-1,-1,-1
167,-1,148.80,453.38,89.28,296.96,0.09921,-1,-1,-1
167,-1,112.95,468.09,51.46,57.41,0.08807,-1,-1,-1
167,-1,166.60,417.18,59.98,84.15,0.08273,-1,-1,-1
167,-1,246.12,518.36,63.15,150.98,0.07903,-1,-1,-1
167,-1,510.40,357.69,148.90,372.99,0.07308,-1,-1,-1
167,-1,65.09,436.49,178.42,392.63,0.06475,-1,-1,-1
167,-1,329.11,477.00,34.40,170.73,0.05012,-1,-1,-1
168,-1,1032.73,44.61,400.45,1016.07,0.99977,-1,-1,-1
168,-1,413.31,315.52,281.77,549.86,0.99942,-1,-1,-1
168,-1,685.65,189.89,351.29,884.70,0.99930,-1,-1,-1
168,-1,1504.67,385.43,134.95,279.44,0.99859,-1,-1,-1
168,-1,350.36,383.19,151.88,472.83,0.99642,-1,-1,-1
168,-1,1396.65,450.52,66.07,225.41,0.98370,-1,-1,-1
168,-1,1695.07,473.27,42.11,110.90,0.95292,-1,-1,-1
168,-1,1389.53,450.55,43.15,218.44,0.91897,-1,-1,-1
168,-1,247.12,517.72,57.73,61.57,0.67663,-1,-1,-1
168,-1,125.77,505.60,70.16,256.55,0.26518,-1,-1,-1
168,-1,1726.52,477.97,20.95,110.02,0.24305,-1,-1,-1
168,-1,54.77,540.65,61.66,216.05,0.15035,-1,-1,-1
168,-1,246.23,520.20,60.85,147.40,0.12420,-1,-1,-1
168,-1,1852.89,528.47,22.54,48.64,0.10924,-1,-1,-1
168,-1,1401.27,449.01,58.84,90.60,0.07543,-1,-1,-1
168,-1,593.29,439.97,78.22,153.23,0.06109,-1,-1,-1
168,-1,1414.10,494.91,62.71,168.74,0.05337,-1,-1,-1
168,-1,20.00,527.55,77.96,237.96,0.05186,-1,-1,-1
169,-1,1016.43,42.53,396.65,1010.21,0.99988,-1,-1,-1
169,-1,657.05,186.68,359.33,868.12,0.99930,-1,-1,-1
169,-1,446.06,309.35,227.97,550.32,0.99924,-1,-1,-1
169,-1,1506.18,386.38,135.02,276.88,0.99853,-1,-1,-1
169,-1,356.01,388.08,168.93,470.06,0.99785,-1,-1,-1
169,-1,1390.00,443.77,73.71,231.38,0.98827,-1,-1,-1
169,-1,1695.29,472.91,41.70,111.00,0.94907,-1,-1,-1
169,-1,1382.19,443.80,48.79,222.69,0.80126,-1,-1,-1
169,-1,246.41,518.60,57.42,61.68,0.54627,-1,-1,-1
169,-1,128.34,497.00,69.11,273.39,0.32291,-1,-1,-1
169,-1,344.31,447.19,41.61,163.81,0.32071,-1,-1,-1
169,-1,47.56,521.25,67.54,236.47,0.24655,-1,-1,-1
169,-1,1726.20,480.91,20.97,107.20,0.20881,-1,-1,-1
169,-1,246.06,520.53,61.37,146.68,0.18365,-1,-1,-1
169,-1,1852.33,529.00,22.96,49.43,0.14580,-1,-1,-1
169,-1,458.31,389.46,47.33,131.15,0.11813,-1,-1,-1
169,-1,1402.54,452.60,55.81,74.64,0.09860,-1,-1,-1
169,-1,1416.68,491.73,59.66,162.30,0.08802,-1,-1,-1
169,-1,44.41,503.72,62.38,135.20,0.08738,-1,-1,-1
169,-1,1394.79,438.87,58.30,152.94,0.07391,-1,-1,-1
169,-1,1391.17,433.16,25.20,59.50,0.06098,-1,-1,-1
170,-1,1004.58,35.27,404.15,1023.57,0.99989,-1,-1,-1
170,-1,629.60,171.77,368.96,895.70,0.99936,-1,-1,-1
170,-1,465.53,310.63,204.18,547.34,0.99874,-1,-1,-1
170,-1,356.38,383.61,191.34,475.46,0.99855,-1,-1,-1
170,-1,1511.16,388.20,131.39,278.58,0.99806,-1,-1,-1
170,-1,1392.48,445.81,71.91,228.59,0.98276,-1,-1,-1
170,-1,1380.94,437.44,50.80,228.78,0.96352,-1,-1,-1
170,-1,1694.38,473.22,42.70,111.06,0.94674,-1,-1,-1
170,-1,127.60,500.04,73.41,243.36,0.75391,-1,-1,-1
170,-1,53.52,531.61,62.76,225.87,0.45570,-1,-1,-1
170,-1,341.01,459.10,50.15,165.43,0.36600,-1,-1,-1
170,-1,246.15,519.88,60.76,61.44,0.36508,-1,-1,-1
170,-1,1361.55,552.01,23.63,129.41,0.24006,-1,-1,-1
170,-1,1373.91,430.75,41.58,156.78,0.23666,-1,-1,-1
170,-1,1361.36,429.24,50.57,242.20,0.20772,-1,-1,-1
170,-1,1406.95,450.20,52.84,77.89,0.17859,-1,-1,-1
170,-1,1402.30,439.73,28.91,64.01,0.16802,-1,-1,-1
170,-1,1854.64,528.97,21.47,48.07,0.14607,-1,-1,-1
170,-1,40.67,503.79,68.68,182.11,0.13845,-1,-1,-1
170,-1,1404.77,448.53,66.02,135.36,0.13438,-1,-1,-1
170,-1,1418.65,473.65,56.02,184.99,0.12887,-1,-1,-1
170,-1,24.53,517.96,76.54,244.03,0.10408,-1,-1,-1
170,-1,1726.45,480.78,20.90,108.16,0.10070,-1,-1,-1
170,-1,1385.96,428.96,40.65,77.79,0.09338,-1,-1,-1
170,-1,1393.19,436.96,48.21,129.08,0.07039,-1,-1,-1
170,-1,245.42,520.16,59.26,149.30,0.05498,-1,-1,-1
170,-1,260.30,514.99,79.25,60.81,0.05381,-1,-1,-1
170,-1,1335.80,389.56,54.97,285.59,0.05109,-1,-1,-1
171,-1,987.81,29.71,405.40,1026.81,0.99992,-1,-1,-1
171,-1,594.55,170.08,377.33,892.97,0.99850,-1,-1,-1
171,-1,359.25,402.36,232.54,456.78,0.99778,-1,-1,-1
171,-1,1518.42,384.68,123.99,278.85,0.99762,-1,-1,-1
171,-1,505.27,319.94,158.19,520.12,0.99281,-1,-1,-1
171,-1,1383.44,438.36,90.03,236.25,0.99234,-1,-1,-1
171,-1,1694.00,473.50,43.43,110.70,0.95528,-1,-1,-1
171,-1,1341.80,541.31,46.07,141.13,0.95329,-1,-1,-1
171,-1,1367.01,435.17,57.41,210.92,0.69597,-1,-1,-1
171,-1,246.17,518.18,59.45,62.41,0.64400,-1,-1,-1
171,-1,129.46,510.97,69.79,234.76,0.58086,-1,-1,-1
171,-1,348.63,411.78,97.39,316.87,0.57751,-1,-1,-1
171,-1,1343.87,468.42,63.82,212.15,0.52149,-1,-1,-1
171,-1,48.27,521.06,66.67,237.69,0.37419,-1,-1,-1
171,-1,497.80,448.83,33.27,82.60,0.31374,-1,-1,-1
171,-1,404.69,410.20,34.21,80.92,0.21651,-1,-1,-1
171,-1,357.91,402.27,141.20,377.58,0.21351,-1,-1,-1
171,-1,1417.10,474.62,60.34,193.03,0.13843,-1,-1,-1
171,-1,244.86,522.91,60.25,141.23,0.13484,-1,-1,-1
171,-1,47.80,505.61,59.48,142.21,0.13160,-1,-1,-1
171,-1,1380.04,428.83,45.56,136.77,0.10200,-1,-1,-1
171,-1,350.84,434.87,76.41,201.22,0.10082,-1,-1,-1
171,-1,1727.21,477.87,18.82,103.16,0.09272,-1,-1,-1
171,-1,495.68,456.20,52.92,226.44,0.08859,-1,-1,-1
171,-1,1855.49,526.42,21.79,49.14,0.08675,-1,-1,-1
171,-1,1349.78,477.76,46.18,107.48,0.08407,-1,-1,-1
171,-1,483.07,385.41,113.77,409.06,0.08105,-1,-1,-1
171,-1,102.66,451.34,107.22,332.04,0.07815,-1,-1,-1
171,-1,771.10,88.99,420.31,982.30,0.07284,-1,-1,-1
171,-1,399.29,408.51,46.90,180.07,0.06333,-1,-1,-1
172,-1,987.99,19.57,409.51,1060.43,0.99981,-1,-1,-1
172,-1,568.13,167.87,391.42,883.67,0.99926,-1,-1,-1
172,-1,1525.45,378.55,122.93,286.59,0.99825,-1,-1,-1
172,-1,362.48,404.59,246.86,452.10,0.99655,-1,-1,-1
172,-1,1386.12,442.12,90.86,231.38,0.99368,-1,-1,-1
172,-1,534.53,318.11,123.57,510.01,0.98458,-1,-1,-1
172,-1,1334.67,545.31,53.52,137.24,0.98379,-1,-1,-1
172,-1,1695.23,473.10,42.68,111.08,0.95384,-1,-1,-1
172,-1,347.91,415.45,100.91,303.49,0.94027,-1,-1,-1
172,-1,246.80,517.34,56.62,62.97,0.77309,-1,-1,-1
172,-1,1370.71,440.21,46.24,203.91,0.71320,-1,-1,-1
172,-1,125.09,511.73,85.69,250.08,0.56977,-1,-1,-1
172,-1,549.84,264.25,183.18,590.36,0.48342,-1,-1,-1
172,-1,364.03,399.41,138.22,381.21,0.42450,-1,-1,-1
172,-1,49.01,535.92,65.31,218.85,0.42371,-1,-1,-1
172,-1,998.26,530.99,31.85,74.70,0.36115,-1,-1,-1
172,-1,1355.03,492.85,50.69,167.16,0.33384,-1,-1,-1
172,-1,503.00,401.52,43.04,121.56,0.32507,-1,-1,-1
172,-1,1361.12,468.51,36.74,144.99,0.25298,-1,-1,-1
172,-1,244.37,522.74,51.55,134.93,0.22518,-1,-1,-1
172,-1,1726.84,476.89,20.49,111.42,0.20731,-1,-1,-1
172,-1,1855.86,526.98,20.71,47.86,0.13169,-1,-1,-1
172,-1,36.88,505.82,72.62,180.78,0.10803,-1,-1,-1
172,-1,1517.58,446.30,27.80,97.76,0.06952,-1,-1,-1
172,-1,446.57,392.43,144.84,395.97,0.06435,-1,-1,-1
172,-1,1404.60,427.87,27.03,40.08,0.06067,-1,-1,-1
172,-1,1420.08,474.78,57.24,174.10,0.05858,-1,-1,-1
172,-1,506.31,439.70,40.79,210.15,0.05686,-1,-1,-1
172,-1,1371.04,428.37,56.64,113.25,0.05262,-1,-1,-1
172,-1,338.88,453.86,66.27,186.78,0.05260,-1,-1,-1
173,-1,960.81,7.92,411.21,1047.93,0.99990,-1,-1,-1
173,-1,546.53,162.33,399.14,896.86,0.99941,-1,-1,-1
173,-1,1535.22,373.12,116.94,295.21,0.99830,-1,-1,-1
173,-1,380.62,400.97,208.23,452.86,0.99814,-1,-1,-1
173,-1,1335.17,545.68,54.52,135.20,0.99268,-1,-1,-1
173,-1,1389.54,443.44,86.20,229.99,0.98984,-1,-1,-1
173,-1,353.93,404.20,116.11,393.52,0.96837,-1,-1,-1
173,-1,1695.21,472.51,43.32,111.58,0.95488,-1,-1,-1
173,-1,553.80,316.89,99.01,521.17,0.94322,-1,-1,-1
173,-1,1375.80,447.50,66.02,216.34,0.83511,-1,-1,-1
173,-1,245.27,516.90,50.21,62.18,0.73838,-1,-1,-1
173,-1,0.00,540.04,42.76,61.18,0.68152,-1,-1,-1
173,-1,528.53,384.90,47.08,164.71,0.66872,-1,-1,-1
173,-1,1369.61,461.94,43.75,174.13,0.62944,-1,-1,-1
173,-1,552.75,275.78,170.04,614.98,0.56089,-1,-1,-1
173,-1,135.17,522.72,69.65,223.74,0.54783,-1,-1,-1
173,-1,49.13,536.71,65.87,218.66,0.54234,-1,-1,-1
173,-1,559.79,306.22,88.96,304.37,0.44657,-1,-1,-1
173,-1,1405.25,428.30,28.08,62.21,0.27384,-1,-1,-1
173,-1,527.35,379.96,58.24,278.38,0.22205,-1,-1,-1
173,-1,1727.57,475.70,20.01,113.90,0.20866,-1,-1,-1
173,-1,531.10,384.09,43.36,89.38,0.20042,-1,-1,-1
173,-1,40.90,504.89,70.20,169.24,0.17872,-1,-1,-1
173,-1,244.72,521.77,58.99,137.22,0.17797,-1,-1,-1
173,-1,1856.11,524.64,19.89,48.53,0.11866,-1,-1,-1
173,-1,110.41,461.83,113.82,309.66,0.11827,-1,-1,-1
173,-1,527.05,409.98,34.29,120.40,0.11758,-1,-1,-1
173,-1,1410.00,428.99,28.49,33.41,0.09846,-1,-1,-1
173,-1,518.78,418.29,46.49,197.08,0.07765,-1,-1,-1
173,-1,4.47,512.58,74.21,264.17,0.06934,-1,-1,-1
173,-1,0.00,534.28,60.13,111.60,0.06409,-1,-1,-1
173,-1,433.54,400.46,113.03,318.87,0.06212,-1,-1,-1
173,-1,89.85,541.95,47.94,204.76,0.05568,-1,-1,-1
173,-1,542.12,379.97,64.06,232.98,0.05450,-1,-1,-1
173,-1,0.00,543.93,57.49,401.16,0.05148,-1,-1,-1
173,-1,21.61,581.72,75.68,178.62,0.05034,-1,-1,-1
174,-1,952.67,9.87,417.61,1048.62,0.99989,-1,-1,-1
174,-1,1539.10,376.74,113.90,290.57,0.99881,-1,-1,-1
174,-1,555.36,154.79,370.66,878.70,0.99803,-1,-1,-1
174,-1,394.51,385.60,191.62,471.30,0.99724,-1,-1,-1
174,-1,1336.34,546.83,54.69,133.93,0.99546,-1,-1,-1
174,-1,1388.56,443.04,90.01,229.90,0.99211,-1,-1,-1
174,-1,348.02,406.69,130.55,380.71,0.98857,-1,-1,-1
174,-1,1695.98,473.05,42.71,112.17,0.96076,-1,-1,-1
174,-1,1373.46,460.55,50.45,181.21,0.84510,-1,-1,-1
174,-1,536.86,390.51,41.42,208.56,0.81230,-1,-1,-1
174,-1,569.69,317.68,80.46,254.29,0.73112,-1,-1,-1
174,-1,245.73,518.12,60.33,61.51,0.66269,-1,-1,-1
174,-1,0.00,535.94,54.61,61.26,0.62456,-1,-1,-1
174,-1,557.19,311.59,105.45,513.03,0.60684,-1,-1,-1
174,-1,46.39,530.94,68.68,224.61,0.56592,-1,-1,-1
174,-1,121.30,488.48,92.99,267.01,0.46185,-1,-1,-1
174,-1,914.85,523.93,25.02,101.32,0.40755,-1,-1,-1
174,-1,551.26,268.44,175.87,666.71,0.28179,-1,-1,-1
174,-1,1409.67,429.19,29.29,65.32,0.20805,-1,-1,-1
174,-1,1727.48,477.17,20.97,113.42,0.18888,-1,-1,-1
174,-1,541.94,368.48,67.05,247.75,0.16687,-1,-1,-1
174,-1,4.30,521.35,83.04,252.70,0.15219,-1,-1,-1
174,-1,0.00,554.68,54.91,432.25,0.13227,-1,-1,-1
174,-1,1856.15,524.02,20.01,49.16,0.12559,-1,-1,-1
174,-1,244.94,520.18,60.53,146.67,0.11962,-1,-1,-1
174,-1,1004.83,545.42,19.21,58.82,0.11692,-1,-1,-1
174,-1,461.24,363.55,219.85,467.19,0.09576,-1,-1,-1
174,-1,46.53,507.90,63.14,147.48,0.08704,-1,-1,-1
174,-1,1412.35,431.42,28.21,32.11,0.08116,-1,-1,-1
174,-1,925.44,538.36,17.50,75.75,0.05100,-1,-1,-1
175,-1,944.64,4.39,410.00,1044.28,0.99978,-1,-1,-1
175,-1,507.13,151.39,397.81,905.29,0.99901,-1,-1,-1
175,-1,1548.40,376.42,102.99,288.15,0.99773,-1,-1,-1
175,-1,423.56,389.27,175.76,454.92,0.99548,-1,-1,-1
175,-1,1337.22,546.02,54.89,135.81,0.99483,-1,-1,-1
175,-1,355.35,409.93,133.92,392.78,0.99271,-1,-1,-1
175,-1,1388.04,441.55,89.50,233.17,0.99073,-1,-1,-1
175,-1,910.31,519.56,31.79,106.61,0.96909,-1,-1,-1
175,-1,1698.62,474.30,37.61,109.98,0.95675,-1,-1,-1
175,-1,1377.65,454.61,52.31,192.00,0.75095,-1,-1,-1
175,-1,245.39,517.04,50.19,61.12,0.61328,-1,-1,-1
175,-1,0.11,532.24,74.81,69.24,0.59645,-1,-1,-1
175,-1,134.86,526.51,70.08,218.18,0.51445,-1,-1,-1
175,-1,0.00,967.56,43.50,36.65,0.49470,-1,-1,-1
175,-1,531.79,386.37,57.70,250.19,0.48217,-1,-1,-1
175,-1,40.29,539.12,70.10,217.79,0.47106,-1,-1,-1
175,-1,0.00,554.51,60.29,434.04,0.30296,-1,-1,-1
175,-1,494.26,386.45,117.53,394.00,0.22201,-1,-1,-1
175,-1,1727.18,476.22,21.01,113.36,0.19993,-1,-1,-1
175,-1,9.92,509.31,93.93,200.03,0.17222,-1,-1,-1
175,-1,1408.12,430.45,29.01,59.22,0.15512,-1,-1,-1
175,-1,44.96,512.56,65.29,139.91,0.13459,-1,-1,-1
175,-1,1854.77,523.90,19.75,49.56,0.12527,-1,-1,-1
175,-1,1394.23,426.96,52.64,75.68,0.12440,-1,-1,-1
175,-1,1376.74,465.12,33.66,149.04,0.10884,-1,-1,-1
175,-1,112.62,465.14,109.11,288.80,0.09263,-1,-1,-1
175,-1,245.55,519.28,53.54,150.52,0.09091,-1,-1,-1
175,-1,566.91,379.62,45.23,141.70,0.08246,-1,-1,-1
175,-1,548.86,394.99,37.13,131.61,0.07289,-1,-1,-1
175,-1,3.43,530.45,67.38,255.31,0.05990,-1,-1,-1
176,-1,939.61,0.00,407.41,1080.00,0.99975,-1,-1,-1
176,-1,364.84,403.77,135.39,402.59,0.99860,-1,-1,-1
176,-1,1550.67,377.11,104.31,285.95,0.99780,-1,-1,-1
176,-1,497.88,136.69,398.09,918.45,0.99772,-1,-1,-1
176,-1,1339.72,549.60,56.20,133.93,0.99669,-1,-1,-1
176,-1,1387.52,441.55,92.54,235.14,0.99416,-1,-1,-1
176,-1,911.09,517.33,31.78,108.67,0.96385,-1,-1,-1
176,-1,1695.48,473.09,42.87,110.88,0.95357,-1,-1,-1
176,-1,474.22,391.61,110.85,414.98,0.94222,-1,-1,-1
176,-1,0.00,532.30,91.46,80.14,0.80803,-1,-1,-1
176,-1,499.44,391.02,82.51,279.32,0.80516,-1,-1,-1
176,-1,130.93,520.12,76.70,221.67,0.67727,-1,-1,-1
176,-1,0.02,524.73,104.24,175.43,0.66117,-1,-1,-1
176,-1,1382.17,454.90,48.48,193.26,0.50062,-1,-1,-1
176,-1,246.28,518.21,57.96,61.96,0.41849,-1,-1,-1
176,-1,36.74,549.72,72.47,199.61,0.27532,-1,-1,-1
176,-1,481.55,341.67,179.65,543.55,0.24208,-1,-1,-1
176,-1,0.00,527.26,70.29,424.78,0.16736,-1,-1,-1
176,-1,1726.98,475.10,20.02,114.10,0.13140,-1,-1,-1
176,-1,1855.83,525.48,19.96,48.07,0.10818,-1,-1,-1
176,-1,404.48,392.43,148.34,410.59,0.10081,-1,-1,-1
176,-1,1291.42,363.99,47.57,107.88,0.07149,-1,-1,-1
176,-1,766.14,31.48,466.85,1024.37,0.06910,-1,-1,-1
176,-1,960.34,552.80,17.10,48.44,0.06696,-1,-1,-1
176,-1,446.81,299.19,313.47,649.03,0.06318,-1,-1,-1
177,-1,927.52,4.59,386.51,1052.47,0.99985,-1,-1,-1
177,-1,369.87,402.40,129.79,403.52,0.99902,-1,-1,-1
177,-1,1554.06,379.69,111.66,281.85,0.99856,-1,-1,-1
177,-1,503.58,150.03,378.29,894.89,0.99824,-1,-1,-1
177,-1,1341.52,549.49,57.35,135.12,0.99698,-1,-1,-1
177,-1,1389.61,438.41,92.32,238.46,0.99356,-1,-1,-1
177,-1,1694.83,472.87,42.28,111.09,0.93965,-1,-1,-1
177,-1,129.10,520.39,78.06,224.32,0.76275,-1,-1,-1
177,-1,911.67,519.07,31.06,105.62,0.66626,-1,-1,-1
177,-1,3.86,511.65,98.12,250.61,0.61157,-1,-1,-1
177,-1,499.91,387.30,80.81,414.81,0.60093,-1,-1,-1
177,-1,509.02,415.47,58.37,241.18,0.55267,-1,-1,-1
177,-1,510.09,368.39,132.96,435.74,0.40661,-1,-1,-1
177,-1,0.00,532.59,104.42,126.05,0.32775,-1,-1,-1
177,-1,1384.87,453.68,49.98,196.25,0.29575,-1,-1,-1
177,-1,40.12,558.35,75.78,190.68,0.28848,-1,-1,-1
177,-1,0.00,522.95,70.72,440.35,0.26159,-1,-1,-1
177,-1,246.44,519.53,45.04,59.24,0.24784,-1,-1,-1
177,-1,1855.79,525.03,20.74,48.64,0.18842,-1,-1,-1
177,-1,1429.16,430.89,52.10,214.34,0.11912,-1,-1,-1
177,-1,1435.92,430.65,34.59,80.22,0.11366,-1,-1,-1
177,-1,1277.55,358.33,68.80,113.16,0.10114,-1,-1,-1
177,-1,1722.95,479.38,23.25,104.71,0.09838,-1,-1,-1
177,-1,509.25,191.76,211.87,697.11,0.08598,-1,-1,-1
177,-1,1434.95,435.01,24.24,36.65,0.07946,-1,-1,-1
177,-1,1418.81,432.02,23.42,32.80,0.07576,-1,-1,-1
177,-1,714.14,35.84,463.50,1033.40,0.06739,-1,-1,-1
177,-1,960.89,565.93,21.24,36.09,0.06661,-1,-1,-1
177,-1,37.96,560.98,83.16,99.05,0.06552,-1,-1,-1
177,-1,21.74,537.83,124.59,264.88,0.06113,-1,-1,-1
178,-1,921.87,2.29,372.81,1063.12,0.99987,-1,-1,-1
178,-1,375.66,401.85,128.05,394.79,0.99934,-1,-1,-1
178,-1,486.13,135.22,378.80,929.38,0.99895,-1,-1,-1
178,-1,1555.49,382.92,119.51,277.38,0.99874,-1,-1,-1
178,-1,1342.64,548.95,56.74,136.35,0.99667,-1,-1,-1
178,-1,1393.58,443.08,84.85,232.14,0.98951,-1,-1,-1
178,-1,1694.20,473.27,43.39,110.51,0.94378,-1,-1,-1
178,-1,1432.82,445.58,51.04,211.14,0.78512,-1,-1,-1
178,-1,2.03,537.63,101.63,168.55,0.62934,-1,-1,-1
178,-1,129.42,515.83,75.04,231.71,0.57218,-1,-1,-1
178,-1,246.32,519.01,45.72,60.18,0.26366,-1,-1,-1
178,-1,1438.46,432.76,37.13,84.22,0.24948,-1,-1,-1
178,-1,1855.23,525.83,20.79,48.02,0.22076,-1,-1,-1
178,-1,0.00,535.79,67.41,435.05,0.15930,-1,-1,-1
178,-1,1554.02,396.71,55.67,266.73,0.15011,-1,-1,-1
178,-1,1384.77,461.77,42.41,183.92,0.13516,-1,-1,-1
178,-1,502.18,452.80,44.42,179.79,0.11557,-1,-1,-1
178,-1,1723.34,480.80,22.91,102.42,0.07620,-1,-1,-1
178,-1,1425.97,438.87,47.56,146.67,0.06070,-1,-1,-1
178,-1,853.59,531.12,38.25,80.23,0.05491,-1,-1,-1
178,-1,1439.94,438.45,22.76,28.51,0.05459,-1,-1,-1
178,-1,1862.10,528.83,20.05,48.06,0.05133,-1,-1,-1
179,-1,902.30,5.45,377.32,1028.56,0.99981,-1,-1,-1
179,-1,383.42,398.48,124.30,396.12,0.99919,-1,-1,-1
179,-1,434.13,149.69,422.70,930.27,0.99877,-1,-1,-1
179,-1,1557.28,383.38,122.19,277.30,0.99858,-1,-1,-1
179,-1,1344.94,548.56,54.24,136.21,0.99668,-1,-1,-1
179,-1,1395.22,443.25,81.79,235.03,0.98499,-1,-1,-1
179,-1,1693.88,473.29,43.00,110.27,0.94367,-1,-1,-1
179,-1,7.97,511.48,93.56,184.97,0.93653,-1,-1,-1
179,-1,1433.72,444.13,49.27,223.53,0.89287,-1,-1,-1
179,-1,133.43,518.99,73.33,226.71,0.77579,-1,-1,-1
179,-1,1442.87,438.35,31.69,77.49,0.54660,-1,-1,-1
179,-1,1.06,883.30,79.87,115.78,0.46417,-1,-1,-1
179,-1,910.70,510.51,31.71,113.90,0.44067,-1,-1,-1
179,-1,245.61,517.15,50.30,62.10,0.29879,-1,-1,-1
179,-1,861.55,531.61,32.10,81.70,0.28094,-1,-1,-1
179,-1,0.73,526.38,73.31,113.43,0.27557,-1,-1,-1
179,-1,43.20,501.36,64.75,149.82,0.21759,-1,-1,-1
179,-1,54.19,529.10,60.31,214.87,0.20339,-1,-1,-1
179,-1,1854.80,525.78,20.50,48.07,0.18585,-1,-1,-1
179,-1,1256.22,350.40,93.75,126.83,0.15172,-1,-1,-1
179,-1,1429.29,436.33,48.95,136.08,0.15059,-1,-1,-1
179,-1,1826.83,531.24,16.62,41.42,0.14911,-1,-1,-1
179,-1,1558.13,395.10,62.30,267.04,0.14444,-1,-1,-1
179,-1,1723.51,479.48,22.65,103.67,0.11302,-1,-1,-1
179,-1,1441.77,439.51,26.58,48.95,0.11224,-1,-1,-1
179,-1,1385.93,462.36,48.96,191.68,0.08856,-1,-1,-1
179,-1,1448.24,495.69,34.76,153.07,0.07512,-1,-1,-1
179,-1,95.66,438.94,116.83,324.22,0.05698,-1,-1,-1
180,-1,893.51,5.43,379.56,1036.63,0.99980,-1,-1,-1
180,-1,411.72,150.09,450.21,929.91,0.99860,-1,-1,-1
180,-1,1561.30,383.45,120.59,276.84,0.99840,-1,-1,-1
180,-1,389.20,394.75,108.88,399.67,0.99817,-1,-1,-1
180,-1,1346.55,547.95,55.32,134.02,0.99647,-1,-1,-1
180,-1,1385.22,447.59,93.16,233.67,0.98596,-1,-1,-1
180,-1,0.00,441.04,59.18,377.10,0.95824,-1,-1,-1
180,-1,1694.39,472.85,43.22,110.88,0.94305,-1,-1,-1
180,-1,1442.77,434.79,41.05,227.73,0.90930,-1,-1,-1
180,-1,130.35,518.84,75.98,222.86,0.70868,-1,-1,-1
180,-1,1438.88,426.60,37.49,100.22,0.65808,-1,-1,-1
180,-1,46.65,508.51,64.82,241.13,0.65616,-1,-1,-1
180,-1,17.26,480.44,81.10,294.64,0.54880,-1,-1,-1
180,-1,909.12,498.60,37.35,132.16,0.54578,-1,-1,-1
180,-1,0.93,867.31,104.53,115.61,0.42134,-1,-1,-1
180,-1,43.96,499.66,63.78,136.24,0.40374,-1,-1,-1
180,-1,864.27,531.68,28.98,83.52,0.36629,-1,-1,-1
180,-1,245.54,517.10,49.13,61.88,0.28872,-1,-1,-1
180,-1,1854.91,524.33,20.37,49.40,0.19498,-1,-1,-1
180,-1,1826.75,531.05,16.58,41.88,0.18918,-1,-1,-1
180,-1,1260.37,359.16,82.64,115.37,0.14011,-1,-1,-1
180,-1,1725.99,478.76,21.31,108.63,0.12700,-1,-1,-1
180,-1,0.00,381.04,101.77,576.24,0.10786,-1,-1,-1
180,-1,754.05,371.66,117.68,445.58,0.10567,-1,-1,-1
180,-1,1446.10,438.82,30.92,56.17,0.10550,-1,-1,-1
180,-1,1385.54,462.98,51.65,190.58,0.06691,-1,-1,-1
180,-1,56.11,535.75,62.83,121.86,0.06683,-1,-1,-1
180,-1,413.33,275.71,221.25,698.04,0.05341,-1,-1,-1
181,-1,877.41,1.44,377.61,1034.11,0.99984,-1,-1,-1
181,-1,410.28,121.89,447.32,958.11,0.99917,-1,-1,-1
181,-1,1567.45,385.90,112.06,275.57,0.99772,-1,-1,-1
181,-1,1349.08,548.37,55.63,133.12,0.99745,-1,-1,-1
181,-1,721.31,330.83,145.85,500.52,0.99604,-1,-1,-1
181,-1,0.00,195.06,109.27,798.32,0.99163,-1,-1,-1
181,-1,1397.51,444.32,81.40,234.76,0.98749,-1,-1,-1
181,-1,1694.19,473.23,43.68,110.77,0.94973,-1,-1,-1
181,-1,1442.18,441.41,45.52,216.92,0.92550,-1,-1,-1
181,-1,396.83,418.34,73.58,386.89,0.75523,-1,-1,-1
181,-1,3.11,185.51,63.81,538.70,0.69814,-1,-1,-1
181,-1,1445.75,430.99,32.23,90.51,0.69340,-1,-1,-1
181,-1,49.73,501.81,55.61,107.71,0.59613,-1,-1,-1
181,-1,720.77,319.68,96.74,369.81,0.46945,-1,-1,-1
181,-1,1260.63,360.66,81.28,112.08,0.42430,-1,-1,-1
181,-1,128.43,511.46,74.71,240.58,0.42310,-1,-1,-1
181,-1,1826.10,532.46,17.28,40.98,0.30591,-1,-1,-1
181,-1,246.35,518.24,48.08,60.73,0.27910,-1,-1,-1
181,-1,0.00,192.58,30.05,105.47,0.27431,-1,-1,-1
181,-1,864.06,534.24,29.96,80.84,0.26018,-1,-1,-1
181,-1,57.65,534.41,61.41,206.10,0.20767,-1,-1,-1
181,-1,17.67,493.21,112.29,420.05,0.19337,-1,-1,-1
181,-1,1854.77,525.85,20.50,47.95,0.16395,-1,-1,-1
181,-1,1444.45,433.03,26.11,52.97,0.15280,-1,-1,-1
181,-1,578.75,283.99,294.79,657.76,0.13084,-1,-1,-1
181,-1,416.57,143.35,337.84,620.39,0.12987,-1,-1,-1
181,-1,1722.83,478.90,23.19,104.44,0.11190,-1,-1,-1
181,-1,1614.87,421.38,66.74,225.13,0.08368,-1,-1,-1
181,-1,0.00,241.67,223.28,736.58,0.07637,-1,-1,-1
181,-1,0.01,199.56,36.34,264.33,0.07224,-1,-1,-1
181,-1,1812.02,532.15,16.76,42.36,0.05918,-1,-1,-1
181,-1,1453.32,514.60,30.16,134.39,0.05852,-1,-1,-1
181,-1,397.55,349.70,153.99,529.96,0.05342,-1,-1,-1
181,-1,393.49,449.43,54.40,272.67,0.05261,-1,-1,-1
181,-1,1388.75,461.30,55.53,193.28,0.05197,-1,-1,-1
181,-1,1450.96,435.22,28.12,38.88,0.05060,-1,-1,-1
182,-1,871.75,0.00,380.99,1038.10,0.99984,-1,-1,-1
182,-1,397.77,131.12,455.81,945.74,0.99925,-1,-1,-1
182,-1,707.37,315.88,161.19,510.35,0.99812,-1,-1,-1
182,-1,1569.08,387.87,110.03,274.19,0.99704,-1,-1,-1
182,-1,1349.33,547.54,55.04,136.91,0.99489,-1,-1,-1
182,-1,1.26,190.64,135.77,821.06,0.99340,-1,-1,-1
182,-1,1400.78,450.61,73.28,226.86,0.99090,-1,-1,-1
182,-1,1446.07,428.64,45.62,227.70,0.97079,-1,-1,-1
182,-1,1694.55,473.48,43.12,111.49,0.95591,-1,-1,-1
182,-1,3.60,188.45,81.73,526.12,0.88350,-1,-1,-1
182,-1,1443.67,425.48,36.66,105.73,0.62344,-1,-1,-1
182,-1,126.75,514.02,79.00,236.61,0.61913,-1,-1,-1
182,-1,1255.01,360.55,85.49,113.16,0.47568,-1,-1,-1
182,-1,1614.51,417.57,67.29,237.16,0.33937,-1,-1,-1
182,-1,395.92,135.83,335.87,645.54,0.28765,-1,-1,-1
182,-1,1445.26,432.52,28.73,63.95,0.24565,-1,-1,-1
182,-1,1827.96,535.81,15.70,36.86,0.24363,-1,-1,-1
182,-1,246.10,517.64,46.59,61.18,0.24239,-1,-1,-1
182,-1,1854.86,525.76,19.91,47.71,0.15650,-1,-1,-1
182,-1,594.48,295.56,242.67,586.07,0.15313,-1,-1,-1
182,-1,1680.44,475.51,42.51,111.53,0.14809,-1,-1,-1
182,-1,1426.87,446.37,48.50,140.49,0.09948,-1,-1,-1
182,-1,1722.70,482.71,23.20,101.16,0.09807,-1,-1,-1
182,-1,1662.16,459.79,19.22,119.57,0.08752,-1,-1,-1
182,-1,66.64,499.38,43.78,123.96,0.07172,-1,-1,-1
182,-1,1820.45,534.36,17.36,38.63,0.06975,-1,-1,-1
182,-1,13.16,226.82,210.22,631.19,0.06767,-1,-1,-1
182,-1,1814.21,535.25,16.39,38.02,0.06765,-1,-1,-1
183,-1,858.20,0.00,383.56,1040.85,0.99970,-1,-1,-1
183,-1,698.87,316.36,169.14,511.76,0.99870,-1,-1,-1
183,-1,364.00,136.65,488.35,943.35,0.99834,-1,-1,-1
183,-1,1573.75,388.09,110.01,274.56,0.99791,-1,-1,-1
183,-1,0.00,194.86,191.86,814.64,0.99680,-1,-1,-1
183,-1,1351.25,547.62,54.53,136.34,0.99654,-1,-1,-1
183,-1,1399.77,449.38,75.52,228.51,0.99021,-1,-1,-1
183,-1,1447.03,431.15,45.20,220.62,0.95850,-1,-1,-1
183,-1,1695.00,472.89,43.80,111.28,0.95117,-1,-1,-1
183,-1,1449.44,429.02,32.16,99.21,0.68119,-1,-1,-1
183,-1,134.08,521.20,69.96,222.02,0.58131,-1,-1,-1
183,-1,1252.30,360.07,88.68,118.15,0.51751,-1,-1,-1
183,-1,6.22,180.24,112.61,639.15,0.27617,-1,-1,-1
183,-1,245.80,517.28,47.30,61.38,0.24226,-1,-1,-1
183,-1,380.15,129.60,330.00,660.24,0.23877,-1,-1,-1
183,-1,1827.75,534.02,16.22,38.12,0.23661,-1,-1,-1
183,-1,1854.44,529.16,18.69,45.94,0.15015,-1,-1,-1
183,-1,0.59,206.75,64.52,778.41,0.14224,-1,-1,-1
183,-1,1434.39,439.40,48.69,113.53,0.10962,-1,-1,-1
183,-1,1813.26,533.35,18.28,40.82,0.09672,-1,-1,-1
183,-1,1720.86,480.67,25.02,103.31,0.09246,-1,-1,-1
183,-1,1818.63,531.89,19.66,41.29,0.07879,-1,-1,-1
183,-1,98.22,543.32,41.71,159.44,0.07443,-1,-1,-1
183,-1,1462.85,432.51,27.64,95.66,0.06006,-1,-1,-1
184,-1,854.58,0.00,398.03,1079.68,0.99965,-1,-1,-1
184,-1,339.32,106.23,499.34,965.63,0.99931,-1,-1,-1
184,-1,0.00,199.81,298.47,793.32,0.99889,-1,-1,-1
184,-1,694.89,310.40,177.80,519.48,0.99881,-1,-1,-1
184,-1,1577.17,391.73,111.20,269.86,0.99867,-1,-1,-1
184,-1,1353.35,546.49,53.38,139.64,0.99628,-1,-1,-1
184,-1,1397.11,447.22,78.33,233.25,0.99327,-1,-1,-1
184,-1,1449.20,429.67,45.13,225.65,0.95379,-1,-1,-1
184,-1,1697.61,475.68,38.61,108.79,0.94188,-1,-1,-1
184,-1,338.80,122.96,340.39,657.98,0.46536,-1,-1,-1
184,-1,650.54,345.13,46.91,201.69,0.43776,-1,-1,-1
184,-1,1246.51,358.58,96.93,121.30,0.41019,-1,-1,-1
184,-1,1455.76,430.38,34.58,123.46,0.34481,-1,-1,-1
184,-1,644.38,344.69,89.73,408.05,0.32583,-1,-1,-1
184,-1,247.28,519.55,45.17,60.28,0.30530,-1,-1,-1
184,-1,1451.35,437.99,31.73,84.32,0.25109,-1,-1,-1
184,-1,644.00,329.55,67.06,286.85,0.23403,-1,-1,-1
184,-1,1823.84,536.11,16.58,37.19,0.20130,-1,-1,-1
184,-1,1473.90,437.06,23.76,114.89,0.18041,-1,-1,-1
184,-1,1813.87,535.34,17.43,39.00,0.15767,-1,-1,-1
184,-1,1854.87,526.55,19.33,47.88,0.13756,-1,-1,-1
184,-1,1361.11,495.59,99.60,190.11,0.08477,-1,-1,-1
184,-1,675.98,501.44,59.24,100.04,0.08305,-1,-1,-1
184,-1,1723.26,483.87,22.39,102.58,0.08183,-1,-1,-1
184,-1,682.35,477.98,59.71,285.18,0.07145,-1,-1,-1
184,-1,681.67,463.97,145.73,347.09,0.06937,-1,-1,-1
184,-1,2.95,196.96,127.29,531.36,0.06710,-1,-1,-1
184,-1,1833.78,531.95,17.91,40.69,0.06498,-1,-1,-1
184,-1,127.19,509.49,90.59,229.08,0.05764,-1,-1,-1
185,-1,848.42,0.00,392.31,1080.00,0.99952,-1,-1,-1
185,-1,0.00,224.01,326.63,761.63,0.99927,-1,-1,-1
185,-1,316.53,86.50,497.62,987.18,0.99880,-1,-1,-1
185,-1,724.19,310.63,157.65,517.55,0.99862,-1,-1,-1
185,-1,1583.07,390.84,111.12,267.94,0.99813,-1,-1,-1
185,-1,1355.85,546.04,51.38,139.01,0.99543,-1,-1,-1
185,-1,1399.93,448.63,74.22,231.26,0.99172,-1,-1,-1
185,-1,632.61,407.46,142.34,398.20,0.98502,-1,-1,-1
185,-1,1446.17,443.05,54.05,206.05,0.97812,-1,-1,-1
185,-1,1698.07,475.88,39.30,108.59,0.94625,-1,-1,-1
185,-1,139.76,549.43,58.35,210.15,0.65585,-1,-1,-1
185,-1,311.62,120.32,350.57,690.49,0.56543,-1,-1,-1
185,-1,1460.52,432.88,32.81,119.56,0.40778,-1,-1,-1
185,-1,1254.02,362.01,88.37,116.26,0.38082,-1,-1,-1
185,-1,1450.30,443.25,36.46,85.22,0.24349,-1,-1,-1
185,-1,1829.43,532.86,15.44,39.20,0.19022,-1,-1,-1
185,-1,245.77,520.70,47.28,58.83,0.15533,-1,-1,-1
185,-1,1472.05,436.31,23.55,90.83,0.14736,-1,-1,-1
185,-1,1721.85,484.78,23.61,101.92,0.14236,-1,-1,-1
185,-1,95.86,137.10,490.28,903.03,0.12813,-1,-1,-1
185,-1,1679.14,473.66,43.74,114.83,0.12528,-1,-1,-1
185,-1,535.98,266.93,235.34,559.74,0.12317,-1,-1,-1
185,-1,1361.26,502.78,94.13,182.76,0.10588,-1,-1,-1
185,-1,1854.65,526.86,19.65,47.44,0.08639,-1,-1,-1
185,-1,127.68,502.63,102.15,252.96,0.06426,-1,-1,-1
185,-1,1833.72,530.72,18.14,41.44,0.05698,-1,-1,-1
186,-1,0.00,215.37,318.52,757.16,0.99956,-1,-1,-1
186,-1,809.38,5.65,399.31,1074.35,0.99954,-1,-1,-1
186,-1,1587.32,382.36,116.28,273.51,0.99838,-1,-1,-1
186,-1,283.45,122.88,491.65,956.77,0.99822,-1,-1,-1
186,-1,608.38,391.39,181.58,433.96,0.99821,-1,-1,-1
186,-1,756.17,321.65,121.54,510.35,0.99744,-1,-1,-1
186,-1,1358.39,547.32,51.23,138.02,0.99568,-1,-1,-1
186,-1,1400.03,447.51,76.36,232.79,0.99213,-1,-1,-1
186,-1,1454.57,431.37,68.69,216.29,0.96976,-1,-1,-1
186,-1,1696.65,473.83,42.07,111.93,0.94483,-1,-1,-1
186,-1,1456.33,430.10,44.58,155.84,0.46985,-1,-1,-1
186,-1,279.34,100.85,357.26,605.71,0.35281,-1,-1,-1
186,-1,1255.14,358.93,90.64,116.49,0.27889,-1,-1,-1
186,-1,1829.19,533.03,14.60,39.28,0.24152,-1,-1,-1
186,-1,606.02,437.73,56.14,177.58,0.22641,-1,-1,-1
186,-1,166.02,531.95,56.93,100.26,0.17175,-1,-1,-1
186,-1,1722.74,486.22,22.80,100.99,0.14509,-1,-1,-1
186,-1,0.00,319.82,146.75,638.41,0.13456,-1,-1,-1
186,-1,1479.40,437.62,23.25,69.25,0.12199,-1,-1,-1
186,-1,591.47,396.83,85.56,400.00,0.11905,-1,-1,-1
186,-1,1676.99,473.03,41.56,118.28,0.11768,-1,-1,-1
186,-1,1854.61,527.68,18.27,45.57,0.11074,-1,-1,-1
186,-1,833.02,315.54,35.71,179.32,0.08907,-1,-1,-1
186,-1,1684.09,512.16,23.25,73.30,0.07400,-1,-1,-1
186,-1,166.70,532.79,46.09,47.25,0.06079,-1,-1,-1
186,-1,1458.52,438.25,34.71,91.98,0.06035,-1,-1,-1
186,-1,1485.55,451.28,54.39,179.95,0.05898,-1,-1,-1
187,-1,787.08,10.80,411.58,1067.20,0.99958,-1,-1,-1
187,-1,0.00,208.93,306.90,757.05,0.99934,-1,-1,-1
187,-1,263.69,97.32,434.08,979.60,0.99857,-1,-1,-1
187,-1,1589.75,381.50,114.05,275.65,0.99785,-1,-1,-1
187,-1,625.59,392.09,161.63,424.41,0.99746,-1,-1,-1
187,-1,1360.06,548.96,51.09,137.64,0.99553,-1,-1,-1
187,-1,764.68,315.49,122.30,509.98,0.99230,-1,-1,-1
187,-1,575.54,380.25,89.75,398.95,0.99164,-1,-1,-1
187,-1,1399.36,446.47,80.00,234.36,0.99125,-1,-1,-1
187,-1,1457.44,431.77,62.88,217.54,0.95821,-1,-1,-1
187,-1,1697.82,471.80,41.43,112.88,0.94528,-1,-1,-1
187,-1,1438.27,456.85,60.90,204.04,0.86093,-1,-1,-1
187,-1,0.00,298.95,50.51,484.35,0.65602,-1,-1,-1
187,-1,251.36,104.10,346.97,613.26,0.59021,-1,-1,-1
187,-1,1460.08,435.40,41.40,125.62,0.44807,-1,-1,-1
187,-1,1259.24,360.08,84.76,115.10,0.32137,-1,-1,-1
187,-1,1828.82,535.19,14.42,38.06,0.30048,-1,-1,-1
187,-1,0.83,236.15,163.43,695.52,0.27086,-1,-1,-1
187,-1,1483.21,436.30,59.35,203.58,0.23493,-1,-1,-1
187,-1,3.28,266.39,90.14,521.90,0.21602,-1,-1,-1
187,-1,1472.61,431.61,38.61,173.56,0.17554,-1,-1,-1
187,-1,1721.21,483.45,24.39,102.48,0.17084,-1,-1,-1
187,-1,1856.34,520.03,18.42,49.79,0.13489,-1,-1,-1
187,-1,1685.81,480.80,31.11,103.99,0.12638,-1,-1,-1
187,-1,571.35,381.31,58.42,318.44,0.06924,-1,-1,-1
187,-1,739.32,325.00,102.00,443.41,0.06767,-1,-1,-1
187,-1,1482.57,435.85,26.31,52.92,0.05828,-1,-1,-1
187,-1,778.80,57.08,194.41,785.07,0.05296,-1,-1,-1
188,-1,772.61,0.00,417.19,1061.10,0.99941,-1,-1,-1
188,-1,1591.84,384.40,123.33,271.70,0.99854,-1,-1,-1
188,-1,648.67,401.98,143.95,418.65,0.99712,-1,-1,-1
188,-1,10.03,207.55,260.02,773.11,0.99699,-1,-1,-1
188,-1,226.35,94.07,412.52,969.29,0.99689,-1,-1,-1
188,-1,1361.45,548.81,50.13,138.39,0.99670,-1,-1,-1
188,-1,557.64,378.52,114.32,410.99,0.99458,-1,-1,-1
188,-1,1400.68,444.54,82.23,234.49,0.99228,-1,-1,-1
188,-1,1463.39,429.56,75.48,219.40,0.98488,-1,-1,-1
188,-1,0.62,224.36,131.00,767.13,0.95400,-1,-1,-1
188,-1,776.14,367.06,135.73,457.45,0.94793,-1,-1,-1
188,-1,0.46,245.57,59.67,566.98,0.92459,-1,-1,-1
188,-1,1697.04,470.85,38.54,113.36,0.91747,-1,-1,-1
188,-1,1430.67,452.62,67.28,209.54,0.83911,-1,-1,-1
188,-1,1463.38,430.87,42.03,188.06,0.74032,-1,-1,-1
188,-1,238.00,84.89,338.94,584.21,0.52890,-1,-1,-1
188,-1,1254.27,359.92,90.92,114.05,0.36843,-1,-1,-1
188,-1,1828.67,533.57,15.91,39.26,0.31141,-1,-1,-1
188,-1,1685.68,482.12,35.43,104.18,0.28033,-1,-1,-1
188,-1,550.36,465.19,57.02,307.07,0.24428,-1,-1,-1
188,-1,588.86,383.52,150.78,414.10,0.18926,-1,-1,-1
188,-1,771.59,357.71,76.68,361.15,0.15774,-1,-1,-1
188,-1,765.31,84.05,184.54,744.47,0.13919,-1,-1,-1
188,-1,2.25,238.88,53.26,280.04,0.12191,-1,-1,-1
188,-1,214.34,544.75,36.95,70.37,0.10412,-1,-1,-1
188,-1,1856.15,522.29,19.00,48.33,0.09291,-1,-1,-1
188,-1,191.60,94.60,230.93,913.99,0.08018,-1,-1,-1
188,-1,1479.52,429.11,29.15,38.49,0.07367,-1,-1,-1
188,-1,1726.40,492.81,20.35,92.81,0.06086,-1,-1,-1
188,-1,1468.93,433.65,37.05,102.42,0.05958,-1,-1,-1
188,-1,1488.48,434.57,23.08,48.80,0.05580,-1,-1,-1
188,-1,698.86,377.52,177.38,446.30,0.05507,-1,-1,-1
188,-1,43.08,215.77,187.64,496.23,0.05271,-1,-1,-1
189,-1,757.65,0.00,413.07,1080.00,0.99952,-1,-1,-1
189,-1,183.36,91.68,389.20,986.45,0.99918,-1,-1,-1
189,-1,1593.32,387.33,127.04,268.80,0.99894,-1,-1,-1
189,-1,688.68,397.86,114.14,411.97,0.99595,-1,-1,-1
189,-1,1365.23,546.87,49.27,141.79,0.99587,-1,-1,-1
189,-1,1400.35,444.89,92.98,236.61,0.99503,-1,-1,-1
189,-1,548.05,377.12,137.17,413.67,0.99390,-1,-1,-1
189,-1,0.00,234.77,100.07,719.74,0.98863,-1,-1,-1
189,-1,0.00,214.90,214.08,767.84,0.98738,-1,-1,-1
189,-1,1470.96,434.43,79.50,216.46,0.95868,-1,-1,-1
189,-1,1695.02,477.90,45.22,105.14,0.87041,-1,-1,-1
189,-1,1469.41,434.61,40.48,133.58,0.86213,-1,-1,-1
189,-1,78.31,212.44,161.92,645.25,0.84711,-1,-1,-1
189,-1,0.33,237.01,84.70,293.19,0.81577,-1,-1,-1
189,-1,535.57,398.50,35.46,72.23,0.77886,-1,-1,-1
189,-1,515.99,392.33,93.77,407.87,0.62946,-1,-1,-1
189,-1,1827.63,534.09,15.96,39.51,0.35466,-1,-1,-1
189,-1,1261.03,362.33,83.38,112.29,0.31798,-1,-1,-1
189,-1,780.18,523.72,98.74,289.80,0.28776,-1,-1,-1
189,-1,221.83,749.60,56.44,216.72,0.27130,-1,-1,-1
189,-1,535.24,399.70,39.47,257.18,0.18200,-1,-1,-1
189,-1,320.83,35.55,647.79,1044.45,0.13517,-1,-1,-1
189,-1,539.24,381.53,53.77,90.57,0.11146,-1,-1,-1
189,-1,1725.03,493.59,21.51,93.06,0.11000,-1,-1,-1
189,-1,782.43,639.45,79.90,182.96,0.10010,-1,-1,-1
189,-1,1478.41,433.52,53.61,140.10,0.09419,-1,-1,-1
189,-1,1856.90,526.01,18.51,46.19,0.08985,-1,-1,-1
189,-1,1500.42,438.08,42.64,145.04,0.07736,-1,-1,-1
189,-1,1684.36,498.10,30.79,88.58,0.07089,-1,-1,-1
189,-1,1475.39,430.25,34.39,55.55,0.06777,-1,-1,-1
189,-1,546.36,453.06,60.52,315.03,0.06352,-1,-1,-1
189,-1,507.56,484.33,66.60,307.67,0.06090,-1,-1,-1
190,-1,759.29,0.00,421.45,1080.00,0.99963,-1,-1,-1
190,-1,1593.13,390.01,128.85,266.09,0.99900,-1,-1,-1
190,-1,121.43,75.95,426.31,992.56,0.99746,-1,-1,-1
190,-1,1399.09,444.67,97.42,235.85,0.99697,-1,-1,-1
190,-1,551.41,374.14,153.98,417.39,0.99558,-1,-1,-1
190,-1,699.03,401.29,107.59,410.97,0.99538,-1,-1,-1
190,-1,1368.53,547.32,47.71,141.53,0.99468,-1,-1,-1
190,-1,0.00,232.83,146.61,717.85,0.98951,-1,-1,-1
190,-1,100.02,226.16,161.53,455.63,0.98707,-1,-1,-1
190,-1,504.07,401.82,91.29,393.19,0.98288,-1,-1,-1
190,-1,1472.55,432.34,84.63,215.85,0.96098,-1,-1,-1
190,-1,2.79,186.78,256.73,805.56,0.93143,-1,-1,-1
190,-1,1472.32,433.00,48.37,162.39,0.80351,-1,-1,-1
190,-1,90.33,150.84,220.69,690.22,0.47557,-1,-1,-1
190,-1,1697.79,490.45,35.73,91.43,0.37985,-1,-1,-1
190,-1,1262.27,363.07,81.65,111.64,0.28792,-1,-1,-1
190,-1,0.48,237.87,109.96,348.21,0.27520,-1,-1,-1
190,-1,1827.83,534.37,17.22,38.83,0.25754,-1,-1,-1
190,-1,516.69,403.40,61.77,255.92,0.20924,-1,-1,-1
190,-1,1439.23,448.49,63.32,210.63,0.20668,-1,-1,-1
190,-1,1473.82,431.44,35.21,93.80,0.20512,-1,-1,-1
190,-1,726.59,424.69,135.56,397.50,0.19542,-1,-1,-1
190,-1,538.81,419.83,70.62,357.08,0.17317,-1,-1,-1
190,-1,1490.14,433.81,49.90,142.75,0.09955,-1,-1,-1
190,-1,492.52,433.59,64.11,307.40,0.09097,-1,-1,-1
190,-1,520.34,399.91,59.21,100.88,0.06668,-1,-1,-1
190,-1,1855.90,526.60,20.04,45.84,0.05547,-1,-1,-1
190,-1,142.88,251.71,145.06,283.56,0.05493,-1,-1,-1
191,-1,713.41,0.00,425.52,1075.57,0.99945,-1,-1,-1
191,-1,1595.12,392.50,131.25,264.44,0.99881,-1,-1,-1
191,-1,49.40,83.65,456.15,984.26,0.99859,-1,-1,-1
191,-1,1399.55,445.51,99.62,234.88,0.99796,-1,-1,-1
191,-1,467.93,393.12,135.45,409.22,0.99695,-1,-1,-1
191,-1,569.63,385.64,147.72,400.37,0.99684,-1,-1,-1
191,-1,1371.04,545.12,48.25,145.77,0.99520,-1,-1,-1
191,-1,4.81,209.22,141.33,787.41,0.99353,-1,-1,-1
191,-1,708.30,406.19,92.22,410.09,0.98811,-1,-1,-1
191,-1,1475.73,431.52,93.07,216.75,0.98776,-1,-1,-1
191,-1,15.45,79.10,247.77,927.35,0.79774,-1,-1,-1
191,-1,1478.64,431.76,54.70,141.78,0.61034,-1,-1,-1
191,-1,1698.53,479.63,35.34,102.23,0.44018,-1,-1,-1
191,-1,958.82,612.31,53.97,191.14,0.42978,-1,-1,-1
191,-1,0.00,263.39,140.15,415.59,0.38770,-1,-1,-1
191,-1,1256.49,360.57,87.75,112.06,0.24561,-1,-1,-1
191,-1,15.07,448.21,177.43,509.08,0.14182,-1,-1,-1
191,-1,1828.54,536.01,17.08,36.51,0.11579,-1,-1,-1
191,-1,446.77,431.79,87.15,334.15,0.08155,-1,-1,-1
191,-1,1469.58,440.70,51.18,186.60,0.08078,-1,-1,-1
191,-1,1833.06,538.66,20.45,34.48,0.07359,-1,-1,-1
191,-1,1849.05,534.79,23.33,40.60,0.07233,-1,-1,-1
191,-1,138.70,271.24,87.94,165.21,0.06474,-1,-1,-1
191,-1,1156.51,388.32,63.02,58.41,0.05918,-1,-1,-1
191,-1,743.75,432.03,106.86,380.00,0.05915,-1,-1,-1
191,-1,607.63,392.85,199.52,406.74,0.05216,-1,-1,-1
192,-1,710.28,3.00,413.32,1024.04,0.99935,-1,-1,-1
192,-1,470.82,392.42,126.63,416.04,0.99852,-1,-1,-1
192,-1,1598.77,396.30,126.59,260.87,0.99835,-1,-1,-1
192,-1,63.70,82.29,418.13,986.42,0.99830,-1,-1,-1
192,-1,1402.37,446.05,96.97,235.14,0.99688,-1,-1,-1
192,-1,571.29,381.63,155.69,405.67,0.99642,-1,-1,-1
192,-1,3.98,223.69,146.36,733.94,0.99607,-1,-1,-1
192,-1,1373.03,544.29,47.64,147.24,0.99110,-1,-1,-1
192,-1,1480.45,430.97,88.78,217.02,0.99082,-1,-1,-1
192,-1,712.04,400.17,67.96,412.61,0.76736,-1,-1,-1
192,-1,1483.09,431.02,47.59,150.04,0.62870,-1,-1,-1
192,-1,1699.26,484.81,33.91,97.18,0.61851,-1,-1,-1
192,-1,714.99,396.64,40.89,312.66,0.47920,-1,-1,-1
192,-1,1444.54,453.41,56.18,207.72,0.44413,-1,-1,-1
192,-1,8.99,98.52,252.54,931.80,0.33087,-1,-1,-1
192,-1,534.06,391.93,116.40,406.25,0.27700,-1,-1,-1
192,-1,1258.34,361.23,87.13,113.11,0.24612,-1,-1,-1
192,-1,726.99,564.50,52.78,245.11,0.22206,-1,-1,-1
192,-1,5.02,261.70,131.51,366.66,0.19690,-1,-1,-1
192,-1,712.62,483.27,31.82,100.62,0.19232,-1,-1,-1
192,-1,722.08,399.17,109.22,425.04,0.16023,-1,-1,-1
192,-1,946.05,579.64,70.46,219.82,0.13687,-1,-1,-1
192,-1,1829.06,534.70,16.39,37.56,0.10571,-1,-1,-1
192,-1,1856.18,526.24,20.75,48.16,0.08411,-1,-1,-1
192,-1,1471.82,447.13,56.07,196.55,0.07656,-1,-1,-1
192,-1,1684.09,451.77,45.43,141.02,0.07602,-1,-1,-1
192,-1,1156.30,388.39,63.38,58.32,0.05900,-1,-1,-1
192,-1,1840.55,536.82,30.54,38.69,0.05194,-1,-1,-1
193,-1,708.95,0.49,422.00,1066.58,0.99958,-1,-1,-1
193,-1,22.96,89.49,438.46,984.87,0.99892,-1,-1,-1
193,-1,1599.99,396.87,124.73,259.82,0.99837,-1,-1,-1
193,-1,1401.08,445.32,99.06,234.89,0.99742,-1,-1,-1
193,-1,577.03,380.18,152.54,406.60,0.99701,-1,-1,-1
193,-1,492.35,389.30,126.61,418.28,0.99687,-1,-1,-1
193,-1,1482.34,428.83,86.13,220.38,0.99472,-1,-1,-1
193,-1,1375.00,541.61,49.24,147.87,0.99196,-1,-1,-1
193,-1,5.02,262.03,140.39,347.41,0.96405,-1,-1,-1
193,-1,7.05,226.99,150.03,637.71,0.84639,-1,-1,-1
193,-1,1699.28,484.63,33.18,97.19,0.41005,-1,-1,-1
193,-1,1485.71,435.52,49.03,147.29,0.31510,-1,-1,-1
193,-1,5.51,170.78,244.73,476.21,0.29924,-1,-1,-1
193,-1,1260.55,360.61,83.86,113.30,0.27897,-1,-1,-1
193,-1,938.39,552.16,83.80,235.48,0.24483,-1,-1,-1
193,-1,54.45,263.43,132.02,299.43,0.24369,-1,-1,-1
193,-1,6.02,485.19,129.69,463.89,0.21595,-1,-1,-1
193,-1,0.17,570.84,66.56,99.76,0.13307,-1,-1,-1
193,-1,1829.13,534.38,16.26,38.17,0.12861,-1,-1,-1
193,-1,945.71,719.63,74.31,82.91,0.08176,-1,-1,-1
193,-1,1446.51,460.54,57.92,197.98,0.07932,-1,-1,-1
193,-1,1856.51,525.25,20.35,49.02,0.06815,-1,-1,-1
193,-1,1691.79,437.37,47.97,150.11,0.05606,-1,-1,-1
193,-1,922.42,395.57,110.87,403.75,0.05359,-1,-1,-1
194,-1,15.17,74.23,446.24,1005.77,0.99900,-1,-1,-1
194,-1,1606.49,399.13,123.57,256.16,0.99809,-1,-1,-1
194,-1,679.15,0.95,411.27,1052.85,0.99796,-1,-1,-1
194,-1,1403.83,446.96,93.46,231.71,0.99766,-1,-1,-1
194,-1,512.47,394.39,112.97,405.68,0.99738,-1,-1,-1
194,-1,587.78,382.32,119.26,405.06,0.99590,-1,-1,-1
194,-1,1489.68,432.66,78.49,218.38,0.99371,-1,-1,-1
194,-1,1376.67,535.67,54.99,152.00,0.99051,-1,-1,-1
194,-1,945.90,599.85,76.96,195.45,0.67743,-1,-1,-1
194,-1,1383.08,485.66,79.33,204.82,0.57686,-1,-1,-1
194,-1,1696.65,488.14,33.61,96.24,0.31564,-1,-1,-1
194,-1,59.01,262.87,73.85,172.19,0.29191,-1,-1,-1
194,-1,1258.82,358.36,84.39,116.63,0.25513,-1,-1,-1
194,-1,1521.09,433.94,19.76,57.36,0.15318,-1,-1,-1
194,-1,1830.55,532.50,15.43,39.55,0.14716,-1,-1,-1
194,-1,1446.53,456.39,55.00,199.15,0.13018,-1,-1,-1
194,-1,1856.94,524.20,19.15,51.54,0.11717,-1,-1,-1
194,-1,1687.63,450.28,48.79,142.50,0.11038,-1,-1,-1
194,-1,264.09,215.39,89.49,69.36,0.10194,-1,-1,-1
194,-1,3.58,231.87,142.69,691.91,0.07026,-1,-1,-1
194,-1,943.87,538.90,47.88,241.20,0.06733,-1,-1,-1
195,-1,653.86,0.00,451.22,1075.11,0.99943,-1,-1,-1
195,-1,514.64,393.27,122.04,415.47,0.99878,-1,-1,-1
195,-1,1609.01,397.00,120.42,259.84,0.99829,-1,-1,-1
195,-1,5.70,98.83,438.86,971.18,0.99771,-1,-1,-1
195,-1,1405.41,445.08,95.87,237.54,0.99761,-1,-1,-1
195,-1,1492.47,430.34,75.04,220.17,0.99316,-1,-1,-1
195,-1,592.79,387.10,99.45,373.20,0.99262,-1,-1,-1
195,-1,1376.81,530.23,59.15,157.69,0.98470,-1,-1,-1
195,-1,934.65,558.67,84.49,240.17,0.79008,-1,-1,-1
195,-1,254.02,198.94,191.02,724.02,0.71167,-1,-1,-1
195,-1,271.10,216.91,98.53,108.22,0.67194,-1,-1,-1
195,-1,1254.37,359.60,90.76,113.64,0.23268,-1,-1,-1
195,-1,337.85,403.96,114.70,457.25,0.21860,-1,-1,-1
195,-1,1855.98,524.06,19.51,53.29,0.11500,-1,-1,-1
195,-1,1695.40,475.07,34.79,110.32,0.10435,-1,-1,-1
195,-1,1830.04,532.38,15.77,39.62,0.09644,-1,-1,-1
195,-1,1606.17,428.44,39.30,194.40,0.09519,-1,-1,-1
195,-1,15.11,74.76,142.92,889.33,0.05410,-1,-1,-1
196,-1,610.20,0.00,462.65,1080.00,0.99965,-1,-1,-1
196,-1,272.16,220.65,233.97,721.66,0.99942,-1,-1,-1
196,-1,515.21,389.40,127.98,416.74,0.99879,-1,-1,-1
196,-1,1616.05,398.98,111.38,253.55,0.99836,-1,-1,-1
196,-1,1409.16,442.82,95.25,241.64,0.99709,-1,-1,-1
196,-1,1493.30,431.70,74.57,220.55,0.99017,-1,-1,-1
196,-1,0.00,79.32,412.32,986.49,0.97958,-1,-1,-1
196,-1,1376.92,527.47,70.18,162.58,0.97489,-1,-1,-1
196,-1,605.61,382.37,71.72,379.42,0.91961,-1,-1,-1
196,-1,914.60,443.24,141.36,356.04,0.77130,-1,-1,-1
196,-1,894.99,223.71,176.78,563.75,0.26956,-1,-1,-1
196,-1,1453.97,438.76,87.50,230.97,0.23797,-1,-1,-1
196,-1,1250.78,359.44,95.70,114.11,0.22440,-1,-1,-1
196,-1,1829.11,531.32,16.71,40.53,0.17542,-1,-1,-1
196,-1,612.26,371.45,60.45,228.02,0.16861,-1,-1,-1
196,-1,1611.47,426.78,36.13,187.88,0.15198,-1,-1,-1
196,-1,1856.24,525.41,19.91,50.87,0.14364,-1,-1,-1
196,-1,921.33,564.87,95.45,222.57,0.13196,-1,-1,-1
196,-1,772.58,55.42,289.80,810.37,0.09929,-1,-1,-1
196,-1,1865.55,526.44,18.57,53.06,0.08926,-1,-1,-1
196,-1,1527.96,444.40,49.76,195.47,0.08513,-1,-1,-1
196,-1,1694.55,423.02,44.78,168.99,0.05631,-1,-1,-1
196,-1,1.51,85.01,320.71,516.93,0.05109,-1,-1,-1
197,-1,247.47,218.29,293.05,717.22,0.99973,-1,-1,-1
197,-1,578.30,0.35,496.36,1070.33,0.99948,-1,-1,-1
197,-1,1620.09,396.25,111.67,254.58,0.99840,-1,-1,-1
197,-1,522.50,392.87,110.97,405.87,0.99773,-1,-1,-1
197,-1,1412.38,444.10,93.56,237.38,0.99603,-1,-1,-1
197,-1,0.00,83.69,355.72,953.99,0.99533,-1,-1,-1
197,-1,1378.18,541.19,72.76,151.55,0.98802,-1,-1,-1
197,-1,1497.31,434.48,67.81,217.55,0.98774,-1,-1,-1
197,-1,620.33,374.10,43.58,106.81,0.87858,-1,-1,-1
197,-1,916.75,340.73,146.60,465.00,0.77624,-1,-1,-1
197,-1,1403.20,473.85,63.15,207.44,0.71510,-1,-1,-1
197,-1,1.53,73.05,290.09,526.94,0.32075,-1,-1,-1
197,-1,612.47,386.48,48.32,147.28,0.27844,-1,-1,-1
197,-1,1829.44,532.42,16.09,39.33,0.25977,-1,-1,-1
197,-1,587.48,383.45,78.97,372.51,0.22662,-1,-1,-1
197,-1,910.26,523.88,127.64,261.08,0.22143,-1,-1,-1
197,-1,1856.29,526.21,19.09,51.52,0.22116,-1,-1,-1
197,-1,1613.38,418.79,37.46,193.27,0.19246,-1,-1,-1
197,-1,1255.91,358.30,86.60,117.22,0.18131,-1,-1,-1
197,-1,547.94,396.27,84.10,252.10,0.10265,-1,-1,-1
197,-1,604.40,391.07,49.19,235.10,0.06874,-1,-1,-1
197,-1,1541.96,434.43,37.70,197.39,0.05705,-1,-1,-1
198,-1,247.31,230.03,334.07,725.26,0.99942,-1,-1,-1
198,-1,563.32,0.00,502.27,1024.57,0.99924,-1,-1,-1
198,-1,1624.93,393.40,109.00,255.27,0.99843,-1,-1,-1
198,-1,0.00,80.50,318.72,947.73,0.99819,-1,-1,-1
198,-1,1412.49,443.94,96.89,238.41,0.99791,-1,-1,-1
198,-1,528.34,393.08,109.12,404.33,0.99649,-1,-1,-1
198,-1,1495.58,426.68,75.38,224.35,0.99183,-1,-1,-1
198,-1,1383.95,541.18,70.41,151.66,0.97560,-1,-1,-1
198,-1,206.57,269.83,47.23,76.15,0.80213,-1,-1,-1
198,-1,907.59,331.93,154.53,473.04,0.59134,-1,-1,-1
198,-1,0.00,55.73,269.03,537.88,0.48352,-1,-1,-1
198,-1,1383.51,488.71,101.57,197.15,0.46522,-1,-1,-1
198,-1,1616.27,422.20,35.80,175.90,0.31495,-1,-1,-1
198,-1,1260.33,361.67,84.93,114.32,0.24622,-1,-1,-1
198,-1,1546.03,427.68,33.92,206.35,0.19106,-1,-1,-1
198,-1,1856.05,525.83,18.89,51.40,0.14467,-1,-1,-1
198,-1,1828.96,532.30,16.36,39.56,0.12628,-1,-1,-1
198,-1,1617.84,433.29,22.17,97.63,0.10776,-1,-1,-1
198,-1,550.10,400.37,81.77,229.95,0.10745,-1,-1,-1
198,-1,1619.53,417.20,54.67,205.36,0.08539,-1,-1,-1
198,-1,1500.71,429.63,56.90,86.63,0.07271,-1,-1,-1
198,-1,208.52,268.59,65.05,111.18,0.06962,-1,-1,-1
198,-1,1834.14,531.42,17.80,40.45,0.05915,-1,-1,-1
198,-1,171.91,224.07,159.16,674.83,0.05127,-1,-1,-1
198,-1,1513.49,429.78,51.59,151.08,0.05117,-1,-1,-1
199,-1,247.56,231.01,351.97,726.47,0.99923,-1,-1,-1
199,-1,506.04,0.00,551.66,1019.81,0.99886,-1,-1,-1
199,-1,1625.99,390.73,108.99,258.03,0.99874,-1,-1,-1
199,-1,1411.56,442.46,102.70,243.97,0.99818,-1,-1,-1
199,-1,0.15,61.92,245.23,970.70,0.99443,-1,-1,-1
199,-1,176.87,273.10,153.15,634.42,0.99297,-1,-1,-1
199,-1,1499.56,424.61,72.51,226.67,0.98750,-1,-1,-1
199,-1,1388.20,537.85,65.27,154.39,0.97954,-1,-1,-1
199,-1,902.59,324.70,167.72,480.56,0.73775,-1,-1,-1
199,-1,562.08,387.08,54.48,156.06,0.56046,-1,-1,-1
199,-1,1269.61,358.52,74.51,113.72,0.36636,-1,-1,-1
199,-1,1552.95,437.12,33.05,187.72,0.32528,-1,-1,-1
199,-1,555.98,427.95,54.43,170.51,0.29274,-1,-1,-1
199,-1,382.14,151.96,449.81,905.22,0.21829,-1,-1,-1
199,-1,515.14,412.39,90.58,377.99,0.21266,-1,-1,-1
199,-1,829.02,170.81,254.03,634.12,0.20804,-1,-1,-1
199,-1,1618.65,415.37,35.67,179.36,0.18687,-1,-1,-1
199,-1,526.21,386.40,90.88,218.91,0.17778,-1,-1,-1
199,-1,194.26,267.87,107.45,285.11,0.15141,-1,-1,-1
199,-1,147.94,300.52,122.83,569.83,0.10900,-1,-1,-1
199,-1,177.47,268.58,32.10,70.29,0.09851,-1,-1,-1
199,-1,1502.46,426.79,58.95,104.73,0.08850,-1,-1,-1
199,-1,178.31,267.36,60.09,86.65,0.08071,-1,-1,-1
199,-1,526.40,459.98,66.98,171.15,0.05668,-1,-1,-1
199,-1,1552.24,435.59,26.89,116.91,0.05384,-1,-1,-1
199,-1,570.19,385.94,39.68,100.49,0.05027,-1,-1,-1
200,-1,483.21,0.00,568.19,1050.59,0.99903,-1,-1,-1
200,-1,1628.54,391.06,108.65,258.74,0.99892,-1,-1,-1
200,-1,1411.72,442.26,102.01,243.66,0.99834,-1,-1,-1
200,-1,259.12,230.00,317.77,728.18,0.99814,-1,-1,-1
200,-1,150.08,261.67,208.44,663.74,0.99769,-1,-1,-1
200,-1,1.74,28.20,212.03,1030.65,0.99391,-1,-1,-1
200,-1,1502.54,428.44,70.75,220.77,0.98975,-1,-1,-1
200,-1,1393.90,539.18,62.78,151.02,0.98005,-1,-1,-1
200,-1,894.79,304.46,205.46,497.85,0.79242,-1,-1,-1
200,-1,867.47,563.29,52.59,197.20,0.76001,-1,-1,-1
200,-1,993.53,327.23,29.69,53.93,0.69072,-1,-1,-1
200,-1,1549.54,427.91,35.18,205.20,0.48738,-1,-1,-1
200,-1,135.40,187.23,356.35,797.13,0.43730,-1,-1,-1
200,-1,40.66,138.79,274.67,819.33,0.41705,-1,-1,-1
200,-1,1259.93,362.31,84.38,113.21,0.24039,-1,-1,-1
200,-1,1619.47,420.08,33.32,175.49,0.19447,-1,-1,-1
200,-1,1402.07,526.60,59.50,107.71,0.18491,-1,-1,-1
200,-1,303.68,395.69,33.17,172.06,0.16236,-1,-1,-1
200,-1,930.79,462.80,142.98,333.34,0.13601,-1,-1,-1
200,-1,845.24,504.93,67.56,293.94,0.09982,-1,-1,-1
200,-1,1555.74,436.28,23.50,123.74,0.09680,-1,-1,-1
200,-1,2.75,50.27,183.43,570.52,0.08475,-1,-1,-1
200,-1,993.33,328.20,25.82,30.84,0.07730,-1,-1,-1
200,-1,1454.81,466.02,59.12,207.07,0.06725,-1,-1,-1
200,-1,680.64,60.07,397.18,765.54,0.06443,-1,-1,-1
200,-1,1618.56,444.40,17.94,135.69,0.06362,-1,-1,-1
200,-1,535.81,453.45,47.57,157.66,0.05789,-1,-1,-1
200,-1,1470.10,437.67,84.03,224.51,0.05365,-1,-1,-1
200,-1,1509.33,426.40,59.84,94.36,0.05155,-1,-1,-1
200,-1,1156.84,387.71,62.48,60.33,0.05133,-1,-1,-1
201,-1,408.26,0.00,612.11,1080.00,0.99891,-1,-1,-1
201,-1,1631.79,391.15,106.20,257.79,0.99884,-1,-1,-1
201,-1,182.84,259.43,189.53,655.27,0.99858,-1,-1,-1
201,-1,253.34,236.98,288.59,730.83,0.99842,-1,-1,-1
201,-1,1422.38,442.67,94.82,238.15,0.99797,-1,-1,-1
201,-1,1.03,102.19,178.78,942.70,0.99315,-1,-1,-1
201,-1,934.09,324.66,219.79,474.78,0.99302,-1,-1,-1
201,-1,1511.59,433.93,68.06,217.60,0.99024,-1,-1,-1
201,-1,1401.09,541.15,59.00,147.98,0.98716,-1,-1,-1
201,-1,850.70,544.51,92.41,237.39,0.88305,-1,-1,-1
201,-1,986.30,330.85,54.98,74.26,0.72778,-1,-1,-1
201,-1,916.31,323.18,142.76,441.66,0.60354,-1,-1,-1
201,-1,1406.31,479.20,71.06,200.73,0.57255,-1,-1,-1
201,-1,853.35,317.73,163.74,473.07,0.46946,-1,-1,-1
201,-1,1506.06,453.22,28.19,38.53,0.33158,-1,-1,-1
201,-1,1618.86,419.28,28.63,176.43,0.23273,-1,-1,-1
201,-1,959.23,321.07,90.66,308.87,0.20581,-1,-1,-1
201,-1,782.04,224.77,277.17,564.10,0.20235,-1,-1,-1
201,-1,1262.35,361.99,81.71,113.45,0.18932,-1,-1,-1
201,-1,985.53,332.25,58.67,142.52,0.07662,-1,-1,-1
201,-1,1561.38,434.40,21.75,176.22,0.07633,-1,-1,-1
201,-1,350.50,235.85,197.38,553.62,0.07325,-1,-1,-1
201,-1,4.71,309.83,97.55,705.33,0.06708,-1,-1,-1
201,-1,1498.66,450.07,48.57,198.25,0.06626,-1,-1,-1
201,-1,1677.55,415.82,58.90,220.63,0.06500,-1,-1,-1
201,-1,1530.78,432.46,50.00,132.07,0.05631,-1,-1,-1
201,-1,1156.65,388.27,62.51,59.09,0.05299,-1,-1,-1
202,-1,355.15,0.00,643.85,1076.17,0.99951,-1,-1,-1
202,-1,1636.78,393.11,106.55,254.32,0.99863,-1,-1,-1
202,-1,210.62,259.64,186.98,640.55,0.99856,-1,-1,-1
202,-1,1424.90,441.60,95.19,238.32,0.99649,-1,-1,-1
202,-1,3.35,203.02,150.79,779.11,0.99605,-1,-1,-1
202,-1,945.55,328.97,230.47,471.11,0.99500,-1,-1,-1
202,-1,1517.55,428.76,68.14,223.03,0.99465,-1,-1,-1
202,-1,277.39,250.00,254.98,720.98,0.99188,-1,-1,-1
202,-1,1404.33,537.71,58.47,152.94,0.98766,-1,-1,-1
202,-1,819.52,241.37,201.55,537.66,0.79449,-1,-1,-1
202,-1,844.77,512.29,114.70,273.68,0.54617,-1,-1,-1
202,-1,944.69,346.36,106.24,440.25,0.45036,-1,-1,-1
202,-1,1617.95,427.02,29.56,166.19,0.36082,-1,-1,-1
202,-1,1504.02,448.38,46.99,190.24,0.35109,-1,-1,-1
202,-1,1259.99,360.93,84.74,114.66,0.28398,-1,-1,-1
202,-1,1505.32,455.35,28.74,46.92,0.26840,-1,-1,-1
202,-1,1155.34,387.67,62.11,60.20,0.19057,-1,-1,-1
202,-1,1624.26,475.24,20.80,121.17,0.11818,-1,-1,-1
202,-1,338.62,394.80,33.84,121.92,0.08453,-1,-1,-1
202,-1,145.24,217.97,327.57,740.74,0.06903,-1,-1,-1
202,-1,997.86,337.48,82.45,297.05,0.06351,-1,-1,-1
202,-1,1199.14,358.03,141.99,132.56,0.05337,-1,-1,-1
203,-1,347.94,0.00,635.88,1077.94,0.99955,-1,-1,-1
203,-1,219.58,263.51,197.75,628.76,0.99911,-1,-1,-1
203,-1,1639.48,398.18,108.81,249.09,0.99861,-1,-1,-1
203,-1,947.94,331.12,229.51,468.72,0.99807,-1,-1,-1
203,-1,1520.92,424.29,69.21,228.01,0.99616,-1,-1,-1
203,-1,1429.62,442.70,93.64,237.28,0.99609,-1,-1,-1
203,-1,301.30,239.77,230.51,687.18,0.99288,-1,-1,-1
203,-1,2.13,249.78,128.83,647.81,0.99243,-1,-1,-1
203,-1,1407.31,537.97,61.10,152.84,0.99036,-1,-1,-1
203,-1,1415.93,480.22,65.72,179.96,0.65763,-1,-1,-1
203,-1,830.31,364.00,158.97,427.50,0.60753,-1,-1,-1
203,-1,1505.57,455.95,29.39,36.23,0.54735,-1,-1,-1
203,-1,848.65,513.73,123.01,272.60,0.30229,-1,-1,-1
203,-1,353.99,394.28,37.13,162.63,0.27136,-1,-1,-1
203,-1,1260.61,361.12,84.70,114.14,0.18962,-1,-1,-1
203,-1,1155.54,388.14,62.44,59.23,0.18853,-1,-1,-1
203,-1,1617.00,424.72,31.50,168.55,0.16855,-1,-1,-1
203,-1,951.50,527.12,24.65,82.25,0.14853,-1,-1,-1
203,-1,348.14,102.41,345.82,954.41,0.13215,-1,-1,-1
203,-1,1504.54,452.49,39.26,184.70,0.10856,-1,-1,-1
203,-1,352.27,410.59,30.27,106.34,0.10549,-1,-1,-1
203,-1,762.65,199.65,237.18,583.87,0.10100,-1,-1,-1
203,-1,1624.39,477.24,22.87,120.57,0.07960,-1,-1,-1
203,-1,944.65,499.34,38.61,115.62,0.07024,-1,-1,-1
203,-1,937.40,339.51,111.80,435.17,0.06641,-1,-1,-1
203,-1,1856.60,536.76,20.76,42.25,0.05546,-1,-1,-1
203,-1,1866.68,524.94,17.56,51.26,0.05327,-1,-1,-1
204,-1,309.64,0.00,623.19,1080.00,0.99957,-1,-1,-1
204,-1,235.72,268.54,208.58,657.77,0.99913,-1,-1,-1
204,-1,1639.96,401.00,112.99,244.82,0.99846,-1,-1,-1
204,-1,954.10,329.53,231.80,467.95,0.99834,-1,-1,-1
204,-1,1430.79,444.00,94.95,238.74,0.99620,-1,-1,-1
204,-1,1408.74,535.43,63.03,155.35,0.98962,-1,-1,-1
204,-1,1523.80,428.57,72.51,224.30,0.98923,-1,-1,-1
204,-1,0.00,341.76,84.37,504.13,0.98526,-1,-1,-1
204,-1,848.85,432.06,158.67,360.84,0.97244,-1,-1,-1
204,-1,63.75,498.65,41.57,101.44,0.70221,-1,-1,-1
204,-1,944.89,531.65,25.60,76.81,0.34632,-1,-1,-1
204,-1,1155.52,387.33,61.59,60.38,0.32895,-1,-1,-1
204,-1,64.27,496.82,46.21,237.68,0.31656,-1,-1,-1
204,-1,1503.73,458.36,29.55,38.30,0.31581,-1,-1,-1
204,-1,407.73,316.42,65.83,216.34,0.26987,-1,-1,-1
204,-1,1643.20,413.19,53.72,232.03,0.25544,-1,-1,-1
204,-1,1253.50,358.84,91.24,115.41,0.22410,-1,-1,-1
204,-1,1413.31,461.86,77.29,227.36,0.21649,-1,-1,-1
204,-1,782.27,326.70,243.52,454.04,0.19859,-1,-1,-1
204,-1,1462.97,438.67,90.62,228.65,0.14359,-1,-1,-1
204,-1,31.92,384.78,66.66,129.55,0.12820,-1,-1,-1
204,-1,48.27,446.60,82.92,343.95,0.12526,-1,-1,-1
204,-1,52.63,476.96,56.88,148.59,0.12172,-1,-1,-1
204,-1,1618.34,435.53,32.60,159.30,0.11864,-1,-1,-1
204,-1,1705.65,420.03,49.29,180.60,0.11563,-1,-1,-1
204,-1,125.96,490.10,81.75,250.70,0.10654,-1,-1,-1
204,-1,1559.61,421.02,71.92,225.92,0.09167,-1,-1,-1
204,-1,682.33,80.10,300.52,805.06,0.07496,-1,-1,-1
204,-1,1854.55,526.69,20.31,46.09,0.07029,-1,-1,-1
204,-1,369.50,397.93,47.42,139.28,0.06347,-1,-1,-1
204,-1,326.86,356.39,124.03,570.44,0.05353,-1,-1,-1
205,-1,285.03,0.00,631.00,1080.00,0.99973,-1,-1,-1
205,-1,250.88,266.74,177.72,640.78,0.99903,-1,-1,-1
205,-1,956.82,335.85,232.64,461.69,0.99858,-1,-1,-1
205,-1,1649.00,401.47,106.18,245.14,0.99801,-1,-1,-1
205,-1,849.64,406.44,155.93,385.94,0.99785,-1,-1,-1
205,-1,1432.28,443.44,95.67,239.46,0.99489,-1,-1,-1
205,-1,1525.23,424.55,94.15,228.87,0.99199,-1,-1,-1
205,-1,1411.82,538.49,61.43,152.12,0.99019,-1,-1,-1
205,-1,6.82,390.74,110.35,390.61,0.87900,-1,-1,-1
205,-1,2.52,408.69,63.22,400.92,0.56049,-1,-1,-1
205,-1,1645.08,417.05,45.51,226.58,0.50615,-1,-1,-1
205,-1,1418.27,471.33,70.13,207.74,0.48735,-1,-1,-1
205,-1,46.01,502.14,66.82,249.03,0.36920,-1,-1,-1
205,-1,127.25,515.68,76.99,231.33,0.35865,-1,-1,-1
205,-1,1155.80,389.13,62.00,58.99,0.34733,-1,-1,-1
205,-1,386.59,401.97,42.61,137.86,0.26024,-1,-1,-1
205,-1,1261.17,361.65,83.87,113.19,0.23883,-1,-1,-1
205,-1,1503.54,456.00,29.98,44.75,0.21900,-1,-1,-1
205,-1,1519.29,450.55,53.99,196.38,0.20892,-1,-1,-1
205,-1,264.41,230.48,304.84,817.90,0.13556,-1,-1,-1
205,-1,1573.06,422.42,50.74,223.82,0.12335,-1,-1,-1
205,-1,1703.36,414.67,53.44,193.86,0.09720,-1,-1,-1
205,-1,1852.16,523.43,21.26,51.47,0.08823,-1,-1,-1
205,-1,853.11,346.82,273.75,450.50,0.08293,-1,-1,-1
205,-1,1616.90,425.94,34.79,173.15,0.08241,-1,-1,-1
205,-1,745.64,291.97,258.68,505.73,0.07295,-1,-1,-1
206,-1,258.96,276.25,136.56,615.97,0.99946,-1,-1,-1
206,-1,302.93,0.00,581.40,1080.00,0.99945,-1,-1,-1
206,-1,848.18,419.74,178.14,372.03,0.99926,-1,-1,-1
206,-1,982.06,335.57,200.43,452.84,0.99905,-1,-1,-1
206,-1,1653.58,405.16,100.10,241.03,0.99896,-1,-1,-1
206,-1,1424.96,440.15,108.41,247.44,0.99572,-1,-1,-1
206,-1,1525.16,425.89,96.94,228.67,0.99148,-1,-1,-1
206,-1,1412.78,539.83,64.24,153.42,0.98780,-1,-1,-1
206,-1,0.41,434.13,59.71,466.25,0.91052,-1,-1,-1
206,-1,1422.69,471.71,77.25,176.23,0.70041,-1,-1,-1
206,-1,695.49,547.19,97.05,231.86,0.68635,-1,-1,-1
206,-1,28.46,404.68,100.25,384.26,0.50569,-1,-1,-1
206,-1,0.72,413.60,106.27,541.60,0.43774,-1,-1,-1
206,-1,28.70,395.18,99.23,114.17,0.37656,-1,-1,-1
206,-1,1579.34,431.94,53.33,201.58,0.36366,-1,-1,-1
206,-1,1156.16,389.29,61.73,58.82,0.34330,-1,-1,-1
206,-1,1649.51,418.40,48.22,224.46,0.32409,-1,-1,-1
206,-1,1616.66,430.47,34.19,167.76,0.27250,-1,-1,-1
206,-1,41.05,493.64,73.83,174.35,0.20142,-1,-1,-1
206,-1,1253.51,359.10,91.97,114.63,0.19716,-1,-1,-1
206,-1,248.93,221.71,251.07,827.13,0.19036,-1,-1,-1
206,-1,2.46,592.39,48.97,382.08,0.17332,-1,-1,-1
206,-1,10.77,372.36,190.22,485.29,0.15455,-1,-1,-1
206,-1,1502.68,457.52,29.08,40.83,0.14593,-1,-1,-1
206,-1,1.81,425.24,49.10,255.61,0.13283,-1,-1,-1
206,-1,121.13,468.03,87.24,299.00,0.11995,-1,-1,-1
206,-1,694.08,357.98,158.83,422.35,0.11260,-1,-1,-1
206,-1,629.71,143.43,241.53,621.72,0.08383,-1,-1,-1
206,-1,1643.49,442.67,35.06,165.97,0.06856,-1,-1,-1
206,-1,1540.27,431.91,62.08,167.76,0.06236,-1,-1,-1
206,-1,1854.49,539.03,18.55,39.86,0.05203,-1,-1,-1
207,-1,241.27,0.00,574.77,1080.00,0.99963,-1,-1,-1
207,-1,854.90,415.06,191.81,372.52,0.99931,-1,-1,-1
207,-1,1656.48,404.94,99.74,241.31,0.99889,-1,-1,-1
207,-1,1001.15,334.35,176.95,451.18,0.99799,-1,-1,-1
207,-1,1425.43,439.51,108.47,249.48,0.99593,-1,-1,-1
207,-1,0.00,297.08,105.52,721.19,0.99501,-1,-1,-1
207,-1,1524.62,425.41,110.66,229.15,0.98867,-1,-1,-1
207,-1,1415.97,537.86,60.01,155.79,0.98758,-1,-1,-1
207,-1,678.51,575.13,142.32,212.65,0.84763,-1,-1,-1
207,-1,673.34,393.63,156.12,388.37,0.65756,-1,-1,-1
207,-1,0.28,263.10,23.87,125.32,0.50477,-1,-1,-1
207,-1,1575.91,427.83,57.04,200.83,0.48175,-1,-1,-1
207,-1,1.84,273.54,80.56,437.34,0.42654,-1,-1,-1
207,-1,111.64,448.57,98.25,301.44,0.41262,-1,-1,-1
207,-1,56.11,500.37,47.46,102.88,0.27103,-1,-1,-1
207,-1,1251.81,358.92,93.80,115.13,0.25552,-1,-1,-1
207,-1,45.28,395.78,97.90,121.46,0.22677,-1,-1,-1
207,-1,1616.03,433.72,32.71,165.89,0.20798,-1,-1,-1
207,-1,1156.61,389.94,61.31,58.88,0.18898,-1,-1,-1
207,-1,1.20,259.69,48.06,189.36,0.18599,-1,-1,-1
207,-1,896.59,343.14,247.49,465.50,0.18587,-1,-1,-1
207,-1,9.06,445.63,126.71,461.96,0.17416,-1,-1,-1
207,-1,1854.65,539.76,18.70,39.44,0.12904,-1,-1,-1
207,-1,564.99,124.85,265.82,688.29,0.10305,-1,-1,-1
207,-1,1502.39,457.39,29.95,39.89,0.07412,-1,-1,-1
207,-1,51.80,457.29,59.04,176.54,0.06648,-1,-1,-1
207,-1,1721.10,417.53,44.70,189.79,0.06495,-1,-1,-1
208,-1,222.80,0.00,593.75,1080.00,0.99958,-1,-1,-1
208,-1,1007.31,334.41,174.90,448.88,0.99917,-1,-1,-1
208,-1,863.75,411.82,177.34,373.06,0.99915,-1,-1,-1
208,-1,1660.25,405.11,97.31,240.62,0.99895,-1,-1,-1
208,-1,0.00,306.13,179.48,719.08,0.99858,-1,-1,-1
208,-1,1426.67,440.03,108.36,249.84,0.99612,-1,-1,-1
208,-1,1528.82,425.56,112.53,228.63,0.99011,-1,-1,-1
208,-1,1419.20,536.49,60.47,159.69,0.99002,-1,-1,-1
208,-1,663.30,514.61,174.83,280.24,0.98904,-1,-1,-1
208,-1,619.19,285.64,216.31,519.06,0.45398,-1,-1,-1
208,-1,3.04,260.57,66.74,140.37,0.43733,-1,-1,-1
208,-1,1578.78,436.28,61.82,185.82,0.29684,-1,-1,-1
208,-1,1265.05,360.68,78.72,112.53,0.24869,-1,-1,-1
208,-1,1615.57,441.71,34.35,156.29,0.20240,-1,-1,-1
208,-1,897.90,347.01,255.53,455.81,0.19617,-1,-1,-1
208,-1,665.82,578.31,91.11,217.50,0.17260,-1,-1,-1
208,-1,1858.28,533.57,18.24,46.09,0.17252,-1,-1,-1
208,-1,59.68,396.50,87.83,111.71,0.16274,-1,-1,-1
208,-1,6.23,260.58,96.15,455.61,0.13804,-1,-1,-1
208,-1,1158.19,394.12,60.58,51.13,0.11809,-1,-1,-1
208,-1,1527.62,441.53,62.33,205.03,0.10488,-1,-1,-1
208,-1,738.18,541.83,69.97,158.69,0.08321,-1,-1,-1
208,-1,448.86,94.78,389.99,861.32,0.07105,-1,-1,-1
208,-1,1652.82,437.32,37.98,154.55,0.06826,-1,-1,-1
208,-1,36.32,382.01,113.08,430.90,0.06431,-1,-1,-1
208,-1,1700.30,409.90,62.91,213.50,0.06166,-1,-1,-1
208,-1,623.15,618.11,38.89,131.83,0.05700,-1,-1,-1
208,-1,1864.86,528.17,17.89,49.88,0.05378,-1,-1,-1
209,-1,1027.68,328.17,161.80,458.83,0.99943,-1,-1,-1
209,-1,0.08,263.77,207.62,738.82,0.99930,-1,-1,-1
209,-1,175.46,0.00,552.61,1073.94,0.99906,-1,-1,-1
209,-1,1661.76,404.96,101.70,240.28,0.99894,-1,-1,-1
209,-1,894.97,410.39,141.99,363.79,0.99837,-1,-1,-1
209,-1,664.59,378.21,206.79,421.25,0.99744,-1,-1,-1
209,-1,1426.78,437.32,110.32,252.05,0.99564,-1,-1,-1
209,-1,1535.29,426.88,115.84,224.37,0.98977,-1,-1,-1
209,-1,1421.04,535.72,60.85,161.05,0.98942,-1,-1,-1
209,-1,457.88,67.33,247.39,847.64,0.69374,-1,-1,-1
209,-1,81.15,401.92,68.54,105.45,0.64542,-1,-1,-1
209,-1,548.87,344.31,161.72,543.67,0.59137,-1,-1,-1
209,-1,739.66,394.88,38.20,166.76,0.34621,-1,-1,-1
209,-1,1260.45,361.27,84.87,111.53,0.28969,-1,-1,-1
209,-1,906.48,511.02,35.42,115.44,0.21445,-1,-1,-1
209,-1,688.10,374.49,85.64,328.75,0.20449,-1,-1,-1
209,-1,3.01,261.67,89.28,126.81,0.17441,-1,-1,-1
209,-1,1619.13,450.77,22.66,140.74,0.15524,-1,-1,-1
209,-1,709.58,399.21,123.27,337.14,0.14650,-1,-1,-1
209,-1,1592.28,426.86,49.09,211.28,0.14378,-1,-1,-1
209,-1,1721.03,407.12,49.61,202.25,0.12615,-1,-1,-1
209,-1,1533.11,443.09,65.28,201.83,0.12285,-1,-1,-1
209,-1,1159.00,396.06,60.35,48.72,0.11969,-1,-1,-1
209,-1,534.64,305.83,325.21,536.30,0.10823,-1,-1,-1
209,-1,1620.71,440.67,41.70,157.20,0.08405,-1,-1,-1
209,-1,645.26,360.34,122.26,432.05,0.07555,-1,-1,-1
209,-1,1859.62,535.92,16.76,42.81,0.06359,-1,-1,-1
209,-1,21.02,263.02,126.08,365.84,0.06011,-1,-1,-1
210,-1,1048.44,328.89,166.86,461.94,0.99951,-1,-1,-1
210,-1,137.14,0.00,565.35,1074.56,0.99938,-1,-1,-1
210,-1,1664.58,402.37,104.15,237.21,0.99922,-1,-1,-1
210,-1,905.57,412.47,140.07,363.44,0.99902,-1,-1,-1
210,-1,0.00,258.24,188.74,751.76,0.99895,-1,-1,-1
210,-1,1435.07,440.39,103.05,243.86,0.99761,-1,-1,-1
210,-1,674.73,379.88,189.53,416.84,0.99758,-1,-1,-1
210,-1,1537.34,427.86,113.30,223.13,0.99050,-1,-1,-1
210,-1,1423.50,536.95,58.81,160.65,0.98604,-1,-1,-1
210,-1,507.41,331.34,223.74,553.52,0.91647,-1,-1,-1
210,-1,662.85,368.78,111.90,417.55,0.78327,-1,-1,-1
210,-1,910.22,510.80,34.24,114.63,0.69904,-1,-1,-1
210,-1,411.80,107.69,304.97,801.95,0.46864,-1,-1,-1
210,-1,1262.96,360.59,81.61,113.79,0.33449,-1,-1,-1
210,-1,1533.44,454.45,70.99,188.17,0.31014,-1,-1,-1
210,-1,598.94,360.01,201.40,491.81,0.19801,-1,-1,-1
210,-1,1483.30,456.84,56.47,207.21,0.18044,-1,-1,-1
210,-1,1607.34,430.32,42.97,202.06,0.17337,-1,-1,-1
210,-1,934.99,530.90,18.86,87.19,0.12505,-1,-1,-1
210,-1,1619.29,456.64,23.27,134.02,0.12322,-1,-1,-1
210,-1,1858.02,537.04,18.58,41.12,0.10861,-1,-1,-1
210,-1,1156.26,389.56,64.71,56.52,0.10518,-1,-1,-1
210,-1,1626.23,476.34,23.88,118.38,0.06188,-1,-1,-1
211,-1,1670.12,403.25,109.82,233.89,0.99928,-1,-1,-1
211,-1,1061.11,333.76,181.79,455.03,0.99924,-1,-1,-1
211,-1,929.45,406.60,124.25,371.48,0.99881,-1,-1,-1
211,-1,78.37,0.00,528.51,1072.82,0.99880,-1,-1,-1
211,-1,691.08,383.11,186.11,408.67,0.99873,-1,-1,-1
211,-1,1436.47,439.95,101.78,245.83,0.99817,-1,-1,-1
211,-1,3.28,260.12,137.02,702.01,0.99804,-1,-1,-1
211,-1,1547.51,425.69,102.76,224.01,0.99759,-1,-1,-1
211,-1,490.20,263.16,307.61,635.24,0.99502,-1,-1,-1
211,-1,1426.13,528.05,59.79,169.36,0.97899,-1,-1,-1
211,-1,908.71,512.16,37.60,115.39,0.91546,-1,-1,-1
211,-1,935.54,533.67,24.06,78.65,0.76092,-1,-1,-1
211,-1,342.16,91.91,380.67,820.02,0.73176,-1,-1,-1
211,-1,0.00,309.65,28.46,96.10,0.57349,-1,-1,-1
211,-1,450.46,206.33,207.35,675.48,0.55634,-1,-1,-1
211,-1,468.75,604.55,76.34,214.97,0.48530,-1,-1,-1
211,-1,1262.04,361.59,82.57,114.37,0.47018,-1,-1,-1
211,-1,694.53,377.24,91.72,342.14,0.35404,-1,-1,-1
211,-1,577.65,257.64,94.77,422.91,0.31066,-1,-1,-1
211,-1,594.09,310.00,288.68,535.89,0.26625,-1,-1,-1
211,-1,921.07,516.65,39.34,107.71,0.17010,-1,-1,-1
211,-1,950.30,375.24,195.00,403.25,0.16856,-1,-1,-1
211,-1,1490.82,457.32,54.44,186.42,0.10432,-1,-1,-1
211,-1,7.42,282.43,128.69,179.53,0.10284,-1,-1,-1
211,-1,1614.01,433.51,37.96,173.53,0.10199,-1,-1,-1
211,-1,1506.19,458.78,26.52,38.00,0.10019,-1,-1,-1
211,-1,1857.63,534.60,17.89,46.64,0.08789,-1,-1,-1
211,-1,463.34,369.82,104.90,447.84,0.08555,-1,-1,-1
212,-1,1072.05,334.76,192.09,451.85,0.99935,-1,-1,-1
212,-1,1673.72,395.16,102.08,243.77,0.99923,-1,-1,-1
212,-1,939.03,409.70,118.39,364.38,0.99919,-1,-1,-1
212,-1,40.88,0.00,559.09,1068.44,0.99894,-1,-1,-1
212,-1,1437.60,439.32,98.83,246.96,0.99812,-1,-1,-1
212,-1,1564.50,427.23,89.70,223.59,0.99763,-1,-1,-1
212,-1,693.93,379.46,181.40,413.57,0.99756,-1,-1,-1
212,-1,515.37,257.83,310.62,648.89,0.99629,-1,-1,-1
212,-1,3.48,299.16,96.21,627.55,0.98302,-1,-1,-1
212,-1,1428.96,526.86,60.31,168.31,0.97770,-1,-1,-1
212,-1,907.18,517.04,35.90,108.70,0.95603,-1,-1,-1
212,-1,0.00,302.92,50.44,161.90,0.93553,-1,-1,-1
212,-1,934.65,533.85,24.98,78.44,0.91043,-1,-1,-1
212,-1,1263.78,362.18,81.35,114.06,0.60387,-1,-1,-1
212,-1,10.70,291.19,81.71,167.93,0.58256,-1,-1,-1
212,-1,0.00,316.52,60.87,413.07,0.49469,-1,-1,-1
212,-1,33.71,283.38,66.96,110.68,0.43189,-1,-1,-1
212,-1,887.51,527.99,25.83,84.71,0.29258,-1,-1,-1
212,-1,1475.70,451.14,70.06,208.71,0.28608,-1,-1,-1
212,-1,276.11,61.76,317.16,793.45,0.25427,-1,-1,-1
212,-1,944.44,541.16,19.32,67.91,0.24750,-1,-1,-1
212,-1,420.66,293.81,170.95,529.04,0.23922,-1,-1,-1
212,-1,436.53,377.91,495.07,387.08,0.12107,-1,-1,-1
212,-1,1504.28,456.53,30.39,46.71,0.11949,-1,-1,-1
212,-1,888.30,519.27,41.23,101.64,0.10869,-1,-1,-1
212,-1,936.83,539.04,20.51,45.61,0.09798,-1,-1,-1
212,-1,1631.90,471.15,21.66,119.46,0.08857,-1,-1,-1
212,-1,1612.55,432.53,45.70,174.48,0.07660,-1,-1,-1
212,-1,1856.67,532.78,19.27,46.94,0.07589,-1,-1,-1
212,-1,1634.98,456.73,39.52,138.64,0.06882,-1,-1,-1
213,-1,1079.20,337.59,197.94,450.35,0.99945,-1,-1,-1
213,-1,1675.76,395.03,101.92,245.83,0.99900,-1,-1,-1
213,-1,953.62,408.93,108.11,363.62,0.99898,-1,-1,-1
213,-1,20.03,0.63,567.36,1079.37,0.99858,-1,-1,-1
213,-1,692.92,378.32,195.66,403.10,0.99785,-1,-1,-1
213,-1,1439.99,441.01,96.68,243.15,0.99770,-1,-1,-1
213,-1,1573.43,427.26,81.92,223.16,0.99734,-1,-1,-1
213,-1,525.57,266.89,299.80,631.35,0.99669,-1,-1,-1
213,-1,1432.04,529.68,58.71,167.02,0.97426,-1,-1,-1
213,-1,909.81,519.55,31.66,106.21,0.95444,-1,-1,-1
213,-1,933.53,533.00,24.59,79.63,0.94779,-1,-1,-1
213,-1,1.29,291.55,52.97,510.27,0.93529,-1,-1,-1
213,-1,363.53,272.82,223.73,594.09,0.66309,-1,-1,-1
213,-1,711.72,376.44,101.14,354.58,0.51755,-1,-1,-1
213,-1,9.45,242.33,107.60,713.87,0.43344,-1,-1,-1
213,-1,382.01,328.04,565.98,542.43,0.36081,-1,-1,-1
213,-1,1263.26,359.32,80.38,115.08,0.35767,-1,-1,-1
213,-1,1491.78,450.28,54.34,203.96,0.34816,-1,-1,-1
213,-1,235.03,50.48,348.77,848.66,0.31411,-1,-1,-1
213,-1,1628.50,440.02,38.59,161.44,0.23198,-1,-1,-1
213,-1,368.78,553.81,199.73,298.23,0.18434,-1,-1,-1
213,-1,943.45,536.43,18.33,72.07,0.13257,-1,-1,-1
213,-1,1505.59,454.44,29.64,50.99,0.12097,-1,-1,-1
213,-1,17.48,63.41,267.41,977.21,0.07222,-1,-1,-1
213,-1,1631.69,462.19,23.27,125.99,0.05024,-1,-1,-1
214,-1,1090.86,343.95,210.73,439.14,0.99967,-1,-1,-1
214,-1,965.57,409.44,110.75,361.98,0.99890,-1,-1,-1
214,-1,1676.70,399.79,108.14,243.50,0.99887,-1,-1,-1
214,-1,527.15,276.02,313.57,626.44,0.99747,-1,-1,-1
214,-1,1581.27,429.31,75.83,221.53,0.99642,-1,-1,-1
214,-1,1451.28,440.96,91.72,243.27,0.99575,-1,-1,-1
214,-1,717.68,377.36,169.89,408.94,0.99484,-1,-1,-1
214,-1,11.03,14.00,598.98,1031.27,0.99433,-1,-1,-1
214,-1,1434.79,528.38,62.54,166.25,0.99342,-1,-1,-1
214,-1,908.60,518.30,37.12,106.21,0.95813,-1,-1,-1
214,-1,931.31,530.38,23.60,83.73,0.70957,-1,-1,-1
214,-1,371.27,273.72,243.96,614.37,0.69956,-1,-1,-1
214,-1,1489.69,444.35,60.61,215.99,0.68092,-1,-1,-1
214,-1,253.06,43.72,338.90,843.49,0.58985,-1,-1,-1
214,-1,551.12,395.16,43.93,147.99,0.45528,-1,-1,-1
214,-1,1261.86,360.64,82.18,113.65,0.42493,-1,-1,-1
214,-1,718.13,383.60,99.40,314.38,0.25825,-1,-1,-1
214,-1,1618.63,432.16,48.81,182.46,0.14518,-1,-1,-1
214,-1,481.88,281.07,42.31,89.77,0.12556,-1,-1,-1
214,-1,940.46,537.66,16.81,70.16,0.09984,-1,-1,-1
214,-1,1506.66,453.30,32.00,50.06,0.08670,-1,-1,-1
214,-1,550.87,391.75,45.63,288.05,0.07474,-1,-1,-1
214,-1,1855.28,514.40,21.03,64.21,0.05840,-1,-1,-1
214,-1,1020.83,468.48,55.91,277.38,0.05128,-1,-1,-1
215,-1,1096.49,345.21,211.77,438.27,0.99965,-1,-1,-1
215,-1,972.78,409.37,115.87,359.17,0.99933,-1,-1,-1
215,-1,1678.35,401.48,108.31,238.66,0.99889,-1,-1,-1
215,-1,524.79,276.20,328.90,620.74,0.99801,-1,-1,-1
215,-1,1584.44,426.59,79.23,224.54,0.99771,-1,-1,-1
215,-1,399.46,285.40,202.93,589.79,0.99630,-1,-1,-1
215,-1,1455.94,441.77,94.56,244.38,0.99592,-1,-1,-1
215,-1,1435.32,526.85,62.03,168.08,0.99396,-1,-1,-1
215,-1,727.52,369.83,156.24,424.79,0.99325,-1,-1,-1
215,-1,0.00,22.31,588.41,1051.82,0.98989,-1,-1,-1
215,-1,908.03,517.44,38.51,106.75,0.96052,-1,-1,-1
215,-1,735.47,372.06,91.65,358.07,0.36464,-1,-1,-1
215,-1,1262.38,360.71,81.09,112.65,0.32602,-1,-1,-1
215,-1,1496.79,446.73,53.05,216.11,0.30467,-1,-1,-1
215,-1,929.95,529.01,21.70,85.10,0.30457,-1,-1,-1
215,-1,484.51,288.04,71.59,200.21,0.18886,-1,-1,-1
215,-1,1506.94,450.89,33.36,52.86,0.14880,-1,-1,-1
215,-1,1620.26,425.65,51.46,189.28,0.14175,-1,-1,-1
215,-1,557.83,394.48,51.56,107.54,0.12181,-1,-1,-1
215,-1,403.64,342.52,545.38,447.90,0.11551,-1,-1,-1
215,-1,481.85,280.97,56.97,105.37,0.11438,-1,-1,-1
215,-1,7.26,183.11,338.30,850.49,0.10518,-1,-1,-1
215,-1,306.87,102.79,271.64,755.85,0.07518,-1,-1,-1
215,-1,1724.09,423.74,61.57,194.36,0.06663,-1,-1,-1
215,-1,458.31,296.74,116.92,478.01,0.06470,-1,-1,-1
215,-1,1618.42,424.98,32.47,32.77,0.05726,-1,-1,-1
215,-1,868.97,547.20,24.39,62.82,0.05391,-1,-1,-1
215,-1,592.01,262.85,171.40,563.56,0.05389,-1,-1,-1
216,-1,1107.61,350.83,193.91,430.77,0.99977,-1,-1,-1
216,-1,982.37,409.94,128.11,360.95,0.99926,-1,-1,-1
216,-1,440.63,279.08,179.45,576.10,0.99852,-1,-1,-1
216,-1,1680.00,402.15,113.35,238.46,0.99836,-1,-1,-1
216,-1,9.52,16.91,508.07,1056.52,0.99804,-1,-1,-1
216,-1,539.96,281.45,308.27,604.36,0.99803,-1,-1,-1
216,-1,753.25,369.92,134.36,421.71,0.99630,-1,-1,-1
216,-1,1450.13,437.36,107.07,258.49,0.99622,-1,-1,-1
216,-1,1592.40,421.26,79.98,228.43,0.99555,-1,-1,-1
216,-1,1438.86,521.01,60.91,173.38,0.98878,-1,-1,-1
216,-1,907.80,517.27,38.34,107.10,0.96237,-1,-1,-1
216,-1,682.61,307.01,180.49,545.69,0.57811,-1,-1,-1
216,-1,1625.23,428.62,56.77,195.18,0.36985,-1,-1,-1
216,-1,1266.29,360.53,75.86,113.06,0.31328,-1,-1,-1
216,-1,1628.42,413.79,106.73,234.08,0.28084,-1,-1,-1
216,-1,214.79,610.54,106.80,380.44,0.28062,-1,-1,-1
216,-1,1490.32,440.55,61.82,218.28,0.22545,-1,-1,-1
216,-1,870.19,550.25,21.11,60.57,0.12475,-1,-1,-1
216,-1,574.91,395.18,46.05,110.20,0.10222,-1,-1,-1
216,-1,614.85,270.28,155.22,568.46,0.09117,-1,-1,-1
216,-1,6.22,391.25,305.28,674.33,0.08959,-1,-1,-1
216,-1,933.20,534.17,17.76,79.86,0.08793,-1,-1,-1
216,-1,1678.05,420.80,48.98,181.26,0.06960,-1,-1,-1
216,-1,980.79,538.00,26.36,61.01,0.06273,-1,-1,-1
216,-1,1856.35,525.02,18.06,57.20,0.05394,-1,-1,-1
217,-1,1109.58,347.52,200.20,430.21,0.99978,-1,-1,-1
217,-1,461.12,277.84,168.00,592.04,0.99954,-1,-1,-1
217,-1,986.18,412.48,132.74,357.66,0.99933,-1,-1,-1
217,-1,1680.98,405.45,113.27,231.10,0.99840,-1,-1,-1
217,-1,2.11,7.99,505.51,1068.49,0.99833,-1,-1,-1
217,-1,566.69,277.75,282.83,614.64,0.99813,-1,-1,-1
217,-1,1443.57,436.10,117.35,261.41,0.99808,-1,-1,-1
217,-1,759.26,368.95,120.35,422.70,0.99628,-1,-1,-1
217,-1,1600.88,420.68,84.88,231.61,0.99517,-1,-1,-1
217,-1,907.62,516.86,39.09,105.83,0.97836,-1,-1,-1
217,-1,1442.51,534.09,54.91,165.97,0.97763,-1,-1,-1
217,-1,182.36,573.38,178.05,437.89,0.40968,-1,-1,-1
217,-1,1266.95,360.42,75.31,113.06,0.35671,-1,-1,-1
217,-1,1636.84,430.91,49.68,193.29,0.27966,-1,-1,-1
217,-1,585.48,402.99,41.05,164.53,0.26416,-1,-1,-1
217,-1,1500.00,443.42,60.08,204.52,0.18203,-1,-1,-1
217,-1,974.73,549.60,35.39,51.55,0.16315,-1,-1,-1
217,-1,646.31,334.94,249.87,475.17,0.12975,-1,-1,-1
217,-1,932.67,535.02,19.69,77.72,0.09571,-1,-1,-1
217,-1,639.01,260.13,152.91,584.33,0.08473,-1,-1,-1
217,-1,1675.42,443.77,38.39,146.84,0.08284,-1,-1,-1
217,-1,1680.48,421.30,52.09,178.63,0.07475,-1,-1,-1
217,-1,764.29,370.89,78.74,308.52,0.07122,-1,-1,-1
217,-1,0.00,212.24,315.20,831.24,0.06705,-1,-1,-1
218,-1,1115.68,349.02,204.92,428.23,0.99962,-1,-1,-1
218,-1,475.42,283.95,156.74,587.65,0.99940,-1,-1,-1
218,-1,992.61,417.05,130.98,351.11,0.99905,-1,-1,-1
218,-1,594.50,275.21,259.35,600.66,0.99841,-1,-1,-1
218,-1,1685.50,409.59,109.24,224.84,0.99788,-1,-1,-1
218,-1,768.20,375.49,111.82,414.47,0.99762,-1,-1,-1
218,-1,1451.33,435.69,111.13,263.59,0.99731,-1,-1,-1
218,-1,1.02,0.86,458.76,1064.77,0.99578,-1,-1,-1
218,-1,1605.37,422.16,85.96,228.24,0.99348,-1,-1,-1
218,-1,1443.90,536.45,55.26,164.67,0.98266,-1,-1,-1
218,-1,908.07,515.35,38.22,107.26,0.97530,-1,-1,-1
218,-1,155.80,533.66,225.13,466.20,0.90723,-1,-1,-1
218,-1,593.06,406.41,41.87,158.21,0.45429,-1,-1,-1
218,-1,1.13,186.28,228.48,871.51,0.40813,-1,-1,-1
218,-1,1266.40,360.54,76.61,112.54,0.40710,-1,-1,-1
218,-1,1505.97,451.16,56.14,183.72,0.20160,-1,-1,-1
218,-1,1.33,20.04,311.54,574.22,0.16936,-1,-1,-1
218,-1,975.24,553.29,35.20,47.50,0.15968,-1,-1,-1
218,-1,1655.19,437.20,36.64,156.55,0.14708,-1,-1,-1
218,-1,132.83,296.09,332.11,690.73,0.10536,-1,-1,-1
218,-1,1682.41,433.38,46.34,152.48,0.09452,-1,-1,-1
218,-1,770.34,371.11,76.31,266.27,0.07463,-1,-1,-1
218,-1,443.07,490.74,22.25,63.29,0.06842,-1,-1,-1
219,-1,502.60,288.63,159.99,580.11,0.99962,-1,-1,-1
219,-1,1126.51,357.30,202.98,423.48,0.99955,-1,-1,-1
219,-1,633.68,273.92,220.60,599.89,0.99915,-1,-1,-1
219,-1,997.19,420.52,139.21,344.12,0.99915,-1,-1,-1
219,-1,1688.70,411.28,107.40,222.94,0.99818,-1,-1,-1
219,-1,1608.80,424.14,104.27,224.36,0.99817,-1,-1,-1
219,-1,18.43,0.00,458.34,1056.09,0.99733,-1,-1,-1
219,-1,785.93,365.48,104.14,427.47,0.99626,-1,-1,-1
219,-1,1455.06,435.87,106.34,263.26,0.99570,-1,-1,-1
219,-1,0.00,12.81,249.40,1049.56,0.97116,-1,-1,-1
219,-1,907.89,515.76,39.07,108.09,0.97027,-1,-1,-1
219,-1,1446.68,536.06,57.93,163.05,0.95036,-1,-1,-1
219,-1,125.12,428.84,347.60,565.66,0.94832,-1,-1,-1
219,-1,1272.02,360.48,70.89,112.94,0.56397,-1,-1,-1
219,-1,1.58,564.15,176.40,493.95,0.52970,-1,-1,-1
219,-1,972.00,532.45,43.52,68.43,0.34303,-1,-1,-1
219,-1,1505.88,445.98,58.65,199.91,0.26617,-1,-1,-1
219,-1,1652.10,436.43,69.66,188.58,0.19155,-1,-1,-1
219,-1,111.91,646.14,94.78,280.96,0.13394,-1,-1,-1
219,-1,1685.27,421.74,55.97,174.09,0.12657,-1,-1,-1
219,-1,611.74,401.81,48.53,65.70,0.10730,-1,-1,-1
219,-1,1750.13,435.15,44.37,176.49,0.07852,-1,-1,-1
219,-1,285.66,517.64,92.54,159.84,0.07064,-1,-1,-1
219,-1,1855.49,525.83,19.17,55.07,0.06163,-1,-1,-1
219,-1,1010.28,529.44,29.49,103.50,0.05546,-1,-1,-1
219,-1,137.84,603.23,169.96,384.81,0.05217,-1,-1,-1
220,-1,1141.63,353.06,195.59,422.23,0.99969,-1,-1,-1
220,-1,505.06,281.95,189.84,591.11,0.99931,-1,-1,-1
220,-1,997.99,416.92,139.66,345.24,0.99893,-1,-1,-1
220,-1,1693.15,410.65,104.50,219.93,0.99827,-1,-1,-1
220,-1,1612.13,426.69,109.13,223.76,0.99804,-1,-1,-1
220,-1,789.05,368.44,107.37,420.72,0.99788,-1,-1,-1
220,-1,666.36,264.15,181.97,613.82,0.99788,-1,-1,-1
220,-1,6.51,2.71,497.52,1024.40,0.99602,-1,-1,-1
220,-1,1463.40,434.70,104.77,255.60,0.99434,-1,-1,-1
220,-1,909.36,516.66,36.80,108.78,0.96982,-1,-1,-1
220,-1,1452.34,538.96,59.89,159.22,0.96644,-1,-1,-1
220,-1,1.19,10.77,234.01,1050.68,0.96507,-1,-1,-1
220,-1,118.45,341.75,381.01,643.78,0.89036,-1,-1,-1
220,-1,1446.14,492.67,93.71,203.98,0.83399,-1,-1,-1
220,-1,0.00,4.98,186.48,589.16,0.80588,-1,-1,-1
220,-1,3.66,404.91,146.68,655.81,0.76968,-1,-1,-1
220,-1,1276.64,360.45,64.26,112.14,0.55010,-1,-1,-1
220,-1,624.49,405.66,41.38,126.60,0.32009,-1,-1,-1
220,-1,1664.43,440.42,56.72,162.18,0.26959,-1,-1,-1
220,-1,95.66,510.30,242.54,494.53,0.22378,-1,-1,-1
220,-1,973.42,541.28,39.90,59.99,0.18932,-1,-1,-1
220,-1,129.45,577.05,109.47,365.69,0.16694,-1,-1,-1
220,-1,799.54,373.96,68.48,289.32,0.15611,-1,-1,-1
220,-1,996.95,509.32,51.49,196.18,0.12181,-1,-1,-1
220,-1,1668.59,442.32,24.57,88.85,0.11878,-1,-1,-1
220,-1,1684.62,422.01,56.62,178.84,0.11044,-1,-1,-1
220,-1,1619.45,429.05,21.08,44.60,0.09353,-1,-1,-1
220,-1,1680.98,466.13,34.16,116.11,0.08894,-1,-1,-1
220,-1,798.17,372.41,58.80,176.41,0.08565,-1,-1,-1
220,-1,1741.55,426.07,54.35,186.23,0.08102,-1,-1,-1
220,-1,1510.07,440.51,53.03,204.07,0.08070,-1,-1,-1
220,-1,1611.54,432.53,45.31,206.70,0.07643,-1,-1,-1
220,-1,986.84,523.09,31.60,77.52,0.06047,-1,-1,-1
220,-1,1854.11,523.48,19.99,54.19,0.05696,-1,-1,-1
220,-1,628.55,402.81,36.43,73.50,0.05418,-1,-1,-1
220,-1,443.57,493.69,21.86,45.72,0.05193,-1,-1,-1
220,-1,629.23,433.88,25.54,44.26,0.05087,-1,-1,-1
221,-1,1153.42,350.66,176.71,416.22,0.99917,-1,-1,-1
221,-1,512.56,291.53,220.04,579.09,0.99899,-1,-1,-1
221,-1,151.55,294.57,398.50,682.85,0.99839,-1,-1,-1
221,-1,1023.22,414.57,118.58,344.80,0.99790,-1,-1,-1
221,-1,1697.65,407.41,100.58,226.43,0.99748,-1,-1,-1
221,-1,699.32,264.67,167.15,606.42,0.99742,-1,-1,-1
221,-1,1477.51,436.70,94.16,255.14,0.99562,-1,-1,-1
221,-1,1617.92,424.81,108.19,223.42,0.99404,-1,-1,-1
221,-1,805.58,368.72,108.19,417.55,0.99370,-1,-1,-1
221,-1,1458.27,539.01,61.26,155.10,0.95263,-1,-1,-1
221,-1,910.05,517.40,40.64,106.76,0.93648,-1,-1,-1
221,-1,1.87,19.92,363.76,940.44,0.90663,-1,-1,-1
221,-1,133.24,552.18,139.33,411.83,0.79875,-1,-1,-1
221,-1,5.75,31.79,116.51,859.06,0.69407,-1,-1,-1
221,-1,1278.09,361.64,62.50,109.52,0.62739,-1,-1,-1
221,-1,268.03,285.58,105.13,111.47,0.61809,-1,-1,-1
221,-1,817.43,378.55,60.80,246.16,0.42763,-1,-1,-1
221,-1,3.64,12.98,101.70,486.70,0.39867,-1,-1,-1
221,-1,1619.16,437.44,49.21,203.81,0.37558,-1,-1,-1
221,-1,927.42,529.29,25.22,81.85,0.35342,-1,-1,-1
221,-1,1681.37,415.43,68.92,205.97,0.25087,-1,-1,-1
221,-1,253.94,289.25,197.23,468.89,0.24617,-1,-1,-1
221,-1,972.63,546.42,38.96,54.67,0.20438,-1,-1,-1
221,-1,639.07,387.39,48.48,82.54,0.19366,-1,-1,-1
221,-1,1658.86,438.44,64.09,172.73,0.16384,-1,-1,-1
221,-1,78.70,260.64,314.30,585.17,0.16195,-1,-1,-1
221,-1,819.11,368.61,42.37,82.88,0.15031,-1,-1,-1
221,-1,1655.47,427.93,29.45,35.40,0.13413,-1,-1,-1
221,-1,417.34,569.07,48.16,49.30,0.11424,-1,-1,-1
221,-1,1640.42,430.87,60.14,163.63,0.11317,-1,-1,-1
221,-1,1512.29,447.91,61.84,194.86,0.10288,-1,-1,-1
221,-1,1003.92,519.50,47.73,192.92,0.09635,-1,-1,-1
221,-1,1.30,855.32,92.52,219.60,0.09128,-1,-1,-1
221,-1,970.14,517.66,49.09,87.26,0.09012,-1,-1,-1
221,-1,189.69,288.81,179.16,434.66,0.08780,-1,-1,-1
221,-1,1741.46,422.93,57.01,189.64,0.08037,-1,-1,-1
221,-1,1854.66,529.59,20.86,47.76,0.07882,-1,-1,-1
221,-1,181.81,518.02,139.99,427.02,0.07665,-1,-1,-1
221,-1,806.21,615.17,111.29,175.37,0.06832,-1,-1,-1
221,-1,414.93,532.31,47.83,116.53,0.06510,-1,-1,-1
221,-1,268.88,289.69,133.31,196.67,0.06250,-1,-1,-1
221,-1,140.09,570.35,88.32,279.15,0.05879,-1,-1,-1
221,-1,1676.51,448.06,29.62,87.15,0.05460,-1,-1,-1
221,-1,53.41,640.97,54.85,110.05,0.05022,-1,-1,-1
222,-1,1156.83,347.28,168.64,418.14,0.99924,-1,-1,-1
222,-1,176.28,290.46,387.90,685.41,0.99891,-1,-1,-1
222,-1,507.20,292.44,245.45,578.20,0.99869,-1,-1,-1
222,-1,1700.07,406.26,98.93,227.53,0.99756,-1,-1,-1
222,-1,706.39,270.77,180.20,588.96,0.99655,-1,-1,-1
222,-1,1036.01,415.11,109.41,340.52,0.99571,-1,-1,-1
222,-1,1479.84,435.34,93.02,259.09,0.99342,-1,-1,-1
222,-1,1619.61,426.19,117.06,223.64,0.99273,-1,-1,-1
222,-1,810.45,363.48,139.17,419.46,0.99091,-1,-1,-1
222,-1,1459.51,538.00,62.44,159.10,0.96420,-1,-1,-1
222,-1,201.60,307.73,81.65,102.67,0.95619,-1,-1,-1
222,-1,910.83,520.99,42.35,104.21,0.94249,-1,-1,-1
222,-1,131.09,547.38,134.08,376.73,0.91218,-1,-1,-1
222,-1,125.99,309.72,246.73,652.61,0.87950,-1,-1,-1
222,-1,34.72,199.56,270.04,711.57,0.79206,-1,-1,-1
222,-1,1277.84,361.60,61.70,110.50,0.68763,-1,-1,-1
222,-1,141.73,310.32,162.81,482.43,0.62034,-1,-1,-1
222,-1,828.12,373.64,68.19,253.79,0.43262,-1,-1,-1
222,-1,926.35,531.24,29.08,80.52,0.38326,-1,-1,-1
222,-1,1685.88,419.69,59.86,200.03,0.34693,-1,-1,-1
222,-1,275.74,287.46,101.29,118.09,0.29216,-1,-1,-1
222,-1,997.00,517.63,49.50,193.68,0.26549,-1,-1,-1
222,-1,1617.83,444.69,36.67,180.83,0.23911,-1,-1,-1
222,-1,1511.04,451.78,65.04,196.54,0.22959,-1,-1,-1
222,-1,138.68,531.10,339.23,446.80,0.21673,-1,-1,-1
222,-1,432.10,490.95,46.50,139.56,0.18865,-1,-1,-1
222,-1,831.22,371.95,38.77,84.37,0.17329,-1,-1,-1
222,-1,978.07,531.05,37.53,70.60,0.14532,-1,-1,-1
222,-1,434.81,491.45,37.21,77.01,0.13835,-1,-1,-1
222,-1,827.40,373.34,53.21,148.74,0.12764,-1,-1,-1
222,-1,1618.99,458.90,20.62,134.26,0.10510,-1,-1,-1
222,-1,0.78,169.02,79.46,385.28,0.09977,-1,-1,-1
222,-1,1647.90,431.53,58.55,157.48,0.09282,-1,-1,-1
222,-1,58.43,629.97,47.79,119.32,0.09244,-1,-1,-1
222,-1,658.44,408.74,35.84,72.76,0.09016,-1,-1,-1
222,-1,1835.86,502.53,29.30,69.84,0.08651,-1,-1,-1
222,-1,126.14,584.08,43.84,161.73,0.08596,-1,-1,-1
222,-1,1158.41,356.78,156.38,195.39,0.08383,-1,-1,-1
222,-1,204.04,463.37,165.47,465.84,0.08049,-1,-1,-1
222,-1,1677.70,442.95,22.78,59.34,0.07237,-1,-1,-1
222,-1,9.19,88.96,186.93,717.73,0.07176,-1,-1,-1
222,-1,810.69,619.76,67.05,150.99,0.06758,-1,-1,-1
222,-1,1.93,113.06,107.10,632.21,0.06586,-1,-1,-1
222,-1,1853.95,518.86,21.14,55.69,0.06388,-1,-1,-1
222,-1,229.94,297.40,585.36,587.15,0.06006,-1,-1,-1
222,-1,1664.27,432.36,32.48,71.03,0.05097,-1,-1,-1
223,-1,1169.43,355.32,148.99,406.76,0.99934,-1,-1,-1
223,-1,524.35,294.72,235.92,573.22,0.99932,-1,-1,-1
223,-1,167.72,296.38,420.91,684.61,0.99910,-1,-1,-1
223,-1,1047.68,411.45,102.07,343.89,0.99819,-1,-1,-1
223,-1,725.35,291.72,209.10,564.63,0.99626,-1,-1,-1
223,-1,1701.24,402.30,98.22,222.89,0.99606,-1,-1,-1
223,-1,820.82,369.00,156.39,419.38,0.99513,-1,-1,-1
223,-1,1482.57,434.45,88.33,256.08,0.99432,-1,-1,-1
223,-1,1621.29,427.29,116.39,222.53,0.99159,-1,-1,-1
223,-1,129.81,313.58,193.98,641.80,0.97892,-1,-1,-1
223,-1,1462.17,538.13,63.72,160.48,0.97777,-1,-1,-1
223,-1,40.16,170.57,243.39,733.11,0.89834,-1,-1,-1
223,-1,842.16,372.04,35.39,75.13,0.76123,-1,-1,-1
223,-1,213.30,309.47,83.96,180.79,0.61207,-1,-1,-1
223,-1,1280.40,362.52,58.35,109.77,0.61115,-1,-1,-1
223,-1,912.39,530.34,31.90,97.93,0.59168,-1,-1,-1
223,-1,1687.20,428.64,75.93,207.72,0.42478,-1,-1,-1
223,-1,1453.12,471.98,96.75,229.06,0.38139,-1,-1,-1
223,-1,924.92,531.74,28.99,87.71,0.30030,-1,-1,-1
223,-1,1160.64,426.14,42.85,223.55,0.22501,-1,-1,-1
223,-1,835.15,371.83,75.00,252.55,0.18193,-1,-1,-1
223,-1,1520.97,457.30,59.64,186.01,0.12106,-1,-1,-1
223,-1,973.55,537.22,38.54,64.49,0.11967,-1,-1,-1
223,-1,1615.55,442.48,29.79,157.43,0.11086,-1,-1,-1
223,-1,1619.76,452.03,47.61,177.24,0.10937,-1,-1,-1
223,-1,281.08,292.15,111.74,132.83,0.08144,-1,-1,-1
223,-1,995.74,510.56,52.23,194.31,0.06990,-1,-1,-1
223,-1,144.10,305.74,143.87,383.14,0.06560,-1,-1,-1
223,-1,1831.44,498.52,33.05,74.74,0.06427,-1,-1,-1
223,-1,239.38,301.20,597.16,592.92,0.05313,-1,-1,-1
224,-1,526.78,300.33,238.41,562.78,0.99924,-1,-1,-1
224,-1,1175.10,346.36,140.52,417.23,0.99913,-1,-1,-1
224,-1,1055.05,409.85,113.82,346.61,0.99874,-1,-1,-1
224,-1,737.57,283.10,260.73,574.71,0.99781,-1,-1,-1
224,-1,1708.38,395.43,93.38,238.53,0.99780,-1,-1,-1
224,-1,145.32,316.13,211.72,647.44,0.99776,-1,-1,-1
224,-1,220.15,294.70,353.62,680.49,0.99702,-1,-1,-1
224,-1,1622.51,425.97,118.90,224.91,0.99573,-1,-1,-1
224,-1,1482.89,433.44,93.20,250.94,0.99074,-1,-1,-1
224,-1,1465.39,539.18,64.65,160.48,0.98670,-1,-1,-1
224,-1,843.53,363.35,142.27,400.94,0.90806,-1,-1,-1
224,-1,862.02,379.78,25.52,54.11,0.73028,-1,-1,-1
224,-1,1282.17,361.97,57.86,110.80,0.60741,-1,-1,-1
224,-1,859.95,375.39,80.58,248.13,0.52490,-1,-1,-1
224,-1,1685.33,423.29,63.68,211.32,0.38554,-1,-1,-1
224,-1,1531.56,456.56,50.96,187.37,0.25479,-1,-1,-1
224,-1,1164.34,465.67,45.18,187.90,0.24659,-1,-1,-1
224,-1,1.64,220.95,147.68,566.90,0.21409,-1,-1,-1
224,-1,50.27,576.01,60.77,172.30,0.21334,-1,-1,-1
224,-1,857.35,526.40,152.17,241.80,0.16878,-1,-1,-1
224,-1,165.75,526.01,330.74,438.46,0.15366,-1,-1,-1
224,-1,126.32,567.33,58.36,174.99,0.14357,-1,-1,-1
224,-1,174.87,302.94,675.35,620.64,0.14218,-1,-1,-1
224,-1,378.98,300.98,301.96,616.35,0.12256,-1,-1,-1
224,-1,934.00,537.41,27.53,74.99,0.10773,-1,-1,-1
224,-1,1618.08,441.67,30.77,155.62,0.08813,-1,-1,-1
224,-1,1754.65,457.28,48.13,163.93,0.08768,-1,-1,-1
224,-1,747.71,519.71,186.48,348.08,0.08711,-1,-1,-1
224,-1,909.52,535.19,50.73,87.77,0.08638,-1,-1,-1
224,-1,805.88,318.21,158.93,336.41,0.05220,-1,-1,-1
225,-1,743.99,276.54,262.49,581.79,0.99899,-1,-1,-1
225,-1,1176.77,347.88,151.03,415.55,0.99876,-1,-1,-1
225,-1,538.55,300.96,224.02,557.70,0.99873,-1,-1,-1
225,-1,1063.84,408.33,117.43,348.02,0.99840,-1,-1,-1
225,-1,148.88,312.91,298.46,668.01,0.99779,-1,-1,-1
225,-1,263.01,297.46,307.73,658.94,0.99751,-1,-1,-1
225,-1,1712.01,400.38,90.90,237.25,0.99666,-1,-1,-1
225,-1,1624.64,425.70,115.20,223.08,0.99609,-1,-1,-1
225,-1,1487.14,431.53,92.31,256.61,0.99523,-1,-1,-1
225,-1,1467.22,539.58,62.45,159.48,0.98621,-1,-1,-1
225,-1,0.00,341.16,117.32,428.61,0.82598,-1,-1,-1
225,-1,860.19,506.67,156.91,258.28,0.80312,-1,-1,-1
225,-1,1283.77,362.21,56.53,110.69,0.52437,-1,-1,-1
225,-1,1682.49,429.53,59.72,202.47,0.35651,-1,-1,-1
225,-1,1756.62,446.03,47.29,184.23,0.32537,-1,-1,-1
225,-1,1533.74,462.75,51.32,189.01,0.29360,-1,-1,-1
225,-1,875.76,388.52,20.03,41.67,0.28443,-1,-1,-1
225,-1,1163.98,442.93,46.02,208.58,0.21414,-1,-1,-1
225,-1,34.69,534.85,77.24,211.99,0.19395,-1,-1,-1
225,-1,979.97,522.29,30.27,76.75,0.16491,-1,-1,-1
225,-1,779.29,423.48,179.70,398.26,0.14495,-1,-1,-1
225,-1,934.06,544.43,26.15,62.49,0.13629,-1,-1,-1
225,-1,921.47,541.24,50.01,76.16,0.09670,-1,-1,-1
225,-1,1617.35,432.87,32.16,163.65,0.07567,-1,-1,-1
225,-1,949.01,550.25,18.33,53.92,0.06520,-1,-1,-1
225,-1,1625.98,452.82,52.79,167.09,0.06060,-1,-1,-1
225,-1,871.10,384.85,38.20,221.99,0.05602,-1,-1,-1
225,-1,192.85,322.64,156.75,517.56,0.05408,-1,-1,-1
226,-1,747.89,274.79,275.68,580.63,0.99939,-1,-1,-1
226,-1,1197.27,353.01,153.84,406.27,0.99920,-1,-1,-1
226,-1,558.16,297.13,205.16,559.40,0.99919,-1,-1,-1
226,-1,146.77,306.85,318.39,654.56,0.99895,-1,-1,-1
226,-1,1072.07,410.87,129.16,344.73,0.99847,-1,-1,-1
226,-1,331.82,295.89,231.95,650.86,0.99792,-1,-1,-1
226,-1,1718.26,404.56,86.82,227.14,0.99633,-1,-1,-1
226,-1,1634.05,425.37,106.03,220.53,0.99585,-1,-1,-1
226,-1,1492.74,433.87,92.20,249.26,0.99535,-1,-1,-1
226,-1,1471.84,540.86,66.69,161.61,0.98458,-1,-1,-1
226,-1,1480.12,494.59,82.22,199.51,0.88656,-1,-1,-1
226,-1,1680.67,413.31,95.97,226.58,0.88389,-1,-1,-1
226,-1,834.55,420.97,184.33,358.75,0.80199,-1,-1,-1
226,-1,1165.22,439.25,46.30,218.64,0.73374,-1,-1,-1
226,-1,127.24,525.42,70.31,220.45,0.53912,-1,-1,-1
226,-1,1536.37,461.72,53.89,197.32,0.44795,-1,-1,-1
226,-1,1757.62,423.63,49.73,203.43,0.39279,-1,-1,-1
226,-1,751.90,549.76,232.05,258.98,0.37999,-1,-1,-1
226,-1,1288.20,360.37,51.40,113.50,0.31345,-1,-1,-1
226,-1,1121.46,418.48,89.88,259.61,0.26522,-1,-1,-1
226,-1,1.32,482.67,112.91,270.49,0.25358,-1,-1,-1
226,-1,1175.66,440.85,24.41,50.48,0.24783,-1,-1,-1
226,-1,77.85,298.92,621.57,607.24,0.17949,-1,-1,-1
226,-1,34.61,544.01,72.88,207.12,0.14620,-1,-1,-1
226,-1,1633.71,457.06,55.68,169.41,0.12032,-1,-1,-1
226,-1,937.66,535.60,23.35,71.36,0.11204,-1,-1,-1
226,-1,1163.57,498.70,32.94,144.58,0.07087,-1,-1,-1
226,-1,99.17,453.10,104.35,299.91,0.06720,-1,-1,-1
226,-1,1892.88,443.86,18.85,28.84,0.05241,-1,-1,-1
226,-1,925.20,531.47,52.46,79.02,0.05175,-1,-1,-1
227,-1,750.42,277.51,272.99,581.20,0.99935,-1,-1,-1
227,-1,155.16,314.34,310.70,632.95,0.99904,-1,-1,-1
227,-1,573.97,306.30,199.11,549.20,0.99897,-1,-1,-1
227,-1,1201.01,356.02,153.66,401.36,0.99869,-1,-1,-1
227,-1,1078.32,408.71,135.54,347.66,0.99854,-1,-1,-1
227,-1,350.89,291.52,233.36,664.85,0.99820,-1,-1,-1
227,-1,1648.70,425.61,95.69,222.19,0.99568,-1,-1,-1
227,-1,1720.66,408.28,86.33,218.45,0.99423,-1,-1,-1
227,-1,1497.44,433.45,91.65,255.95,0.99342,-1,-1,-1
227,-1,1475.08,540.58,67.25,163.84,0.99221,-1,-1,-1
227,-1,1176.47,439.98,39.62,211.36,0.86052,-1,-1,-1
227,-1,1692.06,421.89,71.37,221.97,0.84986,-1,-1,-1
227,-1,897.08,488.46,120.17,290.71,0.79331,-1,-1,-1
227,-1,129.40,534.37,68.58,209.91,0.62297,-1,-1,-1
227,-1,1535.04,463.13,57.49,216.09,0.60864,-1,-1,-1
227,-1,0.97,451.25,104.90,336.52,0.49685,-1,-1,-1
227,-1,241.91,323.24,155.08,520.64,0.42250,-1,-1,-1
227,-1,1761.25,463.57,51.84,161.40,0.38975,-1,-1,-1
227,-1,845.57,384.68,162.52,407.60,0.34956,-1,-1,-1
227,-1,1178.63,439.89,26.08,58.38,0.32766,-1,-1,-1
227,-1,576.44,389.31,38.68,121.06,0.32586,-1,-1,-1
227,-1,791.84,508.73,196.66,330.22,0.32372,-1,-1,-1
227,-1,32.02,535.72,75.71,216.62,0.30224,-1,-1,-1
227,-1,1289.20,362.34,49.52,111.87,0.28270,-1,-1,-1
227,-1,1156.45,442.51,48.87,211.21,0.23264,-1,-1,-1
227,-1,2.30,442.45,53.82,70.58,0.16041,-1,-1,-1
227,-1,1137.74,403.55,80.07,285.40,0.11963,-1,-1,-1
227,-1,1643.36,453.74,49.60,171.45,0.11407,-1,-1,-1
227,-1,101.45,451.85,102.47,306.20,0.10874,-1,-1,-1
227,-1,1851.16,514.92,23.96,59.43,0.08149,-1,-1,-1
227,-1,1121.22,432.12,72.66,216.60,0.07615,-1,-1,-1
227,-1,50.42,507.33,121.78,298.88,0.06413,-1,-1,-1
227,-1,143.07,293.90,601.53,642.46,0.05736,-1,-1,-1
227,-1,1171.54,442.39,29.14,81.75,0.05690,-1,-1,-1
227,-1,1173.26,437.84,24.29,45.45,0.05480,-1,-1,-1
228,-1,756.19,275.69,267.59,585.68,0.99930,-1,-1,-1
228,-1,600.54,298.66,173.33,552.83,0.99923,-1,-1,-1
228,-1,368.15,292.57,223.67,664.84,0.99908,-1,-1,-1
228,-1,166.30,316.54,309.78,618.44,0.99901,-1,-1,-1
228,-1,1203.28,363.29,154.43,392.47,0.99830,-1,-1,-1
228,-1,1084.47,410.32,133.27,347.33,0.99800,-1,-1,-1
228,-1,1659.88,422.51,100.76,223.82,0.99405,-1,-1,-1
228,-1,1726.82,409.29,83.76,210.41,0.99258,-1,-1,-1
228,-1,1509.86,435.88,82.91,253.94,0.99068,-1,-1,-1
228,-1,1479.01,541.79,64.32,160.90,0.99035,-1,-1,-1
228,-1,907.58,486.93,111.92,294.07,0.89894,-1,-1,-1
228,-1,1169.79,437.33,47.71,217.94,0.85470,-1,-1,-1
228,-1,1702.59,423.09,72.22,217.06,0.75284,-1,-1,-1
228,-1,129.80,508.62,76.77,236.69,0.68709,-1,-1,-1
228,-1,574.96,392.52,43.59,111.86,0.50373,-1,-1,-1
228,-1,1759.02,446.93,55.91,174.65,0.42257,-1,-1,-1
228,-1,857.36,429.99,151.54,387.92,0.39559,-1,-1,-1
228,-1,6.78,485.32,103.93,276.80,0.33022,-1,-1,-1
228,-1,255.17,320.40,161.14,511.69,0.27858,-1,-1,-1
228,-1,1492.67,434.13,66.02,230.37,0.27759,-1,-1,-1
228,-1,1288.78,362.03,52.48,115.74,0.26709,-1,-1,-1
228,-1,49.80,519.80,61.84,231.38,0.16363,-1,-1,-1
228,-1,1178.11,439.27,29.45,59.90,0.15465,-1,-1,-1
228,-1,1653.91,446.72,68.31,178.31,0.08474,-1,-1,-1
228,-1,1144.91,437.03,60.77,213.60,0.07698,-1,-1,-1
228,-1,41.14,499.14,118.86,299.01,0.07453,-1,-1,-1
228,-1,1176.05,443.18,33.75,143.84,0.06864,-1,-1,-1
228,-1,4.61,440.18,62.25,66.36,0.06754,-1,-1,-1
228,-1,1827.71,447.48,49.88,123.69,0.06728,-1,-1,-1
228,-1,1852.36,515.97,23.08,57.74,0.06017,-1,-1,-1
228,-1,737.24,408.02,32.10,84.87,0.06002,-1,-1,-1
228,-1,960.65,526.70,62.82,189.68,0.05976,-1,-1,-1
228,-1,1900.90,517.17,19.10,42.44,0.05471,-1,-1,-1
229,-1,404.54,282.36,210.18,669.39,0.99949,-1,-1,-1
229,-1,767.24,275.62,254.08,578.47,0.99941,-1,-1,-1
229,-1,631.20,297.77,176.19,555.51,0.99924,-1,-1,-1
229,-1,217.37,316.10,262.75,595.26,0.99879,-1,-1,-1
229,-1,1089.05,415.19,136.01,338.38,0.99868,-1,-1,-1
229,-1,1206.70,357.44,153.93,398.51,0.99790,-1,-1,-1
229,-1,1672.10,424.42,86.90,220.46,0.99771,-1,-1,-1
229,-1,1731.94,409.41,87.95,212.71,0.99600,-1,-1,-1
229,-1,1502.46,433.05,102.03,266.26,0.99502,-1,-1,-1
229,-1,1485.28,540.63,60.29,164.50,0.98798,-1,-1,-1
229,-1,1175.26,436.01,49.12,210.69,0.94051,-1,-1,-1
229,-1,1493.64,456.08,68.97,235.41,0.93305,-1,-1,-1
229,-1,573.86,400.25,46.09,112.16,0.70804,-1,-1,-1
229,-1,131.72,540.65,67.62,204.16,0.65003,-1,-1,-1
229,-1,926.21,521.42,83.06,246.79,0.54895,-1,-1,-1
229,-1,9.35,446.61,101.43,327.52,0.43409,-1,-1,-1
229,-1,1728.64,433.60,51.91,192.28,0.35414,-1,-1,-1
229,-1,1279.75,364.87,71.97,319.90,0.30859,-1,-1,-1
229,-1,1179.45,439.11,37.71,124.99,0.26267,-1,-1,-1
229,-1,45.33,508.53,65.95,244.05,0.25871,-1,-1,-1
229,-1,1181.29,436.04,37.57,59.25,0.21402,-1,-1,-1
229,-1,19.78,441.05,66.17,59.64,0.20838,-1,-1,-1
229,-1,165.86,306.24,510.36,613.40,0.18098,-1,-1,-1
229,-1,823.52,583.03,29.51,49.57,0.17242,-1,-1,-1
229,-1,963.07,517.14,66.85,202.40,0.15059,-1,-1,-1
229,-1,244.17,521.03,45.34,59.04,0.13983,-1,-1,-1
229,-1,110.94,451.86,101.56,296.33,0.12494,-1,-1,-1
229,-1,1289.23,364.16,56.41,155.22,0.09658,-1,-1,-1
229,-1,1892.40,443.95,18.99,34.68,0.06863,-1,-1,-1
229,-1,1889.27,443.15,29.76,126.58,0.06365,-1,-1,-1
229,-1,1902.19,517.33,17.80,16.28,0.05828,-1,-1,-1
229,-1,1731.85,408.81,71.16,129.95,0.05447,-1,-1,-1
229,-1,902.48,362.22,125.21,400.51,0.05184,-1,-1,-1
229,-1,1301.33,368.87,52.23,216.40,0.05146,-1,-1,-1
229,-1,43.48,484.46,115.13,326.38,0.05138,-1,-1,-1
229,-1,1900.83,517.34,19.17,41.72,0.05004,-1,-1,-1
230,-1,418.82,288.75,211.52,665.53,0.99943,-1,-1,-1
230,-1,783.10,279.64,246.56,572.07,0.99932,-1,-1,-1
230,-1,248.07,311.88,232.59,583.16,0.99907,-1,-1,-1
230,-1,1089.16,419.60,138.50,333.04,0.99876,-1,-1,-1
230,-1,641.83,294.33,180.37,558.78,0.99870,-1,-1,-1
230,-1,1209.70,355.13,153.52,400.23,0.99820,-1,-1,-1
230,-1,1509.23,435.73,102.82,263.63,0.99627,-1,-1,-1
230,-1,1738.16,412.54,85.18,210.56,0.99626,-1,-1,-1
230,-1,1682.45,423.53,76.04,220.13,0.99505,-1,-1,-1
230,-1,1488.81,540.18,61.43,162.24,0.98989,-1,-1,-1
230,-1,1178.88,437.94,45.54,213.14,0.91505,-1,-1,-1
230,-1,575.54,401.36,43.72,110.11,0.89935,-1,-1,-1
230,-1,1494.85,437.27,70.62,257.92,0.86369,-1,-1,-1
230,-1,1705.88,416.07,79.68,228.88,0.74088,-1,-1,-1
230,-1,130.76,539.61,68.74,204.05,0.70840,-1,-1,-1
230,-1,939.49,513.08,59.66,256.34,0.45246,-1,-1,-1
230,-1,6.28,460.58,112.23,310.68,0.24740,-1,-1,-1
230,-1,1181.86,438.53,40.65,112.09,0.15159,-1,-1,-1
230,-1,1736.94,407.47,23.54,63.03,0.13675,-1,-1,-1
230,-1,922.30,365.56,106.45,385.58,0.12858,-1,-1,-1
230,-1,840.02,581.29,20.10,33.50,0.12480,-1,-1,-1
230,-1,323.17,314.19,123.18,496.53,0.12182,-1,-1,-1
230,-1,1181.91,436.55,36.23,55.64,0.12096,-1,-1,-1
230,-1,1745.36,411.99,63.23,121.65,0.09752,-1,-1,-1
230,-1,909.90,293.51,43.44,125.53,0.09635,-1,-1,-1
230,-1,29.01,534.38,79.01,220.03,0.09476,-1,-1,-1
230,-1,1900.40,515.95,19.60,43.43,0.07746,-1,-1,-1
230,-1,757.06,404.13,38.26,168.37,0.07444,-1,-1,-1
230,-1,1902.21,517.16,17.79,17.43,0.07364,-1,-1,-1
230,-1,584.22,421.37,38.45,147.20,0.06999,-1,-1,-1
230,-1,1291.01,360.05,57.51,243.60,0.06459,-1,-1,-1
230,-1,83.49,500.50,113.63,281.55,0.05805,-1,-1,-1
230,-1,191.47,301.81,527.28,614.92,0.05343,-1,-1,-1
230,-1,1710.07,422.02,30.31,39.85,0.05180,-1,-1,-1
231,-1,448.23,284.13,219.90,679.13,0.99963,-1,-1,-1
231,-1,808.50,279.72,216.77,565.90,0.99956,-1,-1,-1
231,-1,660.98,302.15,165.66,533.51,0.99951,-1,-1,-1
231,-1,312.80,311.94,172.25,589.34,0.99919,-1,-1,-1
231,-1,1220.48,356.11,138.68,394.86,0.99814,-1,-1,-1
231,-1,1518.18,433.00,103.53,266.10,0.99800,-1,-1,-1
231,-1,1093.24,427.87,140.28,327.35,0.99708,-1,-1,-1
231,-1,1691.55,423.68,70.27,221.05,0.99647,-1,-1,-1
231,-1,1744.77,413.94,80.60,210.00,0.99555,-1,-1,-1
231,-1,1494.01,538.99,59.98,164.15,0.98340,-1,-1,-1
231,-1,1183.68,438.24,51.66,211.86,0.82110,-1,-1,-1
231,-1,128.05,529.91,70.26,214.80,0.78716,-1,-1,-1
231,-1,1506.35,441.46,68.32,227.12,0.65691,-1,-1,-1
231,-1,3.94,463.84,110.71,312.73,0.52393,-1,-1,-1
231,-1,954.75,520.41,56.52,242.63,0.30489,-1,-1,-1
231,-1,1200.69,445.99,51.36,200.16,0.29715,-1,-1,-1
231,-1,1711.93,416.80,84.05,227.03,0.27112,-1,-1,-1
231,-1,1501.51,434.46,61.43,141.07,0.25502,-1,-1,-1
231,-1,46.48,437.98,57.91,68.27,0.23989,-1,-1,-1
231,-1,244.21,517.32,51.55,59.70,0.23985,-1,-1,-1
231,-1,1181.85,437.92,48.59,115.17,0.20724,-1,-1,-1
231,-1,1812.69,470.43,27.11,104.48,0.13597,-1,-1,-1
231,-1,1902.45,517.65,17.55,16.51,0.11859,-1,-1,-1
231,-1,1892.31,444.23,19.51,32.27,0.11682,-1,-1,-1
231,-1,97.30,438.15,104.55,317.44,0.11634,-1,-1,-1
231,-1,1744.05,417.71,56.90,133.95,0.11481,-1,-1,-1
231,-1,1516.26,429.48,62.69,84.14,0.10651,-1,-1,-1
231,-1,1900.51,517.19,19.49,41.34,0.10444,-1,-1,-1
231,-1,1164.73,442.27,61.14,260.82,0.10065,-1,-1,-1
231,-1,772.44,399.53,36.24,208.10,0.08345,-1,-1,-1
231,-1,26.17,475.48,158.23,321.75,0.08315,-1,-1,-1
231,-1,1888.76,444.42,25.28,95.87,0.08242,-1,-1,-1
231,-1,1740.82,438.11,17.24,49.44,0.07495,-1,-1,-1
231,-1,1741.83,433.29,28.28,108.87,0.07446,-1,-1,-1
231,-1,1785.33,418.73,51.81,200.03,0.07136,-1,-1,-1
231,-1,982.89,501.61,48.57,217.55,0.06866,-1,-1,-1
231,-1,40.30,518.12,72.12,233.20,0.05793,-1,-1,-1
231,-1,1735.36,426.18,46.68,168.42,0.05642,-1,-1,-1
232,-1,454.56,289.46,238.79,663.29,0.99976,-1,-1,-1
232,-1,831.61,276.39,194.49,570.00,0.99972,-1,-1,-1
232,-1,667.82,303.58,171.66,541.21,0.99912,-1,-1,-1
232,-1,350.27,307.23,146.56,589.65,0.99902,-1,-1,-1
232,-1,1226.59,357.52,131.22,395.00,0.99794,-1,-1,-1
232,-1,1517.24,433.74,102.63,267.02,0.99767,-1,-1,-1
232,-1,1695.12,418.37,70.63,226.38,0.99712,-1,-1,-1
232,-1,1109.49,427.11,126.05,317.21,0.99706,-1,-1,-1
232,-1,1748.91,413.04,76.83,212.49,0.99440,-1,-1,-1
232,-1,1499.50,537.73,60.25,165.11,0.98657,-1,-1,-1
232,-1,125.11,536.56,72.51,207.51,0.80414,-1,-1,-1
232,-1,1500.79,475.63,85.18,223.98,0.53861,-1,-1,-1
232,-1,1186.98,439.10,48.22,207.86,0.53521,-1,-1,-1
232,-1,57.26,437.93,63.12,66.98,0.51032,-1,-1,-1
232,-1,1183.80,437.21,50.27,104.58,0.35747,-1,-1,-1
232,-1,1507.29,433.61,59.46,130.50,0.28643,-1,-1,-1
232,-1,1821.21,473.14,20.10,94.50,0.28155,-1,-1,-1
232,-1,783.79,408.52,31.66,58.54,0.27628,-1,-1,-1
232,-1,1207.43,462.09,50.61,185.06,0.17318,-1,-1,-1
232,-1,14.07,449.98,106.30,314.89,0.16801,-1,-1,-1
232,-1,245.53,521.18,45.72,56.78,0.13295,-1,-1,-1
232,-1,1902.76,517.06,17.24,17.22,0.11707,-1,-1,-1
232,-1,1900.39,517.12,19.61,40.95,0.10245,-1,-1,-1
232,-1,1893.69,444.21,17.68,26.98,0.08759,-1,-1,-1
232,-1,94.30,446.98,106.73,320.86,0.07337,-1,-1,-1
232,-1,1519.86,435.60,63.34,171.49,0.07242,-1,-1,-1
232,-1,1853.27,523.07,21.97,51.55,0.06754,-1,-1,-1
232,-1,30.60,476.07,154.67,329.05,0.05702,-1,-1,-1
232,-1,1822.36,437.09,55.20,139.75,0.05333,-1,-1,-1
233,-1,860.25,277.73,169.46,566.41,0.99974,-1,-1,-1
233,-1,459.53,304.24,256.36,635.65,0.99968,-1,-1,-1
233,-1,681.31,301.71,171.89,532.77,0.99898,-1,-1,-1
233,-1,1234.73,356.47,126.92,391.82,0.99869,-1,-1,-1
233,-1,369.18,310.10,142.72,582.94,0.99842,-1,-1,-1
233,-1,1116.51,425.71,122.86,316.22,0.99742,-1,-1,-1
233,-1,1698.83,418.62,69.21,226.33,0.99729,-1,-1,-1
233,-1,1519.61,432.03,101.35,268.96,0.99694,-1,-1,-1
233,-1,1753.82,412.91,74.67,216.55,0.99620,-1,-1,-1
233,-1,1502.38,536.79,61.20,169.53,0.98632,-1,-1,-1
233,-1,124.54,531.91,73.53,214.46,0.80861,-1,-1,-1
233,-1,66.61,439.18,67.17,67.54,0.63427,-1,-1,-1
233,-1,1190.97,433.84,52.75,216.05,0.58880,-1,-1,-1
233,-1,1510.49,433.15,74.86,168.14,0.35784,-1,-1,-1
233,-1,1208.11,454.84,55.18,193.56,0.31980,-1,-1,-1
233,-1,1892.87,444.07,18.29,23.51,0.28048,-1,-1,-1
233,-1,51.66,455.49,119.41,328.22,0.21872,-1,-1,-1
233,-1,1188.80,433.80,47.16,100.47,0.21355,-1,-1,-1
233,-1,1890.10,441.71,28.88,124.33,0.18440,-1,-1,-1
233,-1,18.26,447.83,107.98,318.15,0.17571,-1,-1,-1
233,-1,99.90,455.33,99.97,326.74,0.16317,-1,-1,-1
233,-1,245.68,518.67,47.80,60.13,0.15343,-1,-1,-1
233,-1,1891.01,443.75,19.59,45.31,0.13420,-1,-1,-1
233,-1,1900.12,516.49,19.88,43.43,0.11433,-1,-1,-1
233,-1,1516.63,430.28,69.06,75.00,0.11025,-1,-1,-1
233,-1,1823.47,474.83,17.32,72.38,0.09481,-1,-1,-1
233,-1,1823.48,448.30,51.40,128.14,0.06438,-1,-1,-1
233,-1,1692.34,423.47,44.70,179.40,0.06356,-1,-1,-1
233,-1,1683.64,445.17,37.93,141.41,0.05241,-1,-1,-1
234,-1,877.70,273.64,154.11,551.23,0.99960,-1,-1,-1
234,-1,476.65,302.34,261.14,635.71,0.99958,-1,-1,-1
234,-1,1245.65,361.36,130.98,391.68,0.99891,-1,-1,-1
234,-1,690.52,301.08,209.88,534.56,0.99838,-1,-1,-1
234,-1,1700.80,416.33,93.50,229.20,0.99825,-1,-1,-1
234,-1,392.11,313.56,148.57,597.34,0.99771,-1,-1,-1
234,-1,1137.90,417.92,109.32,325.09,0.99662,-1,-1,-1
234,-1,1761.14,413.50,74.63,211.79,0.99659,-1,-1,-1
234,-1,1519.54,427.06,100.51,270.99,0.99646,-1,-1,-1
234,-1,1507.61,530.34,75.12,170.31,0.96481,-1,-1,-1
234,-1,117.21,521.65,84.74,223.14,0.93127,-1,-1,-1
234,-1,29.68,502.46,80.17,250.25,0.49515,-1,-1,-1
234,-1,1212.79,481.16,53.85,172.05,0.44518,-1,-1,-1
234,-1,34.30,463.47,76.07,169.00,0.42387,-1,-1,-1
234,-1,1196.13,435.37,49.31,95.23,0.40380,-1,-1,-1
234,-1,1690.88,462.44,29.84,123.13,0.36663,-1,-1,-1
234,-1,1189.10,432.50,71.29,229.03,0.30406,-1,-1,-1
234,-1,1892.11,444.16,18.88,33.07,0.23851,-1,-1,-1
234,-1,1888.39,443.46,25.88,99.81,0.22501,-1,-1,-1
234,-1,84.55,437.84,65.36,73.56,0.22089,-1,-1,-1
234,-1,52.58,505.75,116.89,288.00,0.21477,-1,-1,-1
234,-1,245.43,519.23,48.77,60.20,0.19515,-1,-1,-1
234,-1,1730.90,417.90,25.56,37.92,0.13565,-1,-1,-1
234,-1,1797.86,415.51,48.02,188.10,0.08535,-1,-1,-1
234,-1,1900.39,516.66,19.61,43.64,0.08236,-1,-1,-1
234,-1,5.58,515.78,69.10,250.12,0.07966,-1,-1,-1
234,-1,3.08,504.65,75.79,136.52,0.07454,-1,-1,-1
234,-1,1824.42,445.65,50.28,128.95,0.06363,-1,-1,-1
234,-1,100.34,513.97,69.00,238.52,0.05996,-1,-1,-1
235,-1,887.05,273.86,150.64,562.23,0.99955,-1,-1,-1
235,-1,1245.78,357.24,142.51,392.52,0.99930,-1,-1,-1
235,-1,485.30,316.83,267.08,610.73,0.99930,-1,-1,-1
235,-1,696.35,313.16,231.78,527.29,0.99884,-1,-1,-1
235,-1,1703.81,417.77,99.35,226.12,0.99870,-1,-1,-1
235,-1,400.08,317.72,159.92,581.09,0.99758,-1,-1,-1
235,-1,1763.63,409.82,76.10,215.59,0.99715,-1,-1,-1
235,-1,1521.77,425.80,99.04,270.66,0.99698,-1,-1,-1
235,-1,1146.47,422.45,106.87,319.59,0.99617,-1,-1,-1
235,-1,1508.79,512.83,91.79,191.39,0.97001,-1,-1,-1
235,-1,121.14,532.95,78.05,211.16,0.96012,-1,-1,-1
235,-1,1691.35,465.75,30.89,119.24,0.73205,-1,-1,-1
235,-1,1210.10,443.35,55.12,216.10,0.72086,-1,-1,-1
235,-1,21.89,490.39,90.00,211.79,0.55222,-1,-1,-1
235,-1,1892.18,443.90,19.07,32.18,0.41068,-1,-1,-1
235,-1,1888.24,444.18,27.08,97.06,0.28783,-1,-1,-1
235,-1,245.51,519.03,49.46,60.62,0.28513,-1,-1,-1
235,-1,67.92,524.68,123.73,237.55,0.28007,-1,-1,-1
235,-1,1733.05,419.86,23.24,32.31,0.20302,-1,-1,-1
235,-1,97.98,437.64,58.37,95.09,0.19769,-1,-1,-1
235,-1,1515.81,432.03,73.93,190.09,0.17982,-1,-1,-1
235,-1,47.07,536.62,65.70,209.30,0.16999,-1,-1,-1
235,-1,1762.98,411.50,45.29,155.24,0.14047,-1,-1,-1
235,-1,1695.20,423.86,49.83,168.96,0.12958,-1,-1,-1
235,-1,816.11,406.59,49.93,224.23,0.12156,-1,-1,-1
235,-1,1796.06,413.63,53.10,162.45,0.08857,-1,-1,-1
235,-1,1834.96,452.55,44.83,116.10,0.08124,-1,-1,-1
235,-1,82.45,540.23,49.10,205.54,0.05442,-1,-1,-1
235,-1,423.53,299.00,550.35,581.07,0.05322,-1,-1,-1
235,-1,170.78,536.34,40.17,45.29,0.05086,-1,-1,-1
236,-1,903.40,274.86,174.81,558.45,0.99938,-1,-1,-1
236,-1,1253.71,360.52,159.67,389.04,0.99933,-1,-1,-1
236,-1,505.87,317.10,262.86,607.58,0.99915,-1,-1,-1
236,-1,1707.83,421.75,104.35,223.22,0.99833,-1,-1,-1
236,-1,406.24,320.88,186.84,601.53,0.99817,-1,-1,-1
236,-1,699.36,315.87,247.07,528.67,0.99803,-1,-1,-1
236,-1,1153.71,424.70,106.21,315.43,0.99606,-1,-1,-1
236,-1,1528.83,430.48,93.99,263.81,0.99400,-1,-1,-1
236,-1,1768.13,409.70,72.99,219.72,0.99350,-1,-1,-1
236,-1,113.45,513.77,87.95,229.98,0.97829,-1,-1,-1
236,-1,1509.35,534.67,93.05,172.71,0.96657,-1,-1,-1
236,-1,1208.50,441.63,60.13,216.11,0.92735,-1,-1,-1
236,-1,1692.76,469.79,36.58,114.43,0.87039,-1,-1,-1
236,-1,26.78,494.67,84.27,217.64,0.72706,-1,-1,-1
236,-1,829.97,412.72,69.28,239.25,0.69189,-1,-1,-1
236,-1,886.52,394.18,41.92,252.24,0.64689,-1,-1,-1
236,-1,113.16,447.58,52.87,54.60,0.48351,-1,-1,-1
236,-1,1892.74,444.00,18.55,32.20,0.35556,-1,-1,-1
236,-1,1888.41,443.20,27.43,101.33,0.31507,-1,-1,-1
236,-1,831.61,412.14,33.60,74.50,0.29301,-1,-1,-1
236,-1,110.59,456.13,66.45,90.74,0.28587,-1,-1,-1
236,-1,877.68,323.66,74.28,359.20,0.21820,-1,-1,-1
236,-1,245.75,517.38,48.96,60.00,0.20688,-1,-1,-1
236,-1,816.44,382.28,113.12,317.77,0.19815,-1,-1,-1
236,-1,67.44,510.40,121.33,293.92,0.19228,-1,-1,-1
236,-1,861.06,426.00,62.38,231.81,0.14933,-1,-1,-1
236,-1,5.11,502.49,79.17,162.90,0.14668,-1,-1,-1
236,-1,1738.04,406.52,22.85,44.15,0.14162,-1,-1,-1
236,-1,1715.31,424.83,58.00,180.79,0.13996,-1,-1,-1
236,-1,1761.11,410.03,63.17,141.16,0.08955,-1,-1,-1
236,-1,1833.40,438.93,43.78,131.04,0.08484,-1,-1,-1
236,-1,1516.76,434.73,60.69,154.52,0.07069,-1,-1,-1
236,-1,403.05,307.98,622.55,561.65,0.05834,-1,-1,-1
236,-1,1766.29,410.10,37.26,98.45,0.05611,-1,-1,-1
236,-1,900.22,369.76,22.04,46.13,0.05604,-1,-1,-1
237,-1,1258.91,359.58,160.37,384.62,0.99924,-1,-1,-1
237,-1,527.92,318.17,246.08,605.29,0.99922,-1,-1,-1
237,-1,1712.49,419.82,107.67,223.25,0.99861,-1,-1,-1
237,-1,707.93,320.47,242.33,519.74,0.99833,-1,-1,-1
237,-1,405.79,324.49,210.91,600.87,0.99832,-1,-1,-1
237,-1,915.17,287.48,204.37,544.54,0.99830,-1,-1,-1
237,-1,1534.75,428.25,87.72,256.54,0.99633,-1,-1,-1
237,-1,1768.31,407.91,80.51,206.60,0.99310,-1,-1,-1
237,-1,1163.42,425.58,97.21,312.39,0.99276,-1,-1,-1
237,-1,120.86,533.76,76.65,209.52,0.97442,-1,-1,-1
237,-1,1508.72,515.78,98.67,187.59,0.96206,-1,-1,-1
237,-1,1692.68,471.18,37.56,113.00,0.94150,-1,-1,-1
237,-1,1205.53,437.75,62.68,232.02,0.88087,-1,-1,-1
237,-1,893.96,366.10,48.16,348.38,0.73258,-1,-1,-1
237,-1,42.36,489.48,71.21,267.81,0.54939,-1,-1,-1
237,-1,1892.71,443.99,18.33,31.40,0.48699,-1,-1,-1
237,-1,609.42,321.35,223.90,520.84,0.45467,-1,-1,-1
237,-1,124.16,461.11,36.55,45.03,0.44452,-1,-1,-1
237,-1,49.40,501.15,59.86,135.90,0.43915,-1,-1,-1
237,-1,72.16,527.40,116.71,230.08,0.37274,-1,-1,-1
237,-1,888.40,420.84,38.85,228.56,0.36767,-1,-1,-1
237,-1,26.19,502.74,72.45,165.96,0.33300,-1,-1,-1
237,-1,246.70,517.51,62.40,62.16,0.27904,-1,-1,-1
237,-1,118.26,454.07,67.04,83.82,0.27786,-1,-1,-1
237,-1,4.87,505.22,88.60,251.43,0.27500,-1,-1,-1
237,-1,1739.10,410.94,23.67,42.83,0.24902,-1,-1,-1
237,-1,1888.39,442.75,27.08,102.55,0.22805,-1,-1,-1
237,-1,844.09,415.16,54.46,229.32,0.22404,-1,-1,-1
237,-1,1.81,517.48,67.58,143.98,0.20628,-1,-1,-1
237,-1,896.72,287.31,130.70,472.23,0.18521,-1,-1,-1
237,-1,122.91,467.63,46.19,56.87,0.16107,-1,-1,-1
237,-1,838.93,382.63,97.94,330.20,0.14435,-1,-1,-1
237,-1,904.42,367.27,33.52,56.81,0.11967,-1,-1,-1
237,-1,1704.41,425.83,51.99,168.97,0.10826,-1,-1,-1
237,-1,123.76,446.44,89.44,63.75,0.10075,-1,-1,-1
237,-1,903.16,334.96,45.79,108.23,0.09010,-1,-1,-1
237,-1,1618.43,468.67,32.17,139.07,0.08008,-1,-1,-1
237,-1,1567.39,449.49,63.97,204.32,0.06845,-1,-1,-1
237,-1,1154.11,428.85,49.85,212.49,0.06473,-1,-1,-1
237,-1,87.26,539.47,48.58,207.89,0.06432,-1,-1,-1
237,-1,107.53,452.30,85.80,202.96,0.06386,-1,-1,-1
237,-1,63.05,481.62,58.43,111.99,0.06172,-1,-1,-1
237,-1,1749.54,417.36,67.52,140.03,0.05382,-1,-1,-1
238,-1,1261.71,358.75,168.17,390.22,0.99891,-1,-1,-1
238,-1,919.31,296.13,224.38,528.76,0.99867,-1,-1,-1
238,-1,541.50,318.55,247.88,592.32,0.99842,-1,-1,-1
238,-1,716.49,322.19,232.17,513.29,0.99837,-1,-1,-1
238,-1,407.31,331.03,227.02,581.31,0.99837,-1,-1,-1
238,-1,1717.75,425.59,109.20,218.91,0.99783,-1,-1,-1
238,-1,1176.11,420.37,92.29,316.84,0.99246,-1,-1,-1
238,-1,1770.52,408.97,81.27,181.01,0.98628,-1,-1,-1
238,-1,1533.94,428.76,93.02,252.48,0.98616,-1,-1,-1
238,-1,116.24,533.15,80.18,211.52,0.97278,-1,-1,-1
238,-1,1692.85,470.48,40.13,114.83,0.94428,-1,-1,-1
238,-1,1512.61,536.22,93.04,171.58,0.93689,-1,-1,-1
238,-1,898.65,382.52,47.65,343.23,0.88660,-1,-1,-1
238,-1,1217.89,436.40,54.27,227.62,0.83378,-1,-1,-1
238,-1,32.59,500.37,78.98,181.02,0.60584,-1,-1,-1
238,-1,132.63,450.30,60.76,79.07,0.47741,-1,-1,-1
238,-1,1892.53,444.31,18.29,30.83,0.46117,-1,-1,-1
238,-1,1523.94,429.64,77.14,179.92,0.37756,-1,-1,-1
238,-1,849.59,404.58,52.98,226.77,0.36100,-1,-1,-1
238,-1,62.93,524.55,116.25,237.53,0.30056,-1,-1,-1
238,-1,31.20,517.75,108.03,235.23,0.29613,-1,-1,-1
238,-1,128.58,471.25,31.46,41.38,0.26914,-1,-1,-1
238,-1,913.30,303.73,109.61,491.57,0.26709,-1,-1,-1
238,-1,889.93,429.58,42.04,266.83,0.23495,-1,-1,-1
238,-1,1736.27,427.48,31.47,28.99,0.23390,-1,-1,-1
238,-1,245.94,517.98,65.51,61.93,0.21048,-1,-1,-1
238,-1,1888.40,443.03,26.45,102.68,0.17187,-1,-1,-1
238,-1,12.05,485.31,93.05,291.89,0.15482,-1,-1,-1
238,-1,909.39,373.71,32.35,59.46,0.14921,-1,-1,-1
238,-1,856.67,388.31,82.90,339.74,0.12848,-1,-1,-1
238,-1,1378.36,503.25,49.41,134.70,0.11232,-1,-1,-1
238,-1,1719.63,427.00,52.14,185.62,0.09901,-1,-1,-1
238,-1,1620.71,475.95,31.01,128.91,0.08357,-1,-1,-1
238,-1,1159.54,425.32,56.34,175.84,0.06770,-1,-1,-1
238,-1,377.44,319.88,518.94,584.50,0.06480,-1,-1,-1
238,-1,49.49,566.24,62.04,180.77,0.06033,-1,-1,-1
239,-1,585.08,315.61,219.91,586.48,0.99905,-1,-1,-1
239,-1,420.46,329.46,236.94,578.31,0.99900,-1,-1,-1
239,-1,930.58,297.84,248.87,524.47,0.99875,-1,-1,-1
239,-1,1268.47,357.83,169.43,385.43,0.99865,-1,-1,-1
239,-1,724.63,325.63,226.08,507.63,0.99804,-1,-1,-1
239,-1,1735.57,425.75,87.83,217.13,0.99777,-1,-1,-1
239,-1,1176.20,418.72,101.41,318.85,0.99665,-1,-1,-1
239,-1,123.53,534.09,74.41,208.73,0.98133,-1,-1,-1
239,-1,1780.28,414.41,75.38,152.98,0.98047,-1,-1,-1
239,-1,1532.62,428.08,89.39,244.89,0.98008,-1,-1,-1
239,-1,1528.86,537.47,79.10,168.73,0.95230,-1,-1,-1
239,-1,905.80,368.46,50.50,388.74,0.92335,-1,-1,-1
239,-1,1689.91,469.72,41.14,116.06,0.91284,-1,-1,-1
239,-1,1227.52,437.09,49.56,218.67,0.58823,-1,-1,-1
239,-1,871.82,401.54,48.67,256.90,0.58755,-1,-1,-1
239,-1,1894.03,443.54,18.42,26.18,0.54528,-1,-1,-1
239,-1,29.21,505.11,81.57,171.02,0.52162,-1,-1,-1
239,-1,880.05,386.47,68.68,317.39,0.47714,-1,-1,-1
239,-1,910.17,337.06,82.14,434.05,0.33461,-1,-1,-1
239,-1,11.41,515.98,91.05,242.08,0.33117,-1,-1,-1
239,-1,107.05,465.61,52.90,58.97,0.31095,-1,-1,-1
239,-1,153.41,449.82,68.94,85.39,0.22291,-1,-1,-1
239,-1,47.99,532.47,65.36,218.44,0.22072,-1,-1,-1
239,-1,1526.47,433.33,70.98,150.16,0.21745,-1,-1,-1
239,-1,246.20,518.92,63.23,59.94,0.19989,-1,-1,-1
239,-1,927.45,293.53,134.51,496.25,0.18515,-1,-1,-1
239,-1,1729.59,417.58,44.40,195.13,0.11714,-1,-1,-1
239,-1,72.62,485.90,101.78,276.09,0.11279,-1,-1,-1
239,-1,152.03,449.44,47.41,48.42,0.10561,-1,-1,-1
239,-1,1747.01,418.39,75.56,112.05,0.08744,-1,-1,-1
239,-1,1889.25,445.12,30.62,124.78,0.07389,-1,-1,-1
239,-1,1572.53,434.80,66.70,203.53,0.07202,-1,-1,-1
239,-1,358.72,306.53,642.60,570.65,0.07002,-1,-1,-1
239,-1,1787.07,434.16,49.32,185.50,0.06904,-1,-1,-1
239,-1,1163.28,417.55,55.22,118.28,0.06900,-1,-1,-1
239,-1,115.99,459.44,71.40,79.34,0.06556,-1,-1,-1
239,-1,1275.98,362.47,65.37,105.09,0.06281,-1,-1,-1
239,-1,1167.83,431.94,52.77,214.19,0.05797,-1,-1,-1
239,-1,1703.81,439.19,42.08,151.14,0.05632,-1,-1,-1
239,-1,1238.15,449.07,41.33,138.80,0.05395,-1,-1,-1
239,-1,723.77,328.79,568.41,418.48,0.05131,-1,-1,-1
240,-1,1278.62,371.84,164.13,370.53,0.99885,-1,-1,-1
240,-1,928.78,296.37,254.90,525.08,0.99864,-1,-1,-1
240,-1,432.77,327.93,252.63,569.26,0.99864,-1,-1,-1
240,-1,598.13,308.41,213.45,588.55,0.99855,-1,-1,-1
240,-1,1178.14,424.99,108.92,312.40,0.99825,-1,-1,-1
240,-1,734.33,313.62,213.01,522.81,0.99799,-1,-1,-1
240,-1,1740.81,426.05,82.16,216.11,0.99681,-1,-1,-1
240,-1,906.41,362.74,61.75,384.18,0.97717,-1,-1,-1
240,-1,1554.72,423.95,74.09,215.61,0.97547,-1,-1,-1
240,-1,1783.27,409.41,74.13,120.69,0.97387,-1,-1,-1
240,-1,121.62,512.28,79.49,231.25,0.95741,-1,-1,-1
240,-1,1531.33,537.98,81.78,166.68,0.94990,-1,-1,-1
240,-1,1689.67,471.39,43.19,113.79,0.92991,-1,-1,-1
240,-1,1531.13,423.08,75.83,198.02,0.88292,-1,-1,-1
240,-1,1893.96,444.18,17.74,23.05,0.57432,-1,-1,-1
240,-1,116.25,469.50,49.36,51.95,0.57397,-1,-1,-1
240,-1,164.87,452.48,48.95,58.25,0.55214,-1,-1,-1
240,-1,1273.17,363.61,53.81,107.74,0.49905,-1,-1,-1
240,-1,881.34,401.39,41.66,241.11,0.31345,-1,-1,-1
240,-1,1739.23,421.20,42.63,201.62,0.25476,-1,-1,-1
240,-1,164.09,451.60,58.92,98.51,0.24879,-1,-1,-1
240,-1,1800.82,461.38,43.31,144.80,0.24664,-1,-1,-1
240,-1,836.77,356.17,129.73,438.72,0.18693,-1,-1,-1
240,-1,1232.98,441.32,52.08,221.83,0.15160,-1,-1,-1
240,-1,23.44,506.42,85.37,164.57,0.14686,-1,-1,-1
240,-1,88.97,468.58,96.09,289.90,0.13993,-1,-1,-1
240,-1,245.57,518.56,64.21,60.68,0.11894,-1,-1,-1
240,-1,1509.32,434.66,73.08,167.65,0.11259,-1,-1,-1
240,-1,20.06,552.41,81.87,202.12,0.11055,-1,-1,-1
240,-1,890.09,411.53,25.29,60.64,0.10221,-1,-1,-1
240,-1,1558.73,424.51,58.82,99.00,0.09807,-1,-1,-1
240,-1,1722.29,482.32,22.00,101.88,0.08900,-1,-1,-1
240,-1,144.53,464.74,83.77,279.87,0.07771,-1,-1,-1
240,-1,51.81,435.95,163.12,379.62,0.06350,-1,-1,-1
240,-1,1888.77,444.48,31.16,122.23,0.05265,-1,-1,-1
241,-1,627.24,314.88,197.93,584.67,0.99927,-1,-1,-1
241,-1,1284.70,370.51,173.56,374.55,0.99895,-1,-1,-1
241,-1,476.53,333.96,191.93,547.66,0.99889,-1,-1,-1
241,-1,1185.07,430.20,112.92,302.29,0.99852,-1,-1,-1
241,-1,937.60,291.97,238.79,529.04,0.99829,-1,-1,-1
241,-1,768.55,324.47,181.17,498.78,0.99738,-1,-1,-1
241,-1,1745.69,422.52,75.49,213.24,0.99548,-1,-1,-1
241,-1,1787.18,412.85,73.20,115.33,0.98269,-1,-1,-1
241,-1,1544.03,537.63,74.86,167.02,0.97380,-1,-1,-1
241,-1,1561.60,424.85,71.44,215.61,0.96695,-1,-1,-1
241,-1,912.99,380.55,71.66,373.43,0.96321,-1,-1,-1
241,-1,1689.38,471.06,43.64,114.40,0.93761,-1,-1,-1
241,-1,118.42,475.98,84.67,270.16,0.93061,-1,-1,-1
241,-1,1531.80,423.37,71.91,190.29,0.86086,-1,-1,-1
241,-1,1765.85,415.68,84.99,208.69,0.84370,-1,-1,-1
241,-1,704.19,304.08,187.35,560.52,0.53083,-1,-1,-1
241,-1,123.12,469.65,42.44,42.22,0.51003,-1,-1,-1
241,-1,1893.83,444.41,17.45,23.98,0.46220,-1,-1,-1
241,-1,31.89,513.56,76.96,245.78,0.39934,-1,-1,-1
241,-1,1275.78,362.60,52.43,109.09,0.38899,-1,-1,-1
241,-1,902.05,411.54,30.74,59.45,0.32193,-1,-1,-1
241,-1,1740.53,420.19,45.59,198.70,0.30772,-1,-1,-1
241,-1,899.59,401.63,37.15,279.96,0.30537,-1,-1,-1
241,-1,1764.23,423.52,62.42,134.28,0.16240,-1,-1,-1
241,-1,1507.43,438.18,66.59,169.30,0.14539,-1,-1,-1
241,-1,1798.54,435.14,53.19,166.56,0.12062,-1,-1,-1
241,-1,1704.48,445.00,42.11,142.68,0.09899,-1,-1,-1
241,-1,68.84,511.54,122.43,249.18,0.09065,-1,-1,-1
241,-1,40.27,505.06,67.49,152.34,0.08705,-1,-1,-1
241,-1,54.12,573.37,56.26,173.74,0.07961,-1,-1,-1
241,-1,1561.09,424.95,59.20,103.31,0.07048,-1,-1,-1
241,-1,909.24,411.64,26.22,40.11,0.06965,-1,-1,-1
241,-1,1725.11,471.73,21.35,118.54,0.06732,-1,-1,-1
241,-1,245.01,518.88,64.19,60.50,0.05769,-1,-1,-1
241,-1,9.43,510.14,83.33,160.80,0.05471,-1,-1,-1
241,-1,420.06,504.62,13.37,29.99,0.05316,-1,-1,-1
241,-1,1744.13,427.62,41.49,101.43,0.05225,-1,-1,-1
242,-1,635.91,310.36,204.18,591.42,0.99910,-1,-1,-1
242,-1,1289.15,366.10,178.90,371.36,0.99860,-1,-1,-1
242,-1,1190.41,433.38,108.56,298.41,0.99846,-1,-1,-1
242,-1,934.49,300.16,246.92,523.15,0.99786,-1,-1,-1
242,-1,1746.87,420.28,76.12,220.54,0.99783,-1,-1,-1
242,-1,502.31,325.68,178.58,562.98,0.99709,-1,-1,-1
242,-1,790.89,326.52,163.47,479.31,0.99688,-1,-1,-1
242,-1,1790.37,414.77,68.56,174.09,0.97979,-1,-1,-1
242,-1,1545.21,421.43,87.11,249.61,0.97352,-1,-1,-1
242,-1,112.75,528.03,85.08,215.94,0.97245,-1,-1,-1
242,-1,1551.85,538.84,72.49,164.87,0.96440,-1,-1,-1
242,-1,919.23,376.48,77.43,362.64,0.95797,-1,-1,-1
242,-1,1689.98,471.24,42.51,114.63,0.93883,-1,-1,-1
242,-1,1534.96,427.36,66.81,198.58,0.81776,-1,-1,-1
242,-1,35.78,518.60,74.12,237.62,0.62691,-1,-1,-1
242,-1,1893.30,443.86,18.57,28.28,0.49087,-1,-1,-1
242,-1,915.80,404.49,29.40,89.04,0.36173,-1,-1,-1
242,-1,912.04,403.99,31.99,226.69,0.32651,-1,-1,-1
242,-1,117.63,464.63,71.15,125.77,0.28211,-1,-1,-1
242,-1,1280.26,366.38,49.65,103.90,0.27359,-1,-1,-1
242,-1,1576.11,438.59,61.38,193.67,0.27015,-1,-1,-1
242,-1,1783.31,414.77,53.71,131.37,0.26324,-1,-1,-1
242,-1,246.09,518.37,63.77,61.21,0.20411,-1,-1,-1
242,-1,46.43,503.16,60.70,129.61,0.19413,-1,-1,-1
242,-1,1723.20,482.57,22.59,103.28,0.15582,-1,-1,-1
242,-1,7.05,527.41,82.17,118.08,0.11055,-1,-1,-1
242,-1,917.96,408.57,27.96,46.70,0.08542,-1,-1,-1
242,-1,176.71,453.36,59.21,127.82,0.07864,-1,-1,-1
242,-1,7.64,522.74,68.86,235.91,0.07621,-1,-1,-1
242,-1,1705.33,445.86,45.72,145.07,0.07006,-1,-1,-1
242,-1,60.42,532.06,130.10,248.16,0.06717,-1,-1,-1
242,-1,1888.66,441.84,31.09,128.07,0.06198,-1,-1,-1
242,-1,1736.59,431.73,36.17,174.00,0.05797,-1,-1,-1
242,-1,1505.64,438.67,54.04,166.54,0.05634,-1,-1,-1
243,-1,639.20,311.85,225.46,584.06,0.99889,-1,-1,-1
243,-1,1292.66,373.40,171.52,367.03,0.99883,-1,-1,-1
243,-1,539.93,322.92,151.00,532.92,0.99826,-1,-1,-1
243,-1,932.41,298.51,242.23,523.53,0.99807,-1,-1,-1
243,-1,1753.48,417.88,74.38,222.95,0.99749,-1,-1,-1
243,-1,805.79,314.30,144.32,496.40,0.99639,-1,-1,-1
243,-1,1198.99,432.05,98.35,298.23,0.99542,-1,-1,-1
243,-1,1556.96,539.88,70.04,166.59,0.97839,-1,-1,-1
243,-1,121.03,533.36,76.94,208.97,0.97533,-1,-1,-1
243,-1,922.83,384.70,84.72,349.52,0.97249,-1,-1,-1
243,-1,1790.24,418.94,67.10,165.38,0.96907,-1,-1,-1
243,-1,1540.17,425.22,76.46,200.26,0.95122,-1,-1,-1
243,-1,1689.24,470.86,43.57,115.49,0.94567,-1,-1,-1
243,-1,1561.99,426.16,75.41,172.60,0.80140,-1,-1,-1
243,-1,41.24,550.20,67.90,204.85,0.54865,-1,-1,-1
243,-1,42.97,508.85,66.52,143.68,0.46391,-1,-1,-1
243,-1,1893.74,444.34,17.51,24.72,0.38208,-1,-1,-1
243,-1,1280.78,362.75,51.03,107.81,0.26874,-1,-1,-1
243,-1,847.98,362.70,146.13,429.27,0.23064,-1,-1,-1
243,-1,1703.74,465.88,43.84,122.09,0.21991,-1,-1,-1
243,-1,13.65,503.34,85.17,262.59,0.21287,-1,-1,-1
243,-1,1581.23,464.32,54.93,169.72,0.19012,-1,-1,-1
243,-1,1737.87,437.10,32.43,170.75,0.18530,-1,-1,-1
243,-1,1722.55,482.78,23.76,103.65,0.17845,-1,-1,-1
243,-1,919.11,400.59,33.32,76.88,0.16195,-1,-1,-1
243,-1,116.72,464.30,51.88,49.42,0.15560,-1,-1,-1
243,-1,5.01,529.79,84.64,113.35,0.13984,-1,-1,-1
243,-1,71.11,492.98,115.42,267.43,0.08922,-1,-1,-1
243,-1,916.72,411.12,33.34,259.12,0.07236,-1,-1,-1
243,-1,245.95,518.40,61.84,60.63,0.05564,-1,-1,-1
244,-1,639.04,318.97,290.75,575.31,0.99899,-1,-1,-1
244,-1,1296.47,371.04,171.01,364.85,0.99864,-1,-1,-1
244,-1,1761.14,415.41,81.48,224.83,0.99790,-1,-1,-1
244,-1,957.35,288.95,218.73,532.47,0.99790,-1,-1,-1
244,-1,572.86,333.94,133.41,506.48,0.99538,-1,-1,-1
244,-1,813.25,311.53,140.46,502.79,0.99498,-1,-1,-1
244,-1,1563.49,539.69,73.22,165.05,0.99264,-1,-1,-1
244,-1,1206.97,429.90,95.40,293.35,0.99248,-1,-1,-1
244,-1,934.12,382.01,98.83,371.69,0.99120,-1,-1,-1
244,-1,1539.78,425.89,76.37,192.16,0.96031,-1,-1,-1
244,-1,1801.15,416.75,68.77,107.14,0.95853,-1,-1,-1
244,-1,122.01,527.53,75.21,216.31,0.93504,-1,-1,-1
244,-1,1689.61,470.68,43.85,114.79,0.92460,-1,-1,-1
244,-1,1793.93,415.02,67.15,182.17,0.87178,-1,-1,-1
244,-1,1565.83,421.39,70.99,177.05,0.85095,-1,-1,-1
244,-1,1893.52,443.56,18.38,26.45,0.55061,-1,-1,-1
244,-1,33.41,517.29,80.31,237.53,0.29161,-1,-1,-1
244,-1,1258.62,361.14,78.14,128.24,0.26653,-1,-1,-1
244,-1,563.60,351.24,94.35,414.60,0.24820,-1,-1,-1
244,-1,1781.24,417.28,61.84,142.19,0.22425,-1,-1,-1
244,-1,1759.24,415.14,45.96,212.22,0.19158,-1,-1,-1
244,-1,565.90,476.72,52.66,252.81,0.14757,-1,-1,-1
244,-1,1737.41,441.92,31.64,163.92,0.12681,-1,-1,-1
244,-1,246.62,518.51,61.37,60.35,0.11106,-1,-1,-1
244,-1,934.87,401.18,28.93,77.07,0.10523,-1,-1,-1
244,-1,43.89,528.74,79.71,130.43,0.09199,-1,-1,-1
244,-1,1699.90,445.72,48.35,146.31,0.08277,-1,-1,-1
244,-1,82.72,519.07,111.17,279.19,0.07966,-1,-1,-1
244,-1,419.92,505.44,13.46,28.81,0.06689,-1,-1,-1
244,-1,1887.49,442.15,31.93,128.88,0.05047,-1,-1,-1
245,-1,653.12,329.53,302.38,567.47,0.99937,-1,-1,-1
245,-1,985.74,294.80,186.16,519.98,0.99891,-1,-1,-1
245,-1,1300.33,366.58,166.40,368.59,0.99854,-1,-1,-1
245,-1,1763.87,415.00,86.86,227.15,0.99765,-1,-1,-1
245,-1,833.06,306.86,125.08,500.24,0.99686,-1,-1,-1
245,-1,580.35,328.77,120.07,522.60,0.99680,-1,-1,-1
245,-1,1211.49,425.73,95.54,301.69,0.99603,-1,-1,-1
245,-1,1568.14,540.02,71.42,165.74,0.99176,-1,-1,-1
245,-1,937.67,388.23,108.66,364.80,0.98619,-1,-1,-1
245,-1,1802.34,413.52,64.05,107.66,0.97084,-1,-1,-1
245,-1,1540.94,420.04,73.40,210.43,0.94739,-1,-1,-1
245,-1,1794.02,415.54,70.57,191.61,0.93813,-1,-1,-1
245,-1,121.25,508.93,77.82,233.81,0.91292,-1,-1,-1
245,-1,1690.92,471.35,42.83,113.96,0.90094,-1,-1,-1
245,-1,1569.19,430.62,68.46,161.90,0.78757,-1,-1,-1
245,-1,944.99,336.75,158.20,469.73,0.54485,-1,-1,-1
245,-1,1894.00,443.92,17.31,24.12,0.51266,-1,-1,-1
245,-1,1256.87,360.35,81.92,124.40,0.38711,-1,-1,-1
245,-1,45.06,544.41,66.55,210.35,0.20806,-1,-1,-1
245,-1,25.45,504.69,85.16,163.35,0.15931,-1,-1,-1
245,-1,804.86,405.79,40.15,123.18,0.11902,-1,-1,-1
245,-1,790.70,328.97,126.25,436.78,0.11384,-1,-1,-1
245,-1,246.81,518.09,61.76,60.60,0.11048,-1,-1,-1
245,-1,1759.70,416.12,46.30,210.31,0.10012,-1,-1,-1
245,-1,1737.93,441.03,32.24,163.24,0.09713,-1,-1,-1
245,-1,1242.25,372.99,100.80,250.76,0.08777,-1,-1,-1
245,-1,65.48,521.07,122.17,236.25,0.08489,-1,-1,-1
245,-1,934.77,396.18,33.23,282.98,0.06461,-1,-1,-1
245,-1,10.72,496.82,82.00,279.13,0.05239,-1,-1,-1
245,-1,144.49,473.03,89.63,267.38,0.05003,-1,-1,-1
246,-1,649.56,330.47,312.27,563.67,0.99926,-1,-1,-1
246,-1,1006.38,296.60,169.07,516.82,0.99918,-1,-1,-1
246,-1,1311.27,362.72,156.03,370.39,0.99904,-1,-1,-1
246,-1,1212.88,424.89,101.77,297.72,0.99758,-1,-1,-1
246,-1,1768.61,415.65,92.68,226.39,0.99731,-1,-1,-1
246,-1,603.52,329.21,119.91,528.92,0.99440,-1,-1,-1
246,-1,940.42,387.35,110.80,371.45,0.99056,-1,-1,-1
246,-1,856.65,324.22,110.30,471.45,0.98976,-1,-1,-1
246,-1,1575.14,540.21,82.55,169.73,0.98531,-1,-1,-1
246,-1,1803.00,411.25,70.32,207.19,0.97611,-1,-1,-1
246,-1,1542.39,422.28,75.98,257.19,0.96458,-1,-1,-1
246,-1,1690.33,471.56,42.34,113.46,0.91569,-1,-1,-1
246,-1,126.38,499.67,72.31,242.94,0.85990,-1,-1,-1
246,-1,1805.92,415.15,62.92,113.74,0.76637,-1,-1,-1
246,-1,1765.61,422.95,52.14,213.14,0.69312,-1,-1,-1
246,-1,574.85,389.47,39.96,121.03,0.50118,-1,-1,-1
246,-1,1569.36,425.26,64.25,182.63,0.47769,-1,-1,-1
246,-1,1893.41,443.45,17.65,26.53,0.41239,-1,-1,-1
246,-1,1258.18,359.29,82.51,150.91,0.30574,-1,-1,-1
246,-1,1882.38,441.62,34.61,134.89,0.28217,-1,-1,-1
246,-1,42.13,557.59,68.82,198.26,0.25230,-1,-1,-1
246,-1,908.42,319.81,47.26,123.47,0.25039,-1,-1,-1
246,-1,1770.11,422.30,76.13,131.37,0.21188,-1,-1,-1
246,-1,1576.80,488.12,66.69,162.16,0.20046,-1,-1,-1
246,-1,1226.03,367.83,149.47,351.23,0.18116,-1,-1,-1
246,-1,777.01,327.45,221.98,466.72,0.15014,-1,-1,-1
246,-1,245.99,517.97,64.52,61.69,0.12622,-1,-1,-1
246,-1,1260.58,371.67,80.72,297.80,0.12326,-1,-1,-1
246,-1,1767.04,425.54,37.47,98.29,0.12187,-1,-1,-1
246,-1,1734.89,431.19,37.73,172.83,0.11391,-1,-1,-1
246,-1,1581.42,455.80,55.61,115.60,0.10144,-1,-1,-1
246,-1,13.28,537.33,81.70,225.12,0.09247,-1,-1,-1
246,-1,59.68,512.70,128.03,245.39,0.08277,-1,-1,-1
246,-1,1834.19,445.09,42.37,145.63,0.07615,-1,-1,-1
246,-1,1776.51,422.44,27.25,30.51,0.07585,-1,-1,-1
246,-1,1271.92,416.35,48.38,208.05,0.06702,-1,-1,-1
246,-1,1008.93,433.03,48.73,281.63,0.06494,-1,-1,-1
246,-1,420.82,504.03,13.09,28.04,0.05377,-1,-1,-1
247,-1,1026.79,289.04,168.33,527.97,0.99959,-1,-1,-1
247,-1,658.70,329.22,308.32,555.53,0.99919,-1,-1,-1
247,-1,1317.47,362.91,147.37,367.72,0.99917,-1,-1,-1
247,-1,1215.20,428.45,104.23,295.67,0.99791,-1,-1,-1
247,-1,1772.44,413.74,98.71,228.23,0.99759,-1,-1,-1
247,-1,860.01,319.45,120.05,488.95,0.99613,-1,-1,-1
247,-1,607.83,335.14,126.91,541.71,0.99018,-1,-1,-1
247,-1,954.69,384.31,110.94,361.65,0.98520,-1,-1,-1
247,-1,1578.89,539.02,83.46,171.61,0.98379,-1,-1,-1
247,-1,1540.55,421.87,75.08,275.72,0.98258,-1,-1,-1
247,-1,1690.23,472.20,42.78,112.92,0.90632,-1,-1,-1
247,-1,1567.24,446.33,84.94,254.00,0.88761,-1,-1,-1
247,-1,125.98,492.57,76.63,253.74,0.82697,-1,-1,-1
247,-1,1803.70,415.18,71.41,157.07,0.72047,-1,-1,-1
247,-1,1766.92,423.70,54.98,215.47,0.58524,-1,-1,-1
247,-1,576.77,399.28,42.51,107.04,0.57996,-1,-1,-1
247,-1,1265.74,359.44,74.68,118.28,0.52044,-1,-1,-1
247,-1,1575.99,426.80,56.28,210.55,0.34472,-1,-1,-1
247,-1,1894.43,442.73,17.16,24.53,0.32197,-1,-1,-1
247,-1,44.85,557.46,65.82,197.55,0.29454,-1,-1,-1
247,-1,1272.44,364.80,69.60,267.13,0.28492,-1,-1,-1
247,-1,1882.26,442.15,34.80,134.57,0.21345,-1,-1,-1
247,-1,1585.53,470.03,57.20,132.10,0.19524,-1,-1,-1
247,-1,1770.00,425.96,36.02,138.23,0.15614,-1,-1,-1
247,-1,958.91,403.67,29.52,67.74,0.14470,-1,-1,-1
247,-1,1825.67,439.51,53.05,167.77,0.14020,-1,-1,-1
247,-1,26.63,506.27,84.43,187.79,0.12314,-1,-1,-1
247,-1,1799.92,417.06,46.68,102.39,0.10462,-1,-1,-1
247,-1,67.21,505.49,125.91,254.83,0.10094,-1,-1,-1
247,-1,1770.53,422.91,75.42,142.75,0.08302,-1,-1,-1
247,-1,12.54,542.56,78.45,221.38,0.07756,-1,-1,-1
247,-1,951.63,401.62,36.64,281.38,0.06374,-1,-1,-1
247,-1,949.67,391.65,21.94,35.93,0.06216,-1,-1,-1
247,-1,420.65,504.01,13.22,27.98,0.05611,-1,-1,-1
247,-1,967.68,387.13,72.32,272.60,0.05366,-1,-1,-1
247,-1,1895.72,466.30,24.28,87.28,0.05365,-1,-1,-1
247,-1,1733.81,431.28,36.45,174.27,0.05243,-1,-1,-1
248,-1,1040.78,294.55,166.69,521.91,0.99956,-1,-1,-1
248,-1,1320.79,365.30,140.27,366.12,0.99909,-1,-1,-1
248,-1,1775.70,414.02,102.39,226.72,0.99859,-1,-1,-1
248,-1,1214.91,424.14,113.14,302.84,0.99779,-1,-1,-1
248,-1,681.49,321.13,282.48,564.02,0.99773,-1,-1,-1
248,-1,868.76,316.92,123.56,499.80,0.99557,-1,-1,-1
248,-1,1582.65,538.06,83.87,175.22,0.99327,-1,-1,-1
248,-1,963.62,386.93,104.51,358.16,0.99031,-1,-1,-1
248,-1,623.64,333.99,128.82,526.31,0.98755,-1,-1,-1
248,-1,1539.09,421.49,76.71,279.51,0.98569,-1,-1,-1
248,-1,1688.97,472.64,43.82,112.00,0.91081,-1,-1,-1
248,-1,123.09,497.62,77.47,243.29,0.87254,-1,-1,-1
248,-1,1805.68,415.86,70.97,134.75,0.72832,-1,-1,-1
248,-1,1277.93,360.43,62.45,136.04,0.58659,-1,-1,-1
248,-1,1577.00,428.61,51.84,189.02,0.53333,-1,-1,-1
248,-1,1585.82,467.20,49.95,118.93,0.42008,-1,-1,-1
248,-1,575.67,397.93,43.76,105.06,0.40926,-1,-1,-1
248,-1,1894.78,443.82,15.99,23.02,0.36729,-1,-1,-1
248,-1,1273.27,366.81,69.31,264.41,0.33689,-1,-1,-1
248,-1,1772.31,420.65,42.93,209.71,0.24227,-1,-1,-1
248,-1,1888.05,445.19,31.23,127.61,0.23030,-1,-1,-1
248,-1,245.36,517.44,57.82,61.83,0.14563,-1,-1,-1
248,-1,45.32,552.92,65.20,202.62,0.12058,-1,-1,-1
248,-1,658.65,360.07,183.31,505.94,0.09968,-1,-1,-1
248,-1,1823.37,435.39,55.86,174.02,0.09635,-1,-1,-1
248,-1,25.06,500.75,85.00,180.69,0.08111,-1,-1,-1
248,-1,66.25,498.71,127.40,263.88,0.07928,-1,-1,-1
248,-1,1896.26,467.55,23.74,84.87,0.06652,-1,-1,-1
248,-1,1619.04,494.63,17.02,41.65,0.06269,-1,-1,-1
248,-1,1036.14,451.67,53.59,282.18,0.06061,-1,-1,-1
249,-1,1779.25,413.37,100.73,223.45,0.99909,-1,-1,-1
249,-1,1326.26,365.52,122.92,362.36,0.99890,-1,-1,-1
249,-1,1048.04,302.44,189.13,505.13,0.99824,-1,-1,-1
249,-1,712.57,327.51,239.38,550.49,0.99807,-1,-1,-1
249,-1,1228.03,410.04,118.98,313.26,0.99579,-1,-1,-1
249,-1,629.00,330.24,208.09,548.25,0.99538,-1,-1,-1
249,-1,1537.80,424.32,82.17,275.51,0.99324,-1,-1,-1
249,-1,877.61,329.51,150.17,460.16,0.99144,-1,-1,-1
249,-1,1592.86,538.18,68.34,174.04,0.99092,-1,-1,-1
249,-1,970.83,385.54,97.53,364.78,0.97954,-1,-1,-1
249,-1,1689.92,472.16,43.19,112.04,0.92724,-1,-1,-1
249,-1,124.06,502.72,77.17,237.46,0.90286,-1,-1,-1
249,-1,1578.14,428.14,53.38,221.64,0.67880,-1,-1,-1
249,-1,1808.01,414.05,68.54,150.11,0.67531,-1,-1,-1
249,-1,576.31,396.71,43.87,110.23,0.60376,-1,-1,-1
249,-1,1587.88,474.73,49.21,103.02,0.37882,-1,-1,-1
249,-1,1043.08,453.12,55.23,289.81,0.37629,-1,-1,-1
249,-1,1894.12,443.83,16.32,23.34,0.35564,-1,-1,-1
249,-1,1580.73,495.68,59.38,199.63,0.32464,-1,-1,-1
249,-1,1883.69,442.48,33.11,132.66,0.27459,-1,-1,-1
249,-1,734.19,375.47,42.86,215.47,0.27442,-1,-1,-1
249,-1,44.36,566.10,62.72,189.49,0.25792,-1,-1,-1
249,-1,245.42,516.76,57.79,62.56,0.20220,-1,-1,-1
249,-1,1247.30,360.91,92.79,157.19,0.19285,-1,-1,-1
249,-1,1780.09,423.03,52.83,204.64,0.12090,-1,-1,-1
249,-1,1889.11,446.38,23.27,91.50,0.11885,-1,-1,-1
249,-1,63.90,503.59,128.57,253.21,0.11820,-1,-1,-1
249,-1,671.11,343.58,136.54,416.80,0.10208,-1,-1,-1
249,-1,24.64,502.19,123.35,253.20,0.08819,-1,-1,-1
249,-1,1008.15,385.47,98.01,373.22,0.07352,-1,-1,-1
249,-1,988.51,338.25,164.93,444.06,0.07027,-1,-1,-1
249,-1,420.82,503.94,13.22,27.85,0.06028,-1,-1,-1
249,-1,1898.39,472.62,21.61,72.87,0.05499,-1,-1,-1
249,-1,1723.27,469.60,31.47,131.26,0.05236,-1,-1,-1
249,-1,15.84,557.31,73.88,204.89,0.05156,-1,-1,-1
250,-1,1781.07,413.22,99.62,225.29,0.99915,-1,-1,-1
250,-1,1051.61,292.19,199.27,518.59,0.99879,-1,-1,-1
250,-1,1329.24,366.73,121.64,360.51,0.99841,-1,-1,-1
250,-1,1232.88,420.17,121.61,301.01,0.99702,-1,-1,-1
250,-1,737.00,328.82,227.57,544.08,0.99607,-1,-1,-1
250,-1,626.38,338.06,199.68,530.62,0.99400,-1,-1,-1
250,-1,1535.51,425.63,81.41,273.29,0.99041,-1,-1,-1
250,-1,1600.59,540.07,62.62,171.70,0.98896,-1,-1,-1
250,-1,897.88,335.00,149.53,453.05,0.98024,-1,-1,-1
250,-1,969.05,383.56,105.09,381.59,0.97702,-1,-1,-1
250,-1,1688.44,471.79,44.29,112.31,0.93129,-1,-1,-1
250,-1,124.13,506.28,75.51,235.58,0.80339,-1,-1,-1
250,-1,1584.86,462.23,47.48,188.34,0.79436,-1,-1,-1
250,-1,1813.57,412.59,63.56,163.22,0.77786,-1,-1,-1
250,-1,1273.20,361.85,134.34,364.17,0.69966,-1,-1,-1
250,-1,1589.01,478.77,46.67,105.38,0.58119,-1,-1,-1
250,-1,575.79,395.29,43.91,113.13,0.43336,-1,-1,-1
250,-1,1048.30,452.34,50.53,294.73,0.34270,-1,-1,-1
250,-1,1894.11,443.76,16.17,23.49,0.32540,-1,-1,-1
250,-1,1614.92,494.15,20.91,57.95,0.30673,-1,-1,-1
250,-1,1888.48,444.80,30.82,129.62,0.29048,-1,-1,-1
250,-1,1279.55,361.36,62.76,113.01,0.27954,-1,-1,-1
250,-1,1835.42,421.88,44.94,201.87,0.27396,-1,-1,-1
250,-1,45.11,582.26,62.86,171.85,0.25612,-1,-1,-1
250,-1,866.12,313.15,133.63,540.27,0.22118,-1,-1,-1
250,-1,246.13,516.14,48.09,60.07,0.19289,-1,-1,-1
250,-1,652.22,352.91,468.16,457.52,0.19130,-1,-1,-1
250,-1,1229.91,460.53,35.25,204.03,0.15134,-1,-1,-1
250,-1,1234.74,445.51,49.75,229.93,0.10755,-1,-1,-1
250,-1,1282.15,359.52,63.14,215.34,0.10306,-1,-1,-1
250,-1,972.78,330.17,212.62,466.31,0.10172,-1,-1,-1
250,-1,1783.03,425.95,43.32,167.77,0.10029,-1,-1,-1
250,-1,59.32,502.10,131.54,251.29,0.09295,-1,-1,-1
250,-1,10.84,501.77,93.27,267.14,0.06627,-1,-1,-1
250,-1,1723.26,469.83,30.51,130.57,0.06541,-1,-1,-1
250,-1,1898.66,474.31,21.34,70.86,0.06221,-1,-1,-1
251,-1,1065.33,302.56,200.16,498.15,0.99933,-1,-1,-1
251,-1,1782.55,413.03,101.64,224.56,0.99894,-1,-1,-1
251,-1,1335.58,364.64,130.93,365.05,0.99871,-1,-1,-1
251,-1,630.90,335.45,226.17,532.43,0.99741,-1,-1,-1
251,-1,772.28,320.17,210.56,559.47,0.99659,-1,-1,-1
251,-1,1241.80,414.44,117.39,308.06,0.99475,-1,-1,-1
251,-1,1611.47,529.58,59.16,187.05,0.99399,-1,-1,-1
251,-1,1536.30,426.25,81.56,272.59,0.99116,-1,-1,-1
251,-1,991.25,385.14,91.06,373.40,0.98038,-1,-1,-1
251,-1,911.55,329.97,136.89,455.01,0.97984,-1,-1,-1
251,-1,1689.05,471.78,43.81,112.84,0.93426,-1,-1,-1
251,-1,1586.29,461.37,48.11,202.44,0.86904,-1,-1,-1
251,-1,125.68,502.96,78.30,238.44,0.79957,-1,-1,-1
251,-1,1276.44,365.61,130.75,361.54,0.74329,-1,-1,-1
251,-1,1231.78,435.78,46.50,229.29,0.64158,-1,-1,-1
251,-1,552.72,329.69,530.63,530.89,0.58286,-1,-1,-1
251,-1,1817.73,410.88,60.18,141.89,0.47045,-1,-1,-1
251,-1,1591.45,475.96,42.50,113.44,0.43843,-1,-1,-1
251,-1,1783.94,420.74,53.35,212.54,0.34338,-1,-1,-1
251,-1,1266.28,360.91,77.80,119.14,0.31578,-1,-1,-1
251,-1,1056.73,447.36,52.79,303.83,0.28850,-1,-1,-1
251,-1,245.69,517.73,49.35,62.09,0.26473,-1,-1,-1
251,-1,1888.11,444.45,30.65,128.88,0.24016,-1,-1,-1
251,-1,575.93,393.58,43.68,115.35,0.23504,-1,-1,-1
251,-1,914.72,322.97,98.72,323.24,0.21612,-1,-1,-1
251,-1,1614.32,493.40,21.27,68.78,0.20936,-1,-1,-1
251,-1,849.56,316.17,158.43,483.17,0.19891,-1,-1,-1
251,-1,973.12,333.09,198.33,447.90,0.14995,-1,-1,-1
251,-1,1893.05,443.69,17.87,32.58,0.11240,-1,-1,-1
251,-1,1289.89,407.53,59.10,223.24,0.10603,-1,-1,-1
251,-1,48.40,553.97,61.84,200.26,0.10189,-1,-1,-1
251,-1,1837.62,410.33,47.37,213.28,0.10103,-1,-1,-1
251,-1,1723.02,470.91,29.68,128.50,0.09076,-1,-1,-1
251,-1,793.57,324.51,112.63,403.28,0.08557,-1,-1,-1
251,-1,1205.34,432.75,64.23,198.98,0.06374,-1,-1,-1
251,-1,1897.78,470.75,22.22,78.69,0.06267,-1,-1,-1
251,-1,420.22,505.04,13.68,30.05,0.05327,-1,-1,-1
251,-1,937.86,329.94,66.66,150.38,0.05118,-1,-1,-1
251,-1,1029.52,380.61,92.06,382.30,0.05076,-1,-1,-1
252,-1,1786.15,411.98,101.38,226.64,0.99896,-1,-1,-1
252,-1,1341.83,372.21,130.02,350.96,0.99867,-1,-1,-1
252,-1,1074.49,297.13,200.16,512.04,0.99864,-1,-1,-1
252,-1,636.12,336.07,228.93,530.34,0.99785,-1,-1,-1
252,-1,810.76,326.32,207.11,530.80,0.99584,-1,-1,-1
252,-1,1538.72,424.28,86.44,276.65,0.99467,-1,-1,-1
252,-1,1244.29,428.15,114.13,292.72,0.99457,-1,-1,-1
252,-1,1617.41,533.90,60.67,178.47,0.99358,-1,-1,-1
252,-1,912.11,335.61,151.95,449.20,0.98234,-1,-1,-1
252,-1,1001.23,379.97,87.27,369.32,0.98121,-1,-1,-1
252,-1,1689.83,471.46,43.76,113.52,0.93115,-1,-1,-1
252,-1,1227.00,431.20,56.37,234.29,0.88609,-1,-1,-1
252,-1,1577.44,432.54,54.65,251.32,0.86398,-1,-1,-1
252,-1,127.89,520.20,78.62,218.76,0.83636,-1,-1,-1
252,-1,1823.01,413.21,54.81,123.53,0.52981,-1,-1,-1
252,-1,1271.13,360.84,73.57,110.32,0.47877,-1,-1,-1
252,-1,245.71,517.70,46.95,61.76,0.46093,-1,-1,-1
252,-1,1785.58,416.27,50.42,218.34,0.34470,-1,-1,-1
252,-1,1059.79,435.38,51.70,317.15,0.28351,-1,-1,-1
252,-1,1589.37,470.23,43.44,159.56,0.23546,-1,-1,-1
252,-1,52.92,575.54,57.93,177.80,0.20666,-1,-1,-1
252,-1,926.11,326.08,92.93,277.14,0.20060,-1,-1,-1
252,-1,1888.26,445.00,30.70,126.40,0.18053,-1,-1,-1
252,-1,1584.58,490.73,66.89,214.79,0.12204,-1,-1,-1
252,-1,65.24,506.61,130.79,244.59,0.12194,-1,-1,-1
252,-1,1158.09,393.09,130.33,349.90,0.09387,-1,-1,-1
252,-1,1207.17,438.03,104.00,249.69,0.09265,-1,-1,-1
252,-1,574.63,396.73,44.28,112.72,0.08694,-1,-1,-1
252,-1,420.23,503.24,14.59,28.71,0.08207,-1,-1,-1
252,-1,1722.73,471.97,30.64,127.51,0.08203,-1,-1,-1
252,-1,1307.93,420.92,44.38,195.59,0.07688,-1,-1,-1
252,-1,1056.76,332.70,88.30,429.92,0.07534,-1,-1,-1
252,-1,826.34,322.27,90.82,106.72,0.07002,-1,-1,-1
252,-1,973.65,537.44,75.29,215.22,0.05961,-1,-1,-1
252,-1,444.08,493.35,19.87,39.04,0.05705,-1,-1,-1
253,-1,1793.00,412.14,97.45,224.89,0.99880,-1,-1,-1
253,-1,1347.00,375.80,127.93,344.94,0.99871,-1,-1,-1
253,-1,1075.96,301.73,209.64,509.30,0.99842,-1,-1,-1
253,-1,647.78,341.31,241.77,525.96,0.99793,-1,-1,-1
253,-1,1252.13,434.86,107.46,285.99,0.99609,-1,-1,-1
253,-1,1537.93,426.25,86.39,274.07,0.99403,-1,-1,-1
253,-1,1621.84,531.20,60.47,182.10,0.99260,-1,-1,-1
253,-1,825.87,324.30,185.46,528.27,0.99224,-1,-1,-1
253,-1,911.44,331.47,157.10,459.46,0.98979,-1,-1,-1
253,-1,1005.67,385.45,82.30,362.68,0.98672,-1,-1,-1
253,-1,1221.63,432.52,66.98,235.34,0.95989,-1,-1,-1
253,-1,1690.03,471.50,43.82,113.73,0.93558,-1,-1,-1
253,-1,127.42,533.69,70.67,209.28,0.81390,-1,-1,-1
253,-1,1581.78,440.23,50.99,228.56,0.78818,-1,-1,-1
253,-1,1061.96,433.53,54.22,321.66,0.49855,-1,-1,-1
253,-1,1273.84,359.88,69.35,108.84,0.47803,-1,-1,-1
253,-1,245.68,517.29,49.20,61.98,0.36088,-1,-1,-1
253,-1,1826.83,416.81,53.52,145.43,0.32880,-1,-1,-1
253,-1,34.93,598.46,70.69,148.60,0.23222,-1,-1,-1
253,-1,1722.78,485.65,22.82,100.50,0.22616,-1,-1,-1
253,-1,1791.59,417.78,55.10,199.79,0.19662,-1,-1,-1
253,-1,66.29,507.13,130.38,242.71,0.14454,-1,-1,-1
253,-1,1165.23,349.78,115.72,359.31,0.12596,-1,-1,-1
253,-1,1889.78,443.21,27.53,119.00,0.11476,-1,-1,-1
253,-1,1286.47,367.06,69.98,197.15,0.11126,-1,-1,-1
253,-1,1784.85,449.95,25.69,145.29,0.10900,-1,-1,-1
253,-1,1317.78,414.19,38.45,188.46,0.10754,-1,-1,-1
253,-1,1406.28,464.14,56.28,223.73,0.09361,-1,-1,-1
253,-1,575.31,396.64,43.72,111.02,0.09127,-1,-1,-1
253,-1,48.66,522.00,67.47,236.27,0.09107,-1,-1,-1
253,-1,420.61,503.17,13.77,28.54,0.06751,-1,-1,-1
253,-1,1797.18,423.91,42.05,95.79,0.05691,-1,-1,-1
254,-1,1080.45,298.01,206.22,501.59,0.99895,-1,-1,-1
254,-1,1349.19,375.81,131.91,347.82,0.99859,-1,-1,-1
254,-1,1797.58,419.10,94.75,215.56,0.99849,-1,-1,-1
254,-1,675.85,339.43,202.95,514.40,0.99831,-1,-1,-1
254,-1,837.29,316.72,183.03,550.35,0.99638,-1,-1,-1
254,-1,1539.61,426.38,84.08,272.47,0.99603,-1,-1,-1
254,-1,1253.31,376.98,110.92,342.77,0.99277,-1,-1,-1
254,-1,1009.68,387.88,90.94,377.11,0.98722,-1,-1,-1
254,-1,1627.18,531.79,71.18,182.64,0.98693,-1,-1,-1
254,-1,954.58,370.50,118.17,412.15,0.96240,-1,-1,-1
254,-1,1230.58,428.55,66.20,240.25,0.93460,-1,-1,-1
254,-1,1692.87,471.97,39.29,112.61,0.92566,-1,-1,-1
254,-1,1580.32,435.35,53.01,238.70,0.84945,-1,-1,-1
254,-1,128.23,536.74,69.54,206.14,0.76208,-1,-1,-1
254,-1,940.39,332.92,96.25,304.18,0.51180,-1,-1,-1
254,-1,1840.82,419.54,36.95,87.95,0.39025,-1,-1,-1
254,-1,245.64,517.76,45.59,60.17,0.38413,-1,-1,-1
254,-1,1834.02,415.68,23.86,41.55,0.31155,-1,-1,-1
254,-1,1835.93,432.06,62.36,190.45,0.18362,-1,-1,-1
254,-1,50.53,572.72,60.24,178.56,0.18089,-1,-1,-1
254,-1,1787.35,426.07,41.02,186.69,0.15891,-1,-1,-1
254,-1,575.03,396.09,44.34,112.22,0.15654,-1,-1,-1
254,-1,99.44,455.00,106.56,297.91,0.15630,-1,-1,-1
254,-1,1405.57,467.41,75.06,225.66,0.08887,-1,-1,-1
254,-1,1721.37,468.90,30.60,126.18,0.08681,-1,-1,-1
254,-1,1210.29,366.12,105.04,322.85,0.08655,-1,-1,-1
254,-1,1064.33,448.54,63.73,288.81,0.08158,-1,-1,-1
254,-1,1797.19,424.54,39.67,141.30,0.06472,-1,-1,-1
254,-1,419.91,504.53,13.48,29.83,0.06377,-1,-1,-1
254,-1,1889.30,446.13,29.88,129.49,0.05637,-1,-1,-1
254,-1,57.20,519.03,117.74,241.71,0.05265,-1,-1,-1
255,-1,1082.77,301.54,206.15,503.59,0.99907,-1,-1,-1
255,-1,695.87,329.37,186.78,506.01,0.99894,-1,-1,-1
255,-1,1353.78,374.04,128.94,351.20,0.99876,-1,-1,-1
255,-1,855.25,330.14,182.32,534.99,0.99849,-1,-1,-1
255,-1,1802.18,419.29,89.26,215.73,0.99758,-1,-1,-1
255,-1,1539.30,425.99,85.76,272.78,0.99673,-1,-1,-1
255,-1,1627.69,527.99,90.57,185.28,0.99203,-1,-1,-1
255,-1,1023.36,385.49,83.16,368.86,0.98758,-1,-1,-1
255,-1,1254.14,379.19,114.60,337.07,0.98389,-1,-1,-1
255,-1,960.07,366.59,105.21,418.10,0.97195,-1,-1,-1
255,-1,1226.35,426.78,72.89,244.02,0.95662,-1,-1,-1
255,-1,1693.68,472.05,38.57,112.89,0.91813,-1,-1,-1
255,-1,126.40,501.28,77.72,242.43,0.81969,-1,-1,-1
255,-1,1580.52,434.47,51.79,237.55,0.81207,-1,-1,-1
255,-1,948.88,334.31,96.97,303.89,0.36284,-1,-1,-1
255,-1,245.99,519.44,43.18,59.33,0.35650,-1,-1,-1
255,-1,1793.02,423.78,43.10,178.54,0.33534,-1,-1,-1
255,-1,963.28,326.36,53.77,77.93,0.23697,-1,-1,-1
255,-1,42.80,559.09,67.26,194.06,0.23549,-1,-1,-1
255,-1,954.59,329.87,77.24,184.65,0.21032,-1,-1,-1
255,-1,1889.57,444.81,29.74,131.53,0.16962,-1,-1,-1
255,-1,1198.32,352.10,115.59,334.65,0.16437,-1,-1,-1
255,-1,1798.83,421.16,51.76,99.33,0.12646,-1,-1,-1
255,-1,1841.39,437.51,58.56,180.71,0.11626,-1,-1,-1
255,-1,1847.00,428.06,33.30,88.86,0.11531,-1,-1,-1
255,-1,1066.45,387.42,92.12,360.44,0.10397,-1,-1,-1
255,-1,575.20,395.25,44.14,113.51,0.09830,-1,-1,-1
255,-1,988.55,386.06,63.40,258.37,0.07902,-1,-1,-1
255,-1,1817.58,421.41,63.32,113.12,0.07590,-1,-1,-1
255,-1,419.70,505.21,13.92,28.51,0.07370,-1,-1,-1
255,-1,246.06,520.14,47.65,149.96,0.07071,-1,-1,-1
255,-1,1720.01,468.83,32.04,126.31,0.06785,-1,-1,-1
255,-1,59.63,529.15,132.98,221.56,0.06100,-1,-1,-1
255,-1,1083.02,463.71,64.54,247.31,0.05996,-1,-1,-1
256,-1,730.01,336.10,156.87,504.00,0.99916,-1,-1,-1
256,-1,1092.79,308.10,213.69,491.95,0.99907,-1,-1,-1
256,-1,868.05,329.71,189.04,541.51,0.99824,-1,-1,-1
256,-1,1363.22,375.39,119.19,349.93,0.99803,-1,-1,-1
256,-1,1805.01,416.41,90.05,218.06,0.99780,-1,-1,-1
256,-1,1539.55,426.28,85.70,271.55,0.99709,-1,-1,-1
256,-1,1629.53,530.01,101.73,185.88,0.99707,-1,-1,-1
256,-1,1278.01,379.46,92.01,337.03,0.98726,-1,-1,-1
256,-1,1024.73,393.21,89.26,359.92,0.97816,-1,-1,-1
256,-1,968.36,331.53,95.52,459.41,0.94677,-1,-1,-1
256,-1,1231.27,429.18,77.99,237.20,0.93552,-1,-1,-1
256,-1,1694.35,471.79,37.80,113.63,0.93166,-1,-1,-1
256,-1,969.52,327.36,87.09,187.36,0.86065,-1,-1,-1
256,-1,125.63,519.92,75.60,222.72,0.80191,-1,-1,-1
256,-1,1579.45,433.73,51.87,240.62,0.66314,-1,-1,-1
256,-1,1889.15,444.27,26.31,97.10,0.58532,-1,-1,-1
256,-1,246.11,516.94,46.39,61.41,0.45650,-1,-1,-1
256,-1,1796.34,426.49,35.17,181.69,0.33578,-1,-1,-1
256,-1,1187.34,348.19,174.23,398.34,0.32445,-1,-1,-1
256,-1,1425.29,441.58,54.58,257.75,0.23442,-1,-1,-1
256,-1,50.31,566.24,61.49,185.60,0.20337,-1,-1,-1
256,-1,1803.31,425.60,36.10,105.26,0.14197,-1,-1,-1
256,-1,1058.26,396.98,87.84,348.05,0.12461,-1,-1,-1
256,-1,65.69,526.68,128.13,221.76,0.10948,-1,-1,-1
256,-1,1843.53,416.51,21.22,38.95,0.10729,-1,-1,-1
256,-1,575.32,395.18,44.26,112.58,0.10093,-1,-1,-1
256,-1,898.85,326.26,145.05,252.99,0.08905,-1,-1,-1
256,-1,969.40,324.72,53.98,80.32,0.08845,-1,-1,-1
256,-1,1800.71,422.67,25.03,56.13,0.08138,-1,-1,-1
256,-1,1850.59,437.10,53.65,168.12,0.08098,-1,-1,-1
256,-1,1716.03,472.71,35.52,119.69,0.07910,-1,-1,-1
256,-1,1871.37,455.12,39.40,144.40,0.07764,-1,-1,-1
256,-1,1806.02,419.61,70.82,126.60,0.06574,-1,-1,-1
256,-1,990.59,528.87,70.00,217.94,0.06568,-1,-1,-1
256,-1,995.51,371.89,65.65,288.05,0.06332,-1,-1,-1
256,-1,1029.34,383.19,45.83,110.25,0.05665,-1,-1,-1
256,-1,0.27,548.78,36.18,143.30,0.05626,-1,-1,-1
256,-1,420.14,503.13,13.34,28.28,0.05441,-1,-1,-1
256,-1,1317.61,407.14,53.99,239.86,0.05359,-1,-1,-1
256,-1,1896.13,462.95,23.87,85.97,0.05229,-1,-1,-1
256,-1,40.60,515.66,75.26,189.82,0.05059,-1,-1,-1
257,-1,1101.26,306.53,203.14,495.46,0.99915,-1,-1,-1
257,-1,1364.77,374.95,120.17,349.19,0.99878,-1,-1,-1
257,-1,745.26,334.90,148.47,513.81,0.99873,-1,-1,-1
257,-1,867.62,329.38,225.05,540.61,0.99868,-1,-1,-1
257,-1,1635.69,528.78,98.43,189.17,0.99785,-1,-1,-1
257,-1,1539.57,426.02,85.87,271.20,0.99727,-1,-1,-1
257,-1,1814.12,414.58,83.31,218.46,0.99652,-1,-1,-1
257,-1,1282.17,393.12,89.93,321.34,0.98317,-1,-1,-1
257,-1,1035.11,390.63,87.49,356.43,0.97878,-1,-1,-1
257,-1,1694.30,472.38,36.82,113.77,0.94011,-1,-1,-1
257,-1,1234.82,445.95,70.86,223.46,0.90508,-1,-1,-1
257,-1,979.78,326.57,81.89,181.14,0.90218,-1,-1,-1
257,-1,983.56,359.03,116.40,380.58,0.85007,-1,-1,-1
257,-1,125.15,523.02,75.87,217.02,0.73925,-1,-1,-1
257,-1,1889.24,443.57,25.62,89.76,0.62808,-1,-1,-1
257,-1,1255.35,371.70,88.21,314.40,0.62275,-1,-1,-1
257,-1,1578.53,434.22,52.57,237.18,0.55334,-1,-1,-1
257,-1,1803.92,419.94,44.33,194.17,0.54558,-1,-1,-1
257,-1,246.20,517.51,45.86,60.41,0.31062,-1,-1,-1
257,-1,1804.32,422.55,52.94,98.96,0.24845,-1,-1,-1
257,-1,1886.94,441.09,32.44,144.58,0.12312,-1,-1,-1
257,-1,1810.48,511.35,19.42,97.94,0.10652,-1,-1,-1
257,-1,931.08,324.92,127.11,224.19,0.10156,-1,-1,-1
257,-1,1001.71,522.83,75.11,200.40,0.10013,-1,-1,-1
257,-1,1274.30,362.36,67.81,115.26,0.09465,-1,-1,-1
257,-1,65.88,469.50,131.45,293.54,0.09443,-1,-1,-1
257,-1,1794.25,441.01,33.38,163.60,0.09364,-1,-1,-1
257,-1,51.40,568.69,60.11,184.14,0.08396,-1,-1,-1
257,-1,1893.09,444.24,18.22,42.41,0.07921,-1,-1,-1
257,-1,1806.52,433.31,23.84,101.06,0.07218,-1,-1,-1
257,-1,420.40,503.46,13.32,28.09,0.06996,-1,-1,-1
257,-1,1816.19,519.88,27.90,107.75,0.06451,-1,-1,-1
257,-1,444.41,493.32,20.16,44.56,0.06379,-1,-1,-1
257,-1,1106.72,447.34,53.26,261.67,0.05879,-1,-1,-1
257,-1,38.10,509.15,78.31,182.16,0.05542,-1,-1,-1
257,-1,574.73,397.04,44.29,111.62,0.05107,-1,-1,-1
258,-1,1112.03,310.47,196.05,493.28,0.99908,-1,-1,-1
258,-1,873.89,330.82,223.67,537.26,0.99889,-1,-1,-1
258,-1,1370.34,375.29,117.27,342.39,0.99878,-1,-1,-1
258,-1,765.58,334.58,136.49,507.66,0.99869,-1,-1,-1
258,-1,1539.99,424.75,85.26,273.04,0.99729,-1,-1,-1
258,-1,1642.85,533.54,94.87,185.83,0.99675,-1,-1,-1
258,-1,1816.55,414.68,84.87,217.56,0.99537,-1,-1,-1
258,-1,1044.96,390.35,85.42,349.61,0.97972,-1,-1,-1
258,-1,1284.64,410.61,91.87,303.57,0.97714,-1,-1,-1
258,-1,1694.23,472.09,38.23,113.56,0.95886,-1,-1,-1
258,-1,1239.51,449.39,70.74,222.54,0.87293,-1,-1,-1
258,-1,987.20,324.92,77.84,175.22,0.87256,-1,-1,-1
258,-1,127.04,505.16,73.52,236.01,0.87094,-1,-1,-1
258,-1,997.40,374.38,110.45,361.50,0.71067,-1,-1,-1
258,-1,1575.61,437.21,55.85,239.78,0.64506,-1,-1,-1
258,-1,948.96,324.72,133.77,417.41,0.46333,-1,-1,-1
258,-1,1805.04,424.45,42.82,189.66,0.44757,-1,-1,-1
258,-1,1250.36,368.15,86.46,303.90,0.34796,-1,-1,-1
258,-1,1274.58,361.32,65.62,113.01,0.34006,-1,-1,-1
258,-1,1892.00,442.45,20.30,79.59,0.28167,-1,-1,-1
258,-1,1834.74,420.22,58.06,154.13,0.26842,-1,-1,-1
258,-1,1892.04,443.16,27.49,142.92,0.24322,-1,-1,-1
258,-1,1848.44,419.89,39.48,76.44,0.23988,-1,-1,-1
258,-1,1109.25,452.63,61.09,253.17,0.22976,-1,-1,-1
258,-1,51.61,568.49,59.16,184.15,0.20728,-1,-1,-1
258,-1,1809.15,422.68,52.19,125.73,0.20716,-1,-1,-1
258,-1,246.06,516.42,47.99,57.44,0.19126,-1,-1,-1
258,-1,1181.23,329.76,170.04,431.83,0.18870,-1,-1,-1
258,-1,1269.02,358.36,83.72,187.60,0.14588,-1,-1,-1
258,-1,574.68,395.26,44.68,112.17,0.11593,-1,-1,-1
258,-1,1810.76,508.33,21.16,107.95,0.10951,-1,-1,-1
258,-1,1816.01,515.82,24.25,105.52,0.10618,-1,-1,-1
258,-1,1894.26,443.48,17.19,44.63,0.10255,-1,-1,-1
258,-1,1808.56,428.72,23.12,106.71,0.09460,-1,-1,-1
258,-1,76.32,520.91,118.54,240.61,0.09186,-1,-1,-1
258,-1,1816.98,419.42,66.17,94.92,0.07304,-1,-1,-1
258,-1,1792.69,439.23,37.84,171.05,0.07053,-1,-1,-1
258,-1,29.90,513.58,83.24,210.06,0.05869,-1,-1,-1
258,-1,444.79,493.32,19.03,41.20,0.05712,-1,-1,-1
258,-1,1088.12,378.41,110.56,358.47,0.05683,-1,-1,-1
258,-1,420.36,503.01,13.30,28.49,0.05326,-1,-1,-1
258,-1,871.85,606.93,57.97,86.30,0.05143,-1,-1,-1
258,-1,1899.49,468.09,20.51,92.64,0.05127,-1,-1,-1
259,-1,1380.46,370.11,114.54,344.01,0.99912,-1,-1,-1
259,-1,1130.42,305.01,182.91,490.86,0.99855,-1,-1,-1
259,-1,779.15,327.65,147.50,512.96,0.99840,-1,-1,-1
259,-1,882.93,337.56,240.02,530.18,0.99812,-1,-1,-1
259,-1,1539.60,422.80,87.92,274.76,0.99679,-1,-1,-1
259,-1,1651.09,532.07,84.67,186.48,0.99665,-1,-1,-1
259,-1,1815.15,412.71,90.08,217.67,0.99596,-1,-1,-1
259,-1,1289.92,420.93,93.94,290.79,0.98018,-1,-1,-1
259,-1,1049.28,395.20,92.23,341.67,0.96542,-1,-1,-1
259,-1,1693.45,472.72,40.33,108.28,0.94351,-1,-1,-1
259,-1,127.66,528.04,67.32,215.98,0.84474,-1,-1,-1
259,-1,993.31,325.49,76.72,168.48,0.79981,-1,-1,-1
259,-1,981.11,344.64,156.02,405.57,0.76663,-1,-1,-1
259,-1,1583.36,452.53,51.48,205.14,0.53516,-1,-1,-1
259,-1,998.90,326.64,60.26,91.12,0.53152,-1,-1,-1
259,-1,1253.18,490.99,62.01,177.64,0.49626,-1,-1,-1
259,-1,1277.97,362.73,66.68,113.50,0.46675,-1,-1,-1
259,-1,1084.29,416.66,108.32,319.68,0.45925,-1,-1,-1
259,-1,1249.08,365.86,85.48,301.54,0.29395,-1,-1,-1
259,-1,49.95,565.01,61.45,186.52,0.28465,-1,-1,-1
259,-1,1806.54,429.57,39.49,180.66,0.27565,-1,-1,-1
259,-1,99.57,459.63,104.62,289.71,0.27125,-1,-1,-1
259,-1,0.00,543.39,43.91,120.49,0.26635,-1,-1,-1
259,-1,1054.95,395.59,72.38,215.00,0.24204,-1,-1,-1
259,-1,995.31,344.06,108.73,261.39,0.17261,-1,-1,-1
259,-1,574.68,395.27,44.61,112.95,0.13280,-1,-1,-1
259,-1,1190.71,328.78,130.00,373.37,0.12593,-1,-1,-1
259,-1,1814.84,509.78,26.10,107.21,0.11784,-1,-1,-1
259,-1,1354.56,456.72,36.87,180.85,0.10912,-1,-1,-1
259,-1,1901.66,496.08,18.34,92.35,0.10110,-1,-1,-1
259,-1,246.17,516.59,46.34,57.83,0.09171,-1,-1,-1
259,-1,48.59,536.65,137.63,218.73,0.08814,-1,-1,-1
259,-1,7.36,530.46,80.13,245.63,0.07774,-1,-1,-1
259,-1,28.85,507.87,84.56,179.13,0.07753,-1,-1,-1
259,-1,1093.69,445.12,63.52,258.37,0.06890,-1,-1,-1
259,-1,1856.55,424.24,52.56,148.83,0.05898,-1,-1,-1
259,-1,1124.98,469.78,73.67,259.12,0.05320,-1,-1,-1
259,-1,420.35,503.39,13.41,28.00,0.05250,-1,-1,-1
259,-1,928.72,330.99,159.27,267.45,0.05226,-1,-1,-1
260,-1,1385.58,372.49,123.17,342.17,0.99926,-1,-1,-1
260,-1,896.72,340.18,221.04,527.87,0.99878,-1,-1,-1
260,-1,788.39,335.52,149.60,505.67,0.99877,-1,-1,-1
260,-1,1136.00,305.64,181.18,487.20,0.99862,-1,-1,-1
260,-1,1539.45,421.40,87.83,276.74,0.99740,-1,-1,-1
260,-1,1665.20,533.16,74.30,184.88,0.99704,-1,-1,-1
260,-1,1818.48,418.39,84.36,211.81,0.99639,-1,-1,-1
260,-1,1299.89,428.75,79.96,286.45,0.98579,-1,-1,-1
260,-1,1043.30,393.67,95.54,357.20,0.92281,-1,-1,-1
260,-1,125.83,524.04,73.49,214.81,0.91881,-1,-1,-1
260,-1,1694.80,472.96,38.88,93.45,0.90622,-1,-1,-1
260,-1,1007.64,326.63,65.60,160.85,0.85340,-1,-1,-1
260,-1,833.54,339.29,207.11,509.11,0.78088,-1,-1,-1
260,-1,1062.72,395.62,62.15,268.04,0.68362,-1,-1,-1
260,-1,1576.31,440.46,56.39,225.94,0.65652,-1,-1,-1
260,-1,1275.51,361.25,67.11,124.49,0.59221,-1,-1,-1
260,-1,1110.46,420.51,82.65,312.30,0.56720,-1,-1,-1
260,-1,1007.76,326.73,56.36,89.50,0.52937,-1,-1,-1
260,-1,46.61,541.85,65.70,208.32,0.48318,-1,-1,-1
260,-1,0.68,542.91,43.93,121.93,0.47324,-1,-1,-1
260,-1,1258.65,453.09,53.86,218.07,0.44300,-1,-1,-1
260,-1,1005.89,364.08,175.70,390.11,0.37915,-1,-1,-1
260,-1,1858.90,421.35,52.34,159.10,0.31411,-1,-1,-1
260,-1,1897.60,442.17,16.45,31.07,0.30985,-1,-1,-1
260,-1,1804.98,427.68,27.02,38.66,0.28695,-1,-1,-1
260,-1,1250.03,362.29,88.73,302.46,0.28135,-1,-1,-1
260,-1,1855.90,417.22,37.78,66.61,0.25549,-1,-1,-1
260,-1,41.66,505.00,69.26,145.08,0.14198,-1,-1,-1
260,-1,58.08,523.02,128.70,230.79,0.13789,-1,-1,-1
260,-1,1003.48,327.85,99.63,223.11,0.13515,-1,-1,-1
260,-1,5.32,537.04,60.64,99.01,0.13198,-1,-1,-1
260,-1,1901.88,468.06,18.12,112.65,0.12877,-1,-1,-1
260,-1,19.94,507.22,81.08,259.91,0.11658,-1,-1,-1
260,-1,246.13,516.56,46.00,58.94,0.11104,-1,-1,-1
260,-1,4.22,521.51,53.43,246.19,0.10270,-1,-1,-1
260,-1,1815.19,422.67,59.68,155.34,0.08278,-1,-1,-1
260,-1,933.82,330.07,148.77,211.91,0.08253,-1,-1,-1
260,-1,1807.60,426.76,37.39,162.77,0.08217,-1,-1,-1
260,-1,1062.33,392.76,53.15,107.57,0.07566,-1,-1,-1
260,-1,574.62,394.84,44.57,112.64,0.07534,-1,-1,-1
260,-1,1356.49,468.58,38.94,175.55,0.07298,-1,-1,-1
260,-1,1886.99,441.53,32.91,148.30,0.07296,-1,-1,-1
260,-1,1117.60,357.41,129.51,417.55,0.07138,-1,-1,-1
260,-1,1327.44,440.80,60.65,225.67,0.05963,-1,-1,-1
260,-1,1809.84,429.36,26.02,83.23,0.05299,-1,-1,-1
260,-1,1131.05,407.49,34.54,172.38,0.05118,-1,-1,-1
260,-1,1123.75,444.91,24.21,111.58,0.05030,-1,-1,-1
261,-1,799.04,343.45,156.73,494.38,0.99930,-1,-1,-1
261,-1,1387.78,374.46,132.58,341.40,0.99920,-1,-1,-1
261,-1,1142.20,305.13,174.75,476.93,0.99858,-1,-1,-1
261,-1,908.44,343.03,215.74,512.58,0.99791,-1,-1,-1
261,-1,1669.22,533.00,75.69,183.60,0.99779,-1,-1,-1
261,-1,1825.38,414.60,79.73,223.01,0.99713,-1,-1,-1
261,-1,1539.67,422.99,86.16,276.81,0.99699,-1,-1,-1
261,-1,1299.59,430.72,88.70,275.65,0.99573,-1,-1,-1
261,-1,1058.33,396.86,95.54,361.99,0.96010,-1,-1,-1
261,-1,1694.46,473.03,38.14,77.31,0.91526,-1,-1,-1
261,-1,125.40,523.71,73.86,214.83,0.90716,-1,-1,-1
261,-1,1019.85,328.19,43.91,71.08,0.82151,-1,-1,-1
261,-1,1278.50,363.58,63.22,121.74,0.68836,-1,-1,-1
261,-1,1137.71,439.64,66.66,300.85,0.58271,-1,-1,-1
261,-1,1863.25,423.64,50.62,177.63,0.57605,-1,-1,-1
261,-1,1586.48,471.25,49.18,183.40,0.55996,-1,-1,-1
261,-1,1104.69,401.11,84.88,335.74,0.49492,-1,-1,-1
261,-1,246.17,519.24,44.45,59.46,0.40335,-1,-1,-1
261,-1,1898.51,440.53,21.49,146.25,0.37633,-1,-1,-1
261,-1,48.91,553.68,63.87,197.75,0.36318,-1,-1,-1
261,-1,1.94,540.76,47.41,155.04,0.32440,-1,-1,-1
261,-1,1895.29,441.95,16.59,52.38,0.32233,-1,-1,-1
261,-1,1269.35,464.47,43.90,212.55,0.31396,-1,-1,-1
261,-1,986.65,382.50,190.81,406.80,0.29975,-1,-1,-1
261,-1,1019.27,329.83,56.66,126.37,0.29632,-1,-1,-1
261,-1,1891.19,441.46,20.36,86.52,0.27642,-1,-1,-1
261,-1,1067.76,395.01,63.53,206.61,0.20500,-1,-1,-1
261,-1,1697.55,468.50,44.74,126.91,0.19578,-1,-1,-1
261,-1,1277.45,389.45,80.72,276.38,0.19469,-1,-1,-1
261,-1,1860.97,420.15,35.48,73.66,0.18105,-1,-1,-1
261,-1,62.11,524.49,126.41,228.70,0.16591,-1,-1,-1
261,-1,1807.98,426.94,23.73,34.90,0.15550,-1,-1,-1
261,-1,43.36,501.77,65.48,136.52,0.13849,-1,-1,-1
261,-1,1086.12,448.33,76.90,270.56,0.13607,-1,-1,-1
261,-1,4.70,536.08,66.76,231.80,0.11789,-1,-1,-1
261,-1,1853.20,417.68,52.35,102.76,0.10344,-1,-1,-1
261,-1,573.52,395.32,46.11,113.65,0.09233,-1,-1,-1
261,-1,1358.12,470.49,35.92,184.71,0.07417,-1,-1,-1
261,-1,1816.99,421.82,64.10,171.10,0.07230,-1,-1,-1
261,-1,998.28,326.33,69.69,93.56,0.06460,-1,-1,-1
261,-1,1138.29,383.01,36.89,199.31,0.06434,-1,-1,-1
261,-1,1063.74,557.17,75.61,210.04,0.06426,-1,-1,-1
261,-1,952.76,334.71,120.52,179.49,0.05499,-1,-1,-1
261,-1,5.18,537.28,63.60,83.79,0.05260,-1,-1,-1
262,-1,813.02,337.70,187.73,500.15,0.99893,-1,-1,-1
262,-1,1152.22,303.91,163.92,485.81,0.99890,-1,-1,-1
262,-1,1388.06,370.34,144.30,343.57,0.99877,-1,-1,-1
262,-1,1677.92,532.65,74.49,183.28,0.99817,-1,-1,-1
262,-1,947.73,339.25,195.32,511.47,0.99794,-1,-1,-1
262,-1,1540.26,422.83,85.83,276.45,0.99760,-1,-1,-1
262,-1,1307.94,422.14,84.78,286.81,0.99642,-1,-1,-1
262,-1,1825.21,415.84,87.28,217.27,0.99589,-1,-1,-1
262,-1,1072.66,385.86,86.57,376.55,0.96448,-1,-1,-1
262,-1,1694.37,473.10,37.94,71.26,0.92877,-1,-1,-1
262,-1,125.06,533.32,70.65,208.97,0.87909,-1,-1,-1
262,-1,1861.35,421.22,55.15,190.23,0.83620,-1,-1,-1
262,-1,1582.12,452.21,52.35,213.37,0.75182,-1,-1,-1
262,-1,1041.04,332.69,29.28,72.61,0.73587,-1,-1,-1
262,-1,865.32,321.69,208.17,527.35,0.69877,-1,-1,-1
262,-1,1148.34,421.74,58.50,323.54,0.69051,-1,-1,-1
262,-1,1283.15,361.15,58.57,128.00,0.58158,-1,-1,-1
262,-1,1904.20,439.41,15.80,125.63,0.45928,-1,-1,-1
262,-1,1075.17,391.28,64.75,211.84,0.43506,-1,-1,-1
262,-1,87.79,467.47,114.40,281.98,0.32307,-1,-1,-1
262,-1,246.30,518.21,43.78,60.55,0.27848,-1,-1,-1
262,-1,1039.69,331.22,44.07,98.23,0.25207,-1,-1,-1
262,-1,41.86,565.04,67.71,187.79,0.24662,-1,-1,-1
262,-1,963.37,617.04,50.66,102.70,0.21099,-1,-1,-1
262,-1,1694.91,464.61,47.95,127.84,0.18465,-1,-1,-1
262,-1,1140.75,328.46,104.11,423.24,0.16709,-1,-1,-1
262,-1,3.22,539.86,51.10,117.83,0.15917,-1,-1,-1
262,-1,32.98,503.62,76.32,155.84,0.15847,-1,-1,-1
262,-1,1276.27,445.71,39.35,226.03,0.15259,-1,-1,-1
262,-1,35.35,523.13,143.53,227.27,0.12640,-1,-1,-1
262,-1,1271.03,361.04,78.25,236.86,0.11927,-1,-1,-1
262,-1,12.07,514.57,87.32,246.38,0.10446,-1,-1,-1
262,-1,1902.44,443.80,16.02,62.00,0.10159,-1,-1,-1
262,-1,1866.59,421.04,38.14,73.69,0.09912,-1,-1,-1
262,-1,1367.99,473.03,38.39,165.90,0.08841,-1,-1,-1
262,-1,1889.43,438.62,27.89,105.45,0.08399,-1,-1,-1
262,-1,806.48,590.15,202.03,135.41,0.05558,-1,-1,-1
262,-1,575.32,394.38,43.65,113.36,0.05468,-1,-1,-1
262,-1,419.64,502.52,14.38,28.72,0.05138,-1,-1,-1
263,-1,818.28,348.80,177.58,485.22,0.99947,-1,-1,-1
263,-1,1151.68,304.66,173.08,481.18,0.99883,-1,-1,-1
263,-1,1390.75,373.46,145.77,342.19,0.99875,-1,-1,-1
263,-1,964.99,340.66,196.92,499.67,0.99763,-1,-1,-1
263,-1,1681.09,531.42,73.83,186.55,0.99753,-1,-1,-1
263,-1,1541.53,423.24,87.46,276.02,0.99749,-1,-1,-1
263,-1,1313.76,432.27,82.78,279.73,0.99741,-1,-1,-1
263,-1,1828.41,416.48,83.54,218.17,0.99598,-1,-1,-1
263,-1,1694.99,474.17,37.21,67.40,0.93781,-1,-1,-1
263,-1,1077.45,384.54,95.28,373.67,0.90006,-1,-1,-1
263,-1,126.65,532.51,69.39,210.65,0.86461,-1,-1,-1
263,-1,1084.83,393.81,63.52,231.35,0.77597,-1,-1,-1
263,-1,1580.16,436.57,55.01,236.33,0.74092,-1,-1,-1
263,-1,1047.14,333.68,31.58,69.15,0.71260,-1,-1,-1
263,-1,1864.00,421.50,55.50,165.62,0.70216,-1,-1,-1
263,-1,1282.45,363.41,61.77,155.91,0.53063,-1,-1,-1
263,-1,1867.70,421.44,47.83,85.08,0.44409,-1,-1,-1
263,-1,1151.51,446.28,55.87,297.99,0.43311,-1,-1,-1
263,-1,62.50,521.39,132.00,224.10,0.33051,-1,-1,-1
263,-1,1689.85,462.38,55.17,125.28,0.27366,-1,-1,-1
263,-1,39.40,501.89,68.12,124.27,0.26407,-1,-1,-1
263,-1,246.13,515.57,45.95,62.98,0.25094,-1,-1,-1
263,-1,5.15,543.37,49.64,117.90,0.22893,-1,-1,-1
263,-1,40.13,563.39,69.77,188.16,0.20455,-1,-1,-1
263,-1,1135.22,367.99,88.08,389.97,0.16343,-1,-1,-1
263,-1,1902.57,440.17,17.43,125.03,0.15955,-1,-1,-1
263,-1,958.64,473.15,53.35,228.61,0.15673,-1,-1,-1
263,-1,1890.81,435.73,29.19,160.10,0.15475,-1,-1,-1
263,-1,1594.21,478.73,39.69,158.02,0.14505,-1,-1,-1
263,-1,6.47,533.20,84.53,231.39,0.12329,-1,-1,-1
263,-1,1371.40,462.79,41.38,189.66,0.10519,-1,-1,-1
263,-1,11.62,535.11,72.54,101.52,0.10419,-1,-1,-1
263,-1,419.84,505.27,13.82,28.66,0.08866,-1,-1,-1
263,-1,47.50,505.48,88.01,240.98,0.07131,-1,-1,-1
263,-1,1279.21,377.96,73.44,273.70,0.06439,-1,-1,-1
263,-1,575.44,396.84,43.34,111.79,0.06101,-1,-1,-1
263,-1,1817.76,427.75,43.62,157.91,0.06046,-1,-1,-1
263,-1,35.69,435.19,175.74,353.59,0.05519,-1,-1,-1
263,-1,9.10,553.69,96.00,115.85,0.05509,-1,-1,-1
263,-1,1351.65,431.97,72.13,250.93,0.05234,-1,-1,-1
264,-1,817.45,349.33,191.36,480.28,0.99948,-1,-1,-1
264,-1,1401.39,373.42,137.91,340.42,0.99878,-1,-1,-1
264,-1,1154.64,309.63,188.51,473.10,0.99875,-1,-1,-1
264,-1,1541.69,424.79,89.12,275.80,0.99826,-1,-1,-1
264,-1,983.19,334.98,188.09,509.71,0.99801,-1,-1,-1
264,-1,1687.48,527.01,71.53,190.02,0.99758,-1,-1,-1
264,-1,1834.92,420.54,79.34,211.89,0.99738,-1,-1,-1
264,-1,1324.08,429.50,80.14,284.06,0.99641,-1,-1,-1
264,-1,1695.10,474.20,36.94,68.71,0.92222,-1,-1,-1
264,-1,125.54,529.39,72.49,214.46,0.91396,-1,-1,-1
264,-1,1086.86,396.42,74.94,270.14,0.85175,-1,-1,-1
264,-1,1584.14,448.38,53.87,214.70,0.76809,-1,-1,-1
264,-1,1865.61,415.80,54.15,99.46,0.75445,-1,-1,-1
264,-1,1089.84,390.51,109.90,352.65,0.64865,-1,-1,-1
264,-1,1134.29,408.11,82.10,338.13,0.47241,-1,-1,-1
264,-1,1089.59,390.49,63.05,160.40,0.43567,-1,-1,-1
264,-1,1824.94,419.51,58.19,195.88,0.42783,-1,-1,-1
264,-1,1286.16,360.33,57.70,153.83,0.36461,-1,-1,-1
264,-1,246.23,516.38,43.81,62.11,0.33914,-1,-1,-1
264,-1,7.27,538.43,49.54,120.31,0.30888,-1,-1,-1
264,-1,1820.40,428.95,39.18,147.86,0.24620,-1,-1,-1
264,-1,1688.46,459.20,48.11,109.49,0.19795,-1,-1,-1
264,-1,19.50,505.87,87.28,253.65,0.19373,-1,-1,-1
264,-1,35.98,503.13,73.04,147.78,0.18681,-1,-1,-1
264,-1,77.26,500.30,114.34,246.59,0.15568,-1,-1,-1
264,-1,48.35,567.35,62.81,183.33,0.15104,-1,-1,-1
264,-1,1304.40,392.59,77.23,301.97,0.14323,-1,-1,-1
264,-1,1870.06,427.44,49.09,181.88,0.13942,-1,-1,-1
264,-1,1379.68,456.72,41.30,189.57,0.09069,-1,-1,-1
264,-1,1281.11,365.90,77.01,284.74,0.08622,-1,-1,-1
264,-1,10.63,516.82,73.52,167.45,0.07887,-1,-1,-1
264,-1,575.39,396.70,43.64,112.06,0.07848,-1,-1,-1
264,-1,1827.13,517.52,22.85,54.24,0.06700,-1,-1,-1
264,-1,1615.80,471.98,30.89,137.25,0.05984,-1,-1,-1
264,-1,1111.33,423.23,39.46,131.58,0.05162,-1,-1,-1
265,-1,822.82,348.75,194.53,481.15,0.99951,-1,-1,-1
265,-1,1403.32,375.40,139.09,338.07,0.99868,-1,-1,-1
265,-1,995.47,339.35,182.87,504.59,0.99863,-1,-1,-1
265,-1,1162.55,311.10,194.15,469.26,0.99847,-1,-1,-1
265,-1,1541.89,425.39,88.87,274.79,0.99817,-1,-1,-1
265,-1,1692.01,526.43,72.91,194.61,0.99765,-1,-1,-1
265,-1,1837.59,420.65,77.10,212.66,0.99632,-1,-1,-1
265,-1,1322.47,429.64,82.93,274.75,0.99524,-1,-1,-1
265,-1,123.28,529.83,73.45,214.25,0.94165,-1,-1,-1
265,-1,1694.83,473.48,37.14,77.40,0.92245,-1,-1,-1
265,-1,1094.42,390.91,64.87,200.69,0.84458,-1,-1,-1
265,-1,1584.45,452.22,52.37,217.84,0.82037,-1,-1,-1
265,-1,1863.71,416.17,56.29,90.92,0.74911,-1,-1,-1
265,-1,1079.51,382.62,120.77,379.25,0.73178,-1,-1,-1
265,-1,1142.84,378.45,76.00,365.57,0.59545,-1,-1,-1
265,-1,1825.75,421.92,53.97,170.96,0.47537,-1,-1,-1
265,-1,245.94,515.28,46.62,63.45,0.34061,-1,-1,-1
265,-1,42.21,503.09,66.43,133.89,0.31227,-1,-1,-1
265,-1,8.24,535.57,48.55,130.76,0.30463,-1,-1,-1
265,-1,45.84,558.25,63.67,194.05,0.27390,-1,-1,-1
265,-1,1381.25,459.39,40.59,188.45,0.26602,-1,-1,-1
265,-1,1285.58,361.90,58.72,176.25,0.21869,-1,-1,-1
265,-1,79.92,476.62,115.56,269.58,0.20979,-1,-1,-1
265,-1,1689.85,464.51,53.69,115.50,0.14383,-1,-1,-1
265,-1,1154.36,379.37,51.34,217.09,0.11242,-1,-1,-1
265,-1,1118.68,407.69,48.30,224.42,0.10380,-1,-1,-1
265,-1,1823.87,466.55,22.28,63.88,0.08105,-1,-1,-1
265,-1,1098.47,385.17,53.08,131.15,0.07870,-1,-1,-1
265,-1,1273.48,376.39,94.29,303.32,0.06922,-1,-1,-1
265,-1,575.39,397.31,43.59,111.08,0.06725,-1,-1,-1
265,-1,10.45,514.70,66.99,250.21,0.06218,-1,-1,-1
265,-1,420.68,503.31,13.65,28.64,0.05883,-1,-1,-1
265,-1,1609.61,471.42,35.89,142.17,0.05667,-1,-1,-1
265,-1,1364.25,445.95,48.94,224.12,0.05589,-1,-1,-1
265,-1,93.92,541.45,58.18,203.71,0.05105,-1,-1,-1
265,-1,1831.36,419.82,70.57,126.84,0.05066,-1,-1,-1
266,-1,834.82,352.00,188.01,476.40,0.99955,-1,-1,-1
266,-1,1005.23,341.86,175.71,502.63,0.99889,-1,-1,-1
266,-1,1406.29,377.36,138.92,338.19,0.99883,-1,-1,-1
266,-1,1163.10,314.43,196.75,459.47,0.99833,-1,-1,-1
266,-1,1696.40,528.42,71.44,191.60,0.99821,-1,-1,-1
266,-1,1543.10,420.17,89.67,281.16,0.99820,-1,-1,-1
266,-1,1329.58,434.79,80.39,272.30,0.99803,-1,-1,-1
266,-1,1836.62,421.25,78.48,211.89,0.99765,-1,-1,-1
266,-1,119.64,530.91,73.92,212.88,0.93146,-1,-1,-1
266,-1,1693.76,473.13,36.74,92.33,0.92443,-1,-1,-1
266,-1,1098.87,387.86,62.44,152.78,0.86902,-1,-1,-1
266,-1,1864.06,419.10,54.76,76.69,0.86390,-1,-1,-1
266,-1,1583.49,444.60,54.92,226.65,0.79909,-1,-1,-1
266,-1,1869.47,419.09,50.04,180.24,0.71916,-1,-1,-1
266,-1,1090.61,388.24,85.98,295.43,0.60066,-1,-1,-1
266,-1,246.49,517.00,44.64,62.63,0.46554,-1,-1,-1
266,-1,1156.23,366.33,73.17,380.16,0.41353,-1,-1,-1
266,-1,1385.57,457.19,42.02,188.20,0.33259,-1,-1,-1
266,-1,12.25,535.96,45.39,127.84,0.29859,-1,-1,-1
266,-1,41.33,502.50,66.03,129.46,0.14504,-1,-1,-1
266,-1,49.92,555.01,61.13,194.10,0.13886,-1,-1,-1
266,-1,1822.98,430.18,50.55,158.49,0.13356,-1,-1,-1
266,-1,1162.58,480.48,54.52,255.06,0.09985,-1,-1,-1
266,-1,1126.76,416.62,50.11,217.34,0.09028,-1,-1,-1
266,-1,574.95,397.13,44.46,110.66,0.08410,-1,-1,-1
266,-1,55.96,451.84,144.59,313.13,0.07606,-1,-1,-1
266,-1,1597.57,477.77,37.68,158.12,0.07457,-1,-1,-1
266,-1,1824.85,467.66,23.25,62.03,0.06634,-1,-1,-1
266,-1,93.51,539.67,60.39,204.71,0.06244,-1,-1,-1
266,-1,1151.98,395.00,51.37,242.82,0.05721,-1,-1,-1
266,-1,14.61,507.56,77.91,259.16,0.05643,-1,-1,-1
266,-1,1250.33,381.84,113.54,322.42,0.05555,-1,-1,-1
266,-1,1284.70,365.37,60.37,174.16,0.05342,-1,-1,-1
267,-1,866.59,344.78,159.83,471.34,0.99944,-1,-1,-1
267,-1,1016.28,342.52,201.45,503.45,0.99938,-1,-1,-1
267,-1,1187.55,314.70,179.11,464.92,0.99914,-1,-1,-1
267,-1,1330.07,434.71,82.94,263.96,0.99906,-1,-1,-1
267,-1,1412.41,381.41,132.55,329.35,0.99893,-1,-1,-1
267,-1,1543.91,425.25,85.72,275.40,0.99850,-1,-1,-1
267,-1,1835.99,422.23,81.07,206.00,0.99773,-1,-1,-1
267,-1,1704.15,537.79,70.05,185.87,0.99757,-1,-1,-1
267,-1,1690.82,473.82,42.40,105.45,0.95813,-1,-1,-1
267,-1,123.01,521.78,78.73,222.34,0.89892,-1,-1,-1
267,-1,1116.65,385.82,48.76,123.77,0.79151,-1,-1,-1
267,-1,1592.24,470.29,48.23,175.06,0.71652,-1,-1,-1
267,-1,1109.77,340.37,189.74,463.79,0.58837,-1,-1,-1
267,-1,1866.18,420.12,53.43,74.79,0.53683,-1,-1,-1
267,-1,246.02,516.66,44.99,63.39,0.48904,-1,-1,-1
267,-1,1821.95,434.35,35.76,140.75,0.41190,-1,-1,-1
267,-1,1174.69,450.40,51.73,293.61,0.38569,-1,-1,-1
267,-1,1112.91,386.36,38.23,72.66,0.32865,-1,-1,-1
267,-1,30.22,507.51,79.20,250.60,0.29948,-1,-1,-1
267,-1,43.09,504.98,66.05,136.47,0.26914,-1,-1,-1
267,-1,50.87,577.74,59.37,167.30,0.20775,-1,-1,-1
267,-1,61.49,525.75,128.72,218.12,0.20557,-1,-1,-1
267,-1,4.59,536.31,48.48,133.95,0.13913,-1,-1,-1
267,-1,13.28,532.43,60.99,222.32,0.13009,-1,-1,-1
267,-1,1129.13,388.73,56.53,241.73,0.12725,-1,-1,-1
267,-1,245.16,518.56,46.42,155.00,0.12283,-1,-1,-1
267,-1,1098.55,380.30,122.74,371.83,0.11115,-1,-1,-1
267,-1,1620.28,470.63,35.36,132.74,0.05250,-1,-1,-1
267,-1,1825.09,454.42,27.17,80.41,0.05240,-1,-1,-1
268,-1,888.20,352.84,145.33,469.09,0.99945,-1,-1,-1
268,-1,1200.82,329.33,165.30,441.67,0.99923,-1,-1,-1
268,-1,1334.83,433.50,78.53,264.49,0.99908,-1,-1,-1
268,-1,1416.32,379.33,130.43,330.13,0.99892,-1,-1,-1
268,-1,1018.45,338.34,221.83,507.53,0.99846,-1,-1,-1
268,-1,1544.47,424.11,83.57,276.72,0.99819,-1,-1,-1
268,-1,1709.82,530.23,68.71,190.52,0.99810,-1,-1,-1
268,-1,1835.61,421.17,82.27,209.57,0.99570,-1,-1,-1
268,-1,1689.61,473.03,42.03,108.90,0.96832,-1,-1,-1
268,-1,121.50,525.01,81.53,220.00,0.90594,-1,-1,-1
268,-1,1591.11,464.37,48.82,189.13,0.73154,-1,-1,-1
268,-1,245.84,516.85,47.02,62.31,0.45411,-1,-1,-1
268,-1,1868.17,420.63,51.18,71.93,0.40727,-1,-1,-1
268,-1,1178.10,460.65,55.59,256.74,0.39540,-1,-1,-1
268,-1,43.17,559.22,65.49,194.79,0.22081,-1,-1,-1
268,-1,69.06,526.92,127.65,249.02,0.18793,-1,-1,-1
268,-1,1127.00,382.29,62.84,227.41,0.17515,-1,-1,-1
268,-1,1826.68,430.92,43.56,138.73,0.17030,-1,-1,-1
268,-1,1128.44,388.19,23.40,50.73,0.16436,-1,-1,-1
268,-1,245.15,519.68,47.68,157.83,0.12518,-1,-1,-1
268,-1,1154.48,389.71,84.68,343.92,0.12412,-1,-1,-1
268,-1,34.57,502.02,71.14,133.75,0.10389,-1,-1,-1
268,-1,1882.90,443.39,36.37,133.00,0.10204,-1,-1,-1
268,-1,1407.78,462.33,22.81,149.14,0.09223,-1,-1,-1
268,-1,14.98,505.24,86.25,203.18,0.08963,-1,-1,-1
268,-1,1120.38,376.51,60.14,131.30,0.08057,-1,-1,-1
268,-1,1093.25,361.93,129.06,345.43,0.07769,-1,-1,-1
268,-1,1619.51,472.20,37.28,129.26,0.07163,-1,-1,-1
268,-1,1830.98,505.71,28.07,62.88,0.05428,-1,-1,-1
269,-1,906.39,350.32,135.08,459.33,0.99965,-1,-1,-1
269,-1,1424.98,382.71,119.79,326.90,0.99876,-1,-1,-1
269,-1,1547.41,423.18,84.47,277.06,0.99869,-1,-1,-1
269,-1,1022.31,341.56,252.94,504.11,0.99847,-1,-1,-1
269,-1,1211.86,332.29,154.60,438.55,0.99831,-1,-1,-1
269,-1,1343.78,431.35,80.11,268.20,0.99825,-1,-1,-1
269,-1,1714.73,531.51,68.56,193.94,0.99750,-1,-1,-1
269,-1,1839.44,421.21,80.12,209.36,0.99731,-1,-1,-1
269,-1,1689.16,471.60,41.49,112.39,0.97291,-1,-1,-1
269,-1,123.70,514.64,75.82,229.31,0.93423,-1,-1,-1
269,-1,1872.36,422.04,46.64,62.89,0.84736,-1,-1,-1
269,-1,1882.97,434.74,37.03,172.28,0.60330,-1,-1,-1
269,-1,1819.92,424.63,30.83,96.23,0.54466,-1,-1,-1
269,-1,1581.01,447.17,60.06,220.60,0.53177,-1,-1,-1
269,-1,245.76,517.29,44.97,61.73,0.51131,-1,-1,-1
269,-1,1602.29,470.88,41.51,156.16,0.47942,-1,-1,-1
269,-1,1145.02,381.98,50.27,150.84,0.44744,-1,-1,-1
269,-1,44.71,548.93,65.34,202.18,0.33882,-1,-1,-1
269,-1,1827.52,438.85,38.01,129.39,0.24836,-1,-1,-1
269,-1,1834.09,424.63,49.22,170.67,0.22510,-1,-1,-1
269,-1,34.88,501.94,70.61,142.95,0.21642,-1,-1,-1
269,-1,1135.47,383.53,130.24,355.52,0.21464,-1,-1,-1
269,-1,1190.47,402.35,46.55,156.51,0.18064,-1,-1,-1
269,-1,74.90,525.37,120.11,251.69,0.17482,-1,-1,-1
269,-1,1200.12,410.46,43.64,300.53,0.16969,-1,-1,-1
269,-1,1176.28,413.82,46.78,157.91,0.15138,-1,-1,-1
269,-1,1848.64,425.22,70.62,105.01,0.14304,-1,-1,-1
269,-1,19.93,495.22,81.38,278.24,0.14223,-1,-1,-1
269,-1,1110.48,638.47,39.70,90.08,0.13144,-1,-1,-1
269,-1,245.27,519.29,45.35,153.26,0.11203,-1,-1,-1
269,-1,1396.19,460.90,39.34,193.49,0.09932,-1,-1,-1
269,-1,1889.42,436.47,30.58,50.59,0.08070,-1,-1,-1
269,-1,1415.53,489.18,21.00,108.26,0.06647,-1,-1,-1
269,-1,575.42,397.04,43.24,111.09,0.06128,-1,-1,-1
269,-1,858.93,349.98,525.64,434.25,0.06066,-1,-1,-1
269,-1,1833.09,507.23,27.52,61.87,0.06050,-1,-1,-1
269,-1,99.92,520.29,66.99,228.15,0.05952,-1,-1,-1
269,-1,420.19,505.19,13.50,30.23,0.05664,-1,-1,-1
270,-1,915.72,352.72,129.00,459.95,0.99964,-1,-1,-1
270,-1,1549.84,425.48,85.87,275.06,0.99917,-1,-1,-1
270,-1,1429.96,384.56,120.20,326.42,0.99877,-1,-1,-1
270,-1,1217.66,325.22,151.01,449.33,0.99867,-1,-1,-1
270,-1,1352.40,432.13,77.99,271.21,0.99826,-1,-1,-1
270,-1,1033.22,340.64,237.63,503.19,0.99817,-1,-1,-1
270,-1,1718.01,530.99,66.09,193.40,0.99791,-1,-1,-1
270,-1,1839.56,419.63,80.44,209.70,0.99563,-1,-1,-1
270,-1,1689.66,472.21,40.58,111.59,0.97457,-1,-1,-1
270,-1,124.02,515.27,73.64,228.77,0.90829,-1,-1,-1
270,-1,1879.80,429.30,40.20,180.83,0.65716,-1,-1,-1
270,-1,1820.01,425.06,30.16,90.27,0.65679,-1,-1,-1
270,-1,37.70,509.31,72.59,246.64,0.50338,-1,-1,-1
270,-1,245.76,518.68,44.06,60.04,0.49380,-1,-1,-1
270,-1,1600.68,465.16,43.49,171.44,0.39604,-1,-1,-1
270,-1,1834.91,422.15,52.97,175.99,0.34920,-1,-1,-1
270,-1,1174.38,405.89,51.55,134.89,0.32519,-1,-1,-1
270,-1,1131.17,366.17,136.50,404.01,0.27182,-1,-1,-1
270,-1,1827.47,435.71,39.30,134.60,0.24598,-1,-1,-1
270,-1,1198.56,405.75,43.51,153.42,0.24274,-1,-1,-1
270,-1,61.38,523.87,122.34,243.31,0.14120,-1,-1,-1
270,-1,1399.59,461.46,37.25,193.76,0.12817,-1,-1,-1
270,-1,1847.70,423.82,70.69,88.62,0.11498,-1,-1,-1
270,-1,1611.67,471.01,42.81,134.82,0.10082,-1,-1,-1
270,-1,245.34,520.00,45.42,153.12,0.09497,-1,-1,-1
270,-1,36.45,505.98,70.68,127.23,0.09300,-1,-1,-1
270,-1,89.42,536.06,47.06,218.83,0.09046,-1,-1,-1
270,-1,1810.26,424.79,42.92,133.16,0.08137,-1,-1,-1
270,-1,1202.17,418.98,49.68,295.88,0.07682,-1,-1,-1
270,-1,1833.45,462.75,26.04,75.19,0.07561,-1,-1,-1
270,-1,1181.44,417.11,59.72,224.33,0.07068,-1,-1,-1
270,-1,420.55,506.07,13.10,29.94,0.06453,-1,-1,-1
270,-1,575.18,397.10,43.72,110.61,0.05815,-1,-1,-1
270,-1,1834.13,501.20,26.55,71.43,0.05635,-1,-1,-1
270,-1,1170.54,421.45,23.48,34.31,0.05234,-1,-1,-1
271,-1,925.60,351.44,121.85,458.63,0.99938,-1,-1,-1
271,-1,1550.89,426.45,87.28,272.82,0.99897,-1,-1,-1
271,-1,1433.05,383.30,117.53,326.42,0.99889,-1,-1,-1
271,-1,1223.88,320.90,148.08,453.56,0.99856,-1,-1,-1
271,-1,1035.42,337.14,231.98,506.01,0.99827,-1,-1,-1
271,-1,1357.35,434.81,77.81,264.41,0.99814,-1,-1,-1
271,-1,1719.88,528.51,71.44,196.22,0.99693,-1,-1,-1
271,-1,1838.91,419.23,81.09,211.37,0.99610,-1,-1,-1
271,-1,1690.12,472.08,40.47,112.08,0.96659,-1,-1,-1
271,-1,125.47,512.73,73.55,230.02,0.89684,-1,-1,-1
271,-1,1883.70,428.68,36.30,183.51,0.81329,-1,-1,-1
271,-1,1819.60,426.55,31.75,95.36,0.70843,-1,-1,-1
271,-1,245.82,517.40,44.90,61.97,0.58058,-1,-1,-1
271,-1,1593.15,447.69,51.04,199.78,0.51208,-1,-1,-1
271,-1,36.57,504.58,72.21,260.10,0.49426,-1,-1,-1
271,-1,1184.26,402.46,54.98,166.60,0.47346,-1,-1,-1
271,-1,1822.97,428.36,40.40,142.75,0.42632,-1,-1,-1
271,-1,68.39,516.66,123.90,235.66,0.25657,-1,-1,-1
271,-1,37.83,503.20,68.40,137.09,0.23047,-1,-1,-1
271,-1,1607.18,469.63,47.37,136.12,0.22233,-1,-1,-1
271,-1,245.56,518.66,45.38,153.43,0.14309,-1,-1,-1
271,-1,1833.04,421.77,57.54,161.16,0.12705,-1,-1,-1
271,-1,1391.33,460.21,46.33,214.68,0.11520,-1,-1,-1
271,-1,1418.80,502.07,22.93,88.50,0.11089,-1,-1,-1
271,-1,1831.98,497.28,32.08,75.35,0.08773,-1,-1,-1
271,-1,89.60,534.99,47.08,218.75,0.08649,-1,-1,-1
271,-1,575.04,395.96,43.63,111.51,0.07530,-1,-1,-1
271,-1,1154.44,374.16,118.29,384.86,0.06107,-1,-1,-1
271,-1,1179.40,422.70,21.50,26.01,0.05165,-1,-1,-1
272,-1,1434.20,383.35,111.16,322.85,0.99916,-1,-1,-1
272,-1,1553.89,427.75,85.18,272.10,0.99905,-1,-1,-1
272,-1,1237.39,325.26,148.57,448.88,0.99866,-1,-1,-1
272,-1,1056.95,332.92,205.47,484.08,0.99751,-1,-1,-1
272,-1,932.43,357.24,123.66,458.67,0.99728,-1,-1,-1
272,-1,1373.41,431.73,69.99,267.00,0.99611,-1,-1,-1
272,-1,1838.17,419.17,78.40,210.77,0.99554,-1,-1,-1
272,-1,1721.88,529.42,88.86,195.60,0.99234,-1,-1,-1
272,-1,1692.09,473.96,38.32,109.78,0.95629,-1,-1,-1
272,-1,1876.28,426.55,43.72,197.91,0.86669,-1,-1,-1
272,-1,125.21,507.38,74.99,235.30,0.86389,-1,-1,-1
272,-1,1820.62,427.77,32.44,94.33,0.72131,-1,-1,-1
272,-1,1602.52,468.24,45.73,153.54,0.70105,-1,-1,-1
272,-1,39.60,501.26,74.72,252.03,0.65354,-1,-1,-1
272,-1,245.44,518.27,43.44,61.10,0.46011,-1,-1,-1
272,-1,1159.83,316.40,186.86,472.12,0.43552,-1,-1,-1
272,-1,1207.46,401.20,44.10,150.68,0.37769,-1,-1,-1
272,-1,1877.77,420.75,36.62,48.58,0.35967,-1,-1,-1
272,-1,68.54,510.49,124.67,242.18,0.31169,-1,-1,-1
272,-1,1077.38,330.36,90.78,376.28,0.21654,-1,-1,-1
272,-1,1826.07,430.69,38.73,130.19,0.19217,-1,-1,-1
272,-1,1356.83,434.17,55.14,266.11,0.18369,-1,-1,-1
272,-1,1228.39,442.86,38.49,278.19,0.13386,-1,-1,-1
272,-1,975.87,364.13,104.80,412.01,0.12880,-1,-1,-1
272,-1,1090.66,336.45,43.34,159.46,0.12368,-1,-1,-1
272,-1,90.47,532.73,44.60,220.29,0.11092,-1,-1,-1
272,-1,1087.23,344.38,49.23,315.45,0.09333,-1,-1,-1
272,-1,1832.17,423.70,53.52,121.34,0.09220,-1,-1,-1
272,-1,245.25,519.79,45.47,152.27,0.08753,-1,-1,-1
272,-1,1140.49,371.95,135.12,418.80,0.08094,-1,-1,-1
272,-1,1211.53,400.01,36.24,43.72,0.07115,-1,-1,-1
272,-1,420.87,503.67,13.40,28.08,0.05755,-1,-1,-1
272,-1,575.30,397.03,43.28,110.79,0.05535,-1,-1,-1
273,-1,1557.10,426.78,85.71,272.28,0.99910,-1,-1,-1
273,-1,1435.76,384.19,104.31,319.45,0.99907,-1,-1,-1
273,-1,1242.12,315.93,146.14,456.01,0.99880,-1,-1,-1
273,-1,1073.32,333.14,201.71,500.20,0.99849,-1,-1,-1
273,-1,933.15,354.54,127.89,461.52,0.99815,-1,-1,-1
273,-1,1369.35,433.33,88.02,265.13,0.99661,-1,-1,-1
273,-1,1722.98,528.44,98.85,198.49,0.99514,-1,-1,-1
273,-1,1839.96,420.24,78.78,208.76,0.99484,-1,-1,-1
273,-1,1691.60,474.48,37.44,109.13,0.94444,-1,-1,-1
273,-1,1089.83,339.25,56.99,304.54,0.82890,-1,-1,-1
273,-1,125.23,488.37,75.04,256.97,0.81996,-1,-1,-1
273,-1,1883.10,427.33,36.90,194.23,0.77762,-1,-1,-1
273,-1,1822.05,427.93,32.25,98.75,0.76758,-1,-1,-1
273,-1,1879.19,418.63,36.40,46.54,0.71479,-1,-1,-1
273,-1,1608.11,485.67,42.73,123.24,0.68611,-1,-1,-1
273,-1,1361.33,434.29,44.15,268.47,0.63035,-1,-1,-1
273,-1,37.19,501.60,76.25,259.67,0.56004,-1,-1,-1
273,-1,245.54,519.57,41.94,59.46,0.45454,-1,-1,-1
273,-1,1223.90,400.97,27.99,54.23,0.30470,-1,-1,-1
273,-1,1095.70,336.90,51.23,140.41,0.25280,-1,-1,-1
273,-1,57.59,500.72,133.25,256.13,0.20189,-1,-1,-1
273,-1,1223.47,399.66,34.83,129.38,0.17281,-1,-1,-1
273,-1,1830.95,424.19,47.92,113.11,0.14714,-1,-1,-1
273,-1,1881.31,417.32,36.98,88.93,0.13744,-1,-1,-1
273,-1,245.35,520.66,45.00,153.93,0.07679,-1,-1,-1
273,-1,1229.23,408.58,33.80,209.25,0.07058,-1,-1,-1
273,-1,420.22,504.51,13.76,27.95,0.05892,-1,-1,-1
273,-1,90.74,527.63,42.22,226.38,0.05295,-1,-1,-1
273,-1,574.99,397.51,43.63,109.77,0.05203,-1,-1,-1
274,-1,1559.73,426.58,88.56,272.06,0.99897,-1,-1,-1
274,-1,1254.12,319.68,154.29,452.36,0.99858,-1,-1,-1
274,-1,1096.32,334.22,190.73,489.13,0.99844,-1,-1,-1
274,-1,1435.43,385.90,100.43,315.50,0.99806,-1,-1,-1
274,-1,1728.01,531.11,92.40,193.81,0.99494,-1,-1,-1
274,-1,946.18,343.80,179.30,468.12,0.99461,-1,-1,-1
274,-1,1846.54,419.36,68.06,211.40,0.99259,-1,-1,-1
274,-1,1369.12,434.58,92.84,263.87,0.97491,-1,-1,-1
274,-1,1689.33,473.24,41.88,110.57,0.93894,-1,-1,-1
274,-1,1102.65,341.10,59.18,281.81,0.91940,-1,-1,-1
274,-1,1879.01,417.37,39.45,52.26,0.89047,-1,-1,-1
274,-1,1821.48,428.13,32.26,103.57,0.85578,-1,-1,-1
274,-1,127.38,525.60,69.43,216.84,0.83941,-1,-1,-1
274,-1,1881.78,428.32,38.22,192.94,0.80434,-1,-1,-1
274,-1,1614.46,486.30,40.26,116.32,0.64685,-1,-1,-1
274,-1,49.58,549.28,59.84,203.47,0.63596,-1,-1,-1
274,-1,1879.53,417.54,26.82,35.67,0.58136,-1,-1,-1
274,-1,245.48,517.67,44.09,61.88,0.50245,-1,-1,-1
274,-1,1233.29,396.58,40.93,154.34,0.44288,-1,-1,-1
274,-1,1722.11,483.90,22.78,99.28,0.38718,-1,-1,-1
274,-1,1837.85,443.97,25.72,92.45,0.28602,-1,-1,-1
274,-1,1833.89,429.44,44.10,148.13,0.28417,-1,-1,-1
274,-1,66.54,515.14,125.87,238.91,0.26026,-1,-1,-1
274,-1,1886.22,426.05,33.34,109.78,0.19346,-1,-1,-1
274,-1,1361.66,446.85,49.91,246.96,0.16998,-1,-1,-1
274,-1,1380.42,441.18,60.97,189.38,0.16847,-1,-1,-1
274,-1,1843.46,426.55,54.01,125.89,0.13935,-1,-1,-1
274,-1,1330.85,375.27,110.74,333.76,0.13563,-1,-1,-1
274,-1,28.36,510.34,118.80,247.58,0.12195,-1,-1,-1
274,-1,43.73,504.69,70.43,158.02,0.11109,-1,-1,-1
274,-1,1141.19,313.59,243.32,497.88,0.10622,-1,-1,-1
274,-1,91.15,542.33,58.08,205.75,0.09876,-1,-1,-1
274,-1,19.16,515.84,76.20,253.77,0.06085,-1,-1,-1
274,-1,933.23,442.89,46.37,178.21,0.05444,-1,-1,-1
274,-1,421.19,504.32,13.31,26.70,0.05108,-1,-1,-1
274,-1,245.09,518.66,46.95,152.45,0.05072,-1,-1,-1
274,-1,1298.25,361.40,207.33,371.26,0.05041,-1,-1,-1
275,-1,1114.22,330.11,176.94,489.97,0.99893,-1,-1,-1
275,-1,1257.60,322.82,159.05,443.46,0.99867,-1,-1,-1
275,-1,1444.76,385.28,92.78,312.63,0.99834,-1,-1,-1
275,-1,1560.23,425.79,91.40,274.24,0.99742,-1,-1,-1
275,-1,958.96,348.47,180.53,460.84,0.99728,-1,-1,-1
275,-1,1731.94,532.43,86.65,191.34,0.99591,-1,-1,-1
275,-1,1851.80,422.08,64.78,209.38,0.99176,-1,-1,-1
275,-1,1366.80,440.25,98.37,258.06,0.96145,-1,-1,-1
275,-1,1106.40,341.04,66.85,340.69,0.93839,-1,-1,-1
275,-1,1691.34,473.85,38.16,110.84,0.93286,-1,-1,-1
275,-1,1878.28,416.94,39.63,44.13,0.84292,-1,-1,-1
275,-1,125.81,488.93,74.70,254.05,0.82730,-1,-1,-1
275,-1,1821.59,428.76,32.65,107.04,0.82520,-1,-1,-1
275,-1,1879.94,435.21,40.06,188.72,0.72712,-1,-1,-1
275,-1,44.94,552.90,63.02,202.82,0.58506,-1,-1,-1
275,-1,1615.38,487.96,39.49,115.32,0.49806,-1,-1,-1
275,-1,245.91,518.58,42.23,60.27,0.43073,-1,-1,-1
275,-1,1721.64,482.47,23.34,101.15,0.42860,-1,-1,-1
275,-1,58.15,508.46,133.27,245.22,0.28643,-1,-1,-1
275,-1,1877.21,418.24,21.28,37.95,0.26647,-1,-1,-1
275,-1,1884.05,417.20,33.84,84.76,0.25604,-1,-1,-1
275,-1,1830.77,434.88,40.90,137.01,0.25091,-1,-1,-1
275,-1,1600.47,452.25,51.03,186.61,0.22274,-1,-1,-1
275,-1,1842.11,447.94,25.57,95.82,0.21120,-1,-1,-1
275,-1,1851.02,424.56,53.11,116.59,0.17108,-1,-1,-1
275,-1,32.83,504.31,78.28,197.66,0.15997,-1,-1,-1
275,-1,1109.46,335.95,62.21,153.30,0.13548,-1,-1,-1
275,-1,1384.00,442.28,60.20,193.18,0.11675,-1,-1,-1
275,-1,23.79,524.88,117.54,232.02,0.11272,-1,-1,-1
275,-1,1897.06,447.65,22.94,130.16,0.10716,-1,-1,-1
275,-1,1611.06,517.33,35.09,78.85,0.09001,-1,-1,-1
275,-1,90.37,532.16,43.77,220.88,0.08179,-1,-1,-1
275,-1,1313.87,379.23,146.24,338.48,0.08150,-1,-1,-1
275,-1,1238.77,398.10,30.80,48.34,0.08071,-1,-1,-1
275,-1,40.32,512.02,70.53,107.64,0.07394,-1,-1,-1
275,-1,574.54,396.11,44.32,112.14,0.06265,-1,-1,-1
275,-1,946.20,450.91,36.27,168.98,0.05352,-1,-1,-1
275,-1,421.05,503.46,13.39,27.44,0.05227,-1,-1,-1
276,-1,1127.59,329.30,171.12,493.65,0.99865,-1,-1,-1
276,-1,1262.68,323.50,156.74,446.32,0.99827,-1,-1,-1
276,-1,1736.35,529.55,80.12,197.31,0.99809,-1,-1,-1
276,-1,1447.29,385.13,95.47,314.58,0.99760,-1,-1,-1
276,-1,965.13,344.57,190.38,464.82,0.99673,-1,-1,-1
276,-1,1564.03,424.69,88.55,277.10,0.99647,-1,-1,-1
276,-1,1850.53,421.71,67.87,208.16,0.99280,-1,-1,-1
276,-1,1372.91,439.65,92.44,263.57,0.97402,-1,-1,-1
276,-1,1686.89,473.21,43.99,111.44,0.95329,-1,-1,-1
276,-1,1114.08,344.71,65.18,345.86,0.93833,-1,-1,-1
276,-1,1821.98,429.32,33.69,112.53,0.82043,-1,-1,-1
276,-1,126.71,525.80,70.12,215.60,0.74719,-1,-1,-1
276,-1,1880.36,418.27,36.84,41.09,0.71309,-1,-1,-1
276,-1,1615.50,481.01,40.88,142.35,0.62050,-1,-1,-1
276,-1,48.71,565.78,61.19,188.49,0.40225,-1,-1,-1
276,-1,246.12,518.20,42.13,60.55,0.39511,-1,-1,-1
276,-1,1892.57,438.31,27.43,173.21,0.36374,-1,-1,-1
276,-1,1722.16,488.47,22.17,95.20,0.30765,-1,-1,-1
276,-1,1389.04,443.68,64.14,170.35,0.20662,-1,-1,-1
276,-1,1845.51,449.77,23.95,94.20,0.19114,-1,-1,-1
276,-1,1888.96,420.61,27.93,80.61,0.18468,-1,-1,-1
276,-1,75.73,453.14,121.54,302.09,0.16159,-1,-1,-1
276,-1,1831.65,432.84,36.99,141.82,0.16143,-1,-1,-1
276,-1,1393.62,437.44,46.29,85.51,0.15260,-1,-1,-1
276,-1,1305.14,383.01,153.95,337.02,0.14135,-1,-1,-1
276,-1,1871.79,422.19,26.10,32.28,0.12890,-1,-1,-1
276,-1,1615.61,505.58,31.29,91.71,0.12455,-1,-1,-1
276,-1,574.73,395.70,44.35,111.86,0.11229,-1,-1,-1
276,-1,1117.69,337.74,60.71,177.49,0.10618,-1,-1,-1
276,-1,23.97,501.87,128.23,254.27,0.10571,-1,-1,-1
276,-1,1902.38,450.13,17.62,78.01,0.08429,-1,-1,-1
276,-1,1275.44,530.85,43.51,188.83,0.07116,-1,-1,-1
276,-1,1849.61,424.53,49.68,108.11,0.06856,-1,-1,-1
276,-1,1410.54,460.27,54.46,217.76,0.06663,-1,-1,-1
276,-1,420.86,503.67,13.49,27.47,0.06275,-1,-1,-1
276,-1,35.12,503.78,79.11,145.17,0.05075,-1,-1,-1
277,-1,972.33,356.58,181.78,450.33,0.99882,-1,-1,-1
277,-1,1135.24,331.59,181.69,489.29,0.99809,-1,-1,-1
277,-1,1566.33,432.04,101.62,267.60,0.99722,-1,-1,-1
277,-1,1273.30,328.35,154.91,438.16,0.99697,-1,-1,-1
277,-1,1740.24,528.05,76.64,196.26,0.99690,-1,-1,-1
277,-1,1854.01,419.42,65.28,210.92,0.99637,-1,-1,-1
277,-1,1452.61,385.97,98.07,317.00,0.99508,-1,-1,-1
277,-1,1374.90,433.92,88.69,266.08,0.97605,-1,-1,-1
277,-1,1121.90,338.55,69.38,390.67,0.94653,-1,-1,-1
277,-1,1687.13,474.64,42.37,109.66,0.92896,-1,-1,-1
277,-1,1822.77,429.67,34.13,106.35,0.87274,-1,-1,-1
277,-1,127.08,529.45,69.57,212.50,0.81584,-1,-1,-1
277,-1,48.76,571.74,59.07,182.80,0.49244,-1,-1,-1
277,-1,246.54,525.24,35.10,54.18,0.29744,-1,-1,-1
277,-1,1848.56,447.45,22.28,99.07,0.24554,-1,-1,-1
277,-1,60.91,508.62,129.10,247.16,0.21372,-1,-1,-1
277,-1,1895.88,429.37,23.80,63.89,0.16789,-1,-1,-1
277,-1,1396.15,437.91,51.42,120.10,0.15087,-1,-1,-1
277,-1,1835.63,433.48,33.50,138.28,0.12979,-1,-1,-1
277,-1,1904.46,447.45,15.54,82.00,0.11479,-1,-1,-1
277,-1,27.75,502.02,85.56,199.18,0.10894,-1,-1,-1
277,-1,1443.87,475.95,20.55,110.11,0.10586,-1,-1,-1
277,-1,1492.80,410.94,53.56,266.47,0.09985,-1,-1,-1
277,-1,1889.22,430.49,30.78,188.67,0.07336,-1,-1,-1
277,-1,1399.84,447.47,58.56,174.16,0.07311,-1,-1,-1
277,-1,1371.54,449.04,42.27,244.65,0.06971,-1,-1,-1
277,-1,574.52,394.39,44.79,113.00,0.06939,-1,-1,-1
277,-1,22.12,598.25,71.90,165.31,0.06558,-1,-1,-1
277,-1,1852.16,427.84,54.13,117.15,0.06057,-1,-1,-1
277,-1,420.76,502.89,13.78,28.56,0.06015,-1,-1,-1
277,-1,1272.12,559.83,47.85,117.01,0.05419,-1,-1,-1
277,-1,1123.53,339.75,65.70,196.98,0.05054,-1,-1,-1
278,-1,969.01,356.34,183.68,450.42,0.99866,-1,-1,-1
278,-1,1569.92,432.70,98.84,268.37,0.99852,-1,-1,-1
278,-1,1146.83,330.16,179.24,481.28,0.99787,-1,-1,-1
278,-1,1274.75,327.92,164.67,425.71,0.99723,-1,-1,-1
278,-1,1739.84,529.60,79.92,196.15,0.99596,-1,-1,-1
278,-1,1451.96,386.64,107.11,316.13,0.99471,-1,-1,-1
278,-1,1856.69,423.08,62.02,207.32,0.99388,-1,-1,-1
278,-1,1382.09,432.84,83.38,265.24,0.97445,-1,-1,-1
278,-1,1128.60,337.61,74.34,419.18,0.97408,-1,-1,-1
278,-1,1691.12,476.53,37.38,107.75,0.93215,-1,-1,-1
278,-1,1823.42,429.67,36.24,113.10,0.87369,-1,-1,-1
278,-1,127.77,508.36,76.51,233.14,0.81744,-1,-1,-1
278,-1,49.97,552.85,62.30,200.16,0.47558,-1,-1,-1
278,-1,1899.09,434.38,20.91,59.44,0.46988,-1,-1,-1
278,-1,1888.96,420.01,27.20,37.67,0.36607,-1,-1,-1
278,-1,56.00,505.43,134.32,248.79,0.28191,-1,-1,-1
278,-1,246.03,521.15,39.36,56.90,0.26102,-1,-1,-1
278,-1,1895.97,430.48,23.39,30.12,0.23139,-1,-1,-1
278,-1,1881.54,420.92,21.10,33.39,0.20703,-1,-1,-1
278,-1,1401.61,439.64,54.03,150.53,0.15220,-1,-1,-1
278,-1,1847.41,441.59,22.77,107.78,0.13829,-1,-1,-1
278,-1,29.63,500.24,82.98,202.16,0.12779,-1,-1,-1
278,-1,1275.63,528.17,49.40,147.04,0.11463,-1,-1,-1
278,-1,1889.92,434.40,30.08,184.61,0.10741,-1,-1,-1
278,-1,1904.86,443.12,15.14,71.54,0.10230,-1,-1,-1
278,-1,1854.29,429.92,52.98,117.88,0.09713,-1,-1,-1
278,-1,1066.79,367.20,84.10,405.90,0.09626,-1,-1,-1
278,-1,1283.27,327.17,74.35,90.28,0.09139,-1,-1,-1
278,-1,1131.08,339.43,65.69,206.40,0.07505,-1,-1,-1
278,-1,786.06,561.95,197.74,138.16,0.07334,-1,-1,-1
278,-1,1871.19,427.01,29.62,30.97,0.07291,-1,-1,-1
278,-1,573.76,395.22,44.88,111.78,0.06946,-1,-1,-1
278,-1,738.74,523.53,74.75,174.27,0.06682,-1,-1,-1
278,-1,22.39,592.61,74.92,172.30,0.06658,-1,-1,-1
278,-1,444.65,493.01,19.66,42.57,0.05256,-1,-1,-1
278,-1,1148.07,555.46,62.83,208.32,0.05055,-1,-1,-1
279,-1,1155.59,336.92,177.02,478.53,0.99826,-1,-1,-1
279,-1,981.73,354.12,166.68,441.07,0.99722,-1,-1,-1
279,-1,1569.55,435.19,104.55,265.90,0.99678,-1,-1,-1
279,-1,1290.61,326.63,151.89,440.67,0.99631,-1,-1,-1
279,-1,1458.17,386.29,116.02,314.39,0.99586,-1,-1,-1
279,-1,1738.34,529.57,80.33,198.16,0.99461,-1,-1,-1
279,-1,1856.83,420.68,60.43,207.90,0.99403,-1,-1,-1
279,-1,1395.09,428.65,71.71,267.39,0.98322,-1,-1,-1
279,-1,1135.18,342.41,76.65,388.17,0.95262,-1,-1,-1
279,-1,1687.07,474.02,42.63,110.00,0.93414,-1,-1,-1
279,-1,1823.07,428.26,40.36,96.40,0.84730,-1,-1,-1
279,-1,125.65,510.03,73.07,233.13,0.76725,-1,-1,-1
279,-1,1887.59,420.97,22.26,32.17,0.54394,-1,-1,-1
279,-1,43.39,503.75,70.32,257.03,0.50534,-1,-1,-1
279,-1,1289.37,331.22,73.13,85.83,0.46299,-1,-1,-1
279,-1,1347.63,396.79,114.81,329.51,0.40910,-1,-1,-1
279,-1,246.25,519.97,38.61,58.59,0.33878,-1,-1,-1
279,-1,1511.59,418.46,118.97,281.55,0.28421,-1,-1,-1
279,-1,1903.17,431.21,16.83,28.44,0.25626,-1,-1,-1
279,-1,1906.31,434.99,13.69,118.97,0.22903,-1,-1,-1
279,-1,58.77,508.12,130.62,247.05,0.21171,-1,-1,-1
279,-1,1904.36,434.40,15.08,45.72,0.15979,-1,-1,-1
279,-1,24.16,582.67,79.73,176.29,0.14191,-1,-1,-1
279,-1,933.46,534.52,31.71,100.14,0.12666,-1,-1,-1
279,-1,1404.54,437.32,52.55,175.23,0.11777,-1,-1,-1
279,-1,1895.03,428.78,24.97,181.09,0.10789,-1,-1,-1
279,-1,1198.24,324.53,221.19,476.12,0.09816,-1,-1,-1
279,-1,973.47,529.19,47.87,180.87,0.09477,-1,-1,-1
279,-1,1892.53,422.60,26.21,36.40,0.09017,-1,-1,-1
279,-1,1061.94,377.23,100.09,399.33,0.07974,-1,-1,-1
279,-1,1149.47,506.08,63.53,258.48,0.06552,-1,-1,-1
279,-1,420.26,505.28,13.51,28.17,0.06258,-1,-1,-1
279,-1,905.99,527.63,62.92,180.59,0.06230,-1,-1,-1
280,-1,1161.59,337.51,188.22,477.12,0.99854,-1,-1,-1
280,-1,992.52,357.79,153.11,441.06,0.99817,-1,-1,-1
280,-1,1573.39,435.19,98.25,267.03,0.99674,-1,-1,-1
280,-1,1463.74,387.68,117.27,312.22,0.99673,-1,-1,-1
280,-1,1859.15,420.97,57.54,208.07,0.99664,-1,-1,-1
280,-1,1297.48,332.09,163.04,423.43,0.99659,-1,-1,-1
280,-1,1736.76,529.80,79.71,198.17,0.99495,-1,-1,-1
280,-1,1402.74,431.44,66.99,259.51,0.96982,-1,-1,-1
280,-1,1141.23,345.52,78.03,380.91,0.96668,-1,-1,-1
280,-1,1686.87,473.93,41.81,110.29,0.93339,-1,-1,-1
280,-1,1823.29,427.58,42.88,88.50,0.83254,-1,-1,-1
280,-1,124.83,501.68,74.41,242.97,0.70932,-1,-1,-1
280,-1,246.17,518.16,41.96,59.99,0.35301,-1,-1,-1
280,-1,48.56,566.89,60.30,189.33,0.32827,-1,-1,-1
280,-1,1052.77,349.92,182.40,453.22,0.28284,-1,-1,-1
280,-1,53.78,511.07,128.08,250.85,0.21207,-1,-1,-1
280,-1,1905.86,433.22,14.14,45.86,0.14018,-1,-1,-1
280,-1,18.59,533.34,104.78,222.36,0.13573,-1,-1,-1
280,-1,1906.01,436.75,13.99,131.11,0.12798,-1,-1,-1
280,-1,977.16,536.40,43.31,176.66,0.11352,-1,-1,-1
280,-1,1412.50,434.15,46.53,138.89,0.10241,-1,-1,-1
280,-1,1890.83,426.60,29.17,185.02,0.09033,-1,-1,-1
280,-1,1885.01,423.11,26.44,32.73,0.08681,-1,-1,-1
280,-1,574.22,397.42,44.47,110.26,0.06497,-1,-1,-1
280,-1,1275.12,357.40,48.30,58.54,0.06092,-1,-1,-1
280,-1,1291.07,335.57,64.95,82.63,0.05713,-1,-1,-1
280,-1,1464.94,397.60,60.67,301.26,0.05330,-1,-1,-1
281,-1,1005.04,354.68,145.80,433.59,0.99910,-1,-1,-1
281,-1,1158.30,336.19,204.88,485.40,0.99841,-1,-1,-1
281,-1,1860.26,423.06,59.24,205.25,0.99820,-1,-1,-1
281,-1,1304.56,335.92,160.48,405.52,0.99756,-1,-1,-1
281,-1,1574.94,442.44,99.28,259.62,0.99722,-1,-1,-1
281,-1,1465.38,389.59,118.81,307.63,0.99663,-1,-1,-1
281,-1,1732.61,528.10,77.26,199.28,0.99423,-1,-1,-1
281,-1,1229.45,340.15,178.02,439.81,0.95727,-1,-1,-1
281,-1,1147.50,349.25,77.57,350.15,0.95473,-1,-1,-1
281,-1,1686.89,473.23,42.19,111.09,0.94435,-1,-1,-1
281,-1,1411.00,437.60,61.08,258.87,0.94315,-1,-1,-1
281,-1,1821.75,430.61,49.84,105.97,0.89073,-1,-1,-1
281,-1,128.45,511.10,75.72,230.95,0.80887,-1,-1,-1
281,-1,49.46,588.52,58.36,163.66,0.52308,-1,-1,-1
281,-1,246.25,519.79,39.98,58.40,0.43335,-1,-1,-1
281,-1,1150.75,339.60,119.48,427.19,0.40187,-1,-1,-1
281,-1,1722.16,484.58,23.01,99.00,0.32402,-1,-1,-1
281,-1,1285.64,361.41,33.63,52.07,0.26191,-1,-1,-1
281,-1,64.09,526.05,128.96,222.24,0.25664,-1,-1,-1
281,-1,18.32,607.38,74.29,151.28,0.20307,-1,-1,-1
281,-1,24.38,508.41,84.87,209.28,0.11334,-1,-1,-1
281,-1,1417.02,435.14,45.66,122.01,0.11258,-1,-1,-1
281,-1,1839.49,431.25,37.01,146.84,0.08811,-1,-1,-1
281,-1,1296.20,335.23,64.30,81.45,0.06175,-1,-1,-1
281,-1,74.24,542.31,52.43,210.09,0.05735,-1,-1,-1
281,-1,91.34,536.95,57.07,210.00,0.05465,-1,-1,-1
282,-1,1020.63,354.69,137.17,433.21,0.99948,-1,-1,-1
282,-1,1173.86,337.34,201.19,470.68,0.99795,-1,-1,-1
282,-1,1309.78,336.97,154.26,405.42,0.99758,-1,-1,-1
282,-1,1863.28,423.27,56.72,196.43,0.99743,-1,-1,-1
282,-1,1575.87,453.48,104.84,247.32,0.99696,-1,-1,-1
282,-1,1470.53,389.64,113.10,308.98,0.99639,-1,-1,-1
282,-1,1726.09,524.19,79.69,204.50,0.99586,-1,-1,-1
282,-1,1155.82,351.62,80.63,358.63,0.97277,-1,-1,-1
282,-1,1686.14,473.20,42.92,111.10,0.94954,-1,-1,-1
282,-1,1417.02,445.70,62.28,245.39,0.92973,-1,-1,-1
282,-1,1824.68,428.23,47.71,120.16,0.92567,-1,-1,-1
282,-1,124.03,508.72,75.67,235.88,0.69073,-1,-1,-1
282,-1,245.82,518.35,41.91,60.56,0.48844,-1,-1,-1
282,-1,830.26,504.13,74.22,115.79,0.35145,-1,-1,-1
282,-1,48.72,585.50,61.19,166.77,0.30539,-1,-1,-1
282,-1,1722.25,484.51,22.25,98.06,0.22691,-1,-1,-1
282,-1,62.14,514.37,133.33,238.80,0.21509,-1,-1,-1
282,-1,11.72,518.92,88.84,187.76,0.11258,-1,-1,-1
282,-1,245.50,518.85,43.14,154.63,0.07286,-1,-1,-1
282,-1,1329.44,501.47,77.81,244.86,0.07098,-1,-1,-1
282,-1,420.48,504.69,13.05,28.55,0.07036,-1,-1,-1
282,-1,1420.03,434.17,51.03,156.10,0.06727,-1,-1,-1
282,-1,16.51,610.86,82.94,140.92,0.05720,-1,-1,-1
283,-1,1029.16,354.18,141.64,435.00,0.99940,-1,-1,-1
283,-1,1314.41,337.12,144.16,409.65,0.99804,-1,-1,-1
283,-1,1195.42,341.76,186.10,468.33,0.99788,-1,-1,-1
283,-1,1577.20,459.22,106.12,241.78,0.99690,-1,-1,-1
283,-1,1722.28,522.15,86.50,206.23,0.99679,-1,-1,-1
283,-1,1867.04,424.59,52.96,190.62,0.99648,-1,-1,-1
283,-1,1473.69,390.33,109.38,307.58,0.99512,-1,-1,-1
283,-1,1157.68,349.47,98.34,404.78,0.98521,-1,-1,-1
283,-1,1422.16,440.30,61.48,250.58,0.95778,-1,-1,-1
283,-1,1686.37,473.38,43.40,110.84,0.94842,-1,-1,-1
283,-1,1823.40,428.94,51.80,130.35,0.90364,-1,-1,-1
283,-1,123.11,493.32,79.17,250.60,0.71438,-1,-1,-1
283,-1,245.82,519.83,39.95,58.97,0.44583,-1,-1,-1
283,-1,51.03,590.90,56.78,162.14,0.29378,-1,-1,-1
283,-1,1722.10,484.22,22.07,98.02,0.22150,-1,-1,-1
283,-1,70.69,529.79,125.54,218.26,0.18200,-1,-1,-1
283,-1,1369.35,395.31,109.99,308.14,0.13508,-1,-1,-1
283,-1,1618.52,503.08,62.63,188.72,0.09228,-1,-1,-1
283,-1,16.51,612.45,81.19,136.63,0.08031,-1,-1,-1
283,-1,1859.89,442.38,24.33,77.20,0.07825,-1,-1,-1
283,-1,52.85,511.01,89.47,240.65,0.06139,-1,-1,-1
283,-1,420.41,503.24,12.96,28.61,0.06115,-1,-1,-1
283,-1,574.98,397.28,43.63,110.42,0.05861,-1,-1,-1
283,-1,444.49,492.87,19.70,43.59,0.05688,-1,-1,-1
283,-1,1639.93,515.82,22.44,72.51,0.05100,-1,-1,-1
284,-1,1040.95,358.82,146.66,427.92,0.99934,-1,-1,-1
284,-1,1716.02,525.99,95.44,203.51,0.99790,-1,-1,-1
284,-1,1318.00,336.80,144.16,417.70,0.99753,-1,-1,-1
284,-1,1218.67,347.65,161.83,473.97,0.99715,-1,-1,-1
284,-1,1585.29,465.07,102.59,233.17,0.99703,-1,-1,-1
284,-1,1870.60,420.94,49.40,198.99,0.99640,-1,-1,-1
284,-1,1160.50,351.55,116.02,409.68,0.99558,-1,-1,-1
284,-1,1473.26,391.62,114.10,309.17,0.99240,-1,-1,-1
284,-1,1425.94,439.44,56.13,257.41,0.97876,-1,-1,-1
284,-1,1686.33,473.23,44.02,111.35,0.95946,-1,-1,-1
284,-1,1826.13,429.10,47.01,119.55,0.89132,-1,-1,-1
284,-1,128.82,529.09,67.05,211.80,0.76907,-1,-1,-1
284,-1,246.08,519.43,40.39,59.20,0.37569,-1,-1,-1
284,-1,50.67,564.20,64.33,188.89,0.33722,-1,-1,-1
284,-1,92.98,473.14,108.25,272.61,0.30534,-1,-1,-1
284,-1,53.20,506.89,101.42,246.50,0.17859,-1,-1,-1
284,-1,1524.87,410.90,58.36,260.64,0.13515,-1,-1,-1
284,-1,1865.25,443.80,25.38,123.44,0.12958,-1,-1,-1
284,-1,15.49,600.39,88.37,151.17,0.12876,-1,-1,-1
284,-1,1862.39,444.97,22.35,79.48,0.12322,-1,-1,-1
284,-1,6.16,505.13,103.08,218.15,0.09427,-1,-1,-1
284,-1,866.26,498.06,44.88,120.04,0.09316,-1,-1,-1
284,-1,1346.28,423.78,76.44,331.30,0.07283,-1,-1,-1
284,-1,420.22,502.71,13.57,28.74,0.07054,-1,-1,-1
284,-1,37.47,501.85,74.49,148.75,0.05672,-1,-1,-1
284,-1,84.04,539.95,54.96,212.45,0.05654,-1,-1,-1
284,-1,576.29,397.53,42.07,110.29,0.05443,-1,-1,-1
284,-1,1414.68,441.77,58.80,167.58,0.05011,-1,-1,-1
284,-1,1171.94,356.93,75.59,304.16,0.05001,-1,-1,-1
285,-1,1051.46,359.17,153.52,429.04,0.99905,-1,-1,-1
285,-1,1710.62,525.87,104.88,204.18,0.99780,-1,-1,-1
285,-1,1587.00,470.95,103.41,224.41,0.99776,-1,-1,-1
285,-1,1225.88,346.81,166.16,463.27,0.99745,-1,-1,-1
285,-1,1323.67,335.25,132.75,419.52,0.99679,-1,-1,-1
285,-1,1168.01,347.47,109.34,413.03,0.99466,-1,-1,-1
285,-1,1873.09,423.66,46.91,192.50,0.99431,-1,-1,-1
285,-1,1478.21,391.21,106.73,309.69,0.99383,-1,-1,-1
285,-1,1427.92,439.97,64.80,256.32,0.98456,-1,-1,-1
285,-1,1686.95,472.09,43.62,113.13,0.96182,-1,-1,-1
285,-1,1826.93,429.05,47.29,121.67,0.86765,-1,-1,-1
285,-1,126.29,514.32,74.73,230.02,0.73948,-1,-1,-1
285,-1,246.01,518.55,40.92,59.94,0.31298,-1,-1,-1
285,-1,49.21,565.21,64.65,185.73,0.28529,-1,-1,-1
285,-1,55.63,529.53,134.75,222.53,0.27131,-1,-1,-1
285,-1,1871.02,445.59,22.20,134.55,0.19498,-1,-1,-1
285,-1,1722.04,486.91,21.43,90.20,0.18418,-1,-1,-1
285,-1,1535.77,408.44,46.84,255.17,0.15104,-1,-1,-1
285,-1,1354.56,432.05,70.56,325.80,0.10045,-1,-1,-1
285,-1,14.57,598.77,89.70,150.47,0.09810,-1,-1,-1
285,-1,575.44,398.86,43.06,108.70,0.08750,-1,-1,-1
285,-1,420.66,504.02,13.31,27.36,0.07541,-1,-1,-1
285,-1,870.86,504.69,39.98,113.77,0.06392,-1,-1,-1
285,-1,3.62,507.49,103.51,212.40,0.06025,-1,-1,-1
285,-1,85.09,540.58,53.60,211.72,0.05698,-1,-1,-1
286,-1,1053.18,355.00,168.69,434.45,0.99916,-1,-1,-1
286,-1,1701.90,526.92,117.58,203.93,0.99733,-1,-1,-1
286,-1,1589.73,472.59,101.06,224.88,0.99644,-1,-1,-1
286,-1,1238.48,338.66,169.63,463.06,0.99550,-1,-1,-1
286,-1,1484.65,389.05,106.65,309.70,0.99476,-1,-1,-1
286,-1,1332.87,333.37,125.99,408.03,0.99385,-1,-1,-1
286,-1,1876.41,419.35,43.59,202.34,0.99344,-1,-1,-1
286,-1,1430.29,442.72,69.39,253.54,0.99249,-1,-1,-1
286,-1,1177.29,346.12,100.82,402.69,0.99135,-1,-1,-1
286,-1,1686.49,472.58,43.59,111.35,0.96013,-1,-1,-1
286,-1,1827.42,429.25,47.37,126.60,0.74028,-1,-1,-1
286,-1,125.32,495.45,75.87,248.65,0.73969,-1,-1,-1
286,-1,40.28,577.81,66.15,172.00,0.33059,-1,-1,-1
286,-1,245.92,518.48,41.62,59.94,0.25669,-1,-1,-1
286,-1,1360.86,427.77,77.14,331.58,0.25615,-1,-1,-1
286,-1,1873.17,444.41,21.06,139.27,0.20906,-1,-1,-1
286,-1,61.41,502.37,123.32,251.04,0.12793,-1,-1,-1
286,-1,574.77,397.70,43.76,109.88,0.10237,-1,-1,-1
286,-1,1534.09,413.17,51.68,275.43,0.07086,-1,-1,-1
286,-1,119.34,464.26,41.78,50.32,0.06219,-1,-1,-1
287,-1,1059.94,359.29,180.95,429.66,0.99920,-1,-1,-1
287,-1,1696.46,526.53,123.74,204.91,0.99776,-1,-1,-1
287,-1,1494.16,388.48,101.71,304.43,0.99583,-1,-1,-1
287,-1,1590.65,478.17,102.66,219.61,0.99517,-1,-1,-1
287,-1,1252.61,339.43,166.44,453.04,0.99442,-1,-1,-1
287,-1,1436.67,445.33,68.15,246.05,0.99153,-1,-1,-1
287,-1,1340.80,331.29,121.72,402.45,0.99146,-1,-1,-1
287,-1,1880.01,420.09,39.99,200.19,0.98897,-1,-1,-1
287,-1,1181.47,347.59,105.65,402.27,0.98613,-1,-1,-1
287,-1,1685.83,472.46,44.45,112.72,0.96243,-1,-1,-1
287,-1,129.08,506.29,74.22,234.74,0.80231,-1,-1,-1
287,-1,1205.68,347.03,136.03,420.80,0.58623,-1,-1,-1
287,-1,246.31,517.14,41.13,60.96,0.48661,-1,-1,-1
287,-1,1370.38,401.72,118.94,305.76,0.34080,-1,-1,-1
287,-1,1829.15,429.58,46.57,139.20,0.30478,-1,-1,-1
287,-1,1825.06,429.01,46.73,53.47,0.24487,-1,-1,-1
287,-1,38.75,577.22,67.38,172.89,0.24483,-1,-1,-1
287,-1,1369.37,468.21,67.80,278.20,0.15319,-1,-1,-1
287,-1,1533.37,444.89,119.35,249.35,0.14912,-1,-1,-1
287,-1,1444.53,423.23,104.79,268.97,0.14264,-1,-1,-1
287,-1,53.04,512.87,132.36,250.99,0.09553,-1,-1,-1
287,-1,421.00,503.56,13.24,28.41,0.05130,-1,-1,-1
288,-1,1067.72,358.72,181.80,427.52,0.99922,-1,-1,-1
288,-1,1694.55,526.29,125.38,205.42,0.99820,-1,-1,-1
288,-1,1499.00,385.35,106.15,308.78,0.99706,-1,-1,-1
288,-1,1260.46,344.53,163.72,456.48,0.99598,-1,-1,-1
288,-1,1590.86,483.85,99.16,214.98,0.99573,-1,-1,-1
288,-1,1342.62,328.42,134.00,411.79,0.99396,-1,-1,-1
288,-1,1440.46,450.40,61.93,239.81,0.99022,-1,-1,-1
288,-1,1180.91,345.75,103.24,398.84,0.98842,-1,-1,-1
288,-1,1881.26,421.34,38.74,188.84,0.98246,-1,-1,-1
288,-1,1686.25,472.96,44.07,111.33,0.95762,-1,-1,-1
288,-1,125.58,506.50,74.74,235.46,0.84098,-1,-1,-1
288,-1,1830.58,430.65,46.70,139.81,0.35393,-1,-1,-1
288,-1,246.39,520.77,36.38,57.78,0.28794,-1,-1,-1
288,-1,38.09,584.37,70.57,163.19,0.20794,-1,-1,-1
288,-1,1218.03,350.29,140.14,405.00,0.19953,-1,-1,-1
288,-1,11.30,543.27,91.17,184.87,0.14162,-1,-1,-1
288,-1,1376.49,454.86,71.59,290.78,0.13785,-1,-1,-1
288,-1,60.88,500.03,120.25,250.74,0.12501,-1,-1,-1
288,-1,1115.87,343.16,209.17,449.99,0.09926,-1,-1,-1
288,-1,575.11,396.32,43.39,111.61,0.08486,-1,-1,-1
289,-1,1073.78,361.30,180.17,422.93,0.99937,-1,-1,-1
289,-1,1267.01,341.44,173.22,454.98,0.99840,-1,-1,-1
289,-1,1693.61,528.29,121.31,202.87,0.99838,-1,-1,-1
289,-1,1509.86,382.36,107.53,308.78,0.99767,-1,-1,-1
289,-1,1186.45,345.46,110.32,405.86,0.99297,-1,-1,-1
289,-1,1353.23,334.73,127.96,398.52,0.99060,-1,-1,-1
289,-1,1590.94,491.65,98.38,206.30,0.98975,-1,-1,-1
289,-1,1448.91,447.42,53.99,242.64,0.97060,-1,-1,-1
289,-1,1882.34,422.08,37.66,179.95,0.96571,-1,-1,-1
289,-1,1685.60,472.17,44.79,112.93,0.94691,-1,-1,-1
289,-1,125.68,502.91,73.93,240.84,0.85494,-1,-1,-1
289,-1,1828.65,428.37,48.28,141.19,0.68226,-1,-1,-1
289,-1,1824.50,428.85,48.81,55.32,0.45872,-1,-1,-1
289,-1,41.92,574.67,64.24,181.25,0.26745,-1,-1,-1
289,-1,246.41,518.47,38.45,58.43,0.16875,-1,-1,-1
289,-1,58.93,517.56,116.50,232.72,0.16790,-1,-1,-1
289,-1,574.84,397.41,43.86,110.64,0.11425,-1,-1,-1
289,-1,1555.37,442.33,111.87,252.47,0.08130,-1,-1,-1
289,-1,91.46,540.06,54.55,207.03,0.07870,-1,-1,-1
289,-1,17.36,510.83,93.19,220.45,0.07769,-1,-1,-1
289,-1,1395.45,418.62,67.56,323.84,0.07200,-1,-1,-1
289,-1,1357.77,339.76,104.18,239.52,0.06795,-1,-1,-1
289,-1,1624.87,491.30,57.15,171.89,0.05909,-1,-1,-1
290,-1,1075.80,362.13,175.74,421.14,0.99944,-1,-1,-1
290,-1,1695.99,524.83,110.79,205.73,0.99857,-1,-1,-1
290,-1,1273.40,346.99,168.43,449.22,0.99726,-1,-1,-1
290,-1,1511.16,384.31,110.07,306.95,0.99707,-1,-1,-1
290,-1,1192.32,346.14,109.39,404.93,0.99326,-1,-1,-1
290,-1,1358.03,335.28,127.28,396.03,0.99292,-1,-1,-1
290,-1,1594.84,498.60,80.85,199.15,0.99188,-1,-1,-1
290,-1,1454.51,435.41,50.06,249.67,0.97134,-1,-1,-1
290,-1,1883.69,425.91,36.31,168.17,0.96816,-1,-1,-1
290,-1,1686.64,472.08,43.65,113.31,0.95326,-1,-1,-1
290,-1,126.25,507.45,73.03,234.08,0.86506,-1,-1,-1
290,-1,1828.36,427.65,48.76,142.48,0.72594,-1,-1,-1
290,-1,1823.86,428.72,50.01,58.56,0.49978,-1,-1,-1
290,-1,51.61,571.42,59.82,180.61,0.35279,-1,-1,-1
290,-1,1650.99,546.59,23.18,75.78,0.27892,-1,-1,-1
290,-1,63.66,522.52,109.03,224.92,0.23070,-1,-1,-1
290,-1,573.77,395.01,46.21,113.70,0.18738,-1,-1,-1
290,-1,246.54,517.19,39.21,59.45,0.16458,-1,-1,-1
290,-1,1482.80,445.95,43.98,201.17,0.14758,-1,-1,-1
290,-1,1417.77,411.97,91.36,286.92,0.13644,-1,-1,-1
290,-1,7.38,593.55,101.07,141.24,0.12655,-1,-1,-1
290,-1,90.35,541.78,55.36,205.66,0.12096,-1,-1,-1
290,-1,1646.22,516.30,36.67,115.53,0.10196,-1,-1,-1
290,-1,1659.07,491.68,21.13,50.17,0.08657,-1,-1,-1
290,-1,1893.76,425.34,26.24,31.42,0.06451,-1,-1,-1
290,-1,420.44,503.07,13.43,28.27,0.05943,-1,-1,-1
290,-1,1497.40,430.45,42.19,197.91,0.05752,-1,-1,-1
290,-1,19.44,547.86,121.78,203.90,0.05155,-1,-1,-1
291,-1,1082.13,361.90,168.15,421.19,0.99942,-1,-1,-1
291,-1,1693.77,531.94,114.84,198.85,0.99829,-1,-1,-1
291,-1,1279.58,345.53,178.99,447.57,0.99705,-1,-1,-1
291,-1,1519.16,386.85,111.35,304.75,0.99660,-1,-1,-1
291,-1,1199.41,346.68,106.33,412.21,0.99598,-1,-1,-1
291,-1,1362.24,337.99,123.43,402.90,0.99066,-1,-1,-1
291,-1,1595.80,506.96,78.06,186.18,0.98683,-1,-1,-1
291,-1,1883.65,427.05,36.35,158.71,0.96061,-1,-1,-1
291,-1,1457.95,437.00,51.18,237.77,0.94930,-1,-1,-1
291,-1,1686.52,473.33,44.58,111.55,0.94929,-1,-1,-1
291,-1,126.10,511.03,72.68,230.68,0.88301,-1,-1,-1
291,-1,1828.41,427.17,49.02,140.09,0.59009,-1,-1,-1
291,-1,1824.08,428.35,50.00,57.17,0.57834,-1,-1,-1
291,-1,1501.79,456.87,28.96,147.14,0.31525,-1,-1,-1
291,-1,53.60,580.68,56.24,168.65,0.31387,-1,-1,-1
291,-1,18.18,573.50,81.46,176.41,0.18386,-1,-1,-1
291,-1,1649.86,546.65,23.17,77.86,0.17439,-1,-1,-1
291,-1,1639.74,528.71,42.49,141.02,0.17173,-1,-1,-1
291,-1,246.42,519.34,37.36,57.00,0.15489,-1,-1,-1
291,-1,71.10,488.84,118.62,258.97,0.13092,-1,-1,-1
291,-1,1486.95,447.63,42.11,189.41,0.12776,-1,-1,-1
291,-1,575.46,396.84,43.19,110.61,0.09644,-1,-1,-1
291,-1,46.89,522.62,89.67,231.36,0.07750,-1,-1,-1
291,-1,92.65,539.53,49.36,204.86,0.06237,-1,-1,-1
291,-1,702.88,386.06,88.59,324.42,0.05136,-1,-1,-1
292,-1,1093.33,361.07,162.36,421.19,0.99949,-1,-1,-1
292,-1,1693.17,529.60,108.90,201.43,0.99864,-1,-1,-1
292,-1,1207.47,352.52,107.44,401.94,0.99768,-1,-1,-1
292,-1,1289.82,342.92,189.40,447.70,0.99716,-1,-1,-1
292,-1,1524.96,387.04,127.82,305.64,0.99694,-1,-1,-1
292,-1,1594.15,521.60,87.10,175.71,0.98604,-1,-1,-1
292,-1,1374.41,338.68,125.33,367.23,0.98497,-1,-1,-1
292,-1,1884.38,429.31,35.62,146.66,0.97885,-1,-1,-1
292,-1,1687.24,472.42,43.72,113.02,0.96052,-1,-1,-1
292,-1,1466.00,446.15,49.06,229.06,0.94901,-1,-1,-1
292,-1,885.04,516.02,28.19,94.17,0.85926,-1,-1,-1
292,-1,126.46,507.05,72.20,234.44,0.83791,-1,-1,-1
292,-1,1829.07,427.25,48.78,143.51,0.76706,-1,-1,-1
292,-1,1825.57,428.30,48.96,55.73,0.64298,-1,-1,-1
292,-1,1426.37,396.50,82.92,300.67,0.43439,-1,-1,-1
292,-1,50.80,576.82,60.00,172.57,0.35659,-1,-1,-1
292,-1,1286.18,398.67,30.03,63.45,0.32042,-1,-1,-1
292,-1,73.69,539.60,120.24,206.73,0.17922,-1,-1,-1
292,-1,1879.91,442.36,25.88,138.40,0.16077,-1,-1,-1
292,-1,246.60,524.55,33.55,53.32,0.14723,-1,-1,-1
292,-1,1366.35,633.65,49.52,116.45,0.13581,-1,-1,-1
292,-1,6.91,590.51,100.17,144.54,0.12949,-1,-1,-1
292,-1,1494.48,454.50,42.48,183.02,0.12901,-1,-1,-1
292,-1,1393.43,367.10,83.84,257.79,0.10705,-1,-1,-1
292,-1,1636.14,522.54,50.28,161.46,0.09427,-1,-1,-1
292,-1,704.80,369.60,83.67,363.48,0.09073,-1,-1,-1
292,-1,48.19,530.44,98.86,225.93,0.08104,-1,-1,-1
292,-1,92.28,540.06,51.52,205.95,0.06640,-1,-1,-1
292,-1,1635.64,494.72,43.83,125.75,0.06348,-1,-1,-1
292,-1,575.17,395.74,43.60,111.51,0.05017,-1,-1,-1
293,-1,1098.06,366.18,152.17,418.34,0.99953,-1,-1,-1
293,-1,1691.91,530.44,107.63,199.95,0.99885,-1,-1,-1
293,-1,1210.29,353.75,112.14,394.84,0.99776,-1,-1,-1
293,-1,1527.25,390.01,132.17,303.40,0.99760,-1,-1,-1
293,-1,1295.92,346.41,188.94,440.55,0.99723,-1,-1,-1
293,-1,1590.58,519.51,93.65,178.91,0.98882,-1,-1,-1
293,-1,1384.77,343.86,117.47,359.05,0.98502,-1,-1,-1
293,-1,1885.31,429.38,34.69,149.88,0.97627,-1,-1,-1
293,-1,1687.53,471.88,43.18,111.62,0.96384,-1,-1,-1
293,-1,1467.61,446.54,54.70,235.28,0.92439,-1,-1,-1
293,-1,128.43,527.71,67.61,214.17,0.85073,-1,-1,-1
293,-1,886.71,515.37,26.20,89.46,0.73203,-1,-1,-1
293,-1,1829.97,426.70,49.18,147.72,0.64328,-1,-1,-1
293,-1,1828.09,427.96,47.31,47.21,0.60803,-1,-1,-1
293,-1,48.99,575.48,59.58,175.63,0.46591,-1,-1,-1
293,-1,1292.99,398.46,28.87,68.72,0.25881,-1,-1,-1
293,-1,1373.55,630.33,43.38,120.67,0.21481,-1,-1,-1
293,-1,1285.41,370.25,43.62,106.94,0.21308,-1,-1,-1
293,-1,1396.04,358.48,79.38,263.04,0.20172,-1,-1,-1
293,-1,574.76,395.50,44.55,111.65,0.15955,-1,-1,-1
293,-1,1487.31,461.12,44.88,202.52,0.15638,-1,-1,-1
293,-1,246.39,524.76,34.36,53.43,0.15601,-1,-1,-1
293,-1,1219.94,346.15,193.58,425.44,0.15392,-1,-1,-1
293,-1,72.30,531.57,121.67,222.34,0.14669,-1,-1,-1
293,-1,3.91,585.01,98.86,135.14,0.12665,-1,-1,-1
293,-1,712.90,399.67,79.31,334.85,0.09708,-1,-1,-1
293,-1,46.99,507.25,96.13,251.27,0.07425,-1,-1,-1
293,-1,93.23,539.07,50.99,207.74,0.06377,-1,-1,-1
293,-1,1258.55,409.60,72.08,294.10,0.05779,-1,-1,-1
294,-1,1102.34,367.54,150.55,408.15,0.99929,-1,-1,-1
294,-1,1309.71,352.51,192.25,434.14,0.99877,-1,-1,-1
294,-1,1689.56,525.81,106.73,204.51,0.99868,-1,-1,-1
294,-1,1216.62,353.67,115.53,373.71,0.99633,-1,-1,-1
294,-1,1537.61,392.10,142.58,308.76,0.99595,-1,-1,-1
294,-1,1389.87,344.95,109.93,387.86,0.98971,-1,-1,-1
294,-1,1594.65,521.41,88.00,178.03,0.97931,-1,-1,-1
294,-1,1885.36,427.55,34.61,155.19,0.97084,-1,-1,-1
294,-1,1686.04,473.69,44.00,107.75,0.95695,-1,-1,-1
294,-1,1479.63,456.94,52.52,223.01,0.91784,-1,-1,-1
294,-1,886.10,517.57,27.71,93.11,0.89118,-1,-1,-1
294,-1,125.02,506.39,74.32,235.19,0.84843,-1,-1,-1
294,-1,1292.22,398.54,34.21,81.36,0.50941,-1,-1,-1
294,-1,927.29,506.61,36.88,127.68,0.34087,-1,-1,-1
294,-1,49.66,561.85,62.43,190.76,0.23580,-1,-1,-1
294,-1,706.11,381.77,87.21,353.55,0.22154,-1,-1,-1
294,-1,1306.83,402.51,27.61,73.24,0.19310,-1,-1,-1
294,-1,1290.86,400.40,44.63,264.17,0.16692,-1,-1,-1
294,-1,1291.22,397.05,39.29,147.18,0.14523,-1,-1,-1
294,-1,1834.39,426.18,45.60,149.45,0.13751,-1,-1,-1
294,-1,953.83,500.44,77.49,214.48,0.13646,-1,-1,-1
294,-1,57.18,522.81,121.79,233.84,0.13499,-1,-1,-1
294,-1,1371.19,635.45,46.91,114.44,0.12091,-1,-1,-1
294,-1,1442.81,392.39,95.29,287.45,0.11117,-1,-1,-1
294,-1,574.76,397.42,43.88,110.31,0.10044,-1,-1,-1
294,-1,9.94,528.71,101.92,232.86,0.08960,-1,-1,-1
294,-1,246.83,527.16,32.45,49.18,0.08761,-1,-1,-1
294,-1,247.77,516.51,42.80,50.23,0.08078,-1,-1,-1
294,-1,1449.61,428.92,50.68,257.81,0.06857,-1,-1,-1
294,-1,93.90,541.83,55.43,205.72,0.06034,-1,-1,-1
294,-1,1497.30,447.86,49.17,177.96,0.05847,-1,-1,-1
294,-1,932.24,507.66,55.49,189.60,0.05747,-1,-1,-1
295,-1,1105.07,364.70,143.35,403.58,0.99898,-1,-1,-1
295,-1,1314.81,355.79,185.61,438.01,0.99868,-1,-1,-1
295,-1,1686.31,528.25,112.33,203.44,0.99749,-1,-1,-1
295,-1,1219.54,355.04,119.32,369.90,0.99525,-1,-1,-1
295,-1,1538.39,393.42,148.40,305.83,0.99505,-1,-1,-1
295,-1,1595.30,522.92,89.95,175.77,0.97794,-1,-1,-1
295,-1,1883.83,428.11,36.17,154.01,0.97726,-1,-1,-1
295,-1,1685.48,472.44,43.40,110.19,0.96412,-1,-1,-1
295,-1,1403.25,350.80,96.61,304.35,0.96178,-1,-1,-1
295,-1,124.79,517.95,76.54,222.75,0.92247,-1,-1,-1
295,-1,1478.85,448.55,64.98,234.97,0.85977,-1,-1,-1
295,-1,886.97,517.70,26.69,84.92,0.60500,-1,-1,-1
295,-1,1433.71,372.91,101.52,307.76,0.48047,-1,-1,-1
295,-1,49.23,564.83,62.94,187.65,0.43282,-1,-1,-1
295,-1,954.59,508.10,71.19,205.97,0.38836,-1,-1,-1
295,-1,1300.79,396.69,30.06,76.55,0.31745,-1,-1,-1
295,-1,932.58,507.07,28.32,88.96,0.22895,-1,-1,-1
295,-1,55.45,527.55,113.71,225.26,0.19069,-1,-1,-1
295,-1,1834.75,426.16,46.21,148.79,0.14497,-1,-1,-1
295,-1,246.93,527.62,31.92,49.41,0.13333,-1,-1,-1
295,-1,1297.69,395.36,38.06,138.52,0.11226,-1,-1,-1
295,-1,1301.71,400.84,42.79,251.73,0.10818,-1,-1,-1
295,-1,1637.07,520.79,53.02,167.45,0.09922,-1,-1,-1
295,-1,1894.50,536.43,23.29,44.94,0.09102,-1,-1,-1
295,-1,6.96,526.59,104.86,228.68,0.07968,-1,-1,-1
295,-1,1168.83,358.54,139.76,393.61,0.07694,-1,-1,-1
295,-1,1498.41,441.62,52.27,169.53,0.07677,-1,-1,-1
295,-1,248.17,516.70,42.11,50.60,0.07265,-1,-1,-1
295,-1,92.17,544.06,55.72,204.42,0.07178,-1,-1,-1
295,-1,927.57,505.52,39.57,138.47,0.06391,-1,-1,-1
295,-1,1880.41,453.96,26.47,121.67,0.06056,-1,-1,-1
295,-1,710.07,405.34,83.41,336.81,0.06012,-1,-1,-1
295,-1,1375.68,632.58,46.23,119.51,0.05865,-1,-1,-1
296,-1,1109.41,363.45,136.17,404.90,0.99923,-1,-1,-1
296,-1,1329.22,357.59,170.50,433.97,0.99840,-1,-1,-1
296,-1,1683.24,523.56,115.61,208.78,0.99707,-1,-1,-1
296,-1,1542.12,393.07,148.54,309.72,0.99626,-1,-1,-1
296,-1,1223.97,363.19,123.41,377.42,0.99348,-1,-1,-1
296,-1,1885.63,427.88,34.25,155.79,0.97203,-1,-1,-1
296,-1,1406.66,353.10,102.75,334.97,0.96059,-1,-1,-1
296,-1,1684.61,472.54,44.81,106.50,0.95932,-1,-1,-1
296,-1,1590.53,474.97,89.46,227.32,0.94972,-1,-1,-1
296,-1,126.74,520.53,75.79,220.17,0.91269,-1,-1,-1
296,-1,1481.51,446.51,64.94,235.33,0.80617,-1,-1,-1
296,-1,1298.85,402.44,49.81,279.47,0.51849,-1,-1,-1
296,-1,1299.78,394.22,43.67,158.17,0.48264,-1,-1,-1
296,-1,49.35,567.18,62.99,185.04,0.43126,-1,-1,-1
296,-1,246.80,527.49,32.50,50.30,0.20350,-1,-1,-1
296,-1,1302.72,396.49,36.92,76.96,0.19531,-1,-1,-1
296,-1,57.67,518.05,103.67,233.05,0.18990,-1,-1,-1
296,-1,888.56,522.59,26.49,86.65,0.18832,-1,-1,-1
296,-1,1409.86,348.83,83.62,193.15,0.18021,-1,-1,-1
296,-1,1835.78,427.27,45.45,145.70,0.13257,-1,-1,-1
296,-1,26.31,503.98,83.22,220.62,0.12795,-1,-1,-1
296,-1,1607.13,525.21,108.53,186.19,0.12408,-1,-1,-1
296,-1,73.11,547.85,52.14,202.74,0.11261,-1,-1,-1
296,-1,7.38,540.79,79.79,209.97,0.10174,-1,-1,-1
296,-1,93.79,542.26,53.44,204.96,0.08622,-1,-1,-1
296,-1,1305.94,362.90,117.67,381.43,0.08174,-1,-1,-1
296,-1,925.74,510.15,44.84,111.33,0.08134,-1,-1,-1
296,-1,1635.89,507.94,52.38,182.23,0.06151,-1,-1,-1
296,-1,1609.98,517.04,69.68,124.56,0.05498,-1,-1,-1
296,-1,245.32,519.53,59.09,61.78,0.05209,-1,-1,-1
297,-1,1114.99,365.12,125.60,404.56,0.99927,-1,-1,-1
297,-1,1339.63,351.17,167.37,426.70,0.99852,-1,-1,-1
297,-1,1683.41,527.11,111.27,204.13,0.99817,-1,-1,-1
297,-1,1226.23,361.13,131.24,382.84,0.99613,-1,-1,-1
297,-1,1548.60,390.94,145.43,309.42,0.99459,-1,-1,-1
297,-1,1597.09,511.33,86.57,189.66,0.97440,-1,-1,-1
297,-1,1887.18,428.38,32.81,155.27,0.96981,-1,-1,-1
297,-1,1687.59,473.89,40.49,99.53,0.92147,-1,-1,-1
297,-1,1488.60,437.75,61.81,239.51,0.88825,-1,-1,-1
297,-1,128.93,530.32,66.89,212.11,0.87355,-1,-1,-1
297,-1,1413.99,351.89,115.24,319.10,0.68296,-1,-1,-1
297,-1,1310.30,396.41,43.79,167.92,0.58693,-1,-1,-1
297,-1,48.05,562.08,63.59,190.68,0.52207,-1,-1,-1
297,-1,1415.58,353.08,80.85,141.78,0.50115,-1,-1,-1
297,-1,1881.47,464.43,24.39,114.40,0.32834,-1,-1,-1
297,-1,889.11,523.19,26.63,91.32,0.24323,-1,-1,-1
297,-1,1387.16,359.96,123.77,184.62,0.23832,-1,-1,-1
297,-1,246.80,528.78,32.50,50.39,0.21264,-1,-1,-1
297,-1,1434.72,378.69,72.63,236.63,0.19028,-1,-1,-1
297,-1,72.58,531.37,119.50,223.94,0.18456,-1,-1,-1
297,-1,1318.52,400.09,31.69,107.96,0.18094,-1,-1,-1
297,-1,1316.19,392.84,50.82,280.14,0.15732,-1,-1,-1
297,-1,1313.30,396.39,34.33,67.36,0.15452,-1,-1,-1
297,-1,93.64,543.21,55.98,204.62,0.13589,-1,-1,-1
297,-1,16.26,558.83,75.91,189.82,0.08701,-1,-1,-1
297,-1,575.44,396.00,42.93,112.22,0.08214,-1,-1,-1
297,-1,28.80,525.10,106.41,236.84,0.07695,-1,-1,-1
297,-1,32.02,502.57,72.37,159.38,0.07353,-1,-1,-1
297,-1,1156.78,347.39,164.62,414.85,0.06347,-1,-1,-1
297,-1,1888.40,502.79,23.61,78.56,0.05464,-1,-1,-1
297,-1,420.94,503.57,13.32,27.86,0.05256,-1,-1,-1
297,-1,727.03,423.86,88.75,289.61,0.05256,-1,-1,-1
298,-1,1121.64,367.81,120.96,406.33,0.99897,-1,-1,-1
298,-1,1349.93,351.28,156.48,428.14,0.99855,-1,-1,-1
298,-1,1684.26,528.36,106.76,202.72,0.99833,-1,-1,-1
298,-1,1232.23,357.07,131.92,387.16,0.99457,-1,-1,-1
298,-1,1554.37,394.40,137.49,261.22,0.98993,-1,-1,-1
298,-1,1886.65,428.12,33.35,157.64,0.97594,-1,-1,-1
298,-1,1591.22,531.44,93.07,169.47,0.96525,-1,-1,-1
298,-1,1493.68,444.89,55.93,231.29,0.91853,-1,-1,-1
298,-1,126.32,514.99,73.24,227.54,0.90686,-1,-1,-1
298,-1,1682.77,472.43,46.28,106.39,0.89806,-1,-1,-1
298,-1,1313.79,391.31,44.43,208.79,0.51150,-1,-1,-1
298,-1,1444.00,370.58,63.40,251.50,0.49660,-1,-1,-1
298,-1,1310.41,390.27,61.85,304.28,0.43868,-1,-1,-1
298,-1,1434.71,354.40,67.22,135.48,0.43312,-1,-1,-1
298,-1,49.32,559.29,62.11,192.58,0.41452,-1,-1,-1
298,-1,1422.63,349.78,104.92,312.31,0.32153,-1,-1,-1
298,-1,1880.81,450.78,26.80,131.73,0.24746,-1,-1,-1
298,-1,74.93,528.54,118.58,225.01,0.19532,-1,-1,-1
298,-1,247.51,529.18,31.55,47.51,0.16914,-1,-1,-1
298,-1,1319.80,398.54,30.39,95.09,0.13248,-1,-1,-1
298,-1,10.42,604.10,90.31,141.32,0.11364,-1,-1,-1
298,-1,94.22,543.28,52.74,205.21,0.10824,-1,-1,-1
298,-1,1332.17,405.83,55.04,279.10,0.10396,-1,-1,-1
298,-1,1839.07,427.40,42.69,149.13,0.09378,-1,-1,-1
298,-1,10.43,507.01,90.01,183.70,0.07650,-1,-1,-1
298,-1,33.99,519.87,111.26,234.01,0.07490,-1,-1,-1
298,-1,1888.43,500.71,24.84,81.25,0.06758,-1,-1,-1
298,-1,1476.30,418.89,51.71,228.60,0.05721,-1,-1,-1
298,-1,41.71,503.47,65.35,130.41,0.05711,-1,-1,-1
298,-1,575.82,396.03,42.62,112.20,0.05468,-1,-1,-1
298,-1,1641.83,512.32,96.57,195.38,0.05442,-1,-1,-1
299,-1,1358.66,352.03,154.25,428.62,0.99891,-1,-1,-1
299,-1,1125.75,369.39,114.86,402.12,0.99830,-1,-1,-1
299,-1,1684.07,527.98,101.83,201.88,0.99808,-1,-1,-1
299,-1,1240.79,361.89,134.71,382.33,0.99496,-1,-1,-1
299,-1,1558.74,393.95,133.13,259.87,0.98768,-1,-1,-1
299,-1,1592.22,529.49,93.38,172.41,0.97346,-1,-1,-1
299,-1,1502.19,447.94,49.35,230.21,0.94621,-1,-1,-1
299,-1,1887.56,428.30,32.44,158.45,0.93559,-1,-1,-1
299,-1,1680.31,472.78,48.07,104.41,0.90718,-1,-1,-1
299,-1,128.33,532.93,67.54,209.47,0.87842,-1,-1,-1
299,-1,1438.55,352.16,67.37,127.93,0.61584,-1,-1,-1
299,-1,1315.00,385.88,67.06,322.62,0.55740,-1,-1,-1
299,-1,49.03,566.05,61.78,185.61,0.51379,-1,-1,-1
299,-1,246.45,525.23,38.84,53.62,0.36654,-1,-1,-1
299,-1,1225.99,426.51,41.46,265.76,0.28272,-1,-1,-1
299,-1,1338.28,426.22,51.20,261.96,0.26713,-1,-1,-1
299,-1,1458.10,386.34,62.91,244.38,0.20553,-1,-1,-1
299,-1,64.91,510.17,119.59,241.62,0.18847,-1,-1,-1
299,-1,1484.24,427.76,49.90,223.16,0.14943,-1,-1,-1
299,-1,1317.27,397.17,41.08,131.61,0.14914,-1,-1,-1
299,-1,1318.47,396.50,34.77,66.07,0.14385,-1,-1,-1
299,-1,1418.17,347.66,113.12,340.29,0.10524,-1,-1,-1
299,-1,1196.23,449.01,62.13,284.97,0.10265,-1,-1,-1
299,-1,95.19,539.40,52.34,207.66,0.09135,-1,-1,-1
299,-1,575.16,397.06,43.41,110.37,0.07566,-1,-1,-1
299,-1,1574.30,543.26,79.95,150.46,0.06478,-1,-1,-1
299,-1,420.16,505.45,13.31,27.78,0.05741,-1,-1,-1
300,-1,1367.31,352.93,157.38,426.65,0.99895,-1,-1,-1
300,-1,1685.58,528.59,97.06,201.24,0.99879,-1,-1,-1
300,-1,1126.72,371.13,113.70,398.39,0.99801,-1,-1,-1
300,-1,1245.05,362.56,141.13,381.49,0.99402,-1,-1,-1
300,-1,1566.63,389.72,124.23,299.13,0.99275,-1,-1,-1
300,-1,1590.80,505.16,95.31,198.14,0.94542,-1,-1,-1
300,-1,1500.87,442.79,55.84,232.43,0.93354,-1,-1,-1
300,-1,1682.61,472.76,45.91,105.53,0.89753,-1,-1,-1
300,-1,129.30,534.61,66.90,207.68,0.86644,-1,-1,-1
300,-1,1230.15,416.73,34.53,275.98,0.85846,-1,-1,-1
300,-1,1887.88,427.03,32.12,157.16,0.72053,-1,-1,-1
300,-1,1209.64,408.06,60.80,332.74,0.61141,-1,-1,-1
300,-1,49.13,564.92,61.68,187.31,0.50546,-1,-1,-1
300,-1,1463.21,389.60,84.24,283.01,0.43614,-1,-1,-1
300,-1,1317.94,400.94,52.86,291.75,0.40391,-1,-1,-1
300,-1,1440.11,354.72,68.43,115.83,0.31854,-1,-1,-1
300,-1,246.44,528.66,34.34,49.94,0.27124,-1,-1,-1
300,-1,1329.96,408.18,69.34,277.47,0.26912,-1,-1,-1
300,-1,61.15,509.36,117.10,242.47,0.16755,-1,-1,-1
300,-1,1318.73,397.60,42.70,130.44,0.14503,-1,-1,-1
300,-1,1167.72,365.92,153.73,388.79,0.13068,-1,-1,-1
300,-1,7.64,507.70,94.94,205.50,0.09153,-1,-1,-1
300,-1,1321.28,396.95,36.70,71.91,0.07322,-1,-1,-1
300,-1,1347.23,505.45,54.57,184.99,0.06925,-1,-1,-1
300,-1,94.18,540.34,51.85,209.34,0.06345,-1,-1,-1
300,-1,574.81,397.49,43.89,109.72,0.05221,-1,-1,-1
301,-1,1360.26,343.40,171.93,436.45,0.99906,-1,-1,-1
301,-1,1687.23,528.79,96.55,200.81,0.99887,-1,-1,-1
301,-1,1129.68,369.56,120.97,400.21,0.99763,-1,-1,-1
301,-1,1572.55,388.71,114.48,307.48,0.99572,-1,-1,-1
301,-1,1251.15,358.67,134.34,379.74,0.99314,-1,-1,-1
301,-1,1507.63,444.33,50.20,229.76,0.96799,-1,-1,-1
301,-1,1685.13,473.53,44.14,103.36,0.93149,-1,-1,-1
301,-1,1594.75,536.09,90.33,164.57,0.92914,-1,-1,-1
301,-1,126.63,528.65,76.96,213.34,0.90194,-1,-1,-1
301,-1,1230.08,418.38,38.03,263.39,0.88614,-1,-1,-1
301,-1,1886.75,428.41,33.15,155.57,0.82470,-1,-1,-1
301,-1,1212.31,408.10,61.11,334.64,0.73662,-1,-1,-1
301,-1,48.92,557.08,63.51,196.12,0.45282,-1,-1,-1
301,-1,1231.11,425.74,37.06,133.14,0.43695,-1,-1,-1
301,-1,72.89,528.12,121.76,225.34,0.25012,-1,-1,-1
301,-1,1347.68,463.53,60.68,222.25,0.24371,-1,-1,-1
301,-1,246.32,529.43,34.73,49.27,0.22218,-1,-1,-1
301,-1,1320.98,396.07,44.99,286.77,0.21592,-1,-1,-1
301,-1,1337.91,399.42,23.35,54.92,0.20895,-1,-1,-1
301,-1,1435.12,359.54,112.84,327.46,0.15855,-1,-1,-1
301,-1,1320.54,399.46,85.74,320.92,0.12623,-1,-1,-1
301,-1,1436.42,354.88,74.53,108.49,0.10160,-1,-1,-1
301,-1,1155.95,354.69,172.49,404.02,0.09737,-1,-1,-1
301,-1,1478.06,420.85,65.56,239.26,0.08945,-1,-1,-1
301,-1,1518.66,451.98,35.32,149.35,0.06959,-1,-1,-1
301,-1,15.05,514.93,91.07,208.34,0.06583,-1,-1,-1
301,-1,92.32,542.44,56.22,206.08,0.06393,-1,-1,-1
301,-1,574.88,397.16,43.92,109.99,0.05802,-1,-1,-1
301,-1,17.00,607.53,85.75,145.11,0.05795,-1,-1,-1
301,-1,1894.75,532.39,21.15,49.15,0.05627,-1,-1,-1
302,-1,1690.91,530.16,93.65,197.50,0.99872,-1,-1,-1
302,-1,1363.46,345.37,175.92,426.15,0.99846,-1,-1,-1
302,-1,1138.39,377.69,108.71,390.38,0.99505,-1,-1,-1
302,-1,1265.85,353.61,116.19,393.17,0.99496,-1,-1,-1
302,-1,1580.69,391.75,94.45,300.62,0.99343,-1,-1,-1
302,-1,1503.26,442.75,58.14,230.36,0.96988,-1,-1,-1
302,-1,1595.28,530.41,90.99,169.51,0.96171,-1,-1,-1
302,-1,1684.87,474.50,43.66,107.63,0.93838,-1,-1,-1
302,-1,1887.26,428.91,32.74,150.46,0.93591,-1,-1,-1
302,-1,128.59,523.77,69.60,218.69,0.83793,-1,-1,-1
302,-1,1224.90,421.78,64.83,275.37,0.81262,-1,-1,-1
302,-1,1195.54,394.94,88.31,352.95,0.76967,-1,-1,-1
302,-1,45.52,533.72,68.66,219.27,0.30570,-1,-1,-1
302,-1,65.39,519.66,129.50,231.69,0.29815,-1,-1,-1
302,-1,29.85,503.74,72.82,126.79,0.27847,-1,-1,-1
302,-1,246.13,528.96,35.51,50.28,0.22986,-1,-1,-1
302,-1,1526.09,470.84,35.66,174.28,0.21656,-1,-1,-1
302,-1,1323.19,355.50,45.45,131.54,0.20477,-1,-1,-1
302,-1,1342.42,401.79,26.84,66.76,0.19150,-1,-1,-1
302,-1,1422.36,351.16,129.45,329.28,0.15322,-1,-1,-1
302,-1,11.05,501.97,93.31,241.19,0.14632,-1,-1,-1
302,-1,1360.98,466.70,68.49,224.76,0.14174,-1,-1,-1
302,-1,1894.90,531.72,22.08,48.31,0.09545,-1,-1,-1
302,-1,3.32,511.00,77.50,152.81,0.08495,-1,-1,-1
302,-1,420.37,503.84,13.38,27.40,0.08044,-1,-1,-1
302,-1,1154.23,359.37,181.93,398.83,0.05435,-1,-1,-1
303,-1,1695.21,532.96,90.59,196.00,0.99845,-1,-1,-1
303,-1,1368.00,347.58,176.68,423.83,0.99811,-1,-1,-1
303,-1,1265.64,352.78,120.37,393.48,0.99390,-1,-1,-1
303,-1,1145.90,374.62,115.90,392.33,0.99376,-1,-1,-1
303,-1,1579.36,387.18,97.62,300.20,0.99210,-1,-1,-1
303,-1,1595.73,529.24,89.54,170.00,0.95051,-1,-1,-1
303,-1,1503.84,442.56,58.36,231.70,0.94682,-1,-1,-1
303,-1,1684.95,473.60,43.54,109.68,0.94338,-1,-1,-1
303,-1,1231.66,414.20,60.57,277.55,0.93799,-1,-1,-1
303,-1,1886.41,430.43,33.59,150.34,0.92148,-1,-1,-1
303,-1,126.00,519.90,75.51,218.11,0.84667,-1,-1,-1
303,-1,1194.74,398.10,95.96,348.88,0.70404,-1,-1,-1
303,-1,1366.82,476.02,63.60,223.52,0.38998,-1,-1,-1
303,-1,1355.47,405.32,20.32,70.08,0.29705,-1,-1,-1
303,-1,63.64,514.46,134.32,238.49,0.28322,-1,-1,-1
303,-1,1235.50,422.35,42.09,107.37,0.27391,-1,-1,-1
303,-1,47.37,548.57,66.36,203.41,0.27149,-1,-1,-1
303,-1,246.12,530.70,35.29,48.32,0.25822,-1,-1,-1
303,-1,1534.16,475.22,34.39,153.44,0.23697,-1,-1,-1
303,-1,1331.30,365.28,42.16,130.72,0.16911,-1,-1,-1
303,-1,1429.54,372.82,125.28,330.69,0.16802,-1,-1,-1
303,-1,1163.35,357.28,175.99,397.73,0.14577,-1,-1,-1
303,-1,1361.55,386.30,89.60,329.82,0.09283,-1,-1,-1
303,-1,1895.09,531.47,22.51,49.30,0.09019,-1,-1,-1
303,-1,246.69,518.25,56.14,62.37,0.08889,-1,-1,-1
303,-1,420.53,505.65,12.99,27.85,0.08705,-1,-1,-1
303,-1,29.06,503.90,75.09,133.34,0.07437,-1,-1,-1
303,-1,92.52,537.15,56.41,210.57,0.07281,-1,-1,-1
303,-1,1281.03,351.55,193.02,390.22,0.07251,-1,-1,-1
303,-1,5.77,506.55,90.86,182.23,0.05535,-1,-1,-1
304,-1,1699.06,530.40,90.68,193.50,0.99822,-1,-1,-1
304,-1,1370.16,350.69,178.96,422.61,0.99805,-1,-1,-1
304,-1,1277.93,354.61,114.83,384.84,0.99361,-1,-1,-1
304,-1,1150.45,373.24,122.11,393.46,0.99253,-1,-1,-1
304,-1,1584.86,386.94,92.16,290.84,0.98702,-1,-1,-1
304,-1,1885.82,432.80,34.18,148.52,0.95789,-1,-1,-1
304,-1,1684.80,473.33,43.85,110.30,0.94856,-1,-1,-1
304,-1,1595.14,524.98,92.29,173.92,0.94360,-1,-1,-1
304,-1,1510.20,441.09,55.39,236.84,0.90171,-1,-1,-1
304,-1,126.77,506.08,78.33,238.27,0.85305,-1,-1,-1
304,-1,1236.99,419.30,54.93,266.83,0.84640,-1,-1,-1
304,-1,940.73,526.75,25.40,94.03,0.78884,-1,-1,-1
304,-1,48.77,548.03,63.47,205.84,0.49637,-1,-1,-1
304,-1,930.16,540.39,11.66,44.17,0.44721,-1,-1,-1
304,-1,1233.43,413.59,48.83,119.91,0.24769,-1,-1,-1
304,-1,68.48,504.60,116.57,248.65,0.21297,-1,-1,-1
304,-1,1214.67,405.58,63.77,305.66,0.20454,-1,-1,-1
304,-1,246.26,529.13,35.96,49.91,0.20421,-1,-1,-1
304,-1,28.57,503.39,81.76,180.14,0.16687,-1,-1,-1
304,-1,1370.34,497.77,62.79,198.59,0.15366,-1,-1,-1
304,-1,1338.38,368.52,44.15,132.54,0.13118,-1,-1,-1
304,-1,935.44,531.92,22.44,78.84,0.12560,-1,-1,-1
304,-1,1539.91,453.23,30.18,149.47,0.10186,-1,-1,-1
304,-1,1637.60,526.58,57.82,169.73,0.08612,-1,-1,-1
304,-1,94.45,534.98,52.99,212.27,0.07343,-1,-1,-1
304,-1,421.06,503.33,13.36,28.32,0.07254,-1,-1,-1
304,-1,1834.10,442.58,45.51,128.14,0.06348,-1,-1,-1
304,-1,1612.99,514.29,65.00,103.95,0.06135,-1,-1,-1
304,-1,1362.18,379.94,96.75,328.62,0.05782,-1,-1,-1
304,-1,7.30,508.57,83.47,272.21,0.05288,-1,-1,-1
304,-1,1335.06,388.99,89.48,324.55,0.05128,-1,-1,-1
304,-1,1895.80,536.29,22.87,44.03,0.05115,-1,-1,-1
304,-1,575.14,396.63,43.54,112.09,0.05086,-1,-1,-1
305,-1,1381.03,360.78,173.08,419.54,0.99904,-1,-1,-1
305,-1,1700.41,529.59,91.45,196.06,0.99787,-1,-1,-1
305,-1,1279.04,353.85,121.82,388.63,0.99481,-1,-1,-1
305,-1,1153.75,375.42,118.66,388.53,0.99471,-1,-1,-1
305,-1,1586.65,389.64,97.04,304.14,0.98618,-1,-1,-1
305,-1,1885.83,432.49,34.17,148.17,0.95957,-1,-1,-1
305,-1,1512.90,433.95,57.20,233.92,0.95123,-1,-1,-1
305,-1,1685.67,473.23,43.22,110.46,0.92840,-1,-1,-1
305,-1,1600.70,518.29,87.67,181.30,0.85141,-1,-1,-1
305,-1,125.23,493.35,76.88,253.46,0.80299,-1,-1,-1
305,-1,940.43,524.32,25.97,98.38,0.79152,-1,-1,-1
305,-1,1208.78,386.51,82.66,342.80,0.70258,-1,-1,-1
305,-1,1246.93,425.22,47.14,261.15,0.44569,-1,-1,-1
305,-1,49.60,557.76,62.62,195.72,0.35505,-1,-1,-1
305,-1,1530.53,437.28,44.37,170.61,0.26632,-1,-1,-1
305,-1,1367.01,406.05,21.61,55.67,0.26406,-1,-1,-1
305,-1,246.19,529.80,35.25,49.52,0.20316,-1,-1,-1
305,-1,904.69,527.22,38.79,109.92,0.15155,-1,-1,-1
305,-1,72.25,508.53,126.65,262.43,0.12135,-1,-1,-1
305,-1,807.47,445.43,88.19,189.33,0.11972,-1,-1,-1
305,-1,1649.31,538.10,50.24,149.92,0.08668,-1,-1,-1
305,-1,1361.30,412.52,45.29,224.78,0.08040,-1,-1,-1
305,-1,1895.34,537.40,23.78,43.43,0.07696,-1,-1,-1
305,-1,94.01,538.12,54.78,209.77,0.07560,-1,-1,-1
305,-1,1644.78,518.02,41.25,134.01,0.07428,-1,-1,-1
305,-1,32.46,514.88,127.98,242.12,0.07393,-1,-1,-1
305,-1,31.18,505.31,79.87,187.30,0.07296,-1,-1,-1
305,-1,575.13,396.32,43.72,111.28,0.07244,-1,-1,-1
305,-1,1469.93,395.44,98.21,321.78,0.07166,-1,-1,-1
305,-1,1544.71,456.82,26.97,136.05,0.06883,-1,-1,-1
305,-1,420.92,503.52,13.47,27.95,0.06855,-1,-1,-1
305,-1,1371.86,521.84,61.33,176.89,0.06395,-1,-1,-1
305,-1,1207.38,378.91,74.58,171.89,0.05514,-1,-1,-1
305,-1,1170.02,349.94,192.94,400.59,0.05282,-1,-1,-1
306,-1,1378.78,357.97,180.27,420.76,0.99928,-1,-1,-1
306,-1,1700.49,528.49,92.14,197.37,0.99805,-1,-1,-1
306,-1,1281.16,356.24,112.93,376.51,0.99621,-1,-1,-1
306,-1,1159.87,375.82,121.86,385.47,0.99336,-1,-1,-1
306,-1,1589.95,391.91,94.31,295.25,0.98751,-1,-1,-1
306,-1,1517.82,439.16,53.58,234.01,0.95982,-1,-1,-1
306,-1,1886.54,433.72,33.46,144.96,0.95570,-1,-1,-1
306,-1,1686.17,473.39,42.45,111.83,0.91974,-1,-1,-1
306,-1,1593.45,520.58,108.07,173.04,0.89389,-1,-1,-1
306,-1,127.28,503.16,76.99,241.17,0.83326,-1,-1,-1
306,-1,941.20,523.69,25.40,94.35,0.53559,-1,-1,-1
306,-1,1367.55,406.40,28.03,89.76,0.52374,-1,-1,-1
306,-1,1209.45,385.33,81.08,330.01,0.50139,-1,-1,-1
306,-1,1249.48,427.16,43.85,259.24,0.47654,-1,-1,-1
306,-1,1366.41,408.28,36.55,201.84,0.40698,-1,-1,-1
306,-1,48.39,552.14,64.15,202.92,0.34567,-1,-1,-1
306,-1,69.24,501.93,119.38,251.63,0.21824,-1,-1,-1
306,-1,1540.41,438.80,36.77,180.90,0.21613,-1,-1,-1
306,-1,246.13,529.25,36.29,50.13,0.19034,-1,-1,-1
306,-1,1651.23,529.25,48.49,150.70,0.13563,-1,-1,-1
306,-1,1371.26,408.94,22.32,47.72,0.12007,-1,-1,-1
306,-1,38.54,502.72,72.45,141.25,0.11758,-1,-1,-1
306,-1,1603.66,505.10,77.54,134.06,0.10090,-1,-1,-1
306,-1,575.44,393.94,43.38,114.62,0.08369,-1,-1,-1
306,-1,1551.58,474.79,24.25,120.36,0.07054,-1,-1,-1
306,-1,1374.36,401.62,45.44,274.54,0.07036,-1,-1,-1
306,-1,1894.48,539.55,24.39,41.05,0.06509,-1,-1,-1
306,-1,1594.48,474.55,79.23,104.80,0.06413,-1,-1,-1
306,-1,12.95,503.05,94.22,257.60,0.05919,-1,-1,-1
306,-1,90.89,534.45,43.74,214.94,0.05456,-1,-1,-1
306,-1,1469.12,358.67,103.47,316.74,0.05386,-1,-1,-1
306,-1,420.62,503.36,13.42,28.33,0.05087,-1,-1,-1
307,-1,1385.22,360.65,175.25,419.21,0.99920,-1,-1,-1
307,-1,1700.68,528.57,91.99,197.40,0.99747,-1,-1,-1
307,-1,1167.88,377.11,115.89,384.71,0.99742,-1,-1,-1
307,-1,1280.33,357.49,116.84,373.50,0.99712,-1,-1,-1
307,-1,1518.88,433.09,48.99,242.77,0.97703,-1,-1,-1
307,-1,1591.34,500.74,102.90,195.80,0.97149,-1,-1,-1
307,-1,1593.45,407.80,94.87,240.51,0.95539,-1,-1,-1
307,-1,1886.69,435.82,33.31,145.03,0.94485,-1,-1,-1
307,-1,1688.78,474.02,38.38,112.32,0.84932,-1,-1,-1
307,-1,129.71,524.68,66.35,216.85,0.80178,-1,-1,-1
307,-1,943.16,525.22,23.71,88.94,0.69099,-1,-1,-1
307,-1,1535.11,442.48,47.24,184.81,0.62210,-1,-1,-1
307,-1,1363.17,395.86,42.22,240.52,0.52604,-1,-1,-1
307,-1,1369.80,404.49,34.71,143.27,0.42351,-1,-1,-1
307,-1,94.33,464.03,106.46,283.43,0.36571,-1,-1,-1
307,-1,1639.04,506.39,59.68,161.57,0.34074,-1,-1,-1
307,-1,52.74,573.42,57.78,173.35,0.31624,-1,-1,-1
307,-1,1550.03,467.07,30.09,129.50,0.24184,-1,-1,-1
307,-1,964.27,536.56,44.77,162.95,0.19466,-1,-1,-1
307,-1,25.76,502.79,77.04,139.17,0.19254,-1,-1,-1
307,-1,246.19,529.54,35.50,49.92,0.19221,-1,-1,-1
307,-1,1239.88,417.52,47.91,294.33,0.19014,-1,-1,-1
307,-1,1371.73,404.17,28.66,75.19,0.18684,-1,-1,-1
307,-1,21.43,533.81,82.62,229.60,0.15811,-1,-1,-1
307,-1,1392.34,535.40,41.06,159.98,0.15042,-1,-1,-1
307,-1,575.27,396.37,43.47,111.82,0.14599,-1,-1,-1
307,-1,1685.24,460.32,45.88,192.64,0.13143,-1,-1,-1
307,-1,32.41,513.20,130.32,239.73,0.12148,-1,-1,-1
307,-1,1200.05,357.22,170.33,396.68,0.10922,-1,-1,-1
307,-1,1369.50,398.34,68.85,287.27,0.09861,-1,-1,-1
307,-1,420.68,503.95,13.28,27.34,0.08743,-1,-1,-1
307,-1,92.72,534.94,57.35,212.91,0.08532,-1,-1,-1
307,-1,1894.11,537.43,24.30,44.34,0.05550,-1,-1,-1
307,-1,1467.63,366.61,107.91,312.34,0.05231,-1,-1,-1
308,-1,1391.36,359.95,176.82,414.77,0.99905,-1,-1,-1
308,-1,1168.30,379.86,119.44,382.07,0.99817,-1,-1,-1
308,-1,1700.22,527.63,91.72,199.04,0.99724,-1,-1,-1
308,-1,1284.08,357.67,114.79,374.74,0.99518,-1,-1,-1
308,-1,1591.90,500.17,109.49,195.52,0.98183,-1,-1,-1
308,-1,1522.62,435.07,52.74,243.74,0.96986,-1,-1,-1
308,-1,1887.22,436.47,32.78,145.29,0.93923,-1,-1,-1
308,-1,1598.66,397.55,86.63,226.92,0.91482,-1,-1,-1
308,-1,127.77,504.97,74.21,239.41,0.87058,-1,-1,-1
308,-1,1687.83,472.67,40.88,119.43,0.76817,-1,-1,-1
308,-1,942.66,526.11,24.50,78.58,0.71408,-1,-1,-1
308,-1,1370.75,403.67,38.31,205.82,0.59508,-1,-1,-1
308,-1,1377.85,402.98,55.32,300.64,0.41051,-1,-1,-1
308,-1,49.43,549.27,62.16,205.05,0.40472,-1,-1,-1
308,-1,246.20,521.51,45.22,57.49,0.33474,-1,-1,-1
308,-1,1539.16,445.48,49.16,185.54,0.30656,-1,-1,-1
308,-1,9.83,506.96,86.11,181.74,0.22841,-1,-1,-1
308,-1,63.19,515.78,118.96,239.97,0.20968,-1,-1,-1
308,-1,1651.72,497.77,48.67,140.63,0.18071,-1,-1,-1
308,-1,23.42,514.48,113.47,242.78,0.15214,-1,-1,-1
308,-1,1370.45,402.04,35.71,72.08,0.14713,-1,-1,-1
308,-1,245.47,520.54,46.34,152.09,0.12208,-1,-1,-1
308,-1,1390.97,528.00,45.70,170.56,0.12172,-1,-1,-1
308,-1,1525.87,434.95,50.21,105.49,0.11444,-1,-1,-1
308,-1,420.22,504.99,13.39,27.61,0.11157,-1,-1,-1
308,-1,1636.25,523.57,71.49,153.14,0.10279,-1,-1,-1
308,-1,1490.02,402.38,89.13,288.73,0.09839,-1,-1,-1
308,-1,2.11,534.86,81.31,94.73,0.09585,-1,-1,-1
308,-1,1278.00,364.93,44.01,110.28,0.09159,-1,-1,-1
308,-1,37.91,502.72,68.94,122.51,0.08398,-1,-1,-1
308,-1,93.61,534.38,55.53,214.07,0.07272,-1,-1,-1
308,-1,574.95,396.09,43.81,111.99,0.06983,-1,-1,-1
308,-1,1385.76,371.39,99.58,343.48,0.06720,-1,-1,-1
308,-1,1273.91,369.57,41.51,187.31,0.05570,-1,-1,-1
309,-1,1178.47,379.10,122.20,378.54,0.99854,-1,-1,-1
309,-1,1396.39,358.96,177.80,409.01,0.99852,-1,-1,-1
309,-1,1696.51,524.67,95.53,201.37,0.99750,-1,-1,-1
309,-1,1296.52,361.68,104.58,369.06,0.99541,-1,-1,-1
309,-1,1592.33,505.79,115.30,192.11,0.99507,-1,-1,-1
309,-1,1888.06,435.28,31.94,145.77,0.96168,-1,-1,-1
309,-1,1606.60,395.93,89.33,199.97,0.94559,-1,-1,-1
309,-1,1531.21,435.99,50.01,234.78,0.93892,-1,-1,-1
309,-1,128.71,521.94,66.53,221.08,0.80082,-1,-1,-1
309,-1,1694.02,471.52,32.27,114.20,0.70634,-1,-1,-1
309,-1,1363.06,398.22,74.73,297.31,0.64657,-1,-1,-1
309,-1,1371.28,399.28,42.84,164.94,0.49659,-1,-1,-1
309,-1,94.81,467.49,109.17,278.53,0.43843,-1,-1,-1
309,-1,942.58,526.61,23.34,77.18,0.43149,-1,-1,-1
309,-1,1279.45,363.77,49.74,118.23,0.41738,-1,-1,-1
309,-1,5.31,508.57,96.71,247.92,0.35028,-1,-1,-1
309,-1,46.20,550.32,67.17,200.36,0.30258,-1,-1,-1
309,-1,245.86,516.82,48.52,60.86,0.24455,-1,-1,-1
309,-1,27.07,511.24,129.09,240.62,0.18032,-1,-1,-1
309,-1,1383.92,512.41,54.30,177.27,0.12502,-1,-1,-1
309,-1,35.97,505.22,74.73,146.03,0.11754,-1,-1,-1
309,-1,1.49,525.91,88.49,122.49,0.10159,-1,-1,-1
309,-1,420.46,504.96,13.50,28.02,0.08903,-1,-1,-1
309,-1,575.20,395.47,42.70,112.19,0.07056,-1,-1,-1
309,-1,1657.05,491.51,47.79,155.90,0.06153,-1,-1,-1
309,-1,245.21,522.29,44.95,156.24,0.05054,-1,-1,-1
310,-1,1412.80,362.77,162.35,408.21,0.99904,-1,-1,-1
310,-1,1185.44,380.21,124.94,374.04,0.99876,-1,-1,-1
310,-1,1694.75,524.38,96.42,202.08,0.99721,-1,-1,-1
310,-1,1299.25,361.32,105.71,369.94,0.99474,-1,-1,-1
310,-1,1589.85,494.56,110.24,203.39,0.99274,-1,-1,-1
310,-1,1886.66,435.02,33.34,149.10,0.95880,-1,-1,-1
310,-1,1609.66,397.01,89.04,185.50,0.95830,-1,-1,-1
310,-1,1535.59,439.09,50.85,232.79,0.92375,-1,-1,-1
310,-1,127.71,504.60,76.52,240.31,0.80355,-1,-1,-1
310,-1,1364.38,395.02,77.53,300.94,0.76989,-1,-1,-1
310,-1,942.36,525.56,24.04,94.69,0.53102,-1,-1,-1
310,-1,1374.13,398.83,43.16,153.57,0.35963,-1,-1,-1
310,-1,47.41,549.45,66.00,202.84,0.32301,-1,-1,-1
310,-1,62.73,519.01,135.30,229.87,0.29053,-1,-1,-1
310,-1,1557.97,462.13,34.79,196.13,0.27928,-1,-1,-1
310,-1,3.35,505.24,92.86,194.72,0.25450,-1,-1,-1
310,-1,1284.01,366.19,46.69,115.92,0.23818,-1,-1,-1
310,-1,246.41,517.12,47.84,59.44,0.20570,-1,-1,-1
310,-1,1613.36,473.50,76.63,88.64,0.14696,-1,-1,-1
310,-1,1694.54,469.04,31.94,118.35,0.11780,-1,-1,-1
310,-1,1373.84,399.81,41.14,71.52,0.10892,-1,-1,-1
310,-1,575.27,396.78,43.43,111.26,0.09617,-1,-1,-1
310,-1,245.24,523.53,45.97,149.84,0.08145,-1,-1,-1
310,-1,33.43,503.80,77.68,149.42,0.07773,-1,-1,-1
310,-1,1349.84,389.83,60.96,304.17,0.07315,-1,-1,-1
310,-1,1375.86,527.48,62.64,160.40,0.07241,-1,-1,-1
310,-1,1833.79,430.52,45.18,145.58,0.07129,-1,-1,-1
310,-1,420.34,504.72,13.25,28.50,0.06834,-1,-1,-1
310,-1,959.47,523.37,52.49,182.04,0.06266,-1,-1,-1
310,-1,1648.70,488.89,55.25,172.67,0.05674,-1,-1,-1
310,-1,12.61,581.87,83.23,185.62,0.05654,-1,-1,-1
310,-1,91.60,533.61,60.84,213.27,0.05068,-1,-1,-1
311,-1,1187.80,377.39,131.35,373.22,0.99920,-1,-1,-1
311,-1,1415.29,364.32,160.17,403.69,0.99919,-1,-1,-1
311,-1,1696.17,524.37,92.89,202.14,0.99671,-1,-1,-1
311,-1,1299.44,361.19,105.77,373.61,0.99658,-1,-1,-1
311,-1,1588.53,484.50,113.44,214.62,0.99434,-1,-1,-1
311,-1,1886.68,435.34,33.32,150.61,0.95936,-1,-1,-1
311,-1,1616.92,395.54,87.00,222.84,0.95451,-1,-1,-1
311,-1,1540.05,441.44,52.66,230.68,0.93779,-1,-1,-1
311,-1,1382.42,407.75,54.46,279.69,0.91833,-1,-1,-1
311,-1,127.70,513.02,77.94,229.33,0.79070,-1,-1,-1
311,-1,54.95,506.92,139.69,247.11,0.35297,-1,-1,-1
311,-1,44.79,550.61,69.33,202.26,0.33824,-1,-1,-1
311,-1,1284.03,363.36,47.25,110.34,0.30453,-1,-1,-1
311,-1,1698.28,471.42,26.70,105.67,0.29579,-1,-1,-1
311,-1,7.85,515.45,91.06,250.27,0.29318,-1,-1,-1
311,-1,1385.00,402.24,33.16,134.55,0.17812,-1,-1,-1
311,-1,245.47,530.30,37.42,48.87,0.16226,-1,-1,-1
311,-1,2.02,515.85,81.55,145.14,0.14731,-1,-1,-1
311,-1,1560.27,458.85,38.16,181.70,0.13416,-1,-1,-1
311,-1,574.83,394.70,44.02,112.92,0.12911,-1,-1,-1
311,-1,1381.59,400.10,34.95,76.69,0.09897,-1,-1,-1
311,-1,1681.44,468.64,37.97,191.28,0.09361,-1,-1,-1
311,-1,420.36,505.05,13.20,28.11,0.09063,-1,-1,-1
311,-1,37.58,503.95,73.90,148.06,0.07752,-1,-1,-1
311,-1,1478.26,422.50,107.58,321.22,0.06739,-1,-1,-1
311,-1,1828.10,419.84,50.73,149.86,0.06005,-1,-1,-1
311,-1,1656.84,467.64,50.79,188.52,0.05634,-1,-1,-1
311,-1,960.21,526.71,53.51,191.86,0.05463,-1,-1,-1
312,-1,1193.10,381.03,135.67,368.84,0.99928,-1,-1,-1
312,-1,1420.86,357.74,159.02,410.65,0.99924,-1,-1,-1
312,-1,1696.68,523.64,91.00,200.93,0.99748,-1,-1,-1
312,-1,1587.28,478.68,109.18,220.51,0.99569,-1,-1,-1
312,-1,1300.79,366.52,108.43,363.00,0.99329,-1,-1,-1
312,-1,1635.05,397.41,79.62,235.68,0.98199,-1,-1,-1
312,-1,1884.57,435.22,35.43,156.28,0.97923,-1,-1,-1
312,-1,1385.23,400.59,52.50,293.18,0.96134,-1,-1,-1
312,-1,1545.44,443.14,45.43,229.37,0.94196,-1,-1,-1
312,-1,129.97,532.81,66.92,209.38,0.79263,-1,-1,-1
312,-1,54.40,531.47,138.99,215.63,0.37823,-1,-1,-1
312,-1,49.30,559.97,64.08,192.39,0.33415,-1,-1,-1
312,-1,1384.42,403.71,40.49,152.22,0.20687,-1,-1,-1
312,-1,1564.35,460.33,38.70,182.32,0.18860,-1,-1,-1
312,-1,1285.36,361.88,51.45,98.49,0.18587,-1,-1,-1
312,-1,246.45,517.23,50.69,62.51,0.13074,-1,-1,-1
312,-1,1516.24,434.02,75.14,283.39,0.11850,-1,-1,-1
312,-1,1551.51,536.71,34.11,132.40,0.10751,-1,-1,-1
312,-1,22.91,516.28,87.68,199.69,0.10220,-1,-1,-1
312,-1,420.37,503.64,14.07,27.49,0.08037,-1,-1,-1
312,-1,575.42,396.32,42.98,111.06,0.06237,-1,-1,-1
312,-1,4.13,526.75,87.88,135.08,0.05470,-1,-1,-1
312,-1,444.51,492.95,19.14,39.82,0.05014,-1,-1,-1
313,-1,1422.89,366.16,159.92,401.73,0.99920,-1,-1,-1
313,-1,1192.92,382.35,142.26,367.56,0.99909,-1,-1,-1
313,-1,1701.22,531.75,84.23,193.12,0.99691,-1,-1,-1
313,-1,1297.90,368.03,112.11,361.53,0.99358,-1,-1,-1
313,-1,1586.51,480.27,107.98,220.41,0.99296,-1,-1,-1
313,-1,1633.93,395.30,90.68,263.20,0.98654,-1,-1,-1
313,-1,1889.64,433.92,30.36,164.74,0.98171,-1,-1,-1
313,-1,1385.95,401.35,52.68,287.32,0.97047,-1,-1,-1
313,-1,1550.74,444.07,46.77,230.20,0.91213,-1,-1,-1
313,-1,127.05,535.07,70.23,207.04,0.78227,-1,-1,-1
313,-1,51.87,562.30,61.38,187.23,0.40382,-1,-1,-1
313,-1,3.24,511.27,92.97,203.04,0.37601,-1,-1,-1
313,-1,56.04,530.35,137.41,216.41,0.36231,-1,-1,-1
313,-1,1.87,519.52,63.14,153.14,0.21607,-1,-1,-1
313,-1,245.60,522.35,45.27,56.85,0.16657,-1,-1,-1
313,-1,1570.80,475.85,31.72,134.02,0.16089,-1,-1,-1
313,-1,43.62,502.99,66.24,141.95,0.13136,-1,-1,-1
313,-1,1386.01,405.35,44.11,154.74,0.11089,-1,-1,-1
313,-1,420.04,504.97,13.88,27.82,0.10785,-1,-1,-1
313,-1,1289.55,366.75,26.85,41.27,0.08727,-1,-1,-1
313,-1,575.69,396.79,42.81,110.92,0.07828,-1,-1,-1
313,-1,88.11,544.12,63.61,203.38,0.05722,-1,-1,-1
313,-1,1555.38,531.39,33.20,136.42,0.05369,-1,-1,-1
314,-1,1427.57,367.97,164.53,397.57,0.99930,-1,-1,-1
314,-1,1199.08,383.95,141.36,360.30,0.99840,-1,-1,-1
314,-1,1585.62,471.34,106.43,228.26,0.99637,-1,-1,-1
314,-1,1298.66,365.75,114.09,368.26,0.99549,-1,-1,-1
314,-1,1640.39,402.86,100.35,249.75,0.99321,-1,-1,-1
314,-1,1890.67,431.58,29.33,175.72,0.98435,-1,-1,-1
314,-1,1699.06,535.53,84.66,188.49,0.98171,-1,-1,-1
314,-1,1391.93,407.33,56.20,278.61,0.97494,-1,-1,-1
314,-1,126.76,519.00,78.54,219.64,0.84699,-1,-1,-1
314,-1,1553.19,441.75,47.78,171.96,0.70918,-1,-1,-1
314,-1,54.75,529.18,60.96,218.75,0.34351,-1,-1,-1
314,-1,1290.83,366.84,22.69,39.49,0.26884,-1,-1,-1
314,-1,2.33,506.58,100.31,199.70,0.24513,-1,-1,-1
314,-1,1396.13,404.87,40.85,175.23,0.22070,-1,-1,-1
314,-1,69.22,525.59,128.72,223.74,0.21053,-1,-1,-1
314,-1,11.97,590.80,95.59,132.87,0.14857,-1,-1,-1
314,-1,246.61,516.74,51.75,62.77,0.11277,-1,-1,-1
314,-1,24.03,522.02,115.84,231.84,0.10651,-1,-1,-1
314,-1,1554.15,493.65,38.87,174.55,0.10531,-1,-1,-1
314,-1,46.86,502.10,62.97,137.04,0.09865,-1,-1,-1
314,-1,1.09,524.02,60.73,140.06,0.09748,-1,-1,-1
314,-1,719.96,396.59,53.13,113.27,0.09530,-1,-1,-1
314,-1,1425.63,410.36,42.74,228.19,0.09420,-1,-1,-1
314,-1,1186.14,404.58,69.91,120.90,0.07093,-1,-1,-1
314,-1,420.46,504.88,13.37,27.48,0.07042,-1,-1,-1
314,-1,1573.03,476.55,31.98,117.17,0.06349,-1,-1,-1
314,-1,575.21,397.66,43.17,110.30,0.05328,-1,-1,-1
315,-1,1429.64,369.67,164.10,396.04,0.99902,-1,-1,-1
315,-1,1196.92,393.07,151.39,346.89,0.99753,-1,-1,-1
315,-1,1584.13,467.15,111.57,235.84,0.99524,-1,-1,-1
315,-1,1300.70,364.50,114.66,362.50,0.99469,-1,-1,-1
315,-1,1638.49,398.97,130.91,276.10,0.98972,-1,-1,-1
315,-1,1890.75,433.14,29.25,174.16,0.98657,-1,-1,-1
315,-1,1395.87,410.45,61.77,274.34,0.97042,-1,-1,-1
315,-1,1672.79,486.86,112.42,235.08,0.95434,-1,-1,-1
315,-1,127.09,519.06,77.25,220.20,0.87992,-1,-1,-1
315,-1,1554.50,441.43,49.81,182.80,0.84998,-1,-1,-1
315,-1,1186.84,411.89,71.04,103.51,0.61448,-1,-1,-1
315,-1,43.32,573.15,65.11,179.24,0.45414,-1,-1,-1
315,-1,2.95,505.90,102.88,229.83,0.44249,-1,-1,-1
315,-1,1229.87,415.63,29.21,27.41,0.34555,-1,-1,-1
315,-1,1399.71,408.04,39.92,144.55,0.23449,-1,-1,-1
315,-1,933.46,525.97,34.01,104.51,0.23339,-1,-1,-1
315,-1,1291.88,368.92,23.37,38.57,0.21136,-1,-1,-1
315,-1,69.87,522.07,122.29,233.58,0.18956,-1,-1,-1
315,-1,1198.41,418.20,63.17,223.62,0.17039,-1,-1,-1
315,-1,246.65,517.39,51.65,62.86,0.15452,-1,-1,-1
315,-1,1.18,523.67,63.53,140.62,0.14674,-1,-1,-1
315,-1,1421.56,410.84,24.58,146.79,0.11678,-1,-1,-1
315,-1,33.22,500.64,73.15,146.29,0.10807,-1,-1,-1
315,-1,1426.66,412.51,42.83,228.93,0.10767,-1,-1,-1
315,-1,575.82,398.23,42.72,109.71,0.09122,-1,-1,-1
315,-1,1826.33,426.56,49.73,142.14,0.08213,-1,-1,-1
315,-1,704.71,391.76,95.62,354.52,0.08131,-1,-1,-1
315,-1,1696.65,530.20,86.32,136.31,0.07922,-1,-1,-1
315,-1,1572.78,465.88,32.71,138.35,0.07159,-1,-1,-1
315,-1,93.00,538.81,59.31,208.76,0.06496,-1,-1,-1
315,-1,420.81,503.87,13.65,27.59,0.05854,-1,-1,-1
315,-1,42.05,493.79,102.61,253.29,0.05632,-1,-1,-1
315,-1,957.02,543.89,57.99,155.66,0.05565,-1,-1,-1
316,-1,1432.49,368.59,165.62,396.93,0.99895,-1,-1,-1
316,-1,1201.32,390.75,145.69,354.97,0.99716,-1,-1,-1
316,-1,1301.68,365.14,114.97,363.52,0.99466,-1,-1,-1
316,-1,1582.82,463.51,111.45,238.44,0.99316,-1,-1,-1
316,-1,1642.63,398.73,132.86,260.07,0.98915,-1,-1,-1
316,-1,1890.15,433.72,29.85,177.82,0.98512,-1,-1,-1
316,-1,1693.56,525.92,89.91,201.81,0.98481,-1,-1,-1
316,-1,1397.06,403.29,66.79,285.90,0.96618,-1,-1,-1
316,-1,1556.71,441.51,49.53,203.51,0.89047,-1,-1,-1
316,-1,126.32,520.84,76.80,217.86,0.87257,-1,-1,-1
316,-1,1183.92,416.74,75.97,133.67,0.72457,-1,-1,-1
316,-1,52.59,558.48,59.77,192.96,0.46072,-1,-1,-1
316,-1,1879.46,442.66,32.94,145.13,0.40259,-1,-1,-1
316,-1,32.50,501.70,77.59,160.62,0.30841,-1,-1,-1
316,-1,1180.81,404.17,84.21,280.44,0.26734,-1,-1,-1
316,-1,1403.73,408.06,36.07,143.11,0.22134,-1,-1,-1
316,-1,69.57,520.97,124.61,232.30,0.20062,-1,-1,-1
316,-1,21.61,539.70,80.80,179.68,0.19065,-1,-1,-1
316,-1,245.91,530.47,36.31,49.00,0.15389,-1,-1,-1
316,-1,1576.60,470.42,29.82,127.57,0.14426,-1,-1,-1
316,-1,1427.53,417.06,44.78,237.42,0.10308,-1,-1,-1
316,-1,575.64,396.51,43.09,112.17,0.09478,-1,-1,-1
316,-1,1418.96,407.19,27.42,147.92,0.09316,-1,-1,-1
316,-1,43.69,496.28,98.36,248.49,0.09027,-1,-1,-1
316,-1,1826.43,421.09,50.05,143.90,0.07229,-1,-1,-1
316,-1,1697.99,523.70,79.98,103.45,0.05956,-1,-1,-1
316,-1,50.29,499.68,58.82,99.93,0.05793,-1,-1,-1
316,-1,1235.73,381.71,108.53,241.34,0.05724,-1,-1,-1
316,-1,6.32,512.28,75.30,146.51,0.05647,-1,-1,-1
316,-1,444.71,493.45,19.53,42.68,0.05174,-1,-1,-1
316,-1,94.84,537.23,51.60,210.63,0.05152,-1,-1,-1
316,-1,421.06,503.84,13.18,27.49,0.05013,-1,-1,-1
317,-1,1440.47,371.10,157.79,390.46,0.99879,-1,-1,-1
317,-1,1204.07,389.71,149.64,358.99,0.99733,-1,-1,-1
317,-1,1696.28,525.36,86.53,206.85,0.99325,-1,-1,-1
317,-1,1303.09,366.17,115.74,353.90,0.99269,-1,-1,-1
317,-1,1586.47,461.53,101.27,238.17,0.99245,-1,-1,-1
317,-1,1650.82,397.83,126.02,219.58,0.98384,-1,-1,-1
317,-1,1888.55,434.47,31.45,173.07,0.97883,-1,-1,-1
317,-1,1395.08,409.51,79.20,280.52,0.95178,-1,-1,-1
317,-1,1558.49,439.18,50.21,226.59,0.92358,-1,-1,-1
317,-1,1187.58,414.49,75.30,238.73,0.87206,-1,-1,-1
317,-1,127.30,530.00,70.50,211.03,0.81388,-1,-1,-1
317,-1,1557.46,439.62,51.58,110.62,0.58773,-1,-1,-1
317,-1,1180.18,412.00,83.21,98.97,0.58620,-1,-1,-1
317,-1,1879.64,444.98,32.14,141.54,0.54461,-1,-1,-1
317,-1,47.70,545.99,66.56,205.36,0.46229,-1,-1,-1
317,-1,57.38,526.91,132.27,225.60,0.27848,-1,-1,-1
317,-1,245.84,517.22,49.31,60.69,0.22739,-1,-1,-1
317,-1,1421.40,361.03,114.57,355.00,0.19305,-1,-1,-1
317,-1,1574.09,463.70,52.38,197.80,0.17658,-1,-1,-1
317,-1,33.84,502.01,76.45,151.85,0.16412,-1,-1,-1
317,-1,1406.45,410.85,43.90,160.39,0.15083,-1,-1,-1
317,-1,20.81,512.20,117.76,223.64,0.14798,-1,-1,-1
317,-1,1577.25,454.17,30.78,128.24,0.14486,-1,-1,-1
317,-1,703.74,380.11,91.26,349.71,0.12214,-1,-1,-1
317,-1,1259.93,380.99,56.87,70.76,0.11078,-1,-1,-1
317,-1,1617.72,447.19,134.40,243.99,0.10452,-1,-1,-1
317,-1,1408.36,411.06,29.31,107.40,0.09695,-1,-1,-1
317,-1,1422.57,403.44,44.20,223.13,0.08690,-1,-1,-1
317,-1,575.49,394.98,43.07,113.59,0.07245,-1,-1,-1
317,-1,1262.43,387.39,91.21,190.17,0.06949,-1,-1,-1
317,-1,17.66,562.56,77.90,190.71,0.06872,-1,-1,-1
317,-1,1345.76,377.82,133.66,334.49,0.05762,-1,-1,-1
317,-1,1825.05,425.01,52.21,137.72,0.05698,-1,-1,-1
317,-1,95.15,535.42,49.84,212.10,0.05688,-1,-1,-1
318,-1,1440.94,370.53,156.07,392.00,0.99912,-1,-1,-1
318,-1,1215.29,388.05,146.11,356.83,0.99582,-1,-1,-1
318,-1,1586.55,464.66,101.07,234.83,0.99556,-1,-1,-1
318,-1,1692.02,527.32,90.57,203.25,0.99533,-1,-1,-1
318,-1,1309.19,367.95,112.10,340.80,0.98990,-1,-1,-1
318,-1,1891.93,435.17,28.07,177.15,0.98113,-1,-1,-1
318,-1,1651.33,399.46,131.34,206.37,0.97904,-1,-1,-1
318,-1,1185.10,405.56,85.34,296.23,0.94708,-1,-1,-1
318,-1,1397.81,415.29,79.05,271.52,0.94354,-1,-1,-1
318,-1,129.34,532.96,67.29,208.90,0.85597,-1,-1,-1
318,-1,1565.22,448.18,45.02,213.82,0.76693,-1,-1,-1
318,-1,1190.83,414.21,73.65,156.47,0.47582,-1,-1,-1
318,-1,1879.75,447.11,30.09,136.10,0.34794,-1,-1,-1
318,-1,1413.97,361.87,101.35,346.55,0.32075,-1,-1,-1
318,-1,44.32,574.82,63.69,179.24,0.31922,-1,-1,-1
318,-1,245.34,520.61,47.70,58.20,0.20495,-1,-1,-1
318,-1,1582.01,463.62,29.00,109.40,0.19367,-1,-1,-1
318,-1,65.38,521.26,128.39,231.22,0.19337,-1,-1,-1
318,-1,1410.20,411.14,31.67,131.44,0.18075,-1,-1,-1
318,-1,35.65,527.79,79.84,182.84,0.12529,-1,-1,-1
318,-1,704.80,379.37,88.41,349.95,0.09342,-1,-1,-1
318,-1,1178.29,403.29,77.99,112.79,0.08882,-1,-1,-1
318,-1,444.23,492.80,20.66,47.30,0.08033,-1,-1,-1
318,-1,1343.01,374.37,128.32,333.90,0.07616,-1,-1,-1
318,-1,1425.23,413.52,28.23,143.09,0.07421,-1,-1,-1
318,-1,40.92,504.14,69.96,138.99,0.07386,-1,-1,-1
318,-1,1902.97,480.38,17.03,128.36,0.06173,-1,-1,-1
318,-1,1265.65,381.65,54.79,76.56,0.05955,-1,-1,-1
318,-1,420.11,503.46,14.17,27.66,0.05907,-1,-1,-1
318,-1,1240.49,574.48,87.32,164.92,0.05874,-1,-1,-1
319,-1,1442.62,366.71,158.90,394.83,0.99926,-1,-1,-1
319,-1,1226.16,386.87,136.19,358.85,0.99678,-1,-1,-1
319,-1,1688.34,528.04,93.01,196.86,0.99573,-1,-1,-1
319,-1,1189.88,407.64,73.88,294.10,0.99393,-1,-1,-1
319,-1,1589.37,463.09,98.15,236.32,0.99376,-1,-1,-1
319,-1,1660.92,401.90,122.49,189.32,0.99281,-1,-1,-1
319,-1,1320.41,371.18,105.15,342.29,0.99133,-1,-1,-1
319,-1,1890.18,436.43,29.82,170.82,0.97390,-1,-1,-1
319,-1,1404.76,413.54,76.72,277.88,0.90643,-1,-1,-1
319,-1,129.51,517.83,73.48,224.18,0.85102,-1,-1,-1
319,-1,1880.30,446.08,31.05,139.45,0.66351,-1,-1,-1
319,-1,1567.88,442.07,37.11,202.94,0.38633,-1,-1,-1
319,-1,1583.82,456.38,28.15,89.51,0.30804,-1,-1,-1
319,-1,1434.17,366.34,61.93,202.35,0.28443,-1,-1,-1
319,-1,64.17,517.03,128.50,234.32,0.24144,-1,-1,-1
319,-1,1413.09,412.09,50.79,208.24,0.21045,-1,-1,-1
319,-1,28.10,569.69,77.20,186.49,0.19228,-1,-1,-1
319,-1,1423.73,366.32,93.45,318.52,0.18576,-1,-1,-1
319,-1,27.35,513.85,87.65,188.16,0.15234,-1,-1,-1
319,-1,1187.28,409.09,78.83,113.52,0.12969,-1,-1,-1
319,-1,246.43,516.63,52.59,62.93,0.08869,-1,-1,-1
319,-1,1419.14,412.63,31.55,138.41,0.08710,-1,-1,-1
319,-1,706.70,384.47,83.25,351.65,0.08677,-1,-1,-1
319,-1,420.04,503.47,14.42,27.76,0.06132,-1,-1,-1
319,-1,43.24,524.36,95.80,233.15,0.06034,-1,-1,-1
319,-1,1237.50,527.78,99.08,211.60,0.05992,-1,-1,-1
319,-1,1613.02,459.15,62.16,160.99,0.05830,-1,-1,-1
319,-1,1172.93,420.84,66.23,247.17,0.05754,-1,-1,-1
319,-1,1828.60,424.91,47.02,142.84,0.05214,-1,-1,-1
319,-1,1904.25,458.54,15.75,151.29,0.05193,-1,-1,-1
320,-1,1445.84,366.19,158.90,391.93,0.99918,-1,-1,-1
320,-1,1231.81,387.86,129.79,359.20,0.99694,-1,-1,-1
320,-1,1591.03,452.01,94.98,247.10,0.99315,-1,-1,-1
320,-1,1188.04,404.03,80.43,311.12,0.99216,-1,-1,-1
320,-1,1685.90,524.69,94.56,206.33,0.99193,-1,-1,-1
320,-1,1320.04,371.35,109.72,341.10,0.99185,-1,-1,-1
320,-1,1662.57,402.86,118.71,201.11,0.98558,-1,-1,-1
320,-1,1888.41,437.23,31.59,166.15,0.96174,-1,-1,-1
320,-1,1404.97,407.06,81.70,284.35,0.91579,-1,-1,-1
320,-1,129.08,531.88,67.60,209.66,0.84237,-1,-1,-1
320,-1,1879.55,446.81,30.21,137.49,0.55307,-1,-1,-1
320,-1,1370.29,364.76,154.98,360.69,0.48333,-1,-1,-1
320,-1,1437.01,368.89,63.23,193.57,0.33697,-1,-1,-1
320,-1,1581.49,449.21,29.08,83.33,0.21623,-1,-1,-1
320,-1,245.98,521.51,46.40,57.11,0.21480,-1,-1,-1
320,-1,45.35,540.57,67.79,212.56,0.20452,-1,-1,-1
320,-1,1568.93,444.31,36.32,199.59,0.17990,-1,-1,-1
320,-1,53.78,514.92,131.78,242.23,0.16640,-1,-1,-1
320,-1,1413.22,406.56,47.02,178.74,0.12255,-1,-1,-1
320,-1,26.59,501.95,86.09,169.15,0.11832,-1,-1,-1
320,-1,1185.84,405.88,80.12,134.42,0.06488,-1,-1,-1
320,-1,1156.92,470.59,56.05,177.86,0.05844,-1,-1,-1
320,-1,576.25,396.88,42.21,112.04,0.05515,-1,-1,-1
321,-1,1447.63,369.10,159.86,389.45,0.99909,-1,-1,-1
321,-1,1236.14,390.97,128.07,355.79,0.99708,-1,-1,-1
321,-1,1686.12,529.10,93.68,196.11,0.99443,-1,-1,-1
321,-1,1323.81,373.79,108.74,341.79,0.99410,-1,-1,-1
321,-1,1590.25,447.39,94.24,252.22,0.99320,-1,-1,-1
321,-1,1187.40,420.44,79.24,287.93,0.99291,-1,-1,-1
321,-1,1668.05,401.50,108.18,188.93,0.98677,-1,-1,-1
321,-1,1884.22,441.38,35.78,158.48,0.95949,-1,-1,-1
321,-1,1410.24,403.64,76.60,279.89,0.87415,-1,-1,-1
321,-1,126.80,531.18,70.69,209.73,0.81785,-1,-1,-1
321,-1,1439.55,370.81,62.24,196.69,0.54938,-1,-1,-1
321,-1,48.05,560.78,65.44,192.94,0.41500,-1,-1,-1
321,-1,1579.77,447.51,31.06,73.93,0.30979,-1,-1,-1
321,-1,1577.75,448.49,34.87,140.33,0.27845,-1,-1,-1
321,-1,1412.86,408.36,44.67,237.04,0.25553,-1,-1,-1
321,-1,64.12,523.56,127.63,229.52,0.22482,-1,-1,-1
321,-1,246.00,516.42,52.77,63.95,0.16185,-1,-1,-1
321,-1,48.76,508.99,67.30,145.24,0.11884,-1,-1,-1
321,-1,575.43,395.97,43.63,113.35,0.09916,-1,-1,-1
321,-1,1590.36,457.34,27.85,80.76,0.09807,-1,-1,-1
321,-1,37.63,500.98,94.63,268.58,0.09054,-1,-1,-1
321,-1,709.65,395.94,68.10,348.37,0.06961,-1,-1,-1
321,-1,1826.16,414.25,50.27,151.71,0.06521,-1,-1,-1
321,-1,1367.85,361.94,174.26,372.58,0.05339,-1,-1,-1
321,-1,1184.12,407.20,82.12,127.26,0.05062,-1,-1,-1
322,-1,1448.36,369.92,162.60,385.48,0.99885,-1,-1,-1
322,-1,1243.58,387.22,121.90,360.63,0.99748,-1,-1,-1
322,-1,1685.20,534.19,93.45,189.64,0.99566,-1,-1,-1
322,-1,1328.22,373.78,109.43,344.36,0.99418,-1,-1,-1
322,-1,1181.18,407.87,90.99,307.00,0.99253,-1,-1,-1
322,-1,1590.63,441.19,91.14,259.63,0.99211,-1,-1,-1
322,-1,1672.08,400.93,107.23,190.21,0.98829,-1,-1,-1
322,-1,1889.00,440.82,31.00,155.33,0.94894,-1,-1,-1
322,-1,129.60,534.91,67.16,206.97,0.85253,-1,-1,-1
322,-1,1418.05,407.17,72.69,287.97,0.85039,-1,-1,-1
322,-1,1445.08,373.29,54.92,180.18,0.63717,-1,-1,-1
322,-1,1416.17,407.43,49.18,207.15,0.47776,-1,-1,-1
322,-1,1881.77,444.08,26.92,138.20,0.43557,-1,-1,-1
322,-1,48.51,529.25,66.82,233.73,0.36281,-1,-1,-1
322,-1,1581.85,448.56,29.05,58.26,0.21770,-1,-1,-1
322,-1,63.32,521.78,128.76,233.77,0.18883,-1,-1,-1
322,-1,38.23,504.28,76.04,161.97,0.12240,-1,-1,-1
322,-1,1579.18,448.30,34.08,154.46,0.11798,-1,-1,-1
322,-1,246.35,517.49,48.00,57.95,0.10664,-1,-1,-1
322,-1,54.43,615.33,57.70,132.86,0.10428,-1,-1,-1
322,-1,575.89,395.31,42.98,113.42,0.07579,-1,-1,-1
323,-1,1448.87,370.54,164.00,381.00,0.99886,-1,-1,-1
323,-1,1248.72,385.57,116.81,360.97,0.99658,-1,-1,-1
323,-1,1331.31,372.73,109.01,343.40,0.99519,-1,-1,-1
323,-1,1178.78,406.74,96.72,310.00,0.99362,-1,-1,-1
323,-1,1683.89,532.53,92.90,190.74,0.99159,-1,-1,-1
323,-1,1591.69,438.70,88.87,261.68,0.99079,-1,-1,-1
323,-1,1675.59,399.51,103.91,202.07,0.98709,-1,-1,-1
323,-1,1884.73,439.33,35.27,157.18,0.96581,-1,-1,-1
323,-1,129.06,535.73,68.28,207.41,0.88044,-1,-1,-1
323,-1,1428.11,391.48,65.19,305.81,0.76649,-1,-1,-1
323,-1,1414.90,408.10,50.42,198.27,0.59746,-1,-1,-1
323,-1,1447.45,377.88,53.97,192.69,0.56428,-1,-1,-1
323,-1,52.10,570.51,59.56,183.52,0.44148,-1,-1,-1
323,-1,246.77,519.39,47.46,59.22,0.25030,-1,-1,-1
323,-1,1453.01,372.38,50.78,109.81,0.21162,-1,-1,-1
323,-1,1429.02,509.87,53.39,173.49,0.14779,-1,-1,-1
323,-1,1400.64,415.79,57.02,263.38,0.14447,-1,-1,-1
323,-1,1188.77,358.21,217.18,385.89,0.13652,-1,-1,-1
323,-1,65.52,526.12,125.90,228.25,0.11060,-1,-1,-1
323,-1,1164.38,478.29,25.67,49.44,0.10869,-1,-1,-1
323,-1,245.35,521.92,48.08,152.94,0.08265,-1,-1,-1
323,-1,48.89,508.94,66.16,128.00,0.05489,-1,-1,-1
324,-1,1449.80,370.94,166.36,375.18,0.99849,-1,-1,-1
324,-1,1257.25,384.40,108.22,355.81,0.99623,-1,-1,-1
324,-1,1335.99,372.50,106.45,342.76,0.99487,-1,-1,-1
324,-1,1176.04,411.86,101.17,302.45,0.99484,-1,-1,-1
324,-1,1676.85,530.84,100.42,197.86,0.99189,-1,-1,-1
324,-1,1590.08,435.83,89.73,263.96,0.98746,-1,-1,-1
324,-1,1676.53,396.13,106.68,213.35,0.98743,-1,-1,-1
324,-1,1884.69,440.57,35.31,160.80,0.97733,-1,-1,-1
324,-1,1420.32,406.27,53.57,256.94,0.82744,-1,-1,-1
324,-1,130.60,532.64,65.71,210.13,0.77259,-1,-1,-1
324,-1,1436.11,381.26,69.28,318.94,0.76003,-1,-1,-1
324,-1,1449.79,372.91,55.82,184.81,0.59466,-1,-1,-1
324,-1,1214.71,382.79,107.85,343.28,0.53383,-1,-1,-1
324,-1,50.32,570.24,60.83,183.77,0.47076,-1,-1,-1
324,-1,246.68,516.28,52.58,64.45,0.20180,-1,-1,-1
324,-1,1375.23,407.50,79.03,288.34,0.18084,-1,-1,-1
324,-1,1164.50,479.99,24.29,47.22,0.15062,-1,-1,-1
324,-1,1415.63,411.08,43.72,184.00,0.13931,-1,-1,-1
324,-1,1456.56,372.30,50.91,105.22,0.13495,-1,-1,-1
324,-1,45.46,505.19,69.59,139.96,0.10788,-1,-1,-1
324,-1,1470.25,370.80,35.10,59.90,0.10160,-1,-1,-1
324,-1,1199.35,360.51,217.25,378.56,0.08139,-1,-1,-1
324,-1,245.46,520.31,53.24,151.49,0.06850,-1,-1,-1
324,-1,1611.65,432.62,62.10,181.42,0.05286,-1,-1,-1
324,-1,60.14,495.74,102.28,260.26,0.05257,-1,-1,-1
324,-1,575.95,396.20,42.85,113.82,0.05151,-1,-1,-1
325,-1,1451.89,371.11,161.02,373.99,0.99859,-1,-1,-1
325,-1,1175.62,406.78,100.90,308.28,0.99613,-1,-1,-1
325,-1,1337.75,373.27,104.72,339.13,0.99508,-1,-1,-1
325,-1,1259.45,381.65,107.00,353.26,0.99409,-1,-1,-1
325,-1,1589.82,435.63,87.40,263.55,0.99038,-1,-1,-1
325,-1,1673.48,529.94,105.60,198.50,0.99032,-1,-1,-1
325,-1,1678.37,398.54,105.86,211.20,0.97856,-1,-1,-1
325,-1,1884.25,441.41,35.75,156.76,0.97474,-1,-1,-1
325,-1,1429.22,405.09,57.56,276.08,0.90491,-1,-1,-1
325,-1,130.54,534.68,66.19,208.36,0.77177,-1,-1,-1
325,-1,1417.08,405.76,49.64,210.83,0.57616,-1,-1,-1
325,-1,1450.89,372.51,53.32,174.01,0.37643,-1,-1,-1
325,-1,50.99,555.38,61.57,197.02,0.31992,-1,-1,-1
325,-1,1902.02,440.86,17.98,165.68,0.25727,-1,-1,-1
325,-1,246.65,517.53,48.49,61.17,0.22403,-1,-1,-1
325,-1,96.75,458.38,107.56,294.97,0.15189,-1,-1,-1
325,-1,1458.45,372.80,49.54,101.33,0.14468,-1,-1,-1
325,-1,37.14,504.59,76.07,197.28,0.13555,-1,-1,-1
325,-1,1432.63,407.96,35.57,148.45,0.12515,-1,-1,-1
325,-1,1474.85,375.28,26.67,47.02,0.10262,-1,-1,-1
325,-1,53.91,514.58,113.93,236.90,0.09985,-1,-1,-1
325,-1,245.67,520.71,51.36,148.50,0.08325,-1,-1,-1
325,-1,575.70,396.38,43.32,112.91,0.06347,-1,-1,-1
325,-1,1177.95,365.98,208.74,373.26,0.06179,-1,-1,-1
325,-1,1826.41,404.36,49.48,160.32,0.06023,-1,-1,-1
326,-1,1451.22,371.57,161.09,373.48,0.99860,-1,-1,-1
326,-1,1172.19,407.84,103.42,307.25,0.99651,-1,-1,-1
326,-1,1339.26,372.04,105.46,342.53,0.99472,-1,-1,-1
326,-1,1265.00,384.53,102.85,350.39,0.99337,-1,-1,-1
326,-1,1589.15,433.62,88.26,265.45,0.99259,-1,-1,-1
326,-1,1686.85,402.19,99.59,213.24,0.99063,-1,-1,-1
326,-1,1670.35,530.12,112.84,198.79,0.98188,-1,-1,-1
326,-1,1884.41,440.62,35.31,157.02,0.92773,-1,-1,-1
326,-1,1434.83,402.98,48.79,274.46,0.88049,-1,-1,-1
326,-1,132.10,535.59,64.73,206.13,0.75822,-1,-1,-1
326,-1,1422.51,404.83,50.06,203.83,0.41865,-1,-1,-1
326,-1,52.50,535.47,62.21,216.48,0.30472,-1,-1,-1
326,-1,1208.48,378.98,133.92,349.20,0.27777,-1,-1,-1
326,-1,1435.38,403.85,43.08,143.54,0.19089,-1,-1,-1
326,-1,1447.54,373.80,62.02,182.26,0.18705,-1,-1,-1
326,-1,246.92,528.63,37.25,50.04,0.18019,-1,-1,-1
326,-1,0.00,538.17,72.05,97.20,0.17242,-1,-1,-1
326,-1,49.06,502.42,61.82,139.51,0.15935,-1,-1,-1
326,-1,6.91,519.77,90.44,177.71,0.15271,-1,-1,-1
326,-1,109.82,474.69,99.43,271.72,0.14006,-1,-1,-1
326,-1,69.55,526.01,125.25,257.27,0.10237,-1,-1,-1
326,-1,575.73,394.76,43.24,113.65,0.09152,-1,-1,-1
326,-1,1904.76,451.66,15.06,156.66,0.08455,-1,-1,-1
326,-1,26.36,520.42,115.55,225.30,0.08100,-1,-1,-1
326,-1,1419.72,425.67,36.48,149.27,0.07519,-1,-1,-1
326,-1,1168.76,405.81,105.18,118.29,0.05402,-1,-1,-1
327,-1,1448.22,367.54,167.32,377.79,0.99878,-1,-1,-1
327,-1,1168.67,402.29,108.28,314.75,0.99744,-1,-1,-1
327,-1,1265.69,394.70,112.42,339.73,0.99487,-1,-1,-1
327,-1,1591.46,426.90,86.72,271.68,0.99358,-1,-1,-1
327,-1,1338.66,374.17,107.87,343.67,0.99326,-1,-1,-1
327,-1,1695.13,400.83,87.88,245.28,0.99149,-1,-1,-1
327,-1,1669.99,529.59,106.74,197.94,0.97967,-1,-1,-1
327,-1,1886.84,440.98,33.16,164.15,0.96573,-1,-1,-1
327,-1,128.24,522.22,74.86,216.53,0.90951,-1,-1,-1
327,-1,1435.81,404.36,50.84,273.97,0.87504,-1,-1,-1
327,-1,47.25,510.51,68.76,247.78,0.48851,-1,-1,-1
327,-1,1430.05,405.71,47.67,113.86,0.40001,-1,-1,-1
327,-1,1440.36,398.93,53.51,169.26,0.27471,-1,-1,-1
327,-1,1448.83,372.20,62.64,162.03,0.21751,-1,-1,-1
327,-1,246.06,516.99,49.77,59.11,0.15489,-1,-1,-1
327,-1,50.51,500.16,60.52,140.63,0.14063,-1,-1,-1
327,-1,807.36,455.97,61.62,109.51,0.12423,-1,-1,-1
327,-1,1579.30,558.92,36.14,112.38,0.11824,-1,-1,-1
327,-1,65.60,517.55,127.16,234.72,0.10219,-1,-1,-1
327,-1,1583.10,498.42,72.86,192.23,0.09827,-1,-1,-1
327,-1,1424.57,407.77,42.48,191.10,0.09533,-1,-1,-1
327,-1,1625.82,418.38,63.37,195.31,0.09037,-1,-1,-1
327,-1,1383.40,403.14,81.50,285.30,0.08892,-1,-1,-1
327,-1,112.67,530.93,59.04,214.95,0.08180,-1,-1,-1
327,-1,1283.41,366.22,53.37,88.41,0.07960,-1,-1,-1
327,-1,575.74,397.03,43.05,110.79,0.07305,-1,-1,-1
327,-1,1827.01,425.59,50.13,133.42,0.07071,-1,-1,-1
327,-1,706.51,396.42,85.34,347.80,0.06735,-1,-1,-1
327,-1,4.24,539.30,73.86,101.34,0.06635,-1,-1,-1
327,-1,1650.67,446.26,42.72,137.92,0.06158,-1,-1,-1
328,-1,1449.43,369.06,167.13,376.91,0.99851,-1,-1,-1
328,-1,1168.94,397.35,106.80,321.70,0.99695,-1,-1,-1
328,-1,1696.41,400.46,88.14,261.56,0.99440,-1,-1,-1
328,-1,1265.89,387.21,116.33,348.66,0.99261,-1,-1,-1
328,-1,1587.87,424.19,90.92,275.24,0.99095,-1,-1,-1
328,-1,1342.15,377.35,105.18,337.40,0.99094,-1,-1,-1
328,-1,1671.13,528.82,106.81,197.00,0.97729,-1,-1,-1
328,-1,1883.55,437.65,36.45,160.99,0.96019,-1,-1,-1
328,-1,127.63,504.09,77.16,235.30,0.91073,-1,-1,-1
328,-1,1438.00,405.12,49.85,275.31,0.89012,-1,-1,-1
328,-1,1433.90,404.77,46.92,133.53,0.48242,-1,-1,-1
328,-1,53.97,565.46,57.10,184.70,0.35110,-1,-1,-1
328,-1,1277.11,362.11,47.22,104.31,0.29954,-1,-1,-1
328,-1,1657.25,459.11,43.79,123.17,0.27253,-1,-1,-1
328,-1,39.45,501.42,73.98,188.09,0.17952,-1,-1,-1
328,-1,246.34,516.91,49.57,59.91,0.14455,-1,-1,-1
328,-1,1456.15,370.36,59.11,132.30,0.13986,-1,-1,-1
328,-1,1448.23,393.31,48.39,114.91,0.13728,-1,-1,-1
328,-1,6.23,518.88,103.26,217.71,0.13691,-1,-1,-1
328,-1,1902.59,446.45,17.41,160.86,0.11712,-1,-1,-1
328,-1,1615.66,418.50,71.01,213.10,0.11227,-1,-1,-1
328,-1,49.51,503.81,91.34,254.01,0.09749,-1,-1,-1
328,-1,1644.76,425.75,45.72,175.49,0.08232,-1,-1,-1
328,-1,2.25,527.72,70.23,131.54,0.07722,-1,-1,-1
328,-1,1828.08,427.53,48.22,136.46,0.07385,-1,-1,-1
328,-1,111.91,524.28,57.27,222.54,0.07018,-1,-1,-1
328,-1,76.67,512.58,120.01,275.94,0.06403,-1,-1,-1
328,-1,1383.36,410.74,60.84,271.55,0.06269,-1,-1,-1
328,-1,575.62,395.27,43.47,112.04,0.05404,-1,-1,-1
328,-1,420.16,504.96,12.81,29.57,0.05305,-1,-1,-1
329,-1,1450.23,373.66,165.59,373.68,0.99864,-1,-1,-1
329,-1,1699.09,400.63,93.57,259.63,0.99804,-1,-1,-1
329,-1,1167.95,395.02,107.01,324.68,0.99754,-1,-1,-1
329,-1,1265.65,390.46,113.96,345.48,0.99409,-1,-1,-1
329,-1,1355.41,378.56,96.82,337.98,0.99248,-1,-1,-1
329,-1,1593.18,420.74,85.34,278.70,0.99141,-1,-1,-1
329,-1,1886.46,437.66,33.54,161.83,0.96009,-1,-1,-1
329,-1,1667.30,527.76,96.88,205.98,0.95986,-1,-1,-1
329,-1,126.66,518.21,78.95,224.28,0.90252,-1,-1,-1
329,-1,1443.09,437.93,45.45,239.94,0.72859,-1,-1,-1
329,-1,1276.22,363.36,50.79,108.50,0.61848,-1,-1,-1
329,-1,1446.20,390.61,49.79,145.13,0.52230,-1,-1,-1
329,-1,1662.36,474.74,38.94,107.59,0.44969,-1,-1,-1
329,-1,1447.00,539.39,35.70,139.04,0.39572,-1,-1,-1
329,-1,54.78,574.26,56.52,178.43,0.36674,-1,-1,-1
329,-1,38.86,510.92,74.29,203.69,0.19252,-1,-1,-1
329,-1,246.63,517.13,49.57,59.24,0.17665,-1,-1,-1
329,-1,1451.53,375.23,66.61,127.48,0.15308,-1,-1,-1
329,-1,1825.23,423.06,51.25,139.43,0.12531,-1,-1,-1
329,-1,1680.62,480.63,23.25,61.75,0.11677,-1,-1,-1
329,-1,48.93,507.94,99.77,254.25,0.11048,-1,-1,-1
329,-1,9.86,512.36,82.97,181.05,0.08050,-1,-1,-1
329,-1,47.37,499.38,62.53,119.75,0.07733,-1,-1,-1
329,-1,109.87,530.26,58.01,216.13,0.06817,-1,-1,-1
329,-1,1584.17,436.99,62.82,234.67,0.06472,-1,-1,-1
329,-1,80.71,514.38,115.50,276.55,0.06084,-1,-1,-1
329,-1,1574.64,433.17,43.49,203.20,0.05940,-1,-1,-1
329,-1,93.13,535.92,40.80,214.51,0.05677,-1,-1,-1
329,-1,245.28,520.95,50.90,153.82,0.05485,-1,-1,-1
329,-1,0.34,531.46,59.56,165.92,0.05242,-1,-1,-1
329,-1,1321.30,374.76,188.46,358.94,0.05023,-1,-1,-1
330,-1,1454.08,378.22,157.05,367.60,0.99858,-1,-1,-1
330,-1,1168.36,395.50,107.99,323.80,0.99762,-1,-1,-1
330,-1,1699.50,403.56,100.20,253.30,0.99432,-1,-1,-1
330,-1,1271.60,396.32,113.65,339.07,0.99235,-1,-1,-1
330,-1,1357.13,378.82,95.82,340.52,0.99220,-1,-1,-1
330,-1,1599.07,420.31,77.91,279.95,0.98611,-1,-1,-1
330,-1,1671.07,528.79,89.90,204.79,0.96895,-1,-1,-1
330,-1,1891.12,437.27,28.60,165.61,0.94750,-1,-1,-1
330,-1,127.05,527.30,78.67,211.98,0.81544,-1,-1,-1
330,-1,1443.34,420.36,49.24,260.68,0.74898,-1,-1,-1
330,-1,1447.35,380.26,52.72,175.07,0.59509,-1,-1,-1
330,-1,1559.54,418.70,56.08,214.75,0.59031,-1,-1,-1
330,-1,1272.50,363.49,54.64,103.35,0.53287,-1,-1,-1
330,-1,1559.54,417.27,33.99,47.19,0.51547,-1,-1,-1
330,-1,45.55,557.03,66.16,193.29,0.44889,-1,-1,-1
330,-1,1446.79,530.70,40.95,147.70,0.44487,-1,-1,-1
330,-1,1556.47,416.22,53.15,106.57,0.35264,-1,-1,-1
330,-1,1661.20,468.21,41.90,128.08,0.33573,-1,-1,-1
330,-1,245.98,517.00,51.03,61.11,0.21562,-1,-1,-1
330,-1,37.29,507.47,76.47,181.28,0.19989,-1,-1,-1
330,-1,1571.26,414.62,80.08,263.84,0.18861,-1,-1,-1
330,-1,1456.05,375.21,64.13,125.87,0.14841,-1,-1,-1
330,-1,1443.62,373.71,102.79,297.40,0.14035,-1,-1,-1
330,-1,7.39,549.24,78.59,190.65,0.12959,-1,-1,-1
330,-1,1826.31,418.82,50.00,142.42,0.09711,-1,-1,-1
330,-1,815.50,451.19,63.42,188.26,0.08805,-1,-1,-1
330,-1,52.03,534.83,134.54,220.06,0.08700,-1,-1,-1
330,-1,1243.87,361.76,99.19,126.16,0.08618,-1,-1,-1
330,-1,1.24,533.54,65.19,150.42,0.08405,-1,-1,-1
330,-1,707.71,400.61,71.20,344.40,0.06324,-1,-1,-1
330,-1,1638.46,423.32,50.20,227.60,0.05913,-1,-1,-1
330,-1,1687.53,483.16,19.22,45.47,0.05462,-1,-1,-1
330,-1,245.54,520.19,52.81,151.98,0.05319,-1,-1,-1
331,-1,1453.84,380.08,152.65,365.96,0.99869,-1,-1,-1
331,-1,1168.36,397.71,108.97,321.55,0.99803,-1,-1,-1
331,-1,1697.47,404.72,107.37,249.42,0.99591,-1,-1,-1
331,-1,1359.31,379.18,96.51,337.74,0.99219,-1,-1,-1
331,-1,1277.36,390.43,116.04,344.31,0.99142,-1,-1,-1
331,-1,1599.74,411.31,80.22,286.33,0.98595,-1,-1,-1
331,-1,1678.30,527.06,80.74,198.58,0.97729,-1,-1,-1
331,-1,127.49,534.82,70.44,209.88,0.96406,-1,-1,-1
331,-1,1890.08,437.94,29.67,161.30,0.93838,-1,-1,-1
331,-1,1564.11,423.90,55.46,212.83,0.68023,-1,-1,-1
331,-1,1270.94,365.75,56.55,102.73,0.63267,-1,-1,-1
331,-1,1443.44,377.81,69.20,303.29,0.62596,-1,-1,-1
331,-1,44.24,547.44,68.42,200.01,0.60069,-1,-1,-1
331,-1,1447.30,464.65,38.53,213.72,0.56689,-1,-1,-1
331,-1,1561.55,422.40,54.33,92.10,0.56321,-1,-1,-1
331,-1,1448.35,376.11,60.70,168.74,0.46332,-1,-1,-1
331,-1,1661.75,464.65,42.77,161.19,0.43279,-1,-1,-1
331,-1,1578.90,425.45,64.68,256.54,0.37335,-1,-1,-1
331,-1,1560.99,422.24,36.45,52.53,0.24335,-1,-1,-1
331,-1,70.91,534.33,118.38,219.97,0.22949,-1,-1,-1
331,-1,246.73,517.37,49.56,59.97,0.22528,-1,-1,-1
331,-1,1573.50,436.86,45.69,121.14,0.19816,-1,-1,-1
331,-1,1881.89,445.69,27.39,137.63,0.17170,-1,-1,-1
331,-1,1675.30,512.39,76.01,133.84,0.16411,-1,-1,-1
331,-1,1635.83,418.47,52.16,237.58,0.16071,-1,-1,-1
331,-1,46.10,502.20,64.29,129.36,0.14180,-1,-1,-1
331,-1,3.78,533.49,69.05,182.41,0.13095,-1,-1,-1
331,-1,1671.78,435.54,89.35,227.87,0.12583,-1,-1,-1
331,-1,1825.55,419.49,50.76,144.67,0.11255,-1,-1,-1
331,-1,816.83,434.41,65.33,224.27,0.11052,-1,-1,-1
331,-1,1417.04,409.05,73.98,285.96,0.10962,-1,-1,-1
331,-1,21.04,564.89,88.22,125.89,0.09896,-1,-1,-1
331,-1,1154.94,472.71,25.50,44.16,0.08821,-1,-1,-1
331,-1,1198.47,375.85,161.27,354.64,0.08078,-1,-1,-1
331,-1,99.96,544.32,43.16,200.34,0.07862,-1,-1,-1
331,-1,2.83,535.85,75.15,89.27,0.07400,-1,-1,-1
331,-1,71.75,542.97,61.87,204.22,0.05817,-1,-1,-1
331,-1,705.61,397.75,83.64,334.11,0.05397,-1,-1,-1
331,-1,1666.31,482.89,33.01,100.29,0.05303,-1,-1,-1
332,-1,1449.42,381.00,155.54,364.76,0.99856,-1,-1,-1
332,-1,1168.74,392.00,105.98,328.31,0.99801,-1,-1,-1
332,-1,1282.55,387.92,119.42,346.63,0.99335,-1,-1,-1
332,-1,1363.48,381.23,92.07,337.20,0.99160,-1,-1,-1
332,-1,1701.64,407.51,97.18,240.79,0.98832,-1,-1,-1
332,-1,1603.78,410.59,83.18,290.74,0.98731,-1,-1,-1
332,-1,124.80,523.25,79.84,222.52,0.97056,-1,-1,-1
332,-1,1685.05,531.04,68.78,195.25,0.96850,-1,-1,-1
332,-1,1887.28,440.64,32.42,147.58,0.85381,-1,-1,-1
332,-1,1451.75,388.37,45.72,304.77,0.69993,-1,-1,-1
332,-1,1566.88,425.73,51.97,204.55,0.69221,-1,-1,-1
332,-1,1642.52,423.07,52.70,231.43,0.55890,-1,-1,-1
332,-1,1665.15,465.57,45.39,172.47,0.53231,-1,-1,-1
332,-1,1570.57,423.19,42.07,93.00,0.51118,-1,-1,-1
332,-1,1278.97,363.94,54.02,109.02,0.46895,-1,-1,-1
332,-1,43.01,579.59,66.86,167.04,0.38335,-1,-1,-1
332,-1,1452.37,384.62,57.07,182.50,0.29978,-1,-1,-1
332,-1,1334.39,379.04,185.55,351.16,0.23084,-1,-1,-1
332,-1,245.71,520.61,48.79,59.10,0.22318,-1,-1,-1
332,-1,1742.81,439.11,66.74,211.78,0.19154,-1,-1,-1
332,-1,67.92,533.24,122.27,219.27,0.15059,-1,-1,-1
332,-1,1570.84,423.62,30.57,58.82,0.12793,-1,-1,-1
332,-1,1823.37,420.17,54.21,149.62,0.11205,-1,-1,-1
332,-1,1258.32,360.16,76.77,155.94,0.10745,-1,-1,-1
332,-1,1254.16,378.54,99.45,322.35,0.09323,-1,-1,-1
332,-1,17.89,574.27,72.79,154.13,0.08911,-1,-1,-1
332,-1,1411.41,404.26,73.31,294.37,0.08347,-1,-1,-1
332,-1,1154.53,468.86,19.32,33.15,0.08193,-1,-1,-1
332,-1,1544.60,410.91,83.26,294.83,0.07093,-1,-1,-1
332,-1,1662.92,478.80,67.67,222.11,0.06877,-1,-1,-1
332,-1,45.63,500.43,63.58,119.62,0.06527,-1,-1,-1
332,-1,244.93,521.54,53.11,151.47,0.06434,-1,-1,-1
332,-1,1682.73,526.43,59.10,109.89,0.06279,-1,-1,-1
332,-1,14.63,510.72,85.46,167.20,0.06111,-1,-1,-1
332,-1,1669.27,480.98,34.57,110.79,0.05951,-1,-1,-1
332,-1,575.75,393.90,43.25,115.26,0.05462,-1,-1,-1
333,-1,1449.05,381.54,156.73,360.42,0.99857,-1,-1,-1
333,-1,1169.04,393.56,103.00,328.66,0.99746,-1,-1,-1
333,-1,1285.19,389.60,124.67,343.25,0.99518,-1,-1,-1
333,-1,1367.57,379.73,89.90,336.16,0.99070,-1,-1,-1
333,-1,1705.11,408.71,93.34,238.39,0.98837,-1,-1,-1
333,-1,1607.36,410.03,82.14,292.19,0.98547,-1,-1,-1
333,-1,1684.35,529.66,69.71,200.22,0.93919,-1,-1,-1
333,-1,130.50,532.54,69.23,208.35,0.92911,-1,-1,-1
333,-1,1569.51,420.12,53.77,225.57,0.78496,-1,-1,-1
333,-1,1887.59,442.00,32.18,145.02,0.77993,-1,-1,-1
333,-1,1576.01,417.16,88.19,282.16,0.58721,-1,-1,-1
333,-1,1663.99,459.26,50.62,185.41,0.49172,-1,-1,-1
333,-1,54.82,586.08,55.44,156.63,0.42513,-1,-1,-1
333,-1,1450.31,408.18,45.26,273.18,0.39298,-1,-1,-1
333,-1,245.92,520.42,48.69,58.82,0.36497,-1,-1,-1
333,-1,1273.49,360.83,62.30,113.09,0.32254,-1,-1,-1
333,-1,1745.25,429.02,64.51,222.29,0.27401,-1,-1,-1
333,-1,1573.16,423.60,42.50,113.11,0.16213,-1,-1,-1
333,-1,245.04,523.70,49.36,153.15,0.14858,-1,-1,-1
333,-1,1649.76,442.54,50.70,218.47,0.13891,-1,-1,-1
333,-1,1153.55,466.55,19.95,33.95,0.12998,-1,-1,-1
333,-1,1672.06,478.35,41.46,109.32,0.12384,-1,-1,-1
333,-1,19.41,570.16,76.55,179.09,0.11630,-1,-1,-1
333,-1,1663.00,474.30,72.41,231.92,0.10830,-1,-1,-1
333,-1,24.67,504.74,88.16,218.17,0.10814,-1,-1,-1
333,-1,1546.63,407.38,88.57,300.85,0.10598,-1,-1,-1
333,-1,575.64,395.64,43.65,112.63,0.10289,-1,-1,-1
333,-1,1268.16,392.68,88.11,317.38,0.09620,-1,-1,-1
333,-1,62.81,522.94,128.80,232.59,0.09232,-1,-1,-1
333,-1,1151.33,466.05,26.83,50.75,0.08506,-1,-1,-1
333,-1,1650.07,421.23,117.93,259.67,0.07681,-1,-1,-1
333,-1,1823.28,420.52,54.35,146.11,0.07664,-1,-1,-1
333,-1,1193.97,365.59,164.40,362.63,0.07542,-1,-1,-1
333,-1,1454.97,507.77,36.15,170.91,0.07245,-1,-1,-1
333,-1,80.97,621.44,30.77,120.83,0.06463,-1,-1,-1
333,-1,1132.65,463.22,53.67,138.83,0.05895,-1,-1,-1
334,-1,1449.63,382.41,152.32,355.95,0.99849,-1,-1,-1
334,-1,1716.38,406.15,88.36,249.16,0.99734,-1,-1,-1
334,-1,1169.08,395.94,100.55,330.84,0.99727,-1,-1,-1
334,-1,1291.81,388.92,122.81,345.60,0.99647,-1,-1,-1
334,-1,1372.07,378.04,84.60,336.05,0.99291,-1,-1,-1
334,-1,1612.46,411.11,82.37,289.95,0.99063,-1,-1,-1
334,-1,128.19,521.90,75.23,219.96,0.95700,-1,-1,-1
334,-1,1685.91,526.83,69.38,202.73,0.94252,-1,-1,-1
334,-1,1568.93,416.42,54.98,249.60,0.90377,-1,-1,-1
334,-1,1579.39,409.54,83.06,289.97,0.63426,-1,-1,-1
334,-1,246.09,516.99,50.23,63.10,0.38188,-1,-1,-1
334,-1,1657.26,449.34,52.67,214.66,0.37320,-1,-1,-1
334,-1,1571.16,421.85,48.14,108.30,0.34128,-1,-1,-1
334,-1,1274.53,360.96,61.30,113.15,0.33069,-1,-1,-1
334,-1,39.07,534.26,76.70,211.82,0.24173,-1,-1,-1
334,-1,1658.95,445.60,83.83,268.60,0.18587,-1,-1,-1
334,-1,1672.93,468.15,48.16,136.50,0.18212,-1,-1,-1
334,-1,67.96,586.51,43.85,162.71,0.18004,-1,-1,-1
334,-1,243.95,523.26,50.82,110.05,0.15687,-1,-1,-1
334,-1,1120.98,468.28,62.68,128.68,0.13034,-1,-1,-1
334,-1,1695.98,472.65,27.27,58.92,0.12780,-1,-1,-1
334,-1,1202.27,375.18,151.93,362.04,0.12702,-1,-1,-1
334,-1,1764.26,448.91,46.56,208.91,0.11882,-1,-1,-1
334,-1,1225.41,359.81,105.28,115.91,0.11118,-1,-1,-1
334,-1,1152.05,464.82,21.11,37.27,0.10942,-1,-1,-1
334,-1,1450.80,402.84,46.05,278.40,0.10609,-1,-1,-1
334,-1,1886.55,445.14,32.62,139.03,0.08495,-1,-1,-1
334,-1,63.78,524.52,118.91,232.72,0.07111,-1,-1,-1
335,-1,1449.40,382.08,151.44,354.47,0.99855,-1,-1,-1
335,-1,1721.48,407.61,84.43,245.20,0.99699,-1,-1,-1
335,-1,1167.05,394.41,101.82,333.54,0.99634,-1,-1,-1
335,-1,1295.45,391.12,120.37,342.42,0.99608,-1,-1,-1
335,-1,1375.65,378.30,81.81,337.02,0.99308,-1,-1,-1
335,-1,1616.90,412.60,80.55,290.21,0.98710,-1,-1,-1
335,-1,1572.22,422.59,56.42,249.13,0.94946,-1,-1,-1
335,-1,127.17,535.41,71.08,206.33,0.94558,-1,-1,-1
335,-1,1686.06,527.21,66.84,202.21,0.88127,-1,-1,-1
335,-1,1653.51,453.98,60.58,235.27,0.60603,-1,-1,-1
335,-1,54.71,580.28,55.96,169.35,0.33905,-1,-1,-1
335,-1,246.11,517.58,48.74,62.25,0.33197,-1,-1,-1
335,-1,1253.73,357.63,83.69,119.97,0.24056,-1,-1,-1
335,-1,1672.30,467.27,49.79,171.49,0.20169,-1,-1,-1
335,-1,1769.79,468.24,43.63,186.72,0.19531,-1,-1,-1
335,-1,244.87,521.04,51.31,149.54,0.18678,-1,-1,-1
335,-1,1575.03,419.81,52.46,131.15,0.11154,-1,-1,-1
335,-1,1151.01,465.35,20.33,34.37,0.08813,-1,-1,-1
335,-1,1194.49,370.67,153.10,366.63,0.08547,-1,-1,-1
335,-1,66.68,524.71,122.80,231.24,0.08031,-1,-1,-1
335,-1,1148.90,465.45,27.97,51.56,0.07523,-1,-1,-1
335,-1,1517.01,396.38,105.58,306.46,0.05692,-1,-1,-1
335,-1,1571.74,412.66,106.62,281.79,0.05681,-1,-1,-1
335,-1,722.38,421.99,79.95,279.19,0.05420,-1,-1,-1
336,-1,1450.97,382.30,148.74,352.46,0.99836,-1,-1,-1
336,-1,1724.26,406.41,87.76,245.51,0.99733,-1,-1,-1
336,-1,1302.45,394.82,115.59,338.46,0.99691,-1,-1,-1
336,-1,1167.57,393.51,101.55,336.37,0.99678,-1,-1,-1
336,-1,1617.43,409.74,81.79,293.07,0.99228,-1,-1,-1
336,-1,1378.75,381.48,82.20,328.22,0.98952,-1,-1,-1
336,-1,1574.67,419.61,56.96,256.07,0.96859,-1,-1,-1
336,-1,127.63,516.16,72.84,223.71,0.91855,-1,-1,-1
336,-1,1679.87,532.01,72.58,198.35,0.90019,-1,-1,-1
336,-1,1671.27,458.79,48.72,207.49,0.49716,-1,-1,-1
336,-1,246.12,517.21,49.27,62.42,0.35513,-1,-1,-1
336,-1,1268.73,360.76,67.29,114.87,0.22554,-1,-1,-1
336,-1,56.94,583.60,53.46,165.65,0.22254,-1,-1,-1
336,-1,244.60,520.04,53.06,149.43,0.21450,-1,-1,-1
336,-1,1148.70,464.70,22.83,46.20,0.17787,-1,-1,-1
336,-1,1579.32,418.63,52.36,139.31,0.10525,-1,-1,-1
336,-1,1759.92,442.94,56.25,212.39,0.08572,-1,-1,-1
336,-1,94.12,450.17,113.48,314.83,0.06451,-1,-1,-1
336,-1,575.58,394.74,43.27,113.13,0.05784,-1,-1,-1
337,-1,1451.66,383.63,145.69,349.02,0.99841,-1,-1,-1
337,-1,1727.84,405.98,94.74,252.69,0.99738,-1,-1,-1
337,-1,1167.25,392.53,103.88,337.93,0.99609,-1,-1,-1
337,-1,1307.39,388.73,116.01,346.54,0.99602,-1,-1,-1
337,-1,1388.68,383.66,72.05,314.90,0.99379,-1,-1,-1
337,-1,1622.22,408.56,77.61,289.50,0.99072,-1,-1,-1
337,-1,1575.84,413.41,67.86,273.96,0.97326,-1,-1,-1
337,-1,1683.91,527.76,73.00,191.00,0.94775,-1,-1,-1
337,-1,130.03,514.36,77.28,224.13,0.83005,-1,-1,-1
337,-1,1144.94,464.35,27.57,52.03,0.41254,-1,-1,-1
337,-1,246.21,517.44,49.18,60.41,0.33738,-1,-1,-1
337,-1,55.00,580.75,55.13,168.88,0.30533,-1,-1,-1
337,-1,1275.00,361.30,62.18,113.21,0.23753,-1,-1,-1
337,-1,1677.19,480.26,64.53,202.29,0.21082,-1,-1,-1
337,-1,1806.65,458.36,33.41,119.15,0.16081,-1,-1,-1
337,-1,245.41,526.45,45.96,151.07,0.14320,-1,-1,-1
337,-1,1678.74,467.30,55.69,103.98,0.11150,-1,-1,-1
337,-1,93.68,444.88,114.82,315.26,0.10695,-1,-1,-1
337,-1,1660.67,427.78,51.48,235.45,0.10535,-1,-1,-1
337,-1,1683.13,474.34,43.88,63.53,0.09942,-1,-1,-1
337,-1,1697.91,468.12,65.19,185.23,0.09589,-1,-1,-1
337,-1,12.65,543.10,89.32,193.76,0.09104,-1,-1,-1
337,-1,1667.54,424.85,55.33,144.69,0.06236,-1,-1,-1
337,-1,53.69,521.95,79.52,242.29,0.05798,-1,-1,-1
337,-1,98.98,536.94,41.69,208.02,0.05432,-1,-1,-1
338,-1,1451.28,381.24,145.95,349.74,0.99852,-1,-1,-1
338,-1,1731.75,404.90,94.22,254.11,0.99820,-1,-1,-1
338,-1,1166.94,397.15,103.78,336.18,0.99618,-1,-1,-1
338,-1,1626.66,412.12,80.64,280.05,0.99428,-1,-1,-1
338,-1,1308.76,391.18,120.35,342.34,0.99396,-1,-1,-1
338,-1,1392.52,383.85,67.59,315.19,0.99385,-1,-1,-1
338,-1,1579.54,418.09,62.96,261.82,0.98345,-1,-1,-1
338,-1,1685.07,527.09,74.82,195.41,0.96595,-1,-1,-1
338,-1,128.74,511.81,71.46,228.14,0.85359,-1,-1,-1
338,-1,1805.26,459.81,35.88,116.75,0.52075,-1,-1,-1
338,-1,246.34,517.37,47.09,62.08,0.37463,-1,-1,-1
338,-1,1281.39,362.46,58.22,109.93,0.28793,-1,-1,-1
338,-1,1144.35,464.35,28.14,50.11,0.24639,-1,-1,-1
338,-1,1681.40,467.00,54.81,104.76,0.20419,-1,-1,-1
338,-1,1658.94,420.06,83.64,272.14,0.16728,-1,-1,-1
338,-1,52.97,581.23,57.88,164.68,0.16302,-1,-1,-1
338,-1,1660.04,418.84,62.83,165.32,0.11868,-1,-1,-1
338,-1,244.93,527.23,44.89,151.79,0.11088,-1,-1,-1
338,-1,1885.18,445.03,31.08,127.82,0.10070,-1,-1,-1
338,-1,1688.79,482.33,77.97,175.23,0.09955,-1,-1,-1
338,-1,1680.85,410.01,117.25,262.04,0.07408,-1,-1,-1
338,-1,16.31,575.03,83.97,170.86,0.06773,-1,-1,-1
339,-1,1448.75,381.18,148.42,348.89,0.99860,-1,-1,-1
339,-1,1733.34,400.19,101.87,261.69,0.99738,-1,-1,-1
339,-1,1166.82,395.43,107.57,336.34,0.99603,-1,-1,-1
339,-1,1317.47,384.63,124.50,345.16,0.99491,-1,-1,-1
339,-1,1627.52,412.46,82.24,282.62,0.99039,-1,-1,-1
339,-1,1397.20,383.60,64.79,316.14,0.98665,-1,-1,-1
339,-1,1580.98,414.58,73.43,266.37,0.98310,-1,-1,-1
339,-1,1681.78,529.02,86.90,192.12,0.94906,-1,-1,-1
339,-1,130.49,535.42,67.27,203.85,0.86422,-1,-1,-1
339,-1,1811.42,457.63,38.77,114.45,0.55291,-1,-1,-1
339,-1,245.86,516.83,49.03,62.93,0.45297,-1,-1,-1
339,-1,945.14,549.03,73.88,152.53,0.37754,-1,-1,-1
339,-1,1668.10,416.51,68.52,169.99,0.33099,-1,-1,-1
339,-1,50.56,571.47,60.64,178.27,0.31461,-1,-1,-1
339,-1,1888.70,443.81,26.56,112.18,0.31115,-1,-1,-1
339,-1,1279.50,361.87,61.06,112.07,0.28356,-1,-1,-1
339,-1,1143.38,463.03,20.86,45.12,0.17640,-1,-1,-1
339,-1,1676.55,452.69,66.93,193.80,0.17355,-1,-1,-1
339,-1,245.95,520.70,48.63,150.12,0.15859,-1,-1,-1
339,-1,32.59,502.42,89.21,247.02,0.10949,-1,-1,-1
339,-1,52.49,516.31,128.99,237.04,0.10480,-1,-1,-1
339,-1,1642.18,413.19,125.35,261.89,0.10384,-1,-1,-1
339,-1,420.52,502.86,13.24,28.85,0.08362,-1,-1,-1
339,-1,2.13,514.24,92.32,198.81,0.08062,-1,-1,-1
339,-1,1820.67,447.07,55.98,119.44,0.07660,-1,-1,-1
339,-1,100.40,534.61,41.74,207.85,0.06943,-1,-1,-1
339,-1,574.75,401.00,43.90,109.52,0.06622,-1,-1,-1
339,-1,3.27,551.37,61.67,220.15,0.06442,-1,-1,-1
339,-1,444.56,493.25,19.63,42.83,0.05950,-1,-1,-1
340,-1,1447.59,382.36,148.89,346.92,0.99845,-1,-1,-1
340,-1,1736.91,404.65,98.25,256.73,0.99832,-1,-1,-1
340,-1,1324.34,386.21,126.10,342.29,0.99654,-1,-1,-1
340,-1,1166.56,391.99,110.02,339.36,0.99559,-1,-1,-1
340,-1,1632.87,411.67,79.81,277.17,0.99112,-1,-1,-1
340,-1,1584.09,414.20,74.99,273.22,0.98389,-1,-1,-1
340,-1,1399.81,388.02,60.76,296.92,0.96550,-1,-1,-1
340,-1,1681.35,520.03,83.82,204.16,0.95027,-1,-1,-1
340,-1,128.74,528.58,72.53,210.83,0.85872,-1,-1,-1
340,-1,1812.85,459.51,39.71,113.12,0.83989,-1,-1,-1
340,-1,245.13,519.35,49.82,61.20,0.56799,-1,-1,-1
340,-1,1819.56,463.46,26.73,67.36,0.54327,-1,-1,-1
340,-1,1279.41,362.35,60.97,109.43,0.38508,-1,-1,-1
340,-1,1403.49,383.44,55.80,161.92,0.38363,-1,-1,-1
340,-1,52.91,576.80,57.82,170.40,0.32886,-1,-1,-1
340,-1,1654.82,416.06,76.00,222.59,0.28604,-1,-1,-1
340,-1,1889.38,443.72,26.61,111.36,0.23526,-1,-1,-1
340,-1,1680.15,446.52,74.52,226.94,0.21701,-1,-1,-1
340,-1,244.94,521.37,48.57,150.55,0.20613,-1,-1,-1
340,-1,940.49,549.90,72.85,149.38,0.16701,-1,-1,-1
340,-1,574.92,398.47,44.24,109.39,0.14942,-1,-1,-1
340,-1,1493.55,380.68,78.80,80.61,0.12958,-1,-1,-1
340,-1,6.83,545.75,104.45,208.09,0.12239,-1,-1,-1
340,-1,1142.16,462.00,20.36,43.84,0.11918,-1,-1,-1
340,-1,1703.94,445.19,52.57,164.28,0.10968,-1,-1,-1
340,-1,102.80,535.50,37.06,204.20,0.06906,-1,-1,-1
340,-1,1674.16,431.85,68.53,162.52,0.05901,-1,-1,-1
340,-1,420.59,503.27,13.07,28.19,0.05643,-1,-1,-1
341,-1,1447.35,383.39,149.65,345.90,0.99869,-1,-1,-1
341,-1,1165.33,390.42,110.88,342.00,0.99744,-1,-1,-1
341,-1,1329.82,388.66,122.69,336.51,0.99725,-1,-1,-1
341,-1,1735.30,402.76,105.73,262.70,0.99670,-1,-1,-1
341,-1,1590.66,415.59,72.51,277.80,0.99189,-1,-1,-1
341,-1,1637.56,410.58,78.52,285.53,0.98729,-1,-1,-1
341,-1,1403.24,390.27,57.89,303.20,0.94679,-1,-1,-1
341,-1,1686.61,537.17,78.01,184.62,0.93410,-1,-1,-1
341,-1,129.13,538.52,70.06,200.98,0.88549,-1,-1,-1
341,-1,1814.28,458.74,42.99,116.71,0.73134,-1,-1,-1
341,-1,1404.71,384.95,53.40,171.95,0.69222,-1,-1,-1
341,-1,1279.82,363.15,60.87,109.07,0.43872,-1,-1,-1
341,-1,246.26,517.98,47.57,62.80,0.37585,-1,-1,-1
341,-1,1665.66,425.91,90.88,231.64,0.28261,-1,-1,-1
341,-1,47.95,573.58,64.33,175.82,0.26762,-1,-1,-1
341,-1,940.85,549.42,77.19,152.89,0.19767,-1,-1,-1
341,-1,1821.53,463.72,23.37,43.81,0.18212,-1,-1,-1
341,-1,1888.81,445.54,27.16,113.63,0.16557,-1,-1,-1
341,-1,244.81,525.44,46.22,151.83,0.13216,-1,-1,-1
341,-1,12.19,590.69,94.63,131.31,0.12872,-1,-1,-1
341,-1,1692.21,457.48,56.15,149.81,0.09324,-1,-1,-1
341,-1,1490.29,380.24,82.53,82.80,0.07211,-1,-1,-1
341,-1,1723.35,426.89,39.99,184.85,0.06160,-1,-1,-1
341,-1,420.84,503.78,12.79,28.03,0.05980,-1,-1,-1
341,-1,3.88,553.07,77.76,194.99,0.05724,-1,-1,-1
342,-1,1448.34,389.45,147.61,340.13,0.99836,-1,-1,-1
342,-1,1331.01,389.84,126.02,334.04,0.99742,-1,-1,-1
342,-1,1163.58,385.28,112.66,347.26,0.99645,-1,-1,-1
342,-1,1737.75,404.66,111.94,264.69,0.99552,-1,-1,-1
342,-1,1596.66,425.09,66.66,260.94,0.99223,-1,-1,-1
342,-1,1639.62,412.78,87.27,286.83,0.98382,-1,-1,-1
342,-1,1686.08,509.61,79.56,213.92,0.95605,-1,-1,-1
342,-1,128.83,528.81,71.10,212.84,0.90645,-1,-1,-1
342,-1,1406.58,396.30,54.72,300.02,0.90567,-1,-1,-1
342,-1,1407.63,387.66,51.49,139.39,0.85922,-1,-1,-1
342,-1,1513.40,381.07,61.74,86.69,0.66477,-1,-1,-1
342,-1,1814.93,457.31,44.17,120.34,0.57809,-1,-1,-1
342,-1,1703.11,470.53,54.14,136.68,0.50655,-1,-1,-1
342,-1,246.45,517.80,47.23,62.77,0.39556,-1,-1,-1
342,-1,1276.69,361.42,68.04,108.90,0.36426,-1,-1,-1
342,-1,1673.30,425.37,83.94,217.32,0.31267,-1,-1,-1
342,-1,59.87,580.68,51.64,164.54,0.26959,-1,-1,-1
342,-1,244.65,521.76,50.50,147.58,0.18582,-1,-1,-1
342,-1,994.13,504.01,48.26,205.40,0.10838,-1,-1,-1
342,-1,7.60,592.00,99.89,116.05,0.09657,-1,-1,-1
342,-1,574.67,396.07,44.34,112.96,0.07934,-1,-1,-1
342,-1,1475.87,378.96,88.60,77.52,0.07451,-1,-1,-1
342,-1,34.26,540.65,88.47,206.46,0.07026,-1,-1,-1
342,-1,1884.90,444.52,32.31,128.22,0.05931,-1,-1,-1
342,-1,102.18,547.54,37.22,194.28,0.05564,-1,-1,-1
342,-1,965.07,546.57,59.51,164.35,0.05378,-1,-1,-1
343,-1,1450.38,391.41,144.92,335.26,0.99821,-1,-1,-1
343,-1,1340.61,388.68,122.33,333.69,0.99756,-1,-1,-1
343,-1,1741.18,406.88,112.55,259.89,0.99672,-1,-1,-1
343,-1,1161.53,382.41,115.49,349.62,0.99595,-1,-1,-1
343,-1,1594.39,418.91,78.54,275.70,0.99422,-1,-1,-1
343,-1,1649.73,409.00,89.08,292.97,0.97908,-1,-1,-1
343,-1,1688.68,524.04,74.59,202.64,0.95408,-1,-1,-1
343,-1,129.29,521.03,73.83,219.61,0.92944,-1,-1,-1
343,-1,1411.90,395.31,50.51,293.77,0.91780,-1,-1,-1
343,-1,1408.95,388.03,51.03,127.16,0.78491,-1,-1,-1
343,-1,1510.91,380.36,65.11,89.29,0.77868,-1,-1,-1
343,-1,1703.31,461.23,58.99,146.09,0.70163,-1,-1,-1
343,-1,1813.64,452.89,46.49,125.21,0.48232,-1,-1,-1
343,-1,1278.60,358.78,65.17,111.60,0.47296,-1,-1,-1
343,-1,56.21,580.80,55.15,165.51,0.44867,-1,-1,-1
343,-1,246.42,516.69,48.66,62.48,0.30764,-1,-1,-1
343,-1,22.27,564.36,79.36,180.22,0.21713,-1,-1,-1
343,-1,1557.48,547.73,34.88,87.61,0.20690,-1,-1,-1
343,-1,42.97,516.81,73.74,186.96,0.15598,-1,-1,-1
343,-1,1701.18,424.05,83.49,261.65,0.13846,-1,-1,-1
343,-1,14.66,516.23,72.76,144.95,0.10823,-1,-1,-1
343,-1,1792.79,432.11,63.01,187.30,0.10234,-1,-1,-1
343,-1,244.59,523.99,47.66,155.71,0.10149,-1,-1,-1
343,-1,43.20,534.35,125.66,218.89,0.08391,-1,-1,-1
343,-1,102.69,542.71,37.82,199.12,0.06779,-1,-1,-1
343,-1,119.23,544.02,54.81,197.39,0.05614,-1,-1,-1
343,-1,41.38,572.09,69.32,97.41,0.05296,-1,-1,-1
344,-1,1343.31,388.97,120.67,331.07,0.99836,-1,-1,-1
344,-1,1451.24,391.89,144.94,332.92,0.99770,-1,-1,-1
344,-1,1160.54,381.85,115.51,352.77,0.99647,-1,-1,-1
344,-1,1743.19,408.73,111.10,254.44,0.99522,-1,-1,-1
344,-1,1595.73,422.16,82.88,270.08,0.99426,-1,-1,-1
344,-1,1655.26,408.86,94.93,266.40,0.96270,-1,-1,-1
344,-1,1685.34,526.77,73.01,202.31,0.93266,-1,-1,-1
344,-1,129.88,521.57,73.69,218.60,0.92156,-1,-1,-1
344,-1,1411.00,401.26,50.16,288.97,0.82124,-1,-1,-1
344,-1,1517.27,380.49,58.29,91.00,0.81761,-1,-1,-1
344,-1,1412.58,388.84,45.45,119.63,0.73101,-1,-1,-1
344,-1,1702.61,490.65,73.34,214.94,0.54235,-1,-1,-1
344,-1,1709.25,454.48,56.40,164.81,0.48987,-1,-1,-1
344,-1,48.83,568.26,65.31,174.38,0.40466,-1,-1,-1
344,-1,1276.33,361.08,68.87,108.78,0.37471,-1,-1,-1
344,-1,245.81,517.01,48.20,63.58,0.33529,-1,-1,-1
344,-1,1815.75,449.92,47.79,126.24,0.24387,-1,-1,-1
344,-1,5.71,510.84,85.75,182.76,0.23754,-1,-1,-1
344,-1,8.95,583.18,100.96,134.16,0.15682,-1,-1,-1
344,-1,1558.40,552.93,33.92,85.26,0.15666,-1,-1,-1
344,-1,244.47,523.62,46.91,154.19,0.10828,-1,-1,-1
344,-1,102.47,541.58,37.39,197.46,0.09919,-1,-1,-1
344,-1,44.68,535.10,123.99,219.06,0.07531,-1,-1,-1
344,-1,75.43,540.55,59.29,196.43,0.07501,-1,-1,-1
344,-1,40.84,570.64,70.32,95.96,0.05936,-1,-1,-1
344,-1,1662.45,410.21,78.44,126.94,0.05867,-1,-1,-1
344,-1,1552.57,458.33,43.92,181.01,0.05732,-1,-1,-1
344,-1,1110.47,456.01,70.75,144.58,0.05466,-1,-1,-1
344,-1,1790.03,411.67,79.28,81.51,0.05362,-1,-1,-1
345,-1,1344.39,392.60,121.45,329.50,0.99887,-1,-1,-1
345,-1,1159.95,381.13,118.00,357.77,0.99707,-1,-1,-1
345,-1,1455.00,392.45,144.05,328.05,0.99699,-1,-1,-1
345,-1,1755.40,409.51,97.44,251.90,0.99510,-1,-1,-1
345,-1,1597.02,421.57,87.70,271.48,0.98920,-1,-1,-1
345,-1,1685.76,523.87,74.31,206.52,0.93821,-1,-1,-1
345,-1,1669.19,410.21,88.79,232.92,0.92454,-1,-1,-1
345,-1,131.36,524.44,71.76,215.83,0.88447,-1,-1,-1
345,-1,1713.48,444.29,60.68,182.44,0.82579,-1,-1,-1
345,-1,1529.56,384.77,49.75,87.38,0.79292,-1,-1,-1
345,-1,54.04,583.10,56.18,163.69,0.55597,-1,-1,-1
345,-1,1279.92,363.74,59.00,106.45,0.42253,-1,-1,-1
345,-1,1533.80,401.01,63.54,276.06,0.35234,-1,-1,-1
345,-1,1533.72,390.32,64.95,140.57,0.25264,-1,-1,-1
345,-1,246.48,517.32,47.32,61.86,0.25043,-1,-1,-1
345,-1,5.32,589.84,98.80,140.23,0.23225,-1,-1,-1
345,-1,39.66,519.30,77.99,212.53,0.16772,-1,-1,-1
345,-1,1110.37,461.44,68.18,134.54,0.16214,-1,-1,-1
345,-1,1720.28,449.33,24.41,40.32,0.14528,-1,-1,-1
345,-1,102.90,545.07,36.51,195.31,0.13717,-1,-1,-1
345,-1,1558.88,515.32,37.59,149.55,0.11665,-1,-1,-1
345,-1,244.86,524.59,46.16,151.36,0.09538,-1,-1,-1
345,-1,3.38,514.94,85.46,193.53,0.09021,-1,-1,-1
345,-1,1667.24,410.81,73.60,118.82,0.08303,-1,-1,-1
345,-1,1830.60,460.01,42.76,115.50,0.08086,-1,-1,-1
345,-1,1487.19,382.47,82.29,76.32,0.08001,-1,-1,-1
345,-1,82.23,551.59,45.24,192.28,0.07326,-1,-1,-1
345,-1,1631.18,421.39,101.69,261.50,0.06035,-1,-1,-1
345,-1,1734.38,428.19,55.44,203.75,0.05667,-1,-1,-1
345,-1,421.32,504.00,12.74,27.82,0.05256,-1,-1,-1
346,-1,1350.33,391.58,116.02,333.13,0.99875,-1,-1,-1
346,-1,1455.67,395.75,145.69,327.11,0.99655,-1,-1,-1
346,-1,1757.89,410.14,92.58,251.63,0.99652,-1,-1,-1
346,-1,1158.03,381.02,120.54,359.45,0.99646,-1,-1,-1
346,-1,1601.74,419.07,83.95,270.43,0.99030,-1,-1,-1
346,-1,1676.51,525.97,83.35,209.78,0.94210,-1,-1,-1
346,-1,1673.45,409.51,99.84,239.82,0.91469,-1,-1,-1
346,-1,130.78,526.43,71.71,214.08,0.86116,-1,-1,-1
346,-1,1531.13,392.02,74.36,265.69,0.78856,-1,-1,-1
346,-1,1534.57,389.29,65.96,131.31,0.74276,-1,-1,-1
346,-1,1716.33,442.41,67.29,182.23,0.71954,-1,-1,-1
346,-1,1528.01,382.96,53.42,91.09,0.61985,-1,-1,-1
346,-1,1278.69,363.21,60.83,108.01,0.38901,-1,-1,-1
346,-1,52.07,580.72,58.57,168.54,0.37419,-1,-1,-1
346,-1,246.06,517.42,49.21,61.22,0.30461,-1,-1,-1
346,-1,1670.56,407.38,76.37,165.54,0.20275,-1,-1,-1
346,-1,20.49,573.18,74.27,174.64,0.18274,-1,-1,-1
346,-1,1722.57,442.88,25.47,40.27,0.17819,-1,-1,-1
346,-1,1559.23,438.13,39.39,248.93,0.15488,-1,-1,-1
346,-1,1833.57,495.99,32.25,78.48,0.15438,-1,-1,-1
346,-1,1657.26,399.99,77.30,295.39,0.10542,-1,-1,-1
346,-1,1647.30,427.56,45.24,234.17,0.09381,-1,-1,-1
346,-1,244.96,523.68,47.39,153.06,0.09204,-1,-1,-1
346,-1,1554.83,551.47,38.64,138.90,0.09134,-1,-1,-1
346,-1,1142.55,463.29,25.88,45.81,0.08754,-1,-1,-1
346,-1,102.83,545.50,37.18,198.20,0.08561,-1,-1,-1
346,-1,1746.98,422.94,52.99,205.35,0.07734,-1,-1,-1
346,-1,1103.73,462.33,78.93,206.09,0.06861,-1,-1,-1
346,-1,20.05,519.68,91.93,185.75,0.05556,-1,-1,-1
347,-1,1357.31,394.32,111.23,333.93,0.99865,-1,-1,-1
347,-1,1155.83,381.42,118.72,360.93,0.99760,-1,-1,-1
347,-1,1763.06,410.48,89.93,254.41,0.99663,-1,-1,-1
347,-1,1459.95,397.49,143.86,323.07,0.99581,-1,-1,-1
347,-1,1602.94,421.82,88.51,259.18,0.99398,-1,-1,-1
347,-1,1679.69,523.25,78.90,205.76,0.93860,-1,-1,-1
347,-1,1536.83,397.42,66.85,270.62,0.92278,-1,-1,-1
347,-1,129.21,525.48,73.66,216.24,0.92259,-1,-1,-1
347,-1,1677.11,409.79,87.35,267.25,0.92247,-1,-1,-1
347,-1,1537.20,388.32,68.10,129.40,0.74877,-1,-1,-1
347,-1,1705.83,412.26,85.04,274.32,0.65187,-1,-1,-1
347,-1,1277.50,362.91,62.29,109.10,0.47487,-1,-1,-1
347,-1,1833.75,492.61,31.06,81.89,0.40670,-1,-1,-1
347,-1,52.87,575.17,57.68,176.45,0.38462,-1,-1,-1
347,-1,1729.74,455.09,62.95,176.07,0.35849,-1,-1,-1
347,-1,1534.11,385.79,52.21,89.78,0.35801,-1,-1,-1
347,-1,246.25,516.50,54.43,64.12,0.30789,-1,-1,-1
347,-1,1678.85,426.53,67.29,152.01,0.26411,-1,-1,-1
347,-1,19.19,558.11,81.55,172.03,0.14557,-1,-1,-1
347,-1,1143.49,465.71,22.96,39.45,0.11096,-1,-1,-1
347,-1,1844.96,500.87,29.61,73.35,0.09933,-1,-1,-1
347,-1,1826.12,446.01,45.84,130.57,0.09215,-1,-1,-1
347,-1,13.21,507.85,85.27,160.58,0.07210,-1,-1,-1
347,-1,1650.83,421.43,50.96,250.42,0.06579,-1,-1,-1
347,-1,421.29,503.77,12.52,27.20,0.06252,-1,-1,-1
347,-1,444.90,493.22,19.08,41.35,0.05325,-1,-1,-1
347,-1,245.86,521.05,49.54,149.88,0.05036,-1,-1,-1
348,-1,1361.00,394.17,109.45,329.16,0.99876,-1,-1,-1
348,-1,1155.00,379.52,116.91,363.50,0.99801,-1,-1,-1
348,-1,1469.19,399.64,137.68,318.75,0.99598,-1,-1,-1
348,-1,1603.46,419.37,92.04,262.87,0.99196,-1,-1,-1
348,-1,1758.74,408.09,98.12,248.55,0.99071,-1,-1,-1
348,-1,1679.38,531.98,79.81,201.09,0.90612,-1,-1,-1
348,-1,1680.50,394.36,85.39,285.56,0.90518,-1,-1,-1
348,-1,1535.48,391.66,69.32,278.82,0.89025,-1,-1,-1
348,-1,128.90,527.18,73.54,212.56,0.88196,-1,-1,-1
348,-1,1539.54,389.42,65.69,124.32,0.79974,-1,-1,-1
348,-1,1721.63,413.73,61.16,233.12,0.60611,-1,-1,-1
348,-1,1277.69,362.17,62.49,110.03,0.52029,-1,-1,-1
348,-1,33.93,526.63,80.75,202.68,0.24321,-1,-1,-1
348,-1,245.77,517.86,50.51,62.54,0.24218,-1,-1,-1
348,-1,941.30,543.45,64.83,156.29,0.22506,-1,-1,-1
348,-1,1833.65,492.34,28.40,78.76,0.20373,-1,-1,-1
348,-1,1676.38,438.07,80.11,150.41,0.20163,-1,-1,-1
348,-1,55.18,589.17,54.98,158.64,0.16713,-1,-1,-1
348,-1,1841.34,497.17,32.85,75.47,0.12664,-1,-1,-1
348,-1,1529.74,386.13,56.46,88.57,0.11736,-1,-1,-1
348,-1,20.19,500.15,88.76,138.01,0.11703,-1,-1,-1
348,-1,1635.55,409.55,105.05,245.27,0.08772,-1,-1,-1
348,-1,1891.77,451.16,27.57,90.53,0.07615,-1,-1,-1
348,-1,1559.12,546.22,47.14,139.50,0.05716,-1,-1,-1
349,-1,1366.04,394.47,109.36,327.14,0.99902,-1,-1,-1
349,-1,1147.35,381.01,123.35,362.57,0.99797,-1,-1,-1
349,-1,1470.12,400.80,140.21,315.98,0.99593,-1,-1,-1
349,-1,1605.14,421.05,93.29,259.46,0.99322,-1,-1,-1
349,-1,1757.79,411.15,100.18,244.56,0.99096,-1,-1,-1
349,-1,1680.38,529.88,79.31,197.31,0.94486,-1,-1,-1
349,-1,1683.94,406.80,83.33,300.97,0.92634,-1,-1,-1
349,-1,128.93,525.87,73.70,214.32,0.91607,-1,-1,-1
349,-1,1535.47,399.61,75.22,285.78,0.88166,-1,-1,-1
349,-1,1538.79,387.43,54.25,101.97,0.76625,-1,-1,-1
349,-1,1540.81,396.13,66.23,139.75,0.49599,-1,-1,-1
349,-1,1719.31,417.43,60.35,273.38,0.49568,-1,-1,-1
349,-1,1687.76,403.89,65.14,186.26,0.41173,-1,-1,-1
349,-1,1277.02,363.06,61.75,108.66,0.33254,-1,-1,-1
349,-1,1739.70,444.62,57.59,194.65,0.30640,-1,-1,-1
349,-1,246.27,515.96,53.75,64.62,0.27391,-1,-1,-1
349,-1,1833.96,494.49,28.33,77.76,0.16708,-1,-1,-1
349,-1,45.57,552.66,65.41,202.51,0.15729,-1,-1,-1
349,-1,935.18,541.00,76.47,158.35,0.14331,-1,-1,-1
349,-1,13.45,507.91,95.80,191.93,0.13373,-1,-1,-1
349,-1,1556.07,484.92,51.56,199.70,0.12245,-1,-1,-1
349,-1,1886.80,444.73,31.32,124.43,0.07776,-1,-1,-1
349,-1,575.05,394.80,44.49,112.10,0.07488,-1,-1,-1
349,-1,1847.27,504.85,26.92,68.12,0.05720,-1,-1,-1
349,-1,246.00,520.72,49.90,150.84,0.05153,-1,-1,-1
350,-1,1371.38,390.23,107.42,330.20,0.99896,-1,-1,-1
350,-1,1143.39,382.76,123.75,361.11,0.99805,-1,-1,-1
350,-1,1472.37,397.66,142.23,320.75,0.99675,-1,-1,-1
350,-1,1610.90,420.25,90.62,253.07,0.99562,-1,-1,-1
350,-1,1767.82,407.42,99.05,249.92,0.99559,-1,-1,-1
350,-1,1685.28,401.79,96.44,296.49,0.97971,-1,-1,-1
350,-1,1678.58,535.75,78.20,198.88,0.95079,-1,-1,-1
350,-1,129.98,536.00,70.02,204.63,0.88104,-1,-1,-1
350,-1,1542.82,388.35,61.31,113.82,0.72711,-1,-1,-1
350,-1,1544.12,389.90,68.55,280.35,0.56392,-1,-1,-1
350,-1,245.46,519.68,49.13,60.66,0.45750,-1,-1,-1
350,-1,1276.29,363.01,63.46,108.32,0.36428,-1,-1,-1
350,-1,1726.32,417.22,71.68,226.35,0.24554,-1,-1,-1
350,-1,1371.22,390.29,43.46,135.24,0.21147,-1,-1,-1
350,-1,37.42,507.78,77.91,218.49,0.20418,-1,-1,-1
350,-1,1714.52,529.52,58.12,168.60,0.15609,-1,-1,-1
350,-1,1839.67,444.58,36.95,131.51,0.15026,-1,-1,-1
350,-1,244.78,524.48,47.48,152.97,0.10447,-1,-1,-1
350,-1,1652.72,409.70,71.42,259.75,0.10443,-1,-1,-1
350,-1,61.26,580.23,50.54,167.89,0.09427,-1,-1,-1
350,-1,1369.29,403.50,44.26,247.10,0.08477,-1,-1,-1
350,-1,5.29,501.80,98.83,168.88,0.06795,-1,-1,-1
350,-1,1689.27,419.88,73.88,175.12,0.06749,-1,-1,-1
350,-1,1573.59,416.16,42.33,260.28,0.05460,-1,-1,-1
350,-1,707.22,397.71,73.04,362.96,0.05008,-1,-1,-1
351,-1,1376.68,392.01,104.86,325.85,0.99883,-1,-1,-1
351,-1,1145.75,382.73,118.72,361.55,0.99763,-1,-1,-1
351,-1,1473.98,395.13,140.17,320.53,0.99694,-1,-1,-1
351,-1,1768.76,404.55,102.01,244.13,0.99607,-1,-1,-1
351,-1,1616.01,419.52,87.01,251.90,0.99395,-1,-1,-1
351,-1,1689.87,403.23,96.64,275.61,0.98119,-1,-1,-1
351,-1,1675.38,533.96,83.64,195.53,0.93981,-1,-1,-1
351,-1,1544.74,391.12,73.16,295.31,0.91301,-1,-1,-1
351,-1,128.14,527.58,74.06,212.99,0.89438,-1,-1,-1
351,-1,1546.72,391.56,67.98,134.06,0.69369,-1,-1,-1
351,-1,1732.42,409.91,93.02,244.92,0.66256,-1,-1,-1
351,-1,245.89,517.11,50.29,63.12,0.54095,-1,-1,-1
351,-1,1373.31,396.47,43.15,254.29,0.39377,-1,-1,-1
351,-1,1275.01,362.13,65.24,109.53,0.33556,-1,-1,-1
351,-1,1374.25,392.76,47.20,140.95,0.23753,-1,-1,-1
351,-1,1549.39,389.82,46.51,92.08,0.23716,-1,-1,-1
351,-1,56.49,535.44,56.45,215.15,0.14649,-1,-1,-1
351,-1,244.94,524.18,48.03,150.97,0.13228,-1,-1,-1
351,-1,1691.95,423.22,75.25,169.08,0.12926,-1,-1,-1
351,-1,14.23,485.65,103.28,290.97,0.10536,-1,-1,-1
351,-1,1738.92,430.16,60.43,186.70,0.09049,-1,-1,-1
351,-1,1836.44,430.48,40.00,144.74,0.08147,-1,-1,-1
351,-1,1563.06,485.47,50.46,197.57,0.07124,-1,-1,-1
351,-1,1728.96,409.46,54.56,176.88,0.07077,-1,-1,-1
351,-1,1649.68,451.99,100.00,266.52,0.06681,-1,-1,-1
351,-1,1711.91,509.88,62.03,185.05,0.05835,-1,-1,-1
351,-1,1570.65,431.62,50.62,216.51,0.05798,-1,-1,-1
351,-1,575.62,396.24,43.06,111.25,0.05033,-1,-1,-1
352,-1,1382.57,392.91,100.17,320.96,0.99815,-1,-1,-1
352,-1,1138.85,383.43,119.70,363.86,0.99737,-1,-1,-1
352,-1,1777.90,404.97,92.45,244.17,0.99688,-1,-1,-1
352,-1,1475.17,394.11,140.44,320.99,0.99662,-1,-1,-1
352,-1,1619.93,419.12,90.55,247.21,0.99164,-1,-1,-1
352,-1,1701.21,401.56,92.76,293.73,0.98137,-1,-1,-1
352,-1,1672.31,534.14,77.78,200.20,0.93585,-1,-1,-1
352,-1,1552.95,397.16,69.05,279.38,0.92796,-1,-1,-1
352,-1,129.54,532.38,69.47,208.14,0.89485,-1,-1,-1
352,-1,1550.51,389.90,66.45,137.68,0.79803,-1,-1,-1
352,-1,1377.37,394.57,46.26,230.27,0.65750,-1,-1,-1
352,-1,1746.70,422.03,71.80,223.05,0.60486,-1,-1,-1
352,-1,1273.21,361.76,67.75,109.84,0.33579,-1,-1,-1
352,-1,1373.53,388.45,57.38,138.36,0.28189,-1,-1,-1
352,-1,19.80,500.09,93.91,236.07,0.27624,-1,-1,-1
352,-1,245.51,521.64,46.48,58.08,0.26372,-1,-1,-1
352,-1,1100.05,402.60,90.63,298.62,0.22401,-1,-1,-1
352,-1,1843.32,436.01,35.25,149.13,0.20898,-1,-1,-1
352,-1,1661.60,411.63,66.73,240.62,0.20454,-1,-1,-1
352,-1,52.68,577.45,57.51,172.12,0.12714,-1,-1,-1
352,-1,1224.01,358.04,120.93,128.82,0.09289,-1,-1,-1
352,-1,1731.86,411.95,58.42,219.14,0.07956,-1,-1,-1
352,-1,420.41,505.59,12.60,28.58,0.05719,-1,-1,-1
353,-1,1383.62,392.42,100.90,318.44,0.99797,-1,-1,-1
353,-1,1136.30,380.16,118.76,368.52,0.99686,-1,-1,-1
353,-1,1477.09,392.28,139.89,324.02,0.99645,-1,-1,-1
353,-1,1777.47,403.75,91.58,244.68,0.99573,-1,-1,-1
353,-1,1698.11,405.25,114.30,310.13,0.99167,-1,-1,-1
353,-1,1620.72,419.20,93.51,248.22,0.98565,-1,-1,-1
353,-1,1555.94,398.30,67.29,281.19,0.93923,-1,-1,-1
353,-1,128.52,530.12,72.13,211.00,0.92649,-1,-1,-1
353,-1,1678.36,527.54,72.41,203.52,0.88285,-1,-1,-1
353,-1,1553.54,391.01,63.53,134.20,0.82776,-1,-1,-1
353,-1,1382.05,390.72,49.07,147.73,0.49634,-1,-1,-1
353,-1,1844.96,440.34,34.16,145.69,0.42019,-1,-1,-1
353,-1,1641.62,409.49,123.01,277.31,0.37015,-1,-1,-1
353,-1,1276.37,361.19,65.21,109.99,0.35556,-1,-1,-1
353,-1,1378.55,394.35,44.32,246.79,0.32423,-1,-1,-1
353,-1,33.30,506.34,78.08,251.76,0.31465,-1,-1,-1
353,-1,1660.88,414.39,65.90,238.06,0.28460,-1,-1,-1
353,-1,1759.50,444.37,67.10,200.22,0.25486,-1,-1,-1
353,-1,245.28,522.32,46.49,57.19,0.25259,-1,-1,-1
353,-1,1552.75,386.65,50.19,83.19,0.19119,-1,-1,-1
353,-1,1102.72,385.51,116.24,331.84,0.16975,-1,-1,-1
353,-1,52.97,580.10,56.40,168.82,0.12305,-1,-1,-1
353,-1,1171.35,384.76,81.70,116.38,0.08617,-1,-1,-1
353,-1,1209.52,358.89,135.92,136.01,0.07959,-1,-1,-1
353,-1,966.37,520.79,50.40,194.87,0.07877,-1,-1,-1
353,-1,1851.59,484.37,24.97,99.29,0.06120,-1,-1,-1
354,-1,1385.18,392.78,104.19,316.31,0.99786,-1,-1,-1
354,-1,1130.49,381.60,120.06,364.89,0.99632,-1,-1,-1
354,-1,1482.76,392.39,132.97,324.17,0.99605,-1,-1,-1
354,-1,1701.56,406.00,117.22,315.08,0.99380,-1,-1,-1
354,-1,1785.57,406.07,83.63,240.76,0.99367,-1,-1,-1
354,-1,1624.94,419.92,94.46,248.78,0.99064,-1,-1,-1
354,-1,1557.20,392.25,68.83,277.28,0.96879,-1,-1,-1
354,-1,1679.36,526.97,69.08,201.88,0.92475,-1,-1,-1
354,-1,129.53,531.85,69.48,208.98,0.88004,-1,-1,-1
354,-1,1765.87,422.37,62.65,224.22,0.82307,-1,-1,-1
354,-1,1556.73,387.71,60.30,134.58,0.57602,-1,-1,-1
354,-1,1379.81,395.68,45.80,246.15,0.48759,-1,-1,-1
354,-1,1691.17,509.39,100.41,212.73,0.41601,-1,-1,-1
354,-1,1848.22,459.63,30.97,121.19,0.39028,-1,-1,-1
354,-1,31.89,498.98,79.58,261.19,0.34388,-1,-1,-1
354,-1,1260.26,361.32,82.62,114.12,0.33269,-1,-1,-1
354,-1,245.38,521.03,48.49,58.73,0.32379,-1,-1,-1
354,-1,964.32,507.91,55.83,205.42,0.21106,-1,-1,-1
354,-1,1669.75,416.46,87.17,239.25,0.17904,-1,-1,-1
354,-1,1821.43,426.92,53.67,209.98,0.10866,-1,-1,-1
354,-1,1208.80,358.11,136.14,138.54,0.09425,-1,-1,-1
354,-1,1662.22,437.28,58.14,183.86,0.09281,-1,-1,-1
354,-1,52.35,579.75,57.11,169.47,0.06975,-1,-1,-1
354,-1,1886.62,445.56,32.05,123.39,0.06681,-1,-1,-1
354,-1,1900.24,518.92,19.76,38.71,0.06436,-1,-1,-1
354,-1,244.93,522.13,52.55,149.26,0.05628,-1,-1,-1
354,-1,1188.12,391.04,67.83,135.36,0.05182,-1,-1,-1
355,-1,1117.72,377.85,128.30,370.93,0.99889,-1,-1,-1
355,-1,1390.02,401.17,103.25,306.74,0.99819,-1,-1,-1
355,-1,1790.39,406.80,76.49,241.54,0.99512,-1,-1,-1
355,-1,1488.84,394.84,131.77,318.28,0.99487,-1,-1,-1
355,-1,1706.94,406.70,114.84,309.59,0.99223,-1,-1,-1
355,-1,1630.66,422.28,96.87,249.20,0.99014,-1,-1,-1
355,-1,1559.93,392.96,73.55,285.34,0.97139,-1,-1,-1
355,-1,1683.04,532.88,68.77,196.12,0.90284,-1,-1,-1
355,-1,128.17,532.58,69.69,206.79,0.88538,-1,-1,-1
355,-1,1763.28,420.67,60.77,224.55,0.81381,-1,-1,-1
355,-1,1381.13,398.43,53.88,260.31,0.70766,-1,-1,-1
355,-1,1848.84,456.82,30.40,124.98,0.60071,-1,-1,-1
355,-1,1559.95,386.35,65.07,149.68,0.56436,-1,-1,-1
355,-1,1268.02,361.36,75.92,114.33,0.43793,-1,-1,-1
355,-1,34.88,496.53,76.38,262.64,0.37499,-1,-1,-1
355,-1,245.39,521.36,47.93,58.69,0.31272,-1,-1,-1
355,-1,1893.24,444.45,17.95,26.71,0.25224,-1,-1,-1
355,-1,1666.38,500.78,71.38,197.33,0.17201,-1,-1,-1
355,-1,1886.83,445.09,32.08,125.91,0.13224,-1,-1,-1
355,-1,1387.80,396.09,53.30,141.56,0.13161,-1,-1,-1
355,-1,59.96,580.55,49.84,168.18,0.10649,-1,-1,-1
355,-1,1869.16,482.66,17.65,94.77,0.07096,-1,-1,-1
355,-1,245.02,522.46,53.61,148.01,0.06816,-1,-1,-1
355,-1,1088.24,394.01,100.95,305.76,0.06424,-1,-1,-1
355,-1,1732.60,409.13,63.62,210.11,0.05988,-1,-1,-1
355,-1,1899.96,518.15,20.04,39.26,0.05535,-1,-1,-1
355,-1,1610.36,427.30,39.44,209.24,0.05424,-1,-1,-1
355,-1,95.33,533.11,36.61,215.83,0.05331,-1,-1,-1
355,-1,575.34,396.50,43.66,113.30,0.05104,-1,-1,-1
356,-1,1118.28,377.54,127.70,371.66,0.99893,-1,-1,-1
356,-1,1393.26,397.89,100.28,310.75,0.99790,-1,-1,-1
356,-1,1493.82,395.34,127.73,318.43,0.99619,-1,-1,-1
356,-1,1791.58,409.66,74.70,238.65,0.98877,-1,-1,-1
356,-1,1633.14,424.77,93.25,245.83,0.98810,-1,-1,-1
356,-1,1711.27,405.14,112.39,305.94,0.98778,-1,-1,-1
356,-1,1556.57,390.57,79.14,291.42,0.97629,-1,-1,-1
356,-1,1684.77,534.95,70.85,194.18,0.91759,-1,-1,-1
356,-1,128.18,535.86,68.62,203.73,0.85143,-1,-1,-1
356,-1,1382.14,397.95,60.41,279.42,0.84377,-1,-1,-1
356,-1,1755.68,411.10,82.29,243.11,0.81385,-1,-1,-1
356,-1,1848.76,445.38,28.83,145.06,0.57221,-1,-1,-1
356,-1,1561.10,386.48,66.92,153.40,0.50469,-1,-1,-1
356,-1,1265.61,361.12,79.12,115.28,0.50171,-1,-1,-1
356,-1,1440.96,404.33,123.02,304.70,0.30724,-1,-1,-1
356,-1,245.48,522.53,45.83,56.89,0.26561,-1,-1,-1
356,-1,24.29,498.37,89.46,237.76,0.16716,-1,-1,-1
356,-1,53.91,585.01,55.37,163.04,0.13461,-1,-1,-1
356,-1,1856.90,481.30,26.04,97.48,0.11175,-1,-1,-1
356,-1,1886.27,445.02,32.37,121.16,0.09855,-1,-1,-1
356,-1,723.36,397.44,51.98,124.55,0.07409,-1,-1,-1
356,-1,575.66,397.47,43.44,112.67,0.07358,-1,-1,-1
356,-1,1599.22,414.38,88.68,257.72,0.06683,-1,-1,-1
356,-1,701.98,390.38,94.27,305.37,0.06092,-1,-1,-1
356,-1,245.53,522.07,49.37,149.87,0.06087,-1,-1,-1
357,-1,1117.59,373.97,128.05,377.42,0.99900,-1,-1,-1
357,-1,1399.14,398.61,102.19,309.87,0.99804,-1,-1,-1
357,-1,1499.10,396.36,119.71,316.68,0.99558,-1,-1,-1
357,-1,1795.49,409.37,74.32,235.38,0.98908,-1,-1,-1
357,-1,1719.57,401.44,102.25,302.08,0.98548,-1,-1,-1
357,-1,1559.77,384.02,89.96,290.94,0.98402,-1,-1,-1
357,-1,1636.55,427.30,96.28,243.29,0.98109,-1,-1,-1
357,-1,1687.84,537.76,78.21,191.96,0.93417,-1,-1,-1
357,-1,128.85,536.84,67.97,203.27,0.87763,-1,-1,-1
357,-1,1383.93,398.49,60.87,268.77,0.84556,-1,-1,-1
357,-1,1706.96,521.98,101.21,203.81,0.68077,-1,-1,-1
357,-1,1263.13,361.44,81.46,115.67,0.54122,-1,-1,-1
357,-1,1769.72,426.06,64.16,216.60,0.48658,-1,-1,-1
357,-1,37.84,512.27,73.24,242.56,0.38958,-1,-1,-1
357,-1,1670.70,416.97,110.14,263.23,0.33687,-1,-1,-1
357,-1,246.10,515.98,53.77,64.55,0.23984,-1,-1,-1
357,-1,1598.20,412.73,55.46,245.46,0.12642,-1,-1,-1
357,-1,61.42,571.98,48.26,181.97,0.12340,-1,-1,-1
357,-1,1856.99,447.71,29.80,143.30,0.11164,-1,-1,-1
357,-1,1566.01,388.82,71.81,140.02,0.07832,-1,-1,-1
357,-1,245.28,522.04,50.50,149.03,0.07184,-1,-1,-1
357,-1,97.16,537.64,34.95,209.57,0.06131,-1,-1,-1
357,-1,1076.42,400.14,98.99,276.49,0.05533,-1,-1,-1
357,-1,576.31,398.84,41.85,115.63,0.05065,-1,-1,-1
358,-1,1119.94,374.92,124.14,380.65,0.99911,-1,-1,-1
358,-1,1400.07,402.71,103.51,304.92,0.99780,-1,-1,-1
358,-1,1501.08,398.47,120.59,313.84,0.99614,-1,-1,-1
358,-1,1795.06,408.12,75.51,237.80,0.99033,-1,-1,-1
358,-1,1721.88,402.67,105.05,302.62,0.98437,-1,-1,-1
358,-1,1561.67,390.82,95.60,284.79,0.98239,-1,-1,-1
358,-1,1640.23,429.05,93.32,237.56,0.96444,-1,-1,-1
358,-1,1686.71,534.31,85.33,197.50,0.95614,-1,-1,-1
358,-1,1384.59,397.64,73.44,293.52,0.90882,-1,-1,-1
358,-1,129.93,533.90,66.41,205.52,0.88687,-1,-1,-1
358,-1,1763.46,405.21,85.23,249.19,0.76226,-1,-1,-1
358,-1,1697.40,508.18,122.99,217.12,0.68278,-1,-1,-1
358,-1,1263.92,362.05,81.50,115.04,0.56407,-1,-1,-1
358,-1,245.76,516.31,54.76,64.41,0.23061,-1,-1,-1
358,-1,21.01,499.20,92.90,220.20,0.22117,-1,-1,-1
358,-1,1854.64,443.86,29.39,149.55,0.19638,-1,-1,-1
358,-1,1674.37,416.23,104.21,239.44,0.19069,-1,-1,-1
358,-1,1605.52,424.43,54.53,236.48,0.17843,-1,-1,-1
358,-1,1388.57,397.63,63.16,160.05,0.14764,-1,-1,-1
358,-1,1568.59,391.75,71.46,124.95,0.11103,-1,-1,-1
358,-1,65.09,527.86,50.36,227.19,0.09667,-1,-1,-1
358,-1,1379.17,402.48,48.83,251.86,0.07205,-1,-1,-1
358,-1,701.91,382.28,107.08,324.72,0.06738,-1,-1,-1
358,-1,245.25,521.90,50.88,149.11,0.06628,-1,-1,-1
358,-1,1899.41,518.57,20.59,38.60,0.05696,-1,-1,-1
358,-1,1460.69,435.27,43.28,265.23,0.05590,-1,-1,-1
358,-1,575.96,398.63,42.48,116.76,0.05512,-1,-1,-1
358,-1,1885.82,446.94,33.55,120.64,0.05374,-1,-1,-1
359,-1,1118.79,375.17,124.67,381.27,0.99917,-1,-1,-1
359,-1,1401.88,404.74,107.35,301.80,0.99732,-1,-1,-1
359,-1,1500.57,400.95,124.95,309.09,0.99577,-1,-1,-1
359,-1,1797.31,411.31,75.03,232.61,0.98727,-1,-1,-1
359,-1,1565.22,391.69,95.04,281.43,0.98496,-1,-1,-1
359,-1,1729.13,404.77,98.92,307.67,0.97480,-1,-1,-1
359,-1,1688.65,535.09,83.05,196.45,0.95796,-1,-1,-1
359,-1,126.93,532.86,70.85,207.93,0.94958,-1,-1,-1
359,-1,1642.05,433.48,93.64,222.88,0.94483,-1,-1,-1
359,-1,1382.87,397.23,70.50,289.43,0.83953,-1,-1,-1
359,-1,1773.19,413.85,59.46,239.35,0.74053,-1,-1,-1
359,-1,1266.05,360.58,79.80,116.31,0.54933,-1,-1,-1
359,-1,1702.62,505.73,116.14,219.51,0.38270,-1,-1,-1
359,-1,20.62,500.49,92.42,208.34,0.32321,-1,-1,-1
359,-1,1681.41,419.68,106.02,297.08,0.29419,-1,-1,-1
359,-1,246.11,515.82,52.67,64.64,0.25162,-1,-1,-1
359,-1,1857.18,441.98,28.18,148.86,0.18283,-1,-1,-1
359,-1,63.67,525.06,51.85,230.48,0.14753,-1,-1,-1
359,-1,1569.79,389.15,77.82,160.57,0.11668,-1,-1,-1
359,-1,1836.34,434.15,43.93,186.80,0.10664,-1,-1,-1
359,-1,1610.38,439.58,54.96,226.69,0.09650,-1,-1,-1
359,-1,244.79,522.20,51.06,149.26,0.07638,-1,-1,-1
359,-1,1725.36,401.39,65.26,192.23,0.07032,-1,-1,-1
359,-1,575.43,396.93,43.65,111.66,0.06945,-1,-1,-1
359,-1,54.20,504.91,115.02,250.93,0.06582,-1,-1,-1
359,-1,1885.52,446.38,33.90,121.64,0.05281,-1,-1,-1
360,-1,1117.87,377.34,128.34,382.08,0.99836,-1,-1,-1
360,-1,1409.41,407.25,113.64,298.69,0.99643,-1,-1,-1
360,-1,1504.45,399.44,125.89,310.85,0.99494,-1,-1,-1
360,-1,1807.79,410.05,65.04,238.29,0.99102,-1,-1,-1
360,-1,1729.17,397.70,101.80,303.42,0.98309,-1,-1,-1
360,-1,1572.53,391.73,95.81,278.54,0.98285,-1,-1,-1
360,-1,126.06,528.22,73.59,214.39,0.97681,-1,-1,-1
360,-1,1648.94,421.65,97.86,240.96,0.94924,-1,-1,-1
360,-1,3.12,824.10,130.81,155.58,0.94308,-1,-1,-1
360,-1,1699.17,533.51,76.39,199.90,0.94187,-1,-1,-1
360,-1,1385.53,402.20,75.71,277.31,0.84593,-1,-1,-1
360,-1,1.41,572.16,114.93,390.45,0.72641,-1,-1,-1
360,-1,1780.15,411.04,64.35,243.69,0.64423,-1,-1,-1
360,-1,47.53,530.45,64.96,228.40,0.61187,-1,-1,-1
360,-1,1270.37,361.69,73.84,115.24,0.53291,-1,-1,-1
360,-1,24.29,499.16,87.58,191.90,0.39925,-1,-1,-1
360,-1,246.01,517.37,47.23,62.00,0.30865,-1,-1,-1
360,-1,1612.03,433.89,56.37,229.08,0.20418,-1,-1,-1
360,-1,1571.99,395.69,70.47,161.46,0.18276,-1,-1,-1
360,-1,245.08,524.10,44.47,149.82,0.16941,-1,-1,-1
360,-1,1468.24,426.38,53.92,252.07,0.14830,-1,-1,-1
360,-1,71.50,574.33,45.20,175.02,0.12425,-1,-1,-1
360,-1,1630.39,430.21,59.77,236.48,0.09546,-1,-1,-1
360,-1,65.16,525.28,110.29,226.64,0.08785,-1,-1,-1
360,-1,700.82,400.90,89.17,353.91,0.08458,-1,-1,-1
360,-1,1377.36,434.49,52.46,202.04,0.05145,-1,-1,-1
360,-1,1756.10,404.48,60.39,206.12,0.05054,-1,-1,-1
360,-1,575.36,398.01,42.94,119.11,0.05006,-1,-1,-1
361,-1,1116.97,376.94,130.13,382.92,0.99826,-1,-1,-1
361,-1,1409.10,407.71,121.83,299.75,0.99681,-1,-1,-1
361,-1,1508.68,400.09,123.89,304.85,0.99291,-1,-1,-1
361,-1,1809.15,410.40,64.70,235.20,0.99061,-1,-1,-1
361,-1,123.94,520.54,78.98,222.24,0.98927,-1,-1,-1
361,-1,1576.72,388.23,90.09,279.61,0.98883,-1,-1,-1
361,-1,1728.25,400.91,108.67,311.65,0.98598,-1,-1,-1
361,-1,1651.06,420.96,95.77,241.81,0.97078,-1,-1,-1
361,-1,1701.58,526.96,87.21,207.81,0.90432,-1,-1,-1
361,-1,0.94,578.40,133.01,391.82,0.84783,-1,-1,-1
361,-1,1380.87,408.21,68.40,241.22,0.82298,-1,-1,-1
361,-1,1397.95,400.50,82.88,286.58,0.82067,-1,-1,-1
361,-1,1762.94,409.53,97.08,250.88,0.77161,-1,-1,-1
361,-1,32.09,520.78,83.95,228.57,0.65085,-1,-1,-1
361,-1,53.18,580.40,56.84,166.50,0.57040,-1,-1,-1
361,-1,1270.22,361.65,73.98,115.83,0.53105,-1,-1,-1
361,-1,1468.20,411.33,123.38,284.35,0.51008,-1,-1,-1
361,-1,1613.69,410.85,100.54,235.41,0.31186,-1,-1,-1
361,-1,245.72,524.38,39.84,55.18,0.27682,-1,-1,-1
361,-1,1462.22,431.17,71.48,260.35,0.22675,-1,-1,-1
361,-1,20.90,604.16,50.62,161.72,0.14317,-1,-1,-1
361,-1,970.12,451.52,89.14,263.04,0.12911,-1,-1,-1
361,-1,1745.14,396.49,70.34,239.49,0.12703,-1,-1,-1
361,-1,76.31,529.28,108.47,222.82,0.09615,-1,-1,-1
361,-1,1568.12,396.18,69.55,170.08,0.09040,-1,-1,-1
361,-1,1866.97,451.72,21.28,125.54,0.08856,-1,-1,-1
361,-1,76.47,566.03,40.90,184.86,0.06796,-1,-1,-1
361,-1,1068.81,442.09,75.76,168.42,0.06473,-1,-1,-1
361,-1,1762.39,407.26,65.70,172.08,0.05937,-1,-1,-1
361,-1,1627.90,435.37,54.84,215.69,0.05379,-1,-1,-1
361,-1,970.61,530.98,49.79,175.23,0.05324,-1,-1,-1
362,-1,1114.94,374.20,133.24,391.45,0.99848,-1,-1,-1
362,-1,1414.87,407.36,115.24,301.70,0.99601,-1,-1,-1
362,-1,2.31,544.55,173.06,423.40,0.99087,-1,-1,-1
362,-1,1519.25,400.76,126.49,300.65,0.99048,-1,-1,-1
362,-1,1810.39,411.89,66.62,233.21,0.98684,-1,-1,-1
362,-1,1654.30,421.15,91.51,243.84,0.98669,-1,-1,-1
362,-1,1731.28,391.19,109.75,311.54,0.98612,-1,-1,-1
362,-1,1579.59,392.38,93.08,276.87,0.98426,-1,-1,-1
362,-1,123.09,524.59,72.16,217.37,0.95284,-1,-1,-1
362,-1,1711.72,521.54,111.72,207.13,0.92014,-1,-1,-1
362,-1,1394.97,398.65,79.56,270.05,0.73058,-1,-1,-1
362,-1,1376.98,419.58,69.56,218.64,0.53129,-1,-1,-1
362,-1,1269.12,362.11,75.83,115.14,0.51608,-1,-1,-1
362,-1,19.16,508.05,115.31,274.59,0.33379,-1,-1,-1
362,-1,982.10,503.59,53.65,210.53,0.29997,-1,-1,-1
362,-1,245.84,517.68,48.84,61.30,0.26454,-1,-1,-1
362,-1,1682.14,444.86,121.67,262.59,0.25965,-1,-1,-1
362,-1,1477.33,427.03,54.79,261.48,0.19888,-1,-1,-1
362,-1,1625.00,426.97,52.49,241.44,0.16630,-1,-1,-1
362,-1,0.52,579.81,37.49,133.94,0.15492,-1,-1,-1
362,-1,52.63,501.15,62.71,250.65,0.14647,-1,-1,-1
362,-1,984.96,445.25,85.52,272.92,0.11406,-1,-1,-1
362,-1,1568.63,395.64,76.27,181.47,0.09486,-1,-1,-1
362,-1,5.80,492.71,104.16,198.75,0.08108,-1,-1,-1
362,-1,575.09,397.18,43.76,113.68,0.08057,-1,-1,-1
362,-1,245.03,522.34,51.22,147.04,0.07309,-1,-1,-1
362,-1,1882.45,444.13,35.05,129.62,0.06345,-1,-1,-1
362,-1,704.05,372.24,88.66,346.37,0.05471,-1,-1,-1
363,-1,1115.53,377.39,133.92,388.99,0.99841,-1,-1,-1
363,-1,1421.60,407.14,105.75,301.82,0.99446,-1,-1,-1
363,-1,1522.61,404.54,128.94,299.26,0.99182,-1,-1,-1
363,-1,1657.64,422.59,87.40,244.80,0.98945,-1,-1,-1
363,-1,1732.61,390.48,117.63,317.57,0.98881,-1,-1,-1
363,-1,1583.95,395.39,92.50,261.44,0.98873,-1,-1,-1
363,-1,1813.03,418.74,68.06,226.34,0.98081,-1,-1,-1
363,-1,127.15,532.62,67.78,207.97,0.96568,-1,-1,-1
363,-1,1.16,240.30,51.27,480.12,0.93687,-1,-1,-1
363,-1,0.00,335.33,181.70,632.82,0.93634,-1,-1,-1
363,-1,1723.47,520.59,80.18,212.01,0.92108,-1,-1,-1
363,-1,1396.23,398.20,74.27,249.98,0.71021,-1,-1,-1
363,-1,1266.17,361.93,78.53,114.38,0.59211,-1,-1,-1
363,-1,990.40,475.77,52.28,239.21,0.54991,-1,-1,-1
363,-1,41.68,497.95,73.68,197.85,0.51290,-1,-1,-1
363,-1,0.00,258.79,119.96,473.72,0.45836,-1,-1,-1
363,-1,246.67,518.67,58.21,61.35,0.31146,-1,-1,-1
363,-1,1479.91,431.96,52.77,257.52,0.23809,-1,-1,-1
363,-1,1416.91,400.06,58.43,167.30,0.21469,-1,-1,-1
363,-1,14.93,489.94,114.02,285.23,0.19386,-1,-1,-1
363,-1,1682.50,427.61,103.33,267.69,0.17846,-1,-1,-1
363,-1,1056.48,455.92,82.37,235.86,0.11636,-1,-1,-1
363,-1,25.51,519.65,134.27,424.24,0.11085,-1,-1,-1
363,-1,1888.74,447.16,30.41,122.92,0.10390,-1,-1,-1
363,-1,1378.04,427.49,69.52,211.47,0.08905,-1,-1,-1
363,-1,1823.48,412.50,22.49,42.62,0.07383,-1,-1,-1
363,-1,1099.69,456.02,26.45,50.13,0.07294,-1,-1,-1
363,-1,244.99,523.07,51.24,145.80,0.05973,-1,-1,-1
363,-1,4.91,460.00,64.80,237.47,0.05470,-1,-1,-1
363,-1,0.00,396.64,96.31,438.80,0.05235,-1,-1,-1
363,-1,574.88,398.19,43.80,111.28,0.05232,-1,-1,-1
364,-1,1112.56,375.97,136.05,391.91,0.99859,-1,-1,-1
364,-1,1424.43,403.22,104.29,298.29,0.99511,-1,-1,-1
364,-1,1526.55,403.94,123.76,301.81,0.99323,-1,-1,-1
364,-1,2.97,243.16,73.08,470.85,0.99014,-1,-1,-1
364,-1,1587.11,395.96,91.54,260.45,0.98700,-1,-1,-1
364,-1,1660.17,417.86,89.49,249.80,0.98406,-1,-1,-1
364,-1,1737.59,388.87,115.08,319.79,0.98336,-1,-1,-1
364,-1,1817.23,412.09,69.52,228.36,0.97147,-1,-1,-1
364,-1,123.65,520.45,75.00,220.26,0.96859,-1,-1,-1
364,-1,1727.23,518.75,71.92,213.64,0.93264,-1,-1,-1
364,-1,0.00,283.32,166.77,688.64,0.88097,-1,-1,-1
364,-1,46.86,474.14,67.19,222.60,0.67647,-1,-1,-1
364,-1,4.66,630.41,164.57,341.39,0.65561,-1,-1,-1
364,-1,1415.96,401.64,56.15,255.97,0.64256,-1,-1,-1
364,-1,1269.39,362.28,75.86,114.54,0.63993,-1,-1,-1
364,-1,1790.16,404.08,78.56,290.66,0.42610,-1,-1,-1
364,-1,245.85,526.36,39.27,53.13,0.21434,-1,-1,-1
364,-1,21.06,377.52,90.44,329.87,0.19181,-1,-1,-1
364,-1,1889.09,447.52,29.92,117.30,0.17176,-1,-1,-1
364,-1,1493.90,433.32,38.43,255.83,0.13193,-1,-1,-1
364,-1,1377.14,421.40,76.90,217.09,0.11284,-1,-1,-1
364,-1,1633.73,434.75,45.98,226.37,0.10445,-1,-1,-1
364,-1,17.21,275.98,47.30,338.85,0.08765,-1,-1,-1
364,-1,1702.40,448.58,88.98,269.01,0.08731,-1,-1,-1
364,-1,1825.78,410.71,18.37,45.76,0.07638,-1,-1,-1
364,-1,990.67,489.43,47.69,232.09,0.06337,-1,-1,-1
364,-1,7.46,241.44,75.29,185.82,0.06223,-1,-1,-1
364,-1,710.06,382.92,82.73,330.15,0.05717,-1,-1,-1
364,-1,1056.04,456.07,81.77,234.10,0.05589,-1,-1,-1
364,-1,1521.81,418.79,64.19,217.95,0.05122,-1,-1,-1
365,-1,1112.01,376.11,136.48,391.94,0.99905,-1,-1,-1
365,-1,1428.45,401.88,109.38,300.13,0.99689,-1,-1,-1
365,-1,1530.62,400.30,123.59,308.44,0.99457,-1,-1,-1
365,-1,0.00,230.84,118.24,490.61,0.99350,-1,-1,-1
365,-1,1664.33,418.35,92.10,250.33,0.99153,-1,-1,-1
365,-1,1592.98,399.72,83.86,265.01,0.98537,-1,-1,-1
365,-1,1788.85,406.69,95.76,307.61,0.98040,-1,-1,-1
365,-1,1726.95,514.29,85.89,220.14,0.96706,-1,-1,-1
365,-1,1423.22,400.39,52.46,219.37,0.84694,-1,-1,-1
365,-1,1753.15,391.02,92.89,310.78,0.83190,-1,-1,-1
365,-1,3.97,334.43,175.99,624.63,0.81606,-1,-1,-1
365,-1,127.01,523.72,63.70,215.86,0.64594,-1,-1,-1
365,-1,1887.02,446.43,29.03,102.51,0.55788,-1,-1,-1
365,-1,1830.33,414.67,64.18,211.34,0.53411,-1,-1,-1
365,-1,1271.78,360.95,73.29,115.03,0.51393,-1,-1,-1
365,-1,1633.72,435.47,44.53,223.57,0.22150,-1,-1,-1
365,-1,1425.58,395.00,55.80,128.52,0.20032,-1,-1,-1
365,-1,1481.10,414.64,57.78,249.08,0.19839,-1,-1,-1
365,-1,1696.08,414.60,108.95,283.74,0.15724,-1,-1,-1
365,-1,1057.34,447.77,84.06,248.99,0.13098,-1,-1,-1
365,-1,1591.64,392.58,78.83,143.69,0.12454,-1,-1,-1
365,-1,247.16,517.05,47.57,57.52,0.12160,-1,-1,-1
365,-1,5.04,649.35,178.64,308.93,0.10508,-1,-1,-1
365,-1,734.48,479.89,61.05,222.73,0.09586,-1,-1,-1
365,-1,575.64,395.68,43.61,112.36,0.09120,-1,-1,-1
365,-1,712.99,409.80,69.81,328.84,0.09092,-1,-1,-1
365,-1,420.66,505.59,13.43,27.34,0.07785,-1,-1,-1
365,-1,1747.32,399.21,71.80,163.99,0.07678,-1,-1,-1
365,-1,1541.09,403.48,51.75,60.41,0.05508,-1,-1,-1
365,-1,1379.37,420.07,80.90,222.52,0.05343,-1,-1,-1
366,-1,1110.75,375.24,137.78,392.79,0.99920,-1,-1,-1
366,-1,1437.21,404.92,106.37,294.65,0.99804,-1,-1,-1
366,-1,1532.52,402.54,126.63,306.47,0.99535,-1,-1,-1
366,-1,3.01,218.44,149.55,753.11,0.99262,-1,-1,-1
366,-1,1595.63,397.31,85.93,259.01,0.98662,-1,-1,-1
366,-1,1671.31,419.51,87.74,247.01,0.98266,-1,-1,-1
366,-1,1787.65,409.21,101.12,309.42,0.97627,-1,-1,-1
366,-1,1728.06,513.61,93.49,220.41,0.96146,-1,-1,-1
366,-1,1758.43,388.21,100.59,314.95,0.91082,-1,-1,-1
366,-1,1426.30,404.45,48.32,219.42,0.82033,-1,-1,-1
366,-1,924.47,514.62,32.52,113.97,0.75573,-1,-1,-1
366,-1,1831.65,409.69,66.98,189.66,0.63091,-1,-1,-1
366,-1,0.00,618.08,166.60,351.70,0.57446,-1,-1,-1
366,-1,1276.24,360.51,67.14,112.22,0.49237,-1,-1,-1
366,-1,1887.96,445.44,26.64,96.01,0.46671,-1,-1,-1
366,-1,1438.04,395.08,47.94,103.64,0.24197,-1,-1,-1
366,-1,245.98,515.98,52.38,63.96,0.22354,-1,-1,-1
366,-1,1707.50,414.70,107.88,277.12,0.14389,-1,-1,-1
366,-1,1598.89,393.81,75.68,141.20,0.12488,-1,-1,-1
366,-1,707.71,405.87,73.49,341.09,0.10461,-1,-1,-1
366,-1,1632.04,442.39,45.97,206.20,0.09383,-1,-1,-1
366,-1,1744.75,404.12,84.26,218.43,0.09382,-1,-1,-1
366,-1,1782.20,404.63,66.49,229.19,0.07322,-1,-1,-1
366,-1,575.92,394.45,43.05,113.20,0.07239,-1,-1,-1
366,-1,1546.80,406.07,52.67,59.00,0.07158,-1,-1,-1
366,-1,1827.57,407.08,64.43,106.92,0.05566,-1,-1,-1
366,-1,1059.73,453.18,83.48,240.94,0.05170,-1,-1,-1
367,-1,0.00,221.28,169.15,739.12,0.99941,-1,-1,-1
367,-1,1103.50,369.49,143.73,400.68,0.99922,-1,-1,-1
367,-1,1442.11,402.30,107.46,296.61,0.99871,-1,-1,-1
367,-1,1541.12,402.45,130.06,304.99,0.99703,-1,-1,-1
367,-1,1766.11,395.88,132.65,326.29,0.99198,-1,-1,-1
367,-1,1672.54,419.95,96.03,248.01,0.98790,-1,-1,-1
367,-1,1730.34,509.41,111.15,223.05,0.98091,-1,-1,-1
367,-1,1598.69,398.83,84.94,253.22,0.98071,-1,-1,-1
367,-1,1428.54,399.53,50.82,202.91,0.89927,-1,-1,-1
367,-1,923.65,520.07,33.27,105.74,0.87426,-1,-1,-1
367,-1,1832.99,410.84,67.92,198.89,0.74218,-1,-1,-1
367,-1,1270.89,361.44,73.33,114.27,0.53079,-1,-1,-1
367,-1,1748.62,397.86,95.46,229.04,0.39392,-1,-1,-1
367,-1,1807.70,440.28,81.44,260.59,0.28417,-1,-1,-1
367,-1,246.13,516.69,48.36,61.38,0.23965,-1,-1,-1
367,-1,817.32,500.13,63.94,147.93,0.16651,-1,-1,-1
367,-1,2.52,599.66,168.98,386.34,0.15591,-1,-1,-1
367,-1,1058.35,437.64,83.94,257.63,0.15526,-1,-1,-1
367,-1,1639.05,439.44,45.01,205.59,0.14238,-1,-1,-1
367,-1,988.12,519.12,54.88,191.77,0.11786,-1,-1,-1
367,-1,1603.75,390.05,71.89,113.84,0.09412,-1,-1,-1
367,-1,1785.65,400.30,67.64,168.65,0.08234,-1,-1,-1
367,-1,967.05,538.44,53.52,159.22,0.08012,-1,-1,-1
367,-1,965.75,456.78,94.94,256.05,0.07561,-1,-1,-1
367,-1,1808.61,398.81,68.75,181.18,0.07178,-1,-1,-1
367,-1,737.43,475.47,66.59,215.37,0.05491,-1,-1,-1
367,-1,707.07,409.05,75.04,342.36,0.05358,-1,-1,-1
368,-1,1101.38,368.29,146.64,404.93,0.99929,-1,-1,-1
368,-1,23.26,227.84,170.20,750.14,0.99904,-1,-1,-1
368,-1,1449.71,403.73,104.31,295.64,0.99856,-1,-1,-1
368,-1,1540.14,404.13,134.92,299.73,0.99803,-1,-1,-1
368,-1,1770.53,397.58,137.29,329.45,0.99568,-1,-1,-1
368,-1,1675.93,420.91,92.03,247.90,0.99033,-1,-1,-1
368,-1,1605.65,396.03,78.98,242.37,0.98353,-1,-1,-1
368,-1,1730.31,519.12,109.59,217.75,0.97807,-1,-1,-1
368,-1,922.34,518.59,36.58,110.61,0.97522,-1,-1,-1
368,-1,1428.71,399.13,61.89,266.14,0.87785,-1,-1,-1
368,-1,1732.46,392.81,128.41,310.37,0.81254,-1,-1,-1
368,-1,1835.05,410.59,67.20,155.90,0.67813,-1,-1,-1
368,-1,1269.41,361.30,75.53,115.25,0.56206,-1,-1,-1
368,-1,962.14,504.26,74.15,209.14,0.44446,-1,-1,-1
368,-1,245.83,515.59,53.33,64.54,0.26398,-1,-1,-1
368,-1,1717.90,436.45,59.07,182.11,0.24887,-1,-1,-1
368,-1,1609.98,389.75,70.55,135.09,0.17980,-1,-1,-1
368,-1,1892.81,444.34,19.27,57.72,0.17653,-1,-1,-1
368,-1,1763.63,392.64,89.57,186.71,0.09616,-1,-1,-1
368,-1,1660.07,420.14,30.54,45.26,0.08574,-1,-1,-1
368,-1,1825.73,431.89,73.63,216.97,0.08261,-1,-1,-1
368,-1,1053.48,449.14,74.25,257.58,0.08165,-1,-1,-1
368,-1,1739.26,419.86,54.50,210.09,0.07733,-1,-1,-1
368,-1,1790.82,394.29,99.58,185.62,0.07092,-1,-1,-1
368,-1,244.57,525.14,47.76,146.78,0.06987,-1,-1,-1
369,-1,1100.94,364.70,147.01,409.10,0.99952,-1,-1,-1
369,-1,32.78,232.46,192.03,746.27,0.99951,-1,-1,-1
369,-1,1451.30,406.90,106.76,291.32,0.99840,-1,-1,-1
369,-1,1541.86,407.54,132.50,297.23,0.99770,-1,-1,-1
369,-1,1772.24,394.92,142.61,334.08,0.99625,-1,-1,-1
369,-1,1676.84,423.22,93.72,240.87,0.99175,-1,-1,-1
369,-1,1607.39,393.99,77.69,241.61,0.98240,-1,-1,-1
369,-1,1432.30,399.70,58.62,254.49,0.95004,-1,-1,-1
369,-1,922.46,519.56,37.20,108.10,0.94595,-1,-1,-1
369,-1,1733.30,521.18,104.53,213.34,0.93805,-1,-1,-1
369,-1,1732.45,402.66,126.86,308.02,0.85478,-1,-1,-1
369,-1,1837.86,413.67,63.10,154.34,0.64965,-1,-1,-1
369,-1,1268.26,361.42,76.28,115.67,0.57038,-1,-1,-1
369,-1,1715.01,434.38,64.28,198.17,0.36462,-1,-1,-1
369,-1,245.40,519.80,47.32,58.77,0.35296,-1,-1,-1
369,-1,967.45,525.42,64.04,183.54,0.28429,-1,-1,-1
369,-1,1612.48,387.46,68.89,136.13,0.23436,-1,-1,-1
369,-1,962.06,468.41,99.49,248.47,0.22081,-1,-1,-1
369,-1,1642.77,438.56,44.35,209.50,0.21113,-1,-1,-1
369,-1,1059.22,453.57,68.08,158.51,0.19341,-1,-1,-1
369,-1,1663.03,419.80,27.72,52.83,0.12912,-1,-1,-1
369,-1,1739.78,464.01,45.92,174.46,0.12604,-1,-1,-1
369,-1,1837.91,413.19,35.10,39.29,0.08524,-1,-1,-1
369,-1,1650.03,416.77,48.18,166.87,0.07397,-1,-1,-1
369,-1,1769.63,394.08,88.40,182.36,0.06056,-1,-1,-1
369,-1,421.17,504.31,13.04,27.96,0.05355,-1,-1,-1
369,-1,1643.74,529.86,27.43,112.14,0.05263,-1,-1,-1
369,-1,46.60,558.73,232.46,398.73,0.05203,-1,-1,-1
370,-1,1093.51,359.14,149.76,418.68,0.99940,-1,-1,-1
370,-1,53.98,233.78,206.56,746.79,0.99935,-1,-1,-1
370,-1,1455.07,406.37,110.14,292.75,0.99813,-1,-1,-1
370,-1,1546.91,407.24,133.99,297.64,0.99694,-1,-1,-1
370,-1,1767.13,393.14,151.38,335.44,0.99455,-1,-1,-1
370,-1,1681.56,422.50,92.31,241.12,0.99032,-1,-1,-1
370,-1,1613.08,397.08,80.47,229.05,0.97101,-1,-1,-1
370,-1,1429.98,398.06,63.86,264.94,0.94694,-1,-1,-1
370,-1,921.80,518.91,37.30,112.45,0.91998,-1,-1,-1
370,-1,1759.49,520.80,85.14,213.08,0.91310,-1,-1,-1
370,-1,1756.69,384.81,100.92,252.76,0.70453,-1,-1,-1
370,-1,245.48,517.60,49.30,61.37,0.70259,-1,-1,-1
370,-1,1265.22,361.38,78.74,116.59,0.55091,-1,-1,-1
370,-1,1843.63,419.80,59.07,135.01,0.47964,-1,-1,-1
370,-1,969.51,516.78,66.11,193.36,0.45239,-1,-1,-1
370,-1,1719.14,437.42,67.91,207.49,0.28823,-1,-1,-1
370,-1,1842.74,414.99,56.60,78.76,0.27787,-1,-1,-1
370,-1,1617.87,387.43,66.84,140.16,0.21161,-1,-1,-1
370,-1,1808.70,402.50,101.84,209.15,0.21062,-1,-1,-1
370,-1,25.64,604.66,48.82,60.59,0.14562,-1,-1,-1
370,-1,144.51,529.50,183.54,402.91,0.13561,-1,-1,-1
370,-1,1714.05,408.57,111.56,256.46,0.12605,-1,-1,-1
370,-1,1750.77,420.69,63.40,222.48,0.08739,-1,-1,-1
370,-1,1799.19,398.12,73.70,156.36,0.07748,-1,-1,-1
370,-1,1841.36,417.04,38.62,59.96,0.07199,-1,-1,-1
370,-1,965.12,463.00,102.38,252.71,0.06754,-1,-1,-1
371,-1,1085.27,356.88,166.22,424.76,0.99883,-1,-1,-1
371,-1,54.03,242.29,235.38,731.25,0.99855,-1,-1,-1
371,-1,1453.84,406.50,116.96,292.73,0.99835,-1,-1,-1
371,-1,1550.60,403.16,130.22,301.96,0.99620,-1,-1,-1
371,-1,1685.20,424.37,90.61,238.00,0.99139,-1,-1,-1
371,-1,1779.62,392.17,133.35,339.32,0.98383,-1,-1,-1
371,-1,1620.79,395.72,74.21,251.44,0.97501,-1,-1,-1
371,-1,1764.46,496.97,97.11,237.02,0.96433,-1,-1,-1
371,-1,1430.87,407.38,65.75,257.24,0.89776,-1,-1,-1
371,-1,1756.47,387.48,108.15,263.46,0.78500,-1,-1,-1
371,-1,1834.23,421.16,73.72,283.53,0.67635,-1,-1,-1
371,-1,1263.56,360.03,80.82,118.48,0.56701,-1,-1,-1
371,-1,921.28,519.28,34.40,108.76,0.50597,-1,-1,-1
371,-1,247.13,516.19,48.29,57.25,0.35411,-1,-1,-1
371,-1,1723.42,434.38,71.57,188.81,0.30975,-1,-1,-1
371,-1,1756.50,419.99,58.40,193.43,0.26475,-1,-1,-1
371,-1,1838.62,413.15,61.44,166.53,0.25830,-1,-1,-1
371,-1,1415.81,495.12,29.34,102.16,0.15201,-1,-1,-1
371,-1,1419.69,430.97,51.94,172.86,0.12291,-1,-1,-1
371,-1,94.20,272.24,54.13,126.80,0.11067,-1,-1,-1
371,-1,1622.70,389.19,64.12,128.36,0.09812,-1,-1,-1
371,-1,1842.79,411.01,43.81,82.87,0.09370,-1,-1,-1
371,-1,1805.82,399.99,73.92,168.12,0.07447,-1,-1,-1
371,-1,1760.26,521.71,84.83,144.76,0.06587,-1,-1,-1
371,-1,1056.57,451.02,61.76,174.35,0.06457,-1,-1,-1
371,-1,963.81,476.46,96.88,230.92,0.05232,-1,-1,-1
372,-1,1082.73,355.85,164.14,426.54,0.99918,-1,-1,-1
372,-1,1455.31,409.91,122.96,287.37,0.99760,-1,-1,-1
372,-1,50.40,252.20,270.54,718.84,0.99744,-1,-1,-1
372,-1,1566.39,400.44,130.73,302.32,0.99444,-1,-1,-1
372,-1,1686.85,425.50,90.39,238.44,0.99106,-1,-1,-1
372,-1,1627.79,390.89,66.99,256.13,0.96800,-1,-1,-1
372,-1,1779.90,519.94,83.59,217.38,0.96680,-1,-1,-1
372,-1,1780.95,392.72,100.85,330.41,0.95839,-1,-1,-1
372,-1,1830.46,411.57,85.52,313.83,0.94771,-1,-1,-1
372,-1,1430.10,411.04,69.90,241.94,0.89104,-1,-1,-1
372,-1,141.66,305.38,275.18,615.62,0.81865,-1,-1,-1
372,-1,917.59,518.18,34.98,109.50,0.68424,-1,-1,-1
372,-1,1267.28,361.27,76.57,116.66,0.56504,-1,-1,-1
372,-1,1724.23,438.37,74.73,196.62,0.43919,-1,-1,-1
372,-1,42.68,523.82,70.38,225.80,0.36692,-1,-1,-1
372,-1,1756.73,443.48,50.74,194.39,0.33438,-1,-1,-1
372,-1,121.67,284.10,54.21,125.12,0.26994,-1,-1,-1
372,-1,1763.19,414.89,81.51,213.25,0.21316,-1,-1,-1
372,-1,262.34,515.50,33.93,52.77,0.15382,-1,-1,-1
372,-1,1837.05,404.00,64.32,192.08,0.13071,-1,-1,-1
372,-1,1051.07,457.86,64.93,238.87,0.08150,-1,-1,-1
372,-1,223.06,538.32,217.02,361.20,0.07893,-1,-1,-1
372,-1,1846.83,409.07,25.41,42.85,0.07185,-1,-1,-1
372,-1,1414.57,494.25,36.53,103.49,0.06955,-1,-1,-1
372,-1,1397.17,426.88,81.65,206.46,0.06766,-1,-1,-1
372,-1,1629.09,390.26,59.64,133.19,0.06425,-1,-1,-1
372,-1,25.17,301.10,166.91,629.25,0.06408,-1,-1,-1
372,-1,1795.43,392.04,84.02,190.57,0.06373,-1,-1,-1
372,-1,1511.20,429.10,67.92,215.29,0.05765,-1,-1,-1
373,-1,1085.24,360.89,146.14,421.54,0.99938,-1,-1,-1
373,-1,47.70,256.02,300.68,711.60,0.99853,-1,-1,-1
373,-1,1457.65,411.39,125.17,285.13,0.99808,-1,-1,-1
373,-1,1572.27,399.21,128.51,303.63,0.99481,-1,-1,-1
373,-1,1690.63,428.33,89.55,232.93,0.98874,-1,-1,-1
373,-1,1439.20,411.23,78.08,262.60,0.95750,-1,-1,-1
373,-1,1826.48,410.17,90.13,309.39,0.95748,-1,-1,-1
373,-1,1788.35,517.02,80.78,219.32,0.95130,-1,-1,-1
373,-1,1634.13,394.87,65.28,244.12,0.94766,-1,-1,-1
373,-1,1785.70,391.23,104.95,328.55,0.94079,-1,-1,-1
373,-1,919.15,518.07,31.84,113.10,0.77050,-1,-1,-1
373,-1,1758.20,445.58,52.96,195.84,0.65637,-1,-1,-1
373,-1,1265.34,360.25,77.81,117.69,0.51079,-1,-1,-1
373,-1,1637.58,387.21,57.53,140.86,0.49793,-1,-1,-1
373,-1,1725.43,433.36,77.98,213.65,0.46888,-1,-1,-1
373,-1,200.75,339.82,245.38,569.91,0.43965,-1,-1,-1
373,-1,1768.64,395.90,81.63,250.08,0.37253,-1,-1,-1
373,-1,43.91,527.69,67.85,226.91,0.27212,-1,-1,-1
373,-1,250.16,534.04,208.57,361.31,0.15878,-1,-1,-1
373,-1,1444.85,403.22,61.53,169.62,0.15232,-1,-1,-1
373,-1,4.77,596.04,52.60,188.12,0.09845,-1,-1,-1
373,-1,1399.06,427.54,83.60,202.86,0.06961,-1,-1,-1
374,-1,1080.37,360.31,149.35,415.62,0.99920,-1,-1,-1
374,-1,51.85,263.96,313.72,704.68,0.99845,-1,-1,-1
374,-1,1460.38,411.83,125.57,284.08,0.99799,-1,-1,-1
374,-1,1577.17,399.57,128.08,302.88,0.99467,-1,-1,-1
374,-1,1692.84,428.89,89.25,234.50,0.99191,-1,-1,-1
374,-1,1637.55,392.51,62.47,227.87,0.94567,-1,-1,-1
374,-1,1440.73,410.31,74.71,262.70,0.92601,-1,-1,-1
374,-1,1827.69,401.38,88.50,314.54,0.92260,-1,-1,-1
374,-1,1794.99,517.82,87.50,221.77,0.91786,-1,-1,-1
374,-1,1779.85,390.95,106.44,253.80,0.90284,-1,-1,-1
374,-1,1760.98,444.60,55.07,198.03,0.82772,-1,-1,-1
374,-1,1260.63,360.86,81.73,117.59,0.59910,-1,-1,-1
374,-1,917.93,517.82,32.83,115.26,0.51810,-1,-1,-1
374,-1,186.73,318.98,265.74,594.82,0.45381,-1,-1,-1
374,-1,46.02,530.72,66.28,226.48,0.38552,-1,-1,-1
374,-1,1426.70,423.92,68.61,190.04,0.21691,-1,-1,-1
374,-1,1791.49,418.10,83.52,152.56,0.14700,-1,-1,-1
374,-1,1815.49,392.40,86.46,184.64,0.13338,-1,-1,-1
374,-1,1836.81,403.21,71.97,106.04,0.11356,-1,-1,-1
374,-1,1762.94,450.79,56.46,81.83,0.07396,-1,-1,-1
374,-1,253.82,513.33,218.55,387.26,0.07103,-1,-1,-1
374,-1,1849.10,426.06,69.93,197.89,0.06985,-1,-1,-1
374,-1,1377.93,464.96,75.10,161.24,0.05509,-1,-1,-1
374,-1,1662.82,442.23,58.22,224.03,0.05423,-1,-1,-1
375,-1,1082.88,362.13,142.46,422.85,0.99942,-1,-1,-1
375,-1,75.84,264.98,318.76,700.22,0.99892,-1,-1,-1
375,-1,1464.92,412.52,124.12,281.48,0.99810,-1,-1,-1
375,-1,1584.28,398.78,118.81,303.36,0.99530,-1,-1,-1
375,-1,1696.16,430.32,83.51,232.03,0.98385,-1,-1,-1
375,-1,1436.20,409.19,78.35,261.01,0.97450,-1,-1,-1
375,-1,1762.90,446.93,60.74,193.16,0.96104,-1,-1,-1
375,-1,1801.88,518.98,101.32,218.53,0.95249,-1,-1,-1
375,-1,1805.95,391.35,103.48,250.95,0.91517,-1,-1,-1
375,-1,1644.69,402.36,72.97,261.56,0.89121,-1,-1,-1
375,-1,1646.31,395.21,53.97,124.40,0.80702,-1,-1,-1
375,-1,1856.97,422.74,59.93,221.70,0.75964,-1,-1,-1
375,-1,121.38,526.03,73.70,215.97,0.74553,-1,-1,-1
375,-1,40.41,500.93,75.22,250.23,0.60492,-1,-1,-1
375,-1,1261.12,360.63,81.42,117.51,0.55011,-1,-1,-1
375,-1,1720.05,438.44,88.71,206.77,0.46023,-1,-1,-1
375,-1,921.65,521.93,26.95,52.15,0.45550,-1,-1,-1
375,-1,1804.47,406.37,84.93,156.58,0.24573,-1,-1,-1
375,-1,1765.01,452.60,57.89,98.61,0.12349,-1,-1,-1
375,-1,1395.83,426.53,98.97,208.13,0.06695,-1,-1,-1
375,-1,1666.12,480.34,60.72,174.65,0.06615,-1,-1,-1
375,-1,1790.97,435.49,47.52,190.77,0.06179,-1,-1,-1
375,-1,575.73,396.78,42.99,110.51,0.05752,-1,-1,-1
375,-1,303.55,472.20,171.14,428.19,0.05226,-1,-1,-1
376,-1,1072.75,360.38,152.79,421.02,0.99962,-1,-1,-1
376,-1,97.08,271.92,321.53,684.49,0.99925,-1,-1,-1
376,-1,1470.65,413.56,120.99,283.51,0.99741,-1,-1,-1
376,-1,1590.31,398.64,118.01,295.29,0.99502,-1,-1,-1
376,-1,1808.96,523.99,107.85,213.94,0.98491,-1,-1,-1
376,-1,1701.19,430.10,72.37,231.60,0.97475,-1,-1,-1
376,-1,1766.49,448.66,60.39,190.61,0.97277,-1,-1,-1
376,-1,1434.97,408.46,81.35,260.73,0.96333,-1,-1,-1
376,-1,1646.30,399.90,74.15,267.75,0.91946,-1,-1,-1
376,-1,1816.67,390.07,98.96,226.75,0.90659,-1,-1,-1
376,-1,122.03,527.52,67.84,212.59,0.89089,-1,-1,-1
376,-1,1861.84,427.75,57.32,201.23,0.74134,-1,-1,-1
376,-1,1650.27,396.27,53.79,128.42,0.72163,-1,-1,-1
376,-1,915.85,517.46,32.76,111.15,0.71412,-1,-1,-1
376,-1,41.04,516.89,74.49,234.07,0.64796,-1,-1,-1
376,-1,1263.09,360.56,80.57,117.55,0.58787,-1,-1,-1
376,-1,920.34,519.22,27.64,58.06,0.40859,-1,-1,-1
376,-1,1669.00,461.44,60.52,195.02,0.15268,-1,-1,-1
376,-1,1824.14,479.13,89.08,186.91,0.12293,-1,-1,-1
376,-1,1904.74,445.93,15.26,53.91,0.11942,-1,-1,-1
376,-1,1422.20,428.12,73.84,189.52,0.09068,-1,-1,-1
376,-1,575.69,394.83,43.12,112.46,0.09046,-1,-1,-1
376,-1,210.18,365.17,259.56,543.89,0.08325,-1,-1,-1
376,-1,1791.35,419.32,77.76,212.04,0.06968,-1,-1,-1
376,-1,340.64,536.15,133.09,358.90,0.06269,-1,-1,-1
376,-1,120.01,459.70,104.38,272.25,0.05866,-1,-1,-1
376,-1,35.52,402.42,192.54,401.34,0.05418,-1,-1,-1
377,-1,1066.63,362.97,154.98,421.65,0.99964,-1,-1,-1
377,-1,146.92,277.88,302.62,661.99,0.99860,-1,-1,-1
377,-1,1479.22,416.08,118.19,272.81,0.99646,-1,-1,-1
377,-1,1592.81,396.37,118.54,299.82,0.99561,-1,-1,-1
377,-1,1706.63,429.75,69.98,230.63,0.98353,-1,-1,-1
377,-1,1769.34,449.19,61.25,189.64,0.98289,-1,-1,-1
377,-1,1441.45,402.43,76.02,254.70,0.98287,-1,-1,-1
377,-1,1813.39,523.54,106.12,216.59,0.97997,-1,-1,-1
377,-1,911.77,517.49,35.93,113.31,0.97699,-1,-1,-1
377,-1,1642.76,398.42,80.62,274.79,0.95774,-1,-1,-1
377,-1,1822.46,386.96,93.85,231.41,0.93198,-1,-1,-1
377,-1,120.32,503.89,76.85,240.66,0.87299,-1,-1,-1
377,-1,1863.94,419.46,56.06,196.25,0.86208,-1,-1,-1
377,-1,1654.73,398.62,57.43,143.84,0.76037,-1,-1,-1
377,-1,45.02,517.89,68.99,236.34,0.69879,-1,-1,-1
377,-1,1258.56,360.72,85.51,119.68,0.53102,-1,-1,-1
377,-1,1663.54,413.53,100.84,239.87,0.24970,-1,-1,-1
377,-1,8.70,542.45,87.34,221.18,0.20712,-1,-1,-1
377,-1,1834.34,521.78,84.13,118.44,0.15796,-1,-1,-1
377,-1,1477.45,413.89,58.28,256.36,0.10724,-1,-1,-1
377,-1,1724.02,436.53,90.50,224.46,0.07227,-1,-1,-1
377,-1,575.78,394.48,42.89,113.02,0.06224,-1,-1,-1
377,-1,1704.95,438.57,38.78,103.75,0.05986,-1,-1,-1
377,-1,982.72,485.78,74.16,239.37,0.05547,-1,-1,-1
377,-1,240.27,397.30,36.23,176.77,0.05472,-1,-1,-1
378,-1,1055.35,359.35,166.35,429.69,0.99966,-1,-1,-1
378,-1,178.65,271.07,281.74,657.07,0.99924,-1,-1,-1
378,-1,1484.17,415.69,112.04,269.57,0.99752,-1,-1,-1
378,-1,1594.78,396.76,119.33,302.31,0.99562,-1,-1,-1
378,-1,1437.02,403.65,82.08,252.79,0.98538,-1,-1,-1
378,-1,1771.66,450.09,57.59,187.81,0.98283,-1,-1,-1
378,-1,1707.82,426.65,70.66,228.54,0.97974,-1,-1,-1
378,-1,1818.68,524.78,98.98,215.39,0.96510,-1,-1,-1
378,-1,1821.43,385.82,87.72,236.73,0.94317,-1,-1,-1
378,-1,1656.24,400.37,63.57,235.33,0.87670,-1,-1,-1
378,-1,120.74,521.54,69.56,223.07,0.84446,-1,-1,-1
378,-1,1663.66,408.18,90.53,260.97,0.81258,-1,-1,-1
378,-1,1867.52,408.05,52.48,197.49,0.81105,-1,-1,-1
378,-1,910.74,516.21,34.50,113.48,0.80481,-1,-1,-1
378,-1,1657.39,396.37,56.47,120.90,0.76267,-1,-1,-1
378,-1,45.81,518.57,68.32,236.16,0.72704,-1,-1,-1
378,-1,1258.44,359.86,86.20,120.07,0.52210,-1,-1,-1
378,-1,4.91,448.76,92.43,329.14,0.41721,-1,-1,-1
378,-1,914.30,517.09,27.42,64.56,0.31588,-1,-1,-1
378,-1,1.80,415.85,53.75,89.81,0.25522,-1,-1,-1
378,-1,245.45,517.69,45.35,62.92,0.14138,-1,-1,-1
378,-1,1889.96,437.81,30.04,185.45,0.14018,-1,-1,-1
378,-1,1843.54,455.34,75.92,184.35,0.13458,-1,-1,-1
378,-1,1868.11,428.34,51.82,95.41,0.13319,-1,-1,-1
378,-1,1737.53,441.86,56.05,183.42,0.09890,-1,-1,-1
378,-1,1.54,416.48,52.13,203.82,0.09428,-1,-1,-1
378,-1,94.68,449.12,108.03,299.82,0.08867,-1,-1,-1
378,-1,927.55,536.69,18.29,86.12,0.08282,-1,-1,-1
378,-1,576.25,394.71,42.55,112.57,0.06559,-1,-1,-1
378,-1,704.88,396.79,69.09,362.55,0.06296,-1,-1,-1
378,-1,1427.39,441.09,67.17,184.36,0.05112,-1,-1,-1
378,-1,1657.64,394.52,45.08,72.33,0.05052,-1,-1,-1
379,-1,1051.79,355.33,168.31,433.98,0.99970,-1,-1,-1
379,-1,226.86,275.97,242.35,635.21,0.99895,-1,-1,-1
379,-1,1486.94,413.74,106.41,270.25,0.99734,-1,-1,-1
379,-1,1597.81,398.91,120.29,300.86,0.99559,-1,-1,-1
379,-1,1772.21,447.93,55.99,190.30,0.98797,-1,-1,-1
379,-1,1430.84,402.30,90.05,260.30,0.98640,-1,-1,-1
379,-1,1710.39,430.28,73.66,223.78,0.98585,-1,-1,-1
379,-1,1822.85,386.73,89.70,262.30,0.96236,-1,-1,-1
379,-1,1829.01,521.32,90.21,217.08,0.95472,-1,-1,-1
379,-1,1660.51,398.24,66.56,253.55,0.95027,-1,-1,-1
379,-1,124.49,524.54,66.99,216.03,0.86140,-1,-1,-1
379,-1,912.51,517.86,32.75,114.14,0.75607,-1,-1,-1
379,-1,1662.05,396.03,60.14,131.59,0.72833,-1,-1,-1
379,-1,1869.87,406.21,50.13,151.58,0.57418,-1,-1,-1
379,-1,1256.13,360.15,87.97,119.93,0.50879,-1,-1,-1
379,-1,1680.42,472.21,56.67,195.07,0.28034,-1,-1,-1
379,-1,1880.38,476.97,39.62,183.54,0.27407,-1,-1,-1
379,-1,2.64,413.35,71.06,93.75,0.25747,-1,-1,-1
379,-1,2.66,427.99,91.86,330.84,0.22802,-1,-1,-1
379,-1,33.33,523.94,78.29,227.94,0.20460,-1,-1,-1
379,-1,289.88,297.03,163.38,468.68,0.13208,-1,-1,-1
379,-1,926.62,538.50,18.67,84.84,0.12248,-1,-1,-1
379,-1,98.24,447.04,104.38,304.69,0.08503,-1,-1,-1
379,-1,914.63,517.28,25.85,70.34,0.07737,-1,-1,-1
379,-1,1890.38,423.11,29.62,172.72,0.06803,-1,-1,-1
379,-1,975.95,523.35,35.56,82.19,0.06433,-1,-1,-1
380,-1,1041.01,349.65,170.91,442.04,0.99964,-1,-1,-1
380,-1,296.72,261.12,183.01,665.04,0.99926,-1,-1,-1
380,-1,1605.87,403.17,115.79,297.04,0.99553,-1,-1,-1
380,-1,1494.86,409.99,91.91,270.59,0.99454,-1,-1,-1
380,-1,1776.01,450.25,54.70,189.09,0.98476,-1,-1,-1
380,-1,1827.66,383.42,84.94,281.14,0.97833,-1,-1,-1
380,-1,1446.99,402.81,84.38,274.08,0.96977,-1,-1,-1
380,-1,1723.90,430.84,61.36,222.09,0.96866,-1,-1,-1
380,-1,1665.82,402.77,76.27,267.34,0.95875,-1,-1,-1
380,-1,124.71,523.03,67.08,217.32,0.87011,-1,-1,-1
380,-1,1868.63,527.18,48.77,211.75,0.83986,-1,-1,-1
380,-1,1666.81,395.46,63.28,103.41,0.51346,-1,-1,-1
380,-1,1874.11,384.59,43.67,180.99,0.47259,-1,-1,-1
380,-1,1254.78,358.98,89.09,122.21,0.45971,-1,-1,-1
380,-1,44.74,563.82,64.38,191.77,0.43006,-1,-1,-1
380,-1,1711.04,421.17,51.54,238.62,0.35765,-1,-1,-1
380,-1,915.60,530.58,27.48,98.66,0.33371,-1,-1,-1
380,-1,9.82,518.40,103.07,245.28,0.29332,-1,-1,-1
380,-1,1719.91,431.71,33.77,106.10,0.28107,-1,-1,-1
380,-1,1721.34,438.65,29.35,60.18,0.18266,-1,-1,-1
380,-1,102.04,449.49,99.95,294.27,0.17915,-1,-1,-1
380,-1,1736.45,440.06,87.02,196.35,0.17035,-1,-1,-1
380,-1,247.66,517.34,54.13,62.52,0.16791,-1,-1,-1
380,-1,1899.38,431.76,19.57,47.22,0.06816,-1,-1,-1
380,-1,15.93,412.35,76.12,89.76,0.05869,-1,-1,-1
380,-1,36.02,504.74,119.21,254.05,0.05526,-1,-1,-1
381,-1,1035.73,345.16,168.76,448.68,0.99969,-1,-1,-1
381,-1,330.11,265.62,170.51,646.10,0.99918,-1,-1,-1
381,-1,1611.82,403.43,119.41,293.28,0.99506,-1,-1,-1
381,-1,1495.43,411.15,89.64,271.09,0.99347,-1,-1,-1
381,-1,1775.33,449.60,55.40,190.75,0.99010,-1,-1,-1
381,-1,1830.70,381.10,85.10,263.68,0.98444,-1,-1,-1
381,-1,1466.51,405.00,61.72,271.23,0.98323,-1,-1,-1
381,-1,1667.79,401.10,80.44,265.36,0.97545,-1,-1,-1
381,-1,1734.42,436.32,56.04,215.63,0.96807,-1,-1,-1
381,-1,125.44,524.16,67.14,215.46,0.89696,-1,-1,-1
381,-1,1867.50,525.84,52.50,216.91,0.84018,-1,-1,-1
381,-1,910.74,516.56,33.87,116.99,0.70798,-1,-1,-1
381,-1,1717.30,421.12,54.54,225.99,0.46120,-1,-1,-1
381,-1,245.51,518.19,51.93,61.98,0.44831,-1,-1,-1
381,-1,1259.97,360.28,84.30,121.33,0.42604,-1,-1,-1
381,-1,37.01,540.90,72.37,217.48,0.40634,-1,-1,-1
381,-1,1669.89,393.91,69.74,145.90,0.35883,-1,-1,-1
381,-1,1724.92,434.41,28.76,82.81,0.30139,-1,-1,-1
381,-1,181.34,496.38,52.23,85.10,0.28518,-1,-1,-1
381,-1,182.23,530.78,40.79,50.03,0.24508,-1,-1,-1
381,-1,1875.70,386.81,43.13,209.15,0.20931,-1,-1,-1
381,-1,10.28,490.56,113.98,282.67,0.18014,-1,-1,-1
381,-1,1848.27,454.33,69.42,271.89,0.17818,-1,-1,-1
381,-1,98.31,443.63,103.32,301.95,0.12105,-1,-1,-1
381,-1,245.16,521.57,55.79,147.69,0.08145,-1,-1,-1
381,-1,209.29,537.61,24.42,41.97,0.08019,-1,-1,-1
381,-1,1410.42,412.37,114.64,231.75,0.07975,-1,-1,-1
381,-1,1605.71,424.57,41.43,209.41,0.07403,-1,-1,-1
381,-1,23.08,412.39,76.26,90.36,0.05580,-1,-1,-1
382,-1,1035.92,344.47,166.13,453.29,0.99969,-1,-1,-1
382,-1,356.01,277.51,167.84,634.19,0.99932,-1,-1,-1
382,-1,1499.97,409.25,86.35,271.82,0.99747,-1,-1,-1
382,-1,1616.82,401.16,112.72,293.99,0.99496,-1,-1,-1
382,-1,1670.99,393.40,84.04,272.36,0.99384,-1,-1,-1
382,-1,1840.35,378.91,79.37,285.71,0.99111,-1,-1,-1
382,-1,1465.14,404.38,67.16,271.60,0.97769,-1,-1,-1
382,-1,1777.94,449.34,62.49,186.76,0.97230,-1,-1,-1
382,-1,1742.67,442.99,60.44,203.90,0.86784,-1,-1,-1
382,-1,126.11,524.56,65.41,215.85,0.85838,-1,-1,-1
382,-1,14.60,411.57,107.75,370.37,0.71371,-1,-1,-1
382,-1,1878.48,429.53,41.52,306.45,0.69767,-1,-1,-1
382,-1,1723.84,418.67,52.69,219.47,0.46241,-1,-1,-1
382,-1,184.17,534.16,40.02,47.30,0.41300,-1,-1,-1
382,-1,1695.16,429.07,113.63,224.10,0.37789,-1,-1,-1
382,-1,1257.44,359.63,85.48,120.90,0.36571,-1,-1,-1
382,-1,181.98,500.95,51.37,81.22,0.36159,-1,-1,-1
382,-1,1886.69,397.08,32.72,225.99,0.31010,-1,-1,-1
382,-1,906.40,519.17,38.30,117.49,0.30731,-1,-1,-1
382,-1,101.35,449.75,101.10,317.70,0.29006,-1,-1,-1
382,-1,48.77,558.19,62.50,192.17,0.24520,-1,-1,-1
382,-1,246.80,516.86,47.81,59.71,0.24313,-1,-1,-1
382,-1,1905.96,424.32,14.04,159.16,0.16460,-1,-1,-1
382,-1,20.44,386.80,172.41,432.29,0.16094,-1,-1,-1
382,-1,17.53,495.59,92.11,154.31,0.10697,-1,-1,-1
382,-1,1733.40,435.85,24.62,52.26,0.08509,-1,-1,-1
382,-1,40.31,408.24,79.48,98.99,0.07984,-1,-1,-1
382,-1,1417.50,398.73,109.50,242.94,0.07219,-1,-1,-1
382,-1,1168.50,504.51,45.04,141.16,0.06430,-1,-1,-1
382,-1,208.78,538.94,24.67,39.31,0.06298,-1,-1,-1
382,-1,1611.46,419.17,37.18,208.15,0.05915,-1,-1,-1
383,-1,1029.77,341.80,172.95,462.71,0.99957,-1,-1,-1
383,-1,367.21,284.28,170.06,617.62,0.99940,-1,-1,-1
383,-1,1498.69,410.62,88.26,275.33,0.99620,-1,-1,-1
383,-1,1621.29,402.00,107.21,289.40,0.99606,-1,-1,-1
383,-1,1673.28,393.64,85.72,270.08,0.99529,-1,-1,-1
383,-1,1843.89,375.25,76.11,294.72,0.98379,-1,-1,-1
383,-1,1471.33,404.62,69.25,271.37,0.96235,-1,-1,-1
383,-1,1781.85,448.29,61.28,185.24,0.95688,-1,-1,-1
383,-1,1747.39,446.30,77.17,195.33,0.92816,-1,-1,-1
383,-1,118.22,492.76,86.79,252.27,0.81589,-1,-1,-1
383,-1,1696.54,422.08,118.02,223.21,0.63677,-1,-1,-1
383,-1,1261.91,359.93,81.57,120.00,0.39364,-1,-1,-1
383,-1,1722.97,417.72,50.42,214.32,0.38703,-1,-1,-1
383,-1,51.52,408.15,86.37,97.86,0.38260,-1,-1,-1
383,-1,46.67,409.15,121.47,350.29,0.37191,-1,-1,-1
383,-1,1872.31,419.33,47.69,314.45,0.31295,-1,-1,-1
383,-1,246.27,516.92,47.97,61.19,0.28415,-1,-1,-1
383,-1,188.17,536.91,44.50,45.21,0.26632,-1,-1,-1
383,-1,28.56,486.52,94.53,270.99,0.25586,-1,-1,-1
383,-1,42.43,562.06,67.31,185.68,0.25081,-1,-1,-1
383,-1,896.40,517.88,48.66,120.77,0.24710,-1,-1,-1
383,-1,1158.50,460.84,53.89,180.29,0.11209,-1,-1,-1
383,-1,182.32,495.78,50.93,86.92,0.08725,-1,-1,-1
383,-1,1411.33,404.61,124.43,239.98,0.08648,-1,-1,-1
383,-1,1827.08,476.78,26.50,76.24,0.07519,-1,-1,-1
383,-1,1815.70,454.66,42.09,145.38,0.06922,-1,-1,-1
383,-1,1906.84,434.07,13.16,125.26,0.06564,-1,-1,-1
383,-1,576.27,393.82,42.59,118.76,0.05562,-1,-1,-1
384,-1,1030.89,340.32,168.73,463.45,0.99958,-1,-1,-1
384,-1,370.56,275.18,199.97,625.66,0.99937,-1,-1,-1
384,-1,1622.52,403.57,110.45,284.24,0.99655,-1,-1,-1
384,-1,1849.81,372.59,70.10,357.59,0.99474,-1,-1,-1
384,-1,1497.38,413.61,91.00,277.90,0.99285,-1,-1,-1
384,-1,1677.86,396.59,96.88,257.69,0.98771,-1,-1,-1
384,-1,1783.75,449.45,69.63,182.70,0.98636,-1,-1,-1
384,-1,1472.01,407.47,74.17,266.83,0.95586,-1,-1,-1
384,-1,1720.41,429.75,97.49,215.88,0.86524,-1,-1,-1
384,-1,101.37,441.93,102.15,304.17,0.85178,-1,-1,-1
384,-1,57.08,412.94,92.22,94.22,0.66816,-1,-1,-1
384,-1,50.87,409.97,105.70,355.11,0.61515,-1,-1,-1
384,-1,1537.32,419.30,55.43,256.63,0.44036,-1,-1,-1
384,-1,42.53,563.32,68.08,193.46,0.39649,-1,-1,-1
384,-1,1679.04,394.15,71.71,152.87,0.38387,-1,-1,-1
384,-1,245.22,518.03,48.61,61.38,0.36686,-1,-1,-1
384,-1,1257.27,358.72,86.54,120.52,0.34751,-1,-1,-1
384,-1,1158.60,460.02,59.08,178.40,0.23983,-1,-1,-1
384,-1,575.56,395.95,43.09,112.09,0.15648,-1,-1,-1
384,-1,22.46,485.90,99.96,278.94,0.14007,-1,-1,-1
384,-1,1740.29,434.95,23.18,56.64,0.06144,-1,-1,-1
384,-1,1611.89,430.94,33.24,187.12,0.06022,-1,-1,-1
384,-1,973.69,440.29,90.89,286.80,0.05075,-1,-1,-1
385,-1,1024.53,340.75,175.75,466.05,0.99942,-1,-1,-1
385,-1,373.48,288.76,243.74,615.43,0.99931,-1,-1,-1
385,-1,1853.76,380.58,66.24,345.75,0.99740,-1,-1,-1
385,-1,1623.65,405.82,116.77,281.60,0.99673,-1,-1,-1
385,-1,1502.15,414.67,96.24,270.63,0.99561,-1,-1,-1
385,-1,1782.20,446.30,65.31,190.88,0.98830,-1,-1,-1
385,-1,1681.68,399.53,85.03,240.21,0.97830,-1,-1,-1
385,-1,1472.64,406.64,76.90,269.60,0.96424,-1,-1,-1
385,-1,1716.77,430.41,103.49,216.08,0.88299,-1,-1,-1
385,-1,119.34,496.27,87.70,245.45,0.86847,-1,-1,-1
385,-1,36.73,557.45,72.27,199.79,0.64932,-1,-1,-1
385,-1,1159.61,448.16,61.57,192.19,0.57766,-1,-1,-1
385,-1,245.43,519.73,47.48,59.42,0.32852,-1,-1,-1
385,-1,1260.94,359.52,83.18,119.71,0.28996,-1,-1,-1
385,-1,574.92,399.18,43.58,112.56,0.26751,-1,-1,-1
385,-1,87.41,420.59,109.58,340.31,0.21721,-1,-1,-1
385,-1,86.92,416.21,80.20,95.02,0.15603,-1,-1,-1
385,-1,26.63,463.12,103.24,305.23,0.13253,-1,-1,-1
385,-1,1659.44,399.19,82.62,197.65,0.12947,-1,-1,-1
385,-1,1700.19,444.03,46.27,219.07,0.11396,-1,-1,-1
385,-1,1615.76,430.55,30.92,169.93,0.10883,-1,-1,-1
385,-1,821.82,522.62,25.90,51.75,0.07642,-1,-1,-1
386,-1,1021.97,344.50,178.88,463.01,0.99960,-1,-1,-1
386,-1,375.82,288.04,260.33,610.91,0.99920,-1,-1,-1
386,-1,1627.80,403.74,115.15,284.55,0.99676,-1,-1,-1
386,-1,1502.76,412.81,97.84,272.30,0.99572,-1,-1,-1
386,-1,1857.28,375.56,62.72,349.77,0.99568,-1,-1,-1
386,-1,1786.35,447.58,67.04,188.21,0.99171,-1,-1,-1
386,-1,1681.26,396.44,107.79,261.09,0.98173,-1,-1,-1
386,-1,1480.49,409.69,78.38,271.55,0.92983,-1,-1,-1
386,-1,104.77,439.86,90.69,306.02,0.92740,-1,-1,-1
386,-1,1686.53,398.85,79.88,158.07,0.84966,-1,-1,-1
386,-1,1741.70,441.73,70.39,204.49,0.74599,-1,-1,-1
386,-1,901.21,514.18,46.08,123.99,0.71114,-1,-1,-1
386,-1,34.51,512.39,76.75,250.81,0.64250,-1,-1,-1
386,-1,575.41,401.66,43.83,109.69,0.57986,-1,-1,-1
386,-1,115.77,419.09,62.00,74.83,0.57910,-1,-1,-1
386,-1,1162.60,454.53,56.34,182.07,0.50840,-1,-1,-1
386,-1,121.86,472.34,39.70,33.94,0.40371,-1,-1,-1
386,-1,1265.98,360.74,78.13,117.89,0.28436,-1,-1,-1
386,-1,1617.36,426.44,30.32,176.24,0.18787,-1,-1,-1
386,-1,245.77,520.41,46.82,58.91,0.18648,-1,-1,-1
386,-1,825.78,521.86,24.41,52.88,0.11626,-1,-1,-1
386,-1,546.29,437.68,38.48,105.95,0.07240,-1,-1,-1
386,-1,1703.58,420.20,52.23,237.90,0.06423,-1,-1,-1
386,-1,59.31,432.49,161.36,356.70,0.05264,-1,-1,-1
387,-1,1016.63,350.51,184.16,460.22,0.99964,-1,-1,-1
387,-1,373.82,297.48,276.17,601.67,0.99952,-1,-1,-1
387,-1,1633.10,401.94,115.37,286.43,0.99726,-1,-1,-1
387,-1,1499.47,411.01,103.66,275.73,0.99679,-1,-1,-1
387,-1,1863.40,362.90,56.60,359.08,0.99379,-1,-1,-1
387,-1,1790.43,448.05,65.32,187.81,0.99043,-1,-1,-1
387,-1,1689.45,400.79,93.07,255.52,0.98945,-1,-1,-1
387,-1,121.79,520.38,71.96,221.90,0.92201,-1,-1,-1
387,-1,1736.91,431.83,75.77,214.38,0.90403,-1,-1,-1
387,-1,575.35,402.98,43.08,104.12,0.89405,-1,-1,-1
387,-1,1493.97,413.90,58.76,260.99,0.77962,-1,-1,-1
387,-1,1691.65,397.89,70.78,171.29,0.54309,-1,-1,-1
387,-1,246.37,517.93,47.09,60.62,0.52922,-1,-1,-1
387,-1,1163.95,453.68,53.47,189.07,0.52352,-1,-1,-1
387,-1,29.26,498.23,86.61,265.89,0.51972,-1,-1,-1
387,-1,1264.44,361.28,79.48,117.94,0.27112,-1,-1,-1
387,-1,1618.39,423.46,31.51,180.35,0.24949,-1,-1,-1
387,-1,133.92,411.46,60.23,96.04,0.17253,-1,-1,-1
387,-1,48.78,502.54,115.10,261.20,0.16642,-1,-1,-1
387,-1,121.76,467.91,41.70,41.77,0.13604,-1,-1,-1
387,-1,1626.23,420.34,41.81,189.56,0.08044,-1,-1,-1
388,-1,1007.71,350.51,192.94,465.52,0.99968,-1,-1,-1
388,-1,386.31,306.54,277.27,593.96,0.99958,-1,-1,-1
388,-1,1639.19,403.76,114.01,285.60,0.99754,-1,-1,-1
388,-1,1502.38,411.47,101.29,272.83,0.99686,-1,-1,-1
388,-1,1868.31,363.37,51.69,357.51,0.99337,-1,-1,-1
388,-1,1791.30,452.88,70.19,183.63,0.98629,-1,-1,-1
388,-1,1693.42,396.67,99.58,259.29,0.98303,-1,-1,-1
388,-1,1740.54,426.35,69.74,223.76,0.88918,-1,-1,-1
388,-1,113.72,450.29,82.46,292.74,0.84944,-1,-1,-1
388,-1,1166.18,450.03,53.83,194.23,0.67315,-1,-1,-1
388,-1,577.01,395.95,43.19,114.91,0.64435,-1,-1,-1
388,-1,1497.13,414.19,58.12,253.21,0.55630,-1,-1,-1
388,-1,1693.15,401.38,83.73,154.19,0.36059,-1,-1,-1
388,-1,246.21,518.00,47.44,61.03,0.31365,-1,-1,-1
388,-1,895.80,507.97,50.62,128.72,0.31331,-1,-1,-1
388,-1,156.84,421.62,51.87,50.97,0.31037,-1,-1,-1
388,-1,1618.88,425.54,32.75,174.51,0.28051,-1,-1,-1
388,-1,1262.41,360.04,82.40,119.71,0.26612,-1,-1,-1
388,-1,1516.28,404.90,41.52,82.92,0.26348,-1,-1,-1
388,-1,49.67,487.76,128.70,280.79,0.20328,-1,-1,-1
388,-1,1672.65,401.23,77.71,197.84,0.19542,-1,-1,-1
388,-1,158.22,427.98,72.61,73.44,0.15531,-1,-1,-1
388,-1,38.98,526.22,72.07,232.47,0.14782,-1,-1,-1
388,-1,1507.86,407.62,49.69,130.96,0.14491,-1,-1,-1
388,-1,465.63,295.89,158.61,494.65,0.12389,-1,-1,-1
388,-1,1627.75,423.67,39.49,186.24,0.11127,-1,-1,-1
388,-1,1564.69,426.21,45.85,237.58,0.09617,-1,-1,-1
388,-1,1208.38,356.19,130.29,146.56,0.09003,-1,-1,-1
388,-1,166.12,440.67,62.33,106.26,0.08871,-1,-1,-1
388,-1,115.58,459.67,51.07,57.04,0.06753,-1,-1,-1
389,-1,996.66,348.84,199.59,472.08,0.99975,-1,-1,-1
389,-1,394.31,313.49,282.46,577.54,0.99953,-1,-1,-1
389,-1,1642.43,405.74,115.46,286.27,0.99722,-1,-1,-1
389,-1,1506.20,411.79,97.98,271.41,0.99518,-1,-1,-1
389,-1,1795.74,448.37,70.54,184.86,0.98332,-1,-1,-1
389,-1,1874.50,363.43,45.50,352.11,0.98251,-1,-1,-1
389,-1,1697.10,400.32,93.11,247.24,0.97762,-1,-1,-1
389,-1,1742.18,426.64,68.29,214.67,0.92503,-1,-1,-1
389,-1,113.42,443.49,83.98,294.06,0.76585,-1,-1,-1
389,-1,1167.79,454.80,52.09,190.23,0.67263,-1,-1,-1
389,-1,246.94,516.63,47.28,59.60,0.37482,-1,-1,-1
389,-1,890.09,503.12,55.79,136.95,0.33882,-1,-1,-1
389,-1,1265.38,360.88,80.42,118.17,0.27640,-1,-1,-1
389,-1,1508.32,405.15,53.66,115.11,0.26435,-1,-1,-1
389,-1,1618.34,429.94,32.97,170.86,0.25233,-1,-1,-1
389,-1,1497.67,416.75,53.43,242.41,0.25011,-1,-1,-1
389,-1,582.14,391.90,37.61,131.65,0.23759,-1,-1,-1
389,-1,26.43,494.10,87.08,256.88,0.20373,-1,-1,-1
389,-1,1700.03,400.48,80.08,137.09,0.18970,-1,-1,-1
389,-1,1557.53,425.99,54.22,243.89,0.16002,-1,-1,-1
389,-1,1630.27,423.73,39.82,187.70,0.15503,-1,-1,-1
389,-1,1891.71,655.61,28.29,69.72,0.15303,-1,-1,-1
389,-1,165.63,436.01,66.48,133.47,0.14714,-1,-1,-1
389,-1,150.86,430.79,83.03,296.47,0.14054,-1,-1,-1
389,-1,1756.22,433.45,23.25,31.89,0.13639,-1,-1,-1
389,-1,1208.83,356.40,130.34,146.66,0.10003,-1,-1,-1
389,-1,482.10,309.19,143.09,543.10,0.09415,-1,-1,-1
389,-1,1635.45,413.68,55.49,239.94,0.08334,-1,-1,-1
389,-1,39.49,407.91,184.77,396.27,0.06279,-1,-1,-1
389,-1,1828.91,450.77,46.24,149.67,0.05501,-1,-1,-1
389,-1,70.83,425.58,102.42,328.24,0.05488,-1,-1,-1
390,-1,984.70,341.14,202.12,485.54,0.99977,-1,-1,-1
390,-1,445.63,300.88,224.52,578.37,0.99910,-1,-1,-1
390,-1,1645.46,404.37,119.48,287.98,0.99782,-1,-1,-1
390,-1,1505.69,415.82,99.25,261.02,0.99742,-1,-1,-1
390,-1,1798.78,449.05,74.52,182.08,0.98420,-1,-1,-1
390,-1,1705.57,401.99,78.59,240.80,0.97864,-1,-1,-1
390,-1,1882.68,375.43,37.32,271.11,0.97287,-1,-1,-1
390,-1,1754.13,427.26,63.54,214.26,0.94930,-1,-1,-1
390,-1,1168.55,457.34,53.29,187.25,0.94329,-1,-1,-1
390,-1,125.26,513.05,63.83,227.14,0.85378,-1,-1,-1
390,-1,1505.17,425.94,49.12,221.76,0.71943,-1,-1,-1
390,-1,1513.43,411.83,55.56,141.46,0.33094,-1,-1,-1
390,-1,1264.31,360.87,80.17,117.89,0.32643,-1,-1,-1
390,-1,1554.97,422.98,62.92,245.61,0.31498,-1,-1,-1
390,-1,1687.78,398.88,74.85,182.64,0.30741,-1,-1,-1
390,-1,35.98,511.54,76.46,248.65,0.27823,-1,-1,-1
390,-1,1756.53,431.23,26.25,29.81,0.22753,-1,-1,-1
390,-1,245.98,519.50,45.80,59.23,0.21566,-1,-1,-1
390,-1,1618.88,436.87,34.97,165.65,0.16334,-1,-1,-1
390,-1,1833.13,450.70,43.72,158.45,0.14243,-1,-1,-1
390,-1,880.79,496.62,59.09,150.05,0.12771,-1,-1,-1
390,-1,502.58,302.23,149.19,433.90,0.12337,-1,-1,-1
390,-1,1530.19,405.24,37.39,74.78,0.12260,-1,-1,-1
390,-1,85.79,490.59,102.53,289.53,0.11908,-1,-1,-1
390,-1,1632.91,423.95,41.09,203.25,0.06984,-1,-1,-1
390,-1,178.31,442.96,59.82,128.62,0.06274,-1,-1,-1
390,-1,1572.58,415.10,72.44,229.70,0.05449,-1,-1,-1
391,-1,989.88,338.12,190.41,489.61,0.99968,-1,-1,-1
391,-1,487.31,288.81,197.60,585.86,0.99919,-1,-1,-1
391,-1,1522.71,415.01,91.27,263.55,0.99822,-1,-1,-1
391,-1,1648.50,405.94,121.00,286.57,0.99781,-1,-1,-1
391,-1,1808.39,451.13,66.82,179.86,0.97958,-1,-1,-1
391,-1,1703.40,405.03,79.92,216.89,0.97721,-1,-1,-1
391,-1,1166.08,459.15,57.86,185.10,0.96819,-1,-1,-1
391,-1,1758.03,429.83,64.34,215.34,0.95571,-1,-1,-1
391,-1,1886.46,374.46,33.54,257.87,0.94456,-1,-1,-1
391,-1,1508.89,408.83,68.83,259.22,0.90757,-1,-1,-1
391,-1,121.36,505.62,72.71,236.19,0.90468,-1,-1,-1
391,-1,33.74,496.34,80.13,264.52,0.61450,-1,-1,-1
391,-1,246.08,518.58,47.87,60.40,0.54709,-1,-1,-1
391,-1,1516.60,407.62,52.76,144.29,0.54185,-1,-1,-1
391,-1,1506.72,421.68,44.34,209.49,0.54062,-1,-1,-1
391,-1,1770.03,440.81,89.58,200.86,0.53103,-1,-1,-1
391,-1,1257.60,360.43,85.92,118.19,0.30130,-1,-1,-1
391,-1,1522.10,401.49,49.94,80.10,0.14191,-1,-1,-1
391,-1,1872.22,423.34,34.98,167.70,0.11997,-1,-1,-1
391,-1,1616.12,434.95,31.46,168.89,0.11398,-1,-1,-1
391,-1,1570.64,420.67,51.76,242.24,0.10827,-1,-1,-1
391,-1,1842.52,476.25,31.35,120.49,0.10792,-1,-1,-1
391,-1,1757.61,431.85,29.86,32.26,0.09063,-1,-1,-1
391,-1,154.09,465.19,81.43,269.00,0.05875,-1,-1,-1
391,-1,1199.58,358.48,138.20,148.66,0.05113,-1,-1,-1
391,-1,46.54,450.72,162.29,340.54,0.05052,-1,-1,-1
392,-1,980.03,333.31,189.11,492.85,0.99978,-1,-1,-1
392,-1,510.34,290.89,171.44,583.15,0.99893,-1,-1,-1
392,-1,1656.07,410.99,116.31,277.30,0.99758,-1,-1,-1
392,-1,1526.09,407.13,97.52,273.79,0.99735,-1,-1,-1
392,-1,1810.86,457.01,64.24,176.00,0.98585,-1,-1,-1
392,-1,1177.16,459.65,55.43,183.74,0.96583,-1,-1,-1
392,-1,1755.57,432.15,63.05,218.93,0.95186,-1,-1,-1
392,-1,1709.42,403.99,75.37,183.17,0.94272,-1,-1,-1
392,-1,124.50,519.88,69.04,219.58,0.86855,-1,-1,-1
392,-1,1890.79,428.65,29.21,140.66,0.80018,-1,-1,-1
392,-1,1522.13,406.11,54.19,234.18,0.76559,-1,-1,-1
392,-1,35.97,497.96,79.18,263.87,0.63098,-1,-1,-1
392,-1,1892.40,414.89,27.60,77.09,0.48137,-1,-1,-1
392,-1,1252.05,360.34,90.83,117.63,0.36344,-1,-1,-1
392,-1,1764.36,430.65,55.35,113.02,0.30636,-1,-1,-1
392,-1,246.76,517.19,47.81,58.83,0.30369,-1,-1,-1
392,-1,1762.75,429.29,24.78,26.80,0.29834,-1,-1,-1
392,-1,1876.91,455.74,25.53,125.56,0.27788,-1,-1,-1
392,-1,1728.25,420.90,78.40,139.82,0.22829,-1,-1,-1
392,-1,1850.00,487.57,25.55,104.02,0.17037,-1,-1,-1
392,-1,1527.31,403.05,46.41,139.86,0.14835,-1,-1,-1
392,-1,1530.47,402.63,42.98,75.74,0.09558,-1,-1,-1
392,-1,78.89,516.03,115.11,267.24,0.08650,-1,-1,-1
392,-1,1506.01,422.52,51.36,194.09,0.07694,-1,-1,-1
392,-1,1614.82,440.59,32.72,161.51,0.07299,-1,-1,-1
392,-1,1872.82,485.35,20.16,95.68,0.07205,-1,-1,-1
392,-1,1642.16,439.10,33.19,167.05,0.06814,-1,-1,-1
392,-1,1764.95,433.64,33.33,81.74,0.06794,-1,-1,-1
392,-1,17.75,560.52,72.58,207.17,0.06123,-1,-1,-1
392,-1,1843.60,454.54,36.05,151.34,0.05487,-1,-1,-1
393,-1,982.79,325.89,177.91,499.22,0.99972,-1,-1,-1
393,-1,532.90,288.93,152.88,579.41,0.99847,-1,-1,-1
393,-1,1659.30,412.52,113.97,275.15,0.99791,-1,-1,-1
393,-1,1530.64,408.51,97.70,271.15,0.99691,-1,-1,-1
393,-1,1811.60,454.45,63.10,179.42,0.98799,-1,-1,-1
393,-1,1181.09,462.00,53.67,183.35,0.98257,-1,-1,-1
393,-1,1756.86,430.25,56.31,220.67,0.97823,-1,-1,-1
393,-1,1718.75,403.32,87.60,248.96,0.95609,-1,-1,-1
393,-1,1887.19,432.20,32.26,152.58,0.87571,-1,-1,-1
393,-1,122.57,518.35,75.11,220.86,0.87480,-1,-1,-1
393,-1,1521.62,401.22,54.63,220.84,0.70470,-1,-1,-1
393,-1,1716.03,397.44,59.77,177.34,0.54555,-1,-1,-1
393,-1,34.65,499.52,80.17,260.30,0.53515,-1,-1,-1
393,-1,1766.42,429.71,23.68,29.14,0.50037,-1,-1,-1
393,-1,1897.95,425.67,22.05,64.08,0.49082,-1,-1,-1
393,-1,1873.76,449.83,34.49,123.56,0.47195,-1,-1,-1
393,-1,247.08,517.79,47.49,60.18,0.46639,-1,-1,-1
393,-1,1774.39,441.51,56.16,193.74,0.44181,-1,-1,-1
393,-1,1249.31,358.43,93.64,118.94,0.38064,-1,-1,-1
393,-1,1901.95,429.05,18.05,144.35,0.37392,-1,-1,-1
393,-1,1764.98,430.52,50.25,114.29,0.29414,-1,-1,-1
393,-1,1573.73,417.48,60.29,218.33,0.28868,-1,-1,-1
393,-1,245.62,525.35,43.80,149.24,0.19356,-1,-1,-1
393,-1,1852.10,486.08,22.81,112.13,0.14368,-1,-1,-1
393,-1,1504.64,424.05,56.75,187.25,0.10931,-1,-1,-1
393,-1,1766.94,432.36,28.18,97.00,0.06421,-1,-1,-1
393,-1,941.02,443.11,69.43,203.63,0.06326,-1,-1,-1
393,-1,1642.34,447.03,33.65,149.46,0.05376,-1,-1,-1
394,-1,977.20,325.43,181.71,498.79,0.99979,-1,-1,-1
394,-1,553.26,303.36,141.99,560.60,0.99939,-1,-1,-1
394,-1,1661.74,410.81,111.16,278.82,0.99822,-1,-1,-1
394,-1,1540.23,412.82,96.78,262.86,0.99788,-1,-1,-1
394,-1,1810.89,450.40,63.98,185.49,0.99020,-1,-1,-1
394,-1,1766.63,427.41,48.57,222.99,0.98210,-1,-1,-1
394,-1,1185.42,459.10,53.46,186.50,0.96795,-1,-1,-1
394,-1,1725.24,401.95,76.23,246.40,0.96786,-1,-1,-1
394,-1,1891.78,430.94,28.22,144.93,0.90354,-1,-1,-1
394,-1,125.36,526.18,69.54,213.04,0.87480,-1,-1,-1
394,-1,1525.80,400.86,51.84,208.68,0.71117,-1,-1,-1
394,-1,246.52,517.24,48.42,60.57,0.58797,-1,-1,-1
394,-1,37.02,512.74,76.40,249.34,0.50441,-1,-1,-1
394,-1,1877.75,448.58,31.76,132.40,0.40807,-1,-1,-1
394,-1,1767.92,429.78,24.68,33.14,0.36957,-1,-1,-1
394,-1,1906.52,421.62,13.48,149.73,0.36112,-1,-1,-1
394,-1,1263.33,360.14,81.70,116.33,0.31602,-1,-1,-1
394,-1,1767.31,429.52,32.77,108.24,0.23234,-1,-1,-1
394,-1,245.75,522.51,44.31,153.25,0.21474,-1,-1,-1
394,-1,1855.04,487.61,20.61,107.09,0.18524,-1,-1,-1
394,-1,1575.76,422.88,44.13,48.11,0.17668,-1,-1,-1
394,-1,1902.68,422.65,17.32,56.93,0.16706,-1,-1,-1
394,-1,1503.96,408.30,55.12,206.08,0.07382,-1,-1,-1
394,-1,646.88,329.68,47.40,189.51,0.06414,-1,-1,-1
394,-1,1724.59,397.27,67.89,144.64,0.05912,-1,-1,-1
394,-1,1768.90,429.58,27.17,63.67,0.05849,-1,-1,-1
394,-1,1583.35,422.49,59.54,193.36,0.05730,-1,-1,-1
394,-1,1162.39,405.49,91.36,244.23,0.05532,-1,-1,-1
394,-1,82.16,504.97,111.98,272.17,0.05354,-1,-1,-1
394,-1,1775.77,445.67,57.53,97.57,0.05276,-1,-1,-1
394,-1,1843.17,451.03,34.88,160.99,0.05168,-1,-1,-1
395,-1,968.96,323.30,181.43,506.37,0.99980,-1,-1,-1
395,-1,570.58,298.63,138.60,560.53,0.99942,-1,-1,-1
395,-1,1543.68,411.93,101.52,264.39,0.99812,-1,-1,-1
395,-1,1666.79,413.66,108.79,276.03,0.99730,-1,-1,-1
395,-1,1814.59,454.84,60.52,177.51,0.99413,-1,-1,-1
395,-1,1187.58,458.14,61.64,185.98,0.98752,-1,-1,-1
395,-1,1729.93,399.55,76.08,244.57,0.96149,-1,-1,-1
395,-1,1763.24,421.05,52.29,228.30,0.94419,-1,-1,-1
395,-1,1890.11,433.09,29.89,151.38,0.94387,-1,-1,-1
395,-1,124.09,530.58,70.46,208.57,0.85824,-1,-1,-1
395,-1,1534.71,400.72,42.51,181.40,0.63038,-1,-1,-1
395,-1,44.66,553.91,69.64,195.47,0.52330,-1,-1,-1
395,-1,1274.97,358.74,67.61,111.84,0.42883,-1,-1,-1
395,-1,1796.05,441.99,41.25,187.26,0.39936,-1,-1,-1
395,-1,1881.84,444.27,24.86,137.78,0.36108,-1,-1,-1
395,-1,1769.56,428.85,38.49,135.61,0.32299,-1,-1,-1
395,-1,1729.27,398.91,64.85,137.18,0.31762,-1,-1,-1
395,-1,9.94,497.89,107.78,266.33,0.30729,-1,-1,-1
395,-1,1517.63,405.82,67.23,233.16,0.30212,-1,-1,-1
395,-1,1857.17,490.19,19.49,90.94,0.25016,-1,-1,-1
395,-1,246.92,517.25,47.10,59.85,0.22952,-1,-1,-1
395,-1,1213.74,355.66,127.17,136.52,0.09201,-1,-1,-1
395,-1,1592.46,423.91,59.78,186.48,0.08662,-1,-1,-1
395,-1,1771.92,433.02,25.59,41.27,0.08463,-1,-1,-1
395,-1,1175.61,383.12,122.21,265.29,0.06797,-1,-1,-1
395,-1,1772.40,429.78,26.10,89.27,0.06679,-1,-1,-1
396,-1,966.47,321.30,179.08,508.39,0.99975,-1,-1,-1
396,-1,579.00,300.60,157.72,560.67,0.99899,-1,-1,-1
396,-1,1547.32,411.80,100.03,265.75,0.99825,-1,-1,-1
396,-1,1669.32,414.24,112.51,272.98,0.99787,-1,-1,-1
396,-1,1816.62,453.26,58.37,178.62,0.99514,-1,-1,-1
396,-1,1188.11,457.90,63.84,186.17,0.98337,-1,-1,-1
396,-1,1733.23,400.39,76.54,243.65,0.96602,-1,-1,-1
396,-1,1887.94,445.05,31.59,132.82,0.93026,-1,-1,-1
396,-1,120.82,529.76,70.68,212.10,0.92783,-1,-1,-1
396,-1,1763.52,423.37,53.22,226.58,0.91935,-1,-1,-1
396,-1,41.06,545.68,71.44,208.45,0.60637,-1,-1,-1
396,-1,1541.18,399.58,43.85,153.07,0.50359,-1,-1,-1
396,-1,19.72,478.42,98.49,307.89,0.40483,-1,-1,-1
396,-1,1274.33,358.96,68.35,111.09,0.36783,-1,-1,-1
396,-1,1733.14,396.08,61.17,146.52,0.35794,-1,-1,-1
396,-1,246.75,517.00,48.21,59.26,0.30761,-1,-1,-1
396,-1,1517.86,404.43,67.08,228.05,0.26869,-1,-1,-1
396,-1,1878.20,445.77,28.46,139.78,0.25044,-1,-1,-1
396,-1,1791.70,445.83,42.69,182.80,0.20699,-1,-1,-1
396,-1,1859.09,479.95,18.68,98.51,0.19895,-1,-1,-1
396,-1,1775.03,427.68,28.64,125.55,0.13176,-1,-1,-1
396,-1,1213.40,355.45,126.87,131.54,0.12351,-1,-1,-1
396,-1,43.57,511.66,119.25,248.54,0.12084,-1,-1,-1
396,-1,1585.40,423.13,66.35,193.10,0.11859,-1,-1,-1
396,-1,245.56,525.21,44.35,150.11,0.10363,-1,-1,-1
396,-1,1874.30,466.88,18.96,113.62,0.09064,-1,-1,-1
396,-1,1775.47,432.52,22.32,38.73,0.05805,-1,-1,-1
397,-1,942.33,323.23,194.56,507.93,0.99984,-1,-1,-1
397,-1,1552.20,411.08,99.69,266.83,0.99889,-1,-1,-1
397,-1,584.52,304.39,185.02,554.80,0.99857,-1,-1,-1
397,-1,1678.02,409.68,113.33,272.88,0.99728,-1,-1,-1
397,-1,1736.72,400.94,79.38,247.91,0.99260,-1,-1,-1
397,-1,1816.92,448.71,58.73,184.62,0.99108,-1,-1,-1
397,-1,1190.02,456.85,72.89,186.79,0.98617,-1,-1,-1
397,-1,122.76,525.90,73.38,214.00,0.90879,-1,-1,-1
397,-1,1885.54,447.64,31.81,133.73,0.62897,-1,-1,-1
397,-1,39.89,544.01,71.31,210.48,0.62653,-1,-1,-1
397,-1,1544.69,398.29,46.30,117.08,0.49858,-1,-1,-1
397,-1,246.62,516.72,47.40,60.41,0.40239,-1,-1,-1
397,-1,1775.55,435.78,47.67,209.51,0.27875,-1,-1,-1
397,-1,1253.46,361.11,90.07,114.65,0.25349,-1,-1,-1
397,-1,575.99,395.77,46.34,117.50,0.21699,-1,-1,-1
397,-1,1544.35,403.31,46.29,229.06,0.19316,-1,-1,-1
397,-1,1876.96,456.60,23.57,131.14,0.16516,-1,-1,-1
397,-1,688.22,494.01,118.89,322.51,0.15739,-1,-1,-1
397,-1,1738.41,397.86,69.07,140.99,0.13868,-1,-1,-1
397,-1,245.77,523.44,43.12,153.00,0.13755,-1,-1,-1
397,-1,1791.89,449.02,41.44,188.01,0.13587,-1,-1,-1
397,-1,47.12,510.38,117.14,248.58,0.13298,-1,-1,-1
397,-1,1182.30,364.41,155.61,273.47,0.11889,-1,-1,-1
397,-1,8.18,502.32,101.30,213.30,0.11421,-1,-1,-1
397,-1,916.30,443.79,74.15,117.53,0.08941,-1,-1,-1
397,-1,1867.64,496.27,19.17,80.49,0.07933,-1,-1,-1
397,-1,1837.98,446.64,47.32,167.57,0.05692,-1,-1,-1
397,-1,1199.62,357.75,139.19,137.74,0.05550,-1,-1,-1
398,-1,935.98,325.50,196.49,505.76,0.99985,-1,-1,-1
398,-1,1555.45,411.68,99.59,266.50,0.99844,-1,-1,-1
398,-1,590.76,318.49,209.72,543.08,0.99823,-1,-1,-1
398,-1,1680.97,403.48,110.90,279.29,0.99747,-1,-1,-1
398,-1,1190.84,459.05,78.88,184.94,0.99456,-1,-1,-1
398,-1,1816.52,445.33,60.63,187.78,0.99141,-1,-1,-1
398,-1,1741.10,399.12,78.75,253.10,0.98900,-1,-1,-1
398,-1,122.74,531.33,66.79,208.69,0.87249,-1,-1,-1
398,-1,41.41,548.51,69.91,205.87,0.60727,-1,-1,-1
398,-1,1887.38,449.33,31.23,131.72,0.46836,-1,-1,-1
398,-1,1772.75,431.90,54.18,214.89,0.44909,-1,-1,-1
398,-1,246.83,517.21,47.20,59.74,0.31991,-1,-1,-1
398,-1,1278.59,360.14,63.96,110.64,0.29396,-1,-1,-1
398,-1,1546.89,413.59,45.29,189.68,0.24247,-1,-1,-1
398,-1,1185.37,377.60,130.74,269.14,0.23658,-1,-1,-1
398,-1,577.22,396.78,41.37,109.66,0.20405,-1,-1,-1
398,-1,691.65,477.60,141.70,329.23,0.18131,-1,-1,-1
398,-1,1727.91,398.47,66.68,203.20,0.15619,-1,-1,-1
398,-1,1868.51,491.32,21.30,86.60,0.12330,-1,-1,-1
398,-1,245.68,524.78,42.73,152.41,0.11526,-1,-1,-1
398,-1,1221.32,357.74,118.72,127.30,0.09963,-1,-1,-1
398,-1,1742.53,395.39,68.29,147.54,0.09579,-1,-1,-1
398,-1,1158.48,390.02,62.78,55.77,0.07801,-1,-1,-1
398,-1,1863.71,457.74,28.85,131.45,0.07333,-1,-1,-1
399,-1,919.92,316.93,209.65,512.06,0.99954,-1,-1,-1
399,-1,1558.97,413.89,96.15,263.61,0.99854,-1,-1,-1
399,-1,1685.38,402.23,109.90,279.41,0.99751,-1,-1,-1
399,-1,595.77,322.61,212.51,532.56,0.99751,-1,-1,-1
399,-1,1191.73,457.02,79.40,187.79,0.99206,-1,-1,-1
399,-1,1816.13,444.92,61.14,188.48,0.98821,-1,-1,-1
399,-1,1743.83,397.15,66.95,245.61,0.98736,-1,-1,-1
399,-1,125.60,533.92,65.46,203.91,0.86469,-1,-1,-1
399,-1,1552.00,416.24,57.56,248.87,0.76051,-1,-1,-1
399,-1,40.09,546.19,71.34,207.48,0.62757,-1,-1,-1
399,-1,1885.33,448.62,33.81,133.79,0.48880,-1,-1,-1
399,-1,246.72,517.24,47.73,60.01,0.41796,-1,-1,-1
399,-1,1263.68,361.95,80.97,112.54,0.30509,-1,-1,-1
399,-1,1777.56,440.24,55.02,206.31,0.28728,-1,-1,-1
399,-1,576.99,395.24,42.61,111.55,0.25378,-1,-1,-1
399,-1,1185.75,382.93,128.93,263.48,0.24547,-1,-1,-1
399,-1,1549.58,409.14,44.37,148.47,0.18843,-1,-1,-1
399,-1,670.81,418.32,166.55,387.48,0.18556,-1,-1,-1
399,-1,245.57,520.35,45.52,156.50,0.15603,-1,-1,-1
399,-1,1158.05,390.99,62.55,55.46,0.11005,-1,-1,-1
399,-1,1867.88,484.47,19.20,92.92,0.09872,-1,-1,-1
399,-1,27.78,501.19,84.14,174.73,0.08095,-1,-1,-1
399,-1,444.75,493.20,19.47,40.63,0.05063,-1,-1,-1
400,-1,912.73,322.83,210.23,510.76,0.99955,-1,-1,-1
400,-1,1563.52,414.14,93.44,264.35,0.99889,-1,-1,-1
400,-1,605.22,331.13,220.21,519.40,0.99789,-1,-1,-1
400,-1,1682.97,403.14,120.11,275.06,0.99725,-1,-1,-1
400,-1,1192.73,456.12,78.71,188.22,0.98835,-1,-1,-1
400,-1,1818.35,444.00,59.87,187.91,0.98805,-1,-1,-1
400,-1,1749.38,400.78,74.30,224.92,0.97232,-1,-1,-1
400,-1,124.79,532.30,66.52,205.94,0.85291,-1,-1,-1
400,-1,1555.27,413.05,46.47,249.53,0.81641,-1,-1,-1
400,-1,1887.93,446.89,31.55,135.97,0.75354,-1,-1,-1
400,-1,41.58,550.19,69.73,205.20,0.64243,-1,-1,-1
400,-1,577.02,394.95,42.90,113.22,0.50174,-1,-1,-1
400,-1,246.77,517.14,47.69,60.02,0.50068,-1,-1,-1
400,-1,1792.12,447.89,57.09,175.26,0.33675,-1,-1,-1
400,-1,1275.74,360.58,66.82,110.78,0.31547,-1,-1,-1
400,-1,1554.73,412.83,40.96,139.64,0.30020,-1,-1,-1
400,-1,102.73,461.70,98.60,283.43,0.28191,-1,-1,-1
400,-1,1186.18,382.82,125.19,265.97,0.25000,-1,-1,-1
400,-1,1748.23,397.83,63.89,120.03,0.22744,-1,-1,-1
400,-1,1870.83,471.52,19.58,107.74,0.20919,-1,-1,-1
400,-1,915.07,439.64,46.72,86.64,0.20689,-1,-1,-1
400,-1,714.59,341.47,61.00,195.42,0.17779,-1,-1,-1
400,-1,1215.84,358.09,124.79,130.35,0.14160,-1,-1,-1
400,-1,28.41,499.31,84.16,181.93,0.13770,-1,-1,-1
400,-1,245.72,524.40,43.81,153.69,0.13655,-1,-1,-1
400,-1,648.77,329.06,73.05,135.10,0.11082,-1,-1,-1
400,-1,40.78,510.76,119.79,251.96,0.10956,-1,-1,-1
400,-1,1614.23,427.87,48.66,178.03,0.08817,-1,-1,-1
400,-1,667.21,329.61,134.94,417.06,0.08808,-1,-1,-1
400,-1,1850.16,450.26,37.88,163.35,0.08094,-1,-1,-1
400,-1,902.78,438.99,68.56,223.84,0.07822,-1,-1,-1
400,-1,1158.21,393.20,62.74,50.95,0.07326,-1,-1,-1
400,-1,744.54,510.28,96.35,291.16,0.06599,-1,-1,-1
401,-1,912.60,325.65,207.72,511.10,0.99939,-1,-1,-1
401,-1,1567.10,415.27,93.66,261.27,0.99880,-1,-1,-1
401,-1,607.06,332.96,238.54,518.31,0.99855,-1,-1,-1
401,-1,1682.57,405.08,133.54,273.14,0.99695,-1,-1,-1
401,-1,1195.81,453.24,74.24,190.06,0.98334,-1,-1,-1
401,-1,1818.58,444.00,63.56,187.33,0.98047,-1,-1,-1
401,-1,1752.58,400.86,65.48,169.51,0.96819,-1,-1,-1
401,-1,1749.48,403.89,91.87,243.18,0.93170,-1,-1,-1
401,-1,1558.17,413.09,41.99,241.82,0.90675,-1,-1,-1
401,-1,121.79,533.09,67.76,206.18,0.82698,-1,-1,-1
401,-1,1888.33,445.67,31.21,138.10,0.78354,-1,-1,-1
401,-1,42.93,523.93,68.34,232.80,0.50180,-1,-1,-1
401,-1,1557.60,406.92,43.30,93.65,0.45623,-1,-1,-1
401,-1,576.31,394.24,43.49,114.23,0.43660,-1,-1,-1
401,-1,1187.06,370.25,131.35,279.61,0.38637,-1,-1,-1
401,-1,246.37,517.98,45.84,59.97,0.38217,-1,-1,-1
401,-1,1274.58,360.97,67.69,109.67,0.20047,-1,-1,-1
401,-1,1872.45,465.06,19.61,113.67,0.17169,-1,-1,-1
401,-1,1215.46,360.83,124.97,134.90,0.12890,-1,-1,-1
401,-1,1792.17,443.42,65.97,175.84,0.11348,-1,-1,-1
401,-1,1606.81,424.46,62.73,162.74,0.06649,-1,-1,-1
401,-1,903.45,449.25,57.61,166.03,0.06416,-1,-1,-1
401,-1,1820.27,446.74,63.67,85.82,0.05765,-1,-1,-1
401,-1,1779.53,492.17,55.71,161.59,0.05559,-1,-1,-1
401,-1,726.86,444.43,125.30,357.84,0.05301,-1,-1,-1
401,-1,444.68,493.19,19.76,44.34,0.05082,-1,-1,-1
402,-1,900.06,315.39,215.94,527.48,0.99935,-1,-1,-1
402,-1,616.25,331.79,232.77,517.06,0.99919,-1,-1,-1
402,-1,1569.54,412.34,93.49,258.56,0.99845,-1,-1,-1
402,-1,1684.89,405.96,132.06,273.05,0.99640,-1,-1,-1
402,-1,1818.19,444.01,68.97,186.50,0.98787,-1,-1,-1
402,-1,1202.68,450.96,69.18,193.58,0.97593,-1,-1,-1
402,-1,1756.74,407.47,88.63,241.13,0.95790,-1,-1,-1
402,-1,1758.51,401.98,63.82,148.32,0.87149,-1,-1,-1
402,-1,1562.93,413.39,42.18,232.51,0.83763,-1,-1,-1
402,-1,122.70,533.75,67.42,205.61,0.82576,-1,-1,-1
402,-1,1888.59,445.20,30.34,139.45,0.81031,-1,-1,-1
402,-1,51.36,568.68,61.07,181.85,0.29897,-1,-1,-1
402,-1,246.41,517.26,48.30,58.96,0.26323,-1,-1,-1
402,-1,575.65,397.78,43.53,111.22,0.17823,-1,-1,-1
402,-1,1238.04,359.77,104.33,117.27,0.14392,-1,-1,-1
402,-1,1615.15,430.47,49.31,192.79,0.13308,-1,-1,-1
402,-1,1789.51,441.80,56.38,181.72,0.13280,-1,-1,-1
402,-1,1179.60,377.80,145.72,270.32,0.13235,-1,-1,-1
402,-1,1873.90,456.55,20.52,124.11,0.08094,-1,-1,-1
402,-1,1731.40,403.57,77.25,118.27,0.07216,-1,-1,-1
402,-1,682.46,356.08,42.66,171.13,0.06665,-1,-1,-1
402,-1,25.41,500.97,87.42,219.92,0.06380,-1,-1,-1
402,-1,1682.25,425.87,44.28,164.29,0.06379,-1,-1,-1
402,-1,1711.42,404.86,92.60,194.30,0.06230,-1,-1,-1
402,-1,1880.00,450.15,23.44,127.74,0.05189,-1,-1,-1
403,-1,897.54,311.14,208.99,526.68,0.99959,-1,-1,-1
403,-1,628.36,329.76,230.39,512.35,0.99921,-1,-1,-1
403,-1,1572.97,413.31,90.25,255.50,0.99811,-1,-1,-1
403,-1,1685.39,406.65,137.28,267.86,0.99549,-1,-1,-1
403,-1,1824.90,451.46,61.96,177.25,0.98870,-1,-1,-1
403,-1,1210.00,452.91,63.94,188.25,0.98545,-1,-1,-1
403,-1,1763.07,408.27,83.56,240.94,0.97544,-1,-1,-1
403,-1,1564.59,411.64,42.57,224.21,0.91338,-1,-1,-1
403,-1,121.81,532.01,68.26,207.20,0.85318,-1,-1,-1
403,-1,1763.91,403.26,62.75,152.40,0.73686,-1,-1,-1
403,-1,1888.43,445.00,30.13,137.32,0.70217,-1,-1,-1
403,-1,50.13,569.71,61.75,179.66,0.33694,-1,-1,-1
403,-1,245.96,519.33,47.69,59.48,0.28751,-1,-1,-1
403,-1,1275.66,359.07,66.84,111.52,0.26458,-1,-1,-1
403,-1,1197.14,376.60,120.41,276.20,0.26147,-1,-1,-1
403,-1,1680.81,475.74,29.55,113.78,0.24748,-1,-1,-1
403,-1,1681.20,424.28,48.61,176.34,0.22830,-1,-1,-1
403,-1,1874.09,465.81,20.25,112.63,0.18866,-1,-1,-1
403,-1,1568.27,407.83,38.97,124.36,0.18688,-1,-1,-1
403,-1,1605.33,427.17,61.91,196.47,0.14287,-1,-1,-1
403,-1,1207.62,360.27,131.76,138.09,0.13518,-1,-1,-1
403,-1,28.53,498.46,83.89,233.90,0.10758,-1,-1,-1
403,-1,86.79,443.01,116.52,313.06,0.09805,-1,-1,-1
403,-1,1799.37,424.69,56.15,183.56,0.09679,-1,-1,-1
403,-1,1900.59,472.23,19.41,114.57,0.08986,-1,-1,-1
403,-1,867.20,442.28,72.72,222.98,0.08576,-1,-1,-1
403,-1,696.90,337.46,55.38,194.96,0.07848,-1,-1,-1
403,-1,245.27,524.82,45.47,153.08,0.07769,-1,-1,-1
403,-1,576.07,397.92,42.28,111.51,0.06398,-1,-1,-1
404,-1,890.48,311.35,207.20,527.08,0.99953,-1,-1,-1
404,-1,659.79,323.55,203.22,511.43,0.99915,-1,-1,-1
404,-1,1575.62,412.43,90.94,252.63,0.99871,-1,-1,-1
404,-1,1685.50,409.40,133.13,268.64,0.99537,-1,-1,-1
404,-1,1823.50,444.83,66.28,188.94,0.98994,-1,-1,-1
404,-1,1765.94,407.22,79.22,245.51,0.98674,-1,-1,-1
404,-1,1213.36,452.82,61.35,187.07,0.98528,-1,-1,-1
404,-1,1566.97,409.25,46.45,234.54,0.84699,-1,-1,-1
404,-1,122.05,533.21,67.50,206.30,0.83950,-1,-1,-1
404,-1,1765.45,404.09,63.82,154.31,0.67491,-1,-1,-1
404,-1,1888.84,445.43,28.34,117.96,0.66415,-1,-1,-1
404,-1,48.86,564.05,63.13,183.84,0.46562,-1,-1,-1
404,-1,1680.42,478.35,30.76,108.78,0.43297,-1,-1,-1
404,-1,246.91,517.32,48.41,59.51,0.29969,-1,-1,-1
404,-1,1680.58,427.33,50.28,170.64,0.28304,-1,-1,-1
404,-1,1262.67,361.96,81.78,113.12,0.21821,-1,-1,-1
404,-1,1499.73,427.35,45.82,191.25,0.20877,-1,-1,-1
404,-1,29.52,488.00,90.01,264.77,0.15740,-1,-1,-1
404,-1,1193.70,369.77,143.68,278.26,0.13929,-1,-1,-1
404,-1,1216.93,357.67,122.63,138.27,0.11155,-1,-1,-1
404,-1,88.58,445.03,115.20,304.30,0.10833,-1,-1,-1
404,-1,245.14,525.34,45.13,152.90,0.06992,-1,-1,-1
404,-1,1864.44,446.29,14.64,26.89,0.06495,-1,-1,-1
404,-1,1873.49,470.04,21.93,108.20,0.06420,-1,-1,-1
404,-1,575.75,396.20,43.20,113.73,0.05234,-1,-1,-1
405,-1,689.79,324.66,175.36,502.29,0.99955,-1,-1,-1
405,-1,881.69,308.28,198.86,531.39,0.99948,-1,-1,-1
405,-1,1582.01,415.12,84.72,257.05,0.99769,-1,-1,-1
405,-1,1698.26,412.43,126.56,260.89,0.99321,-1,-1,-1
405,-1,1830.20,445.09,66.70,186.09,0.99066,-1,-1,-1
405,-1,1767.28,405.20,76.44,236.71,0.98798,-1,-1,-1
405,-1,1224.23,454.40,52.28,188.29,0.97949,-1,-1,-1
405,-1,1572.10,405.64,48.08,246.02,0.84169,-1,-1,-1
405,-1,124.65,525.51,66.57,211.96,0.81352,-1,-1,-1
405,-1,1679.55,474.61,34.61,114.04,0.77197,-1,-1,-1
405,-1,1888.77,444.58,27.08,110.73,0.53026,-1,-1,-1
405,-1,1268.30,359.54,77.06,114.36,0.37582,-1,-1,-1
405,-1,40.37,541.18,69.90,213.26,0.33454,-1,-1,-1
405,-1,246.46,516.80,48.84,59.53,0.18577,-1,-1,-1
405,-1,1500.01,435.75,46.68,179.12,0.16013,-1,-1,-1
405,-1,18.79,476.58,97.76,312.69,0.15499,-1,-1,-1
405,-1,1683.07,425.72,53.39,168.79,0.15116,-1,-1,-1
405,-1,1215.52,392.71,97.86,249.80,0.10977,-1,-1,-1
405,-1,1773.04,427.95,83.94,140.92,0.09721,-1,-1,-1
405,-1,1803.09,429.31,62.50,193.38,0.08467,-1,-1,-1
405,-1,1893.83,466.06,26.17,116.69,0.07980,-1,-1,-1
405,-1,1734.42,406.65,28.01,52.76,0.06471,-1,-1,-1
405,-1,1880.25,457.19,25.45,127.80,0.06301,-1,-1,-1
405,-1,1890.72,447.75,21.22,70.09,0.05607,-1,-1,-1
406,-1,879.78,311.80,186.69,530.67,0.99978,-1,-1,-1
406,-1,716.92,313.77,155.68,509.26,0.99890,-1,-1,-1
406,-1,1588.13,418.21,81.48,255.03,0.99550,-1,-1,-1
406,-1,1705.15,414.47,112.26,257.72,0.99442,-1,-1,-1
406,-1,1835.57,449.19,62.97,177.65,0.99391,-1,-1,-1
406,-1,1226.88,451.73,51.38,190.51,0.99039,-1,-1,-1
406,-1,1767.64,405.46,83.38,249.64,0.99013,-1,-1,-1
406,-1,1572.41,405.63,51.24,248.37,0.94251,-1,-1,-1
406,-1,1681.03,473.84,36.12,116.57,0.81037,-1,-1,-1
406,-1,124.23,510.71,73.63,229.72,0.79179,-1,-1,-1
406,-1,1889.33,444.10,25.39,100.53,0.58669,-1,-1,-1
406,-1,1808.82,431.50,70.75,207.03,0.44301,-1,-1,-1
406,-1,1270.36,359.30,74.89,114.05,0.42999,-1,-1,-1
406,-1,1633.96,434.14,45.50,224.48,0.39395,-1,-1,-1
406,-1,40.28,545.03,69.84,210.99,0.35461,-1,-1,-1
406,-1,1688.43,435.74,45.78,156.32,0.21369,-1,-1,-1
406,-1,246.82,516.53,49.01,59.33,0.19105,-1,-1,-1
406,-1,1764.59,401.17,75.40,149.09,0.18953,-1,-1,-1
406,-1,1196.09,378.01,130.92,267.77,0.11602,-1,-1,-1
406,-1,1890.45,446.39,20.07,51.13,0.09281,-1,-1,-1
406,-1,1734.33,406.44,26.51,50.82,0.07796,-1,-1,-1
406,-1,709.03,342.61,87.87,438.94,0.07238,-1,-1,-1
406,-1,1881.77,450.44,25.73,134.19,0.06552,-1,-1,-1
406,-1,1498.83,432.47,47.79,180.57,0.05835,-1,-1,-1
406,-1,1651.04,450.81,33.84,177.62,0.05487,-1,-1,-1
406,-1,1608.67,338.55,34.91,117.12,0.05342,-1,-1,-1
406,-1,774.68,357.73,123.59,435.92,0.05102,-1,-1,-1
407,-1,870.60,300.38,187.77,547.76,0.99909,-1,-1,-1
407,-1,740.69,326.52,134.17,497.87,0.99816,-1,-1,-1
407,-1,1712.07,413.75,108.57,259.05,0.99633,-1,-1,-1
407,-1,1590.67,419.85,93.04,253.10,0.99548,-1,-1,-1
407,-1,1841.36,447.37,57.11,178.13,0.99224,-1,-1,-1
407,-1,1233.15,451.14,49.85,192.71,0.99137,-1,-1,-1
407,-1,1770.88,402.80,80.96,247.91,0.99018,-1,-1,-1
407,-1,1578.11,408.42,47.79,233.84,0.96227,-1,-1,-1
407,-1,1681.71,472.85,41.75,114.20,0.87509,-1,-1,-1
407,-1,123.11,521.09,71.88,219.12,0.81673,-1,-1,-1
407,-1,1889.68,443.70,23.53,99.62,0.50618,-1,-1,-1
407,-1,41.48,546.02,68.90,208.91,0.39403,-1,-1,-1
407,-1,1266.30,358.75,79.48,116.75,0.38554,-1,-1,-1
407,-1,772.48,305.27,195.74,536.71,0.30158,-1,-1,-1
407,-1,1639.98,445.82,46.95,213.31,0.29837,-1,-1,-1
407,-1,245.73,520.20,47.35,59.24,0.25128,-1,-1,-1
407,-1,1774.51,402.27,75.48,127.90,0.22244,-1,-1,-1
407,-1,17.87,476.36,97.51,308.43,0.22202,-1,-1,-1
407,-1,1203.03,368.82,132.02,273.22,0.16106,-1,-1,-1
407,-1,1891.38,446.84,18.82,47.85,0.10964,-1,-1,-1
407,-1,1803.64,440.48,51.23,214.70,0.10294,-1,-1,-1
407,-1,89.00,446.88,114.18,306.59,0.09411,-1,-1,-1
407,-1,811.19,394.92,92.09,392.31,0.08910,-1,-1,-1
407,-1,44.25,500.76,127.58,259.52,0.08484,-1,-1,-1
407,-1,1610.20,338.05,35.80,113.65,0.05887,-1,-1,-1
407,-1,575.18,398.19,43.86,110.93,0.05852,-1,-1,-1
407,-1,1656.05,456.31,30.53,139.75,0.05769,-1,-1,-1
407,-1,1211.84,358.93,128.64,135.28,0.05431,-1,-1,-1
407,-1,1661.82,467.16,19.73,90.81,0.05400,-1,-1,-1
408,-1,879.58,291.27,173.54,576.93,0.99947,-1,-1,-1
408,-1,744.90,321.34,137.59,495.84,0.99721,-1,-1,-1
408,-1,1715.10,413.86,108.11,259.42,0.99677,-1,-1,-1
408,-1,1593.01,419.45,102.06,250.83,0.99663,-1,-1,-1
408,-1,1842.71,445.57,57.29,180.54,0.99303,-1,-1,-1
408,-1,1234.05,448.48,54.68,195.83,0.99275,-1,-1,-1
408,-1,1776.11,401.70,81.82,251.16,0.99047,-1,-1,-1
408,-1,1578.36,410.63,49.23,229.57,0.95450,-1,-1,-1
408,-1,1683.05,473.16,41.46,114.34,0.90516,-1,-1,-1
408,-1,121.17,536.02,68.24,202.95,0.82474,-1,-1,-1
408,-1,1269.81,359.40,75.66,114.49,0.41476,-1,-1,-1
408,-1,1890.08,444.12,21.56,97.85,0.38268,-1,-1,-1
408,-1,46.95,560.35,66.05,189.73,0.33737,-1,-1,-1
408,-1,1752.99,404.46,81.55,218.08,0.32692,-1,-1,-1
408,-1,784.75,310.22,197.53,534.31,0.29529,-1,-1,-1
408,-1,1633.67,448.79,62.33,201.64,0.21879,-1,-1,-1
408,-1,245.89,519.95,47.31,59.15,0.21343,-1,-1,-1
408,-1,1806.05,430.12,86.77,207.02,0.14312,-1,-1,-1
408,-1,19.50,479.26,96.37,301.52,0.14103,-1,-1,-1
408,-1,1879.60,445.80,33.77,136.31,0.12951,-1,-1,-1
408,-1,1208.00,378.63,114.98,266.90,0.12850,-1,-1,-1
408,-1,92.71,446.34,110.70,304.28,0.12502,-1,-1,-1
408,-1,803.64,413.35,99.14,380.55,0.09912,-1,-1,-1
408,-1,1696.26,468.03,41.34,127.71,0.09750,-1,-1,-1
408,-1,51.27,501.85,126.80,256.91,0.06844,-1,-1,-1
408,-1,575.75,395.76,43.04,112.68,0.05515,-1,-1,-1
408,-1,1893.41,445.88,17.77,55.04,0.05489,-1,-1,-1
409,-1,867.08,299.56,182.04,555.04,0.99945,-1,-1,-1
409,-1,1595.46,417.83,107.55,250.66,0.99704,-1,-1,-1
409,-1,1720.30,414.03,106.57,254.99,0.99649,-1,-1,-1
409,-1,1236.16,452.92,58.21,189.12,0.99476,-1,-1,-1
409,-1,1778.23,403.09,84.44,241.57,0.99406,-1,-1,-1
409,-1,1849.35,445.46,58.88,178.85,0.99334,-1,-1,-1
409,-1,777.95,325.40,109.76,505.92,0.99196,-1,-1,-1
409,-1,1583.74,412.46,49.18,223.47,0.91556,-1,-1,-1
409,-1,1682.81,473.60,40.91,114.06,0.90034,-1,-1,-1
409,-1,122.09,534.32,67.07,204.90,0.82143,-1,-1,-1
409,-1,1872.90,445.61,39.24,152.64,0.43728,-1,-1,-1
409,-1,1269.28,359.17,76.78,116.39,0.40369,-1,-1,-1
409,-1,1888.32,442.44,23.76,103.14,0.38193,-1,-1,-1
409,-1,41.45,560.86,67.82,193.10,0.26900,-1,-1,-1
409,-1,1801.96,432.49,88.23,206.81,0.22911,-1,-1,-1
409,-1,246.63,516.64,48.35,60.33,0.20081,-1,-1,-1
409,-1,757.29,337.40,102.97,372.17,0.15431,-1,-1,-1
409,-1,1707.48,484.19,28.88,102.52,0.14476,-1,-1,-1
409,-1,1211.30,376.11,124.07,266.83,0.14459,-1,-1,-1
409,-1,1634.95,451.34,70.78,187.36,0.10705,-1,-1,-1
409,-1,13.50,500.66,97.11,237.96,0.09492,-1,-1,-1
409,-1,1896.40,449.43,23.60,106.17,0.08931,-1,-1,-1
409,-1,1717.99,418.40,56.27,204.74,0.07987,-1,-1,-1
409,-1,1894.59,518.65,24.32,64.69,0.05997,-1,-1,-1
409,-1,575.55,396.09,43.15,113.08,0.05723,-1,-1,-1
409,-1,46.55,502.26,129.08,256.56,0.05360,-1,-1,-1
410,-1,853.44,304.48,182.33,551.98,0.99960,-1,-1,-1
410,-1,1598.92,416.59,111.48,248.41,0.99777,-1,-1,-1
410,-1,1720.30,414.78,110.94,255.96,0.99640,-1,-1,-1
410,-1,1784.72,399.83,81.50,250.00,0.99430,-1,-1,-1
410,-1,1240.30,452.75,61.14,190.28,0.99321,-1,-1,-1
410,-1,1853.91,448.16,54.97,175.18,0.98084,-1,-1,-1
410,-1,774.03,351.00,127.62,472.60,0.97796,-1,-1,-1
410,-1,1592.81,411.96,52.31,232.80,0.95581,-1,-1,-1
410,-1,1682.74,469.54,41.30,117.04,0.86028,-1,-1,-1
410,-1,122.48,519.12,72.70,220.01,0.80261,-1,-1,-1
410,-1,794.94,333.75,83.49,169.30,0.64807,-1,-1,-1
410,-1,1881.49,445.30,34.69,150.57,0.55534,-1,-1,-1
410,-1,1223.37,376.51,111.29,266.26,0.54248,-1,-1,-1
410,-1,36.98,547.78,72.83,206.49,0.34266,-1,-1,-1
410,-1,1269.16,357.31,75.32,122.48,0.31387,-1,-1,-1
410,-1,795.19,394.93,68.68,128.35,0.31245,-1,-1,-1
410,-1,1597.32,410.25,46.42,132.69,0.27748,-1,-1,-1
410,-1,753.28,346.45,123.48,331.82,0.25592,-1,-1,-1
410,-1,246.74,517.22,47.75,60.18,0.22477,-1,-1,-1
410,-1,1889.34,443.86,21.54,86.27,0.19541,-1,-1,-1
410,-1,1895.68,457.93,24.32,130.71,0.15874,-1,-1,-1
410,-1,1593.59,425.89,33.82,160.00,0.11315,-1,-1,-1
410,-1,1706.65,430.67,41.93,161.79,0.10994,-1,-1,-1
410,-1,575.68,394.94,43.04,113.02,0.10618,-1,-1,-1
410,-1,1707.19,478.31,30.45,108.27,0.08046,-1,-1,-1
410,-1,714.82,340.24,153.59,220.93,0.07800,-1,-1,-1
410,-1,1719.14,420.52,50.43,178.14,0.06617,-1,-1,-1
410,-1,1498.80,436.04,49.17,177.97,0.05333,-1,-1,-1
410,-1,811.33,411.61,70.21,100.26,0.05286,-1,-1,-1
411,-1,843.64,295.03,191.64,566.66,0.99940,-1,-1,-1
411,-1,1600.07,417.28,112.01,247.28,0.99791,-1,-1,-1
411,-1,1721.56,415.24,113.57,256.55,0.99666,-1,-1,-1
411,-1,1242.73,453.49,67.23,190.18,0.99315,-1,-1,-1
411,-1,1782.53,398.66,88.68,247.55,0.99232,-1,-1,-1
411,-1,1858.85,450.03,50.10,174.59,0.96832,-1,-1,-1
411,-1,776.62,358.66,119.14,463.14,0.95890,-1,-1,-1
411,-1,1592.97,409.68,54.98,234.20,0.94347,-1,-1,-1
411,-1,125.39,528.46,65.65,210.37,0.86652,-1,-1,-1
411,-1,1682.03,463.03,44.06,124.03,0.81685,-1,-1,-1
411,-1,1229.92,381.02,104.51,260.03,0.75264,-1,-1,-1
411,-1,1840.84,438.76,39.36,195.59,0.65711,-1,-1,-1
411,-1,33.86,508.87,79.60,247.67,0.58339,-1,-1,-1
411,-1,1878.42,447.79,38.23,156.94,0.57222,-1,-1,-1
411,-1,807.34,334.79,75.45,112.10,0.49585,-1,-1,-1
411,-1,246.50,516.99,48.12,60.45,0.37859,-1,-1,-1
411,-1,1265.39,357.17,79.60,123.10,0.22854,-1,-1,-1
411,-1,1771.97,402.89,73.76,184.69,0.16895,-1,-1,-1
411,-1,1695.84,461.34,46.64,130.10,0.16105,-1,-1,-1
411,-1,796.02,339.89,89.10,239.91,0.13923,-1,-1,-1
411,-1,1598.49,400.38,50.23,133.86,0.12530,-1,-1,-1
411,-1,92.53,451.78,110.32,294.51,0.11273,-1,-1,-1
411,-1,1892.19,479.96,27.46,114.95,0.08498,-1,-1,-1
411,-1,1652.98,432.89,62.34,198.62,0.08124,-1,-1,-1
411,-1,246.41,522.39,48.43,149.43,0.08027,-1,-1,-1
411,-1,1499.48,441.16,50.18,166.42,0.06742,-1,-1,-1
411,-1,806.41,399.89,62.52,109.84,0.06452,-1,-1,-1
411,-1,575.26,396.13,43.67,112.96,0.05888,-1,-1,-1
411,-1,783.00,617.76,122.90,193.97,0.05238,-1,-1,-1
411,-1,1609.09,338.35,36.58,126.04,0.05219,-1,-1,-1
412,-1,807.52,307.12,222.13,556.69,0.99946,-1,-1,-1
412,-1,1608.82,416.26,100.23,250.90,0.99778,-1,-1,-1
412,-1,1727.11,417.09,109.32,252.00,0.99538,-1,-1,-1
412,-1,1785.03,397.75,121.71,247.93,0.99363,-1,-1,-1
412,-1,1242.14,449.40,77.01,194.64,0.99239,-1,-1,-1
412,-1,1602.70,405.02,59.54,258.91,0.97833,-1,-1,-1
412,-1,125.24,529.81,66.05,209.84,0.88972,-1,-1,-1
412,-1,777.61,334.87,109.53,480.71,0.80180,-1,-1,-1
412,-1,1841.36,437.75,71.33,194.82,0.79886,-1,-1,-1
412,-1,38.00,505.31,75.76,252.59,0.75667,-1,-1,-1
412,-1,1687.65,464.27,36.39,120.95,0.72547,-1,-1,-1
412,-1,1220.54,369.01,120.06,274.17,0.69845,-1,-1,-1
412,-1,1882.86,446.23,33.59,140.68,0.63285,-1,-1,-1
412,-1,1773.56,413.42,84.22,247.06,0.55748,-1,-1,-1
412,-1,810.94,341.54,80.63,135.36,0.50024,-1,-1,-1
412,-1,246.06,516.67,49.02,63.11,0.48680,-1,-1,-1
412,-1,1673.56,445.77,50.89,175.01,0.37253,-1,-1,-1
412,-1,1273.81,358.20,71.73,117.96,0.25978,-1,-1,-1
412,-1,245.49,518.67,47.23,157.32,0.19184,-1,-1,-1
412,-1,799.26,347.37,93.44,239.26,0.12900,-1,-1,-1
412,-1,1703.45,431.48,40.25,156.72,0.12071,-1,-1,-1
412,-1,13.21,522.64,77.93,230.51,0.10618,-1,-1,-1
412,-1,1227.16,359.17,114.18,149.89,0.10472,-1,-1,-1
412,-1,93.76,447.37,109.70,299.04,0.09852,-1,-1,-1
412,-1,1722.67,422.75,60.34,221.05,0.09641,-1,-1,-1
412,-1,0.00,524.27,35.50,186.66,0.07670,-1,-1,-1
412,-1,2.69,504.20,64.80,180.05,0.05945,-1,-1,-1
413,-1,778.62,305.70,240.18,565.35,0.99944,-1,-1,-1
413,-1,1612.96,417.19,99.67,249.53,0.99764,-1,-1,-1
413,-1,1730.73,416.73,108.38,253.83,0.99637,-1,-1,-1
413,-1,1787.97,399.08,122.37,244.66,0.99558,-1,-1,-1
413,-1,1244.11,448.26,86.35,195.91,0.98588,-1,-1,-1
413,-1,1605.01,403.14,56.61,257.44,0.96831,-1,-1,-1
413,-1,123.39,522.11,72.06,217.14,0.87864,-1,-1,-1
413,-1,1843.63,438.42,71.94,193.64,0.71100,-1,-1,-1
413,-1,830.72,341.50,59.56,94.60,0.61476,-1,-1,-1
413,-1,41.51,524.35,69.86,230.34,0.55821,-1,-1,-1
413,-1,1693.10,463.09,28.64,122.89,0.55517,-1,-1,-1
413,-1,1211.58,377.65,133.82,267.72,0.51532,-1,-1,-1
413,-1,1656.88,428.17,61.25,222.86,0.49387,-1,-1,-1
413,-1,246.13,516.63,49.17,62.78,0.46152,-1,-1,-1
413,-1,1880.96,449.83,36.64,149.94,0.43996,-1,-1,-1
413,-1,1679.51,442.56,41.44,180.36,0.43072,-1,-1,-1
413,-1,780.13,353.66,104.80,441.38,0.24840,-1,-1,-1
413,-1,245.66,519.54,46.43,156.49,0.18487,-1,-1,-1
413,-1,1261.33,356.92,83.09,127.46,0.15481,-1,-1,-1
413,-1,1729.02,421.07,43.04,204.09,0.13984,-1,-1,-1
413,-1,817.64,347.29,68.94,135.65,0.09341,-1,-1,-1
413,-1,1216.63,359.41,123.57,160.64,0.09061,-1,-1,-1
413,-1,950.42,490.58,59.98,217.31,0.08662,-1,-1,-1
413,-1,574.91,396.67,44.56,113.28,0.07519,-1,-1,-1
413,-1,952.45,608.89,41.99,106.66,0.06944,-1,-1,-1
413,-1,1704.35,431.25,38.05,161.50,0.05745,-1,-1,-1
414,-1,770.41,298.55,245.75,570.66,0.99959,-1,-1,-1
414,-1,1621.84,420.96,92.50,244.84,0.99818,-1,-1,-1
414,-1,1735.22,416.01,107.96,253.06,0.99644,-1,-1,-1
414,-1,1791.18,399.83,119.10,244.33,0.99567,-1,-1,-1
414,-1,1248.33,455.92,87.31,190.12,0.97447,-1,-1,-1
414,-1,1611.72,408.84,44.28,234.93,0.94692,-1,-1,-1
414,-1,122.78,530.35,72.45,207.15,0.87079,-1,-1,-1
414,-1,1214.98,361.71,127.10,283.56,0.84462,-1,-1,-1
414,-1,1860.61,448.59,56.78,176.24,0.75388,-1,-1,-1
414,-1,37.84,521.53,72.77,234.19,0.50786,-1,-1,-1
414,-1,246.25,517.54,46.34,60.80,0.45943,-1,-1,-1
414,-1,1888.73,445.86,28.17,98.43,0.23819,-1,-1,-1
414,-1,1724.80,422.67,45.66,205.27,0.23263,-1,-1,-1
414,-1,245.69,519.08,45.36,155.59,0.16977,-1,-1,-1
414,-1,1658.40,423.45,60.06,195.66,0.15387,-1,-1,-1
414,-1,1264.76,357.19,79.54,124.88,0.11833,-1,-1,-1
414,-1,1715.43,419.33,84.30,228.62,0.11536,-1,-1,-1
414,-1,944.99,610.10,55.36,108.41,0.08975,-1,-1,-1
414,-1,1715.60,419.64,38.08,186.05,0.07984,-1,-1,-1
414,-1,1688.20,438.94,35.66,152.26,0.07433,-1,-1,-1
414,-1,574.55,396.57,44.37,112.24,0.06427,-1,-1,-1
414,-1,944.28,491.44,65.49,219.82,0.06387,-1,-1,-1
414,-1,1697.74,462.27,23.64,112.66,0.06260,-1,-1,-1
414,-1,1893.11,464.36,26.89,110.19,0.06251,-1,-1,-1
414,-1,1498.95,437.17,49.06,172.17,0.06234,-1,-1,-1
414,-1,759.88,378.07,109.64,389.74,0.05901,-1,-1,-1
415,-1,763.50,294.64,242.01,587.91,0.99958,-1,-1,-1
415,-1,1625.75,414.61,92.89,250.48,0.99882,-1,-1,-1
415,-1,1737.21,418.00,117.91,254.16,0.99678,-1,-1,-1
415,-1,1804.78,405.63,91.16,232.80,0.99202,-1,-1,-1
415,-1,1616.17,408.27,54.82,248.23,0.96127,-1,-1,-1
415,-1,1253.14,450.89,89.13,192.78,0.94786,-1,-1,-1
415,-1,121.50,530.42,67.33,209.61,0.90082,-1,-1,-1
415,-1,1860.42,446.51,56.19,178.89,0.89865,-1,-1,-1
415,-1,1216.27,361.70,126.97,281.97,0.71790,-1,-1,-1
415,-1,32.64,536.11,80.26,220.46,0.71027,-1,-1,-1
415,-1,246.29,517.23,47.61,60.97,0.37598,-1,-1,-1
415,-1,1616.59,424.87,31.98,185.43,0.21737,-1,-1,-1
415,-1,1265.87,357.94,80.83,124.79,0.18287,-1,-1,-1
415,-1,1896.88,462.36,23.12,119.51,0.17461,-1,-1,-1
415,-1,1892.38,444.21,21.34,70.29,0.12296,-1,-1,-1
415,-1,1729.74,420.10,36.76,207.89,0.10595,-1,-1,-1
415,-1,753.90,402.66,112.89,365.34,0.08893,-1,-1,-1
415,-1,4.09,505.89,99.03,204.94,0.07302,-1,-1,-1
415,-1,1499.45,439.63,49.67,166.07,0.06865,-1,-1,-1
416,-1,778.97,290.24,222.77,588.42,0.99908,-1,-1,-1
416,-1,1631.42,417.42,95.30,247.91,0.99834,-1,-1,-1
416,-1,1740.67,417.80,110.50,252.55,0.99710,-1,-1,-1
416,-1,1804.23,409.25,98.48,238.10,0.99264,-1,-1,-1
416,-1,1251.34,447.45,89.92,196.61,0.96837,-1,-1,-1
416,-1,1618.83,409.85,52.47,244.35,0.95626,-1,-1,-1
416,-1,1864.47,445.63,53.79,180.74,0.91057,-1,-1,-1
416,-1,121.39,530.69,67.13,208.74,0.89654,-1,-1,-1
416,-1,42.72,506.96,69.47,257.74,0.73114,-1,-1,-1
416,-1,1217.23,361.74,130.46,279.88,0.55795,-1,-1,-1
416,-1,246.50,517.28,48.24,60.16,0.46400,-1,-1,-1
416,-1,1002.17,508.37,48.39,184.24,0.26617,-1,-1,-1
416,-1,26.04,502.20,79.32,164.77,0.18608,-1,-1,-1
416,-1,1901.60,481.68,18.40,71.18,0.18535,-1,-1,-1
416,-1,1890.98,451.13,29.02,166.61,0.18081,-1,-1,-1
416,-1,0.00,520.33,41.29,129.86,0.14767,-1,-1,-1
416,-1,1267.68,358.60,79.24,128.80,0.12517,-1,-1,-1
416,-1,971.85,514.35,73.50,200.34,0.11122,-1,-1,-1
416,-1,738.77,409.47,95.43,100.49,0.08812,-1,-1,-1
416,-1,575.60,398.84,43.26,109.64,0.07965,-1,-1,-1
416,-1,1880.85,447.37,29.31,73.62,0.07461,-1,-1,-1
416,-1,104.45,467.93,107.87,286.79,0.07311,-1,-1,-1
416,-1,1498.79,442.67,50.04,155.00,0.07040,-1,-1,-1
417,-1,769.60,281.13,226.01,596.09,0.99956,-1,-1,-1
417,-1,1633.89,415.23,105.89,248.49,0.99705,-1,-1,-1
417,-1,1745.19,420.02,110.44,249.63,0.99588,-1,-1,-1
417,-1,1810.37,403.65,97.12,238.40,0.99286,-1,-1,-1
417,-1,1621.89,410.66,48.26,232.67,0.97987,-1,-1,-1
417,-1,1256.60,442.62,84.64,198.75,0.94742,-1,-1,-1
417,-1,122.01,529.46,67.98,211.49,0.94389,-1,-1,-1
417,-1,1864.14,446.45,52.29,181.63,0.86447,-1,-1,-1
417,-1,42.15,504.15,72.10,247.22,0.79953,-1,-1,-1
417,-1,1217.07,357.80,129.33,282.45,0.77305,-1,-1,-1
417,-1,997.06,513.25,58.66,177.34,0.59238,-1,-1,-1
417,-1,1735.30,435.81,31.84,178.85,0.49669,-1,-1,-1
417,-1,246.54,517.26,48.10,59.76,0.45299,-1,-1,-1
417,-1,1895.72,452.37,24.28,166.55,0.44692,-1,-1,-1
417,-1,1498.86,452.25,55.72,145.02,0.33893,-1,-1,-1
417,-1,0.00,511.55,41.84,183.74,0.29691,-1,-1,-1
417,-1,1903.87,477.95,16.13,84.87,0.27843,-1,-1,-1
417,-1,1792.94,414.11,65.32,228.41,0.24719,-1,-1,-1
417,-1,8.34,511.47,85.13,266.06,0.24582,-1,-1,-1
417,-1,1741.77,424.36,45.80,221.18,0.21969,-1,-1,-1
417,-1,1670.29,427.39,70.45,173.38,0.17965,-1,-1,-1
417,-1,51.81,527.48,122.34,227.27,0.17498,-1,-1,-1
417,-1,1881.23,447.06,28.79,76.32,0.10959,-1,-1,-1
417,-1,1257.44,358.73,91.74,170.38,0.10147,-1,-1,-1
417,-1,20.36,503.48,83.09,151.15,0.09109,-1,-1,-1
417,-1,7.59,538.53,48.68,226.39,0.06851,-1,-1,-1
417,-1,734.83,383.32,88.94,286.26,0.05698,-1,-1,-1
418,-1,753.68,276.57,239.40,608.90,0.99958,-1,-1,-1
418,-1,1633.69,415.19,108.73,249.77,0.99663,-1,-1,-1
418,-1,1747.15,417.20,111.40,250.20,0.99621,-1,-1,-1
418,-1,1814.28,402.22,96.49,237.68,0.98757,-1,-1,-1
418,-1,1624.13,412.16,52.24,220.13,0.97149,-1,-1,-1
418,-1,121.74,522.41,70.40,219.75,0.93195,-1,-1,-1
418,-1,1264.84,442.25,76.52,194.31,0.92679,-1,-1,-1
418,-1,1867.82,450.67,51.04,175.06,0.88481,-1,-1,-1
418,-1,931.85,351.00,23.91,53.28,0.68776,-1,-1,-1
418,-1,12.05,502.18,96.10,247.54,0.65420,-1,-1,-1
418,-1,1905.07,467.39,14.93,141.75,0.50142,-1,-1,-1
418,-1,1739.25,433.66,33.49,185.02,0.49753,-1,-1,-1
418,-1,1239.97,360.92,107.04,282.01,0.44635,-1,-1,-1
418,-1,1498.72,448.35,55.66,150.09,0.22970,-1,-1,-1
418,-1,1747.03,423.41,55.28,241.85,0.22344,-1,-1,-1
418,-1,246.45,517.27,47.43,58.51,0.21726,-1,-1,-1
418,-1,0.00,505.01,45.99,183.91,0.21302,-1,-1,-1
418,-1,1881.12,447.02,29.50,74.70,0.19952,-1,-1,-1
418,-1,998.33,512.71,57.43,172.31,0.18254,-1,-1,-1
418,-1,1252.08,355.13,95.36,140.77,0.16164,-1,-1,-1
418,-1,32.21,507.76,79.70,155.56,0.15147,-1,-1,-1
418,-1,47.27,521.31,121.29,238.45,0.11869,-1,-1,-1
418,-1,1617.15,444.02,16.90,150.55,0.10944,-1,-1,-1
418,-1,1622.02,428.47,28.95,171.38,0.09719,-1,-1,-1
418,-1,1693.88,430.03,55.61,179.19,0.07344,-1,-1,-1
418,-1,31.87,593.55,76.91,150.44,0.07315,-1,-1,-1
418,-1,1742.94,442.11,24.05,83.25,0.07118,-1,-1,-1
418,-1,4.75,523.75,65.60,255.32,0.05716,-1,-1,-1
418,-1,575.53,396.93,43.03,118.96,0.05701,-1,-1,-1
419,-1,753.22,277.03,239.81,604.07,0.99946,-1,-1,-1
419,-1,1634.80,413.02,112.64,249.59,0.99695,-1,-1,-1
419,-1,1749.26,418.18,107.38,253.18,0.99566,-1,-1,-1
419,-1,1811.02,404.21,87.42,247.06,0.99449,-1,-1,-1
419,-1,1629.66,408.16,56.90,232.58,0.95408,-1,-1,-1
419,-1,1882.13,453.17,37.79,168.59,0.90387,-1,-1,-1
419,-1,121.61,528.45,67.50,212.90,0.87320,-1,-1,-1
419,-1,1280.95,445.76,62.94,199.38,0.84986,-1,-1,-1
419,-1,919.16,345.69,45.07,63.34,0.84597,-1,-1,-1
419,-1,32.73,530.08,79.72,226.11,0.79082,-1,-1,-1
419,-1,1848.80,433.77,68.54,195.14,0.74738,-1,-1,-1
419,-1,1625.67,419.25,37.99,191.47,0.60225,-1,-1,-1
419,-1,1242.18,375.51,102.87,272.50,0.51018,-1,-1,-1
419,-1,1618.34,430.29,20.49,169.00,0.47750,-1,-1,-1
419,-1,1738.20,439.44,34.11,168.74,0.45512,-1,-1,-1
419,-1,895.12,335.24,108.69,448.77,0.28426,-1,-1,-1
419,-1,1883.25,448.54,31.87,65.51,0.27348,-1,-1,-1
419,-1,1255.65,355.21,92.46,145.09,0.21829,-1,-1,-1
419,-1,1903.67,472.56,16.33,106.67,0.16704,-1,-1,-1
419,-1,246.44,517.15,47.33,59.81,0.15047,-1,-1,-1
419,-1,1684.04,427.43,69.15,178.94,0.14200,-1,-1,-1
419,-1,994.92,508.34,64.05,179.57,0.13650,-1,-1,-1
419,-1,0.00,518.61,47.32,165.88,0.13338,-1,-1,-1
419,-1,1895.81,446.98,24.19,86.47,0.11630,-1,-1,-1
419,-1,98.11,456.37,100.86,291.71,0.09355,-1,-1,-1
419,-1,1499.68,454.69,56.04,150.02,0.09063,-1,-1,-1
419,-1,4.70,524.66,66.09,231.60,0.07421,-1,-1,-1
419,-1,575.69,398.59,42.89,117.69,0.05654,-1,-1,-1
420,-1,737.27,276.96,231.06,612.52,0.99949,-1,-1,-1
420,-1,1647.29,420.68,106.23,242.95,0.99848,-1,-1,-1
420,-1,1822.90,402.46,91.21,238.37,0.99557,-1,-1,-1
420,-1,1754.89,418.25,107.04,246.96,0.99385,-1,-1,-1
420,-1,909.07,348.21,113.82,404.98,0.99332,-1,-1,-1
420,-1,1287.34,444.74,56.80,199.84,0.96775,-1,-1,-1
420,-1,1639.28,413.34,65.94,240.44,0.96415,-1,-1,-1
420,-1,121.61,523.73,66.81,217.63,0.89780,-1,-1,-1
420,-1,1881.09,449.31,38.62,173.06,0.87522,-1,-1,-1
420,-1,1637.18,414.89,42.89,189.56,0.83707,-1,-1,-1
420,-1,7.04,495.60,106.85,263.32,0.72500,-1,-1,-1
420,-1,1620.17,424.40,30.43,168.03,0.49244,-1,-1,-1
420,-1,1266.33,356.41,83.74,281.05,0.44634,-1,-1,-1
420,-1,246.61,517.43,47.42,59.78,0.28005,-1,-1,-1
420,-1,1640.38,405.93,49.98,125.84,0.26140,-1,-1,-1
420,-1,1750.85,424.01,48.64,210.54,0.24532,-1,-1,-1
420,-1,1901.56,457.58,18.44,144.19,0.23787,-1,-1,-1
420,-1,1739.63,441.56,38.06,165.68,0.22288,-1,-1,-1
420,-1,1277.56,357.57,68.07,123.27,0.18288,-1,-1,-1
420,-1,1884.72,447.87,32.60,67.42,0.13720,-1,-1,-1
420,-1,181.26,458.24,55.34,123.49,0.11677,-1,-1,-1
420,-1,1686.56,437.50,71.21,185.08,0.11583,-1,-1,-1
420,-1,1803.43,408.14,75.26,175.76,0.10513,-1,-1,-1
420,-1,41.00,515.82,115.51,244.45,0.10143,-1,-1,-1
420,-1,713.05,414.42,81.87,308.82,0.09756,-1,-1,-1
420,-1,1.04,527.17,51.38,162.20,0.09696,-1,-1,-1
420,-1,849.01,303.68,139.35,502.25,0.07945,-1,-1,-1
421,-1,719.88,271.25,230.55,623.27,0.99955,-1,-1,-1
421,-1,1654.20,422.43,102.56,241.48,0.99892,-1,-1,-1
421,-1,910.49,336.74,115.51,436.01,0.99765,-1,-1,-1
421,-1,1759.43,416.31,112.41,248.68,0.99512,-1,-1,-1
421,-1,1826.60,403.68,84.55,233.43,0.99417,-1,-1,-1
421,-1,1285.22,440.31,58.27,201.14,0.96186,-1,-1,-1
421,-1,1639.85,409.73,53.06,208.97,0.95775,-1,-1,-1
421,-1,1883.21,447.22,36.54,173.65,0.91462,-1,-1,-1
421,-1,119.39,517.67,68.54,224.91,0.87366,-1,-1,-1
421,-1,16.98,501.07,98.76,251.32,0.59262,-1,-1,-1
421,-1,1268.62,356.23,81.28,278.01,0.56346,-1,-1,-1
421,-1,1904.73,449.79,15.27,160.39,0.42917,-1,-1,-1
421,-1,1618.69,424.01,29.88,168.28,0.36716,-1,-1,-1
421,-1,1888.81,446.87,28.70,86.21,0.27218,-1,-1,-1
421,-1,1272.12,359.32,73.67,130.91,0.16486,-1,-1,-1
421,-1,1.19,532.43,80.03,195.47,0.15874,-1,-1,-1
421,-1,813.93,297.96,191.22,529.48,0.15409,-1,-1,-1
421,-1,703.32,410.25,76.55,299.31,0.14471,-1,-1,-1
421,-1,246.29,517.55,48.51,59.07,0.13830,-1,-1,-1
421,-1,1712.77,440.45,52.41,162.02,0.10959,-1,-1,-1
421,-1,179.67,460.23,58.91,123.39,0.10695,-1,-1,-1
421,-1,1636.54,426.73,29.46,164.70,0.10604,-1,-1,-1
421,-1,1747.73,437.59,37.78,173.95,0.09770,-1,-1,-1
421,-1,43.38,511.60,117.10,247.28,0.08901,-1,-1,-1
421,-1,1759.21,428.19,50.85,228.08,0.08145,-1,-1,-1
421,-1,1641.37,413.36,37.07,142.12,0.06280,-1,-1,-1
421,-1,1754.58,450.34,22.99,137.74,0.05525,-1,-1,-1
421,-1,1220.86,360.10,118.19,167.08,0.05105,-1,-1,-1
422,-1,693.67,272.99,243.30,625.18,0.99970,-1,-1,-1
422,-1,1659.88,421.73,99.66,242.92,0.99895,-1,-1,-1
422,-1,917.33,344.63,121.22,437.20,0.99886,-1,-1,-1
422,-1,1831.55,403.94,78.49,230.81,0.99471,-1,-1,-1
422,-1,1770.74,417.87,105.15,246.60,0.99441,-1,-1,-1
422,-1,1292.53,449.50,52.15,194.51,0.98946,-1,-1,-1
422,-1,1642.10,406.00,53.20,196.56,0.95034,-1,-1,-1
422,-1,119.02,535.68,69.20,206.75,0.89371,-1,-1,-1
422,-1,1887.64,443.87,31.77,176.62,0.81434,-1,-1,-1
422,-1,1758.33,421.82,49.18,214.95,0.68560,-1,-1,-1
422,-1,31.41,517.12,79.80,235.12,0.65830,-1,-1,-1
422,-1,1266.74,369.25,80.40,274.17,0.49368,-1,-1,-1
422,-1,2.93,536.04,69.43,184.28,0.40981,-1,-1,-1
422,-1,245.86,520.04,47.35,58.89,0.29686,-1,-1,-1
422,-1,1706.12,436.01,57.95,170.28,0.27785,-1,-1,-1
422,-1,1901.99,449.25,18.01,158.21,0.26903,-1,-1,-1
422,-1,8.98,515.18,91.77,151.47,0.21135,-1,-1,-1
422,-1,1618.41,426.43,31.99,166.01,0.14708,-1,-1,-1
422,-1,1888.17,445.91,29.89,70.38,0.14174,-1,-1,-1
422,-1,1266.79,358.74,75.76,121.44,0.11590,-1,-1,-1
422,-1,1824.72,408.18,72.90,135.41,0.09304,-1,-1,-1
422,-1,693.35,412.20,85.43,316.21,0.08400,-1,-1,-1
422,-1,246.75,522.71,47.42,148.68,0.08387,-1,-1,-1
422,-1,575.57,398.88,42.97,112.67,0.08160,-1,-1,-1
422,-1,51.47,525.07,120.11,232.31,0.06731,-1,-1,-1
422,-1,1202.07,386.21,140.87,247.11,0.05791,-1,-1,-1
422,-1,1754.60,447.64,31.91,108.69,0.05044,-1,-1,-1
423,-1,664.82,274.09,268.10,627.35,0.99974,-1,-1,-1
423,-1,1661.96,421.75,97.42,243.84,0.99904,-1,-1,-1
423,-1,921.11,347.88,142.34,435.24,0.99870,-1,-1,-1
423,-1,1297.68,447.18,51.75,199.71,0.99466,-1,-1,-1
423,-1,1773.93,416.90,103.89,247.40,0.99368,-1,-1,-1
423,-1,1831.39,400.55,80.64,232.47,0.99354,-1,-1,-1
423,-1,1642.31,409.72,50.94,183.86,0.89625,-1,-1,-1
423,-1,115.50,471.93,84.39,270.31,0.81911,-1,-1,-1
423,-1,1759.82,422.54,46.50,211.53,0.69294,-1,-1,-1
423,-1,35.25,501.99,76.36,252.16,0.60318,-1,-1,-1
423,-1,1889.41,439.50,30.59,180.20,0.59236,-1,-1,-1
423,-1,1.60,525.15,52.19,170.65,0.42846,-1,-1,-1
423,-1,167.57,454.75,54.71,53.82,0.30041,-1,-1,-1
423,-1,19.40,503.73,87.68,141.98,0.29543,-1,-1,-1
423,-1,5.49,501.01,71.42,244.29,0.29495,-1,-1,-1
423,-1,0.38,534.33,53.82,63.40,0.29438,-1,-1,-1
423,-1,1890.99,444.52,28.95,72.84,0.26272,-1,-1,-1
423,-1,245.82,519.73,47.89,58.60,0.23920,-1,-1,-1
423,-1,1713.66,441.54,53.87,165.12,0.17225,-1,-1,-1
423,-1,1618.20,430.14,31.67,161.48,0.14376,-1,-1,-1
423,-1,1269.14,358.62,73.69,119.01,0.12651,-1,-1,-1
423,-1,3.74,523.59,69.95,103.36,0.10629,-1,-1,-1
423,-1,1225.12,362.29,116.59,277.83,0.07331,-1,-1,-1
423,-1,246.47,522.30,48.50,148.97,0.06185,-1,-1,-1
423,-1,167.61,455.20,64.80,120.77,0.05687,-1,-1,-1
423,-1,575.38,399.17,43.46,110.46,0.05112,-1,-1,-1
424,-1,651.90,272.06,275.40,633.17,0.99971,-1,-1,-1
424,-1,1664.49,421.71,100.61,244.72,0.99844,-1,-1,-1
424,-1,925.56,351.44,144.01,431.84,0.99837,-1,-1,-1
424,-1,1835.43,398.96,74.40,238.34,0.99567,-1,-1,-1
424,-1,1301.11,446.73,51.56,199.87,0.99558,-1,-1,-1
424,-1,1773.06,416.31,103.45,246.54,0.99392,-1,-1,-1
424,-1,1642.59,409.48,53.89,185.39,0.93837,-1,-1,-1
424,-1,124.01,529.28,64.88,210.80,0.90111,-1,-1,-1
424,-1,1890.27,442.99,29.53,179.66,0.81518,-1,-1,-1
424,-1,36.18,507.95,77.05,249.27,0.64658,-1,-1,-1
424,-1,1650.51,408.47,70.81,247.39,0.54167,-1,-1,-1
424,-1,1758.73,425.35,43.01,190.15,0.44285,-1,-1,-1
424,-1,1.04,524.54,50.47,170.25,0.44130,-1,-1,-1
424,-1,1712.36,439.40,61.32,170.24,0.37372,-1,-1,-1
424,-1,102.90,455.53,93.58,296.69,0.35689,-1,-1,-1
424,-1,1.34,533.93,52.98,64.36,0.35601,-1,-1,-1
424,-1,1892.79,445.26,26.99,70.04,0.33583,-1,-1,-1
424,-1,167.56,455.48,43.93,58.29,0.30745,-1,-1,-1
424,-1,246.52,517.63,47.77,60.70,0.29261,-1,-1,-1
424,-1,1246.31,362.46,100.88,281.75,0.25926,-1,-1,-1
424,-1,167.06,454.22,60.79,112.85,0.20841,-1,-1,-1
424,-1,4.30,524.29,74.35,224.82,0.14263,-1,-1,-1
424,-1,1618.51,430.91,31.71,162.96,0.11340,-1,-1,-1
424,-1,245.91,525.90,44.79,149.97,0.10615,-1,-1,-1
424,-1,1266.23,357.87,77.13,121.17,0.09155,-1,-1,-1
424,-1,34.80,501.12,73.78,122.07,0.06385,-1,-1,-1
424,-1,671.68,439.90,93.29,310.90,0.05390,-1,-1,-1
425,-1,646.94,269.44,268.91,639.75,0.99959,-1,-1,-1
425,-1,936.19,355.62,144.03,426.39,0.99912,-1,-1,-1
425,-1,1671.61,423.98,100.27,238.63,0.99754,-1,-1,-1
425,-1,1834.64,399.62,78.05,241.82,0.99587,-1,-1,-1
425,-1,1304.82,443.76,58.69,203.63,0.99266,-1,-1,-1
425,-1,1772.56,418.79,108.30,242.15,0.99009,-1,-1,-1
425,-1,122.66,499.10,70.72,238.79,0.94995,-1,-1,-1
425,-1,1650.78,413.76,49.88,190.56,0.92099,-1,-1,-1
425,-1,1897.91,444.17,22.09,175.22,0.72459,-1,-1,-1
425,-1,1759.47,427.84,49.22,200.86,0.71900,-1,-1,-1
425,-1,32.66,518.58,82.26,235.18,0.51522,-1,-1,-1
425,-1,1707.91,436.13,67.73,177.93,0.50027,-1,-1,-1
425,-1,1875.86,437.81,42.97,195.66,0.47675,-1,-1,-1
425,-1,246.04,519.87,46.83,59.40,0.34661,-1,-1,-1
425,-1,1.18,531.80,43.56,156.72,0.29049,-1,-1,-1
425,-1,1638.99,431.03,42.38,164.58,0.17837,-1,-1,-1
425,-1,11.02,538.07,74.02,197.39,0.16670,-1,-1,-1
425,-1,1734.77,442.35,57.55,167.42,0.15026,-1,-1,-1
425,-1,20.78,503.72,87.06,95.52,0.14088,-1,-1,-1
425,-1,575.55,399.01,43.64,114.69,0.14043,-1,-1,-1
425,-1,159.03,460.27,72.46,55.68,0.13761,-1,-1,-1
425,-1,177.26,480.21,57.33,98.89,0.13006,-1,-1,-1
425,-1,1898.31,446.70,21.69,65.46,0.11111,-1,-1,-1
425,-1,160.68,457.82,47.83,119.22,0.10321,-1,-1,-1
425,-1,1276.06,359.39,71.08,120.69,0.10266,-1,-1,-1
425,-1,246.49,522.88,47.84,148.64,0.09374,-1,-1,-1
425,-1,113.25,462.94,47.38,44.61,0.09222,-1,-1,-1
425,-1,1624.05,448.00,37.73,151.00,0.09048,-1,-1,-1
425,-1,183.43,529.39,41.41,52.34,0.08948,-1,-1,-1
425,-1,1723.37,425.20,127.04,219.53,0.07257,-1,-1,-1
425,-1,3.17,478.24,53.74,270.06,0.07209,-1,-1,-1
425,-1,444.12,493.05,20.62,42.84,0.06344,-1,-1,-1
425,-1,420.58,503.19,13.58,28.92,0.06260,-1,-1,-1
425,-1,3.41,510.88,58.69,139.83,0.05616,-1,-1,-1
426,-1,638.96,272.63,271.50,638.44,0.99961,-1,-1,-1
426,-1,936.93,352.15,158.60,422.76,0.99891,-1,-1,-1
426,-1,1673.11,418.72,93.82,238.12,0.99781,-1,-1,-1
426,-1,1833.84,402.73,79.82,238.29,0.99422,-1,-1,-1
426,-1,1306.43,447.33,63.13,197.23,0.99137,-1,-1,-1
426,-1,1775.32,412.21,112.52,246.53,0.98432,-1,-1,-1
426,-1,119.89,510.73,67.59,229.30,0.94034,-1,-1,-1
426,-1,1656.28,411.32,52.18,219.67,0.91494,-1,-1,-1
426,-1,1768.32,425.93,55.11,207.06,0.83035,-1,-1,-1
426,-1,1759.66,431.67,40.76,190.35,0.76157,-1,-1,-1
426,-1,43.91,529.10,69.21,221.46,0.70622,-1,-1,-1
426,-1,1899.62,442.13,20.38,178.30,0.70257,-1,-1,-1
426,-1,1871.91,428.27,45.13,210.76,0.46210,-1,-1,-1
426,-1,1273.25,378.48,91.35,263.68,0.43930,-1,-1,-1
426,-1,138.02,454.11,52.76,126.28,0.33741,-1,-1,-1
426,-1,9.26,538.74,85.29,212.63,0.30303,-1,-1,-1
426,-1,33.41,507.61,78.45,92.28,0.29755,-1,-1,-1
426,-1,246.51,516.51,48.03,61.09,0.29394,-1,-1,-1
426,-1,3.21,534.17,53.32,182.41,0.28401,-1,-1,-1
426,-1,1715.08,435.15,60.72,173.76,0.22053,-1,-1,-1
426,-1,0.81,533.86,54.24,58.93,0.19729,-1,-1,-1
426,-1,1900.79,446.40,19.21,91.99,0.16906,-1,-1,-1
426,-1,2.48,529.99,30.93,161.09,0.15881,-1,-1,-1
426,-1,117.23,466.41,43.22,39.44,0.14865,-1,-1,-1
426,-1,1617.79,438.63,31.06,156.10,0.13741,-1,-1,-1
426,-1,1644.22,428.95,47.72,168.35,0.13385,-1,-1,-1
426,-1,176.80,483.64,24.05,23.72,0.10476,-1,-1,-1
426,-1,1636.50,442.59,37.52,154.02,0.10218,-1,-1,-1
426,-1,1264.45,357.98,79.35,121.75,0.09415,-1,-1,-1
426,-1,576.23,400.55,42.14,109.78,0.07227,-1,-1,-1
426,-1,0.00,461.40,48.34,122.03,0.06715,-1,-1,-1
426,-1,1669.63,421.25,57.89,182.30,0.06460,-1,-1,-1
426,-1,420.78,504.09,13.21,27.94,0.05941,-1,-1,-1
426,-1,100.85,522.80,60.80,220.58,0.05129,-1,-1,-1
427,-1,636.46,271.40,268.17,641.57,0.99944,-1,-1,-1
427,-1,934.31,358.51,163.88,416.07,0.99899,-1,-1,-1
427,-1,1677.26,421.66,87.06,237.38,0.99715,-1,-1,-1
427,-1,1835.25,403.05,81.01,236.25,0.99165,-1,-1,-1
427,-1,1310.24,446.73,64.65,196.93,0.99106,-1,-1,-1
427,-1,123.49,531.02,65.95,207.69,0.98097,-1,-1,-1
427,-1,1783.69,417.83,108.67,237.29,0.97780,-1,-1,-1
427,-1,1663.22,413.02,62.75,238.65,0.97589,-1,-1,-1
427,-1,1770.97,425.81,51.72,206.71,0.89273,-1,-1,-1
427,-1,912.62,522.67,30.57,88.38,0.67664,-1,-1,-1
427,-1,27.85,495.94,87.59,258.05,0.65926,-1,-1,-1
427,-1,1655.93,414.60,45.40,199.66,0.51586,-1,-1,-1
427,-1,122.34,471.67,40.08,37.03,0.47626,-1,-1,-1
427,-1,0.55,521.07,41.76,171.85,0.45340,-1,-1,-1
427,-1,246.18,518.58,47.25,59.89,0.41587,-1,-1,-1
427,-1,118.86,466.25,61.92,103.09,0.39600,-1,-1,-1
427,-1,1883.84,435.91,34.90,204.05,0.36152,-1,-1,-1
427,-1,1901.06,446.10,18.92,184.72,0.31149,-1,-1,-1
427,-1,7.84,502.89,73.43,250.02,0.30489,-1,-1,-1
427,-1,1280.71,384.65,89.22,256.40,0.21286,-1,-1,-1
427,-1,1714.89,430.85,61.35,184.21,0.15205,-1,-1,-1
427,-1,1279.63,359.56,61.64,115.57,0.14909,-1,-1,-1
427,-1,1903.38,450.41,16.62,61.74,0.14299,-1,-1,-1
427,-1,90.28,488.59,86.16,258.27,0.14119,-1,-1,-1
427,-1,1752.72,441.42,45.75,169.15,0.13721,-1,-1,-1
427,-1,1622.64,453.76,35.66,145.20,0.11588,-1,-1,-1
427,-1,1160.89,461.64,34.47,177.36,0.11069,-1,-1,-1
427,-1,245.96,521.35,48.05,146.21,0.07974,-1,-1,-1
427,-1,1840.09,400.84,72.97,128.21,0.06833,-1,-1,-1
427,-1,4.66,496.97,57.96,160.07,0.05742,-1,-1,-1
427,-1,93.67,533.08,38.15,206.19,0.05078,-1,-1,-1
428,-1,625.56,266.33,269.39,652.72,0.99939,-1,-1,-1
428,-1,939.18,360.38,172.75,409.91,0.99921,-1,-1,-1
428,-1,1678.86,424.73,92.68,233.63,0.99849,-1,-1,-1
428,-1,1312.18,445.81,72.65,198.41,0.99353,-1,-1,-1
428,-1,1783.98,422.78,109.99,236.53,0.98938,-1,-1,-1
428,-1,1845.42,404.82,74.22,234.01,0.98622,-1,-1,-1
428,-1,1663.34,413.20,51.35,223.97,0.97983,-1,-1,-1
428,-1,124.20,526.71,65.72,212.53,0.96159,-1,-1,-1
428,-1,1771.97,432.46,46.79,196.51,0.90376,-1,-1,-1
428,-1,1163.31,472.31,36.44,170.39,0.85780,-1,-1,-1
428,-1,910.93,526.72,35.95,84.55,0.83829,-1,-1,-1
428,-1,16.62,495.09,97.52,271.10,0.55755,-1,-1,-1
428,-1,114.49,458.52,52.03,53.80,0.34990,-1,-1,-1
428,-1,47.90,569.40,65.01,184.22,0.33997,-1,-1,-1
428,-1,0.64,523.28,41.76,166.40,0.31008,-1,-1,-1
428,-1,246.31,517.25,48.21,59.80,0.29765,-1,-1,-1
428,-1,93.20,458.91,96.08,292.72,0.29659,-1,-1,-1
428,-1,1822.03,410.66,77.16,179.21,0.25324,-1,-1,-1
428,-1,2.39,525.49,55.90,243.44,0.18063,-1,-1,-1
428,-1,1907.87,452.06,12.13,77.99,0.15453,-1,-1,-1
428,-1,1709.49,423.30,26.45,35.54,0.14972,-1,-1,-1
428,-1,1834.79,405.51,68.04,116.56,0.13823,-1,-1,-1
428,-1,1759.85,445.89,44.36,166.21,0.13559,-1,-1,-1
428,-1,1863.59,492.80,55.74,149.10,0.11459,-1,-1,-1
428,-1,576.24,395.28,45.09,101.92,0.09814,-1,-1,-1
428,-1,3.28,566.01,95.33,142.22,0.09696,-1,-1,-1
428,-1,1266.43,358.63,78.20,123.16,0.09680,-1,-1,-1
428,-1,1243.11,362.43,125.67,260.52,0.09621,-1,-1,-1
428,-1,245.97,521.77,48.24,147.92,0.08004,-1,-1,-1
428,-1,833.82,506.97,33.89,145.56,0.07474,-1,-1,-1
428,-1,1900.47,449.36,19.53,180.96,0.07381,-1,-1,-1
428,-1,1654.87,422.18,44.53,175.52,0.06333,-1,-1,-1
428,-1,0.00,461.78,48.48,108.37,0.05432,-1,-1,-1
428,-1,1621.71,455.89,37.24,143.75,0.05174,-1,-1,-1
429,-1,618.58,255.55,261.68,669.58,0.99957,-1,-1,-1
429,-1,947.25,361.54,169.63,413.22,0.99953,-1,-1,-1
429,-1,1681.91,423.94,90.20,235.94,0.99710,-1,-1,-1
429,-1,1312.66,443.70,80.83,200.01,0.99402,-1,-1,-1
429,-1,1787.33,422.55,108.78,238.72,0.99098,-1,-1,-1
429,-1,1850.88,402.44,68.11,234.26,0.98342,-1,-1,-1
429,-1,1663.76,415.00,52.16,220.55,0.97892,-1,-1,-1
429,-1,1163.55,473.60,39.63,172.18,0.96959,-1,-1,-1
429,-1,107.86,474.24,83.58,268.35,0.94904,-1,-1,-1
429,-1,1767.90,433.25,52.60,194.75,0.93760,-1,-1,-1
429,-1,1784.81,428.93,61.70,209.66,0.84211,-1,-1,-1
429,-1,915.05,531.68,34.99,79.81,0.77606,-1,-1,-1
429,-1,20.85,488.89,93.51,276.20,0.51254,-1,-1,-1
429,-1,0.00,528.87,47.86,145.33,0.45544,-1,-1,-1
429,-1,1719.70,428.56,62.01,205.07,0.30527,-1,-1,-1
429,-1,246.09,516.64,48.07,60.31,0.28852,-1,-1,-1
429,-1,820.96,508.98,47.46,146.28,0.22211,-1,-1,-1
429,-1,5.16,496.35,69.05,259.36,0.22148,-1,-1,-1
429,-1,1711.50,422.05,29.05,34.15,0.20952,-1,-1,-1
429,-1,19.93,502.58,85.87,145.30,0.17471,-1,-1,-1
429,-1,1267.99,361.44,76.69,117.90,0.16964,-1,-1,-1
429,-1,103.89,452.75,57.25,67.56,0.16861,-1,-1,-1
429,-1,1901.92,449.78,18.08,188.73,0.16261,-1,-1,-1
429,-1,1840.69,419.02,70.23,113.89,0.14397,-1,-1,-1
429,-1,1864.32,500.16,55.50,137.67,0.13951,-1,-1,-1
429,-1,576.38,392.31,41.30,94.15,0.12649,-1,-1,-1
429,-1,1746.38,440.80,40.04,172.69,0.12636,-1,-1,-1
429,-1,828.01,517.73,38.28,80.03,0.10369,-1,-1,-1
429,-1,0.00,462.30,46.35,115.88,0.09786,-1,-1,-1
429,-1,53.76,515.66,117.83,243.44,0.08795,-1,-1,-1
429,-1,1621.43,458.63,37.82,141.31,0.07278,-1,-1,-1
429,-1,1238.49,364.70,132.01,254.36,0.06212,-1,-1,-1
429,-1,245.87,520.63,48.05,149.34,0.05992,-1,-1,-1
429,-1,605.11,433.81,42.27,99.24,0.05903,-1,-1,-1
430,-1,609.36,252.38,244.29,674.46,0.99964,-1,-1,-1
430,-1,967.32,356.93,155.81,411.24,0.99936,-1,-1,-1
430,-1,1680.78,423.37,94.10,235.75,0.99684,-1,-1,-1
430,-1,1317.43,447.97,84.49,195.56,0.99551,-1,-1,-1
430,-1,1853.84,407.28,66.16,221.87,0.98982,-1,-1,-1
430,-1,1795.19,424.50,105.14,238.25,0.98886,-1,-1,-1
430,-1,1770.96,434.68,48.27,190.42,0.97476,-1,-1,-1
430,-1,818.58,509.70,46.01,123.96,0.96595,-1,-1,-1
430,-1,119.89,532.84,67.56,206.96,0.96404,-1,-1,-1
430,-1,1664.91,416.30,56.04,208.43,0.96168,-1,-1,-1
430,-1,1164.14,476.82,47.02,166.24,0.92860,-1,-1,-1
430,-1,916.76,528.72,35.02,83.08,0.90470,-1,-1,-1
430,-1,32.64,560.04,79.21,187.42,0.50803,-1,-1,-1
430,-1,1725.66,430.89,54.03,217.05,0.36683,-1,-1,-1
430,-1,0.00,529.20,51.09,131.90,0.35124,-1,-1,-1
430,-1,246.16,517.22,47.45,60.35,0.31631,-1,-1,-1
430,-1,0.00,528.93,49.83,62.76,0.26330,-1,-1,-1
430,-1,86.29,491.50,111.14,263.17,0.21186,-1,-1,-1
430,-1,1790.54,431.94,58.37,214.65,0.21184,-1,-1,-1
430,-1,2.40,514.64,64.24,239.04,0.18831,-1,-1,-1
430,-1,8.35,570.29,94.34,125.43,0.17358,-1,-1,-1
430,-1,1270.15,361.81,75.67,116.03,0.15736,-1,-1,-1
430,-1,1840.28,422.90,68.33,112.55,0.12589,-1,-1,-1
430,-1,1817.57,424.07,32.84,42.88,0.10874,-1,-1,-1
430,-1,40.93,520.41,72.02,149.67,0.08673,-1,-1,-1
430,-1,245.34,523.06,49.24,147.18,0.08627,-1,-1,-1
430,-1,586.66,435.93,67.33,264.40,0.07825,-1,-1,-1
431,-1,598.50,250.33,240.22,679.76,0.99963,-1,-1,-1
431,-1,976.23,358.20,149.14,406.32,0.99945,-1,-1,-1
431,-1,1685.51,418.16,97.25,238.48,0.99596,-1,-1,-1
431,-1,1319.04,448.31,86.00,196.17,0.99087,-1,-1,-1
431,-1,1855.27,408.24,64.73,218.00,0.99015,-1,-1,-1
431,-1,811.98,512.67,51.80,123.01,0.98783,-1,-1,-1
431,-1,1796.34,424.45,100.42,237.94,0.98759,-1,-1,-1
431,-1,1165.08,477.16,58.07,165.66,0.98445,-1,-1,-1
431,-1,1770.26,433.32,52.02,191.10,0.98301,-1,-1,-1
431,-1,1667.55,417.15,54.66,194.73,0.96129,-1,-1,-1
431,-1,121.60,541.06,65.91,198.08,0.92237,-1,-1,-1
431,-1,920.01,531.92,33.78,78.54,0.91301,-1,-1,-1
431,-1,29.13,566.21,81.62,183.12,0.56852,-1,-1,-1
431,-1,0.00,530.22,46.37,135.57,0.40051,-1,-1,-1
431,-1,1784.20,429.41,57.84,208.11,0.33605,-1,-1,-1
431,-1,246.32,516.99,47.39,60.65,0.32608,-1,-1,-1
431,-1,1818.59,424.71,27.78,41.55,0.30816,-1,-1,-1
431,-1,1741.37,448.07,44.13,185.80,0.27762,-1,-1,-1
431,-1,0.00,532.82,48.38,64.23,0.27727,-1,-1,-1
431,-1,1266.74,360.97,81.65,116.88,0.18123,-1,-1,-1
431,-1,1268.29,399.81,133.07,245.35,0.17885,-1,-1,-1
431,-1,44.06,533.31,120.69,220.05,0.15448,-1,-1,-1
431,-1,4.86,518.67,94.46,257.87,0.14113,-1,-1,-1
431,-1,1101.76,561.83,16.90,42.92,0.10475,-1,-1,-1
431,-1,1745.86,427.50,174.14,144.28,0.06785,-1,-1,-1
431,-1,569.23,405.59,74.55,310.23,0.05246,-1,-1,-1
432,-1,582.35,244.20,243.69,693.77,0.99974,-1,-1,-1
432,-1,994.44,357.67,133.66,413.01,0.99935,-1,-1,-1
432,-1,1322.13,452.21,79.66,193.11,0.99292,-1,-1,-1
432,-1,1692.18,418.88,94.68,237.76,0.99173,-1,-1,-1
432,-1,1808.45,423.14,87.50,234.56,0.98943,-1,-1,-1
432,-1,1857.92,408.18,62.08,217.16,0.98706,-1,-1,-1
432,-1,1771.52,433.08,54.65,196.20,0.98107,-1,-1,-1
432,-1,813.14,515.82,48.77,115.11,0.97832,-1,-1,-1
432,-1,1165.66,477.23,64.56,162.04,0.96477,-1,-1,-1
432,-1,1677.16,412.70,61.96,230.64,0.92778,-1,-1,-1
432,-1,126.54,542.58,62.01,195.73,0.91263,-1,-1,-1
432,-1,924.52,531.83,31.33,77.64,0.85158,-1,-1,-1
432,-1,1673.12,415.84,48.94,164.01,0.51243,-1,-1,-1
432,-1,34.11,566.48,77.00,184.08,0.49738,-1,-1,-1
432,-1,246.17,516.58,47.09,60.80,0.31766,-1,-1,-1
432,-1,1843.54,414.41,64.61,124.89,0.30249,-1,-1,-1
432,-1,8.35,507.81,114.23,248.61,0.29330,-1,-1,-1
432,-1,1820.06,425.29,31.88,40.47,0.28720,-1,-1,-1
432,-1,1732.05,440.91,60.48,201.69,0.23777,-1,-1,-1
432,-1,1267.10,360.66,79.15,114.76,0.21497,-1,-1,-1
432,-1,1885.16,438.12,34.84,202.80,0.18181,-1,-1,-1
432,-1,1156.66,390.59,61.78,56.23,0.17465,-1,-1,-1
432,-1,245.57,524.24,43.99,151.85,0.11665,-1,-1,-1
432,-1,0.00,522.31,48.91,171.06,0.10838,-1,-1,-1
432,-1,1711.91,415.94,20.25,33.62,0.09592,-1,-1,-1
432,-1,1789.44,431.82,55.29,193.56,0.09535,-1,-1,-1
432,-1,1723.72,424.76,29.62,29.42,0.05964,-1,-1,-1
432,-1,82.26,457.04,83.87,296.06,0.05572,-1,-1,-1
433,-1,552.81,250.04,258.83,695.64,0.99955,-1,-1,-1
433,-1,1019.16,358.82,118.42,406.41,0.99952,-1,-1,-1
433,-1,1328.13,452.43,73.84,192.64,0.99390,-1,-1,-1
433,-1,1809.38,421.50,96.23,233.85,0.99220,-1,-1,-1
433,-1,1699.91,418.28,90.17,236.94,0.99048,-1,-1,-1
433,-1,1777.09,429.04,54.74,199.76,0.98501,-1,-1,-1
433,-1,1168.53,475.16,68.36,157.87,0.97504,-1,-1,-1
433,-1,1861.00,406.94,59.00,201.74,0.97172,-1,-1,-1
433,-1,1679.05,414.01,51.49,202.36,0.95976,-1,-1,-1
433,-1,927.51,531.63,29.31,78.39,0.95610,-1,-1,-1
433,-1,813.91,516.99,46.09,110.71,0.94955,-1,-1,-1
433,-1,124.93,516.19,74.04,221.39,0.87751,-1,-1,-1
433,-1,15.94,453.11,109.02,285.11,0.43001,-1,-1,-1
433,-1,246.17,520.57,44.17,57.46,0.40051,-1,-1,-1
433,-1,46.41,446.32,74.42,54.08,0.37440,-1,-1,-1
433,-1,1267.56,359.96,76.36,113.71,0.30612,-1,-1,-1
433,-1,1735.74,458.39,71.41,190.68,0.29920,-1,-1,-1
433,-1,1891.41,428.37,28.59,207.37,0.24000,-1,-1,-1
433,-1,41.29,548.49,70.65,198.94,0.15105,-1,-1,-1
433,-1,1822.58,425.06,40.93,39.39,0.12426,-1,-1,-1
433,-1,1832.73,414.09,72.63,115.41,0.12158,-1,-1,-1
433,-1,246.21,521.08,47.57,151.10,0.08594,-1,-1,-1
433,-1,79.19,484.34,116.41,292.92,0.08031,-1,-1,-1
433,-1,0.89,495.56,43.62,191.27,0.07982,-1,-1,-1
433,-1,45.35,437.65,119.79,316.06,0.07432,-1,-1,-1
433,-1,1159.16,394.60,58.53,50.08,0.07170,-1,-1,-1
433,-1,971.74,526.44,45.52,75.76,0.06894,-1,-1,-1
433,-1,1803.77,427.61,64.51,200.31,0.06667,-1,-1,-1
434,-1,538.04,246.67,258.77,711.36,0.99947,-1,-1,-1
434,-1,1029.16,361.29,115.86,404.55,0.99911,-1,-1,-1
434,-1,1328.74,449.26,76.51,196.68,0.99403,-1,-1,-1
434,-1,1812.98,425.22,93.99,232.01,0.99223,-1,-1,-1
434,-1,1702.83,419.04,89.62,236.24,0.99102,-1,-1,-1
434,-1,1774.70,428.87,56.83,199.28,0.98481,-1,-1,-1
434,-1,1685.13,414.91,65.71,236.76,0.97830,-1,-1,-1
434,-1,1169.51,477.12,69.41,160.81,0.96803,-1,-1,-1
434,-1,1861.79,405.32,58.21,207.63,0.96401,-1,-1,-1
434,-1,928.22,528.94,28.42,79.87,0.94020,-1,-1,-1
434,-1,812.96,517.32,45.71,99.65,0.92169,-1,-1,-1
434,-1,123.19,531.78,67.62,211.34,0.87535,-1,-1,-1
434,-1,246.26,516.95,47.51,60.92,0.35050,-1,-1,-1
434,-1,45.29,447.09,64.65,52.66,0.34664,-1,-1,-1
434,-1,9.06,528.72,105.11,231.83,0.33534,-1,-1,-1
434,-1,1676.34,415.84,48.13,175.95,0.30725,-1,-1,-1
434,-1,1825.73,426.45,39.15,36.33,0.30700,-1,-1,-1
434,-1,1893.23,422.91,26.77,224.86,0.29940,-1,-1,-1
434,-1,1269.82,359.70,74.09,113.77,0.27919,-1,-1,-1
434,-1,49.58,563.38,63.78,183.87,0.22065,-1,-1,-1
434,-1,1753.43,444.96,64.84,200.68,0.18751,-1,-1,-1
434,-1,1683.29,412.78,55.24,116.19,0.14021,-1,-1,-1
434,-1,1157.02,390.01,60.84,56.80,0.09955,-1,-1,-1
434,-1,245.93,521.81,48.01,150.99,0.05884,-1,-1,-1
434,-1,1261.95,437.11,138.86,203.57,0.05744,-1,-1,-1
435,-1,530.05,243.02,253.27,728.48,0.99961,-1,-1,-1
435,-1,1043.07,359.08,116.42,402.92,0.99910,-1,-1,-1
435,-1,1678.73,412.51,74.34,235.88,0.99473,-1,-1,-1
435,-1,1714.63,422.60,81.34,233.27,0.99228,-1,-1,-1
435,-1,1817.17,416.02,93.14,247.84,0.99206,-1,-1,-1
435,-1,1780.53,427.48,59.39,202.47,0.98152,-1,-1,-1
435,-1,929.62,529.59,27.26,80.00,0.96917,-1,-1,-1
435,-1,1867.05,408.10,52.95,249.54,0.95364,-1,-1,-1
435,-1,1176.56,473.60,58.80,162.59,0.94639,-1,-1,-1
435,-1,1341.41,449.85,56.60,191.07,0.94091,-1,-1,-1
435,-1,126.44,536.54,64.04,201.33,0.89896,-1,-1,-1
435,-1,810.06,517.98,47.73,101.82,0.88654,-1,-1,-1
435,-1,1870.05,404.66,49.95,126.12,0.82264,-1,-1,-1
435,-1,1750.35,420.29,70.15,225.95,0.68458,-1,-1,-1
435,-1,1356.64,449.14,32.68,58.51,0.66239,-1,-1,-1
435,-1,44.08,563.67,68.44,180.14,0.59745,-1,-1,-1
435,-1,9.13,499.70,105.21,253.89,0.40940,-1,-1,-1
435,-1,246.18,516.58,48.40,60.52,0.39927,-1,-1,-1
435,-1,2.56,565.57,66.88,192.63,0.34978,-1,-1,-1
435,-1,1266.64,361.41,77.84,112.87,0.26698,-1,-1,-1
435,-1,0.00,575.69,23.57,124.94,0.21860,-1,-1,-1
435,-1,1285.10,424.70,114.29,214.37,0.19654,-1,-1,-1
435,-1,0.45,565.81,31.16,187.93,0.19495,-1,-1,-1
435,-1,1203.98,377.65,183.91,262.46,0.11821,-1,-1,-1
435,-1,1369.62,455.08,50.46,173.63,0.08250,-1,-1,-1
435,-1,245.35,520.44,49.45,151.21,0.06892,-1,-1,-1
435,-1,53.33,523.02,118.13,234.68,0.05949,-1,-1,-1
436,-1,526.81,244.01,249.29,715.33,0.99950,-1,-1,-1
436,-1,1050.86,357.62,111.51,401.69,0.99897,-1,-1,-1
436,-1,1681.39,411.61,71.11,238.27,0.99280,-1,-1,-1
436,-1,1819.06,416.49,94.43,249.27,0.99081,-1,-1,-1
436,-1,1719.43,423.44,75.74,230.92,0.99048,-1,-1,-1
436,-1,1349.10,449.45,54.22,190.17,0.98210,-1,-1,-1
436,-1,1782.99,425.81,57.56,208.19,0.97782,-1,-1,-1
436,-1,1187.81,475.45,55.06,161.69,0.96938,-1,-1,-1
436,-1,931.47,529.93,26.55,77.46,0.95655,-1,-1,-1
436,-1,808.08,519.20,48.29,100.09,0.94314,-1,-1,-1
436,-1,1874.00,414.79,46.00,239.42,0.93615,-1,-1,-1
436,-1,1874.54,406.32,45.46,133.35,0.88250,-1,-1,-1
436,-1,125.88,534.87,64.72,202.87,0.85866,-1,-1,-1
436,-1,1360.51,449.46,32.57,62.98,0.69704,-1,-1,-1
436,-1,4.41,459.58,105.57,315.50,0.58515,-1,-1,-1
436,-1,1745.24,423.28,82.47,218.84,0.53566,-1,-1,-1
436,-1,1269.25,360.97,74.58,113.09,0.31703,-1,-1,-1
436,-1,246.28,516.74,48.50,60.33,0.29685,-1,-1,-1
436,-1,34.08,538.54,76.33,215.24,0.28170,-1,-1,-1
436,-1,1299.20,439.44,104.19,199.95,0.26983,-1,-1,-1
436,-1,1142.76,541.68,22.84,57.04,0.12171,-1,-1,-1
436,-1,1044.53,382.38,41.35,281.03,0.11217,-1,-1,-1
436,-1,26.88,451.93,66.32,48.44,0.10153,-1,-1,-1
436,-1,0.41,559.43,39.19,175.84,0.08412,-1,-1,-1
436,-1,1380.21,457.34,46.09,176.67,0.07901,-1,-1,-1
436,-1,2.48,552.00,68.51,222.11,0.07595,-1,-1,-1
436,-1,1843.70,416.37,70.21,130.95,0.06512,-1,-1,-1
437,-1,516.95,233.19,250.27,730.89,0.99960,-1,-1,-1
437,-1,1054.81,360.41,112.07,396.58,0.99910,-1,-1,-1
437,-1,1724.33,427.26,74.78,223.58,0.99554,-1,-1,-1
437,-1,1685.15,415.03,67.20,233.54,0.99424,-1,-1,-1
437,-1,1820.85,419.72,97.28,248.66,0.99249,-1,-1,-1
437,-1,1357.95,446.31,54.87,194.22,0.98877,-1,-1,-1
437,-1,1787.89,426.00,50.59,206.81,0.98539,-1,-1,-1
437,-1,933.34,533.31,25.46,74.60,0.95607,-1,-1,-1
437,-1,1189.77,473.86,50.48,161.99,0.92970,-1,-1,-1
437,-1,1877.13,417.57,42.87,243.32,0.92554,-1,-1,-1
437,-1,1878.24,401.94,41.76,128.02,0.91335,-1,-1,-1
437,-1,803.34,519.07,52.46,93.99,0.90122,-1,-1,-1
437,-1,125.65,533.69,65.57,204.77,0.83392,-1,-1,-1
437,-1,1362.20,447.95,34.80,57.51,0.73739,-1,-1,-1
437,-1,14.36,507.09,99.13,253.79,0.37710,-1,-1,-1
437,-1,1269.31,359.68,74.54,113.37,0.31373,-1,-1,-1
437,-1,1760.04,426.30,66.51,224.08,0.31288,-1,-1,-1
437,-1,49.08,566.79,62.12,181.99,0.30261,-1,-1,-1
437,-1,246.22,517.33,48.14,60.21,0.24868,-1,-1,-1
437,-1,1816.43,425.87,62.24,211.48,0.17516,-1,-1,-1
437,-1,1056.75,380.98,34.41,235.43,0.14704,-1,-1,-1
437,-1,101.70,439.86,101.54,306.51,0.10527,-1,-1,-1
437,-1,768.18,507.08,91.21,130.75,0.08292,-1,-1,-1
437,-1,1.38,471.46,73.55,296.23,0.07786,-1,-1,-1
437,-1,1836.84,423.08,38.41,37.30,0.05817,-1,-1,-1
438,-1,506.74,240.46,251.62,732.50,0.99952,-1,-1,-1
438,-1,1056.36,364.66,134.14,391.13,0.99944,-1,-1,-1
438,-1,1358.99,446.59,57.99,202.01,0.99618,-1,-1,-1
438,-1,1691.52,410.41,60.22,236.63,0.99574,-1,-1,-1
438,-1,1729.72,427.89,70.62,222.41,0.99487,-1,-1,-1
438,-1,1823.62,422.10,95.07,250.41,0.99061,-1,-1,-1
438,-1,1792.65,424.51,44.67,205.57,0.97461,-1,-1,-1
438,-1,1879.01,412.21,40.48,253.37,0.92783,-1,-1,-1
438,-1,1878.42,402.41,41.58,107.94,0.91700,-1,-1,-1
438,-1,801.00,519.80,52.78,104.58,0.91378,-1,-1,-1
438,-1,1195.68,468.13,46.53,171.64,0.89773,-1,-1,-1
438,-1,124.06,514.50,73.99,225.71,0.80180,-1,-1,-1
438,-1,934.21,532.75,24.70,73.37,0.79819,-1,-1,-1
438,-1,0.37,597.01,51.77,188.81,0.62316,-1,-1,-1
438,-1,0.60,297.28,23.53,201.58,0.59268,-1,-1,-1
438,-1,0.00,385.58,88.42,379.02,0.58047,-1,-1,-1
438,-1,1271.63,359.76,72.46,113.72,0.38148,-1,-1,-1
438,-1,246.12,520.95,44.18,57.08,0.29543,-1,-1,-1
438,-1,19.48,506.49,93.77,243.86,0.24275,-1,-1,-1
438,-1,1006.90,511.36,35.78,197.97,0.19029,-1,-1,-1
438,-1,1838.01,425.13,36.26,37.43,0.16669,-1,-1,-1
438,-1,0.56,292.01,42.98,237.16,0.16426,-1,-1,-1
438,-1,1820.02,426.06,52.01,216.73,0.15839,-1,-1,-1
438,-1,1163.52,547.03,22.60,53.22,0.10656,-1,-1,-1
438,-1,1756.79,425.31,27.20,32.91,0.06009,-1,-1,-1
438,-1,0.00,292.67,55.07,384.69,0.05952,-1,-1,-1
439,-1,494.74,232.77,253.16,755.71,0.99960,-1,-1,-1
439,-1,1062.13,367.44,135.72,383.30,0.99943,-1,-1,-1
439,-1,1363.77,447.33,56.78,200.32,0.99785,-1,-1,-1
439,-1,1694.99,406.19,58.48,241.20,0.99412,-1,-1,-1
439,-1,1735.65,427.12,71.07,225.49,0.99403,-1,-1,-1
439,-1,1826.67,420.55,89.46,247.37,0.98407,-1,-1,-1
439,-1,1797.47,427.06,41.52,200.52,0.97284,-1,-1,-1
439,-1,1198.32,467.58,49.09,170.96,0.96096,-1,-1,-1
439,-1,1878.44,418.59,41.09,251.79,0.90243,-1,-1,-1
439,-1,0.50,272.81,34.86,230.55,0.89463,-1,-1,-1
439,-1,797.94,518.49,54.33,109.53,0.87714,-1,-1,-1
439,-1,124.95,526.46,65.77,211.98,0.83092,-1,-1,-1
439,-1,0.00,361.48,67.36,484.91,0.77742,-1,-1,-1
439,-1,1881.22,402.88,37.12,140.15,0.77687,-1,-1,-1
439,-1,7.85,491.52,106.18,303.00,0.38619,-1,-1,-1
439,-1,935.94,535.10,21.98,67.17,0.37385,-1,-1,-1
439,-1,246.25,516.89,48.49,59.44,0.34200,-1,-1,-1
439,-1,1273.99,359.49,70.14,113.72,0.34146,-1,-1,-1
439,-1,40.09,527.43,70.70,223.92,0.18796,-1,-1,-1
439,-1,992.70,527.43,47.22,183.77,0.18233,-1,-1,-1
439,-1,1724.12,418.85,41.15,215.13,0.17985,-1,-1,-1
439,-1,777.88,506.77,85.28,149.19,0.14436,-1,-1,-1
439,-1,0.27,289.27,79.71,211.52,0.14113,-1,-1,-1
439,-1,971.86,555.80,38.79,46.50,0.12758,-1,-1,-1
439,-1,1802.54,428.61,30.50,33.31,0.12153,-1,-1,-1
439,-1,1791.98,426.33,94.75,221.06,0.10619,-1,-1,-1
439,-1,1841.96,426.18,34.46,38.03,0.09365,-1,-1,-1
439,-1,1893.04,411.73,26.96,196.87,0.08346,-1,-1,-1
439,-1,108.02,466.92,101.79,274.70,0.07621,-1,-1,-1
440,-1,464.59,239.73,271.53,753.96,0.99964,-1,-1,-1
440,-1,1065.92,368.75,146.39,378.75,0.99925,-1,-1,-1
440,-1,1367.42,448.18,57.34,197.56,0.99759,-1,-1,-1
440,-1,1739.24,427.00,75.18,227.01,0.99595,-1,-1,-1
440,-1,1698.96,417.07,56.88,231.89,0.99484,-1,-1,-1
440,-1,0.00,282.24,105.94,642.42,0.99134,-1,-1,-1
440,-1,1829.44,422.77,70.65,246.84,0.98606,-1,-1,-1
440,-1,1879.60,403.95,40.40,268.30,0.95786,-1,-1,-1
440,-1,1800.13,428.63,39.01,196.28,0.95573,-1,-1,-1
440,-1,1207.83,470.23,46.52,165.87,0.93268,-1,-1,-1
440,-1,804.26,519.09,45.03,90.47,0.91565,-1,-1,-1
440,-1,125.04,502.72,74.84,237.80,0.86556,-1,-1,-1
440,-1,938.76,536.27,20.72,70.10,0.81002,-1,-1,-1
440,-1,1680.48,482.72,26.82,101.63,0.64751,-1,-1,-1
440,-1,1.60,284.81,61.18,450.54,0.53328,-1,-1,-1
440,-1,246.16,518.62,44.71,59.54,0.37368,-1,-1,-1
440,-1,1261.48,360.35,82.35,114.95,0.32617,-1,-1,-1
440,-1,1884.42,395.47,26.42,67.47,0.29619,-1,-1,-1
440,-1,970.78,536.23,57.57,72.01,0.26537,-1,-1,-1
440,-1,2.52,272.47,53.32,256.90,0.24040,-1,-1,-1
440,-1,1885.26,392.29,29.93,116.45,0.19920,-1,-1,-1
440,-1,45.37,506.22,68.55,229.56,0.18476,-1,-1,-1
440,-1,245.35,524.00,44.09,153.17,0.12219,-1,-1,-1
440,-1,1805.11,429.99,30.15,33.13,0.11873,-1,-1,-1
440,-1,1804.30,432.70,34.92,98.52,0.11591,-1,-1,-1
440,-1,788.85,511.97,66.80,131.75,0.07788,-1,-1,-1
440,-1,971.59,536.33,67.34,175.66,0.05980,-1,-1,-1
440,-1,419.84,412.10,98.76,271.93,0.05216,-1,-1,-1
441,-1,440.90,241.96,280.39,750.48,0.99971,-1,-1,-1
441,-1,1069.50,370.39,149.21,374.70,0.99930,-1,-1,-1
441,-1,1368.44,447.73,60.68,195.68,0.99810,-1,-1,-1
441,-1,1744.95,423.59,79.02,227.24,0.99683,-1,-1,-1
441,-1,1700.94,414.99,61.68,233.98,0.99605,-1,-1,-1
441,-1,1827.52,428.74,63.35,232.95,0.98231,-1,-1,-1
441,-1,0.00,319.95,158.61,601.88,0.97701,-1,-1,-1
441,-1,1879.24,384.77,40.76,298.48,0.97587,-1,-1,-1
441,-1,1201.83,469.62,60.63,168.52,0.96781,-1,-1,-1
441,-1,1804.37,432.40,37.50,190.84,0.95938,-1,-1,-1
441,-1,125.66,506.10,75.20,234.97,0.88860,-1,-1,-1
441,-1,939.82,535.74,19.21,70.25,0.79118,-1,-1,-1
441,-1,1681.89,484.38,28.96,105.27,0.72613,-1,-1,-1
441,-1,1.92,282.95,86.57,532.74,0.61912,-1,-1,-1
441,-1,1.51,283.66,66.91,315.85,0.56087,-1,-1,-1
441,-1,811.81,521.69,35.18,84.09,0.49947,-1,-1,-1
441,-1,1854.82,409.33,58.44,261.03,0.46091,-1,-1,-1
441,-1,18.95,281.18,47.01,196.29,0.43202,-1,-1,-1
441,-1,245.70,519.04,46.73,60.28,0.42722,-1,-1,-1
441,-1,1255.55,359.87,87.35,115.75,0.36746,-1,-1,-1
441,-1,968.14,532.60,54.78,76.02,0.32953,-1,-1,-1
441,-1,43.44,492.51,77.55,252.61,0.24135,-1,-1,-1
441,-1,1807.23,434.91,34.10,93.38,0.19736,-1,-1,-1
441,-1,31.48,327.49,29.90,106.94,0.11792,-1,-1,-1
441,-1,1882.17,393.03,20.62,65.09,0.09547,-1,-1,-1
441,-1,1807.85,431.98,29.43,32.20,0.09395,-1,-1,-1
441,-1,244.91,524.24,44.70,153.74,0.08554,-1,-1,-1
441,-1,401.70,405.80,103.47,288.23,0.07962,-1,-1,-1
441,-1,1845.57,428.64,40.37,38.23,0.07552,-1,-1,-1
441,-1,33.07,386.76,94.69,466.24,0.06051,-1,-1,-1
442,-1,451.24,226.63,255.99,762.64,0.99971,-1,-1,-1
442,-1,1077.02,367.89,141.28,379.69,0.99924,-1,-1,-1
442,-1,1371.19,448.57,65.75,197.47,0.99730,-1,-1,-1
442,-1,1703.63,413.64,65.00,235.46,0.99679,-1,-1,-1
442,-1,1747.26,427.07,80.59,222.68,0.99546,-1,-1,-1
442,-1,0.00,314.22,196.48,615.97,0.99304,-1,-1,-1
442,-1,1829.91,431.26,56.63,229.60,0.98669,-1,-1,-1
442,-1,1869.70,413.02,50.30,260.44,0.98202,-1,-1,-1
442,-1,1205.72,473.38,62.00,158.18,0.95919,-1,-1,-1
442,-1,1806.47,434.54,38.31,184.56,0.94134,-1,-1,-1
442,-1,940.60,536.05,18.10,71.02,0.82138,-1,-1,-1
442,-1,122.57,504.05,71.60,236.15,0.81699,-1,-1,-1
442,-1,1680.76,483.07,31.28,103.95,0.79114,-1,-1,-1
442,-1,5.35,273.66,78.73,223.01,0.77181,-1,-1,-1
442,-1,1781.07,432.81,53.92,196.70,0.76081,-1,-1,-1
442,-1,0.11,277.64,108.47,551.99,0.52659,-1,-1,-1
442,-1,245.83,518.71,46.85,60.15,0.40528,-1,-1,-1
442,-1,1809.87,435.46,34.23,100.40,0.35278,-1,-1,-1
442,-1,1260.32,362.03,82.94,113.41,0.30343,-1,-1,-1
442,-1,969.97,533.22,53.35,75.15,0.28468,-1,-1,-1
442,-1,1727.86,423.53,55.02,206.09,0.19325,-1,-1,-1
442,-1,52.12,501.04,64.79,176.44,0.14148,-1,-1,-1
442,-1,245.51,523.79,44.13,150.93,0.13080,-1,-1,-1
442,-1,34.11,431.45,98.08,318.33,0.09254,-1,-1,-1
442,-1,34.68,478.07,75.70,152.49,0.08279,-1,-1,-1
442,-1,392.29,395.98,103.38,314.38,0.06643,-1,-1,-1
442,-1,388.39,422.57,16.32,21.66,0.05906,-1,-1,-1
442,-1,1186.72,547.56,25.59,53.61,0.05367,-1,-1,-1
443,-1,429.43,210.96,249.76,776.21,0.99959,-1,-1,-1
443,-1,1103.45,368.83,116.46,383.09,0.99880,-1,-1,-1
443,-1,1372.11,451.48,77.36,195.74,0.99773,-1,-1,-1
443,-1,0.00,278.23,237.10,644.79,0.99710,-1,-1,-1
443,-1,1708.64,417.40,60.74,231.44,0.99674,-1,-1,-1
443,-1,1747.57,425.69,85.55,222.80,0.99535,-1,-1,-1
443,-1,1847.64,385.29,72.36,290.79,0.99126,-1,-1,-1
443,-1,1210.65,470.78,63.64,159.79,0.96289,-1,-1,-1
443,-1,1680.83,476.53,35.52,108.70,0.89736,-1,-1,-1
443,-1,1811.51,433.66,39.77,185.14,0.89029,-1,-1,-1
443,-1,1832.33,428.24,47.86,227.51,0.87316,-1,-1,-1
443,-1,117.27,507.16,78.90,229.44,0.84655,-1,-1,-1
443,-1,1813.16,436.90,34.40,96.09,0.71085,-1,-1,-1
443,-1,941.55,536.83,20.25,70.27,0.37396,-1,-1,-1
443,-1,1252.89,360.06,90.57,117.44,0.36657,-1,-1,-1
443,-1,246.31,525.45,37.72,53.13,0.27755,-1,-1,-1
443,-1,1.96,281.73,129.31,479.73,0.19254,-1,-1,-1
443,-1,50.52,491.25,61.67,133.08,0.17365,-1,-1,-1
443,-1,245.78,523.89,43.62,151.84,0.12608,-1,-1,-1
443,-1,970.35,538.37,52.75,70.59,0.12491,-1,-1,-1
443,-1,1791.87,431.06,47.94,128.34,0.09218,-1,-1,-1
443,-1,16.39,433.47,186.43,374.13,0.06950,-1,-1,-1
443,-1,62.76,312.56,39.38,152.51,0.06391,-1,-1,-1
443,-1,65.11,510.08,51.97,155.27,0.06236,-1,-1,-1
443,-1,99.28,412.15,116.95,329.20,0.05819,-1,-1,-1
443,-1,698.91,383.57,85.46,369.72,0.05052,-1,-1,-1
444,-1,416.58,210.87,247.37,782.12,0.99957,-1,-1,-1
444,-1,1374.27,451.78,81.42,195.48,0.99886,-1,-1,-1
444,-1,0.00,288.50,257.17,622.74,0.99851,-1,-1,-1
444,-1,1115.12,364.70,108.43,380.98,0.99826,-1,-1,-1
444,-1,1710.71,415.17,58.04,232.59,0.99700,-1,-1,-1
444,-1,1751.60,425.27,84.61,224.83,0.99689,-1,-1,-1
444,-1,1843.09,384.53,76.91,294.00,0.99530,-1,-1,-1
444,-1,1213.14,472.35,68.65,166.90,0.96638,-1,-1,-1
444,-1,1816.08,431.24,42.32,197.65,0.95382,-1,-1,-1
444,-1,1680.34,475.10,40.61,112.02,0.91037,-1,-1,-1
444,-1,1818.39,438.21,34.51,104.86,0.60898,-1,-1,-1
444,-1,74.88,309.05,42.62,152.62,0.47201,-1,-1,-1
444,-1,123.10,506.00,67.62,232.93,0.44530,-1,-1,-1
444,-1,1827.19,419.08,55.99,234.66,0.36914,-1,-1,-1
444,-1,1260.31,361.40,82.86,115.91,0.32358,-1,-1,-1
444,-1,246.21,520.06,43.93,57.61,0.26724,-1,-1,-1
444,-1,1816.60,437.34,33.08,56.87,0.12434,-1,-1,-1
444,-1,102.37,450.42,105.64,272.42,0.11047,-1,-1,-1
444,-1,1867.58,384.02,45.02,45.21,0.06839,-1,-1,-1
444,-1,712.54,389.38,70.17,340.74,0.06224,-1,-1,-1
445,-1,374.06,200.26,274.31,796.76,0.99972,-1,-1,-1
445,-1,0.00,288.36,267.33,618.13,0.99875,-1,-1,-1
445,-1,1373.17,451.66,88.18,195.54,0.99863,-1,-1,-1
445,-1,1756.28,425.46,80.52,224.81,0.99847,-1,-1,-1
445,-1,1129.08,368.72,107.65,371.29,0.99724,-1,-1,-1
445,-1,1715.14,412.96,53.90,231.81,0.99657,-1,-1,-1
445,-1,1839.72,379.62,80.28,298.55,0.99511,-1,-1,-1
445,-1,1681.31,475.90,40.92,108.33,0.95289,-1,-1,-1
445,-1,1216.68,472.35,64.99,174.36,0.94034,-1,-1,-1
445,-1,1817.58,435.66,35.54,141.48,0.74879,-1,-1,-1
445,-1,1819.43,433.99,32.88,77.45,0.58781,-1,-1,-1
445,-1,1903.36,377.22,16.64,61.13,0.52704,-1,-1,-1
445,-1,1262.33,360.74,82.28,119.18,0.40460,-1,-1,-1
445,-1,1799.76,431.20,46.89,197.82,0.39839,-1,-1,-1
445,-1,245.78,519.39,45.40,58.42,0.30510,-1,-1,-1
445,-1,1160.03,438.65,114.74,279.98,0.15097,-1,-1,-1
445,-1,28.18,667.20,67.15,89.62,0.08980,-1,-1,-1
445,-1,1900.09,385.36,19.91,232.16,0.08941,-1,-1,-1
445,-1,1906.76,386.78,13.24,169.16,0.08659,-1,-1,-1
445,-1,131.08,516.36,59.70,211.70,0.08229,-1,-1,-1
445,-1,1890.42,379.67,29.14,45.18,0.08161,-1,-1,-1
445,-1,1747.63,421.91,50.67,209.59,0.08053,-1,-1,-1
445,-1,1697.54,483.47,29.90,95.56,0.07189,-1,-1,-1
445,-1,1498.08,463.20,66.42,145.82,0.07181,-1,-1,-1
445,-1,1884.84,387.95,22.20,32.71,0.06410,-1,-1,-1
445,-1,1856.76,385.80,43.93,41.49,0.06325,-1,-1,-1
445,-1,77.68,294.96,55.08,152.82,0.05139,-1,-1,-1
446,-1,345.91,210.37,299.20,800.98,0.99978,-1,-1,-1
446,-1,0.00,284.99,286.76,622.60,0.99927,-1,-1,-1
446,-1,1760.30,426.84,76.76,223.12,0.99758,-1,-1,-1
446,-1,1371.60,450.85,98.31,194.59,0.99715,-1,-1,-1
446,-1,1134.54,366.41,111.19,369.92,0.99492,-1,-1,-1
446,-1,1717.57,413.92,57.02,224.31,0.99413,-1,-1,-1
446,-1,1833.84,383.56,86.16,293.47,0.99169,-1,-1,-1
446,-1,1229.62,471.87,55.75,168.30,0.97689,-1,-1,-1
446,-1,1681.33,475.95,39.91,109.34,0.96130,-1,-1,-1
446,-1,1895.87,380.47,24.13,80.11,0.69708,-1,-1,-1
446,-1,1822.92,432.99,27.61,65.70,0.64582,-1,-1,-1
446,-1,1818.74,434.11,33.32,156.33,0.53267,-1,-1,-1
446,-1,1885.08,386.75,34.76,262.09,0.51447,-1,-1,-1
446,-1,1900.42,389.24,19.58,158.45,0.42660,-1,-1,-1
446,-1,1260.97,360.74,83.03,119.33,0.37710,-1,-1,-1
446,-1,246.12,516.84,47.27,60.23,0.32588,-1,-1,-1
446,-1,1695.64,477.71,36.51,105.43,0.24285,-1,-1,-1
446,-1,1790.23,431.72,55.18,198.11,0.22989,-1,-1,-1
446,-1,1908.36,398.54,11.64,192.11,0.17469,-1,-1,-1
446,-1,1496.13,459.82,71.16,151.49,0.13842,-1,-1,-1
446,-1,1159.76,383.01,143.35,308.60,0.12114,-1,-1,-1
446,-1,1387.75,458.92,51.60,157.12,0.08288,-1,-1,-1
446,-1,1893.88,380.47,26.12,29.00,0.07889,-1,-1,-1
446,-1,1864.55,384.78,55.45,125.28,0.06277,-1,-1,-1
446,-1,42.11,662.79,61.45,89.15,0.06092,-1,-1,-1
446,-1,1880.88,385.94,31.14,75.21,0.05765,-1,-1,-1
446,-1,1879.04,387.14,21.31,34.16,0.05725,-1,-1,-1
446,-1,972.22,553.03,40.52,53.18,0.05482,-1,-1,-1
447,-1,325.68,207.26,307.52,809.20,0.99973,-1,-1,-1
447,-1,0.00,281.81,281.70,622.19,0.99931,-1,-1,-1
447,-1,1371.71,450.59,99.64,194.88,0.99692,-1,-1,-1
447,-1,1762.26,429.80,72.27,218.90,0.99649,-1,-1,-1
447,-1,1141.02,362.65,114.18,376.67,0.99515,-1,-1,-1
447,-1,1818.94,384.60,100.75,293.72,0.99445,-1,-1,-1
447,-1,1724.59,410.82,62.89,230.60,0.98942,-1,-1,-1
447,-1,1233.64,471.87,55.58,163.80,0.97335,-1,-1,-1
447,-1,1681.42,475.45,40.50,109.57,0.96880,-1,-1,-1
447,-1,1889.82,386.47,30.18,247.97,0.75960,-1,-1,-1
447,-1,1267.93,361.95,76.01,117.27,0.48982,-1,-1,-1
447,-1,1889.66,374.56,29.38,115.58,0.44445,-1,-1,-1
447,-1,1694.83,479.46,38.94,103.51,0.36532,-1,-1,-1
447,-1,1905.41,402.64,14.59,203.53,0.31044,-1,-1,-1
447,-1,1870.66,387.85,19.32,34.44,0.25284,-1,-1,-1
447,-1,1889.74,381.10,30.20,56.33,0.24760,-1,-1,-1
447,-1,147.43,217.50,409.29,789.11,0.18835,-1,-1,-1
447,-1,1825.04,430.95,20.75,50.33,0.18640,-1,-1,-1
447,-1,1409.98,454.71,27.47,44.85,0.17686,-1,-1,-1
447,-1,1841.37,388.82,43.14,42.99,0.16436,-1,-1,-1
447,-1,1869.11,382.34,50.23,194.34,0.15325,-1,-1,-1
447,-1,1814.24,414.92,58.63,243.22,0.12456,-1,-1,-1
447,-1,1392.06,457.80,65.53,138.41,0.11122,-1,-1,-1
447,-1,245.78,516.43,55.58,63.65,0.10080,-1,-1,-1
447,-1,1897.17,431.98,21.28,126.59,0.08024,-1,-1,-1
447,-1,1497.31,459.81,68.87,150.36,0.07077,-1,-1,-1
447,-1,950.29,520.37,31.69,86.38,0.06245,-1,-1,-1
447,-1,1710.49,497.55,33.13,86.89,0.05950,-1,-1,-1
447,-1,1831.05,390.83,56.76,82.48,0.05315,-1,-1,-1
448,-1,258.18,201.84,369.55,826.23,0.99968,-1,-1,-1
448,-1,3.20,293.05,284.78,619.71,0.99943,-1,-1,-1
448,-1,1151.22,363.11,107.84,375.91,0.99782,-1,-1,-1
448,-1,1370.23,449.98,103.79,196.28,0.99777,-1,-1,-1
448,-1,1792.92,386.93,125.52,294.07,0.99571,-1,-1,-1
448,-1,1767.60,430.04,66.04,220.73,0.99420,-1,-1,-1
448,-1,1723.01,411.51,69.93,230.41,0.99346,-1,-1,-1
448,-1,1681.13,475.35,41.41,110.69,0.96762,-1,-1,-1
448,-1,1238.80,471.10,57.72,145.00,0.95799,-1,-1,-1
448,-1,1860.08,385.71,57.99,276.14,0.78823,-1,-1,-1
448,-1,1887.56,392.74,32.26,267.10,0.58669,-1,-1,-1
448,-1,1270.69,361.63,72.39,113.83,0.56627,-1,-1,-1
448,-1,587.83,401.26,31.72,118.05,0.48070,-1,-1,-1
448,-1,1705.51,482.19,29.42,101.52,0.37601,-1,-1,-1
448,-1,1878.67,381.70,34.15,104.24,0.24868,-1,-1,-1
448,-1,1413.04,451.66,32.50,52.41,0.16555,-1,-1,-1
448,-1,577.82,422.58,42.23,295.14,0.13673,-1,-1,-1
448,-1,1496.44,456.43,69.53,154.12,0.13300,-1,-1,-1
448,-1,362.90,196.39,252.82,581.61,0.10820,-1,-1,-1
448,-1,955.66,526.14,27.15,80.48,0.09049,-1,-1,-1
448,-1,818.70,434.93,61.46,196.75,0.07675,-1,-1,-1
448,-1,1887.13,394.97,30.87,129.06,0.07333,-1,-1,-1
448,-1,1831.59,395.76,39.35,38.69,0.05012,-1,-1,-1
449,-1,221.99,208.30,398.66,821.41,0.99976,-1,-1,-1
449,-1,4.89,280.09,274.50,633.75,0.99930,-1,-1,-1
449,-1,1153.51,364.81,117.29,375.51,0.99742,-1,-1,-1
449,-1,1380.08,450.89,89.91,197.07,0.99611,-1,-1,-1
449,-1,1724.78,411.41,71.67,236.75,0.99199,-1,-1,-1
449,-1,1787.85,391.25,129.48,286.38,0.98974,-1,-1,-1
449,-1,1769.40,429.49,59.99,211.37,0.97944,-1,-1,-1
449,-1,1681.33,475.14,41.84,110.56,0.96383,-1,-1,-1
449,-1,1244.90,470.27,57.67,170.93,0.95846,-1,-1,-1
449,-1,1870.30,387.14,48.23,282.77,0.84257,-1,-1,-1
449,-1,1281.21,361.65,60.07,108.95,0.51288,-1,-1,-1
449,-1,576.07,407.29,42.93,112.11,0.33068,-1,-1,-1
449,-1,1704.89,485.64,29.32,97.48,0.30729,-1,-1,-1
449,-1,791.93,497.40,29.63,82.68,0.26498,-1,-1,-1
449,-1,2.37,468.95,55.43,463.81,0.18679,-1,-1,-1
449,-1,958.01,523.60,29.27,82.18,0.18274,-1,-1,-1
449,-1,804.75,439.12,80.18,182.92,0.14397,-1,-1,-1
449,-1,0.00,415.50,194.29,460.73,0.10920,-1,-1,-1
449,-1,1619.36,478.40,22.40,104.51,0.10596,-1,-1,-1
449,-1,1217.08,442.80,92.44,262.82,0.09957,-1,-1,-1
449,-1,1787.08,424.31,52.52,165.95,0.08155,-1,-1,-1
449,-1,1497.75,461.64,67.41,147.06,0.06907,-1,-1,-1
449,-1,332.65,198.08,263.04,595.44,0.06802,-1,-1,-1
449,-1,1771.63,447.63,51.01,109.55,0.05799,-1,-1,-1
449,-1,127.81,676.41,32.11,64.20,0.05177,-1,-1,-1
449,-1,1816.62,402.61,60.11,96.45,0.05095,-1,-1,-1
450,-1,208.31,208.24,405.66,826.56,0.99961,-1,-1,-1
450,-1,1.91,279.75,276.11,649.92,0.99911,-1,-1,-1
450,-1,1385.87,449.69,92.46,194.79,0.99536,-1,-1,-1
450,-1,1164.45,378.28,129.50,362.65,0.99524,-1,-1,-1
450,-1,1726.37,410.73,74.77,235.01,0.99401,-1,-1,-1
450,-1,1782.35,395.49,131.44,280.20,0.99032,-1,-1,-1
450,-1,1859.20,387.44,60.80,276.67,0.97063,-1,-1,-1
450,-1,1681.39,474.66,41.42,110.93,0.95633,-1,-1,-1
450,-1,1257.33,470.49,48.97,186.86,0.91759,-1,-1,-1
450,-1,1760.56,427.39,57.10,216.81,0.77022,-1,-1,-1
450,-1,1234.73,450.48,71.63,278.71,0.75869,-1,-1,-1
450,-1,1760.42,406.35,104.58,249.38,0.62275,-1,-1,-1
450,-1,1282.89,360.82,55.65,107.43,0.57038,-1,-1,-1
450,-1,1779.81,435.42,37.42,117.19,0.55944,-1,-1,-1
450,-1,791.10,510.66,39.82,96.22,0.44855,-1,-1,-1
450,-1,574.46,396.13,44.71,113.94,0.38196,-1,-1,-1
450,-1,1801.59,405.85,75.81,114.99,0.18104,-1,-1,-1
450,-1,972.30,527.23,31.53,78.87,0.14828,-1,-1,-1
450,-1,1706.10,484.90,33.97,99.56,0.14395,-1,-1,-1
450,-1,1791.79,434.73,28.62,87.75,0.09872,-1,-1,-1
450,-1,303.28,198.10,264.19,599.16,0.08247,-1,-1,-1
450,-1,813.89,440.75,68.10,175.33,0.07694,-1,-1,-1
450,-1,1495.28,458.57,68.97,158.02,0.07599,-1,-1,-1
450,-1,1723.64,477.35,19.26,112.56,0.05994,-1,-1,-1
451,-1,196.18,194.43,407.61,848.53,0.99941,-1,-1,-1
451,-1,15.08,288.97,254.83,628.58,0.99865,-1,-1,-1
451,-1,1395.24,450.91,75.67,197.04,0.99704,-1,-1,-1
451,-1,1726.40,410.87,73.40,234.64,0.99589,-1,-1,-1
451,-1,1167.09,373.91,142.58,363.78,0.99557,-1,-1,-1
451,-1,1769.61,392.02,143.30,284.28,0.99356,-1,-1,-1
451,-1,1848.08,388.04,71.92,272.72,0.97152,-1,-1,-1
451,-1,1681.57,473.77,43.09,112.02,0.95772,-1,-1,-1
451,-1,1258.55,471.75,55.24,203.95,0.86452,-1,-1,-1
451,-1,791.76,517.04,39.98,82.94,0.83101,-1,-1,-1
451,-1,1259.13,468.58,43.90,131.35,0.61759,-1,-1,-1
451,-1,1283.29,360.98,54.94,107.73,0.56187,-1,-1,-1
451,-1,0.00,636.13,33.10,61.62,0.47708,-1,-1,-1
451,-1,1234.47,409.50,102.24,301.59,0.43609,-1,-1,-1
451,-1,1792.98,401.24,85.33,233.63,0.35835,-1,-1,-1
451,-1,0.10,629.59,42.60,114.32,0.33246,-1,-1,-1
451,-1,1906.02,406.26,13.98,31.56,0.26912,-1,-1,-1
451,-1,1704.42,489.47,36.88,95.71,0.16847,-1,-1,-1
451,-1,1793.93,405.12,77.87,126.56,0.16290,-1,-1,-1
451,-1,37.05,276.04,399.00,700.11,0.15520,-1,-1,-1
451,-1,287.28,196.95,265.84,611.86,0.13856,-1,-1,-1
451,-1,1759.19,416.30,60.92,229.12,0.12582,-1,-1,-1
451,-1,1769.69,432.29,81.54,230.42,0.11467,-1,-1,-1
451,-1,18.88,581.68,77.18,168.53,0.10772,-1,-1,-1
451,-1,574.95,398.17,44.22,116.27,0.10553,-1,-1,-1
451,-1,1722.89,480.55,21.23,108.00,0.07595,-1,-1,-1
451,-1,961.29,512.34,43.74,92.81,0.06893,-1,-1,-1
451,-1,1497.65,461.34,63.67,144.94,0.05360,-1,-1,-1
451,-1,193.16,309.15,38.78,122.07,0.05332,-1,-1,-1
451,-1,76.83,614.06,60.26,132.54,0.05142,-1,-1,-1
452,-1,179.22,189.07,425.84,860.76,0.99950,-1,-1,-1
452,-1,28.85,285.67,240.87,625.84,0.99734,-1,-1,-1
452,-1,1410.36,449.33,59.61,200.93,0.99725,-1,-1,-1
452,-1,1174.12,376.21,147.01,364.59,0.99616,-1,-1,-1
452,-1,1767.08,393.10,141.16,283.65,0.99292,-1,-1,-1
452,-1,1728.01,411.21,69.16,224.23,0.99159,-1,-1,-1
452,-1,1841.93,386.60,77.66,279.55,0.98691,-1,-1,-1
452,-1,1681.63,473.22,42.75,112.57,0.95945,-1,-1,-1
452,-1,792.49,520.25,38.68,83.83,0.81055,-1,-1,-1
452,-1,1261.87,466.62,45.52,132.02,0.77457,-1,-1,-1
452,-1,1257.54,446.66,68.10,286.00,0.74102,-1,-1,-1
452,-1,1903.45,408.70,16.55,51.64,0.55928,-1,-1,-1
452,-1,1279.71,360.05,60.52,109.55,0.29942,-1,-1,-1
452,-1,1235.52,391.80,107.43,306.17,0.28875,-1,-1,-1
452,-1,1756.31,411.51,60.88,240.63,0.19021,-1,-1,-1
452,-1,1905.22,404.96,14.78,110.40,0.17487,-1,-1,-1
452,-1,120.12,248.88,234.40,685.77,0.17413,-1,-1,-1
452,-1,275.09,191.34,259.95,702.34,0.13686,-1,-1,-1
452,-1,1903.99,408.02,16.01,26.89,0.13572,-1,-1,-1
452,-1,1882.36,409.61,37.64,249.62,0.10485,-1,-1,-1
452,-1,575.23,392.85,43.54,118.22,0.10392,-1,-1,-1
452,-1,1706.11,488.73,37.09,96.12,0.09909,-1,-1,-1
452,-1,1846.89,428.40,14.98,58.64,0.09478,-1,-1,-1
452,-1,21.14,565.30,79.46,181.97,0.08569,-1,-1,-1
452,-1,962.23,516.18,44.48,89.32,0.08412,-1,-1,-1
452,-1,0.00,543.54,47.40,206.03,0.07353,-1,-1,-1
452,-1,969.48,550.65,34.39,54.67,0.06588,-1,-1,-1
452,-1,1790.50,403.88,64.68,99.01,0.05287,-1,-1,-1
453,-1,183.18,195.53,397.10,854.51,0.99953,-1,-1,-1
453,-1,1416.19,449.80,64.87,200.22,0.99747,-1,-1,-1
453,-1,1168.76,382.15,150.92,354.19,0.99725,-1,-1,-1
453,-1,57.90,287.87,221.47,613.93,0.99603,-1,-1,-1
453,-1,1763.49,396.16,116.29,281.68,0.99364,-1,-1,-1
453,-1,1729.65,412.75,61.01,212.29,0.98346,-1,-1,-1
453,-1,1831.38,388.40,88.46,270.28,0.97576,-1,-1,-1
453,-1,1681.22,473.02,41.86,112.54,0.96191,-1,-1,-1
453,-1,1261.06,435.07,70.63,285.23,0.76179,-1,-1,-1
453,-1,1271.33,461.46,43.49,134.05,0.68932,-1,-1,-1
453,-1,1898.03,415.36,21.97,198.45,0.65994,-1,-1,-1
453,-1,794.34,522.56,35.70,85.37,0.64877,-1,-1,-1
453,-1,90.52,291.09,177.79,376.30,0.64815,-1,-1,-1
453,-1,1275.86,358.63,69.81,117.43,0.28904,-1,-1,-1
453,-1,1901.44,411.19,18.56,54.85,0.28330,-1,-1,-1
453,-1,78.14,227.09,338.70,780.49,0.23548,-1,-1,-1
453,-1,964.04,517.58,47.63,89.40,0.18677,-1,-1,-1
453,-1,1908.95,415.90,11.05,186.06,0.16143,-1,-1,-1
453,-1,241.10,186.03,267.52,626.66,0.12381,-1,-1,-1
453,-1,206.63,293.70,53.98,155.44,0.10458,-1,-1,-1
453,-1,575.76,393.15,43.00,121.75,0.10247,-1,-1,-1
453,-1,24.93,548.20,83.10,175.12,0.08957,-1,-1,-1
453,-1,1765.25,509.30,28.70,133.36,0.07604,-1,-1,-1
453,-1,1.36,469.09,58.47,321.49,0.06776,-1,-1,-1
453,-1,1780.17,398.16,70.33,206.78,0.06765,-1,-1,-1
453,-1,1702.00,485.19,38.35,99.49,0.06523,-1,-1,-1
453,-1,57.23,656.07,180.48,234.71,0.06515,-1,-1,-1
453,-1,1784.48,401.90,61.01,89.20,0.05666,-1,-1,-1
453,-1,84.45,452.17,33.70,116.43,0.05386,-1,-1,-1
453,-1,1789.78,398.13,42.99,41.49,0.05321,-1,-1,-1
454,-1,157.07,199.08,404.30,849.78,0.99945,-1,-1,-1
454,-1,1419.54,451.20,62.34,197.24,0.99787,-1,-1,-1
454,-1,1170.80,383.54,163.35,351.54,0.99742,-1,-1,-1
454,-1,1756.14,396.40,103.94,277.54,0.99164,-1,-1,-1
454,-1,1825.95,391.98,94.05,267.66,0.98272,-1,-1,-1
454,-1,93.28,275.09,170.06,360.02,0.97766,-1,-1,-1
454,-1,76.53,286.86,197.08,595.01,0.97058,-1,-1,-1
454,-1,1681.30,474.00,41.30,111.06,0.96036,-1,-1,-1
454,-1,1733.04,416.41,53.49,198.27,0.94599,-1,-1,-1
454,-1,1891.44,419.24,28.56,226.29,0.90107,-1,-1,-1
454,-1,1743.53,406.74,65.36,232.90,0.49254,-1,-1,-1
454,-1,967.70,515.90,39.75,88.45,0.46086,-1,-1,-1
454,-1,1251.64,427.36,82.33,294.01,0.46073,-1,-1,-1
454,-1,1735.57,429.11,27.72,176.87,0.35001,-1,-1,-1
454,-1,1278.51,359.16,67.68,132.22,0.33169,-1,-1,-1
454,-1,795.55,524.33,33.88,76.90,0.24132,-1,-1,-1
454,-1,1890.49,422.00,29.51,47.58,0.22364,-1,-1,-1
454,-1,1280.48,466.85,32.93,96.35,0.21764,-1,-1,-1
454,-1,148.83,284.62,111.18,187.10,0.12858,-1,-1,-1
454,-1,1820.69,408.58,61.70,227.94,0.10966,-1,-1,-1
454,-1,1280.41,465.93,48.04,199.52,0.10758,-1,-1,-1
454,-1,792.84,510.83,48.67,138.35,0.08722,-1,-1,-1
454,-1,1745.46,424.13,28.54,182.76,0.07512,-1,-1,-1
454,-1,0.20,524.88,109.22,224.17,0.07450,-1,-1,-1
454,-1,78.77,632.30,161.58,258.88,0.07328,-1,-1,-1
454,-1,575.77,392.82,43.12,119.26,0.05918,-1,-1,-1
454,-1,1701.59,484.72,38.08,99.37,0.05882,-1,-1,-1
455,-1,140.02,192.27,363.43,854.28,0.99969,-1,-1,-1
455,-1,1181.53,379.72,156.46,355.24,0.99788,-1,-1,-1
455,-1,1424.85,447.87,60.49,201.44,0.99742,-1,-1,-1
455,-1,1745.10,393.52,102.13,275.65,0.99361,-1,-1,-1
455,-1,1822.28,396.81,94.36,260.12,0.96453,-1,-1,-1
455,-1,1883.73,421.48,36.27,222.44,0.95240,-1,-1,-1
455,-1,106.38,279.23,162.36,615.99,0.93926,-1,-1,-1
455,-1,1681.48,473.14,40.58,111.53,0.92145,-1,-1,-1
455,-1,112.23,289.29,153.61,298.38,0.69292,-1,-1,-1
455,-1,1733.60,401.66,65.99,217.59,0.69151,-1,-1,-1
455,-1,146.66,710.51,89.57,186.70,0.52033,-1,-1,-1
455,-1,175.49,285.98,101.02,152.60,0.49910,-1,-1,-1
455,-1,1282.56,364.25,64.23,176.67,0.44433,-1,-1,-1
455,-1,971.33,523.16,37.31,83.19,0.41351,-1,-1,-1
455,-1,1.66,508.72,114.59,252.82,0.32313,-1,-1,-1
455,-1,109.42,392.48,77.60,184.06,0.20307,-1,-1,-1
455,-1,1728.30,433.88,43.58,175.77,0.15883,-1,-1,-1
455,-1,141.50,550.79,98.22,339.53,0.12460,-1,-1,-1
455,-1,1268.34,384.17,81.01,325.23,0.11182,-1,-1,-1
455,-1,440.69,491.15,27.54,69.02,0.11028,-1,-1,-1
455,-1,1793.50,395.91,59.01,224.22,0.10703,-1,-1,-1
455,-1,1888.27,423.49,31.73,43.80,0.10315,-1,-1,-1
455,-1,183.38,282.15,88.22,87.02,0.09424,-1,-1,-1
455,-1,196.88,179.30,258.95,618.49,0.07956,-1,-1,-1
455,-1,576.14,393.27,42.57,117.46,0.07205,-1,-1,-1
455,-1,49.65,534.93,71.92,219.97,0.05619,-1,-1,-1
455,-1,1233.73,367.94,106.60,179.84,0.05186,-1,-1,-1
455,-1,1.84,444.20,60.52,315.28,0.05039,-1,-1,-1
456,-1,113.80,188.39,351.81,850.79,0.99963,-1,-1,-1
456,-1,1195.89,379.88,143.39,355.33,0.99823,-1,-1,-1
456,-1,1426.38,449.07,68.42,202.57,0.99752,-1,-1,-1
456,-1,1740.50,395.62,99.05,276.67,0.99701,-1,-1,-1
456,-1,1810.93,392.02,90.99,254.41,0.97889,-1,-1,-1
456,-1,1681.45,473.87,41.57,110.90,0.94232,-1,-1,-1
456,-1,1878.52,418.22,41.48,223.07,0.94019,-1,-1,-1
456,-1,0.00,396.10,105.88,364.96,0.83892,-1,-1,-1
456,-1,1774.45,391.28,97.95,275.29,0.80393,-1,-1,-1
456,-1,194.53,282.35,71.44,79.65,0.68894,-1,-1,-1
456,-1,1284.62,368.25,60.73,145.55,0.51787,-1,-1,-1
456,-1,89.58,299.95,159.07,592.98,0.51558,-1,-1,-1
456,-1,1732.12,410.75,35.15,205.07,0.43887,-1,-1,-1
456,-1,1282.11,379.15,69.09,269.44,0.35933,-1,-1,-1
456,-1,172.54,284.64,86.74,133.92,0.30207,-1,-1,-1
456,-1,160.27,680.56,76.73,227.42,0.17762,-1,-1,-1
456,-1,1809.01,431.56,24.01,67.74,0.15642,-1,-1,-1
456,-1,20.41,524.94,89.99,216.06,0.14225,-1,-1,-1
456,-1,1803.61,402.75,47.61,229.94,0.12394,-1,-1,-1
456,-1,126.88,277.06,131.01,178.92,0.10980,-1,-1,-1
456,-1,1288.42,366.06,42.05,86.74,0.10285,-1,-1,-1
456,-1,1735.09,493.47,26.10,115.66,0.09911,-1,-1,-1
456,-1,2.14,385.42,65.23,189.90,0.09824,-1,-1,-1
456,-1,0.00,428.53,46.93,303.41,0.08904,-1,-1,-1
456,-1,575.43,395.30,43.46,114.96,0.06313,-1,-1,-1
456,-1,162.62,531.86,85.89,368.29,0.05254,-1,-1,-1
456,-1,25.21,499.68,86.67,92.15,0.05207,-1,-1,-1
456,-1,1491.76,454.43,50.97,164.08,0.05024,-1,-1,-1
457,-1,118.78,171.35,316.89,872.43,0.99969,-1,-1,-1
457,-1,1213.23,383.44,130.49,341.07,0.99829,-1,-1,-1
457,-1,1429.15,447.67,70.41,197.65,0.99790,-1,-1,-1
457,-1,1739.58,397.37,85.96,274.19,0.99691,-1,-1,-1
457,-1,1797.83,398.18,116.13,268.63,0.98666,-1,-1,-1
457,-1,1681.74,474.11,42.00,111.52,0.96299,-1,-1,-1
457,-1,1874.04,427.27,45.96,200.60,0.96099,-1,-1,-1
457,-1,1295.24,370.90,52.13,208.73,0.38489,-1,-1,-1
457,-1,1294.38,363.98,47.84,106.54,0.16046,-1,-1,-1
457,-1,37.50,352.01,169.43,517.62,0.14440,-1,-1,-1
457,-1,1.87,412.29,96.64,294.83,0.12488,-1,-1,-1
457,-1,163.95,747.16,67.89,156.45,0.08216,-1,-1,-1
457,-1,1802.30,403.90,56.67,246.32,0.07082,-1,-1,-1
457,-1,1731.25,409.07,37.91,196.94,0.06712,-1,-1,-1
457,-1,1.41,383.02,112.40,203.16,0.05913,-1,-1,-1
458,-1,132.31,157.06,272.42,903.15,0.99966,-1,-1,-1
458,-1,1433.04,448.35,79.76,199.24,0.99899,-1,-1,-1
458,-1,1727.55,394.24,91.39,280.25,0.99797,-1,-1,-1
458,-1,1230.21,382.11,121.34,343.76,0.99758,-1,-1,-1
458,-1,1796.06,397.55,109.02,271.53,0.98020,-1,-1,-1
458,-1,1876.29,427.09,43.71,210.37,0.92142,-1,-1,-1
458,-1,1681.54,473.18,44.63,112.20,0.91303,-1,-1,-1
458,-1,1848.50,424.98,57.85,186.53,0.28788,-1,-1,-1
458,-1,1857.46,439.40,26.05,92.15,0.28096,-1,-1,-1
458,-1,1301.64,373.26,36.80,93.79,0.26772,-1,-1,-1
458,-1,1850.30,433.75,29.18,73.78,0.25152,-1,-1,-1
458,-1,1849.82,435.43,28.23,37.78,0.23664,-1,-1,-1
458,-1,1871.68,444.81,24.01,139.90,0.15265,-1,-1,-1
458,-1,1823.03,410.46,68.16,215.22,0.11423,-1,-1,-1
458,-1,13.22,360.98,152.13,334.02,0.11160,-1,-1,-1
458,-1,1805.70,392.71,67.23,107.67,0.10820,-1,-1,-1
458,-1,1240.60,380.42,67.03,91.38,0.10446,-1,-1,-1
458,-1,26.74,297.47,166.95,569.13,0.09550,-1,-1,-1
458,-1,1157.18,382.22,58.37,59.39,0.07495,-1,-1,-1
458,-1,1298.70,365.95,51.92,186.42,0.05874,-1,-1,-1
458,-1,771.84,517.48,34.47,67.40,0.05829,-1,-1,-1
459,-1,102.62,146.72,294.05,918.83,0.99966,-1,-1,-1
459,-1,1432.89,448.96,89.27,195.90,0.99924,-1,-1,-1
459,-1,1716.95,391.44,99.13,282.56,0.99665,-1,-1,-1
459,-1,1243.23,376.04,108.27,352.02,0.99631,-1,-1,-1
459,-1,1792.31,400.47,106.52,265.56,0.98344,-1,-1,-1
459,-1,1876.63,426.00,43.37,213.84,0.92616,-1,-1,-1
459,-1,1681.05,473.86,42.73,111.67,0.92143,-1,-1,-1
459,-1,5.27,356.85,124.18,145.79,0.63605,-1,-1,-1
459,-1,1844.87,436.54,37.85,172.52,0.62198,-1,-1,-1
459,-1,1848.63,436.60,31.35,94.91,0.48823,-1,-1,-1
459,-1,1848.57,436.78,31.31,46.69,0.46434,-1,-1,-1
459,-1,3.71,370.26,142.85,326.32,0.43822,-1,-1,-1
459,-1,778.25,521.21,27.93,70.94,0.23798,-1,-1,-1
459,-1,1862.47,440.52,26.82,141.10,0.23595,-1,-1,-1
459,-1,2.75,365.33,66.57,353.63,0.18456,-1,-1,-1
459,-1,1864.19,441.06,19.93,55.09,0.17696,-1,-1,-1
459,-1,1798.11,393.48,58.01,216.64,0.13431,-1,-1,-1
459,-1,1239.33,380.72,76.94,158.44,0.10379,-1,-1,-1
459,-1,1767.79,396.66,54.11,265.29,0.09274,-1,-1,-1
459,-1,3.65,358.27,67.23,121.05,0.08064,-1,-1,-1
459,-1,1296.14,371.44,43.18,104.44,0.07464,-1,-1,-1
459,-1,1305.39,376.93,48.09,194.70,0.07408,-1,-1,-1
459,-1,1874.64,440.42,27.76,144.88,0.06963,-1,-1,-1
459,-1,1623.16,501.67,24.30,94.44,0.06525,-1,-1,-1
459,-1,21.25,362.28,80.15,101.78,0.05827,-1,-1,-1
459,-1,1157.42,388.31,58.98,54.81,0.05090,-1,-1,-1
459,-1,575.97,394.50,42.89,117.74,0.05012,-1,-1,-1
460,-1,57.67,152.40,377.97,926.22,0.99907,-1,-1,-1
460,-1,1431.81,449.06,93.53,196.40,0.99904,-1,-1,-1
460,-1,1254.46,374.06,105.73,350.33,0.99826,-1,-1,-1
460,-1,1696.10,392.27,118.31,285.88,0.99630,-1,-1,-1
460,-1,1789.54,399.97,76.46,265.84,0.96994,-1,-1,-1
460,-1,1839.02,428.65,47.09,214.31,0.95403,-1,-1,-1
460,-1,1878.24,427.67,41.76,213.14,0.94121,-1,-1,-1
460,-1,1680.68,474.53,39.39,114.34,0.93678,-1,-1,-1
460,-1,0.75,358.51,100.77,176.40,0.87481,-1,-1,-1
460,-1,776.50,520.23,31.64,73.42,0.63951,-1,-1,-1
460,-1,0.56,375.89,106.27,348.21,0.43725,-1,-1,-1
460,-1,1852.97,422.24,58.42,219.25,0.22344,-1,-1,-1
460,-1,1688.65,446.16,54.39,200.75,0.18169,-1,-1,-1
460,-1,1833.54,432.27,21.64,30.10,0.17842,-1,-1,-1
460,-1,1852.01,435.54,28.65,50.71,0.17781,-1,-1,-1
460,-1,1844.02,438.18,36.33,129.18,0.15816,-1,-1,-1
460,-1,1156.28,385.81,59.04,56.96,0.15629,-1,-1,-1
460,-1,289.48,628.47,141.46,240.63,0.12727,-1,-1,-1
460,-1,575.67,397.46,43.06,118.72,0.11589,-1,-1,-1
460,-1,1227.23,376.10,125.33,207.33,0.10026,-1,-1,-1
460,-1,1783.98,397.47,47.14,225.77,0.08342,-1,-1,-1
460,-1,1242.13,376.47,80.30,154.54,0.07754,-1,-1,-1
460,-1,1842.71,436.46,33.40,66.25,0.07391,-1,-1,-1
460,-1,1845.38,434.13,30.44,36.08,0.07196,-1,-1,-1
460,-1,79.25,566.43,266.75,507.62,0.06133,-1,-1,-1
460,-1,0.00,367.98,18.82,31.42,0.05929,-1,-1,-1
461,-1,25.31,154.35,399.17,919.01,0.99952,-1,-1,-1
461,-1,1437.94,452.69,89.85,193.62,0.99856,-1,-1,-1
461,-1,1669.76,389.52,146.48,289.07,0.99833,-1,-1,-1
461,-1,1258.29,372.81,107.76,351.33,0.99732,-1,-1,-1
461,-1,1832.52,431.90,54.48,213.63,0.98074,-1,-1,-1
461,-1,1780.89,404.05,71.41,253.49,0.96911,-1,-1,-1
461,-1,1880.45,431.33,39.55,207.74,0.95274,-1,-1,-1
461,-1,772.50,519.21,36.50,72.54,0.83962,-1,-1,-1
461,-1,282.40,295.24,158.61,572.78,0.80643,-1,-1,-1
461,-1,1679.59,472.63,39.53,116.88,0.75243,-1,-1,-1
461,-1,0.00,354.21,65.22,143.63,0.48621,-1,-1,-1
461,-1,313.52,307.44,69.87,203.92,0.41645,-1,-1,-1
461,-1,0.00,376.26,86.17,346.38,0.39912,-1,-1,-1
461,-1,302.52,313.93,93.22,446.44,0.24937,-1,-1,-1
461,-1,749.37,517.40,59.01,87.62,0.18911,-1,-1,-1
461,-1,290.33,599.52,156.24,262.07,0.15295,-1,-1,-1
461,-1,333.64,374.24,50.91,126.14,0.08585,-1,-1,-1
461,-1,575.53,395.35,43.18,113.90,0.08055,-1,-1,-1
461,-1,1679.64,439.97,82.93,198.00,0.07907,-1,-1,-1
461,-1,1251.93,373.22,73.36,153.09,0.07806,-1,-1,-1
461,-1,1854.47,436.83,24.76,45.64,0.06654,-1,-1,-1
461,-1,1878.15,441.91,30.36,141.48,0.06454,-1,-1,-1
461,-1,1320.10,375.48,18.42,50.70,0.06326,-1,-1,-1
461,-1,133.13,264.43,322.47,622.65,0.06152,-1,-1,-1
461,-1,923.08,546.53,85.64,156.56,0.05887,-1,-1,-1
461,-1,1307.65,369.87,47.46,144.86,0.05722,-1,-1,-1
462,-1,14.07,158.69,351.91,914.40,0.99934,-1,-1,-1
462,-1,1649.04,389.84,158.17,287.13,0.99897,-1,-1,-1
462,-1,1433.25,450.55,99.05,196.75,0.99859,-1,-1,-1
462,-1,1264.84,375.74,105.53,347.80,0.99784,-1,-1,-1
462,-1,226.46,299.78,229.40,580.03,0.98831,-1,-1,-1
462,-1,1830.13,432.14,57.02,208.80,0.98775,-1,-1,-1
462,-1,1772.67,397.65,73.39,262.46,0.98468,-1,-1,-1
462,-1,1882.96,433.68,37.04,195.74,0.94850,-1,-1,-1
462,-1,771.87,520.38,39.02,71.45,0.89303,-1,-1,-1
462,-1,1680.32,474.27,32.98,107.11,0.68649,-1,-1,-1
462,-1,284.67,302.87,114.87,458.17,0.24376,-1,-1,-1
462,-1,1879.41,443.69,29.72,138.10,0.09733,-1,-1,-1
462,-1,1252.93,378.53,68.04,142.94,0.09702,-1,-1,-1
462,-1,1684.89,408.48,57.89,187.63,0.09550,-1,-1,-1
462,-1,759.93,513.03,54.36,104.16,0.09179,-1,-1,-1
462,-1,1669.03,457.13,62.92,162.28,0.06878,-1,-1,-1
463,-1,0.00,131.13,320.42,942.06,0.99941,-1,-1,-1
463,-1,221.71,291.22,247.01,579.72,0.99884,-1,-1,-1
463,-1,1643.63,394.27,166.74,282.05,0.99869,-1,-1,-1
463,-1,1275.19,382.02,111.67,338.61,0.99851,-1,-1,-1
463,-1,1447.92,447.56,88.63,197.67,0.99774,-1,-1,-1
463,-1,1820.97,430.26,69.90,211.36,0.99481,-1,-1,-1
463,-1,1761.45,400.08,80.59,261.48,0.97746,-1,-1,-1
463,-1,1888.77,436.80,31.23,194.69,0.92939,-1,-1,-1
463,-1,766.95,520.62,44.41,68.74,0.65220,-1,-1,-1
463,-1,756.41,515.84,62.72,104.94,0.23567,-1,-1,-1
463,-1,1886.72,451.47,22.78,113.67,0.23391,-1,-1,-1
463,-1,1875.71,446.64,28.34,143.10,0.14551,-1,-1,-1
463,-1,739.07,509.42,86.46,160.70,0.11484,-1,-1,-1
463,-1,1262.24,375.70,72.33,138.08,0.10464,-1,-1,-1
463,-1,1796.71,426.37,51.06,220.11,0.08134,-1,-1,-1
463,-1,1766.69,398.84,52.24,189.04,0.06627,-1,-1,-1
463,-1,1880.42,454.34,17.89,111.76,0.06408,-1,-1,-1
463,-1,73.54,232.36,388.18,789.16,0.05426,-1,-1,-1
464,-1,0.00,146.50,312.52,933.50,0.99951,-1,-1,-1
464,-1,1274.83,385.02,118.72,332.10,0.99942,-1,-1,-1
464,-1,200.62,292.22,276.49,593.36,0.99885,-1,-1,-1
464,-1,1643.38,400.10,155.20,275.67,0.99821,-1,-1,-1
464,-1,1458.19,447.56,78.99,198.83,0.99722,-1,-1,-1
464,-1,1820.45,429.62,73.98,208.86,0.99624,-1,-1,-1
464,-1,1761.80,406.01,83.33,257.67,0.98124,-1,-1,-1
464,-1,1889.68,439.30,30.32,183.94,0.93731,-1,-1,-1
464,-1,1756.71,396.63,52.76,235.05,0.54175,-1,-1,-1
464,-1,767.35,520.88,42.76,72.24,0.51143,-1,-1,-1
464,-1,1884.60,445.71,28.54,130.36,0.42523,-1,-1,-1
464,-1,1429.32,507.30,86.79,133.97,0.39152,-1,-1,-1
464,-1,752.60,520.57,71.25,102.79,0.17026,-1,-1,-1
464,-1,1907.69,442.93,12.31,191.27,0.16742,-1,-1,-1
464,-1,1881.24,453.65,19.21,101.13,0.15505,-1,-1,-1
464,-1,1420.87,528.03,65.58,88.94,0.13558,-1,-1,-1
464,-1,4.35,156.62,261.12,403.97,0.08558,-1,-1,-1
464,-1,1863.37,441.78,37.20,173.91,0.05763,-1,-1,-1
464,-1,1893.02,442.36,24.25,101.65,0.05177,-1,-1,-1
464,-1,6.15,247.50,84.67,130.26,0.05084,-1,-1,-1
464,-1,7.57,159.32,125.58,227.24,0.05007,-1,-1,-1
465,-1,199.16,296.15,284.40,589.05,0.99965,-1,-1,-1
465,-1,1280.32,389.12,125.40,325.31,0.99930,-1,-1,-1
465,-1,0.06,126.33,300.10,947.18,0.99830,-1,-1,-1
465,-1,1638.97,400.49,159.35,274.61,0.99725,-1,-1,-1
465,-1,1822.12,429.67,77.67,210.08,0.99700,-1,-1,-1
465,-1,1463.23,446.80,70.15,200.63,0.99680,-1,-1,-1
465,-1,1761.68,411.60,85.25,255.22,0.97594,-1,-1,-1
465,-1,1896.33,443.54,23.50,183.47,0.93050,-1,-1,-1
465,-1,1751.01,398.41,44.75,214.87,0.48761,-1,-1,-1
465,-1,1880.98,455.78,20.36,96.69,0.36350,-1,-1,-1
465,-1,1893.74,442.75,20.47,127.12,0.33566,-1,-1,-1
465,-1,82.17,222.36,379.87,789.56,0.29379,-1,-1,-1
465,-1,1790.20,421.86,85.94,227.51,0.24636,-1,-1,-1
465,-1,1790.33,416.74,18.81,32.20,0.19321,-1,-1,-1
465,-1,1597.51,408.47,304.68,248.10,0.14347,-1,-1,-1
465,-1,765.61,521.67,43.58,75.00,0.12411,-1,-1,-1
465,-1,1751.13,413.32,25.69,159.25,0.09087,-1,-1,-1
465,-1,1492.33,449.24,58.73,183.13,0.07816,-1,-1,-1
465,-1,2.96,142.51,244.17,512.39,0.07803,-1,-1,-1
465,-1,8.73,136.29,114.39,220.00,0.07729,-1,-1,-1
465,-1,575.49,397.83,43.43,111.80,0.06319,-1,-1,-1
465,-1,1424.42,526.15,66.96,82.01,0.06112,-1,-1,-1
465,-1,1432.29,509.84,78.10,129.68,0.05826,-1,-1,-1
465,-1,1620.45,488.34,21.69,105.48,0.05309,-1,-1,-1
466,-1,230.88,292.58,255.52,583.95,0.99980,-1,-1,-1
466,-1,1285.13,389.30,125.30,326.64,0.99934,-1,-1,-1
466,-1,1.21,126.87,274.68,938.22,0.99845,-1,-1,-1
466,-1,1818.21,429.43,82.59,210.79,0.99690,-1,-1,-1
466,-1,1468.85,454.26,64.11,190.72,0.99517,-1,-1,-1
466,-1,1644.26,405.86,149.83,271.87,0.99345,-1,-1,-1
466,-1,1764.16,412.22,80.42,256.37,0.97869,-1,-1,-1
466,-1,1739.48,401.08,50.63,234.40,0.88406,-1,-1,-1
466,-1,1896.81,444.92,22.50,148.62,0.81707,-1,-1,-1
466,-1,1882.04,452.10,24.28,141.88,0.62867,-1,-1,-1
466,-1,9.15,584.39,283.52,479.95,0.29728,-1,-1,-1
466,-1,1291.45,402.85,33.63,109.34,0.23317,-1,-1,-1
466,-1,1884.44,458.71,17.79,78.45,0.20071,-1,-1,-1
466,-1,1783.48,417.75,26.48,37.07,0.16839,-1,-1,-1
466,-1,1672.61,412.77,71.60,139.21,0.14598,-1,-1,-1
466,-1,1907.61,450.04,12.37,143.43,0.13723,-1,-1,-1
466,-1,1784.19,417.05,45.87,60.29,0.13180,-1,-1,-1
466,-1,1890.28,447.63,18.00,82.50,0.12525,-1,-1,-1
466,-1,1897.29,444.22,17.95,84.00,0.12481,-1,-1,-1
466,-1,1643.92,440.44,49.26,192.60,0.10436,-1,-1,-1
466,-1,1790.43,421.31,40.02,128.06,0.09879,-1,-1,-1
466,-1,1491.97,456.76,64.67,170.51,0.08889,-1,-1,-1
466,-1,1798.22,430.66,51.88,202.34,0.08508,-1,-1,-1
466,-1,30.57,167.71,423.16,812.38,0.08054,-1,-1,-1
466,-1,1653.31,411.71,78.97,235.00,0.08016,-1,-1,-1
466,-1,575.53,397.93,43.39,111.09,0.06254,-1,-1,-1
466,-1,1294.61,388.44,50.92,91.28,0.06254,-1,-1,-1
466,-1,764.37,523.81,42.27,69.53,0.05856,-1,-1,-1
466,-1,1317.52,395.98,83.71,240.25,0.05394,-1,-1,-1
467,-1,249.17,292.94,237.93,582.19,0.99983,-1,-1,-1
467,-1,1292.84,388.99,126.40,325.81,0.99948,-1,-1,-1
467,-1,2.44,94.37,245.11,983.04,0.99852,-1,-1,-1
467,-1,1822.29,429.98,81.08,208.48,0.99596,-1,-1,-1
467,-1,1645.66,407.43,137.65,270.60,0.99554,-1,-1,-1
467,-1,1476.76,458.36,63.00,187.58,0.99254,-1,-1,-1
467,-1,1770.52,417.14,75.35,251.14,0.99073,-1,-1,-1
467,-1,1705.15,402.28,88.73,243.92,0.86250,-1,-1,-1
467,-1,6.24,612.74,244.79,446.26,0.79484,-1,-1,-1
467,-1,1897.23,446.75,22.74,137.23,0.71346,-1,-1,-1
467,-1,1883.05,449.56,30.16,161.66,0.43345,-1,-1,-1
467,-1,1.66,135.23,195.53,509.31,0.33283,-1,-1,-1
467,-1,1883.69,458.57,22.41,106.47,0.30501,-1,-1,-1
467,-1,1294.08,392.86,47.51,128.59,0.22239,-1,-1,-1
467,-1,1886.11,461.44,17.55,58.92,0.17114,-1,-1,-1
467,-1,1895.68,442.43,18.60,79.02,0.14398,-1,-1,-1
467,-1,270.58,430.72,43.75,158.92,0.12771,-1,-1,-1
467,-1,1511.03,481.39,52.82,144.67,0.11474,-1,-1,-1
467,-1,34.24,802.59,217.96,271.15,0.09079,-1,-1,-1
467,-1,1644.94,426.42,50.20,220.62,0.08509,-1,-1,-1
467,-1,1660.43,412.60,73.83,206.78,0.08140,-1,-1,-1
467,-1,575.77,397.61,43.60,110.08,0.05263,-1,-1,-1
467,-1,1615.60,437.97,39.89,153.93,0.05065,-1,-1,-1
468,-1,274.82,292.21,207.82,572.39,0.99976,-1,-1,-1
468,-1,1305.41,389.99,119.24,326.10,0.99928,-1,-1,-1
468,-1,2.05,98.38,187.22,967.85,0.99769,-1,-1,-1
468,-1,1824.65,431.49,82.14,205.17,0.99611,-1,-1,-1
468,-1,1643.50,408.47,109.68,263.41,0.99495,-1,-1,-1
468,-1,1761.48,413.53,88.03,247.13,0.99306,-1,-1,-1
468,-1,1481.76,451.86,66.11,192.59,0.98115,-1,-1,-1
468,-1,1704.86,404.54,63.20,235.25,0.91018,-1,-1,-1
468,-1,1896.92,442.75,23.08,128.92,0.82465,-1,-1,-1
468,-1,131.74,447.48,63.88,302.80,0.79002,-1,-1,-1
468,-1,1162.31,460.50,27.64,182.94,0.73564,-1,-1,-1
468,-1,1886.51,448.84,25.85,141.59,0.59494,-1,-1,-1
468,-1,1728.29,403.66,57.72,223.46,0.53117,-1,-1,-1
468,-1,1304.81,394.56,44.60,125.60,0.47324,-1,-1,-1
468,-1,1712.06,408.70,118.44,263.63,0.39324,-1,-1,-1
468,-1,1887.91,456.39,20.91,70.29,0.24593,-1,-1,-1
468,-1,1862.89,430.98,50.06,189.24,0.24035,-1,-1,-1
468,-1,1708.47,415.54,33.00,173.60,0.20419,-1,-1,-1
468,-1,1892.88,442.36,21.08,72.36,0.17705,-1,-1,-1
468,-1,1793.20,426.14,55.35,190.79,0.16849,-1,-1,-1
468,-1,2.38,108.84,152.33,424.53,0.09333,-1,-1,-1
468,-1,123.34,574.29,64.81,167.04,0.08450,-1,-1,-1
468,-1,575.37,395.99,44.13,112.40,0.07943,-1,-1,-1
468,-1,85.74,425.87,112.69,408.95,0.07726,-1,-1,-1
468,-1,1508.90,474.95,59.04,151.46,0.07096,-1,-1,-1
468,-1,1166.34,516.63,24.14,103.35,0.06725,-1,-1,-1
468,-1,1619.10,469.16,24.84,110.44,0.05720,-1,-1,-1
468,-1,1301.74,393.70,52.60,242.21,0.05702,-1,-1,-1
468,-1,1652.07,409.70,82.74,169.63,0.05284,-1,-1,-1
468,-1,46.08,290.70,137.31,473.85,0.05042,-1,-1,-1
469,-1,292.56,289.69,197.02,581.72,0.99966,-1,-1,-1
469,-1,1311.67,388.96,111.02,325.13,0.99936,-1,-1,-1
469,-1,0.82,91.18,165.83,988.82,0.99752,-1,-1,-1
469,-1,1822.14,431.27,88.02,207.38,0.99651,-1,-1,-1
469,-1,1638.61,406.54,97.76,263.55,0.99622,-1,-1,-1
469,-1,1760.81,416.11,88.36,243.14,0.99253,-1,-1,-1
469,-1,1485.63,447.51,66.30,195.95,0.99067,-1,-1,-1
469,-1,1160.63,464.23,32.12,179.05,0.97656,-1,-1,-1
469,-1,1701.13,405.54,68.51,246.85,0.94620,-1,-1,-1
469,-1,118.34,466.86,72.22,281.08,0.92130,-1,-1,-1
469,-1,1896.27,443.21,23.71,124.45,0.72691,-1,-1,-1
469,-1,1886.95,453.08,25.57,129.93,0.55024,-1,-1,-1
469,-1,1314.22,398.70,31.86,116.73,0.36724,-1,-1,-1
469,-1,1862.64,433.60,51.72,187.24,0.36292,-1,-1,-1
469,-1,1621.17,480.81,22.69,109.12,0.21439,-1,-1,-1
469,-1,1724.45,405.94,68.97,221.34,0.21055,-1,-1,-1
469,-1,1889.21,456.78,19.72,72.26,0.19774,-1,-1,-1
469,-1,1159.32,467.92,24.03,112.26,0.18781,-1,-1,-1
469,-1,1.50,109.53,141.80,502.46,0.18155,-1,-1,-1
469,-1,2.00,533.66,139.08,537.32,0.17788,-1,-1,-1
469,-1,1894.43,442.74,20.07,67.18,0.13172,-1,-1,-1
469,-1,1548.53,421.14,348.18,235.16,0.11570,-1,-1,-1
469,-1,922.74,490.77,112.92,215.58,0.10758,-1,-1,-1
469,-1,575.44,395.77,43.81,113.31,0.09704,-1,-1,-1
469,-1,92.72,310.17,117.05,535.47,0.08235,-1,-1,-1
469,-1,1173.35,501.27,21.27,115.88,0.06621,-1,-1,-1
469,-1,1702.79,417.79,41.44,163.81,0.06118,-1,-1,-1
469,-1,1520.89,482.67,39.50,98.34,0.06004,-1,-1,-1
470,-1,310.49,292.28,194.55,569.38,0.99967,-1,-1,-1
470,-1,1325.84,385.82,100.69,327.27,0.99930,-1,-1,-1
470,-1,1828.07,434.27,81.66,204.75,0.99743,-1,-1,-1
470,-1,1629.24,404.63,90.44,270.34,0.99580,-1,-1,-1
470,-1,1161.82,459.80,36.73,183.71,0.99250,-1,-1,-1
470,-1,1.53,111.54,123.83,968.46,0.99173,-1,-1,-1
470,-1,1774.45,423.10,72.18,202.91,0.99115,-1,-1,-1
470,-1,1488.41,454.07,65.43,192.13,0.98729,-1,-1,-1
470,-1,1701.94,408.58,130.36,255.26,0.98650,-1,-1,-1
470,-1,116.51,526.48,71.33,215.17,0.95797,-1,-1,-1
470,-1,1890.49,444.70,27.17,162.72,0.73766,-1,-1,-1
470,-1,1700.99,409.79,56.24,250.21,0.72174,-1,-1,-1
470,-1,1521.43,474.35,43.33,163.15,0.54450,-1,-1,-1
470,-1,940.58,535.03,21.13,69.34,0.45957,-1,-1,-1
470,-1,94.85,445.27,101.17,311.71,0.34845,-1,-1,-1
470,-1,121.82,474.95,39.24,29.11,0.29735,-1,-1,-1
470,-1,245.69,518.07,50.40,61.57,0.26890,-1,-1,-1
470,-1,1902.35,453.62,17.65,113.93,0.26261,-1,-1,-1
470,-1,1617.44,436.12,27.87,181.54,0.21997,-1,-1,-1
470,-1,1894.21,444.97,20.02,86.18,0.19333,-1,-1,-1
470,-1,575.49,394.86,43.52,112.42,0.16474,-1,-1,-1
470,-1,245.20,522.22,49.73,150.30,0.15159,-1,-1,-1
470,-1,0.00,105.99,247.37,974.01,0.13748,-1,-1,-1
470,-1,1895.42,443.30,18.53,38.39,0.12912,-1,-1,-1
470,-1,1891.08,465.97,17.76,60.76,0.09733,-1,-1,-1
470,-1,1608.71,416.32,285.92,241.09,0.08973,-1,-1,-1
470,-1,1620.48,481.33,17.98,121.34,0.08684,-1,-1,-1
470,-1,1543.37,476.86,36.49,155.31,0.06711,-1,-1,-1
470,-1,52.62,297.41,135.81,606.92,0.06449,-1,-1,-1
470,-1,1525.75,478.33,33.48,103.23,0.06035,-1,-1,-1
470,-1,1698.52,416.92,37.31,177.40,0.05280,-1,-1,-1
470,-1,1899.53,443.64,17.09,63.22,0.05013,-1,-1,-1
471,-1,320.61,291.14,197.38,567.58,0.99954,-1,-1,-1
471,-1,1331.25,384.44,100.90,328.59,0.99935,-1,-1,-1
471,-1,1827.52,435.13,82.97,205.21,0.99790,-1,-1,-1
471,-1,1162.44,461.74,40.41,181.75,0.99528,-1,-1,-1
471,-1,1691.59,407.27,137.81,258.51,0.99380,-1,-1,-1
471,-1,1626.48,407.00,78.83,266.34,0.99248,-1,-1,-1
471,-1,1489.38,450.21,70.78,195.26,0.98991,-1,-1,-1
471,-1,1.00,169.97,101.59,910.03,0.98978,-1,-1,-1
471,-1,1775.79,423.04,69.59,205.67,0.98954,-1,-1,-1
471,-1,115.36,487.74,73.86,257.59,0.95811,-1,-1,-1
471,-1,939.05,538.39,21.28,64.42,0.88743,-1,-1,-1
471,-1,1695.52,403.90,61.37,265.03,0.78039,-1,-1,-1
471,-1,1889.73,446.54,27.08,162.17,0.54578,-1,-1,-1
471,-1,318.91,409.72,36.25,169.43,0.33443,-1,-1,-1
471,-1,66.69,501.64,45.77,107.89,0.21580,-1,-1,-1
471,-1,1616.44,415.96,28.28,197.65,0.19860,-1,-1,-1
471,-1,66.93,508.33,49.48,204.35,0.19433,-1,-1,-1
471,-1,575.86,395.41,42.88,111.38,0.17596,-1,-1,-1
471,-1,1528.89,470.34,40.36,166.11,0.15586,-1,-1,-1
471,-1,245.22,519.14,49.87,60.80,0.15483,-1,-1,-1
471,-1,121.64,533.82,63.85,141.60,0.15419,-1,-1,-1
471,-1,1892.28,468.21,17.34,57.18,0.14955,-1,-1,-1
471,-1,1893.75,443.76,18.73,37.42,0.10745,-1,-1,-1
471,-1,1679.65,417.11,49.37,235.72,0.10655,-1,-1,-1
471,-1,169.60,449.96,46.22,78.22,0.08975,-1,-1,-1
471,-1,1606.21,416.45,282.59,238.62,0.08947,-1,-1,-1
471,-1,1903.29,463.41,16.71,108.64,0.08311,-1,-1,-1
471,-1,1822.72,436.20,51.90,190.32,0.08080,-1,-1,-1
471,-1,63.25,589.65,49.68,159.89,0.07473,-1,-1,-1
471,-1,0.29,162.72,225.52,903.67,0.06896,-1,-1,-1
471,-1,35.41,338.71,86.61,507.44,0.06174,-1,-1,-1
471,-1,82.98,394.50,129.90,401.37,0.05653,-1,-1,-1
471,-1,86.24,523.33,36.63,216.67,0.05488,-1,-1,-1
471,-1,58.95,448.18,71.09,327.07,0.05370,-1,-1,-1
471,-1,245.38,517.89,57.32,151.39,0.05355,-1,-1,-1
472,-1,336.80,292.78,189.62,568.57,0.99969,-1,-1,-1
472,-1,1335.69,385.38,98.64,322.55,0.99901,-1,-1,-1
472,-1,1161.63,461.54,43.29,181.96,0.99699,-1,-1,-1
472,-1,1831.59,438.76,77.27,202.04,0.99680,-1,-1,-1
472,-1,1618.67,406.71,77.02,269.85,0.99634,-1,-1,-1
472,-1,1492.89,452.43,78.61,192.29,0.99493,-1,-1,-1
472,-1,1685.52,402.78,124.55,263.67,0.99276,-1,-1,-1
472,-1,1775.41,426.15,72.94,204.35,0.98988,-1,-1,-1
472,-1,938.30,538.92,20.90,64.42,0.96774,-1,-1,-1
472,-1,2.65,256.25,92.82,813.98,0.96643,-1,-1,-1
472,-1,111.87,500.15,75.62,247.23,0.94286,-1,-1,-1
472,-1,45.22,501.04,64.76,101.62,0.71334,-1,-1,-1
472,-1,49.04,500.82,61.31,248.20,0.68939,-1,-1,-1
472,-1,1892.34,444.17,25.34,157.94,0.46860,-1,-1,-1
472,-1,26.68,349.07,85.58,468.16,0.38736,-1,-1,-1
472,-1,245.36,517.51,50.23,60.08,0.37979,-1,-1,-1
472,-1,121.33,533.33,65.31,143.01,0.30656,-1,-1,-1
472,-1,1542.65,469.14,39.26,159.62,0.22547,-1,-1,-1
472,-1,125.77,395.73,75.43,110.95,0.18247,-1,-1,-1
472,-1,575.99,396.38,42.98,110.74,0.17917,-1,-1,-1
472,-1,1893.64,462.65,20.34,88.74,0.16208,-1,-1,-1
472,-1,1879.47,439.40,13.74,25.61,0.15327,-1,-1,-1
472,-1,1823.83,439.00,42.04,185.57,0.14342,-1,-1,-1
472,-1,1563.30,417.70,330.24,232.56,0.12441,-1,-1,-1
472,-1,1731.93,418.70,104.96,204.50,0.11718,-1,-1,-1
472,-1,1902.64,460.52,17.36,119.50,0.11548,-1,-1,-1
472,-1,1893.75,442.77,20.38,32.34,0.11007,-1,-1,-1
472,-1,1614.95,428.67,31.02,197.18,0.07941,-1,-1,-1
472,-1,245.64,518.55,52.44,152.02,0.07177,-1,-1,-1
472,-1,1895.33,442.42,18.68,62.85,0.06959,-1,-1,-1
472,-1,1687.77,403.82,55.06,254.78,0.06193,-1,-1,-1
472,-1,1326.92,399.79,47.06,248.13,0.05700,-1,-1,-1
472,-1,1533.92,477.83,33.05,118.13,0.05695,-1,-1,-1
472,-1,112.52,477.10,69.00,96.87,0.05420,-1,-1,-1
473,-1,342.35,292.31,204.93,571.40,0.99967,-1,-1,-1
473,-1,1344.02,384.15,98.98,325.36,0.99875,-1,-1,-1
473,-1,1164.33,461.47,48.24,182.37,0.99760,-1,-1,-1
473,-1,1836.25,440.93,76.55,200.30,0.99667,-1,-1,-1
473,-1,1609.94,408.64,80.89,265.60,0.99426,-1,-1,-1
473,-1,1778.50,419.09,69.87,214.79,0.99380,-1,-1,-1
473,-1,1493.75,452.93,93.75,190.62,0.98926,-1,-1,-1
473,-1,1684.02,402.05,110.88,266.91,0.98873,-1,-1,-1
473,-1,935.45,538.42,24.19,66.72,0.97641,-1,-1,-1
473,-1,111.58,476.61,77.91,269.25,0.94324,-1,-1,-1
473,-1,1893.77,444.16,25.05,165.09,0.77294,-1,-1,-1
473,-1,0.84,508.49,50.70,245.43,0.76660,-1,-1,-1
473,-1,0.57,483.87,56.83,584.73,0.68074,-1,-1,-1
473,-1,43.55,502.35,70.80,250.34,0.57176,-1,-1,-1
473,-1,1665.54,419.64,33.69,163.29,0.35493,-1,-1,-1
473,-1,575.10,395.60,44.32,110.50,0.31020,-1,-1,-1
473,-1,1663.17,419.56,31.24,72.70,0.30764,-1,-1,-1
473,-1,977.55,550.25,39.57,151.36,0.29566,-1,-1,-1
473,-1,1546.60,465.52,42.16,154.96,0.27291,-1,-1,-1
473,-1,1891.89,443.92,22.57,81.41,0.23915,-1,-1,-1
473,-1,245.41,518.47,48.89,60.43,0.23182,-1,-1,-1
473,-1,1622.07,406.50,37.31,59.62,0.22888,-1,-1,-1
473,-1,30.76,505.28,79.53,134.82,0.21891,-1,-1,-1
473,-1,1905.62,455.11,14.38,127.96,0.20926,-1,-1,-1
473,-1,1879.12,439.28,29.53,81.88,0.20243,-1,-1,-1
473,-1,3.84,400.95,68.01,364.80,0.18821,-1,-1,-1
473,-1,1893.44,442.04,20.07,38.70,0.18314,-1,-1,-1
473,-1,1899.35,447.39,18.11,100.75,0.17746,-1,-1,-1
473,-1,1878.80,441.11,23.89,48.24,0.17540,-1,-1,-1
473,-1,133.96,392.55,81.04,112.90,0.17485,-1,-1,-1
473,-1,1722.68,414.27,105.23,234.55,0.15946,-1,-1,-1
473,-1,1661.44,419.30,29.39,34.98,0.15062,-1,-1,-1
473,-1,1878.08,438.81,18.07,28.25,0.13575,-1,-1,-1
473,-1,167.97,449.92,63.79,71.40,0.13288,-1,-1,-1
473,-1,335.11,409.38,41.31,147.00,0.12767,-1,-1,-1
473,-1,1824.31,439.31,39.45,185.46,0.11883,-1,-1,-1
473,-1,51.78,520.02,121.63,231.71,0.09090,-1,-1,-1
473,-1,5.22,504.65,83.37,395.57,0.08735,-1,-1,-1
473,-1,124.09,472.07,37.04,35.91,0.07854,-1,-1,-1
473,-1,1622.27,413.54,61.49,96.22,0.07614,-1,-1,-1
473,-1,1539.49,416.08,350.99,232.82,0.07573,-1,-1,-1
473,-1,2.28,439.86,62.02,197.15,0.06649,-1,-1,-1
473,-1,1678.29,446.02,24.55,132.42,0.06555,-1,-1,-1
473,-1,1681.69,408.21,51.98,216.07,0.06227,-1,-1,-1
473,-1,7.68,501.31,80.06,106.98,0.05033,-1,-1,-1
474,-1,353.19,293.30,214.61,568.65,0.99963,-1,-1,-1
474,-1,1352.64,384.71,102.68,326.96,0.99909,-1,-1,-1
474,-1,1164.20,461.19,57.78,183.06,0.99803,-1,-1,-1
474,-1,1838.54,440.29,76.65,197.75,0.99766,-1,-1,-1
474,-1,1602.84,409.29,87.91,264.97,0.99675,-1,-1,-1
474,-1,1783.98,419.90,68.96,212.79,0.99586,-1,-1,-1
474,-1,1678.57,401.03,98.39,271.99,0.99422,-1,-1,-1
474,-1,1497.63,451.05,93.95,191.52,0.98741,-1,-1,-1
474,-1,934.04,538.18,25.70,66.86,0.95846,-1,-1,-1
474,-1,110.66,471.80,79.14,273.59,0.94809,-1,-1,-1
474,-1,0.54,532.62,39.35,193.94,0.74193,-1,-1,-1
474,-1,1895.62,446.83,23.18,164.93,0.70828,-1,-1,-1
474,-1,1642.15,414.80,101.26,251.90,0.57048,-1,-1,-1
474,-1,47.32,528.42,65.39,223.02,0.51594,-1,-1,-1
474,-1,1657.54,418.40,40.28,162.38,0.40972,-1,-1,-1
474,-1,4.18,542.16,53.09,239.98,0.37308,-1,-1,-1
474,-1,1893.88,443.01,20.88,51.25,0.29916,-1,-1,-1
474,-1,1477.59,444.74,77.40,200.74,0.27765,-1,-1,-1
474,-1,1878.34,440.33,29.79,52.06,0.26991,-1,-1,-1
474,-1,0.00,477.28,45.82,551.65,0.25769,-1,-1,-1
474,-1,576.12,397.45,42.10,117.68,0.22713,-1,-1,-1
474,-1,24.09,504.76,88.49,140.87,0.18494,-1,-1,-1
474,-1,1907.78,457.42,12.22,138.23,0.16185,-1,-1,-1
474,-1,1881.63,438.53,34.78,116.87,0.14277,-1,-1,-1
474,-1,1661.70,447.39,27.04,76.77,0.14200,-1,-1,-1
474,-1,1840.89,444.24,23.87,49.03,0.13203,-1,-1,-1
474,-1,144.85,395.30,74.20,115.46,0.12239,-1,-1,-1
474,-1,22.03,529.69,70.78,232.58,0.12099,-1,-1,-1
474,-1,0.00,462.07,55.54,145.49,0.11181,-1,-1,-1
474,-1,52.92,522.98,121.16,229.14,0.10051,-1,-1,-1
474,-1,1653.82,415.71,36.78,49.03,0.09678,-1,-1,-1
474,-1,1658.84,416.78,36.32,78.67,0.09610,-1,-1,-1
474,-1,245.51,516.61,48.41,59.70,0.09449,-1,-1,-1
474,-1,1879.20,439.86,18.11,28.90,0.08587,-1,-1,-1
474,-1,0.63,866.02,51.81,209.48,0.07912,-1,-1,-1
474,-1,115.18,465.08,41.29,40.90,0.07714,-1,-1,-1
474,-1,1901.00,456.86,18.24,101.69,0.07513,-1,-1,-1
474,-1,974.07,553.98,34.90,48.52,0.07151,-1,-1,-1
474,-1,1824.03,435.41,40.84,185.08,0.07022,-1,-1,-1
474,-1,1854.13,439.22,21.15,27.56,0.06124,-1,-1,-1
474,-1,1890.97,442.40,16.12,32.42,0.05986,-1,-1,-1
474,-1,1903.68,447.19,14.53,77.18,0.05782,-1,-1,-1
474,-1,1835.16,445.74,27.01,97.92,0.05766,-1,-1,-1
474,-1,1678.17,442.85,23.97,128.37,0.05700,-1,-1,-1
474,-1,1728.12,413.82,114.32,227.84,0.05009,-1,-1,-1
475,-1,357.16,290.12,260.24,574.30,0.99973,-1,-1,-1
475,-1,1359.42,385.83,111.67,324.60,0.99908,-1,-1,-1
475,-1,1163.64,461.06,75.91,183.84,0.99871,-1,-1,-1
475,-1,1839.84,440.54,76.65,195.12,0.99782,-1,-1,-1
475,-1,1786.80,416.62,67.89,216.23,0.99642,-1,-1,-1
475,-1,1581.30,412.60,111.52,262.94,0.99628,-1,-1,-1
475,-1,1662.19,404.59,90.61,260.76,0.99593,-1,-1,-1
475,-1,1496.88,450.16,100.13,203.23,0.98542,-1,-1,-1
475,-1,117.65,514.16,70.29,224.71,0.93235,-1,-1,-1
475,-1,1892.63,439.91,26.06,170.89,0.60031,-1,-1,-1
475,-1,932.36,538.98,24.55,65.56,0.54799,-1,-1,-1
475,-1,44.72,525.77,69.04,228.45,0.49733,-1,-1,-1
475,-1,1878.73,438.56,34.77,59.91,0.45744,-1,-1,-1
475,-1,575.19,396.56,44.18,113.29,0.39367,-1,-1,-1
475,-1,1902.23,458.48,17.77,125.58,0.37143,-1,-1,-1
475,-1,1877.37,436.77,41.29,121.34,0.34494,-1,-1,-1
475,-1,1899.41,443.34,18.09,51.69,0.24980,-1,-1,-1
475,-1,0.47,541.06,52.67,218.42,0.16939,-1,-1,-1
475,-1,246.10,516.96,48.05,58.39,0.15194,-1,-1,-1
475,-1,4.11,505.57,79.81,284.42,0.14849,-1,-1,-1
475,-1,1699.35,426.03,55.89,206.62,0.13216,-1,-1,-1
475,-1,1354.29,394.57,31.46,58.51,0.12779,-1,-1,-1
475,-1,1854.04,436.42,21.79,27.99,0.11326,-1,-1,-1
475,-1,1547.46,465.03,49.87,183.41,0.10348,-1,-1,-1
475,-1,1880.58,439.15,25.27,29.62,0.08806,-1,-1,-1
475,-1,116.26,464.82,45.26,42.22,0.08329,-1,-1,-1
475,-1,55.77,528.08,114.48,227.69,0.08238,-1,-1,-1
475,-1,38.23,501.83,73.55,146.35,0.07147,-1,-1,-1
475,-1,1509.02,449.80,41.86,44.69,0.06867,-1,-1,-1
475,-1,0.00,484.81,48.64,561.26,0.06374,-1,-1,-1
475,-1,1550.24,426.62,84.44,235.04,0.05999,-1,-1,-1
475,-1,1839.41,440.94,29.89,56.23,0.05935,-1,-1,-1
475,-1,1902.93,451.54,16.19,77.75,0.05442,-1,-1,-1
476,-1,372.48,296.40,263.76,567.03,0.99974,-1,-1,-1
476,-1,1165.35,462.37,77.98,181.66,0.99924,-1,-1,-1
476,-1,1362.84,389.69,127.83,315.68,0.99915,-1,-1,-1
476,-1,1840.83,438.20,76.76,197.37,0.99820,-1,-1,-1
476,-1,1563.02,420.62,126.22,252.37,0.99744,-1,-1,-1
476,-1,1654.45,404.26,89.72,263.43,0.99684,-1,-1,-1
476,-1,1788.68,415.67,65.57,214.95,0.99635,-1,-1,-1
476,-1,1494.89,449.95,86.36,197.59,0.98325,-1,-1,-1
476,-1,120.53,523.41,67.60,215.93,0.89448,-1,-1,-1
476,-1,33.24,505.06,80.38,252.90,0.71264,-1,-1,-1
476,-1,931.34,539.30,23.88,65.73,0.66947,-1,-1,-1
476,-1,1882.62,435.96,35.66,180.39,0.60715,-1,-1,-1
476,-1,574.62,396.61,44.35,109.49,0.46829,-1,-1,-1
476,-1,1878.70,436.19,36.17,65.12,0.34318,-1,-1,-1
476,-1,0.19,538.32,50.98,183.88,0.29766,-1,-1,-1
476,-1,1905.14,461.19,14.86,136.52,0.27801,-1,-1,-1
476,-1,1547.64,451.53,44.71,206.05,0.25797,-1,-1,-1
476,-1,1893.92,440.33,23.63,53.52,0.18655,-1,-1,-1
476,-1,4.50,512.93,76.33,272.44,0.17513,-1,-1,-1
476,-1,48.56,532.34,114.84,221.66,0.12760,-1,-1,-1
476,-1,33.12,504.88,77.73,122.36,0.10976,-1,-1,-1
476,-1,1353.05,395.35,36.93,160.54,0.10470,-1,-1,-1
476,-1,1854.77,436.34,21.10,30.09,0.09969,-1,-1,-1
476,-1,1357.47,399.62,31.26,73.65,0.08350,-1,-1,-1
476,-1,245.85,519.70,43.78,57.11,0.07979,-1,-1,-1
476,-1,975.08,542.14,51.55,172.08,0.07279,-1,-1,-1
476,-1,1839.43,439.16,31.58,60.36,0.05948,-1,-1,-1
476,-1,1556.03,449.23,66.23,210.46,0.05322,-1,-1,-1
476,-1,261.27,515.28,34.54,52.84,0.05169,-1,-1,-1
476,-1,1615.91,421.67,63.16,212.26,0.05123,-1,-1,-1
477,-1,378.66,301.61,263.21,555.51,0.99973,-1,-1,-1
477,-1,1167.76,462.18,78.23,181.77,0.99925,-1,-1,-1
477,-1,1366.11,389.86,136.91,314.47,0.99924,-1,-1,-1
477,-1,1841.99,437.98,75.00,198.05,0.99825,-1,-1,-1
477,-1,1645.05,402.80,88.18,265.59,0.99696,-1,-1,-1
477,-1,1791.87,417.58,63.76,211.41,0.99683,-1,-1,-1
477,-1,1559.80,420.58,128.40,254.66,0.99573,-1,-1,-1
477,-1,1492.10,450.21,97.89,199.12,0.97069,-1,-1,-1
477,-1,930.27,539.68,20.37,65.48,0.92666,-1,-1,-1
477,-1,116.40,471.05,76.79,273.75,0.84536,-1,-1,-1
477,-1,575.07,397.17,44.15,110.20,0.70628,-1,-1,-1
477,-1,1881.23,435.04,36.76,186.75,0.68884,-1,-1,-1
477,-1,1880.22,437.76,35.44,53.01,0.52600,-1,-1,-1
477,-1,20.45,486.80,91.95,273.60,0.45649,-1,-1,-1
477,-1,1901.39,449.40,18.61,165.06,0.39562,-1,-1,-1
477,-1,44.69,579.69,64.58,169.94,0.32083,-1,-1,-1
477,-1,1.19,526.96,42.25,180.09,0.30245,-1,-1,-1
477,-1,1908.61,467.10,11.39,119.67,0.22379,-1,-1,-1
477,-1,1901.71,442.59,17.26,47.42,0.16927,-1,-1,-1
477,-1,1880.32,437.47,26.79,31.74,0.15992,-1,-1,-1
477,-1,1557.27,434.56,72.22,225.77,0.12645,-1,-1,-1
477,-1,1902.54,437.88,17.06,89.40,0.12062,-1,-1,-1
477,-1,0.20,568.48,24.44,132.46,0.10392,-1,-1,-1
477,-1,1855.84,434.36,21.94,31.65,0.09007,-1,-1,-1
477,-1,246.00,516.43,49.04,56.15,0.08799,-1,-1,-1
477,-1,1626.38,431.55,60.17,216.04,0.08749,-1,-1,-1
477,-1,1549.04,450.65,49.90,198.21,0.08595,-1,-1,-1
477,-1,1832.99,434.26,43.64,176.40,0.08548,-1,-1,-1
477,-1,1587.89,427.06,54.77,172.72,0.08467,-1,-1,-1
477,-1,1437.88,453.89,18.88,41.75,0.05763,-1,-1,-1
477,-1,49.97,516.24,127.44,237.69,0.05086,-1,-1,-1
478,-1,389.44,292.51,257.95,570.28,0.99969,-1,-1,-1
478,-1,1369.99,395.93,132.59,313.18,0.99897,-1,-1,-1
478,-1,1166.48,465.75,82.92,178.71,0.99846,-1,-1,-1
478,-1,1843.61,435.64,74.08,200.57,0.99836,-1,-1,-1
478,-1,1792.96,416.92,69.63,211.44,0.99653,-1,-1,-1
478,-1,1639.41,408.15,92.52,262.30,0.99592,-1,-1,-1
478,-1,1556.83,424.07,126.62,252.24,0.98973,-1,-1,-1
478,-1,1501.12,447.98,81.16,196.38,0.96895,-1,-1,-1
478,-1,119.94,507.08,67.70,233.33,0.88530,-1,-1,-1
478,-1,574.50,399.89,44.17,114.66,0.73163,-1,-1,-1
478,-1,1889.64,436.16,30.27,183.82,0.47512,-1,-1,-1
478,-1,40.28,567.93,70.25,187.79,0.39210,-1,-1,-1
478,-1,1493.99,448.90,50.48,182.36,0.36944,-1,-1,-1
478,-1,1879.85,435.04,39.17,89.83,0.35288,-1,-1,-1
478,-1,0.50,529.61,44.09,155.08,0.35211,-1,-1,-1
478,-1,1909.52,465.00,10.48,129.63,0.27093,-1,-1,-1
478,-1,1902.02,438.90,17.44,53.68,0.26384,-1,-1,-1
478,-1,975.45,541.27,51.98,167.70,0.18928,-1,-1,-1
478,-1,1609.52,437.22,70.29,215.52,0.18609,-1,-1,-1
478,-1,1577.75,426.59,68.41,216.79,0.18567,-1,-1,-1
478,-1,1415.92,432.96,98.59,216.37,0.18084,-1,-1,-1
478,-1,1881.72,436.16,27.88,40.32,0.14852,-1,-1,-1
478,-1,15.46,502.37,103.24,195.65,0.12484,-1,-1,-1
478,-1,1857.88,434.36,22.02,29.42,0.12085,-1,-1,-1
478,-1,3.98,495.89,55.23,271.43,0.11213,-1,-1,-1
478,-1,245.97,518.71,44.59,58.62,0.09379,-1,-1,-1
478,-1,1444.44,452.56,18.08,66.39,0.09141,-1,-1,-1
478,-1,972.96,552.62,39.99,49.00,0.07347,-1,-1,-1
478,-1,7.63,550.62,121.11,229.01,0.07240,-1,-1,-1
478,-1,178.67,452.66,57.37,116.97,0.06301,-1,-1,-1
478,-1,35.42,498.85,75.03,137.60,0.06165,-1,-1,-1
478,-1,1828.58,435.41,41.57,173.27,0.05876,-1,-1,-1
479,-1,391.77,308.22,256.27,551.09,0.99965,-1,-1,-1
479,-1,1372.97,396.73,131.32,312.04,0.99882,-1,-1,-1
479,-1,1845.56,432.93,73.95,202.58,0.99773,-1,-1,-1
479,-1,1169.00,463.21,81.07,181.87,0.99749,-1,-1,-1
479,-1,1635.14,411.77,98.25,257.40,0.99660,-1,-1,-1
479,-1,1795.12,421.03,65.77,207.94,0.99586,-1,-1,-1
479,-1,1555.88,427.91,120.62,246.67,0.98826,-1,-1,-1
479,-1,1511.71,446.44,65.75,196.78,0.92084,-1,-1,-1
479,-1,119.82,505.26,68.33,235.50,0.90463,-1,-1,-1
479,-1,1881.46,434.67,38.54,169.03,0.74516,-1,-1,-1
479,-1,1498.26,454.99,48.42,177.65,0.71504,-1,-1,-1
479,-1,573.37,402.23,46.09,106.45,0.70338,-1,-1,-1
479,-1,39.97,559.99,73.74,194.23,0.41879,-1,-1,-1
479,-1,1459.55,451.72,110.58,186.15,0.38841,-1,-1,-1
479,-1,1451.51,449.14,62.21,183.77,0.34563,-1,-1,-1
479,-1,1883.07,434.64,33.65,58.40,0.34177,-1,-1,-1
479,-1,1906.46,453.85,13.54,136.93,0.28440,-1,-1,-1
479,-1,1546.82,439.69,74.15,228.57,0.26169,-1,-1,-1
479,-1,1858.37,434.26,24.14,28.92,0.20903,-1,-1,-1
479,-1,0.10,539.39,50.34,147.73,0.20255,-1,-1,-1
479,-1,13.14,504.86,106.15,204.09,0.17789,-1,-1,-1
479,-1,38.46,499.82,73.28,136.24,0.17707,-1,-1,-1
479,-1,245.95,520.07,44.16,57.14,0.17214,-1,-1,-1
479,-1,1902.38,437.55,17.35,61.92,0.16936,-1,-1,-1
479,-1,2.60,530.11,76.55,211.80,0.14821,-1,-1,-1
479,-1,977.36,536.63,53.78,174.01,0.14000,-1,-1,-1
479,-1,183.01,455.60,54.62,126.27,0.13150,-1,-1,-1
479,-1,1883.20,434.57,26.29,36.47,0.12507,-1,-1,-1
479,-1,1823.65,434.12,43.16,178.77,0.12495,-1,-1,-1
479,-1,1569.93,424.10,62.76,188.02,0.11683,-1,-1,-1
479,-1,1456.11,454.42,20.81,45.78,0.10426,-1,-1,-1
479,-1,1896.35,432.17,23.65,121.42,0.07426,-1,-1,-1
479,-1,15.90,551.72,134.64,224.54,0.06826,-1,-1,-1
480,-1,400.44,310.83,245.73,547.86,0.99973,-1,-1,-1
480,-1,1381.84,393.37,127.15,313.37,0.99853,-1,-1,-1
480,-1,1844.79,433.08,75.00,202.98,0.99765,-1,-1,-1
480,-1,1795.61,420.40,67.63,208.32,0.99723,-1,-1,-1
480,-1,1176.53,459.37,83.41,184.94,0.99704,-1,-1,-1
480,-1,1618.24,411.83,114.94,257.42,0.99646,-1,-1,-1
480,-1,1551.68,423.81,103.36,249.45,0.97742,-1,-1,-1
480,-1,124.83,517.94,64.60,217.74,0.89250,-1,-1,-1
480,-1,1519.74,447.58,57.60,198.14,0.87772,-1,-1,-1
480,-1,573.79,401.54,45.31,108.38,0.82042,-1,-1,-1
480,-1,1693.26,472.92,28.24,110.00,0.66982,-1,-1,-1
480,-1,1880.62,435.49,39.38,155.96,0.56354,-1,-1,-1
480,-1,41.10,567.61,68.57,187.03,0.55225,-1,-1,-1
480,-1,1474.99,453.43,63.27,183.24,0.46368,-1,-1,-1
480,-1,1884.70,435.57,35.30,62.86,0.39231,-1,-1,-1
480,-1,1564.06,426.37,56.89,147.18,0.38790,-1,-1,-1
480,-1,1860.53,434.16,24.02,29.34,0.31139,-1,-1,-1
480,-1,183.47,456.19,54.46,127.09,0.28168,-1,-1,-1
480,-1,8.49,508.36,103.94,200.92,0.24336,-1,-1,-1
480,-1,179.36,534.14,31.00,48.28,0.20223,-1,-1,-1
480,-1,246.50,516.79,47.62,56.93,0.19989,-1,-1,-1
480,-1,46.67,502.52,65.08,124.65,0.19930,-1,-1,-1
480,-1,1608.37,429.65,50.41,209.73,0.18617,-1,-1,-1
480,-1,1497.68,444.77,54.53,174.88,0.17388,-1,-1,-1
480,-1,1568.06,421.98,51.32,84.31,0.12672,-1,-1,-1
480,-1,1668.62,460.38,61.10,169.20,0.12112,-1,-1,-1
480,-1,1.94,538.92,79.40,105.67,0.12074,-1,-1,-1
480,-1,1539.70,429.58,57.55,220.98,0.10489,-1,-1,-1
480,-1,973.93,528.65,61.73,181.56,0.10103,-1,-1,-1
480,-1,15.73,558.86,73.33,211.22,0.09423,-1,-1,-1
480,-1,1902.92,456.02,17.08,127.87,0.08405,-1,-1,-1
480,-1,1456.90,438.31,57.80,200.38,0.07034,-1,-1,-1
480,-1,1621.50,416.22,63.37,222.71,0.06370,-1,-1,-1
480,-1,1381.89,419.33,37.79,241.05,0.06278,-1,-1,-1
481,-1,403.31,312.16,236.86,542.10,0.99968,-1,-1,-1
481,-1,1384.55,400.60,128.70,304.06,0.99881,-1,-1,-1
481,-1,1795.66,420.11,67.95,209.39,0.99763,-1,-1,-1
481,-1,1615.52,412.38,117.89,253.84,0.99752,-1,-1,-1
481,-1,1186.96,461.79,67.46,182.35,0.99749,-1,-1,-1
481,-1,1848.73,435.31,71.27,202.00,0.99739,-1,-1,-1
481,-1,1549.13,414.25,91.34,261.47,0.99328,-1,-1,-1
481,-1,124.60,510.92,65.05,224.62,0.89468,-1,-1,-1
481,-1,1687.49,473.70,33.44,109.33,0.85960,-1,-1,-1
481,-1,574.65,399.88,45.67,104.91,0.64900,-1,-1,-1
481,-1,1880.23,435.80,39.77,158.55,0.56410,-1,-1,-1
481,-1,31.05,568.88,78.35,182.64,0.51931,-1,-1,-1
481,-1,1520.24,420.00,69.28,225.22,0.39319,-1,-1,-1
481,-1,45.84,501.65,66.06,121.66,0.36306,-1,-1,-1
481,-1,1863.45,434.90,23.44,28.31,0.34212,-1,-1,-1
481,-1,180.96,537.94,29.74,44.71,0.30145,-1,-1,-1
481,-1,1478.15,445.66,66.12,183.51,0.27826,-1,-1,-1
481,-1,3.50,503.68,96.27,245.47,0.24628,-1,-1,-1
481,-1,1652.46,457.11,76.41,183.45,0.23745,-1,-1,-1
481,-1,2.10,539.53,71.93,102.25,0.20103,-1,-1,-1
481,-1,1548.09,427.12,58.51,204.55,0.19980,-1,-1,-1
481,-1,246.93,517.01,47.31,55.30,0.16233,-1,-1,-1
481,-1,1502.39,437.87,60.14,193.29,0.12626,-1,-1,-1
481,-1,1903.64,448.96,16.36,144.29,0.12532,-1,-1,-1
481,-1,870.57,504.17,48.53,143.76,0.10912,-1,-1,-1
481,-1,54.92,522.13,130.30,228.60,0.09205,-1,-1,-1
481,-1,1872.36,435.81,47.29,83.76,0.08656,-1,-1,-1
481,-1,0.00,462.52,45.99,189.59,0.08482,-1,-1,-1
481,-1,0.00,543.24,45.14,140.20,0.08482,-1,-1,-1
481,-1,15.66,557.35,144.40,222.83,0.07277,-1,-1,-1
481,-1,1381.62,429.06,43.73,219.97,0.06707,-1,-1,-1
481,-1,1559.34,424.18,57.54,89.98,0.05849,-1,-1,-1
481,-1,1476.19,458.51,17.31,27.91,0.05005,-1,-1,-1
482,-1,403.36,311.14,237.01,541.18,0.99969,-1,-1,-1
482,-1,1391.18,395.51,119.70,302.67,0.99896,-1,-1,-1
482,-1,1197.27,461.84,59.20,182.06,0.99766,-1,-1,-1
482,-1,1610.78,412.46,120.71,252.83,0.99746,-1,-1,-1
482,-1,1845.33,433.43,74.67,202.10,0.99734,-1,-1,-1
482,-1,1797.79,422.72,64.42,206.59,0.99680,-1,-1,-1
482,-1,1544.56,413.37,88.10,261.02,0.99409,-1,-1,-1
482,-1,0.00,588.32,109.69,390.28,0.96776,-1,-1,-1
482,-1,1684.22,473.40,37.47,111.00,0.94198,-1,-1,-1
482,-1,125.00,514.95,64.15,219.36,0.84526,-1,-1,-1
482,-1,5.30,526.40,102.77,239.90,0.70452,-1,-1,-1
482,-1,40.96,577.70,68.10,172.71,0.62380,-1,-1,-1
482,-1,1.81,534.17,86.81,115.18,0.56705,-1,-1,-1
482,-1,1887.46,437.36,32.54,88.30,0.49321,-1,-1,-1
482,-1,1879.99,436.71,40.01,152.44,0.38419,-1,-1,-1
482,-1,1864.62,436.04,23.14,27.95,0.33760,-1,-1,-1
482,-1,40.45,502.14,69.29,119.13,0.17459,-1,-1,-1
482,-1,247.01,516.93,47.67,55.05,0.14658,-1,-1,-1
482,-1,1901.08,445.80,18.92,142.90,0.12784,-1,-1,-1
482,-1,88.77,449.49,113.89,303.75,0.12244,-1,-1,-1
482,-1,1552.97,421.81,56.16,88.51,0.10637,-1,-1,-1
482,-1,1.16,529.58,54.23,271.86,0.08263,-1,-1,-1
482,-1,6.68,758.14,96.59,151.87,0.08158,-1,-1,-1
482,-1,1535.88,423.98,64.42,117.83,0.07982,-1,-1,-1
482,-1,44.03,514.22,93.66,239.20,0.06848,-1,-1,-1
482,-1,0.42,460.95,69.33,162.47,0.05999,-1,-1,-1
482,-1,440.12,560.64,38.82,124.16,0.05575,-1,-1,-1
482,-1,8.12,548.86,145.92,329.41,0.05401,-1,-1,-1
483,-1,419.93,308.32,227.60,541.61,0.99960,-1,-1,-1
483,-1,1403.41,398.54,110.22,298.79,0.99904,-1,-1,-1
483,-1,1207.84,460.35,60.79,184.83,0.99775,-1,-1,-1
483,-1,1846.58,436.35,73.42,198.35,0.99769,-1,-1,-1
483,-1,1601.11,415.60,129.02,247.78,0.99765,-1,-1,-1
483,-1,1796.14,422.67,68.13,207.85,0.99718,-1,-1,-1
483,-1,0.00,450.83,195.00,538.32,0.99179,-1,-1,-1
483,-1,1544.15,413.25,72.63,256.96,0.99044,-1,-1,-1
483,-1,1683.01,473.31,39.85,111.29,0.94464,-1,-1,-1
483,-1,121.28,515.65,67.83,225.92,0.88455,-1,-1,-1
483,-1,1547.47,420.16,50.32,83.25,0.74591,-1,-1,-1
483,-1,1.00,483.86,124.25,343.74,0.72913,-1,-1,-1
483,-1,35.96,519.96,78.76,239.10,0.55006,-1,-1,-1
483,-1,1866.94,437.67,20.76,29.79,0.32465,-1,-1,-1
483,-1,1882.28,438.52,37.72,180.65,0.26614,-1,-1,-1
483,-1,1890.07,438.30,29.93,90.88,0.24145,-1,-1,-1
483,-1,35.20,496.62,77.64,81.49,0.20011,-1,-1,-1
483,-1,1785.13,464.83,24.73,128.53,0.19376,-1,-1,-1
483,-1,0.00,239.72,26.05,85.14,0.13361,-1,-1,-1
483,-1,1653.37,458.56,69.59,141.46,0.11747,-1,-1,-1
483,-1,0.00,464.27,118.24,187.97,0.11248,-1,-1,-1
483,-1,17.07,558.64,75.82,190.20,0.09167,-1,-1,-1
483,-1,246.87,517.00,46.82,55.64,0.08982,-1,-1,-1
483,-1,1901.27,444.73,18.73,142.69,0.07188,-1,-1,-1
483,-1,0.00,305.23,325.75,654.24,0.07073,-1,-1,-1
483,-1,1829.91,431.02,42.14,178.99,0.06843,-1,-1,-1
483,-1,1851.54,440.63,24.20,35.30,0.06390,-1,-1,-1
483,-1,1696.21,479.86,49.29,107.43,0.05831,-1,-1,-1
483,-1,1.62,388.56,94.30,363.14,0.05247,-1,-1,-1
483,-1,44.94,426.06,185.72,404.70,0.05220,-1,-1,-1
484,-1,427.23,307.75,217.83,541.47,0.99962,-1,-1,-1
484,-1,1213.12,457.49,58.92,188.43,0.99940,-1,-1,-1
484,-1,1413.40,392.07,101.52,304.59,0.99885,-1,-1,-1
484,-1,1798.17,425.21,65.60,203.99,0.99738,-1,-1,-1
484,-1,1852.97,441.81,67.03,191.32,0.99720,-1,-1,-1
484,-1,1593.18,418.51,131.43,244.38,0.99622,-1,-1,-1
484,-1,0.00,255.94,219.10,730.47,0.99293,-1,-1,-1
484,-1,1537.45,427.29,71.23,241.05,0.97077,-1,-1,-1
484,-1,1681.48,474.28,43.37,110.66,0.96232,-1,-1,-1
484,-1,120.74,494.41,76.71,249.91,0.88023,-1,-1,-1
484,-1,1544.92,421.84,48.23,79.72,0.55004,-1,-1,-1
484,-1,0.00,229.65,127.96,580.74,0.49375,-1,-1,-1
484,-1,1891.84,440.25,28.16,70.27,0.44915,-1,-1,-1
484,-1,30.51,471.39,112.74,275.03,0.36543,-1,-1,-1
484,-1,49.25,575.57,60.24,168.87,0.30786,-1,-1,-1
484,-1,1892.45,442.05,27.55,160.97,0.27257,-1,-1,-1
484,-1,1784.47,465.49,26.80,129.03,0.23941,-1,-1,-1
484,-1,18.21,452.29,156.39,400.15,0.23177,-1,-1,-1
484,-1,1664.58,468.81,48.12,114.95,0.22686,-1,-1,-1
484,-1,1541.83,426.53,52.25,146.39,0.22342,-1,-1,-1
484,-1,1661.94,479.23,20.16,79.03,0.17020,-1,-1,-1
484,-1,1870.93,438.41,21.70,28.54,0.15853,-1,-1,-1
484,-1,3.77,225.05,61.47,342.32,0.13950,-1,-1,-1
484,-1,1834.73,438.05,41.20,174.85,0.10900,-1,-1,-1
484,-1,1697.38,484.01,47.97,102.08,0.09910,-1,-1,-1
484,-1,45.20,504.20,96.33,155.72,0.09094,-1,-1,-1
484,-1,55.95,497.93,71.14,82.78,0.08523,-1,-1,-1
484,-1,1677.46,480.97,28.44,93.39,0.08511,-1,-1,-1
484,-1,247.47,516.45,46.76,54.35,0.08340,-1,-1,-1
484,-1,1634.14,459.02,83.09,155.30,0.07727,-1,-1,-1
484,-1,1570.33,422.38,44.94,229.42,0.05067,-1,-1,-1
485,-1,448.37,307.07,209.76,536.90,0.99972,-1,-1,-1
485,-1,1.94,236.50,248.08,746.77,0.99915,-1,-1,-1
485,-1,1426.96,390.65,94.90,304.45,0.99860,-1,-1,-1
485,-1,1796.49,424.17,71.14,206.50,0.99809,-1,-1,-1
485,-1,1216.56,460.68,59.93,181.75,0.99744,-1,-1,-1
485,-1,1853.03,440.86,66.97,192.18,0.99722,-1,-1,-1
485,-1,1589.64,417.67,116.22,248.33,0.99232,-1,-1,-1
485,-1,1680.74,474.99,41.31,111.14,0.97619,-1,-1,-1
485,-1,1528.63,423.89,71.67,249.52,0.95582,-1,-1,-1
485,-1,91.08,540.31,97.47,201.02,0.66193,-1,-1,-1
485,-1,1899.80,441.06,20.20,81.34,0.57589,-1,-1,-1
485,-1,1467.46,407.07,114.64,269.00,0.38899,-1,-1,-1
485,-1,1906.35,444.47,13.65,154.08,0.34533,-1,-1,-1
485,-1,1888.06,443.39,31.94,178.36,0.27530,-1,-1,-1
485,-1,1573.47,426.54,38.23,226.91,0.20413,-1,-1,-1
485,-1,1401.73,443.54,47.79,195.94,0.18381,-1,-1,-1
485,-1,75.32,595.31,42.04,129.40,0.14367,-1,-1,-1
485,-1,246.99,516.48,46.95,55.22,0.13627,-1,-1,-1
485,-1,1711.66,493.92,31.91,89.95,0.12363,-1,-1,-1
485,-1,1781.61,458.60,31.99,146.32,0.08024,-1,-1,-1
485,-1,58.59,352.12,129.00,383.06,0.07566,-1,-1,-1
485,-1,1674.09,477.76,30.76,104.84,0.06929,-1,-1,-1
485,-1,1873.42,438.26,23.81,28.97,0.06849,-1,-1,-1
485,-1,5.23,568.96,216.35,342.79,0.05836,-1,-1,-1
486,-1,456.66,307.72,198.41,529.91,0.99970,-1,-1,-1
486,-1,2.07,222.06,250.42,771.26,0.99917,-1,-1,-1
486,-1,1431.82,389.04,88.84,305.64,0.99848,-1,-1,-1
486,-1,1218.53,459.75,67.59,184.88,0.99802,-1,-1,-1
486,-1,1853.22,439.86,66.78,192.87,0.99733,-1,-1,-1
486,-1,1800.46,425.77,66.24,201.70,0.99715,-1,-1,-1
486,-1,1585.15,415.32,105.68,252.06,0.99207,-1,-1,-1
486,-1,1680.79,474.95,41.22,110.44,0.98051,-1,-1,-1
486,-1,1502.50,413.88,93.59,257.66,0.97855,-1,-1,-1
486,-1,114.62,529.18,76.93,214.66,0.69257,-1,-1,-1
486,-1,1554.83,427.55,54.12,236.93,0.58959,-1,-1,-1
486,-1,1901.36,441.78,18.64,78.06,0.51825,-1,-1,-1
486,-1,1898.90,442.48,21.08,182.91,0.34784,-1,-1,-1
486,-1,1410.65,450.08,43.62,178.93,0.34386,-1,-1,-1
486,-1,1575.40,421.29,47.33,230.26,0.25549,-1,-1,-1
486,-1,246.66,516.68,48.01,55.38,0.24586,-1,-1,-1
486,-1,1783.84,466.06,29.00,133.71,0.17850,-1,-1,-1
486,-1,1415.50,409.71,60.21,230.46,0.13908,-1,-1,-1
486,-1,1710.55,494.64,33.18,88.73,0.11920,-1,-1,-1
486,-1,245.02,527.68,46.73,145.48,0.08553,-1,-1,-1
486,-1,1849.75,437.18,26.10,30.71,0.05780,-1,-1,-1
486,-1,1535.08,416.31,113.64,246.24,0.05425,-1,-1,-1
486,-1,60.41,282.94,131.44,451.26,0.05286,-1,-1,-1
486,-1,1524.20,424.55,67.25,133.15,0.05166,-1,-1,-1
487,-1,469.64,306.22,187.64,529.45,0.99985,-1,-1,-1
487,-1,1.88,226.75,247.52,753.84,0.99958,-1,-1,-1
487,-1,1854.47,439.49,65.53,193.56,0.99790,-1,-1,-1
487,-1,1217.39,459.58,82.59,184.37,0.99767,-1,-1,-1
487,-1,1437.94,387.62,86.58,308.16,0.99761,-1,-1,-1
487,-1,1803.46,426.51,63.72,203.18,0.99626,-1,-1,-1
487,-1,1577.97,414.18,96.81,252.20,0.99210,-1,-1,-1
487,-1,1680.81,475.53,41.12,111.45,0.97794,-1,-1,-1
487,-1,1501.11,416.89,93.39,254.65,0.97118,-1,-1,-1
487,-1,1419.08,456.17,37.62,162.40,0.22111,-1,-1,-1
487,-1,246.72,516.47,47.52,58.38,0.19355,-1,-1,-1
487,-1,138.62,516.45,64.55,231.99,0.19248,-1,-1,-1
487,-1,1711.87,496.26,32.05,88.09,0.16318,-1,-1,-1
487,-1,1783.35,466.13,29.02,132.57,0.16013,-1,-1,-1
487,-1,1565.84,419.90,52.48,236.78,0.14025,-1,-1,-1
487,-1,1898.26,442.31,21.74,180.51,0.10601,-1,-1,-1
487,-1,11.24,235.16,126.76,201.06,0.06189,-1,-1,-1
488,-1,486.44,304.48,176.34,533.51,0.99982,-1,-1,-1
488,-1,1.10,239.69,261.16,741.39,0.99936,-1,-1,-1
488,-1,1223.95,459.79,88.19,185.60,0.99894,-1,-1,-1
488,-1,1858.37,437.73,61.63,194.12,0.99814,-1,-1,-1
488,-1,1807.85,427.56,63.67,199.71,0.99783,-1,-1,-1
488,-1,1443.01,396.43,91.91,296.06,0.99714,-1,-1,-1
488,-1,1572.89,411.71,81.04,246.37,0.99611,-1,-1,-1
488,-1,1500.00,415.17,100.99,253.88,0.98304,-1,-1,-1
488,-1,1681.15,475.54,40.79,109.70,0.97959,-1,-1,-1
488,-1,1414.95,476.85,49.16,159.29,0.56709,-1,-1,-1
488,-1,1511.74,430.16,51.51,79.03,0.18099,-1,-1,-1
488,-1,1778.35,460.44,34.99,145.82,0.14650,-1,-1,-1
488,-1,1849.17,434.93,39.69,180.56,0.07934,-1,-1,-1
488,-1,1220.67,480.56,54.05,158.78,0.07072,-1,-1,-1
488,-1,1626.86,457.37,34.63,142.81,0.06746,-1,-1,-1
488,-1,1513.58,431.50,65.12,127.27,0.06396,-1,-1,-1
488,-1,245.53,530.18,37.04,48.23,0.05594,-1,-1,-1
488,-1,1708.10,484.84,38.73,103.79,0.05229,-1,-1,-1
489,-1,491.49,306.13,175.52,530.62,0.99975,-1,-1,-1
489,-1,1.88,227.11,254.17,749.91,0.99947,-1,-1,-1
489,-1,1444.52,392.84,94.07,302.64,0.99866,-1,-1,-1
489,-1,1220.87,459.66,92.09,185.18,0.99861,-1,-1,-1
489,-1,1860.00,435.21,60.00,197.12,0.99844,-1,-1,-1
489,-1,1808.68,425.52,65.57,201.02,0.99757,-1,-1,-1
489,-1,1564.42,412.03,77.84,248.70,0.99481,-1,-1,-1
489,-1,1682.09,476.48,40.37,109.02,0.97250,-1,-1,-1
489,-1,1514.99,426.05,79.40,239.72,0.93792,-1,-1,-1
489,-1,1832.92,430.96,60.95,194.68,0.92897,-1,-1,-1
489,-1,1421.94,486.70,42.07,150.38,0.45832,-1,-1,-1
489,-1,1416.36,502.91,28.41,101.16,0.29026,-1,-1,-1
489,-1,1625.26,464.84,31.53,137.59,0.18713,-1,-1,-1
489,-1,1.88,517.37,53.21,212.83,0.12524,-1,-1,-1
489,-1,1779.29,461.72,34.40,145.09,0.12135,-1,-1,-1
489,-1,51.38,621.04,50.93,127.71,0.11316,-1,-1,-1
489,-1,1600.30,425.10,48.07,192.52,0.08399,-1,-1,-1
489,-1,1504.36,420.21,59.44,209.82,0.08005,-1,-1,-1
489,-1,1515.47,431.84,32.28,44.88,0.07977,-1,-1,-1
489,-1,245.46,530.30,37.25,48.18,0.07880,-1,-1,-1
489,-1,1511.92,430.70,43.38,70.52,0.06098,-1,-1,-1
489,-1,1706.21,486.20,39.77,101.61,0.05597,-1,-1,-1
490,-1,498.43,312.07,180.59,523.04,0.99982,-1,-1,-1
490,-1,3.16,216.49,262.69,761.60,0.99950,-1,-1,-1
490,-1,1229.34,458.50,87.08,185.28,0.99881,-1,-1,-1
490,-1,1445.08,401.92,110.13,293.37,0.99825,-1,-1,-1
490,-1,1864.10,434.87,55.90,197.49,0.99767,-1,-1,-1
490,-1,1809.79,422.11,67.27,206.84,0.99725,-1,-1,-1
490,-1,1557.86,414.31,82.73,246.01,0.99412,-1,-1,-1
490,-1,1680.94,474.59,44.07,109.94,0.96899,-1,-1,-1
490,-1,1523.82,427.39,78.05,237.20,0.81783,-1,-1,-1
490,-1,1616.01,475.67,31.07,122.30,0.42073,-1,-1,-1
490,-1,1420.19,487.10,47.49,154.44,0.13598,-1,-1,-1
490,-1,55.28,569.23,46.06,182.08,0.11651,-1,-1,-1
490,-1,1779.03,461.47,35.77,141.35,0.10785,-1,-1,-1
490,-1,244.79,517.67,52.03,61.00,0.07880,-1,-1,-1
490,-1,1707.18,485.01,40.88,103.73,0.05647,-1,-1,-1
491,-1,507.16,312.87,179.12,522.41,0.99979,-1,-1,-1
491,-1,33.04,219.68,237.80,750.55,0.99925,-1,-1,-1
491,-1,1235.26,455.40,82.50,188.74,0.99888,-1,-1,-1
491,-1,1445.01,401.03,117.94,292.29,0.99825,-1,-1,-1
491,-1,1810.90,423.17,68.51,206.79,0.99726,-1,-1,-1
491,-1,1865.06,434.15,54.94,198.86,0.99667,-1,-1,-1
491,-1,1551.83,415.96,92.59,248.16,0.99598,-1,-1,-1
491,-1,1681.22,475.97,41.23,109.08,0.97608,-1,-1,-1
491,-1,45.47,555.47,62.75,194.75,0.78052,-1,-1,-1
491,-1,1524.82,429.87,67.95,228.80,0.78043,-1,-1,-1
491,-1,1612.14,463.43,36.75,136.99,0.52640,-1,-1,-1
491,-1,11.60,532.85,87.58,221.17,0.42899,-1,-1,-1
491,-1,2.28,549.24,63.85,191.12,0.17599,-1,-1,-1
491,-1,1430.55,459.87,48.38,184.21,0.15922,-1,-1,-1
491,-1,1778.90,463.14,36.84,138.68,0.06926,-1,-1,-1
491,-1,0.00,494.81,42.42,233.86,0.06580,-1,-1,-1
491,-1,244.98,515.39,52.36,60.98,0.06523,-1,-1,-1
491,-1,1423.78,506.17,40.99,90.40,0.06249,-1,-1,-1
491,-1,1707.19,484.79,40.47,103.75,0.06088,-1,-1,-1
492,-1,518.84,313.48,172.87,521.86,0.99976,-1,-1,-1
492,-1,1235.46,454.56,90.66,187.65,0.99904,-1,-1,-1
492,-1,1448.79,400.53,121.18,292.49,0.99862,-1,-1,-1
492,-1,103.53,219.97,196.93,744.43,0.99852,-1,-1,-1
492,-1,1811.87,421.58,71.39,206.31,0.99805,-1,-1,-1
492,-1,1867.42,434.57,52.58,194.60,0.99628,-1,-1,-1
492,-1,1546.24,418.83,91.43,241.86,0.98602,-1,-1,-1
492,-1,1680.88,474.56,43.97,109.64,0.96907,-1,-1,-1
492,-1,1584.68,450.72,62.49,192.47,0.94496,-1,-1,-1
492,-1,1532.74,422.84,61.48,231.46,0.83653,-1,-1,-1
492,-1,46.63,563.89,62.87,186.80,0.63995,-1,-1,-1
492,-1,910.14,515.11,37.32,118.92,0.32999,-1,-1,-1
492,-1,1.89,605.19,96.15,143.71,0.18546,-1,-1,-1
492,-1,1430.05,439.16,52.05,162.27,0.14232,-1,-1,-1
492,-1,1.86,479.06,73.30,305.51,0.09446,-1,-1,-1
492,-1,1420.50,482.93,49.51,117.68,0.08782,-1,-1,-1
492,-1,1439.79,418.32,60.40,239.50,0.07206,-1,-1,-1
492,-1,1706.87,485.40,40.14,102.31,0.05498,-1,-1,-1
492,-1,50.83,507.95,62.07,168.23,0.05087,-1,-1,-1
493,-1,524.76,313.45,174.23,519.58,0.99982,-1,-1,-1
493,-1,124.82,219.04,212.07,746.57,0.99916,-1,-1,-1
493,-1,1242.59,453.21,82.43,189.12,0.99854,-1,-1,-1
493,-1,1458.40,404.63,111.32,286.80,0.99848,-1,-1,-1
493,-1,1815.18,423.21,72.24,203.73,0.99756,-1,-1,-1
493,-1,1869.06,434.34,50.94,197.12,0.99553,-1,-1,-1
493,-1,1582.93,444.70,63.09,206.67,0.98200,-1,-1,-1
493,-1,1535.08,421.00,94.30,240.58,0.97269,-1,-1,-1
493,-1,1681.10,474.37,44.12,110.39,0.97231,-1,-1,-1
493,-1,1507.92,409.18,83.95,266.61,0.70291,-1,-1,-1
493,-1,39.69,568.98,70.16,182.88,0.40007,-1,-1,-1
493,-1,1458.27,408.20,51.67,254.22,0.27592,-1,-1,-1
493,-1,907.58,513.90,43.63,126.20,0.11927,-1,-1,-1
493,-1,1538.55,428.53,64.00,162.10,0.07801,-1,-1,-1
493,-1,1698.32,484.23,47.38,102.70,0.07375,-1,-1,-1
493,-1,1611.95,462.76,44.87,153.92,0.06988,-1,-1,-1
493,-1,1418.87,504.36,45.39,93.10,0.06961,-1,-1,-1
493,-1,1433.32,466.58,59.83,166.87,0.05700,-1,-1,-1
494,-1,536.43,313.95,170.78,518.38,0.99978,-1,-1,-1
494,-1,130.21,225.42,251.32,743.85,0.99937,-1,-1,-1
494,-1,1255.82,453.77,70.25,188.09,0.99858,-1,-1,-1
494,-1,1816.28,424.61,72.47,202.03,0.99814,-1,-1,-1
494,-1,1463.64,405.87,102.79,285.86,0.99792,-1,-1,-1
494,-1,1869.41,436.90,50.59,192.85,0.99641,-1,-1,-1
494,-1,1536.88,422.06,99.80,241.61,0.98728,-1,-1,-1
494,-1,1591.46,448.31,61.24,181.98,0.96956,-1,-1,-1
494,-1,1681.54,474.19,44.26,110.16,0.96940,-1,-1,-1
494,-1,122.24,520.87,57.05,224.81,0.62268,-1,-1,-1
494,-1,1459.27,422.87,38.92,238.05,0.62137,-1,-1,-1
494,-1,11.81,567.38,94.17,186.16,0.60939,-1,-1,-1
494,-1,48.67,542.21,68.84,206.99,0.36823,-1,-1,-1
494,-1,912.28,527.96,41.96,108.73,0.20862,-1,-1,-1
494,-1,1535.05,427.64,55.22,138.50,0.16184,-1,-1,-1
494,-1,43.31,502.41,66.42,132.42,0.10830,-1,-1,-1
494,-1,925.49,527.62,17.91,46.77,0.09682,-1,-1,-1
494,-1,2.93,536.56,77.12,101.80,0.09506,-1,-1,-1
494,-1,1697.96,483.34,47.50,103.14,0.07851,-1,-1,-1
494,-1,54.93,513.78,119.37,247.56,0.07745,-1,-1,-1
494,-1,981.68,515.82,65.12,185.74,0.07089,-1,-1,-1
495,-1,542.10,323.77,189.37,508.06,0.99978,-1,-1,-1
495,-1,123.52,239.72,354.19,724.11,0.99971,-1,-1,-1
495,-1,1816.83,425.60,72.26,201.06,0.99840,-1,-1,-1
495,-1,1274.28,453.09,54.99,189.51,0.99710,-1,-1,-1
495,-1,1472.87,403.91,98.35,285.68,0.99539,-1,-1,-1
495,-1,1870.36,438.01,49.64,191.42,0.99494,-1,-1,-1
495,-1,1534.78,426.77,103.81,233.13,0.97205,-1,-1,-1
495,-1,1682.13,476.05,41.73,109.14,0.97119,-1,-1,-1
495,-1,1597.21,447.44,54.39,174.78,0.95376,-1,-1,-1
495,-1,1453.07,411.29,59.51,260.26,0.94063,-1,-1,-1
495,-1,26.57,522.92,84.57,230.02,0.81724,-1,-1,-1
495,-1,119.78,506.59,67.93,233.85,0.76967,-1,-1,-1
495,-1,0.00,529.28,84.82,126.93,0.46575,-1,-1,-1
495,-1,39.33,503.08,68.20,143.74,0.29179,-1,-1,-1
495,-1,0.57,536.14,47.25,164.92,0.24839,-1,-1,-1
495,-1,1421.17,513.33,42.03,84.69,0.13945,-1,-1,-1
495,-1,2.78,514.39,69.71,261.30,0.12294,-1,-1,-1
495,-1,57.18,498.57,50.43,100.02,0.11820,-1,-1,-1
495,-1,10.08,567.55,89.27,122.68,0.10727,-1,-1,-1
495,-1,1711.70,496.93,32.09,86.38,0.08910,-1,-1,-1
495,-1,0.52,531.81,64.09,61.27,0.07107,-1,-1,-1
495,-1,55.52,486.98,131.24,271.95,0.05313,-1,-1,-1
496,-1,548.96,324.58,188.86,506.14,0.99979,-1,-1,-1
496,-1,126.37,245.54,391.74,732.37,0.99976,-1,-1,-1
496,-1,1820.10,420.68,64.42,205.97,0.99819,-1,-1,-1
496,-1,1280.16,451.50,58.11,188.98,0.99668,-1,-1,-1
496,-1,1870.87,441.44,49.13,187.98,0.99392,-1,-1,-1
496,-1,1481.80,396.67,92.14,287.83,0.99365,-1,-1,-1
496,-1,1445.15,415.03,67.74,257.63,0.98847,-1,-1,-1
496,-1,1681.19,474.36,41.18,110.28,0.97694,-1,-1,-1
496,-1,1600.31,447.10,49.66,181.38,0.95660,-1,-1,-1
496,-1,1506.28,409.38,128.75,257.78,0.94513,-1,-1,-1
496,-1,119.93,510.28,70.05,230.75,0.90945,-1,-1,-1
496,-1,1560.62,440.50,78.67,210.64,0.81005,-1,-1,-1
496,-1,17.99,515.39,91.54,244.11,0.79488,-1,-1,-1
496,-1,0.00,527.34,79.16,128.25,0.39115,-1,-1,-1
496,-1,4.67,514.07,63.53,253.27,0.32640,-1,-1,-1
496,-1,46.67,503.49,61.15,125.98,0.30933,-1,-1,-1
496,-1,1.54,539.07,41.95,179.84,0.28611,-1,-1,-1
496,-1,0.00,541.19,31.59,123.45,0.21033,-1,-1,-1
496,-1,1.58,532.45,58.50,64.44,0.16863,-1,-1,-1
496,-1,19.39,510.00,73.79,108.74,0.14576,-1,-1,-1
496,-1,49.39,523.20,106.24,232.89,0.14010,-1,-1,-1
496,-1,1693.51,484.65,48.82,99.24,0.11669,-1,-1,-1
496,-1,1870.93,457.12,21.18,135.27,0.08036,-1,-1,-1
496,-1,8.73,566.06,88.19,113.43,0.07789,-1,-1,-1
497,-1,552.26,326.23,190.96,503.24,0.99985,-1,-1,-1
497,-1,126.27,255.70,414.92,710.14,0.99978,-1,-1,-1
497,-1,1820.77,429.18,65.12,197.08,0.99821,-1,-1,-1
497,-1,1284.39,453.61,57.20,188.46,0.99566,-1,-1,-1
497,-1,1874.28,441.41,45.72,187.10,0.99340,-1,-1,-1
497,-1,1437.23,427.25,74.41,240.78,0.99077,-1,-1,-1
497,-1,1488.40,398.27,115.35,282.60,0.98935,-1,-1,-1
497,-1,1604.26,439.94,53.36,198.90,0.98333,-1,-1,-1
497,-1,1681.26,474.92,40.87,111.55,0.97581,-1,-1,-1
497,-1,121.45,510.42,72.99,229.13,0.89515,-1,-1,-1
497,-1,33.07,517.60,80.64,239.16,0.89362,-1,-1,-1
497,-1,3.58,520.18,64.95,255.02,0.58866,-1,-1,-1
497,-1,1554.37,446.55,75.44,191.95,0.58850,-1,-1,-1
497,-1,2.61,532.16,73.38,118.47,0.42493,-1,-1,-1
497,-1,1571.19,401.52,77.59,251.85,0.33849,-1,-1,-1
497,-1,47.62,502.26,59.57,99.04,0.28785,-1,-1,-1
497,-1,0.48,532.72,39.36,166.90,0.23157,-1,-1,-1
497,-1,1855.66,439.02,41.03,178.10,0.20179,-1,-1,-1
497,-1,1425.49,430.18,68.87,169.30,0.13185,-1,-1,-1
497,-1,1696.40,485.56,45.30,98.79,0.12224,-1,-1,-1
497,-1,5.57,514.15,71.83,83.80,0.10629,-1,-1,-1
497,-1,1871.57,457.38,22.10,133.01,0.06900,-1,-1,-1
497,-1,1452.78,428.65,35.55,33.33,0.05822,-1,-1,-1
497,-1,1714.72,504.74,29.18,80.88,0.05333,-1,-1,-1
497,-1,1443.07,428.52,59.20,118.22,0.05114,-1,-1,-1
498,-1,557.85,329.43,192.13,501.20,0.99985,-1,-1,-1
498,-1,134.02,254.37,412.73,702.72,0.99981,-1,-1,-1
498,-1,1821.49,429.97,64.57,196.51,0.99837,-1,-1,-1
498,-1,1433.94,432.56,68.63,235.29,0.99657,-1,-1,-1
498,-1,1288.96,449.94,64.65,191.57,0.99443,-1,-1,-1
498,-1,1493.88,396.43,104.40,282.00,0.99393,-1,-1,-1
498,-1,1875.04,442.89,44.96,186.19,0.99008,-1,-1,-1
498,-1,1680.95,475.80,40.73,110.52,0.97320,-1,-1,-1
498,-1,1605.83,442.36,55.41,198.62,0.95395,-1,-1,-1
498,-1,49.00,519.55,67.54,231.14,0.87357,-1,-1,-1
498,-1,125.00,523.16,64.07,214.99,0.85618,-1,-1,-1
498,-1,3.77,520.19,68.49,273.18,0.63907,-1,-1,-1
498,-1,1550.60,407.80,92.98,241.15,0.40996,-1,-1,-1
498,-1,0.47,543.72,43.01,244.02,0.40922,-1,-1,-1
498,-1,1850.77,435.28,58.74,188.38,0.34635,-1,-1,-1
498,-1,17.53,542.73,84.61,229.39,0.30456,-1,-1,-1
498,-1,43.62,501.32,63.73,98.82,0.25441,-1,-1,-1
498,-1,1315.32,465.25,41.27,160.10,0.24715,-1,-1,-1
498,-1,1.84,522.58,48.09,142.08,0.18290,-1,-1,-1
498,-1,1698.85,489.26,44.49,95.96,0.14693,-1,-1,-1
498,-1,20.80,503.34,73.47,150.64,0.12072,-1,-1,-1
498,-1,244.55,522.62,36.86,155.03,0.09749,-1,-1,-1
498,-1,1.59,511.72,62.02,80.90,0.08232,-1,-1,-1
498,-1,89.22,448.26,111.63,306.87,0.08221,-1,-1,-1
498,-1,264.08,253.04,200.27,549.69,0.08050,-1,-1,-1
498,-1,1379.87,467.86,59.77,167.77,0.07798,-1,-1,-1
498,-1,1481.32,409.15,64.00,245.49,0.07124,-1,-1,-1
498,-1,1569.51,449.05,20.64,30.04,0.06670,-1,-1,-1
498,-1,568.88,484.95,73.82,239.85,0.06194,-1,-1,-1
498,-1,1716.10,501.96,30.64,86.26,0.06135,-1,-1,-1
498,-1,1530.82,410.30,77.60,230.84,0.05459,-1,-1,-1
499,-1,150.50,259.50,402.03,703.25,0.99979,-1,-1,-1
499,-1,566.59,326.99,183.70,502.18,0.99979,-1,-1,-1
499,-1,1823.57,429.74,64.19,197.05,0.99852,-1,-1,-1
499,-1,1498.90,396.63,91.78,282.37,0.99745,-1,-1,-1
499,-1,1292.87,452.11,64.99,192.92,0.99737,-1,-1,-1
499,-1,1427.25,430.64,71.23,236.26,0.99700,-1,-1,-1
499,-1,1876.97,442.35,43.03,184.32,0.99083,-1,-1,-1
499,-1,1680.56,475.15,40.83,113.41,0.97863,-1,-1,-1
499,-1,1608.72,439.67,55.21,198.44,0.94345,-1,-1,-1
499,-1,49.70,518.32,63.70,234.53,0.82938,-1,-1,-1
499,-1,120.62,497.65,72.44,244.26,0.82108,-1,-1,-1
499,-1,4.09,522.57,69.67,260.75,0.45979,-1,-1,-1
499,-1,51.03,505.74,57.34,106.97,0.24367,-1,-1,-1
499,-1,0.36,539.70,35.53,222.84,0.19729,-1,-1,-1
499,-1,1481.63,445.90,34.79,198.09,0.17081,-1,-1,-1
499,-1,1487.09,412.34,49.86,245.42,0.16630,-1,-1,-1
499,-1,1327.52,474.73,29.52,145.85,0.16084,-1,-1,-1
499,-1,1569.25,423.89,77.65,219.56,0.15343,-1,-1,-1
499,-1,2.93,512.95,57.02,123.01,0.14071,-1,-1,-1
499,-1,1701.16,488.46,41.36,96.38,0.11792,-1,-1,-1
499,-1,1610.82,451.14,40.54,133.88,0.09294,-1,-1,-1
499,-1,25.56,503.18,71.30,153.27,0.09156,-1,-1,-1
499,-1,1313.56,458.42,37.36,162.21,0.07114,-1,-1,-1
499,-1,1519.98,400.70,115.18,251.10,0.06519,-1,-1,-1
499,-1,1376.53,458.07,57.51,179.40,0.05708,-1,-1,-1
500,-1,164.33,261.71,403.31,699.12,0.99977,-1,-1,-1
500,-1,580.00,338.04,186.50,485.54,0.99967,-1,-1,-1
500,-1,1292.94,452.93,83.85,190.61,0.99877,-1,-1,-1
500,-1,1826.99,429.50,65.07,197.78,0.99872,-1,-1,-1
500,-1,1412.11,428.57,86.35,240.33,0.99811,-1,-1,-1
500,-1,1504.41,394.14,93.57,293.22,0.99477,-1,-1,-1
500,-1,1877.42,442.71,42.58,180.55,0.99148,-1,-1,-1
500,-1,1680.81,475.79,40.52,112.95,0.97380,-1,-1,-1
500,-1,1482.51,418.31,48.88,243.98,0.93886,-1,-1,-1
500,-1,1613.48,442.50,55.24,192.34,0.88405,-1,-1,-1
500,-1,124.90,509.82,66.01,231.77,0.79997,-1,-1,-1
500,-1,28.52,517.87,86.80,238.12,0.79970,-1,-1,-1
500,-1,1581.48,428.55,67.84,216.39,0.63091,-1,-1,-1
500,-1,4.38,476.53,87.77,286.03,0.53609,-1,-1,-1
500,-1,1488.69,430.44,29.76,157.56,0.30459,-1,-1,-1
500,-1,1545.52,398.84,95.97,254.18,0.28601,-1,-1,-1
500,-1,44.07,501.84,63.49,124.03,0.21901,-1,-1,-1
500,-1,245.57,519.99,47.52,58.85,0.19729,-1,-1,-1
500,-1,4.24,521.94,92.85,134.79,0.18570,-1,-1,-1
500,-1,0.00,430.41,42.69,136.91,0.17222,-1,-1,-1
500,-1,0.58,440.10,49.11,238.72,0.16718,-1,-1,-1
500,-1,2.42,537.49,63.76,188.14,0.14083,-1,-1,-1
500,-1,1710.97,494.12,32.90,92.42,0.13576,-1,-1,-1
500,-1,1638.85,474.94,40.17,160.53,0.13223,-1,-1,-1
500,-1,1895.85,439.08,24.15,28.06,0.11501,-1,-1,-1
500,-1,1630.32,461.65,35.22,121.79,0.09616,-1,-1,-1
500,-1,1640.41,538.13,31.52,97.72,0.09584,-1,-1,-1
500,-1,1658.13,512.07,24.94,70.85,0.05752,-1,-1,-1
501,-1,595.60,332.64,173.80,493.31,0.99979,-1,-1,-1
501,-1,186.84,264.04,374.91,685.22,0.99974,-1,-1,-1
501,-1,1827.22,428.89,62.14,197.12,0.99810,-1,-1,-1
501,-1,1294.46,454.84,87.49,187.92,0.99802,-1,-1,-1
501,-1,1404.13,427.12,95.57,242.10,0.99692,-1,-1,-1
501,-1,1506.14,394.10,102.35,294.55,0.99492,-1,-1,-1
501,-1,1880.78,441.76,39.22,180.90,0.99229,-1,-1,-1
501,-1,1680.02,474.42,42.91,113.50,0.96886,-1,-1,-1
501,-1,1609.68,446.37,70.14,194.85,0.92533,-1,-1,-1
501,-1,1482.16,419.58,47.20,242.10,0.91277,-1,-1,-1
501,-1,124.77,512.17,66.69,228.58,0.87077,-1,-1,-1
501,-1,3.02,513.36,109.38,238.67,0.86893,-1,-1,-1
501,-1,1483.51,426.81,26.49,169.44,0.64032,-1,-1,-1
501,-1,1588.19,430.47,69.97,212.86,0.57412,-1,-1,-1
501,-1,1534.38,398.22,112.63,267.84,0.44336,-1,-1,-1
501,-1,1489.46,408.46,81.29,263.73,0.35027,-1,-1,-1
501,-1,1620.56,450.30,42.21,129.81,0.33668,-1,-1,-1
501,-1,1852.16,438.15,47.51,178.61,0.30117,-1,-1,-1
501,-1,245.74,517.85,48.04,56.33,0.25885,-1,-1,-1
501,-1,1.26,427.29,52.36,78.12,0.22334,-1,-1,-1
501,-1,798.39,533.48,31.33,56.59,0.21175,-1,-1,-1
501,-1,43.40,504.32,66.59,146.02,0.20955,-1,-1,-1
501,-1,577.40,397.33,34.02,83.87,0.20265,-1,-1,-1
501,-1,1894.49,438.14,25.51,28.84,0.18719,-1,-1,-1
501,-1,53.43,504.02,68.79,247.14,0.18251,-1,-1,-1
501,-1,1701.89,488.20,42.20,97.23,0.16147,-1,-1,-1
501,-1,0.17,428.50,47.52,247.32,0.13599,-1,-1,-1
501,-1,4.44,534.22,81.34,127.89,0.10448,-1,-1,-1
501,-1,1425.52,430.17,34.52,38.54,0.09702,-1,-1,-1
501,-1,1659.20,485.85,26.25,94.59,0.09502,-1,-1,-1
501,-1,1638.81,467.38,45.52,160.18,0.08195,-1,-1,-1
501,-1,1494.25,427.38,30.11,185.40,0.07920,-1,-1,-1
501,-1,1482.63,423.10,27.96,54.81,0.07859,-1,-1,-1
501,-1,100.31,443.80,104.04,300.17,0.07689,-1,-1,-1
501,-1,1674.22,484.23,24.81,97.23,0.05241,-1,-1,-1
501,-1,1454.84,426.25,54.72,209.56,0.05102,-1,-1,-1
502,-1,235.78,255.63,315.60,681.63,0.99981,-1,-1,-1
502,-1,602.79,328.41,171.31,487.92,0.99971,-1,-1,-1
502,-1,1827.63,427.98,62.68,197.69,0.99789,-1,-1,-1
502,-1,1294.22,452.76,90.12,190.90,0.99781,-1,-1,-1
502,-1,1881.95,440.12,38.05,183.03,0.99440,-1,-1,-1
502,-1,1511.30,397.84,109.14,288.65,0.99434,-1,-1,-1
502,-1,1384.24,430.71,113.78,237.05,0.99432,-1,-1,-1
502,-1,1478.69,422.98,54.51,240.67,0.97648,-1,-1,-1
502,-1,1680.34,476.57,40.94,110.29,0.96851,-1,-1,-1
502,-1,123.35,506.28,73.85,233.69,0.84929,-1,-1,-1
502,-1,1612.47,443.66,67.85,195.79,0.84927,-1,-1,-1
502,-1,7.10,497.88,108.17,267.57,0.69802,-1,-1,-1
502,-1,1477.00,423.87,33.61,155.18,0.45720,-1,-1,-1
502,-1,1626.17,452.79,37.95,128.15,0.40130,-1,-1,-1
502,-1,1584.96,430.02,67.71,213.75,0.39372,-1,-1,-1
502,-1,577.00,392.94,38.13,112.40,0.34941,-1,-1,-1
502,-1,802.40,533.68,29.91,57.09,0.33057,-1,-1,-1
502,-1,1853.97,437.50,44.26,178.60,0.20816,-1,-1,-1
502,-1,2.86,423.85,62.69,83.39,0.18638,-1,-1,-1
502,-1,1702.09,488.10,41.89,95.99,0.14665,-1,-1,-1
502,-1,52.24,528.95,62.81,225.41,0.11667,-1,-1,-1
502,-1,1893.40,437.49,26.60,31.34,0.08554,-1,-1,-1
502,-1,1659.97,488.56,24.98,90.33,0.06091,-1,-1,-1
502,-1,245.98,529.94,36.60,49.55,0.05586,-1,-1,-1
503,-1,616.35,325.98,165.51,484.68,0.99971,-1,-1,-1
503,-1,281.95,255.69,277.69,670.60,0.99943,-1,-1,-1
503,-1,1830.96,428.67,62.10,196.99,0.99818,-1,-1,-1
503,-1,1297.54,455.18,88.72,188.77,0.99665,-1,-1,-1
503,-1,1518.54,401.13,110.66,282.34,0.99641,-1,-1,-1
503,-1,1884.20,438.31,35.80,186.02,0.99531,-1,-1,-1
503,-1,1381.39,433.82,114.79,235.36,0.99511,-1,-1,-1
503,-1,1464.94,424.10,69.97,242.40,0.99415,-1,-1,-1
503,-1,1680.78,476.43,40.66,108.99,0.96996,-1,-1,-1
503,-1,1612.26,446.56,73.55,192.78,0.88872,-1,-1,-1
503,-1,6.87,510.56,105.03,250.06,0.87541,-1,-1,-1
503,-1,125.67,529.75,64.77,210.16,0.83550,-1,-1,-1
503,-1,943.00,505.50,48.57,126.80,0.67587,-1,-1,-1
503,-1,6.78,419.93,78.27,83.72,0.43464,-1,-1,-1
503,-1,1585.28,436.84,75.49,193.92,0.38433,-1,-1,-1
503,-1,5.88,516.42,89.32,144.98,0.23934,-1,-1,-1
503,-1,577.63,393.20,39.44,127.07,0.22019,-1,-1,-1
503,-1,1701.15,487.57,43.29,97.44,0.20112,-1,-1,-1
503,-1,1897.12,436.23,22.57,28.29,0.15940,-1,-1,-1
503,-1,1658.74,487.86,26.21,89.01,0.15338,-1,-1,-1
503,-1,1628.84,448.55,36.00,137.73,0.14974,-1,-1,-1
503,-1,1377.82,455.06,49.47,187.69,0.13332,-1,-1,-1
503,-1,104.60,445.63,94.86,297.58,0.12689,-1,-1,-1
503,-1,245.82,531.08,36.43,48.32,0.08077,-1,-1,-1
503,-1,1675.31,477.82,25.33,104.14,0.07115,-1,-1,-1
503,-1,1880.99,449.47,28.87,135.84,0.06432,-1,-1,-1
503,-1,1587.65,447.60,18.17,33.28,0.05440,-1,-1,-1
504,-1,617.55,325.63,165.16,479.88,0.99966,-1,-1,-1
504,-1,334.79,251.18,235.83,673.15,0.99921,-1,-1,-1
504,-1,1832.74,428.10,60.62,196.87,0.99750,-1,-1,-1
504,-1,1300.89,453.47,87.84,192.48,0.99743,-1,-1,-1
504,-1,1521.35,401.54,113.43,279.16,0.99712,-1,-1,-1
504,-1,1885.79,439.14,34.21,186.27,0.99594,-1,-1,-1
504,-1,1379.25,436.76,111.62,231.94,0.99476,-1,-1,-1
504,-1,1454.13,425.49,75.80,240.40,0.99183,-1,-1,-1
504,-1,1681.58,476.25,39.74,108.83,0.96576,-1,-1,-1
504,-1,125.64,518.80,67.13,220.98,0.89334,-1,-1,-1
504,-1,1615.69,454.66,72.53,183.61,0.88444,-1,-1,-1
504,-1,7.29,450.29,99.70,332.06,0.87423,-1,-1,-1
504,-1,947.62,508.88,43.44,120.47,0.76751,-1,-1,-1
504,-1,1.71,524.55,101.72,166.89,0.39574,-1,-1,-1
504,-1,12.04,415.09,80.28,91.38,0.39053,-1,-1,-1
504,-1,50.86,513.67,64.25,240.70,0.30724,-1,-1,-1
504,-1,1641.10,474.28,47.05,127.18,0.24583,-1,-1,-1
504,-1,577.02,391.95,42.97,118.49,0.23346,-1,-1,-1
504,-1,1377.03,452.03,45.23,195.64,0.21400,-1,-1,-1
504,-1,1589.00,442.83,66.51,182.09,0.18406,-1,-1,-1
504,-1,1702.60,486.35,41.61,98.11,0.17359,-1,-1,-1
504,-1,1880.22,450.94,27.68,123.96,0.16399,-1,-1,-1
504,-1,1658.90,483.90,26.89,93.37,0.15900,-1,-1,-1
504,-1,956.67,551.26,48.68,75.21,0.13243,-1,-1,-1
504,-1,104.56,435.84,100.55,310.32,0.11210,-1,-1,-1
504,-1,13.99,419.97,85.55,220.56,0.10933,-1,-1,-1
504,-1,967.90,520.24,34.51,94.05,0.08554,-1,-1,-1
504,-1,1354.55,458.57,45.70,186.11,0.07822,-1,-1,-1
504,-1,245.81,529.89,38.12,48.54,0.07116,-1,-1,-1
504,-1,1486.77,428.97,50.57,228.32,0.05772,-1,-1,-1
504,-1,1810.69,532.21,16.24,42.40,0.05288,-1,-1,-1
505,-1,630.14,323.27,161.13,486.61,0.99975,-1,-1,-1
505,-1,407.11,248.47,186.56,666.76,0.99875,-1,-1,-1
505,-1,1831.49,427.43,63.58,196.18,0.99742,-1,-1,-1
505,-1,1309.58,452.42,77.30,191.95,0.99733,-1,-1,-1
505,-1,1528.26,401.75,108.35,282.32,0.99703,-1,-1,-1
505,-1,1886.83,438.75,33.17,186.74,0.99599,-1,-1,-1
505,-1,1444.87,424.27,83.90,241.99,0.99515,-1,-1,-1
505,-1,1381.32,435.03,97.22,228.67,0.99128,-1,-1,-1
505,-1,1682.00,473.62,39.69,109.84,0.96126,-1,-1,-1
505,-1,1615.92,446.91,71.00,191.48,0.95068,-1,-1,-1
505,-1,127.22,523.46,65.22,216.62,0.85101,-1,-1,-1
505,-1,7.38,507.18,105.54,251.91,0.82419,-1,-1,-1
505,-1,945.78,510.47,54.51,117.53,0.52062,-1,-1,-1
505,-1,575.94,395.14,44.19,111.87,0.51979,-1,-1,-1
505,-1,54.42,530.75,60.48,221.81,0.45042,-1,-1,-1
505,-1,1329.33,444.74,98.27,208.53,0.30119,-1,-1,-1
505,-1,1649.97,456.79,32.36,122.42,0.29898,-1,-1,-1
505,-1,3.05,528.34,95.15,143.81,0.25780,-1,-1,-1
505,-1,108.15,449.69,96.56,296.30,0.24257,-1,-1,-1
505,-1,1880.77,450.89,29.69,123.43,0.22381,-1,-1,-1
505,-1,1480.88,441.39,53.57,211.91,0.18841,-1,-1,-1
505,-1,627.53,418.32,39.98,178.66,0.15354,-1,-1,-1
505,-1,1678.17,477.34,26.02,101.18,0.12033,-1,-1,-1
505,-1,246.33,516.90,46.76,55.51,0.09737,-1,-1,-1
505,-1,1703.05,484.39,45.14,104.60,0.09272,-1,-1,-1
505,-1,48.39,503.91,59.54,145.40,0.07914,-1,-1,-1
505,-1,1502.41,440.89,39.13,190.20,0.07390,-1,-1,-1
505,-1,1663.08,475.77,22.54,99.01,0.07180,-1,-1,-1
505,-1,40.77,414.21,60.14,83.92,0.06461,-1,-1,-1
505,-1,809.09,531.82,30.84,71.76,0.06276,-1,-1,-1
505,-1,1372.77,441.94,46.88,201.62,0.05854,-1,-1,-1
505,-1,1612.46,435.82,60.48,102.89,0.05838,-1,-1,-1
505,-1,1671.86,472.43,19.64,104.11,0.05417,-1,-1,-1
506,-1,636.02,325.57,157.45,485.88,0.99976,-1,-1,-1
506,-1,440.66,246.75,177.37,669.38,0.99899,-1,-1,-1
506,-1,1831.91,427.60,63.12,196.04,0.99767,-1,-1,-1
506,-1,1532.13,403.41,106.62,279.17,0.99758,-1,-1,-1
506,-1,1436.30,424.13,92.75,239.00,0.99630,-1,-1,-1
506,-1,1315.29,452.22,74.57,190.60,0.99597,-1,-1,-1
506,-1,1381.26,434.08,81.92,230.04,0.99551,-1,-1,-1
506,-1,1886.65,438.69,33.35,188.83,0.99541,-1,-1,-1
506,-1,1683.40,475.74,39.31,108.64,0.93873,-1,-1,-1
506,-1,1620.24,444.24,68.31,195.33,0.93826,-1,-1,-1
506,-1,125.34,522.68,65.65,215.37,0.86281,-1,-1,-1
506,-1,7.83,508.65,106.19,256.21,0.75729,-1,-1,-1
506,-1,573.46,404.62,45.05,100.04,0.75107,-1,-1,-1
506,-1,1405.01,429.93,91.02,238.72,0.59259,-1,-1,-1
506,-1,1644.91,460.72,38.72,141.61,0.27161,-1,-1,-1
506,-1,58.60,539.21,58.23,211.06,0.21146,-1,-1,-1
506,-1,1502.19,451.77,33.28,131.80,0.20828,-1,-1,-1
506,-1,110.67,452.53,97.72,307.68,0.15293,-1,-1,-1
506,-1,246.40,517.16,46.57,56.60,0.14369,-1,-1,-1
506,-1,814.74,533.39,28.83,70.60,0.13643,-1,-1,-1
506,-1,951.50,508.70,48.59,118.87,0.13552,-1,-1,-1
506,-1,1700.37,485.65,47.75,104.08,0.10365,-1,-1,-1
506,-1,48.46,425.69,82.58,332.23,0.10002,-1,-1,-1
506,-1,1880.95,453.75,30.61,111.29,0.08475,-1,-1,-1
506,-1,1677.08,479.51,20.51,96.32,0.07828,-1,-1,-1
506,-1,2.14,529.85,91.56,141.06,0.06533,-1,-1,-1
506,-1,38.93,414.74,72.89,98.06,0.05393,-1,-1,-1
507,-1,642.48,327.60,154.05,483.43,0.99958,-1,-1,-1
507,-1,445.09,254.42,197.65,662.65,0.99918,-1,-1,-1
507,-1,1427.82,425.38,102.33,236.44,0.99839,-1,-1,-1
507,-1,1832.72,427.73,63.49,195.81,0.99805,-1,-1,-1
507,-1,1536.85,405.62,101.67,275.97,0.99665,-1,-1,-1
507,-1,1381.46,432.96,71.37,229.73,0.99562,-1,-1,-1
507,-1,1888.04,440.64,31.96,187.26,0.99540,-1,-1,-1
507,-1,1327.93,451.80,63.19,189.92,0.99372,-1,-1,-1
507,-1,1618.49,439.63,70.63,199.45,0.95361,-1,-1,-1
507,-1,1684.12,477.26,38.91,107.21,0.93268,-1,-1,-1
507,-1,121.65,498.55,75.01,241.41,0.88232,-1,-1,-1
507,-1,26.88,512.47,84.32,238.18,0.84722,-1,-1,-1
507,-1,581.93,404.15,37.45,114.88,0.73374,-1,-1,-1
507,-1,43.53,418.98,83.45,87.20,0.53241,-1,-1,-1
507,-1,1883.71,458.64,26.44,118.61,0.28756,-1,-1,-1
507,-1,246.39,518.15,45.42,56.16,0.21464,-1,-1,-1
507,-1,1694.78,484.72,52.89,105.92,0.20615,-1,-1,-1
507,-1,53.79,411.60,83.64,356.50,0.18330,-1,-1,-1
507,-1,63.31,554.52,53.79,195.17,0.17359,-1,-1,-1
507,-1,1409.75,443.92,59.27,216.62,0.17311,-1,-1,-1
507,-1,581.46,411.63,56.50,189.04,0.13720,-1,-1,-1
507,-1,1653.75,455.03,30.53,137.22,0.10685,-1,-1,-1
507,-1,85.57,427.61,116.20,329.96,0.10103,-1,-1,-1
507,-1,8.25,535.77,70.79,220.57,0.06331,-1,-1,-1
507,-1,1347.13,441.29,74.70,208.47,0.05127,-1,-1,-1
508,-1,445.86,263.24,239.05,648.76,0.99962,-1,-1,-1
508,-1,641.87,325.51,171.19,487.37,0.99938,-1,-1,-1
508,-1,1423.82,438.81,105.51,223.46,0.99863,-1,-1,-1
508,-1,1831.22,428.01,67.48,196.09,0.99800,-1,-1,-1
508,-1,1539.22,406.10,104.76,275.78,0.99764,-1,-1,-1
508,-1,1376.41,433.58,67.00,230.09,0.99553,-1,-1,-1
508,-1,1889.38,443.67,30.62,184.88,0.99412,-1,-1,-1
508,-1,1342.23,450.56,50.07,194.69,0.97772,-1,-1,-1
508,-1,1625.17,445.51,64.65,194.98,0.96931,-1,-1,-1
508,-1,1684.90,477.34,38.66,108.10,0.93050,-1,-1,-1
508,-1,110.46,453.78,88.23,295.82,0.85272,-1,-1,-1
508,-1,54.23,428.71,83.05,334.10,0.65045,-1,-1,-1
508,-1,56.83,424.79,104.71,84.72,0.62082,-1,-1,-1
508,-1,56.64,392.65,160.36,395.01,0.24023,-1,-1,-1
508,-1,1693.24,483.70,54.34,108.32,0.24003,-1,-1,-1
508,-1,246.34,517.47,46.16,57.59,0.19935,-1,-1,-1
508,-1,1883.87,462.86,27.80,101.45,0.19799,-1,-1,-1
508,-1,54.60,459.32,69.41,185.25,0.19700,-1,-1,-1
508,-1,33.84,514.97,73.99,238.28,0.18585,-1,-1,-1
508,-1,64.57,481.17,49.54,269.09,0.18445,-1,-1,-1
508,-1,50.93,494.92,65.99,105.44,0.12689,-1,-1,-1
508,-1,1615.09,446.90,16.73,31.62,0.10301,-1,-1,-1
508,-1,1178.50,397.70,104.05,110.22,0.08016,-1,-1,-1
508,-1,98.35,433.74,48.53,302.20,0.07662,-1,-1,-1
508,-1,1658.65,449.66,34.57,156.40,0.06566,-1,-1,-1
509,-1,445.33,267.03,277.48,645.03,0.99966,-1,-1,-1
509,-1,645.24,329.31,187.92,481.47,0.99917,-1,-1,-1
509,-1,1830.62,428.55,68.39,196.32,0.99783,-1,-1,-1
509,-1,1546.31,405.84,96.74,271.67,0.99744,-1,-1,-1
509,-1,1419.18,437.62,110.19,223.47,0.99739,-1,-1,-1
509,-1,1365.25,440.15,68.44,218.93,0.99464,-1,-1,-1
509,-1,1890.79,444.72,29.21,181.19,0.99335,-1,-1,-1
509,-1,1626.01,442.46,65.30,198.56,0.98055,-1,-1,-1
509,-1,1685.29,476.35,37.13,110.02,0.92456,-1,-1,-1
509,-1,1353.03,440.68,47.28,204.60,0.87765,-1,-1,-1
509,-1,119.16,496.56,77.15,244.80,0.86022,-1,-1,-1
509,-1,82.34,423.14,74.04,79.62,0.64582,-1,-1,-1
509,-1,1533.69,481.52,33.94,169.22,0.37838,-1,-1,-1
509,-1,1619.50,442.49,15.91,36.89,0.21839,-1,-1,-1
509,-1,94.45,430.42,118.09,328.49,0.19621,-1,-1,-1
509,-1,68.41,430.18,90.41,325.58,0.19527,-1,-1,-1
509,-1,1864.41,434.19,53.12,202.26,0.15249,-1,-1,-1
509,-1,246.14,517.76,45.49,56.83,0.15192,-1,-1,-1
509,-1,1177.40,399.32,112.70,108.75,0.14963,-1,-1,-1
509,-1,53.33,531.01,62.01,222.32,0.12506,-1,-1,-1
509,-1,90.15,427.46,116.01,79.68,0.11261,-1,-1,-1
509,-1,1886.52,463.30,23.33,105.09,0.10768,-1,-1,-1
509,-1,1357.10,455.05,32.08,132.36,0.07419,-1,-1,-1
509,-1,1698.33,481.67,50.55,112.72,0.07019,-1,-1,-1
509,-1,1899.12,443.02,18.61,28.63,0.06931,-1,-1,-1
509,-1,245.28,526.26,43.69,150.36,0.05247,-1,-1,-1
510,-1,446.30,272.71,299.21,641.87,0.99960,-1,-1,-1
510,-1,666.29,334.36,190.79,472.69,0.99936,-1,-1,-1
510,-1,1829.80,429.32,75.02,197.47,0.99875,-1,-1,-1
510,-1,1553.80,402.47,90.15,274.66,0.99733,-1,-1,-1
510,-1,1355.45,433.53,76.98,227.35,0.99634,-1,-1,-1
510,-1,1413.95,434.78,106.77,225.88,0.99537,-1,-1,-1
510,-1,1629.36,439.39,65.83,203.36,0.98412,-1,-1,-1
510,-1,1893.99,441.13,25.59,181.26,0.97080,-1,-1,-1
510,-1,110.62,444.56,86.89,298.84,0.96883,-1,-1,-1
510,-1,1687.25,474.82,35.44,108.77,0.88146,-1,-1,-1
510,-1,116.87,428.15,53.88,68.71,0.69849,-1,-1,-1
510,-1,45.67,522.76,67.26,226.82,0.34188,-1,-1,-1
510,-1,1530.11,462.97,50.70,183.22,0.31137,-1,-1,-1
510,-1,1888.81,455.47,26.73,120.19,0.21621,-1,-1,-1
510,-1,1583.29,413.52,89.75,246.62,0.20817,-1,-1,-1
510,-1,1699.25,488.89,42.48,99.56,0.20521,-1,-1,-1
510,-1,57.54,505.36,129.16,239.22,0.15722,-1,-1,-1
510,-1,1621.17,437.10,15.56,38.83,0.15720,-1,-1,-1
510,-1,670.73,382.17,94.55,422.43,0.15375,-1,-1,-1
510,-1,245.83,517.09,46.85,57.34,0.14610,-1,-1,-1
510,-1,51.99,502.48,56.54,108.12,0.12422,-1,-1,-1
510,-1,965.84,513.40,56.31,135.88,0.10973,-1,-1,-1
510,-1,1655.37,440.58,47.57,155.85,0.09997,-1,-1,-1
510,-1,1901.48,441.78,16.68,115.84,0.08687,-1,-1,-1
510,-1,24.76,554.78,77.87,161.60,0.08553,-1,-1,-1
510,-1,633.54,342.47,57.15,125.48,0.08493,-1,-1,-1
510,-1,245.18,526.05,44.41,148.52,0.06189,-1,-1,-1
510,-1,829.93,536.56,26.53,70.93,0.06132,-1,-1,-1
511,-1,453.25,277.87,315.29,637.57,0.99960,-1,-1,-1
511,-1,665.90,337.90,203.85,465.10,0.99904,-1,-1,-1
511,-1,1829.84,430.44,76.60,195.40,0.99884,-1,-1,-1
511,-1,1556.42,402.09,87.23,275.58,0.99821,-1,-1,-1
511,-1,1355.29,434.50,74.21,227.15,0.99565,-1,-1,-1
511,-1,1415.42,430.33,102.09,230.61,0.99277,-1,-1,-1
511,-1,1633.91,443.69,66.05,198.51,0.98459,-1,-1,-1
511,-1,112.60,521.42,77.20,219.32,0.96194,-1,-1,-1
511,-1,1900.98,424.13,19.02,198.83,0.93635,-1,-1,-1
511,-1,591.15,303.42,221.08,526.28,0.81810,-1,-1,-1
511,-1,124.92,431.71,58.19,61.27,0.68309,-1,-1,-1
511,-1,1686.88,475.64,35.75,103.04,0.64043,-1,-1,-1
511,-1,1529.16,458.72,54.92,186.10,0.54707,-1,-1,-1
511,-1,1887.74,456.95,25.62,126.76,0.45859,-1,-1,-1
511,-1,48.93,515.35,63.74,247.16,0.43065,-1,-1,-1
511,-1,1882.90,436.63,36.56,182.61,0.37392,-1,-1,-1
511,-1,968.78,506.16,43.29,130.78,0.34429,-1,-1,-1
511,-1,1903.12,433.43,15.87,57.51,0.25944,-1,-1,-1
511,-1,1182.57,403.81,103.84,104.24,0.24545,-1,-1,-1
511,-1,121.99,421.35,68.94,107.03,0.21351,-1,-1,-1
511,-1,246.24,517.11,46.59,54.78,0.20250,-1,-1,-1
511,-1,1887.02,477.06,23.88,68.40,0.18371,-1,-1,-1
511,-1,654.90,365.37,122.64,429.24,0.17039,-1,-1,-1
511,-1,119.25,469.51,43.85,40.83,0.16978,-1,-1,-1
511,-1,1658.44,442.11,50.16,152.21,0.16089,-1,-1,-1
511,-1,50.12,504.72,54.64,102.42,0.14157,-1,-1,-1
511,-1,970.25,517.74,58.70,160.20,0.11995,-1,-1,-1
511,-1,244.97,527.00,43.93,146.31,0.08471,-1,-1,-1
511,-1,637.62,331.89,53.74,126.89,0.07534,-1,-1,-1
511,-1,1410.13,445.26,46.96,210.20,0.07254,-1,-1,-1
511,-1,51.78,522.48,130.85,231.99,0.06015,-1,-1,-1
511,-1,681.49,512.89,65.55,289.64,0.05789,-1,-1,-1
511,-1,43.02,441.30,168.16,369.58,0.05743,-1,-1,-1
511,-1,1393.87,450.78,47.73,200.55,0.05452,-1,-1,-1
511,-1,1347.80,440.34,196.22,210.81,0.05419,-1,-1,-1
512,-1,462.31,290.72,311.43,625.86,0.99933,-1,-1,-1
512,-1,680.34,336.94,192.52,468.51,0.99893,-1,-1,-1
512,-1,1831.47,430.05,72.33,195.58,0.99888,-1,-1,-1
512,-1,1558.71,403.29,86.42,266.11,0.99800,-1,-1,-1
512,-1,1347.25,435.27,79.79,226.04,0.99493,-1,-1,-1
512,-1,1411.56,432.36,94.22,228.65,0.99305,-1,-1,-1
512,-1,1637.99,442.99,63.60,199.07,0.98945,-1,-1,-1
512,-1,114.35,517.79,75.64,221.36,0.95566,-1,-1,-1
512,-1,1898.28,408.80,21.72,222.98,0.95458,-1,-1,-1
512,-1,1529.26,452.42,58.47,191.47,0.53990,-1,-1,-1
512,-1,1686.83,474.25,34.76,111.01,0.51348,-1,-1,-1
512,-1,1163.72,443.71,25.36,66.82,0.27531,-1,-1,-1
512,-1,85.30,440.88,112.91,317.41,0.26114,-1,-1,-1
512,-1,52.38,528.42,61.83,220.76,0.25573,-1,-1,-1
512,-1,1886.24,444.05,23.13,145.59,0.24749,-1,-1,-1
512,-1,1667.58,455.58,43.89,167.79,0.23361,-1,-1,-1
512,-1,141.02,431.67,51.67,88.52,0.19957,-1,-1,-1
512,-1,1900.69,426.37,17.65,71.29,0.18571,-1,-1,-1
512,-1,1900.46,429.04,17.39,135.48,0.18295,-1,-1,-1
512,-1,246.05,517.68,46.52,56.97,0.18228,-1,-1,-1
512,-1,970.89,508.91,40.50,126.66,0.12403,-1,-1,-1
512,-1,49.66,501.90,55.82,100.76,0.09896,-1,-1,-1
512,-1,1870.49,425.63,43.85,195.46,0.09806,-1,-1,-1
512,-1,1182.31,409.33,97.54,102.43,0.08408,-1,-1,-1
512,-1,649.77,379.54,124.62,418.73,0.08063,-1,-1,-1
512,-1,691.27,518.05,59.69,273.38,0.07306,-1,-1,-1
512,-1,811.87,618.16,14.69,18.66,0.05958,-1,-1,-1
512,-1,244.75,526.28,44.95,148.08,0.05444,-1,-1,-1
513,-1,484.05,284.01,293.13,621.35,0.99924,-1,-1,-1
513,-1,695.72,339.08,182.15,456.64,0.99891,-1,-1,-1
513,-1,1832.02,429.99,66.49,195.78,0.99743,-1,-1,-1
513,-1,1543.33,398.59,105.29,268.96,0.99674,-1,-1,-1
513,-1,1335.30,440.01,85.84,221.89,0.99640,-1,-1,-1
513,-1,1404.40,434.49,85.69,227.62,0.99423,-1,-1,-1
513,-1,1643.00,442.33,65.63,196.24,0.95706,-1,-1,-1
513,-1,1889.07,397.87,30.93,249.73,0.95495,-1,-1,-1
513,-1,114.05,462.95,80.69,280.39,0.93557,-1,-1,-1
513,-1,159.73,435.82,66.38,87.24,0.42676,-1,-1,-1
513,-1,835.52,535.09,29.14,75.42,0.40286,-1,-1,-1
513,-1,44.18,511.34,73.41,237.03,0.32955,-1,-1,-1
513,-1,590.79,287.79,254.84,562.71,0.32482,-1,-1,-1
513,-1,1659.84,444.27,60.10,146.82,0.31174,-1,-1,-1
513,-1,1684.88,468.48,35.87,99.63,0.29819,-1,-1,-1
513,-1,1538.12,428.73,65.47,214.40,0.24545,-1,-1,-1
513,-1,1163.32,445.46,25.58,66.67,0.22054,-1,-1,-1
513,-1,119.35,466.02,52.74,43.40,0.15012,-1,-1,-1
513,-1,47.10,503.18,59.91,108.46,0.09356,-1,-1,-1
513,-1,1181.97,408.98,100.68,102.44,0.08986,-1,-1,-1
513,-1,1389.23,443.54,44.10,212.83,0.08871,-1,-1,-1
513,-1,1403.54,455.38,23.63,163.38,0.08594,-1,-1,-1
513,-1,176.16,471.20,57.66,104.09,0.07391,-1,-1,-1
513,-1,72.45,556.65,44.37,194.56,0.06421,-1,-1,-1
513,-1,973.58,521.48,44.21,111.41,0.06091,-1,-1,-1
513,-1,133.30,435.63,89.88,236.30,0.06036,-1,-1,-1
513,-1,1893.56,415.04,24.79,71.06,0.05915,-1,-1,-1
513,-1,246.29,517.48,48.31,55.98,0.05729,-1,-1,-1
513,-1,25.18,521.79,77.13,164.82,0.05221,-1,-1,-1
514,-1,519.88,280.23,266.64,616.78,0.99887,-1,-1,-1
514,-1,708.91,335.42,166.37,463.02,0.99873,-1,-1,-1
514,-1,1399.90,431.56,78.29,232.45,0.99736,-1,-1,-1
514,-1,1559.86,405.34,92.32,265.24,0.99700,-1,-1,-1
514,-1,1832.52,428.95,63.93,196.70,0.99631,-1,-1,-1
514,-1,1320.32,441.45,96.04,216.57,0.99598,-1,-1,-1
514,-1,1644.38,439.41,68.48,199.99,0.96330,-1,-1,-1
514,-1,1886.40,389.81,33.60,264.22,0.94805,-1,-1,-1
514,-1,117.67,500.71,70.14,239.00,0.91009,-1,-1,-1
514,-1,1361.30,440.33,82.66,220.73,0.85044,-1,-1,-1
514,-1,1540.09,424.75,59.45,217.61,0.54490,-1,-1,-1
514,-1,1.56,542.12,59.69,125.64,0.53523,-1,-1,-1
514,-1,43.53,515.90,74.41,232.12,0.49534,-1,-1,-1
514,-1,163.69,429.90,64.91,138.21,0.47730,-1,-1,-1
514,-1,165.07,434.75,60.87,62.68,0.47303,-1,-1,-1
514,-1,975.25,531.17,51.77,114.67,0.45883,-1,-1,-1
514,-1,45.96,506.00,55.60,134.44,0.33526,-1,-1,-1
514,-1,838.67,536.53,36.85,78.15,0.31498,-1,-1,-1
514,-1,1859.92,401.12,55.17,230.33,0.28559,-1,-1,-1
514,-1,9.86,520.89,74.04,224.48,0.22763,-1,-1,-1
514,-1,69.41,561.29,52.44,184.61,0.22002,-1,-1,-1
514,-1,1680.05,454.71,41.66,145.85,0.18665,-1,-1,-1
514,-1,1873.08,374.42,44.13,146.08,0.16617,-1,-1,-1
514,-1,1397.77,451.39,28.02,136.39,0.14034,-1,-1,-1
514,-1,1384.88,441.45,43.50,207.73,0.13433,-1,-1,-1
514,-1,60.95,525.30,118.72,222.46,0.13400,-1,-1,-1
514,-1,1689.24,470.83,31.69,90.74,0.12489,-1,-1,-1
514,-1,1177.62,404.99,109.14,107.10,0.12221,-1,-1,-1
514,-1,44.25,436.90,172.06,367.03,0.07924,-1,-1,-1
514,-1,10.73,573.47,80.53,115.55,0.07881,-1,-1,-1
514,-1,121.07,552.12,65.93,97.87,0.05788,-1,-1,-1
515,-1,557.65,277.40,226.37,607.50,0.99919,-1,-1,-1
515,-1,1574.67,403.82,81.84,272.40,0.99909,-1,-1,-1
515,-1,717.77,334.40,158.28,471.11,0.99812,-1,-1,-1
515,-1,1395.86,435.09,69.79,224.20,0.99785,-1,-1,-1
515,-1,1312.36,440.46,100.32,217.36,0.99689,-1,-1,-1
515,-1,1831.79,427.44,64.85,197.89,0.99447,-1,-1,-1
515,-1,1647.45,436.01,68.04,203.12,0.97225,-1,-1,-1
515,-1,1882.41,384.21,37.59,260.97,0.95170,-1,-1,-1
515,-1,123.93,526.86,65.71,213.69,0.92539,-1,-1,-1
515,-1,1.25,541.50,53.12,127.20,0.83059,-1,-1,-1
515,-1,35.89,521.32,76.74,230.01,0.57700,-1,-1,-1
515,-1,844.61,536.79,29.57,76.67,0.57125,-1,-1,-1
515,-1,50.88,501.27,52.81,100.60,0.48111,-1,-1,-1
515,-1,67.86,557.07,52.69,195.62,0.31446,-1,-1,-1
515,-1,1692.05,473.97,30.89,105.11,0.27327,-1,-1,-1
515,-1,1678.00,449.63,48.62,147.34,0.21497,-1,-1,-1
515,-1,1374.18,442.61,61.92,214.73,0.21220,-1,-1,-1
515,-1,20.04,550.66,75.03,170.47,0.20882,-1,-1,-1
515,-1,5.70,537.49,64.71,229.75,0.20763,-1,-1,-1
515,-1,52.73,540.00,112.42,209.29,0.19974,-1,-1,-1
515,-1,134.64,446.14,99.88,283.24,0.19017,-1,-1,-1
515,-1,973.84,512.46,51.53,127.65,0.12027,-1,-1,-1
515,-1,718.85,493.36,64.16,298.77,0.11388,-1,-1,-1
515,-1,577.26,387.80,39.10,124.44,0.10666,-1,-1,-1
515,-1,1178.76,413.63,75.63,97.07,0.08689,-1,-1,-1
515,-1,1884.65,408.26,26.33,159.47,0.08648,-1,-1,-1
515,-1,158.35,435.94,79.15,125.09,0.08420,-1,-1,-1
515,-1,838.64,535.74,23.63,67.88,0.07463,-1,-1,-1
515,-1,47.55,531.43,71.01,126.85,0.06917,-1,-1,-1
515,-1,656.85,315.05,125.82,508.09,0.05812,-1,-1,-1
515,-1,50.30,436.44,173.60,362.17,0.05131,-1,-1,-1
516,-1,1580.42,403.28,81.63,273.03,0.99930,-1,-1,-1
516,-1,592.17,276.00,196.37,600.02,0.99907,-1,-1,-1
516,-1,1389.94,433.66,63.76,226.19,0.99781,-1,-1,-1
516,-1,737.90,342.47,127.07,453.39,0.99760,-1,-1,-1
516,-1,1304.46,434.41,108.61,225.25,0.99604,-1,-1,-1
516,-1,1649.43,439.79,66.28,200.00,0.98745,-1,-1,-1
516,-1,1834.32,425.18,67.48,202.15,0.98557,-1,-1,-1
516,-1,120.11,509.30,67.87,232.64,0.93541,-1,-1,-1
516,-1,1879.61,387.11,40.39,252.40,0.86017,-1,-1,-1
516,-1,0.65,541.75,50.07,126.21,0.83713,-1,-1,-1
516,-1,1900.23,384.32,19.77,290.02,0.77139,-1,-1,-1
516,-1,844.42,538.99,30.75,73.54,0.68665,-1,-1,-1
516,-1,46.55,504.12,54.13,97.03,0.65360,-1,-1,-1
516,-1,17.29,532.41,108.79,225.15,0.65228,-1,-1,-1
516,-1,62.57,547.24,57.02,208.16,0.50123,-1,-1,-1
516,-1,1875.07,384.07,33.93,112.46,0.42157,-1,-1,-1
516,-1,1602.63,411.19,94.44,244.01,0.34540,-1,-1,-1
516,-1,1180.45,397.51,103.13,115.27,0.27533,-1,-1,-1
516,-1,1676.02,449.78,47.27,160.95,0.26430,-1,-1,-1
516,-1,6.89,539.08,69.79,228.21,0.25403,-1,-1,-1
516,-1,42.78,511.28,63.90,170.03,0.25199,-1,-1,-1
516,-1,8.61,567.84,86.73,105.20,0.24633,-1,-1,-1
516,-1,18.34,559.72,35.33,90.73,0.17859,-1,-1,-1
516,-1,1888.47,393.36,22.08,138.69,0.15944,-1,-1,-1
516,-1,1160.45,395.59,51.39,118.28,0.09791,-1,-1,-1
516,-1,172.27,434.16,66.95,143.70,0.09109,-1,-1,-1
516,-1,1690.87,473.62,33.26,104.19,0.08556,-1,-1,-1
516,-1,10.92,541.67,70.02,96.39,0.08026,-1,-1,-1
516,-1,48.19,548.79,82.27,113.59,0.07689,-1,-1,-1
516,-1,975.57,515.35,52.38,118.80,0.07313,-1,-1,-1
516,-1,1879.21,410.14,27.05,154.79,0.07300,-1,-1,-1
516,-1,1842.93,434.71,36.77,176.33,0.05551,-1,-1,-1
517,-1,631.78,281.57,166.92,599.61,0.99939,-1,-1,-1
517,-1,1581.74,405.04,89.16,269.45,0.99822,-1,-1,-1
517,-1,748.08,343.96,123.15,443.69,0.99804,-1,-1,-1
517,-1,1386.55,433.89,68.44,225.74,0.99612,-1,-1,-1
517,-1,1300.13,429.25,115.18,233.83,0.99545,-1,-1,-1
517,-1,1652.67,441.46,66.33,200.26,0.99328,-1,-1,-1
517,-1,1840.93,429.21,56.05,193.63,0.97648,-1,-1,-1
517,-1,1876.76,388.37,43.24,261.70,0.92495,-1,-1,-1
517,-1,122.20,513.29,67.99,228.11,0.88183,-1,-1,-1
517,-1,1.44,544.67,42.46,114.56,0.74873,-1,-1,-1
517,-1,56.13,541.52,67.19,213.47,0.74542,-1,-1,-1
517,-1,44.38,505.58,55.86,98.68,0.64077,-1,-1,-1
517,-1,1173.58,394.39,118.13,116.51,0.43387,-1,-1,-1
517,-1,849.91,533.77,29.26,66.34,0.24487,-1,-1,-1
517,-1,15.82,517.38,78.89,235.37,0.23968,-1,-1,-1
517,-1,1870.67,381.99,47.16,144.17,0.22425,-1,-1,-1
517,-1,3.28,531.38,51.13,227.40,0.21363,-1,-1,-1
517,-1,8.33,570.15,79.82,111.40,0.13564,-1,-1,-1
517,-1,576.88,396.18,42.10,112.21,0.13201,-1,-1,-1
517,-1,696.24,329.98,147.07,502.85,0.12046,-1,-1,-1
517,-1,246.09,519.35,46.63,60.28,0.10977,-1,-1,-1
517,-1,1162.27,399.34,60.14,114.75,0.10862,-1,-1,-1
517,-1,1879.13,387.80,28.12,105.18,0.10106,-1,-1,-1
517,-1,1844.27,437.40,30.44,152.25,0.09530,-1,-1,-1
517,-1,20.82,514.67,69.22,119.47,0.08826,-1,-1,-1
517,-1,36.12,535.31,85.32,123.28,0.07918,-1,-1,-1
517,-1,183.34,437.84,61.83,143.85,0.07888,-1,-1,-1
517,-1,1900.57,407.99,19.15,237.14,0.07581,-1,-1,-1
517,-1,87.90,548.56,46.56,199.12,0.07005,-1,-1,-1
517,-1,982.09,516.78,51.36,124.13,0.05879,-1,-1,-1
517,-1,1875.47,412.79,29.01,141.89,0.05399,-1,-1,-1
518,-1,1584.99,412.84,88.89,262.87,0.99895,-1,-1,-1
518,-1,667.24,291.28,159.32,587.37,0.99885,-1,-1,-1
518,-1,760.76,347.23,116.34,452.99,0.99748,-1,-1,-1
518,-1,1378.52,441.60,81.51,222.18,0.99500,-1,-1,-1
518,-1,1852.50,384.63,63.12,245.78,0.98702,-1,-1,-1
518,-1,1657.53,442.60,58.55,197.95,0.98534,-1,-1,-1
518,-1,1306.76,441.54,95.00,219.20,0.98064,-1,-1,-1
518,-1,123.29,519.81,66.29,219.73,0.91366,-1,-1,-1
518,-1,1883.22,393.10,36.78,257.33,0.90014,-1,-1,-1
518,-1,52.95,543.09,69.82,214.26,0.73206,-1,-1,-1
518,-1,1.07,551.58,41.52,119.88,0.72347,-1,-1,-1
518,-1,1840.02,422.72,53.67,198.98,0.65556,-1,-1,-1
518,-1,1340.14,446.61,90.58,216.41,0.59877,-1,-1,-1
518,-1,1374.55,439.21,46.19,212.86,0.48332,-1,-1,-1
518,-1,44.61,504.53,57.04,94.52,0.35852,-1,-1,-1
518,-1,24.23,560.13,82.98,171.59,0.29126,-1,-1,-1
518,-1,1621.27,415.30,85.99,239.52,0.25675,-1,-1,-1
518,-1,576.12,396.86,43.12,112.17,0.22294,-1,-1,-1
518,-1,1423.56,474.54,51.15,170.22,0.16202,-1,-1,-1
518,-1,45.94,520.20,62.11,154.89,0.15478,-1,-1,-1
518,-1,2.34,544.35,50.78,218.24,0.14891,-1,-1,-1
518,-1,1430.68,463.34,28.81,135.00,0.13988,-1,-1,-1
518,-1,1178.01,396.14,104.79,116.97,0.12111,-1,-1,-1
518,-1,1162.52,395.43,54.37,118.12,0.12090,-1,-1,-1
518,-1,1847.18,430.60,34.10,121.55,0.11891,-1,-1,-1
518,-1,1855.51,384.15,56.41,138.01,0.10885,-1,-1,-1
518,-1,1176.37,439.33,27.08,71.98,0.09285,-1,-1,-1
518,-1,975.45,526.25,37.34,89.10,0.09045,-1,-1,-1
518,-1,245.79,519.09,47.34,58.71,0.08811,-1,-1,-1
518,-1,1422.05,458.45,21.85,29.11,0.07576,-1,-1,-1
519,-1,1586.94,417.52,88.29,258.54,0.99912,-1,-1,-1
519,-1,681.73,287.87,154.80,589.77,0.99838,-1,-1,-1
519,-1,765.84,344.82,122.05,458.82,0.99702,-1,-1,-1
519,-1,1373.62,442.25,81.70,216.60,0.99212,-1,-1,-1
519,-1,1843.94,386.22,73.53,243.74,0.99162,-1,-1,-1
519,-1,1661.30,446.46,60.22,196.17,0.98985,-1,-1,-1
519,-1,1310.37,443.89,68.34,210.91,0.97590,-1,-1,-1
519,-1,122.43,533.40,67.26,206.82,0.93960,-1,-1,-1
519,-1,1413.08,454.93,52.89,198.53,0.91655,-1,-1,-1
519,-1,1881.81,391.52,38.19,271.91,0.82975,-1,-1,-1
519,-1,4.68,571.12,42.60,97.57,0.67291,-1,-1,-1
519,-1,54.23,553.62,72.68,199.41,0.66340,-1,-1,-1
519,-1,1425.52,460.52,36.92,132.22,0.57785,-1,-1,-1
519,-1,29.92,566.71,73.41,183.51,0.37253,-1,-1,-1
519,-1,1367.41,438.69,44.49,219.18,0.34662,-1,-1,-1
519,-1,1178.01,437.47,32.95,72.89,0.28747,-1,-1,-1
519,-1,46.44,502.84,54.04,94.34,0.22482,-1,-1,-1
519,-1,1165.68,399.63,50.72,112.84,0.20395,-1,-1,-1
519,-1,1178.54,390.68,76.64,123.53,0.12124,-1,-1,-1
519,-1,1657.57,454.47,19.37,28.90,0.11626,-1,-1,-1
519,-1,5.87,575.29,44.21,196.79,0.09093,-1,-1,-1
519,-1,246.35,521.92,43.08,52.13,0.07456,-1,-1,-1
519,-1,20.88,587.61,71.53,109.35,0.06354,-1,-1,-1
519,-1,972.61,517.13,42.95,100.35,0.05793,-1,-1,-1
519,-1,575.33,395.50,43.35,127.38,0.05522,-1,-1,-1
520,-1,1590.53,418.35,85.30,258.57,0.99888,-1,-1,-1
520,-1,688.44,277.65,157.88,596.77,0.99834,-1,-1,-1
520,-1,771.18,341.00,116.14,468.80,0.99684,-1,-1,-1
520,-1,1839.61,384.67,78.36,247.83,0.99473,-1,-1,-1
520,-1,1660.51,446.61,64.66,197.14,0.99406,-1,-1,-1
520,-1,1372.23,437.67,80.94,222.35,0.99197,-1,-1,-1
520,-1,1306.39,438.20,74.91,218.47,0.98036,-1,-1,-1
520,-1,1423.02,452.26,49.55,192.66,0.97085,-1,-1,-1
520,-1,122.43,534.94,67.19,205.72,0.93085,-1,-1,-1
520,-1,22.25,543.31,101.52,212.02,0.79105,-1,-1,-1
520,-1,1881.30,379.81,38.70,292.68,0.76346,-1,-1,-1
520,-1,0.75,547.35,38.67,123.38,0.51462,-1,-1,-1
520,-1,44.30,502.90,57.88,96.33,0.39048,-1,-1,-1
520,-1,1179.60,427.96,34.52,81.54,0.34041,-1,-1,-1
520,-1,1345.50,446.16,61.72,204.11,0.28215,-1,-1,-1
520,-1,971.94,519.11,38.83,99.70,0.27614,-1,-1,-1
520,-1,1004.43,507.74,37.95,149.18,0.27401,-1,-1,-1
520,-1,1658.32,453.66,19.43,30.64,0.26185,-1,-1,-1
520,-1,1423.96,455.05,33.06,140.14,0.22960,-1,-1,-1
520,-1,7.70,570.98,81.60,108.16,0.21857,-1,-1,-1
520,-1,1687.79,445.42,54.46,152.94,0.19506,-1,-1,-1
520,-1,39.08,510.02,67.23,165.12,0.14328,-1,-1,-1
520,-1,2.05,553.37,55.20,191.40,0.13532,-1,-1,-1
520,-1,80.32,552.65,51.69,192.28,0.12835,-1,-1,-1
520,-1,1179.55,395.81,78.07,117.91,0.12712,-1,-1,-1
520,-1,1169.69,399.79,51.87,110.36,0.11557,-1,-1,-1
520,-1,1714.99,529.53,25.93,60.52,0.05716,-1,-1,-1
521,-1,1596.39,417.21,84.05,256.60,0.99863,-1,-1,-1
521,-1,695.99,294.18,220.50,576.54,0.99825,-1,-1,-1
521,-1,1837.81,384.90,81.31,273.46,0.99480,-1,-1,-1
521,-1,1367.06,443.77,80.98,210.33,0.99461,-1,-1,-1
521,-1,1422.05,454.68,59.04,196.53,0.99406,-1,-1,-1
521,-1,1662.98,443.58,66.56,198.14,0.99398,-1,-1,-1
521,-1,1303.41,444.08,69.12,213.88,0.98726,-1,-1,-1
521,-1,123.07,536.45,67.97,202.96,0.94459,-1,-1,-1
521,-1,795.29,340.48,100.74,352.10,0.91181,-1,-1,-1
521,-1,26.42,548.45,85.35,199.28,0.78273,-1,-1,-1
521,-1,1881.40,397.85,38.60,283.61,0.70110,-1,-1,-1
521,-1,969.34,523.28,41.54,93.62,0.62183,-1,-1,-1
521,-1,0.91,568.81,35.50,104.71,0.58371,-1,-1,-1
521,-1,739.62,295.87,131.39,481.60,0.51631,-1,-1,-1
521,-1,43.29,503.82,61.77,101.45,0.40551,-1,-1,-1
521,-1,1185.28,440.68,30.62,67.37,0.28427,-1,-1,-1
521,-1,48.22,540.04,106.14,210.33,0.26770,-1,-1,-1
521,-1,1659.22,452.63,17.01,28.58,0.24119,-1,-1,-1
521,-1,13.01,584.09,90.76,103.42,0.20391,-1,-1,-1
521,-1,72.40,555.63,55.10,195.16,0.19038,-1,-1,-1
521,-1,1355.72,440.90,50.39,207.16,0.11885,-1,-1,-1
521,-1,0.94,544.62,51.55,211.61,0.10917,-1,-1,-1
521,-1,21.75,510.94,80.22,136.65,0.10211,-1,-1,-1
521,-1,1333.51,445.59,54.42,202.66,0.09852,-1,-1,-1
521,-1,971.68,521.40,53.19,189.92,0.08322,-1,-1,-1
521,-1,1166.21,399.64,50.28,112.00,0.07751,-1,-1,-1
521,-1,738.51,282.84,102.32,270.17,0.07729,-1,-1,-1
521,-1,574.03,394.70,44.41,116.71,0.07021,-1,-1,-1
521,-1,821.00,387.51,77.24,237.71,0.06929,-1,-1,-1
521,-1,1703.10,444.97,43.43,152.48,0.06693,-1,-1,-1
521,-1,1716.93,530.91,26.24,57.80,0.06348,-1,-1,-1
521,-1,14.91,539.10,71.71,88.58,0.05793,-1,-1,-1
521,-1,1676.83,449.09,25.29,28.55,0.05232,-1,-1,-1
522,-1,695.87,296.28,250.56,570.59,0.99900,-1,-1,-1
522,-1,1601.12,417.52,81.51,251.93,0.99849,-1,-1,-1
522,-1,1836.78,381.65,82.91,296.38,0.99665,-1,-1,-1
522,-1,1359.01,443.27,94.41,209.77,0.99472,-1,-1,-1
522,-1,1427.17,456.61,62.65,193.34,0.99295,-1,-1,-1
522,-1,1299.97,442.55,66.75,213.92,0.98645,-1,-1,-1
522,-1,1663.60,443.73,67.62,195.41,0.98634,-1,-1,-1
522,-1,120.04,532.10,72.99,208.71,0.92767,-1,-1,-1
522,-1,801.43,328.78,97.66,314.82,0.85601,-1,-1,-1
522,-1,26.87,554.31,84.05,195.18,0.84457,-1,-1,-1
522,-1,964.89,517.47,41.02,99.08,0.70630,-1,-1,-1
522,-1,1.46,571.04,32.14,100.83,0.66120,-1,-1,-1
522,-1,900.75,527.36,55.19,117.76,0.65176,-1,-1,-1
522,-1,777.89,339.84,153.84,440.44,0.58479,-1,-1,-1
522,-1,45.02,502.32,59.60,98.54,0.51904,-1,-1,-1
522,-1,1181.96,420.53,38.65,89.59,0.28201,-1,-1,-1
522,-1,25.12,510.17,77.68,173.95,0.26715,-1,-1,-1
522,-1,1661.77,450.85,17.89,32.12,0.25152,-1,-1,-1
522,-1,829.44,398.26,68.43,221.90,0.23943,-1,-1,-1
522,-1,70.45,552.86,55.56,196.58,0.23274,-1,-1,-1
522,-1,1881.30,395.41,38.70,290.86,0.18540,-1,-1,-1
522,-1,1191.49,395.18,60.77,116.92,0.13959,-1,-1,-1
522,-1,730.07,295.01,153.26,391.64,0.11196,-1,-1,-1
522,-1,1.75,550.97,47.67,180.12,0.10367,-1,-1,-1
522,-1,1006.37,501.36,35.99,192.19,0.09222,-1,-1,-1
522,-1,970.44,519.79,52.27,191.80,0.08861,-1,-1,-1
522,-1,7.83,506.16,65.45,247.81,0.08754,-1,-1,-1
522,-1,1705.92,438.86,39.35,155.57,0.08531,-1,-1,-1
522,-1,37.69,521.33,118.58,223.73,0.06689,-1,-1,-1
522,-1,1332.34,442.54,59.52,207.74,0.06639,-1,-1,-1
522,-1,0.00,460.34,38.99,109.32,0.06615,-1,-1,-1
523,-1,700.22,301.68,270.28,550.70,0.99903,-1,-1,-1
523,-1,1605.09,416.02,84.12,245.99,0.99781,-1,-1,-1
523,-1,1349.31,444.46,99.14,209.25,0.99699,-1,-1,-1
523,-1,1838.05,383.33,81.95,295.78,0.99592,-1,-1,-1
523,-1,1432.54,455.53,65.58,194.32,0.99570,-1,-1,-1
523,-1,1294.23,440.17,60.46,215.73,0.99485,-1,-1,-1
523,-1,1672.34,447.50,60.99,189.40,0.97077,-1,-1,-1
523,-1,119.63,527.38,74.02,213.49,0.91653,-1,-1,-1
523,-1,958.66,512.64,47.44,106.11,0.78582,-1,-1,-1
523,-1,30.50,540.86,85.61,207.20,0.77959,-1,-1,-1
523,-1,834.26,383.50,68.92,202.98,0.64008,-1,-1,-1
523,-1,900.44,526.31,55.20,117.10,0.45218,-1,-1,-1
523,-1,0.07,571.48,28.68,98.89,0.43125,-1,-1,-1
523,-1,1185.53,422.97,36.05,86.81,0.41477,-1,-1,-1
523,-1,46.00,501.66,57.95,104.15,0.28428,-1,-1,-1
523,-1,1314.36,440.35,64.07,213.37,0.24085,-1,-1,-1
523,-1,22.39,573.15,86.57,111.05,0.23110,-1,-1,-1
523,-1,68.50,552.70,58.11,196.02,0.20763,-1,-1,-1
523,-1,788.87,655.92,74.63,138.66,0.18521,-1,-1,-1
523,-1,741.99,304.57,164.37,399.98,0.17446,-1,-1,-1
523,-1,966.02,524.01,56.09,186.50,0.15020,-1,-1,-1
523,-1,1165.57,398.07,47.86,115.24,0.12940,-1,-1,-1
523,-1,1669.80,527.75,55.29,112.42,0.10494,-1,-1,-1
523,-1,821.66,343.93,104.90,344.50,0.09480,-1,-1,-1
523,-1,1347.06,444.16,43.76,204.59,0.08329,-1,-1,-1
523,-1,1193.76,399.48,63.36,113.39,0.07863,-1,-1,-1
523,-1,1707.88,432.87,37.41,156.62,0.07307,-1,-1,-1
523,-1,79.67,455.39,124.49,295.29,0.07224,-1,-1,-1
523,-1,1009.24,500.44,37.05,192.68,0.07126,-1,-1,-1
523,-1,1601.96,412.50,42.00,222.40,0.06774,-1,-1,-1
523,-1,0.00,461.94,39.50,106.86,0.06317,-1,-1,-1
523,-1,1823.70,422.19,60.95,197.34,0.06172,-1,-1,-1
523,-1,801.11,315.52,104.92,267.71,0.05956,-1,-1,-1
523,-1,1422.49,460.67,50.14,167.39,0.05689,-1,-1,-1
524,-1,699.25,303.81,273.28,547.06,0.99906,-1,-1,-1
524,-1,1607.11,407.61,81.28,253.65,0.99824,-1,-1,-1
524,-1,1344.13,439.48,97.50,215.65,0.99813,-1,-1,-1
524,-1,1431.59,452.46,78.86,194.97,0.99734,-1,-1,-1
524,-1,1289.33,435.43,59.36,220.66,0.99482,-1,-1,-1
524,-1,1833.33,379.00,85.98,303.81,0.99354,-1,-1,-1
524,-1,1672.92,440.96,61.89,197.40,0.99215,-1,-1,-1
524,-1,119.88,516.85,78.43,223.23,0.89537,-1,-1,-1
524,-1,30.23,527.82,83.44,219.68,0.78966,-1,-1,-1
524,-1,956.96,517.18,47.23,101.00,0.73611,-1,-1,-1
524,-1,848.08,386.78,52.33,194.29,0.68346,-1,-1,-1
524,-1,1188.36,428.68,34.28,79.26,0.41909,-1,-1,-1
524,-1,0.38,573.96,29.20,97.80,0.41785,-1,-1,-1
524,-1,21.45,572.09,87.00,104.78,0.29944,-1,-1,-1
524,-1,751.81,450.69,20.04,128.31,0.25880,-1,-1,-1
524,-1,51.26,503.14,54.91,114.79,0.25586,-1,-1,-1
524,-1,67.77,546.46,61.03,197.94,0.25542,-1,-1,-1
524,-1,824.02,324.72,80.73,256.89,0.23533,-1,-1,-1
524,-1,15.73,534.93,73.26,113.93,0.18972,-1,-1,-1
524,-1,1163.98,398.08,48.26,113.07,0.17956,-1,-1,-1
524,-1,1201.38,384.92,96.12,122.73,0.15865,-1,-1,-1
524,-1,750.24,317.76,161.05,403.94,0.15568,-1,-1,-1
524,-1,0.00,462.19,40.74,127.35,0.15095,-1,-1,-1
524,-1,1826.01,404.25,68.06,215.95,0.13575,-1,-1,-1
524,-1,1.18,548.83,47.68,188.62,0.11844,-1,-1,-1
524,-1,1709.82,429.82,36.75,161.81,0.10738,-1,-1,-1
524,-1,725.66,391.35,48.43,177.81,0.10728,-1,-1,-1
524,-1,46.24,519.40,124.44,229.88,0.10253,-1,-1,-1
524,-1,0.61,511.94,45.27,154.09,0.10035,-1,-1,-1
524,-1,1341.88,440.51,46.62,208.40,0.09367,-1,-1,-1
524,-1,9.24,492.60,81.73,230.44,0.07935,-1,-1,-1
524,-1,961.96,518.36,57.36,189.87,0.07152,-1,-1,-1
524,-1,1808.68,535.68,15.83,39.21,0.07061,-1,-1,-1
525,-1,701.12,305.74,276.09,555.03,0.99933,-1,-1,-1
525,-1,1428.43,452.71,101.04,198.06,0.99858,-1,-1,-1
525,-1,1608.00,405.08,81.60,257.94,0.99833,-1,-1,-1
525,-1,1342.61,440.50,96.58,216.77,0.99792,-1,-1,-1
525,-1,1285.95,433.79,62.43,220.34,0.99550,-1,-1,-1
525,-1,1830.63,379.33,87.84,305.22,0.99457,-1,-1,-1
525,-1,1675.01,440.10,64.02,197.94,0.98380,-1,-1,-1
525,-1,118.58,502.72,77.35,243.34,0.89209,-1,-1,-1
525,-1,955.64,517.68,45.63,99.44,0.80911,-1,-1,-1
525,-1,35.49,517.53,79.52,231.09,0.68571,-1,-1,-1
525,-1,752.47,425.80,34.84,192.92,0.59275,-1,-1,-1
525,-1,1384.57,449.31,89.73,202.71,0.48118,-1,-1,-1
525,-1,865.10,411.42,39.06,185.62,0.39506,-1,-1,-1
525,-1,53.15,501.35,52.89,105.81,0.28978,-1,-1,-1
525,-1,1702.90,427.91,46.34,162.03,0.19729,-1,-1,-1
525,-1,1822.41,402.50,54.21,209.53,0.17738,-1,-1,-1
525,-1,51.58,533.13,111.08,216.62,0.15353,-1,-1,-1
525,-1,1340.88,439.97,49.54,201.08,0.14976,-1,-1,-1
525,-1,30.94,508.43,71.51,133.91,0.14329,-1,-1,-1
525,-1,1189.03,425.61,34.08,81.69,0.13219,-1,-1,-1
525,-1,1189.73,394.14,55.93,114.13,0.11481,-1,-1,-1
525,-1,0.00,461.66,40.62,114.78,0.09629,-1,-1,-1
525,-1,5.97,481.32,86.33,242.70,0.08769,-1,-1,-1
525,-1,1159.95,394.73,48.92,116.88,0.07999,-1,-1,-1
525,-1,720.40,385.73,76.03,329.82,0.06671,-1,-1,-1
525,-1,1471.51,467.07,63.77,171.02,0.06626,-1,-1,-1
525,-1,727.83,402.66,59.46,198.55,0.06557,-1,-1,-1
525,-1,754.58,327.18,164.83,413.78,0.06554,-1,-1,-1
525,-1,705.29,350.26,166.41,453.19,0.06260,-1,-1,-1
525,-1,912.05,531.65,51.69,119.54,0.06125,-1,-1,-1
525,-1,1.41,534.12,44.72,153.40,0.06104,-1,-1,-1
525,-1,874.76,454.34,41.61,199.46,0.05141,-1,-1,-1
