1,-1,13.46,142.08,78.39,196.35,0.99946,-1,-1,-1
1,-1,120.05,156.22,82.63,175.83,0.99799,-1,-1,-1
1,-1,270.31,211.82,18.14,33.44,0.20080,-1,-1,-1
1,-1,7.99,158.58,43.98,160.92,0.12888,-1,-1,-1
1,-1,307.57,214.48,9.41,27.75,0.11369,-1,-1,-1
1,-1,265.50,208.71,13.84,37.94,0.09901,-1,-1,-1
2,-1,15.33,139.52,77.39,200.86,0.99951,-1,-1,-1
2,-1,120.65,158.48,76.92,174.11,0.99852,-1,-1,-1
2,-1,250.46,200.75,15.46,44.57,0.95770,-1,-1,-1
2,-1,266.56,203.69,15.07,41.89,0.94306,-1,-1,-1
2,-1,129.86,158.91,70.23,73.88,0.20090,-1,-1,-1
2,-1,272.40,207.57,15.84,37.03,0.18949,-1,-1,-1
2,-1,309.72,213.74,9.69,28.35,0.16951,-1,-1,-1
2,-1,259.77,204.76,12.06,38.32,0.12345,-1,-1,-1
2,-1,43.93,133.18,24.69,26.65,0.09622,-1,-1,-1
2,-1,7.42,153.74,43.88,166.05,0.08432,-1,-1,-1
2,-1,278.91,211.17,10.52,32.17,0.08361,-1,-1,-1
2,-1,263.91,207.20,10.54,37.89,0.08173,-1,-1,-1
2,-1,4.13,211.65,25.55,91.26,0.07684,-1,-1,-1
2,-1,288.87,215.12,7.50,24.12,0.07147,-1,-1,-1
2,-1,278.34,209.91,10.43,16.84,0.06433,-1,-1,-1
2,-1,253.79,207.63,8.62,39.84,0.06413,-1,-1,-1
3,-1,19.32,137.73,75.89,203.22,0.99944,-1,-1,-1
3,-1,130.41,150.81,65.06,185.95,0.99885,-1,-1,-1
3,-1,248.00,199.36,23.14,60.79,0.99169,-1,-1,-1
3,-1,269.65,201.34,21.62,43.15,0.93415,-1,-1,-1
3,-1,235.17,195.04,15.53,55.71,0.85334,-1,-1,-1
3,-1,246.05,187.46,14.10,29.92,0.54123,-1,-1,-1
3,-1,315.73,211.91,11.33,30.15,0.17436,-1,-1,-1
3,-1,272.34,203.37,14.91,27.30,0.16974,-1,-1,-1
3,-1,282.91,210.17,12.89,32.97,0.16198,-1,-1,-1
3,-1,247.31,187.15,12.64,15.40,0.15799,-1,-1,-1
3,-1,244.21,184.94,16.77,64.66,0.13343,-1,-1,-1
3,-1,285.37,210.40,8.48,14.32,0.12690,-1,-1,-1
3,-1,267.27,209.84,8.66,29.17,0.11804,-1,-1,-1
3,-1,249.16,195.81,15.89,23.45,0.11730,-1,-1,-1
3,-1,295.38,215.53,8.11,23.29,0.07814,-1,-1,-1
3,-1,243.51,203.79,13.34,53.88,0.06575,-1,-1,-1
3,-1,275.75,207.76,23.23,38.02,0.05805,-1,-1,-1
3,-1,57.49,143.52,35.30,56.63,0.05796,-1,-1,-1
3,-1,6.33,155.34,37.96,172.74,0.05643,-1,-1,-1
4,-1,28.21,144.26,72.51,197.89,0.99957,-1,-1,-1
4,-1,137.18,154.46,66.83,183.19,0.99871,-1,-1,-1
4,-1,254.52,197.95,24.75,63.98,0.97867,-1,-1,-1
4,-1,235.54,194.62,20.65,64.08,0.93741,-1,-1,-1
4,-1,277.80,201.16,23.46,42.54,0.79969,-1,-1,-1
4,-1,251.97,187.99,15.13,28.81,0.64655,-1,-1,-1
4,-1,66.76,152.65,30.77,43.22,0.63400,-1,-1,-1
4,-1,526.15,186.33,20.75,43.14,0.55219,-1,-1,-1
4,-1,321.10,211.86,11.97,31.86,0.45399,-1,-1,-1
4,-1,270.54,195.67,12.54,47.11,0.44817,-1,-1,-1
4,-1,78.07,158.81,19.16,34.09,0.36911,-1,-1,-1
4,-1,281.22,202.43,19.62,24.76,0.30842,-1,-1,-1
4,-1,253.11,187.79,13.44,14.90,0.24939,-1,-1,-1
4,-1,272.40,195.30,21.70,45.69,0.24559,-1,-1,-1
4,-1,252.42,188.25,15.82,65.48,0.22605,-1,-1,-1
4,-1,270.94,195.28,11.99,23.45,0.18297,-1,-1,-1
4,-1,263.46,195.99,25.99,54.76,0.17563,-1,-1,-1
4,-1,141.66,155.59,72.11,63.91,0.14114,-1,-1,-1
4,-1,17.01,157.09,37.58,162.26,0.10494,-1,-1,-1
4,-1,265.64,194.55,23.35,32.52,0.09579,-1,-1,-1
4,-1,317.42,206.22,12.70,35.77,0.08419,-1,-1,-1
4,-1,237.70,195.34,17.54,32.11,0.08078,-1,-1,-1
4,-1,224.70,191.49,17.03,55.77,0.06612,-1,-1,-1
4,-1,259.83,195.30,11.72,22.92,0.06346,-1,-1,-1
4,-1,55.94,147.54,44.43,87.72,0.05817,-1,-1,-1
4,-1,287.98,208.19,15.82,39.78,0.05809,-1,-1,-1
4,-1,150.63,155.98,39.61,39.83,0.05658,-1,-1,-1
4,-1,527.92,51.41,59.45,49.58,0.05307,-1,-1,-1
5,-1,30.67,142.94,79.59,208.09,0.99944,-1,-1,-1
5,-1,142.91,155.26,72.35,183.10,0.99807,-1,-1,-1
5,-1,264.92,200.76,22.99,63.36,0.98301,-1,-1,-1
5,-1,217.36,200.92,23.41,65.06,0.97232,-1,-1,-1
5,-1,243.42,195.86,21.81,68.31,0.95968,-1,-1,-1
5,-1,286.47,203.23,24.47,47.03,0.87403,-1,-1,-1
5,-1,329.48,213.52,12.46,30.48,0.71550,-1,-1,-1
5,-1,195.49,202.26,26.16,63.65,0.56861,-1,-1,-1
5,-1,223.93,198.96,30.09,67.00,0.47014,-1,-1,-1
5,-1,262.13,189.07,13.94,27.90,0.36572,-1,-1,-1
5,-1,297.07,203.51,13.45,19.21,0.33593,-1,-1,-1
5,-1,540.84,188.11,17.79,34.37,0.26426,-1,-1,-1
5,-1,526.88,188.90,29.58,41.27,0.24475,-1,-1,-1
5,-1,556.60,191.31,18.87,28.69,0.23956,-1,-1,-1
5,-1,65.84,148.76,39.87,55.45,0.23804,-1,-1,-1
5,-1,234.60,208.90,24.21,54.52,0.18838,-1,-1,-1
5,-1,173.25,156.02,47.34,115.86,0.17336,-1,-1,-1
5,-1,285.11,202.60,20.06,24.71,0.17261,-1,-1,-1
5,-1,276.66,202.90,28.74,53.41,0.15419,-1,-1,-1
5,-1,231.16,203.08,17.87,47.10,0.10493,-1,-1,-1
5,-1,152.71,156.39,68.55,66.37,0.10362,-1,-1,-1
5,-1,227.13,203.81,15.29,48.74,0.07505,-1,-1,-1
5,-1,205.55,196.45,20.29,66.08,0.06993,-1,-1,-1
5,-1,242.72,197.41,20.69,34.42,0.06067,-1,-1,-1
5,-1,215.59,201.41,15.10,60.48,0.05885,-1,-1,-1
5,-1,285.33,203.50,14.31,14.26,0.05749,-1,-1,-1
5,-1,234.30,218.79,14.29,23.42,0.05198,-1,-1,-1
5,-1,217.21,202.32,21.37,35.66,0.05003,-1,-1,-1
5,-1,16.86,170.48,35.17,154.51,0.05002,-1,-1,-1
6,-1,34.85,135.87,80.36,218.62,0.99964,-1,-1,-1
6,-1,146.08,155.40,83.17,185.87,0.99953,-1,-1,-1
6,-1,270.85,200.79,24.43,63.38,0.98768,-1,-1,-1
6,-1,222.90,202.14,23.72,63.30,0.98625,-1,-1,-1
6,-1,249.21,195.55,22.99,69.56,0.94547,-1,-1,-1
6,-1,293.85,203.96,16.14,45.99,0.88717,-1,-1,-1
6,-1,310.96,201.22,28.35,48.40,0.77614,-1,-1,-1
6,-1,267.68,187.81,15.17,31.80,0.40084,-1,-1,-1
6,-1,239.72,204.26,25.09,59.38,0.34335,-1,-1,-1
6,-1,324.08,199.80,19.62,46.07,0.28968,-1,-1,-1
6,-1,74.63,146.75,36.04,53.85,0.24722,-1,-1,-1
6,-1,539.71,187.51,28.37,33.16,0.23745,-1,-1,-1
6,-1,566.85,190.48,21.19,25.12,0.22294,-1,-1,-1
6,-1,309.23,200.12,27.85,26.38,0.20397,-1,-1,-1
6,-1,241.93,205.60,13.52,34.70,0.19489,-1,-1,-1
6,-1,336.73,209.87,11.70,34.04,0.17616,-1,-1,-1
6,-1,208.37,201.22,14.94,49.59,0.17579,-1,-1,-1
6,-1,297.38,204.09,26.55,43.71,0.12428,-1,-1,-1
6,-1,325.09,206.89,13.40,30.69,0.11973,-1,-1,-1
6,-1,328.73,200.48,9.30,18.01,0.11954,-1,-1,-1
6,-1,282.50,202.57,14.51,46.08,0.11617,-1,-1,-1
6,-1,295.44,205.65,18.39,26.94,0.09740,-1,-1,-1
6,-1,553.70,50.98,54.56,50.60,0.09081,-1,-1,-1
6,-1,317.07,207.25,12.37,43.74,0.07655,-1,-1,-1
6,-1,324.74,202.03,12.89,22.69,0.07329,-1,-1,-1
6,-1,314.88,202.01,19.80,17.60,0.07193,-1,-1,-1
6,-1,22.57,231.51,24.99,81.14,0.06690,-1,-1,-1
6,-1,209.56,217.17,9.68,32.75,0.06228,-1,-1,-1
6,-1,26.54,159.55,41.46,184.83,0.05705,-1,-1,-1
6,-1,304.00,202.42,25.03,29.74,0.05660,-1,-1,-1
6,-1,288.66,207.10,10.29,41.82,0.05589,-1,-1,-1
7,-1,149.05,151.00,85.35,191.77,0.99977,-1,-1,-1
7,-1,38.25,133.71,80.88,219.78,0.99956,-1,-1,-1
7,-1,227.86,197.37,24.73,66.80,0.98743,-1,-1,-1
7,-1,275.36,200.33,25.36,63.81,0.98658,-1,-1,-1
7,-1,338.96,199.64,27.54,48.44,0.96916,-1,-1,-1
7,-1,256.61,196.80,21.66,65.76,0.95967,-1,-1,-1
7,-1,299.20,204.65,14.79,43.52,0.91138,-1,-1,-1
7,-1,349.26,197.39,18.24,41.78,0.89290,-1,-1,-1
7,-1,76.77,140.02,40.27,73.62,0.78661,-1,-1,-1
7,-1,74.72,139.37,42.08,154.69,0.78198,-1,-1,-1
7,-1,352.13,196.45,13.89,26.61,0.56445,-1,-1,-1
7,-1,306.57,208.36,12.66,38.31,0.28614,-1,-1,-1
7,-1,247.39,208.36,21.60,54.11,0.26651,-1,-1,-1
7,-1,294.53,206.87,10.43,39.70,0.24154,-1,-1,-1
7,-1,312.21,208.94,11.24,36.92,0.23832,-1,-1,-1
7,-1,221.76,216.24,10.11,29.21,0.21989,-1,-1,-1
7,-1,342.23,200.81,19.15,32.48,0.16104,-1,-1,-1
7,-1,271.04,200.10,19.36,60.24,0.15787,-1,-1,-1
7,-1,216.65,220.28,7.88,27.78,0.13730,-1,-1,-1
7,-1,238.46,196.58,35.83,68.61,0.11438,-1,-1,-1
7,-1,257.31,198.64,19.16,36.79,0.10114,-1,-1,-1
7,-1,219.01,199.32,17.63,51.53,0.09290,-1,-1,-1
7,-1,47.40,139.71,67.42,98.10,0.08964,-1,-1,-1
7,-1,357.42,198.97,11.28,29.81,0.08678,-1,-1,-1
7,-1,336.68,200.94,17.66,31.50,0.07088,-1,-1,-1
7,-1,324.22,216.02,7.71,22.67,0.06364,-1,-1,-1
7,-1,251.56,204.75,8.37,27.86,0.06212,-1,-1,-1
7,-1,315.00,209.32,7.60,14.83,0.05565,-1,-1,-1
7,-1,208.96,224.46,6.97,16.10,0.05317,-1,-1,-1
7,-1,23.73,232.05,23.84,79.15,0.05265,-1,-1,-1
7,-1,560.50,185.52,15.89,29.36,0.05260,-1,-1,-1
8,-1,153.91,151.57,85.99,194.52,0.99977,-1,-1,-1
8,-1,40.77,132.58,82.72,224.44,0.99949,-1,-1,-1
8,-1,235.22,200.98,26.37,65.28,0.98617,-1,-1,-1
8,-1,361.85,199.31,31.53,51.58,0.97715,-1,-1,-1
8,-1,283.27,203.04,25.22,62.71,0.97670,-1,-1,-1
8,-1,263.82,197.88,21.63,66.74,0.96409,-1,-1,-1
8,-1,306.29,207.38,13.85,42.64,0.88917,-1,-1,-1
8,-1,322.90,213.64,10.35,32.45,0.43477,-1,-1,-1
8,-1,312.18,208.19,12.55,40.62,0.43403,-1,-1,-1
8,-1,373.76,199.40,23.64,44.35,0.30790,-1,-1,-1
8,-1,223.35,227.37,8.97,22.98,0.25996,-1,-1,-1
8,-1,378.66,200.08,14.07,28.17,0.25376,-1,-1,-1
8,-1,317.71,210.41,10.97,36.98,0.23629,-1,-1,-1
8,-1,363.80,200.94,22.64,34.79,0.22601,-1,-1,-1
8,-1,331.47,216.81,8.50,29.78,0.22333,-1,-1,-1
8,-1,302.63,208.52,9.20,40.67,0.16824,-1,-1,-1
8,-1,257.69,208.23,9.29,27.94,0.12599,-1,-1,-1
8,-1,230.41,219.36,8.89,28.55,0.08890,-1,-1,-1
8,-1,256.32,203.06,19.28,60.36,0.08482,-1,-1,-1
8,-1,227.69,223.45,8.41,25.46,0.06332,-1,-1,-1
8,-1,349.96,214.34,10.64,27.83,0.06277,-1,-1,-1
8,-1,381.22,199.24,9.85,10.17,0.06163,-1,-1,-1
8,-1,251.44,203.14,15.60,50.48,0.05927,-1,-1,-1
8,-1,372.30,200.75,18.14,22.04,0.05864,-1,-1,-1
8,-1,318.03,212.23,20.94,35.50,0.05863,-1,-1,-1
8,-1,250.87,203.65,11.20,34.29,0.05859,-1,-1,-1
8,-1,74.78,129.78,33.57,23.62,0.05784,-1,-1,-1
8,-1,304.91,210.83,30.82,37.38,0.05702,-1,-1,-1
8,-1,145.89,155.16,50.78,182.09,0.05056,-1,-1,-1
9,-1,158.05,149.77,88.81,197.88,0.99972,-1,-1,-1
9,-1,42.95,135.10,86.59,221.55,0.99916,-1,-1,-1
9,-1,240.80,202.80,25.47,63.29,0.98375,-1,-1,-1
9,-1,289.38,201.60,23.59,64.45,0.97370,-1,-1,-1
9,-1,269.67,198.09,21.84,67.43,0.96253,-1,-1,-1
9,-1,387.97,202.97,30.48,48.02,0.93243,-1,-1,-1
9,-1,311.05,206.98,12.89,43.31,0.86063,-1,-1,-1
9,-1,337.51,217.15,8.07,29.40,0.54228,-1,-1,-1
9,-1,285.06,188.89,15.66,32.24,0.49817,-1,-1,-1
9,-1,317.98,207.10,12.64,42.07,0.47812,-1,-1,-1
9,-1,390.94,200.38,23.80,34.03,0.44943,-1,-1,-1
9,-1,284.99,192.45,17.14,67.59,0.42590,-1,-1,-1
9,-1,307.65,205.97,10.39,44.47,0.30587,-1,-1,-1
9,-1,228.38,215.25,9.59,34.10,0.28141,-1,-1,-1
9,-1,326.58,212.69,11.82,34.41,0.27073,-1,-1,-1
9,-1,253.73,204.40,23.95,60.06,0.26866,-1,-1,-1
9,-1,605.45,200.31,30.18,22.19,0.21547,-1,-1,-1
9,-1,322.42,209.97,11.45,37.25,0.19755,-1,-1,-1
9,-1,397.48,200.29,17.11,23.73,0.18804,-1,-1,-1
9,-1,356.86,216.81,10.40,30.80,0.18478,-1,-1,-1
9,-1,73.29,135.86,66.92,140.76,0.17121,-1,-1,-1
9,-1,365.30,217.14,7.76,28.45,0.13967,-1,-1,-1
9,-1,387.05,204.98,19.11,32.67,0.13355,-1,-1,-1
9,-1,235.75,217.98,9.80,27.81,0.12087,-1,-1,-1
9,-1,265.63,206.02,8.06,31.12,0.11588,-1,-1,-1
9,-1,298.02,202.59,16.11,49.96,0.09845,-1,-1,-1
9,-1,289.42,201.52,11.85,43.09,0.08535,-1,-1,-1
9,-1,227.21,208.24,16.20,42.18,0.08412,-1,-1,-1
9,-1,286.50,188.77,12.62,19.39,0.08184,-1,-1,-1
9,-1,320.11,206.15,12.53,25.48,0.06840,-1,-1,-1
9,-1,324.88,214.06,23.45,33.44,0.05214,-1,-1,-1
9,-1,314.99,207.35,8.85,24.30,0.05062,-1,-1,-1
10,-1,48.67,136.59,88.04,220.05,0.99955,-1,-1,-1
10,-1,167.44,145.87,87.39,201.14,0.99951,-1,-1,-1
10,-1,251.49,202.36,24.03,63.21,0.98413,-1,-1,-1
10,-1,422.81,200.00,29.98,53.18,0.98244,-1,-1,-1
10,-1,141.61,193.01,23.72,72.56,0.97167,-1,-1,-1
10,-1,297.60,200.84,24.62,65.79,0.96120,-1,-1,-1
10,-1,278.60,197.80,23.09,67.32,0.95845,-1,-1,-1
10,-1,318.19,204.63,13.78,45.56,0.85100,-1,-1,-1
10,-1,322.36,203.65,19.44,46.31,0.83504,-1,-1,-1
10,-1,365.30,215.53,11.49,29.77,0.63444,-1,-1,-1
10,-1,597.95,200.68,28.73,21.18,0.55091,-1,-1,-1
10,-1,294.16,190.91,18.48,71.39,0.47845,-1,-1,-1
10,-1,374.12,216.69,9.05,28.25,0.39503,-1,-1,-1
10,-1,295.33,187.72,16.80,33.27,0.36781,-1,-1,-1
10,-1,348.03,218.15,7.35,25.52,0.30594,-1,-1,-1
10,-1,242.34,221.54,9.12,25.96,0.28159,-1,-1,-1
10,-1,576.79,197.10,54.58,26.19,0.25994,-1,-1,-1
10,-1,577.57,201.43,23.39,21.46,0.23825,-1,-1,-1
10,-1,245.26,219.34,8.86,26.85,0.17143,-1,-1,-1
10,-1,273.43,205.53,9.12,31.19,0.16904,-1,-1,-1
10,-1,259.10,204.26,24.50,58.86,0.16697,-1,-1,-1
10,-1,308.42,199.94,15.79,56.25,0.15273,-1,-1,-1
10,-1,161.33,217.50,13.48,48.00,0.14030,-1,-1,-1
10,-1,271.33,204.73,17.00,58.00,0.13399,-1,-1,-1
10,-1,324.34,204.09,19.46,24.74,0.12239,-1,-1,-1
10,-1,153.23,201.74,20.77,64.30,0.11184,-1,-1,-1
10,-1,109.84,154.83,29.15,80.78,0.10000,-1,-1,-1
10,-1,239.54,223.14,8.02,24.64,0.09949,-1,-1,-1
10,-1,236.40,224.93,8.84,23.84,0.09802,-1,-1,-1
10,-1,435.91,199.73,16.31,47.46,0.09134,-1,-1,-1
10,-1,336.95,212.78,11.06,32.16,0.07313,-1,-1,-1
10,-1,368.71,215.62,17.08,30.52,0.06612,-1,-1,-1
10,-1,264.55,207.93,12.77,39.08,0.06367,-1,-1,-1
10,-1,275.21,204.61,11.59,40.66,0.06233,-1,-1,-1
11,-1,172.39,145.61,91.20,203.15,0.99955,-1,-1,-1
11,-1,54.96,132.62,84.40,225.38,0.99897,-1,-1,-1
11,-1,257.37,199.07,24.58,66.69,0.98417,-1,-1,-1
11,-1,304.14,201.15,23.29,64.64,0.97663,-1,-1,-1
11,-1,284.72,198.00,23.77,68.48,0.97354,-1,-1,-1
11,-1,142.71,193.22,30.01,73.27,0.93560,-1,-1,-1
11,-1,325.74,204.61,13.92,45.94,0.91353,-1,-1,-1
11,-1,448.27,198.57,27.70,27.87,0.85140,-1,-1,-1
11,-1,445.79,197.57,30.15,51.79,0.73307,-1,-1,-1
11,-1,355.41,218.47,7.58,26.11,0.70370,-1,-1,-1
11,-1,585.34,203.53,25.16,18.75,0.61981,-1,-1,-1
11,-1,329.98,202.64,15.82,47.02,0.52776,-1,-1,-1
11,-1,371.98,214.73,11.55,31.97,0.45643,-1,-1,-1
11,-1,141.90,205.75,19.07,58.18,0.44022,-1,-1,-1
11,-1,167.67,220.18,15.54,44.52,0.43295,-1,-1,-1
11,-1,302.27,188.65,17.65,32.40,0.39332,-1,-1,-1
11,-1,299.02,195.63,20.95,65.67,0.23959,-1,-1,-1
11,-1,272.25,202.15,22.08,61.59,0.23149,-1,-1,-1
11,-1,320.53,202.14,11.73,50.04,0.15449,-1,-1,-1
11,-1,345.80,214.11,9.26,28.66,0.13232,-1,-1,-1
11,-1,139.24,217.74,12.99,45.18,0.12387,-1,-1,-1
11,-1,305.19,194.94,13.82,37.58,0.11553,-1,-1,-1
11,-1,251.66,217.15,8.81,29.04,0.11543,-1,-1,-1
11,-1,279.47,204.90,9.67,30.88,0.09633,-1,-1,-1
11,-1,583.84,196.73,36.16,26.19,0.08885,-1,-1,-1
11,-1,251.81,192.13,23.46,61.96,0.08197,-1,-1,-1
11,-1,245.38,194.30,18.69,54.80,0.06443,-1,-1,-1
11,-1,389.19,217.04,9.78,28.74,0.06115,-1,-1,-1
11,-1,260.93,214.74,15.82,49.49,0.05952,-1,-1,-1
11,-1,268.31,203.38,14.84,53.28,0.05653,-1,-1,-1
12,-1,185.14,146.68,89.93,206.32,0.99965,-1,-1,-1
12,-1,62.06,133.70,87.44,227.60,0.99942,-1,-1,-1
12,-1,269.14,201.90,26.47,65.81,0.98648,-1,-1,-1
12,-1,153.48,195.79,30.54,72.60,0.98281,-1,-1,-1
12,-1,316.46,201.48,23.22,67.97,0.97860,-1,-1,-1
12,-1,298.29,197.48,22.22,69.84,0.96335,-1,-1,-1
12,-1,572.10,204.06,26.62,19.70,0.88041,-1,-1,-1
12,-1,492.67,199.70,23.18,20.63,0.73810,-1,-1,-1
12,-1,0.55,219.45,22.42,89.16,0.67744,-1,-1,-1
12,-1,336.47,206.88,10.44,46.29,0.56576,-1,-1,-1
12,-1,384.23,219.37,11.37,29.89,0.52484,-1,-1,-1
12,-1,313.39,190.54,18.21,58.83,0.40935,-1,-1,-1
12,-1,316.03,189.67,15.89,33.94,0.38843,-1,-1,-1
12,-1,571.74,197.16,43.34,27.28,0.31814,-1,-1,-1
12,-1,279.82,205.60,24.25,55.97,0.29499,-1,-1,-1
12,-1,177.48,220.74,14.83,48.00,0.27324,-1,-1,-1
12,-1,342.47,207.99,12.74,41.99,0.25238,-1,-1,-1
12,-1,502.16,198.39,14.61,17.97,0.18841,-1,-1,-1
12,-1,329.91,203.59,16.34,53.89,0.17604,-1,-1,-1
12,-1,252.54,209.61,18.36,42.80,0.17075,-1,-1,-1
12,-1,289.41,209.90,12.27,32.80,0.14159,-1,-1,-1
12,-1,286.89,213.85,17.28,39.23,0.12034,-1,-1,-1
12,-1,256.03,219.42,10.38,31.51,0.10410,-1,-1,-1
12,-1,48.94,162.82,38.69,176.12,0.10194,-1,-1,-1
12,-1,403.28,220.48,8.15,28.32,0.09072,-1,-1,-1
12,-1,368.01,220.60,7.93,24.06,0.08254,-1,-1,-1
12,-1,111.10,123.37,39.54,124.08,0.06677,-1,-1,-1
12,-1,0.42,224.32,14.72,120.23,0.06614,-1,-1,-1
12,-1,125.76,136.74,25.23,96.62,0.06167,-1,-1,-1
12,-1,108.75,128.15,22.43,12.86,0.05924,-1,-1,-1
12,-1,392.83,219.74,10.31,29.18,0.05657,-1,-1,-1
13,-1,188.68,144.37,96.12,212.57,0.99954,-1,-1,-1
13,-1,66.76,135.26,86.51,227.43,0.99939,-1,-1,-1
13,-1,274.62,202.23,26.89,66.21,0.98457,-1,-1,-1
13,-1,321.88,201.68,22.76,66.72,0.96858,-1,-1,-1
13,-1,158.48,192.75,30.79,75.84,0.96663,-1,-1,-1
13,-1,303.26,198.59,21.80,68.59,0.96035,-1,-1,-1
13,-1,388.98,218.18,11.76,32.05,0.94703,-1,-1,-1
13,-1,341.59,205.37,12.29,48.14,0.92063,-1,-1,-1
13,-1,0.37,218.66,20.33,133.15,0.74088,-1,-1,-1
13,-1,345.75,205.62,12.52,47.02,0.54141,-1,-1,-1
13,-1,348.75,205.17,15.36,45.37,0.42194,-1,-1,-1
13,-1,320.29,190.09,16.00,29.96,0.33227,-1,-1,-1
13,-1,408.77,221.69,8.57,25.62,0.28301,-1,-1,-1
13,-1,333.55,203.20,14.12,59.77,0.17790,-1,-1,-1
13,-1,293.48,210.47,20.47,56.74,0.15192,-1,-1,-1
13,-1,374.09,220.61,7.70,25.55,0.14149,-1,-1,-1
13,-1,393.87,218.06,10.09,30.77,0.12834,-1,-1,-1
13,-1,182.41,222.27,14.03,46.01,0.12400,-1,-1,-1
13,-1,179.23,198.43,21.14,71.49,0.10190,-1,-1,-1
13,-1,306.80,197.77,34.44,72.26,0.09991,-1,-1,-1
13,-1,262.58,228.37,8.40,22.91,0.09398,-1,-1,-1
13,-1,294.38,223.26,15.58,31.48,0.07960,-1,-1,-1
13,-1,269.46,219.14,9.16,28.39,0.07639,-1,-1,-1
13,-1,286.17,197.79,35.58,71.15,0.07209,-1,-1,-1
13,-1,398.35,218.68,8.33,28.49,0.06293,-1,-1,-1
14,-1,202.61,142.80,93.64,213.71,0.99960,-1,-1,-1
14,-1,78.91,129.47,86.47,233.75,0.99940,-1,-1,-1
14,-1,287.19,203.50,23.56,63.74,0.98535,-1,-1,-1
14,-1,171.55,197.97,30.13,69.73,0.97735,-1,-1,-1
14,-1,0.54,153.18,31.94,172.07,0.96925,-1,-1,-1
14,-1,315.40,198.67,23.24,67.29,0.95150,-1,-1,-1
14,-1,333.83,199.81,21.35,67.34,0.93637,-1,-1,-1
14,-1,352.19,203.35,12.43,49.71,0.86536,-1,-1,-1
14,-1,192.62,207.53,19.12,60.16,0.76991,-1,-1,-1
14,-1,331.57,189.60,18.01,51.38,0.46294,-1,-1,-1
14,-1,323.16,193.90,24.95,74.76,0.43715,-1,-1,-1
14,-1,0.49,144.54,16.30,80.19,0.40843,-1,-1,-1
14,-1,401.58,217.86,11.53,30.77,0.32535,-1,-1,-1
14,-1,305.27,207.35,17.85,52.74,0.31938,-1,-1,-1
14,-1,1.45,207.90,35.91,95.50,0.26055,-1,-1,-1
14,-1,341.41,202.77,23.66,59.56,0.20156,-1,-1,-1
14,-1,308.59,207.30,11.05,33.86,0.19024,-1,-1,-1
14,-1,168.89,210.59,21.04,54.66,0.18839,-1,-1,-1
14,-1,356.11,205.82,13.19,45.66,0.14805,-1,-1,-1
14,-1,332.43,188.53,17.40,25.98,0.14789,-1,-1,-1
14,-1,198.18,205.33,12.28,20.12,0.13575,-1,-1,-1
14,-1,194.16,184.90,37.68,82.90,0.12939,-1,-1,-1
14,-1,363.47,206.33,14.90,40.93,0.12680,-1,-1,-1
14,-1,281.14,219.37,8.23,25.20,0.10131,-1,-1,-1
14,-1,0.43,217.16,30.50,53.84,0.08185,-1,-1,-1
14,-1,165.65,207.71,16.17,55.65,0.06281,-1,-1,-1
14,-1,274.47,195.75,18.88,55.36,0.06110,-1,-1,-1
14,-1,308.41,205.87,8.59,20.73,0.05594,-1,-1,-1
14,-1,0.06,149.29,18.61,129.67,0.05267,-1,-1,-1
14,-1,301.50,206.12,12.26,45.18,0.05184,-1,-1,-1
15,-1,209.33,140.67,97.52,220.78,0.99948,-1,-1,-1
15,-1,85.28,132.38,87.80,236.35,0.99940,-1,-1,-1
15,-1,297.21,202.87,22.67,66.41,0.98425,-1,-1,-1
15,-1,325.66,197.82,23.31,70.97,0.97533,-1,-1,-1
15,-1,181.94,197.82,28.94,71.04,0.97308,-1,-1,-1
15,-1,345.39,201.26,22.59,68.19,0.96530,-1,-1,-1
15,-1,0.38,147.25,27.92,94.83,0.84912,-1,-1,-1
15,-1,1.33,149.25,37.49,138.37,0.84048,-1,-1,-1
15,-1,342.06,190.90,18.43,70.97,0.64095,-1,-1,-1
15,-1,354.87,201.63,19.56,62.97,0.60729,-1,-1,-1
15,-1,343.21,189.08,16.80,35.37,0.57680,-1,-1,-1
15,-1,203.75,207.21,23.84,62.03,0.55285,-1,-1,-1
15,-1,191.91,200.55,27.45,68.73,0.42438,-1,-1,-1
15,-1,397.75,220.63,7.99,18.80,0.38003,-1,-1,-1
15,-1,364.06,206.51,10.58,47.71,0.35319,-1,-1,-1
15,-1,314.63,206.81,17.91,51.95,0.24783,-1,-1,-1
15,-1,201.75,222.61,16.54,46.19,0.18737,-1,-1,-1
15,-1,384.89,215.97,14.08,28.46,0.17017,-1,-1,-1
15,-1,136.55,114.32,38.38,124.81,0.09525,-1,-1,-1
15,-1,391.65,220.03,13.31,23.11,0.09222,-1,-1,-1
15,-1,348.18,202.89,14.24,50.63,0.08610,-1,-1,-1
15,-1,407.04,214.04,12.88,18.69,0.07056,-1,-1,-1
15,-1,283.71,225.40,9.79,25.28,0.06678,-1,-1,-1
15,-1,317.77,207.94,11.90,36.60,0.06637,-1,-1,-1
16,-1,213.06,140.68,94.25,221.28,0.99955,-1,-1,-1
16,-1,78.90,118.49,97.91,249.19,0.99942,-1,-1,-1
16,-1,301.58,197.25,25.84,69.10,0.98901,-1,-1,-1
16,-1,350.36,199.61,25.16,66.93,0.98002,-1,-1,-1
16,-1,187.11,193.29,28.76,71.62,0.97953,-1,-1,-1
16,-1,330.63,197.10,22.67,68.60,0.96936,-1,-1,-1
16,-1,1.37,146.74,40.36,124.54,0.95694,-1,-1,-1
16,-1,346.89,187.26,18.91,45.17,0.75213,-1,-1,-1
16,-1,207.74,221.50,18.02,45.02,0.52942,-1,-1,-1
16,-1,379.46,204.24,17.74,42.51,0.46899,-1,-1,-1
16,-1,0.35,146.16,30.78,86.61,0.31808,-1,-1,-1
16,-1,369.59,204.63,9.47,44.86,0.30692,-1,-1,-1
16,-1,322.58,204.98,11.58,34.72,0.28830,-1,-1,-1
16,-1,319.49,202.24,17.34,49.91,0.21748,-1,-1,-1
16,-1,177.38,220.33,9.64,20.52,0.18466,-1,-1,-1
16,-1,362.35,200.64,17.89,54.34,0.17419,-1,-1,-1
16,-1,288.32,219.31,9.04,29.49,0.17276,-1,-1,-1
16,-1,344.80,189.45,15.77,73.78,0.15277,-1,-1,-1
16,-1,323.21,200.10,20.15,64.77,0.13530,-1,-1,-1
16,-1,373.96,203.48,17.31,44.44,0.09310,-1,-1,-1
16,-1,186.11,214.70,14.38,47.00,0.08005,-1,-1,-1
16,-1,0.66,194.55,43.23,60.63,0.07098,-1,-1,-1
16,-1,284.30,207.45,12.95,38.40,0.06906,-1,-1,-1
16,-1,316.29,203.20,13.12,47.54,0.06870,-1,-1,-1
16,-1,293.88,194.50,17.93,55.02,0.06560,-1,-1,-1
16,-1,400.75,204.01,20.66,15.87,0.06140,-1,-1,-1
16,-1,185.40,220.22,7.67,23.08,0.05991,-1,-1,-1
16,-1,372.77,205.36,10.91,41.66,0.05864,-1,-1,-1
16,-1,209.60,234.69,12.50,31.13,0.05564,-1,-1,-1
16,-1,134.38,113.70,42.51,150.36,0.05131,-1,-1,-1
17,-1,83.31,117.00,95.90,250.72,0.99964,-1,-1,-1
17,-1,216.12,136.33,101.14,229.33,0.99954,-1,-1,-1
17,-1,306.97,198.00,21.17,67.46,0.98739,-1,-1,-1
17,-1,353.94,193.18,24.58,73.73,0.98410,-1,-1,-1
17,-1,0.92,145.09,53.40,143.15,0.97765,-1,-1,-1
17,-1,334.78,193.67,22.67,71.69,0.96998,-1,-1,-1
17,-1,190.18,193.96,29.04,70.76,0.96669,-1,-1,-1
17,-1,352.75,184.83,15.98,39.66,0.64715,-1,-1,-1
17,-1,209.52,221.46,15.66,44.42,0.53674,-1,-1,-1
17,-1,325.28,202.20,17.81,53.24,0.37074,-1,-1,-1
17,-1,350.39,183.25,19.46,77.23,0.25013,-1,-1,-1
17,-1,211.33,205.76,22.67,59.22,0.19875,-1,-1,-1
17,-1,0.26,140.95,32.18,86.56,0.17198,-1,-1,-1
17,-1,326.36,203.30,12.32,35.12,0.14380,-1,-1,-1
17,-1,181.85,218.53,10.02,21.93,0.14356,-1,-1,-1
17,-1,314.68,199.02,19.52,63.05,0.14206,-1,-1,-1
17,-1,300.21,216.60,8.95,27.72,0.13578,-1,-1,-1
17,-1,5.83,141.99,48.24,70.82,0.09390,-1,-1,-1
17,-1,187.83,203.47,19.79,57.34,0.07466,-1,-1,-1
17,-1,379.60,198.11,7.30,19.68,0.05491,-1,-1,-1
17,-1,321.99,203.94,10.44,42.22,0.05458,-1,-1,-1
17,-1,217.04,225.81,15.95,38.29,0.05324,-1,-1,-1
17,-1,186.66,212.09,9.35,28.13,0.05233,-1,-1,-1
18,-1,218.69,135.23,109.90,234.65,0.99972,-1,-1,-1
18,-1,85.01,118.24,96.00,257.80,0.99961,-1,-1,-1
18,-1,309.82,195.61,24.82,70.07,0.99231,-1,-1,-1
18,-1,0.06,142.78,53.57,170.63,0.98697,-1,-1,-1
18,-1,365.83,197.64,19.74,20.05,0.95002,-1,-1,-1
18,-1,195.21,192.67,28.00,74.02,0.94375,-1,-1,-1
18,-1,339.78,193.41,20.97,32.98,0.93965,-1,-1,-1
18,-1,357.24,184.11,16.47,32.82,0.88523,-1,-1,-1
18,-1,213.98,222.86,17.26,42.91,0.63179,-1,-1,-1
18,-1,472.36,199.33,18.82,17.67,0.51261,-1,-1,-1
18,-1,0.61,139.87,38.12,113.78,0.46326,-1,-1,-1
18,-1,186.90,218.50,9.72,22.85,0.39530,-1,-1,-1
18,-1,210.75,194.65,24.41,72.59,0.36795,-1,-1,-1
18,-1,333.26,193.95,26.28,50.97,0.26952,-1,-1,-1
18,-1,330.91,200.75,13.90,46.53,0.26100,-1,-1,-1
18,-1,360.10,188.19,22.61,31.18,0.20195,-1,-1,-1
18,-1,151.28,108.26,33.32,104.73,0.17625,-1,-1,-1
18,-1,45.28,192.93,23.99,28.54,0.13327,-1,-1,-1
18,-1,156.97,135.98,28.02,103.51,0.11253,-1,-1,-1
18,-1,214.32,182.12,31.75,87.70,0.10796,-1,-1,-1
18,-1,201.86,192.81,20.42,49.80,0.10233,-1,-1,-1
18,-1,326.31,202.87,10.97,47.73,0.09636,-1,-1,-1
18,-1,135.43,115.76,46.40,151.56,0.07591,-1,-1,-1
18,-1,347.13,187.80,21.69,33.25,0.07007,-1,-1,-1
18,-1,212.77,222.08,9.56,38.62,0.06657,-1,-1,-1
18,-1,7.32,145.56,60.81,105.91,0.06191,-1,-1,-1
19,-1,217.96,131.65,113.06,238.47,0.99975,-1,-1,-1
19,-1,82.48,117.27,98.90,256.53,0.99960,-1,-1,-1
19,-1,310.42,192.68,23.32,72.78,0.98127,-1,-1,-1
19,-1,340.23,187.63,22.22,28.79,0.97457,-1,-1,-1
19,-1,357.87,180.84,18.26,32.62,0.94455,-1,-1,-1
19,-1,194.71,194.74,26.39,67.28,0.93240,-1,-1,-1
19,-1,0.17,138.15,46.85,156.85,0.92832,-1,-1,-1
19,-1,44.88,185.92,24.64,50.54,0.88753,-1,-1,-1
19,-1,369.98,196.63,16.95,15.48,0.87970,-1,-1,-1
19,-1,0.16,139.78,32.30,101.53,0.84668,-1,-1,-1
19,-1,453.29,190.82,18.80,22.87,0.72994,-1,-1,-1
19,-1,213.81,221.43,16.44,41.84,0.47257,-1,-1,-1
19,-1,313.41,191.01,22.12,44.79,0.21389,-1,-1,-1
19,-1,212.22,216.16,11.21,47.38,0.17755,-1,-1,-1
19,-1,210.38,195.53,22.96,69.48,0.17672,-1,-1,-1
19,-1,5.73,182.83,52.96,101.01,0.17461,-1,-1,-1
19,-1,299.78,225.61,9.14,19.80,0.14626,-1,-1,-1
19,-1,156.74,140.09,27.11,100.51,0.14277,-1,-1,-1
19,-1,2.88,218.03,43.92,67.17,0.13414,-1,-1,-1
19,-1,303.32,219.23,9.65,25.76,0.08707,-1,-1,-1
19,-1,301.90,192.95,16.78,53.15,0.08375,-1,-1,-1
19,-1,384.92,195.27,8.13,16.24,0.08029,-1,-1,-1
19,-1,214.48,183.08,32.60,90.29,0.07657,-1,-1,-1
19,-1,350.35,186.54,15.08,26.97,0.06992,-1,-1,-1
19,-1,135.78,111.49,46.90,145.29,0.06313,-1,-1,-1
19,-1,188.02,215.86,10.75,22.57,0.06143,-1,-1,-1
19,-1,218.17,238.46,13.83,25.31,0.05546,-1,-1,-1
20,-1,217.74,128.99,108.72,240.71,0.99971,-1,-1,-1
20,-1,71.05,106.90,106.33,270.00,0.99961,-1,-1,-1
20,-1,40.37,184.60,26.90,73.08,0.97969,-1,-1,-1
20,-1,340.93,187.07,20.74,22.55,0.97398,-1,-1,-1
20,-1,194.59,190.05,24.80,70.87,0.94212,-1,-1,-1
20,-1,0.20,137.19,35.44,173.28,0.93556,-1,-1,-1
20,-1,359.25,179.41,17.83,28.26,0.90935,-1,-1,-1
20,-1,421.79,190.33,22.37,21.73,0.85788,-1,-1,-1
20,-1,0.41,132.33,27.94,92.23,0.72157,-1,-1,-1
20,-1,214.08,198.49,17.99,65.01,0.37990,-1,-1,-1
20,-1,203.47,188.98,16.93,32.65,0.35634,-1,-1,-1
20,-1,187.93,213.96,10.59,22.66,0.28577,-1,-1,-1
20,-1,148.28,110.08,34.30,136.25,0.23309,-1,-1,-1
20,-1,16.89,203.43,29.31,83.87,0.23230,-1,-1,-1
20,-1,211.99,218.95,14.10,43.84,0.22637,-1,-1,-1
20,-1,392.81,178.31,7.09,11.05,0.22552,-1,-1,-1
20,-1,319.40,188.40,13.38,22.80,0.14555,-1,-1,-1
20,-1,412.08,188.01,16.68,23.82,0.14325,-1,-1,-1
20,-1,144.16,125.70,34.95,209.59,0.08310,-1,-1,-1
20,-1,326.06,173.98,16.84,23.17,0.07554,-1,-1,-1
20,-1,315.11,184.82,23.03,28.71,0.07449,-1,-1,-1
20,-1,4.39,208.57,33.54,89.90,0.06428,-1,-1,-1
20,-1,18.67,162.77,36.91,115.20,0.06004,-1,-1,-1
20,-1,391.05,178.92,6.11,11.18,0.05310,-1,-1,-1
21,-1,218.13,126.18,106.30,247.75,0.99976,-1,-1,-1
21,-1,67.50,103.52,108.65,276.58,0.99970,-1,-1,-1
21,-1,40.17,182.96,26.97,73.95,0.97635,-1,-1,-1
21,-1,193.45,187.75,25.16,74.31,0.96496,-1,-1,-1
21,-1,0.50,135.85,35.89,162.29,0.93832,-1,-1,-1
21,-1,0.00,137.09,26.25,105.54,0.76292,-1,-1,-1
21,-1,213.77,200.16,18.26,63.86,0.53599,-1,-1,-1
21,-1,149.04,98.39,32.75,143.03,0.40061,-1,-1,-1
21,-1,202.04,188.19,16.98,31.37,0.38767,-1,-1,-1
21,-1,363.12,179.98,11.53,13.50,0.31618,-1,-1,-1
21,-1,4.71,204.62,33.01,86.97,0.25689,-1,-1,-1
21,-1,392.56,188.53,24.42,24.88,0.24527,-1,-1,-1
21,-1,1.36,208.23,30.53,137.55,0.22525,-1,-1,-1
21,-1,360.06,180.56,15.85,30.53,0.20320,-1,-1,-1
21,-1,188.73,213.73,10.01,23.90,0.16364,-1,-1,-1
21,-1,519.23,190.28,30.18,34.36,0.11798,-1,-1,-1
21,-1,146.13,114.29,31.39,226.03,0.11148,-1,-1,-1
21,-1,368.48,189.09,47.54,25.16,0.08426,-1,-1,-1
21,-1,347.78,181.46,28.51,32.69,0.05408,-1,-1,-1
21,-1,345.88,187.21,11.02,16.80,0.05264,-1,-1,-1
21,-1,220.77,127.00,108.32,109.78,0.05264,-1,-1,-1
21,-1,9.95,175.23,37.71,118.41,0.05168,-1,-1,-1
22,-1,217.30,122.42,111.91,255.27,0.99978,-1,-1,-1
22,-1,68.92,104.99,109.28,283.58,0.99966,-1,-1,-1
22,-1,194.93,189.38,24.26,69.94,0.98479,-1,-1,-1
22,-1,44.25,175.52,26.04,78.63,0.92571,-1,-1,-1
22,-1,0.39,135.42,32.57,173.85,0.89568,-1,-1,-1
22,-1,0.14,133.94,25.69,112.11,0.72252,-1,-1,-1
22,-1,5.30,207.90,31.39,84.10,0.56449,-1,-1,-1
22,-1,1.19,199.60,28.08,155.85,0.46496,-1,-1,-1
22,-1,143.23,99.23,37.45,139.47,0.35045,-1,-1,-1
22,-1,204.73,187.00,15.60,33.58,0.33114,-1,-1,-1
22,-1,213.33,194.07,20.20,70.07,0.25745,-1,-1,-1
22,-1,202.39,192.39,27.18,69.35,0.11912,-1,-1,-1
22,-1,137.38,125.24,40.03,211.04,0.09225,-1,-1,-1
22,-1,218.13,172.74,21.28,91.17,0.05609,-1,-1,-1
23,-1,218.93,123.83,109.55,265.67,0.99973,-1,-1,-1
23,-1,65.96,105.33,113.57,285.17,0.99954,-1,-1,-1
23,-1,0.75,134.02,35.56,180.65,0.96946,-1,-1,-1
23,-1,47.30,182.89,25.33,76.66,0.96368,-1,-1,-1
23,-1,197.99,192.06,25.42,70.37,0.92703,-1,-1,-1
23,-1,0.00,133.80,24.62,89.72,0.70951,-1,-1,-1
23,-1,143.76,99.66,38.71,146.05,0.67669,-1,-1,-1
23,-1,141.83,122.17,38.63,207.78,0.27949,-1,-1,-1
23,-1,209.60,191.59,21.77,73.16,0.21144,-1,-1,-1
23,-1,208.07,189.86,17.07,26.80,0.19122,-1,-1,-1
23,-1,10.62,209.17,27.99,83.73,0.15102,-1,-1,-1
23,-1,53.56,237.67,29.24,106.03,0.10347,-1,-1,-1
23,-1,206.26,191.86,18.39,49.11,0.09461,-1,-1,-1
23,-1,45.04,180.96,33.87,124.32,0.09408,-1,-1,-1
23,-1,171.82,110.34,19.03,130.36,0.08505,-1,-1,-1
23,-1,325.51,192.71,31.83,20.54,0.06732,-1,-1,-1
24,-1,220.57,122.86,111.92,266.20,0.99973,-1,-1,-1
24,-1,63.21,102.64,117.66,290.48,0.99966,-1,-1,-1
24,-1,0.51,133.30,37.84,173.36,0.95481,-1,-1,-1
24,-1,201.32,188.58,25.13,74.85,0.89781,-1,-1,-1
24,-1,0.28,137.21,26.31,121.11,0.74352,-1,-1,-1
24,-1,50.56,188.24,25.12,59.78,0.65781,-1,-1,-1
24,-1,139.87,95.91,42.22,152.40,0.64912,-1,-1,-1
24,-1,208.95,189.76,18.53,27.92,0.28663,-1,-1,-1
24,-1,54.67,252.51,28.07,92.32,0.25060,-1,-1,-1
24,-1,6.78,208.32,32.08,84.49,0.20988,-1,-1,-1
24,-1,53.98,172.63,36.68,184.50,0.12899,-1,-1,-1
24,-1,141.86,121.95,38.10,224.71,0.12456,-1,-1,-1
24,-1,442.54,190.80,37.53,32.32,0.11786,-1,-1,-1
24,-1,51.37,176.15,29.46,104.20,0.09900,-1,-1,-1
24,-1,211.09,188.46,24.76,76.89,0.09091,-1,-1,-1
24,-1,140.99,101.19,26.85,42.12,0.08100,-1,-1,-1
24,-1,175.59,117.28,18.01,126.34,0.07789,-1,-1,-1
24,-1,156.98,98.82,34.24,143.14,0.06813,-1,-1,-1
24,-1,146.49,131.22,32.06,90.11,0.06353,-1,-1,-1
24,-1,405.43,191.61,23.63,20.41,0.05638,-1,-1,-1
25,-1,61.66,98.14,119.28,307.97,0.99974,-1,-1,-1
25,-1,226.80,120.36,109.26,276.57,0.99959,-1,-1,-1
25,-1,0.40,133.56,36.75,167.24,0.95669,-1,-1,-1
25,-1,144.70,101.26,39.45,145.04,0.82902,-1,-1,-1
25,-1,0.00,133.89,24.86,92.05,0.63416,-1,-1,-1
25,-1,213.61,191.55,16.83,23.37,0.62650,-1,-1,-1
25,-1,196.03,191.71,33.64,42.87,0.28283,-1,-1,-1
25,-1,144.78,101.26,24.71,39.39,0.16182,-1,-1,-1
25,-1,202.54,187.16,30.23,74.64,0.14725,-1,-1,-1
25,-1,111.41,106.01,74.47,264.10,0.14655,-1,-1,-1
25,-1,139.94,119.57,39.52,233.34,0.13149,-1,-1,-1
25,-1,226.87,120.81,114.93,103.91,0.07293,-1,-1,-1
25,-1,1.75,210.66,36.80,83.31,0.07043,-1,-1,-1
25,-1,109.34,101.73,74.96,129.36,0.06159,-1,-1,-1
25,-1,53.24,196.59,31.96,152.08,0.05068,-1,-1,-1
25,-1,203.33,197.21,19.61,21.35,0.05007,-1,-1,-1
26,-1,228.81,118.93,112.69,285.30,0.99972,-1,-1,-1
26,-1,59.75,100.05,121.65,305.02,0.99969,-1,-1,-1
26,-1,0.45,134.68,38.20,167.84,0.95601,-1,-1,-1
26,-1,140.90,103.27,43.08,141.98,0.71065,-1,-1,-1
26,-1,116.34,101.37,67.57,191.29,0.41889,-1,-1,-1
26,-1,0.09,133.98,25.68,105.53,0.34308,-1,-1,-1
26,-1,144.76,99.58,26.34,38.54,0.19906,-1,-1,-1
26,-1,138.43,117.62,42.45,241.41,0.19176,-1,-1,-1
26,-1,49.64,226.95,33.35,131.64,0.18195,-1,-1,-1
26,-1,211.91,190.64,19.03,23.33,0.13920,-1,-1,-1
26,-1,56.74,211.95,20.76,56.16,0.08955,-1,-1,-1
26,-1,108.26,100.31,71.47,103.87,0.08489,-1,-1,-1
26,-1,0.77,161.08,38.80,73.90,0.05450,-1,-1,-1
26,-1,6.18,216.99,30.92,90.80,0.05359,-1,-1,-1
27,-1,56.37,93.63,126.26,324.16,0.99964,-1,-1,-1
27,-1,230.25,111.54,111.11,295.49,0.99961,-1,-1,-1
27,-1,0.31,136.27,38.07,166.15,0.94480,-1,-1,-1
27,-1,141.70,99.10,40.14,137.27,0.67676,-1,-1,-1
27,-1,384.51,188.60,25.00,29.60,0.66711,-1,-1,-1
27,-1,1.52,210.96,34.31,90.82,0.50272,-1,-1,-1
27,-1,131.42,101.35,54.81,242.50,0.36145,-1,-1,-1
27,-1,353.34,187.07,50.00,32.72,0.33672,-1,-1,-1
27,-1,46.32,226.89,32.30,127.56,0.28254,-1,-1,-1
27,-1,359.84,188.35,24.09,30.34,0.24027,-1,-1,-1
27,-1,215.89,189.36,15.46,18.58,0.17555,-1,-1,-1
27,-1,351.18,191.45,20.86,27.68,0.15153,-1,-1,-1
27,-1,0.12,131.77,20.37,69.56,0.11767,-1,-1,-1
27,-1,1.52,163.03,37.88,70.40,0.09916,-1,-1,-1
27,-1,0.71,236.68,24.26,140.24,0.09052,-1,-1,-1
27,-1,0.59,174.62,32.24,191.53,0.08880,-1,-1,-1
27,-1,147.42,96.93,24.54,41.30,0.07390,-1,-1,-1
27,-1,54.91,210.64,22.38,59.28,0.06939,-1,-1,-1
27,-1,384.68,190.70,15.73,22.11,0.05916,-1,-1,-1
27,-1,0.00,134.72,26.86,114.90,0.05151,-1,-1,-1
27,-1,148.27,100.13,28.36,87.16,0.05031,-1,-1,-1
28,-1,57.85,91.64,127.04,331.93,0.99963,-1,-1,-1
28,-1,230.70,108.95,114.57,299.07,0.99928,-1,-1,-1
28,-1,0.48,134.26,37.13,171.12,0.96203,-1,-1,-1
28,-1,138.75,94.25,46.22,157.83,0.77479,-1,-1,-1
28,-1,45.71,225.84,34.98,134.82,0.41536,-1,-1,-1
28,-1,130.14,97.99,58.36,242.45,0.38201,-1,-1,-1
28,-1,363.16,190.73,20.69,24.60,0.36080,-1,-1,-1
28,-1,145.91,94.17,25.80,42.32,0.15013,-1,-1,-1
28,-1,361.81,189.27,42.24,28.15,0.13640,-1,-1,-1
28,-1,0.20,130.42,24.51,106.81,0.11195,-1,-1,-1
28,-1,148.66,97.98,30.22,96.38,0.10776,-1,-1,-1
28,-1,115.48,93.92,64.22,108.24,0.10664,-1,-1,-1
28,-1,0.00,125.57,67.97,192.66,0.05961,-1,-1,-1
28,-1,2.10,170.27,37.22,61.47,0.05354,-1,-1,-1
28,-1,0.48,235.48,23.16,141.81,0.05092,-1,-1,-1
29,-1,229.31,102.35,120.70,312.63,0.99976,-1,-1,-1
29,-1,51.99,85.92,133.35,335.29,0.99960,-1,-1,-1
29,-1,0.54,128.27,37.64,178.36,0.98351,-1,-1,-1
29,-1,138.44,88.82,48.03,155.78,0.96095,-1,-1,-1
29,-1,393.18,174.50,14.04,18.71,0.92408,-1,-1,-1
29,-1,121.66,89.01,67.87,268.39,0.72661,-1,-1,-1
29,-1,0.00,127.71,20.21,87.03,0.19062,-1,-1,-1
29,-1,147.55,88.94,33.94,109.89,0.13322,-1,-1,-1
29,-1,0.00,99.08,58.32,289.89,0.08106,-1,-1,-1
30,-1,49.06,83.12,134.98,341.76,0.99978,-1,-1,-1
30,-1,228.85,102.83,121.36,314.92,0.99977,-1,-1,-1
30,-1,386.43,174.56,24.50,31.38,0.98438,-1,-1,-1
30,-1,139.20,86.60,47.02,168.64,0.93880,-1,-1,-1
30,-1,406.55,188.46,14.63,20.94,0.92160,-1,-1,-1
30,-1,0.86,126.74,34.01,196.89,0.86831,-1,-1,-1
30,-1,124.90,87.13,61.52,275.14,0.78437,-1,-1,-1
30,-1,2.73,200.81,33.12,104.09,0.24301,-1,-1,-1
30,-1,0.00,126.41,22.08,138.89,0.12140,-1,-1,-1
30,-1,143.75,88.69,32.87,104.85,0.09471,-1,-1,-1
30,-1,104.26,85.81,76.71,122.73,0.08294,-1,-1,-1
30,-1,375.25,181.55,14.45,15.70,0.06645,-1,-1,-1
30,-1,393.10,185.87,26.90,23.62,0.05139,-1,-1,-1
30,-1,36.83,231.17,35.46,134.39,0.05127,-1,-1,-1
30,-1,0.00,106.57,45.12,300.78,0.05117,-1,-1,-1
31,-1,45.19,78.45,140.09,349.61,0.99984,-1,-1,-1
31,-1,233.73,98.59,127.65,319.03,0.99960,-1,-1,-1
31,-1,407.83,189.37,19.41,50.97,0.96794,-1,-1,-1
31,-1,387.52,172.76,27.50,38.43,0.96405,-1,-1,-1
31,-1,139.76,84.01,47.02,184.53,0.88456,-1,-1,-1
31,-1,0.00,129.46,33.18,190.86,0.78663,-1,-1,-1
31,-1,378.68,182.74,20.25,25.75,0.72433,-1,-1,-1
31,-1,121.91,81.48,66.78,288.81,0.67906,-1,-1,-1
31,-1,461.44,202.87,13.19,34.92,0.63735,-1,-1,-1
31,-1,2.22,210.56,31.86,99.44,0.54293,-1,-1,-1
31,-1,147.77,85.76,32.00,81.23,0.48691,-1,-1,-1
31,-1,406.31,188.66,18.97,26.72,0.40977,-1,-1,-1
31,-1,395.62,184.17,28.82,47.67,0.20227,-1,-1,-1
31,-1,147.65,83.06,24.40,50.33,0.19532,-1,-1,-1
31,-1,396.71,181.96,21.11,29.24,0.18705,-1,-1,-1
31,-1,1.16,223.55,22.88,119.42,0.17901,-1,-1,-1
31,-1,451.82,197.73,20.28,40.15,0.15189,-1,-1,-1
31,-1,30.56,227.83,40.20,137.64,0.10672,-1,-1,-1
31,-1,374.20,178.25,36.59,31.74,0.09618,-1,-1,-1
31,-1,190.43,188.56,24.80,27.46,0.09430,-1,-1,-1
31,-1,4.00,197.48,33.61,43.37,0.07953,-1,-1,-1
31,-1,0.72,213.65,31.37,43.47,0.07277,-1,-1,-1
31,-1,0.00,124.86,21.88,118.49,0.06478,-1,-1,-1
31,-1,379.20,173.88,40.77,61.08,0.05119,-1,-1,-1
32,-1,46.45,74.87,143.50,362.80,0.99973,-1,-1,-1
32,-1,240.24,92.02,141.41,336.56,0.99955,-1,-1,-1
32,-1,408.41,188.99,25.91,78.78,0.99387,-1,-1,-1
32,-1,384.59,185.71,21.66,73.19,0.95434,-1,-1,-1
32,-1,140.19,82.33,51.29,186.37,0.88104,-1,-1,-1
32,-1,398.32,173.86,23.41,82.86,0.85159,-1,-1,-1
32,-1,124.73,74.25,70.77,306.92,0.78846,-1,-1,-1
32,-1,466.76,204.64,15.35,34.75,0.76957,-1,-1,-1
32,-1,399.66,173.54,22.50,44.35,0.76565,-1,-1,-1
32,-1,0.00,127.50,41.41,192.78,0.60271,-1,-1,-1
32,-1,4.65,193.65,67.36,179.21,0.53774,-1,-1,-1
32,-1,0.00,121.87,20.02,96.69,0.42257,-1,-1,-1
32,-1,154.44,82.03,27.73,60.25,0.36089,-1,-1,-1
32,-1,433.84,206.49,16.87,35.73,0.35444,-1,-1,-1
32,-1,0.00,120.06,31.09,132.34,0.28030,-1,-1,-1
32,-1,458.39,198.04,20.86,41.45,0.27757,-1,-1,-1
32,-1,147.19,80.72,39.80,115.64,0.22299,-1,-1,-1
32,-1,453.88,197.72,16.97,40.15,0.19664,-1,-1,-1
32,-1,5.14,198.88,33.91,113.44,0.12658,-1,-1,-1
32,-1,484.18,211.37,12.15,31.00,0.12228,-1,-1,-1
32,-1,430.43,206.49,9.62,34.43,0.11725,-1,-1,-1
32,-1,245.70,98.75,129.43,156.93,0.09561,-1,-1,-1
32,-1,338.31,215.74,17.01,42.00,0.09289,-1,-1,-1
32,-1,385.23,185.89,19.33,40.39,0.07280,-1,-1,-1
32,-1,0.93,209.64,41.13,46.56,0.07265,-1,-1,-1
32,-1,0.72,179.52,51.33,98.93,0.06361,-1,-1,-1
32,-1,402.67,174.54,18.31,22.06,0.05096,-1,-1,-1
33,-1,49.07,65.17,150.92,374.00,0.99972,-1,-1,-1
33,-1,252.02,87.08,132.82,339.23,0.99970,-1,-1,-1
33,-1,418.13,184.93,27.85,80.93,0.99523,-1,-1,-1
33,-1,360.02,184.78,25.05,77.13,0.98492,-1,-1,-1
33,-1,393.01,181.15,24.80,80.98,0.96366,-1,-1,-1
33,-1,406.08,171.78,25.16,84.97,0.82706,-1,-1,-1
33,-1,0.00,114.80,25.75,117.67,0.73340,-1,-1,-1
33,-1,0.00,122.61,52.13,182.97,0.71674,-1,-1,-1
33,-1,152.15,84.35,49.01,177.13,0.70031,-1,-1,-1
33,-1,406.86,170.08,25.17,41.45,0.55025,-1,-1,-1
33,-1,463.23,191.48,22.53,44.27,0.24827,-1,-1,-1
33,-1,476.66,197.16,15.46,37.34,0.24196,-1,-1,-1
33,-1,140.87,82.68,62.58,295.07,0.22467,-1,-1,-1
33,-1,380.28,187.07,12.71,53.36,0.19921,-1,-1,-1
33,-1,32.61,200.72,48.38,182.71,0.18860,-1,-1,-1
33,-1,9.54,203.39,39.22,96.94,0.15747,-1,-1,-1
33,-1,381.10,217.30,12.43,22.30,0.12705,-1,-1,-1
33,-1,97.15,76.23,99.56,251.85,0.10941,-1,-1,-1
33,-1,162.89,80.19,31.90,68.08,0.10493,-1,-1,-1
33,-1,161.24,78.08,21.11,42.37,0.08523,-1,-1,-1
33,-1,444.32,195.86,20.41,41.80,0.07309,-1,-1,-1
33,-1,415.12,179.18,20.38,44.98,0.05789,-1,-1,-1
33,-1,260.94,150.47,14.17,21.93,0.05143,-1,-1,-1
34,-1,250.90,90.94,146.88,340.01,0.99988,-1,-1,-1
34,-1,54.97,72.55,146.84,373.75,0.99963,-1,-1,-1
34,-1,426.12,186.55,30.07,79.85,0.99403,-1,-1,-1
34,-1,369.37,188.42,26.27,76.07,0.99065,-1,-1,-1
34,-1,0.00,118.04,31.42,97.96,0.98528,-1,-1,-1
34,-1,402.08,182.77,23.83,81.33,0.97767,-1,-1,-1
34,-1,151.94,82.18,56.23,231.15,0.86541,-1,-1,-1
34,-1,417.34,171.38,22.87,86.94,0.86352,-1,-1,-1
34,-1,0.80,113.25,31.85,211.11,0.83504,-1,-1,-1
34,-1,418.62,171.15,20.86,42.50,0.43911,-1,-1,-1
34,-1,486.19,203.98,14.27,32.81,0.35319,-1,-1,-1
34,-1,35.81,134.12,48.39,239.84,0.15968,-1,-1,-1
34,-1,395.96,191.93,11.33,47.65,0.15638,-1,-1,-1
34,-1,0.00,124.80,65.58,186.11,0.15451,-1,-1,-1
34,-1,168.63,80.60,20.62,41.69,0.14041,-1,-1,-1
34,-1,393.97,180.97,21.67,66.15,0.10559,-1,-1,-1
34,-1,389.59,190.16,12.24,49.39,0.10223,-1,-1,-1
34,-1,384.26,189.93,14.21,54.79,0.10213,-1,-1,-1
34,-1,371.77,209.01,18.63,53.14,0.07955,-1,-1,-1
34,-1,450.69,201.78,19.54,38.40,0.07717,-1,-1,-1
35,-1,264.93,89.87,147.63,353.29,0.99984,-1,-1,-1
35,-1,64.33,70.70,148.37,382.85,0.99969,-1,-1,-1
35,-1,436.14,188.95,26.93,80.62,0.99331,-1,-1,-1
35,-1,376.22,191.15,28.55,75.94,0.99152,-1,-1,-1
35,-1,1.19,121.08,43.34,201.33,0.98534,-1,-1,-1
35,-1,409.87,186.08,23.41,81.84,0.96260,-1,-1,-1
35,-1,0.29,120.28,37.92,104.18,0.91849,-1,-1,-1
35,-1,425.06,174.83,24.07,82.82,0.90722,-1,-1,-1
35,-1,160.30,79.06,57.44,286.84,0.87422,-1,-1,-1
35,-1,494.89,201.91,15.95,43.12,0.85379,-1,-1,-1
35,-1,481.46,195.90,17.92,43.45,0.55545,-1,-1,-1
35,-1,426.46,172.33,23.34,47.14,0.48224,-1,-1,-1
35,-1,487.06,198.33,20.84,41.70,0.43373,-1,-1,-1
35,-1,13.83,121.94,61.77,258.52,0.41733,-1,-1,-1
35,-1,463.56,199.96,17.86,41.48,0.40888,-1,-1,-1
35,-1,163.30,78.68,47.81,155.84,0.18255,-1,-1,-1
35,-1,394.27,192.42,13.70,55.34,0.13208,-1,-1,-1
35,-1,386.80,188.17,22.46,67.85,0.09612,-1,-1,-1
35,-1,418.43,181.58,22.83,71.06,0.08955,-1,-1,-1
35,-1,13.46,179.54,63.70,125.70,0.08785,-1,-1,-1
35,-1,170.68,83.77,52.04,102.28,0.07699,-1,-1,-1
35,-1,37.89,191.79,48.76,187.95,0.06831,-1,-1,-1
35,-1,397.55,188.91,15.79,55.88,0.06760,-1,-1,-1
35,-1,174.19,77.78,27.14,56.78,0.06366,-1,-1,-1
35,-1,178.30,80.33,31.04,79.29,0.06123,-1,-1,-1
35,-1,470.47,194.98,20.74,45.08,0.05237,-1,-1,-1
36,-1,272.19,82.26,159.09,367.97,0.99990,-1,-1,-1
36,-1,72.78,62.25,147.81,393.69,0.99936,-1,-1,-1
36,-1,447.00,188.21,27.54,79.90,0.99452,-1,-1,-1
36,-1,388.00,192.78,25.62,73.19,0.98666,-1,-1,-1
36,-1,420.68,181.48,25.38,84.58,0.98386,-1,-1,-1
36,-1,2.01,114.52,64.96,212.42,0.97771,-1,-1,-1
36,-1,169.20,75.32,57.87,235.51,0.96315,-1,-1,-1
36,-1,508.45,202.35,15.60,42.02,0.95997,-1,-1,-1
36,-1,439.28,172.03,22.54,88.41,0.92186,-1,-1,-1
36,-1,0.91,116.78,51.98,129.00,0.82900,-1,-1,-1
36,-1,438.93,170.98,22.19,45.79,0.57233,-1,-1,-1
36,-1,525.65,209.82,10.00,31.23,0.46675,-1,-1,-1
36,-1,408.34,191.10,11.38,51.63,0.33409,-1,-1,-1
36,-1,528.86,205.95,9.53,31.18,0.21051,-1,-1,-1
36,-1,22.66,157.68,57.27,208.22,0.20945,-1,-1,-1
36,-1,473.71,201.14,19.28,40.47,0.20805,-1,-1,-1
36,-1,400.59,190.92,16.37,56.67,0.13982,-1,-1,-1
36,-1,540.30,209.34,8.67,25.89,0.12782,-1,-1,-1
36,-1,49.16,189.77,46.68,190.81,0.12114,-1,-1,-1
36,-1,530.95,214.43,13.22,21.00,0.10468,-1,-1,-1
36,-1,523.29,206.61,8.79,33.70,0.10454,-1,-1,-1
36,-1,178.45,69.90,28.37,51.85,0.10450,-1,-1,-1
36,-1,412.40,190.89,12.55,50.71,0.10414,-1,-1,-1
36,-1,176.80,71.83,60.89,147.91,0.10125,-1,-1,-1
36,-1,497.95,199.85,24.03,40.83,0.07948,-1,-1,-1
36,-1,490.94,197.38,20.74,41.52,0.07324,-1,-1,-1
36,-1,471.40,212.99,16.50,27.67,0.06354,-1,-1,-1
36,-1,413.33,180.56,19.94,65.00,0.05992,-1,-1,-1
36,-1,540.50,200.71,9.45,24.26,0.05943,-1,-1,-1
37,-1,273.78,79.82,161.89,375.09,0.99983,-1,-1,-1
37,-1,73.66,62.00,149.23,395.81,0.99950,-1,-1,-1
37,-1,452.10,187.29,27.54,81.21,0.99123,-1,-1,-1
37,-1,391.80,191.05,27.97,73.66,0.98114,-1,-1,-1
37,-1,0.62,114.94,51.75,115.69,0.98080,-1,-1,-1
37,-1,424.72,180.84,25.70,84.58,0.97951,-1,-1,-1
37,-1,441.40,171.22,25.42,94.28,0.96856,-1,-1,-1
37,-1,512.05,201.30,17.70,43.32,0.95576,-1,-1,-1
37,-1,2.60,115.52,66.86,216.63,0.93133,-1,-1,-1
37,-1,169.80,77.47,58.20,227.56,0.92023,-1,-1,-1
37,-1,497.49,195.83,16.49,42.32,0.49392,-1,-1,-1
37,-1,409.57,189.35,15.30,54.13,0.38604,-1,-1,-1
37,-1,529.59,208.07,9.72,33.09,0.37998,-1,-1,-1
37,-1,509.45,198.63,11.94,42.09,0.34426,-1,-1,-1
37,-1,441.27,170.74,25.22,47.30,0.32722,-1,-1,-1
37,-1,158.40,60.61,90.53,307.22,0.31681,-1,-1,-1
37,-1,14.94,178.78,73.31,148.61,0.28786,-1,-1,-1
37,-1,532.87,207.82,10.78,31.05,0.26557,-1,-1,-1
37,-1,535.03,211.39,12.73,24.65,0.19865,-1,-1,-1
37,-1,263.39,195.07,24.89,70.38,0.19307,-1,-1,-1
37,-1,18.77,149.10,63.56,125.14,0.13867,-1,-1,-1
37,-1,416.98,191.76,13.68,51.08,0.12654,-1,-1,-1
37,-1,506.10,198.16,9.90,40.32,0.10643,-1,-1,-1
37,-1,415.61,179.45,21.29,67.07,0.08653,-1,-1,-1
37,-1,264.56,205.11,14.37,55.17,0.07927,-1,-1,-1
37,-1,181.96,70.73,26.83,48.33,0.07209,-1,-1,-1
37,-1,182.37,71.05,59.74,151.63,0.06878,-1,-1,-1
37,-1,51.38,266.70,38.04,121.44,0.06396,-1,-1,-1
37,-1,44.65,204.82,49.43,177.43,0.05819,-1,-1,-1
37,-1,523.76,204.30,21.71,35.69,0.05300,-1,-1,-1
38,-1,281.59,72.37,167.55,394.18,0.99985,-1,-1,-1
38,-1,67.84,55.68,162.70,415.97,0.99914,-1,-1,-1
38,-1,457.22,189.27,27.95,81.90,0.99489,-1,-1,-1
38,-1,430.01,184.16,26.77,84.35,0.97508,-1,-1,-1
38,-1,0.55,114.79,54.28,113.60,0.97350,-1,-1,-1
38,-1,515.96,204.01,18.25,41.60,0.97338,-1,-1,-1
38,-1,397.55,195.50,27.45,72.11,0.97239,-1,-1,-1
38,-1,169.23,71.33,67.49,291.27,0.95651,-1,-1,-1
38,-1,2.87,110.83,59.10,230.23,0.94888,-1,-1,-1
38,-1,448.87,173.78,21.90,38.18,0.75792,-1,-1,-1
38,-1,448.44,174.75,21.00,87.68,0.73575,-1,-1,-1
38,-1,266.08,191.42,25.10,74.28,0.64165,-1,-1,-1
38,-1,535.48,207.32,9.48,35.78,0.57559,-1,-1,-1
38,-1,186.28,70.91,27.29,48.00,0.56231,-1,-1,-1
38,-1,506.16,196.80,13.34,42.23,0.55262,-1,-1,-1
38,-1,415.32,196.46,12.44,48.41,0.46300,-1,-1,-1
38,-1,28.60,163.82,65.56,231.03,0.41756,-1,-1,-1
38,-1,538.12,207.44,12.92,33.57,0.27908,-1,-1,-1
38,-1,421.83,189.32,15.03,54.88,0.24174,-1,-1,-1
38,-1,489.41,200.91,15.20,38.59,0.23156,-1,-1,-1
38,-1,271.16,188.86,33.75,78.50,0.22082,-1,-1,-1
38,-1,276.18,76.16,180.17,200.69,0.20395,-1,-1,-1
38,-1,184.04,74.17,39.97,72.06,0.17685,-1,-1,-1
38,-1,182.08,75.50,50.43,142.03,0.17065,-1,-1,-1
38,-1,541.45,214.50,14.40,27.25,0.14816,-1,-1,-1
38,-1,510.70,201.31,11.69,39.46,0.13131,-1,-1,-1
38,-1,481.96,200.64,19.57,42.05,0.12603,-1,-1,-1
38,-1,424.11,187.88,20.63,72.61,0.10268,-1,-1,-1
38,-1,536.61,207.36,6.17,26.56,0.09160,-1,-1,-1
38,-1,266.08,207.57,14.91,52.67,0.08930,-1,-1,-1
38,-1,16.86,88.04,131.76,345.78,0.07350,-1,-1,-1
38,-1,520.26,206.01,24.61,37.36,0.06734,-1,-1,-1
38,-1,449.03,182.59,13.82,56.72,0.06669,-1,-1,-1
38,-1,492.10,198.56,24.04,42.05,0.06232,-1,-1,-1
38,-1,550.21,198.94,10.15,27.20,0.05602,-1,-1,-1
39,-1,284.28,64.28,165.37,402.94,0.99980,-1,-1,-1
39,-1,67.94,47.60,159.86,426.52,0.99910,-1,-1,-1
39,-1,460.37,186.06,30.77,84.63,0.99338,-1,-1,-1
39,-1,432.63,182.94,27.10,83.94,0.98348,-1,-1,-1
39,-1,0.59,112.70,56.38,112.91,0.97489,-1,-1,-1
39,-1,180.14,71.36,53.80,197.75,0.96362,-1,-1,-1
39,-1,519.92,202.02,19.01,35.79,0.96150,-1,-1,-1
39,-1,402.78,190.72,25.72,77.84,0.96104,-1,-1,-1
39,-1,2.22,116.23,75.48,251.54,0.90534,-1,-1,-1
39,-1,450.84,170.63,24.23,83.24,0.87493,-1,-1,-1
39,-1,172.61,61.12,70.07,321.05,0.81975,-1,-1,-1
39,-1,267.21,189.16,24.54,74.56,0.81863,-1,-1,-1
39,-1,451.67,168.53,22.52,46.66,0.61946,-1,-1,-1
39,-1,418.01,195.85,14.30,47.88,0.31971,-1,-1,-1
39,-1,274.99,185.39,31.03,81.93,0.27464,-1,-1,-1
39,-1,29.00,163.22,60.89,225.44,0.22508,-1,-1,-1
39,-1,267.75,205.06,16.47,55.00,0.20928,-1,-1,-1
39,-1,286.99,191.76,13.49,15.27,0.18097,-1,-1,-1
39,-1,491.52,197.35,15.97,41.00,0.15577,-1,-1,-1
39,-1,283.10,69.03,179.63,176.05,0.13347,-1,-1,-1
39,-1,189.58,66.25,22.92,44.77,0.10308,-1,-1,-1
39,-1,0.95,119.16,43.98,206.82,0.10117,-1,-1,-1
39,-1,271.97,184.31,24.24,47.41,0.09450,-1,-1,-1
39,-1,183.69,67.04,40.84,106.74,0.09141,-1,-1,-1
39,-1,12.31,156.23,64.87,110.17,0.08553,-1,-1,-1
40,-1,65.92,48.70,164.80,420.31,0.99930,-1,-1,-1
40,-1,289.33,62.95,175.95,414.20,0.99911,-1,-1,-1
40,-1,464.62,188.99,29.78,81.85,0.99324,-1,-1,-1
40,-1,438.79,184.98,24.18,84.41,0.97377,-1,-1,-1
40,-1,178.83,76.18,60.37,262.89,0.96546,-1,-1,-1
40,-1,3.54,115.97,68.13,240.68,0.95895,-1,-1,-1
40,-1,271.14,193.13,23.94,71.39,0.94288,-1,-1,-1
40,-1,0.17,114.44,55.11,138.82,0.94124,-1,-1,-1
40,-1,524.83,203.38,18.36,26.78,0.91232,-1,-1,-1
40,-1,407.79,192.24,27.21,76.35,0.86553,-1,-1,-1
40,-1,280.72,192.00,36.11,75.64,0.76761,-1,-1,-1
40,-1,455.72,171.65,20.94,87.29,0.74514,-1,-1,-1
40,-1,456.29,171.24,20.08,44.95,0.65642,-1,-1,-1
40,-1,189.53,64.47,24.72,51.73,0.37804,-1,-1,-1
40,-1,290.83,73.93,175.44,196.28,0.33954,-1,-1,-1
40,-1,518.04,196.94,10.86,33.44,0.25668,-1,-1,-1
40,-1,270.80,210.26,15.47,53.17,0.24030,-1,-1,-1
40,-1,13.54,174.54,66.79,139.39,0.22388,-1,-1,-1
40,-1,421.41,198.98,13.88,48.71,0.19894,-1,-1,-1
40,-1,508.57,197.36,19.21,35.04,0.19510,-1,-1,-1
40,-1,184.94,64.74,38.59,93.10,0.19467,-1,-1,-1
40,-1,183.70,68.73,44.51,168.67,0.18509,-1,-1,-1
40,-1,36.37,183.50,56.11,210.14,0.17841,-1,-1,-1
40,-1,291.08,194.42,12.74,14.46,0.17769,-1,-1,-1
40,-1,422.42,186.24,22.57,69.59,0.17494,-1,-1,-1
40,-1,430.51,194.95,12.72,50.92,0.17343,-1,-1,-1
40,-1,14.96,124.09,65.23,140.39,0.16518,-1,-1,-1
40,-1,279.94,196.13,13.55,49.81,0.09066,-1,-1,-1
40,-1,157.91,48.11,94.98,342.62,0.08797,-1,-1,-1
40,-1,415.24,199.15,16.52,51.33,0.08510,-1,-1,-1
40,-1,281.65,187.17,12.54,26.53,0.06572,-1,-1,-1
40,-1,0.81,130.24,40.84,221.35,0.05406,-1,-1,-1
40,-1,276.69,187.21,24.71,45.84,0.05406,-1,-1,-1
40,-1,490.43,198.92,17.93,42.59,0.05116,-1,-1,-1
41,-1,291.02,63.29,179.21,416.71,0.99969,-1,-1,-1
41,-1,59.52,45.67,167.93,429.91,0.99930,-1,-1,-1
41,-1,440.22,186.67,24.34,82.56,0.98900,-1,-1,-1
41,-1,468.55,189.08,28.76,47.97,0.98728,-1,-1,-1
41,-1,178.93,70.46,61.52,212.37,0.96557,-1,-1,-1
41,-1,0.76,114.86,50.42,120.88,0.96003,-1,-1,-1
41,-1,272.82,205.67,20.86,58.45,0.90366,-1,-1,-1
41,-1,283.60,198.34,32.39,73.26,0.66625,-1,-1,-1
41,-1,162.65,51.44,75.71,342.46,0.63003,-1,-1,-1
41,-1,3.06,113.82,62.97,279.18,0.60329,-1,-1,-1
41,-1,274.04,195.07,30.12,74.80,0.51304,-1,-1,-1
41,-1,457.92,176.86,21.84,52.72,0.46327,-1,-1,-1
41,-1,413.76,201.70,19.49,66.95,0.43165,-1,-1,-1
41,-1,283.92,69.20,191.87,209.48,0.32011,-1,-1,-1
41,-1,524.81,203.69,21.91,19.91,0.15225,-1,-1,-1
41,-1,434.56,198.80,10.26,42.44,0.14040,-1,-1,-1
41,-1,518.61,196.05,10.82,29.20,0.12685,-1,-1,-1
41,-1,454.28,178.87,27.43,79.69,0.09687,-1,-1,-1
41,-1,408.37,190.06,31.34,84.19,0.08044,-1,-1,-1
41,-1,34.94,175.70,53.43,229.88,0.07676,-1,-1,-1
41,-1,8.29,134.42,64.70,130.15,0.07588,-1,-1,-1
41,-1,422.10,189.92,34.86,80.18,0.07537,-1,-1,-1
41,-1,465.60,189.34,19.47,42.74,0.06792,-1,-1,-1
41,-1,289.74,193.15,16.76,17.28,0.06679,-1,-1,-1
41,-1,441.88,187.18,22.48,43.88,0.06586,-1,-1,-1
41,-1,185.97,62.88,25.48,52.41,0.05311,-1,-1,-1
42,-1,286.90,53.72,185.94,426.28,0.99945,-1,-1,-1
42,-1,49.71,40.58,166.79,439.42,0.99878,-1,-1,-1
42,-1,465.83,187.76,33.67,37.65,0.99149,-1,-1,-1
42,-1,174.53,59.97,59.39,214.42,0.98123,-1,-1,-1
42,-1,0.16,107.29,43.67,118.80,0.96184,-1,-1,-1
42,-1,268.51,203.24,19.06,60.08,0.94513,-1,-1,-1
42,-1,1.08,100.87,47.00,220.02,0.87357,-1,-1,-1
42,-1,438.21,190.31,22.18,41.32,0.71735,-1,-1,-1
42,-1,279.26,195.30,27.36,75.49,0.58341,-1,-1,-1
42,-1,286.99,56.71,183.06,212.53,0.55192,-1,-1,-1
42,-1,8.98,113.22,60.36,297.72,0.40329,-1,-1,-1
42,-1,514.21,192.72,14.58,25.10,0.31658,-1,-1,-1
42,-1,151.19,41.79,80.21,379.48,0.25556,-1,-1,-1
42,-1,440.23,190.52,18.53,24.25,0.11473,-1,-1,-1
42,-1,180.28,57.60,26.26,55.11,0.10971,-1,-1,-1
42,-1,3.88,140.16,57.32,133.52,0.07966,-1,-1,-1
42,-1,264.30,210.59,8.16,23.79,0.07757,-1,-1,-1
42,-1,462.12,186.27,17.66,37.07,0.07065,-1,-1,-1
42,-1,285.96,195.28,9.74,15.19,0.05760,-1,-1,-1
42,-1,413.72,175.68,33.31,64.31,0.05364,-1,-1,-1
43,-1,48.59,29.12,169.80,448.01,0.99948,-1,-1,-1
43,-1,285.76,42.22,169.64,437.78,0.99913,-1,-1,-1
43,-1,464.08,189.76,28.82,31.62,0.99346,-1,-1,-1
43,-1,166.65,56.46,64.94,323.48,0.98207,-1,-1,-1
43,-1,0.00,105.66,41.62,119.02,0.96997,-1,-1,-1
43,-1,266.80,202.01,17.98,61.66,0.90550,-1,-1,-1
43,-1,1.20,98.03,48.20,267.59,0.86298,-1,-1,-1
43,-1,269.24,187.12,34.82,82.12,0.81623,-1,-1,-1
43,-1,293.13,52.97,181.08,171.35,0.62118,-1,-1,-1
43,-1,438.82,191.23,19.95,29.86,0.59087,-1,-1,-1
43,-1,431.53,171.89,27.99,51.12,0.33780,-1,-1,-1
43,-1,278.45,184.98,41.89,80.04,0.29627,-1,-1,-1
43,-1,277.31,183.98,16.40,28.25,0.20184,-1,-1,-1
43,-1,412.86,172.25,37.89,55.36,0.16256,-1,-1,-1
43,-1,435.52,169.93,26.52,28.41,0.15878,-1,-1,-1
43,-1,11.94,132.78,58.58,290.77,0.15730,-1,-1,-1
43,-1,4.59,162.17,51.83,147.41,0.14279,-1,-1,-1
43,-1,275.78,184.63,21.46,54.29,0.11934,-1,-1,-1
43,-1,285.50,190.06,26.91,17.23,0.10930,-1,-1,-1
43,-1,275.25,186.17,31.65,33.22,0.09682,-1,-1,-1
43,-1,104.58,40.94,126.15,252.32,0.08462,-1,-1,-1
43,-1,178.51,53.68,26.22,57.78,0.08334,-1,-1,-1
43,-1,448.20,186.99,14.10,30.00,0.08037,-1,-1,-1
43,-1,179.23,68.69,55.70,196.29,0.07563,-1,-1,-1
43,-1,445.12,189.25,41.95,34.90,0.06802,-1,-1,-1
43,-1,6.74,107.75,53.08,92.33,0.05642,-1,-1,-1
43,-1,536.78,206.54,18.77,17.33,0.05546,-1,-1,-1
43,-1,512.01,195.87,9.00,12.77,0.05512,-1,-1,-1
43,-1,557.99,202.83,24.30,19.77,0.05118,-1,-1,-1
44,-1,39.13,31.99,178.74,443.30,0.99953,-1,-1,-1
44,-1,284.52,35.33,193.41,444.67,0.99902,-1,-1,-1
44,-1,172.78,57.80,61.43,213.64,0.98514,-1,-1,-1
44,-1,0.00,104.61,41.87,120.22,0.97477,-1,-1,-1
44,-1,0.70,108.02,52.73,308.96,0.94981,-1,-1,-1
44,-1,269.01,184.61,34.31,86.26,0.91091,-1,-1,-1
44,-1,474.02,191.14,15.77,23.27,0.69552,-1,-1,-1
44,-1,275.78,48.81,213.40,211.44,0.58526,-1,-1,-1
44,-1,267.72,193.17,18.64,71.03,0.52161,-1,-1,-1
44,-1,162.00,43.75,78.77,341.06,0.50882,-1,-1,-1
44,-1,278.72,180.34,39.33,89.00,0.44678,-1,-1,-1
44,-1,466.25,189.98,23.71,33.80,0.27430,-1,-1,-1
44,-1,8.30,175.67,61.58,220.05,0.24524,-1,-1,-1
44,-1,277.49,185.32,17.73,35.84,0.15308,-1,-1,-1
44,-1,71.66,113.17,13.27,23.12,0.12738,-1,-1,-1
44,-1,271.39,184.83,23.92,54.14,0.11900,-1,-1,-1
44,-1,177.93,51.52,27.89,55.59,0.11653,-1,-1,-1
44,-1,0.88,187.75,57.37,141.75,0.09841,-1,-1,-1
44,-1,540.01,202.21,22.78,20.20,0.09123,-1,-1,-1
44,-1,105.01,30.92,114.93,301.26,0.07670,-1,-1,-1
44,-1,278.05,191.01,31.47,54.10,0.06532,-1,-1,-1
45,-1,37.97,24.38,185.33,451.93,0.99951,-1,-1,-1
45,-1,286.95,33.19,196.05,446.81,0.99921,-1,-1,-1
45,-1,173.18,54.87,61.00,271.09,0.98292,-1,-1,-1
45,-1,0.00,99.19,40.34,123.56,0.96191,-1,-1,-1
45,-1,272.50,185.40,33.73,83.04,0.94755,-1,-1,-1
45,-1,0.40,96.36,49.17,321.90,0.92815,-1,-1,-1
45,-1,268.61,186.65,23.37,76.55,0.84675,-1,-1,-1
45,-1,294.26,47.49,193.34,203.21,0.84136,-1,-1,-1
45,-1,147.06,30.07,81.60,379.26,0.30982,-1,-1,-1
45,-1,279.15,184.75,18.17,27.19,0.25088,-1,-1,-1
45,-1,507.18,201.65,24.77,18.64,0.24884,-1,-1,-1
45,-1,277.69,185.52,17.85,47.07,0.24723,-1,-1,-1
45,-1,177.80,48.24,28.85,57.69,0.21467,-1,-1,-1
45,-1,0.00,107.00,33.13,237.45,0.18771,-1,-1,-1
45,-1,280.53,186.75,37.78,50.85,0.15324,-1,-1,-1
45,-1,2.83,188.16,62.52,174.29,0.12022,-1,-1,-1
45,-1,117.66,31.38,116.15,224.45,0.06889,-1,-1,-1
45,-1,50.58,29.04,153.78,239.96,0.06624,-1,-1,-1
45,-1,276.41,171.74,59.61,96.11,0.06402,-1,-1,-1
45,-1,1.36,208.75,41.73,48.44,0.05009,-1,-1,-1
46,-1,288.18,32.28,203.33,447.08,0.99921,-1,-1,-1
46,-1,31.64,22.50,185.71,453.05,0.99908,-1,-1,-1
46,-1,170.83,48.22,62.31,240.56,0.98906,-1,-1,-1
46,-1,0.54,104.40,55.09,317.26,0.94106,-1,-1,-1
46,-1,271.64,183.55,48.43,87.49,0.93881,-1,-1,-1
46,-1,0.00,100.26,34.56,178.92,0.86380,-1,-1,-1
46,-1,291.98,41.04,202.76,211.50,0.85762,-1,-1,-1
46,-1,269.83,184.46,28.85,75.56,0.78214,-1,-1,-1
46,-1,278.73,185.60,17.05,48.34,0.63780,-1,-1,-1
46,-1,240.67,211.64,8.18,26.39,0.63091,-1,-1,-1
46,-1,268.08,193.77,17.58,67.14,0.47548,-1,-1,-1
46,-1,151.79,20.10,77.54,382.32,0.44261,-1,-1,-1
46,-1,278.05,185.95,35.80,53.09,0.22783,-1,-1,-1
46,-1,239.20,213.53,7.55,37.42,0.14881,-1,-1,-1
46,-1,130.81,26.37,104.00,223.49,0.13523,-1,-1,-1
46,-1,43.89,23.78,157.62,254.29,0.09777,-1,-1,-1
46,-1,8.54,83.95,109.58,376.43,0.07587,-1,-1,-1
46,-1,0.00,123.99,31.49,277.17,0.07388,-1,-1,-1
46,-1,0.91,100.28,35.67,88.51,0.06929,-1,-1,-1
46,-1,270.21,205.62,12.05,44.25,0.06653,-1,-1,-1
46,-1,174.97,47.32,31.98,53.07,0.06400,-1,-1,-1
47,-1,294.19,33.19,202.71,446.81,0.99968,-1,-1,-1
47,-1,29.25,17.82,186.86,457.56,0.99898,-1,-1,-1
47,-1,166.42,46.87,67.08,313.04,0.98615,-1,-1,-1
47,-1,0.18,92.88,33.28,124.00,0.94850,-1,-1,-1
47,-1,1.03,104.96,54.17,316.41,0.88968,-1,-1,-1
47,-1,272.81,182.57,54.20,86.18,0.86089,-1,-1,-1
47,-1,270.89,182.76,29.71,78.90,0.70480,-1,-1,-1
47,-1,294.08,36.30,208.94,221.37,0.37968,-1,-1,-1
47,-1,0.00,101.26,30.92,214.31,0.37500,-1,-1,-1
47,-1,128.55,19.48,98.01,291.65,0.30384,-1,-1,-1
47,-1,278.06,182.88,18.95,51.74,0.25001,-1,-1,-1
47,-1,242.18,210.31,8.75,25.60,0.18154,-1,-1,-1
47,-1,259.79,208.64,8.58,22.04,0.15959,-1,-1,-1
47,-1,175.90,39.91,65.79,205.37,0.15309,-1,-1,-1
47,-1,0.40,142.50,52.54,111.39,0.14220,-1,-1,-1
47,-1,0.00,176.63,35.84,243.28,0.08741,-1,-1,-1
47,-1,0.10,94.53,61.54,134.86,0.06352,-1,-1,-1
47,-1,266.42,161.33,79.69,119.18,0.05799,-1,-1,-1
48,-1,25.45,11.55,204.11,464.23,0.99913,-1,-1,-1
48,-1,285.69,19.69,216.62,460.31,0.99907,-1,-1,-1
48,-1,173.43,41.53,64.27,236.91,0.99046,-1,-1,-1
48,-1,0.00,97.40,44.76,322.98,0.93141,-1,-1,-1
48,-1,0.09,94.41,35.17,126.28,0.80925,-1,-1,-1
48,-1,279.20,182.92,21.67,41.77,0.58355,-1,-1,-1
48,-1,146.59,16.90,86.95,398.58,0.47337,-1,-1,-1
48,-1,244.98,208.54,10.08,25.48,0.47128,-1,-1,-1
48,-1,300.49,29.99,205.58,219.30,0.38001,-1,-1,-1
48,-1,0.20,110.67,31.32,219.70,0.30154,-1,-1,-1
48,-1,0.83,151.59,48.13,119.73,0.17260,-1,-1,-1
48,-1,191.14,64.01,48.02,324.58,0.16568,-1,-1,-1
48,-1,269.51,170.35,75.73,98.52,0.15824,-1,-1,-1
48,-1,260.94,206.15,9.42,24.89,0.09407,-1,-1,-1
48,-1,0.69,92.61,31.74,50.84,0.06041,-1,-1,-1
48,-1,11.86,142.88,51.87,266.74,0.05869,-1,-1,-1
48,-1,4.64,98.38,86.57,355.69,0.05623,-1,-1,-1
49,-1,291.10,18.06,215.80,461.94,0.99878,-1,-1,-1
49,-1,27.22,8.91,205.16,467.28,0.99866,-1,-1,-1
49,-1,173.92,40.10,64.92,247.05,0.99070,-1,-1,-1
49,-1,0.00,104.01,43.69,310.03,0.86070,-1,-1,-1
49,-1,0.18,93.91,32.49,125.58,0.85235,-1,-1,-1
49,-1,302.17,36.62,210.53,238.30,0.82873,-1,-1,-1
49,-1,152.57,17.44,78.86,401.38,0.78052,-1,-1,-1
49,-1,279.70,171.86,61.27,105.55,0.77079,-1,-1,-1
49,-1,486.81,189.43,14.60,16.16,0.49024,-1,-1,-1
49,-1,0.00,120.54,53.63,174.32,0.41141,-1,-1,-1
49,-1,284.51,184.13,17.01,35.49,0.21111,-1,-1,-1
49,-1,9.83,96.69,63.93,352.38,0.18684,-1,-1,-1
49,-1,181.20,37.75,30.21,59.72,0.14188,-1,-1,-1
49,-1,1.21,148.29,29.32,108.95,0.08801,-1,-1,-1
49,-1,177.60,41.68,40.08,88.57,0.07909,-1,-1,-1
49,-1,248.22,209.70,9.90,20.88,0.07861,-1,-1,-1
49,-1,0.69,91.77,28.35,55.30,0.05993,-1,-1,-1
49,-1,113.60,16.73,122.94,240.11,0.05993,-1,-1,-1
49,-1,35.49,13.32,158.53,277.40,0.05656,-1,-1,-1
49,-1,187.27,134.43,51.42,264.93,0.05018,-1,-1,-1
50,-1,19.84,2.72,212.67,473.44,0.99904,-1,-1,-1
50,-1,278.39,15.09,226.83,464.91,0.99796,-1,-1,-1
50,-1,171.25,37.36,68.79,258.98,0.99194,-1,-1,-1
50,-1,532.94,205.69,18.01,42.83,0.95585,-1,-1,-1
50,-1,557.96,210.37,12.96,32.66,0.94426,-1,-1,-1
50,-1,480.75,187.67,22.32,25.10,0.92561,-1,-1,-1
50,-1,547.61,207.97,11.51,35.47,0.91481,-1,-1,-1
50,-1,0.62,91.37,30.85,177.43,0.89741,-1,-1,-1
50,-1,155.71,18.19,77.36,400.03,0.73412,-1,-1,-1
50,-1,283.47,181.04,18.88,31.26,0.72951,-1,-1,-1
50,-1,0.00,112.01,42.66,285.05,0.54807,-1,-1,-1
50,-1,281.62,187.39,50.96,89.62,0.45774,-1,-1,-1
50,-1,2.53,96.02,57.16,195.51,0.42763,-1,-1,-1
50,-1,566.11,208.98,9.48,32.77,0.37194,-1,-1,-1
50,-1,282.34,209.38,30.86,69.75,0.29385,-1,-1,-1
50,-1,299.05,28.89,222.62,229.03,0.24523,-1,-1,-1
50,-1,30.11,9.88,170.93,285.16,0.24110,-1,-1,-1
50,-1,0.79,206.33,26.11,45.74,0.18542,-1,-1,-1
50,-1,0.66,90.74,27.62,49.05,0.16190,-1,-1,-1
50,-1,1.38,210.32,51.56,224.54,0.14173,-1,-1,-1
50,-1,2.35,77.86,95.83,381.25,0.09519,-1,-1,-1
50,-1,474.25,183.61,18.93,27.52,0.08234,-1,-1,-1
50,-1,9.52,96.07,32.16,98.89,0.06182,-1,-1,-1
50,-1,568.41,207.95,8.69,20.79,0.05685,-1,-1,-1
50,-1,1.86,132.05,32.80,92.47,0.05095,-1,-1,-1
51,-1,23.78,4.41,198.07,470.72,0.99913,-1,-1,-1
51,-1,299.39,10.88,209.91,469.12,0.99819,-1,-1,-1
51,-1,172.45,35.98,68.05,259.95,0.99024,-1,-1,-1
51,-1,483.76,188.31,23.53,51.95,0.94389,-1,-1,-1
51,-1,0.00,90.44,36.11,179.87,0.87297,-1,-1,-1
51,-1,126.37,6.56,114.59,413.27,0.74916,-1,-1,-1
51,-1,307.17,25.02,212.06,246.47,0.68158,-1,-1,-1
51,-1,0.81,111.31,47.40,325.85,0.66255,-1,-1,-1
51,-1,179.55,33.88,33.57,58.08,0.39807,-1,-1,-1
51,-1,275.42,182.74,48.25,97.44,0.39595,-1,-1,-1
51,-1,0.00,90.22,30.82,93.61,0.31497,-1,-1,-1
51,-1,484.09,188.67,20.97,28.97,0.25773,-1,-1,-1
51,-1,523.52,194.13,15.83,42.53,0.22211,-1,-1,-1
51,-1,0.14,208.09,25.85,43.09,0.15793,-1,-1,-1
51,-1,183.95,86.27,52.71,322.32,0.15379,-1,-1,-1
51,-1,0.90,89.31,28.09,51.95,0.13300,-1,-1,-1
51,-1,536.96,203.75,17.35,27.92,0.12519,-1,-1,-1
51,-1,0.00,210.40,34.42,230.25,0.12292,-1,-1,-1
51,-1,11.16,93.79,52.46,196.74,0.10604,-1,-1,-1
51,-1,10.56,75.67,71.15,378.06,0.09247,-1,-1,-1
51,-1,282.84,181.32,22.39,26.54,0.08433,-1,-1,-1
51,-1,176.39,33.35,47.17,102.57,0.05229,-1,-1,-1
52,-1,302.92,8.74,214.47,471.26,0.99877,-1,-1,-1
52,-1,22.44,3.27,201.08,476.73,0.99840,-1,-1,-1
52,-1,167.14,32.87,73.97,360.77,0.98757,-1,-1,-1
52,-1,0.00,90.43,35.49,182.68,0.85956,-1,-1,-1
52,-1,479.51,184.89,29.82,37.75,0.74249,-1,-1,-1
52,-1,298.78,22.50,223.37,231.11,0.57454,-1,-1,-1
52,-1,0.92,109.73,47.62,332.61,0.51462,-1,-1,-1
52,-1,1.90,77.78,54.24,220.37,0.33677,-1,-1,-1
52,-1,0.00,89.80,30.99,91.96,0.33509,-1,-1,-1
52,-1,283.62,176.64,52.32,101.60,0.26124,-1,-1,-1
52,-1,291.93,179.04,13.25,10.21,0.23315,-1,-1,-1
52,-1,186.12,145.35,53.21,259.34,0.16959,-1,-1,-1
52,-1,30.64,8.37,169.11,248.29,0.12664,-1,-1,-1
52,-1,459.80,163.86,48.00,59.89,0.10743,-1,-1,-1
52,-1,1.36,88.58,28.01,51.03,0.10676,-1,-1,-1
52,-1,1.87,70.87,84.84,386.03,0.09625,-1,-1,-1
52,-1,119.31,6.60,110.40,298.98,0.08724,-1,-1,-1
52,-1,0.26,208.53,30.82,42.51,0.05767,-1,-1,-1
53,-1,20.25,2.78,200.81,475.81,0.99881,-1,-1,-1
53,-1,303.57,12.28,217.28,467.72,0.99872,-1,-1,-1
53,-1,168.02,29.82,72.82,351.58,0.98519,-1,-1,-1
53,-1,299.23,18.14,234.37,216.17,0.95558,-1,-1,-1
53,-1,0.22,89.26,36.12,149.46,0.82593,-1,-1,-1
53,-1,0.00,89.04,43.06,310.48,0.51117,-1,-1,-1
53,-1,1.37,83.41,56.07,203.51,0.40181,-1,-1,-1
53,-1,0.16,89.78,30.57,85.49,0.37217,-1,-1,-1
53,-1,289.26,182.38,51.88,96.24,0.31110,-1,-1,-1
53,-1,186.51,158.58,52.13,250.08,0.14889,-1,-1,-1
53,-1,11.14,60.19,76.06,387.08,0.11457,-1,-1,-1
53,-1,0.28,209.27,20.23,41.38,0.09992,-1,-1,-1
53,-1,2.27,143.21,32.29,63.93,0.08459,-1,-1,-1
53,-1,1.14,88.76,26.98,48.23,0.07344,-1,-1,-1
53,-1,141.24,18.51,100.55,237.63,0.06901,-1,-1,-1
53,-1,34.47,10.98,164.46,236.79,0.05279,-1,-1,-1
54,-1,18.09,4.52,206.86,472.99,0.99865,-1,-1,-1
54,-1,302.99,7.96,214.25,472.04,0.99818,-1,-1,-1
54,-1,166.58,16.47,75.88,403.06,0.98124,-1,-1,-1
54,-1,310.80,20.66,222.80,216.14,0.85781,-1,-1,-1
54,-1,0.93,82.02,26.81,156.22,0.85410,-1,-1,-1
54,-1,1.34,87.89,45.47,206.87,0.64226,-1,-1,-1
54,-1,1.11,109.27,49.50,338.24,0.36402,-1,-1,-1
54,-1,294.90,178.61,12.31,8.35,0.33000,-1,-1,-1
54,-1,0.62,213.18,16.98,39.76,0.25204,-1,-1,-1
54,-1,186.90,147.18,52.25,266.27,0.13375,-1,-1,-1
54,-1,1.92,55.50,91.54,406.45,0.12501,-1,-1,-1
54,-1,0.94,90.35,29.06,74.32,0.10639,-1,-1,-1
54,-1,147.55,30.00,105.70,246.67,0.06659,-1,-1,-1
54,-1,0.51,213.59,34.94,230.20,0.05503,-1,-1,-1
55,-1,17.22,4.91,210.66,474.64,0.99846,-1,-1,-1
55,-1,299.21,6.27,219.23,473.73,0.99772,-1,-1,-1
55,-1,171.67,19.13,73.78,401.28,0.99158,-1,-1,-1
55,-1,0.00,88.16,32.36,144.42,0.89913,-1,-1,-1
55,-1,297.75,178.36,12.94,12.78,0.79086,-1,-1,-1
55,-1,566.04,134.92,37.97,42.17,0.78110,-1,-1,-1
55,-1,326.63,15.36,205.00,188.14,0.73480,-1,-1,-1
55,-1,1.22,96.26,50.06,356.24,0.45382,-1,-1,-1
55,-1,0.63,84.28,42.31,230.44,0.43359,-1,-1,-1
55,-1,188.54,143.28,52.59,273.50,0.18823,-1,-1,-1
55,-1,9.73,61.08,73.45,391.42,0.13969,-1,-1,-1
55,-1,0.77,89.15,33.01,72.34,0.12164,-1,-1,-1
55,-1,170.57,25.46,64.97,225.31,0.08834,-1,-1,-1
55,-1,12.16,85.90,50.32,203.81,0.08488,-1,-1,-1
55,-1,0.34,211.61,18.31,38.43,0.07917,-1,-1,-1
55,-1,293.76,178.13,12.34,11.85,0.07522,-1,-1,-1
55,-1,26.47,11.66,173.88,259.91,0.07372,-1,-1,-1
55,-1,0.38,214.02,39.72,231.80,0.05326,-1,-1,-1
55,-1,518.46,122.02,74.18,57.08,0.05167,-1,-1,-1
55,-1,123.65,10.92,124.66,277.68,0.05127,-1,-1,-1
56,-1,13.12,4.84,214.78,474.72,0.99828,-1,-1,-1
56,-1,303.64,18.43,219.98,448.58,0.99495,-1,-1,-1
56,-1,171.68,25.24,73.56,376.81,0.99080,-1,-1,-1
56,-1,0.06,88.67,33.16,166.71,0.89440,-1,-1,-1
56,-1,1.19,103.25,45.41,356.88,0.53278,-1,-1,-1
56,-1,326.82,15.47,209.23,214.82,0.46544,-1,-1,-1
56,-1,299.26,178.36,11.87,18.43,0.44431,-1,-1,-1
56,-1,0.53,87.94,32.95,81.35,0.35804,-1,-1,-1
56,-1,2.66,87.48,48.76,208.08,0.25772,-1,-1,-1
56,-1,3.05,56.29,97.46,411.51,0.16118,-1,-1,-1
56,-1,169.80,24.46,61.98,221.74,0.08917,-1,-1,-1
56,-1,186.95,164.97,51.58,252.67,0.08330,-1,-1,-1
56,-1,291.63,172.81,62.20,109.12,0.06734,-1,-1,-1
56,-1,26.89,14.11,170.44,285.90,0.05180,-1,-1,-1
57,-1,9.27,4.74,221.78,475.26,0.99809,-1,-1,-1
57,-1,314.67,5.66,245.06,474.34,0.99707,-1,-1,-1
57,-1,166.02,28.74,84.07,389.90,0.99416,-1,-1,-1
57,-1,0.06,89.02,35.63,162.73,0.89365,-1,-1,-1
57,-1,0.52,86.73,35.24,80.88,0.61880,-1,-1,-1
57,-1,0.60,95.89,41.23,305.03,0.51694,-1,-1,-1
57,-1,321.49,14.45,241.71,241.90,0.32965,-1,-1,-1
57,-1,137.24,11.97,110.56,258.85,0.14395,-1,-1,-1
57,-1,3.39,61.99,83.01,395.17,0.11310,-1,-1,-1
57,-1,8.07,89.96,47.45,215.10,0.09738,-1,-1,-1
57,-1,174.98,21.41,70.53,186.48,0.08350,-1,-1,-1
58,-1,10.20,2.04,227.84,475.02,0.99925,-1,-1,-1
58,-1,319.23,13.36,246.01,466.64,0.99795,-1,-1,-1
58,-1,174.46,19.24,78.41,396.26,0.98280,-1,-1,-1
58,-1,0.00,89.03,36.13,167.37,0.90973,-1,-1,-1
58,-1,0.41,85.99,36.49,84.87,0.73503,-1,-1,-1
58,-1,1.14,102.44,42.72,297.44,0.52637,-1,-1,-1
58,-1,1.76,141.43,49.71,140.55,0.31929,-1,-1,-1
58,-1,151.19,71.16,79.74,342.09,0.12779,-1,-1,-1
58,-1,3.35,64.70,77.98,393.75,0.10622,-1,-1,-1
58,-1,117.95,5.27,118.27,298.60,0.06766,-1,-1,-1
58,-1,185.91,153.93,54.40,267.83,0.05674,-1,-1,-1
58,-1,300.07,134.07,59.71,149.75,0.05282,-1,-1,-1
59,-1,9.78,2.57,226.22,473.13,0.99921,-1,-1,-1
59,-1,316.64,4.53,248.72,475.47,0.99713,-1,-1,-1
59,-1,170.67,26.84,85.97,367.34,0.99536,-1,-1,-1
59,-1,0.00,88.30,38.09,186.19,0.95361,-1,-1,-1
59,-1,3.24,86.28,46.77,355.87,0.65375,-1,-1,-1
59,-1,0.57,87.12,33.46,71.60,0.46305,-1,-1,-1
59,-1,339.68,16.69,231.20,235.20,0.19867,-1,-1,-1
59,-1,19.92,14.22,179.16,263.20,0.18879,-1,-1,-1
59,-1,248.96,158.19,15.92,34.73,0.18192,-1,-1,-1
59,-1,0.39,109.17,32.34,107.86,0.12450,-1,-1,-1
59,-1,188.89,220.03,52.54,202.02,0.09850,-1,-1,-1
59,-1,0.28,126.89,24.23,156.56,0.07760,-1,-1,-1
59,-1,8.11,92.50,45.93,204.33,0.07652,-1,-1,-1
59,-1,13.41,37.04,112.11,432.95,0.06175,-1,-1,-1
59,-1,0.12,117.46,27.20,305.32,0.05627,-1,-1,-1
60,-1,10.35,0.08,232.27,479.92,0.99877,-1,-1,-1
60,-1,324.65,4.32,222.83,475.68,0.99445,-1,-1,-1
60,-1,167.35,16.74,89.42,408.98,0.99348,-1,-1,-1
60,-1,0.91,86.78,42.26,217.13,0.96172,-1,-1,-1
60,-1,349.62,10.78,224.58,224.59,0.61513,-1,-1,-1
60,-1,1.77,71.89,49.66,396.16,0.56713,-1,-1,-1
60,-1,0.00,85.34,33.01,130.40,0.39450,-1,-1,-1
60,-1,0.88,84.36,28.01,55.23,0.23138,-1,-1,-1
60,-1,172.34,23.32,73.04,237.09,0.07332,-1,-1,-1
60,-1,7.06,57.18,71.59,331.36,0.06097,-1,-1,-1
60,-1,0.00,54.88,146.30,413.58,0.05614,-1,-1,-1
61,-1,322.60,1.29,230.86,478.71,0.99895,-1,-1,-1
61,-1,9.44,3.61,225.74,476.39,0.99880,-1,-1,-1
61,-1,166.25,22.75,91.24,403.12,0.99524,-1,-1,-1
61,-1,0.63,89.79,40.32,276.13,0.96107,-1,-1,-1
61,-1,0.28,81.25,28.47,53.46,0.75990,-1,-1,-1
61,-1,0.33,82.59,31.55,125.60,0.72334,-1,-1,-1
61,-1,334.82,7.77,243.58,205.63,0.55893,-1,-1,-1
61,-1,0.00,85.31,25.75,217.15,0.42740,-1,-1,-1
61,-1,0.81,53.47,59.75,414.76,0.38182,-1,-1,-1
61,-1,176.04,14.84,78.62,242.43,0.22563,-1,-1,-1
61,-1,2.81,33.36,103.53,378.57,0.09068,-1,-1,-1
62,-1,7.81,0.00,236.70,480.00,0.99945,-1,-1,-1
62,-1,320.35,0.00,255.90,480.00,0.99876,-1,-1,-1
62,-1,166.76,16.61,92.78,392.45,0.99632,-1,-1,-1
62,-1,0.41,86.09,39.96,243.40,0.96181,-1,-1,-1
62,-1,0.44,84.48,31.31,145.63,0.69068,-1,-1,-1
62,-1,1.32,63.44,48.59,403.18,0.58173,-1,-1,-1
62,-1,0.86,80.54,27.41,54.96,0.39726,-1,-1,-1
62,-1,21.69,6.41,186.55,272.01,0.22546,-1,-1,-1
62,-1,364.59,9.59,221.96,263.12,0.15764,-1,-1,-1
62,-1,3.49,34.65,87.95,425.06,0.13634,-1,-1,-1
62,-1,474.19,126.89,103.96,253.93,0.09302,-1,-1,-1
62,-1,483.27,143.05,71.42,124.61,0.07739,-1,-1,-1
62,-1,185.18,83.20,56.85,341.89,0.05150,-1,-1,-1
63,-1,10.56,0.00,238.63,479.61,0.99947,-1,-1,-1
63,-1,326.08,0.00,232.00,480.00,0.99836,-1,-1,-1
63,-1,167.85,16.55,91.85,396.02,0.99492,-1,-1,-1
63,-1,0.00,84.26,40.71,240.55,0.97485,-1,-1,-1
63,-1,566.15,196.18,19.04,48.94,0.95539,-1,-1,-1
63,-1,554.00,199.99,13.06,37.68,0.77384,-1,-1,-1
63,-1,0.17,86.70,27.10,85.91,0.60909,-1,-1,-1
63,-1,0.71,80.12,26.28,53.87,0.49787,-1,-1,-1
63,-1,530.86,194.33,23.76,31.07,0.45134,-1,-1,-1
63,-1,582.53,199.77,10.86,37.44,0.27445,-1,-1,-1
63,-1,341.49,4.04,239.21,214.66,0.16565,-1,-1,-1
63,-1,559.87,199.58,15.34,42.37,0.14895,-1,-1,-1
63,-1,2.88,41.43,74.62,374.77,0.12375,-1,-1,-1
63,-1,538.97,190.28,16.43,28.81,0.12157,-1,-1,-1
63,-1,573.46,200.48,18.05,38.95,0.06995,-1,-1,-1
64,-1,3.68,0.00,239.14,478.25,0.99909,-1,-1,-1
64,-1,328.68,0.00,242.82,480.00,0.99651,-1,-1,-1
64,-1,166.26,19.25,95.24,399.51,0.99569,-1,-1,-1
64,-1,500.79,190.80,28.17,79.04,0.96604,-1,-1,-1
64,-1,0.37,83.12,38.57,255.56,0.94345,-1,-1,-1
64,-1,570.47,195.85,18.04,46.21,0.92549,-1,-1,-1
64,-1,555.95,200.21,16.19,41.25,0.81242,-1,-1,-1
64,-1,0.00,83.90,28.10,115.92,0.61297,-1,-1,-1
64,-1,0.83,80.36,26.39,53.17,0.58657,-1,-1,-1
64,-1,567.83,199.67,12.72,42.75,0.37349,-1,-1,-1
64,-1,583.39,201.02,12.45,35.40,0.30013,-1,-1,-1
64,-1,530.44,192.31,26.78,43.71,0.22236,-1,-1,-1
64,-1,564.83,202.57,11.13,39.69,0.21006,-1,-1,-1
64,-1,484.43,169.83,53.02,98.90,0.20943,-1,-1,-1
64,-1,21.92,5.52,167.62,260.02,0.20590,-1,-1,-1
64,-1,1.04,84.07,50.82,151.25,0.14870,-1,-1,-1
64,-1,356.01,4.68,222.43,267.39,0.13078,-1,-1,-1
64,-1,554.37,200.04,10.91,36.59,0.10330,-1,-1,-1
64,-1,2.05,39.21,82.55,414.86,0.07769,-1,-1,-1
64,-1,574.22,201.25,10.87,36.92,0.06809,-1,-1,-1
64,-1,574.95,195.42,19.32,36.32,0.06775,-1,-1,-1
65,-1,3.43,0.00,242.85,476.62,0.99914,-1,-1,-1
65,-1,333.20,5.44,229.82,474.56,0.99654,-1,-1,-1
65,-1,173.98,13.22,85.96,395.57,0.99220,-1,-1,-1
65,-1,0.00,88.44,32.27,181.60,0.92779,-1,-1,-1
65,-1,502.28,192.88,26.06,75.71,0.86265,-1,-1,-1
65,-1,0.00,80.80,39.27,308.64,0.85837,-1,-1,-1
65,-1,0.19,82.06,25.70,117.37,0.82557,-1,-1,-1
65,-1,556.16,201.22,18.25,39.91,0.33648,-1,-1,-1
65,-1,0.86,78.37,25.38,53.96,0.30063,-1,-1,-1
65,-1,487.50,154.06,49.57,113.91,0.23142,-1,-1,-1
65,-1,348.23,5.91,250.42,234.79,0.21431,-1,-1,-1
65,-1,20.20,7.43,164.02,254.87,0.13928,-1,-1,-1
65,-1,573.10,198.12,16.56,43.10,0.11260,-1,-1,-1
65,-1,509.42,201.96,14.62,66.29,0.06914,-1,-1,-1
65,-1,2.84,36.14,86.83,418.37,0.05856,-1,-1,-1
66,-1,2.55,0.00,242.57,476.20,0.99915,-1,-1,-1
66,-1,324.10,1.45,227.41,478.49,0.99843,-1,-1,-1
66,-1,171.37,17.04,87.47,323.12,0.98896,-1,-1,-1
66,-1,0.31,84.45,40.82,228.87,0.91421,-1,-1,-1
66,-1,499.25,194.39,28.83,74.56,0.76343,-1,-1,-1
66,-1,0.02,83.70,26.12,160.28,0.71976,-1,-1,-1
66,-1,0.00,65.30,48.76,385.38,0.62410,-1,-1,-1
66,-1,122.25,0.00,132.34,451.09,0.55332,-1,-1,-1
66,-1,572.65,200.09,17.26,38.32,0.52166,-1,-1,-1
66,-1,0.49,86.12,23.24,75.07,0.44046,-1,-1,-1
66,-1,531.70,190.79,24.20,44.51,0.37165,-1,-1,-1
66,-1,484.23,139.10,78.93,132.96,0.35651,-1,-1,-1
66,-1,11.58,8.22,195.31,275.02,0.33784,-1,-1,-1
66,-1,485.21,159.52,46.90,108.35,0.29411,-1,-1,-1
66,-1,352.54,6.00,212.93,260.46,0.19955,-1,-1,-1
66,-1,555.20,201.89,20.71,39.17,0.13294,-1,-1,-1
66,-1,3.99,15.63,106.54,443.75,0.09695,-1,-1,-1
66,-1,1.63,80.80,21.82,47.88,0.07107,-1,-1,-1
66,-1,536.24,188.20,20.80,24.91,0.06881,-1,-1,-1
66,-1,530.38,138.46,36.90,32.23,0.05433,-1,-1,-1
66,-1,325.49,5.79,155.51,334.56,0.05024,-1,-1,-1
67,-1,2.37,0.00,242.98,477.23,0.99918,-1,-1,-1
67,-1,323.44,3.22,243.24,476.78,0.99666,-1,-1,-1
67,-1,171.99,18.19,89.24,393.54,0.99113,-1,-1,-1
67,-1,573.56,196.78,18.44,47.41,0.90769,-1,-1,-1
67,-1,0.00,70.41,35.11,362.59,0.89093,-1,-1,-1
67,-1,0.47,75.89,23.46,137.16,0.88037,-1,-1,-1
67,-1,504.57,193.45,23.56,75.24,0.77786,-1,-1,-1
67,-1,586.00,199.83,11.17,41.49,0.57947,-1,-1,-1
67,-1,555.44,202.67,18.20,36.60,0.52585,-1,-1,-1
67,-1,311.96,6.81,285.79,234.26,0.27824,-1,-1,-1
67,-1,2.24,78.02,43.29,219.22,0.25941,-1,-1,-1
67,-1,0.29,80.46,22.49,51.86,0.21694,-1,-1,-1
67,-1,565.44,201.39,11.03,38.64,0.14849,-1,-1,-1
67,-1,543.45,222.56,8.92,12.79,0.10368,-1,-1,-1
67,-1,130.72,0.00,108.42,447.42,0.09681,-1,-1,-1
67,-1,486.87,150.15,55.08,118.91,0.09086,-1,-1,-1
67,-1,2.76,27.60,89.32,430.36,0.08093,-1,-1,-1
67,-1,509.51,205.17,14.00,63.19,0.06972,-1,-1,-1
67,-1,183.11,14.26,74.69,236.65,0.05696,-1,-1,-1
67,-1,479.29,180.97,48.47,88.52,0.05130,-1,-1,-1
68,-1,6.30,0.02,228.36,476.30,0.99825,-1,-1,-1
68,-1,329.87,0.00,259.46,480.00,0.99779,-1,-1,-1
68,-1,169.54,16.06,93.10,394.06,0.98604,-1,-1,-1
68,-1,577.00,197.26,18.87,47.42,0.86388,-1,-1,-1
68,-1,0.00,84.39,37.70,269.15,0.83766,-1,-1,-1
68,-1,505.34,193.23,24.23,76.05,0.82380,-1,-1,-1
68,-1,0.20,84.63,24.23,105.62,0.71703,-1,-1,-1
68,-1,10.03,9.46,187.78,272.88,0.55534,-1,-1,-1
68,-1,586.06,196.36,12.88,47.29,0.49103,-1,-1,-1
68,-1,0.68,82.26,23.23,50.00,0.49067,-1,-1,-1
68,-1,555.82,201.79,18.34,35.38,0.35478,-1,-1,-1
68,-1,575.37,200.41,11.66,37.70,0.27967,-1,-1,-1
68,-1,543.48,221.85,11.88,14.44,0.16745,-1,-1,-1
68,-1,275.02,153.33,22.97,22.44,0.15949,-1,-1,-1
68,-1,320.84,7.89,289.40,229.42,0.14484,-1,-1,-1
68,-1,489.98,161.26,45.50,105.31,0.12213,-1,-1,-1
68,-1,533.49,196.83,24.81,37.86,0.11689,-1,-1,-1
68,-1,591.14,198.32,11.11,46.70,0.08028,-1,-1,-1
68,-1,491.26,140.56,69.42,133.68,0.07812,-1,-1,-1
68,-1,307.19,164.24,15.82,88.31,0.07059,-1,-1,-1
68,-1,196.02,39.07,67.21,275.71,0.06194,-1,-1,-1
68,-1,527.83,201.31,13.00,33.86,0.06152,-1,-1,-1
68,-1,486.66,144.93,85.61,69.45,0.05954,-1,-1,-1
68,-1,0.41,34.38,79.99,419.39,0.05081,-1,-1,-1
69,-1,3.75,0.00,235.31,475.84,0.99884,-1,-1,-1
69,-1,327.76,0.00,252.88,480.00,0.99820,-1,-1,-1
69,-1,170.70,7.42,91.36,413.86,0.98891,-1,-1,-1
69,-1,295.37,177.15,28.02,83.49,0.95258,-1,-1,-1
69,-1,0.00,74.36,34.87,323.28,0.88907,-1,-1,-1
69,-1,505.27,192.94,24.19,76.30,0.83992,-1,-1,-1
69,-1,0.23,77.95,24.12,126.82,0.75224,-1,-1,-1
69,-1,577.44,198.03,19.89,46.67,0.72188,-1,-1,-1
69,-1,556.60,199.47,19.30,38.85,0.56822,-1,-1,-1
69,-1,7.79,10.20,186.74,271.32,0.54267,-1,-1,-1
69,-1,0.67,77.15,23.95,54.41,0.47698,-1,-1,-1
69,-1,586.59,196.86,12.93,45.60,0.30346,-1,-1,-1
69,-1,544.23,221.29,9.00,14.74,0.26970,-1,-1,-1
69,-1,350.42,7.65,258.63,228.34,0.14679,-1,-1,-1
69,-1,490.59,164.20,40.29,102.92,0.13249,-1,-1,-1
69,-1,574.78,200.46,13.17,38.09,0.11242,-1,-1,-1
69,-1,4.43,83.81,42.74,230.72,0.09851,-1,-1,-1
69,-1,287.43,180.12,24.69,80.72,0.09735,-1,-1,-1
69,-1,3.90,17.95,103.14,441.46,0.08872,-1,-1,-1
69,-1,566.02,199.08,24.72,40.98,0.05680,-1,-1,-1
69,-1,174.25,18.90,65.12,236.16,0.05193,-1,-1,-1
70,-1,9.62,0.00,233.32,476.87,0.99918,-1,-1,-1
70,-1,330.77,1.49,243.93,478.51,0.99634,-1,-1,-1
70,-1,176.54,10.19,87.63,414.13,0.98840,-1,-1,-1
70,-1,293.33,176.22,30.09,84.62,0.98041,-1,-1,-1
70,-1,0.00,81.34,37.67,314.19,0.89113,-1,-1,-1
70,-1,580.21,195.65,21.21,51.59,0.83971,-1,-1,-1
70,-1,0.00,87.91,31.70,181.09,0.82856,-1,-1,-1
70,-1,504.85,194.34,24.79,74.67,0.80890,-1,-1,-1
70,-1,0.46,78.21,23.98,130.52,0.80124,-1,-1,-1
70,-1,290.48,197.56,21.74,60.20,0.71391,-1,-1,-1
70,-1,555.98,202.67,20.11,37.87,0.58819,-1,-1,-1
70,-1,8.86,9.39,199.38,279.18,0.55648,-1,-1,-1
70,-1,576.83,200.84,18.31,40.87,0.38123,-1,-1,-1
70,-1,331.69,11.95,269.59,240.47,0.28882,-1,-1,-1
70,-1,543.46,221.14,9.63,14.19,0.22131,-1,-1,-1
70,-1,264.35,199.81,20.83,44.52,0.21566,-1,-1,-1
70,-1,141.74,0.00,96.03,441.80,0.21063,-1,-1,-1
70,-1,0.80,80.23,23.70,55.65,0.18823,-1,-1,-1
70,-1,280.32,205.55,7.89,19.69,0.17334,-1,-1,-1
70,-1,287.56,207.98,8.30,22.85,0.16383,-1,-1,-1
70,-1,291.81,187.25,12.98,47.99,0.13789,-1,-1,-1
70,-1,292.09,204.62,12.02,40.36,0.13163,-1,-1,-1
70,-1,314.98,177.08,33.59,103.41,0.11684,-1,-1,-1
70,-1,185.28,16.53,75.58,233.38,0.08256,-1,-1,-1
70,-1,266.37,201.95,20.67,18.89,0.07972,-1,-1,-1
70,-1,575.00,204.48,10.70,33.14,0.06624,-1,-1,-1
70,-1,282.30,206.81,8.54,22.33,0.06525,-1,-1,-1
70,-1,591.45,198.37,12.33,47.89,0.05764,-1,-1,-1
70,-1,1.40,31.71,81.85,423.72,0.05548,-1,-1,-1
70,-1,275.24,204.55,14.28,22.10,0.05218,-1,-1,-1
71,-1,4.22,0.00,231.10,475.17,0.99876,-1,-1,-1
71,-1,324.48,2.99,235.54,477.01,0.99703,-1,-1,-1
71,-1,174.85,10.35,97.10,409.80,0.99318,-1,-1,-1
71,-1,296.07,177.93,27.08,83.53,0.97988,-1,-1,-1
71,-1,582.69,193.62,20.23,53.79,0.97930,-1,-1,-1
71,-1,0.00,83.81,34.83,297.44,0.91741,-1,-1,-1
71,-1,0.26,77.03,25.29,126.23,0.81858,-1,-1,-1
71,-1,504.62,193.75,24.66,74.60,0.80269,-1,-1,-1
71,-1,290.15,189.23,23.17,68.30,0.69496,-1,-1,-1
71,-1,264.80,198.46,21.38,42.72,0.55828,-1,-1,-1
71,-1,555.70,201.44,19.36,39.33,0.42624,-1,-1,-1
71,-1,0.52,82.62,23.35,68.13,0.42593,-1,-1,-1
71,-1,575.80,202.82,10.57,35.59,0.39372,-1,-1,-1
71,-1,304.06,175.48,40.46,102.23,0.31679,-1,-1,-1
71,-1,291.84,201.61,13.56,49.66,0.22899,-1,-1,-1
71,-1,329.78,17.04,258.88,233.65,0.22458,-1,-1,-1
71,-1,543.59,220.58,8.94,14.48,0.19518,-1,-1,-1
71,-1,9.85,8.96,187.93,263.44,0.17398,-1,-1,-1
71,-1,566.67,201.12,11.85,39.87,0.16769,-1,-1,-1
71,-1,270.51,197.56,16.48,26.23,0.13729,-1,-1,-1
71,-1,1.01,65.38,54.89,261.25,0.12021,-1,-1,-1
71,-1,278.56,201.69,8.70,23.35,0.10941,-1,-1,-1
71,-1,560.68,193.38,20.67,47.28,0.08674,-1,-1,-1
71,-1,491.56,168.03,37.45,102.59,0.08530,-1,-1,-1
71,-1,571.82,199.27,27.85,43.65,0.08072,-1,-1,-1
71,-1,571.10,202.17,10.89,38.46,0.07840,-1,-1,-1
71,-1,0.49,29.88,78.81,426.01,0.06643,-1,-1,-1
71,-1,137.85,0.00,98.45,437.82,0.06482,-1,-1,-1
71,-1,288.16,202.87,8.36,27.68,0.06161,-1,-1,-1
71,-1,290.10,203.71,9.80,33.83,0.05400,-1,-1,-1
71,-1,306.53,181.58,22.24,79.01,0.05331,-1,-1,-1
72,-1,4.83,0.00,229.04,475.29,0.99903,-1,-1,-1
72,-1,323.35,0.00,244.38,480.00,0.99842,-1,-1,-1
72,-1,178.44,11.16,92.71,404.42,0.99372,-1,-1,-1
72,-1,584.84,194.32,23.94,53.20,0.98772,-1,-1,-1
72,-1,295.28,177.84,28.02,83.78,0.98115,-1,-1,-1
72,-1,504.71,193.03,24.68,75.54,0.92022,-1,-1,-1
72,-1,0.09,87.91,36.57,296.60,0.88110,-1,-1,-1
72,-1,0.00,89.23,29.10,173.02,0.79920,-1,-1,-1
72,-1,555.39,201.71,19.50,38.04,0.64203,-1,-1,-1
72,-1,266.12,199.33,21.20,38.61,0.58464,-1,-1,-1
72,-1,290.54,190.19,18.15,67.47,0.51723,-1,-1,-1
72,-1,0.02,82.65,25.69,103.37,0.46931,-1,-1,-1
72,-1,574.73,203.62,12.27,35.00,0.42506,-1,-1,-1
72,-1,0.65,78.59,24.73,50.52,0.38585,-1,-1,-1
72,-1,334.20,7.46,201.09,243.73,0.33756,-1,-1,-1
72,-1,300.71,176.10,40.20,97.84,0.27407,-1,-1,-1
72,-1,2.26,78.17,47.82,179.75,0.18169,-1,-1,-1
72,-1,544.54,221.59,8.48,14.19,0.16849,-1,-1,-1
72,-1,562.59,202.30,22.55,37.52,0.15927,-1,-1,-1
72,-1,495.82,170.11,39.20,99.32,0.14485,-1,-1,-1
72,-1,566.85,201.72,11.03,39.21,0.09409,-1,-1,-1
72,-1,314.33,168.79,39.47,111.74,0.09000,-1,-1,-1
72,-1,290.91,187.90,14.40,44.35,0.08694,-1,-1,-1
72,-1,0.97,30.49,80.43,424.13,0.08346,-1,-1,-1
72,-1,183.05,15.16,80.10,233.71,0.06826,-1,-1,-1
72,-1,133.71,2.21,106.15,440.45,0.06682,-1,-1,-1
72,-1,13.49,6.17,183.23,257.06,0.06620,-1,-1,-1
72,-1,527.17,201.08,14.00,34.89,0.06374,-1,-1,-1
72,-1,270.08,198.75,16.37,22.95,0.06279,-1,-1,-1
72,-1,279.71,203.64,8.14,21.65,0.05672,-1,-1,-1
72,-1,373.69,7.94,220.42,177.67,0.05535,-1,-1,-1
72,-1,553.32,205.37,10.37,33.15,0.05514,-1,-1,-1
72,-1,217.69,31.25,26.51,56.71,0.05059,-1,-1,-1
73,-1,7.50,0.00,235.48,476.53,0.99928,-1,-1,-1
73,-1,318.96,2.89,256.03,476.21,0.99640,-1,-1,-1
73,-1,178.35,12.09,96.00,405.27,0.99438,-1,-1,-1
73,-1,585.81,195.95,23.22,51.79,0.99223,-1,-1,-1
73,-1,296.98,178.96,26.24,82.57,0.98528,-1,-1,-1
73,-1,493.99,190.08,34.66,79.35,0.91775,-1,-1,-1
73,-1,0.00,79.93,34.91,321.98,0.90725,-1,-1,-1
73,-1,290.88,193.44,23.20,65.22,0.84342,-1,-1,-1
73,-1,554.82,196.77,20.52,45.84,0.84160,-1,-1,-1
73,-1,575.04,202.39,12.96,35.59,0.77676,-1,-1,-1
73,-1,0.39,79.33,23.78,49.66,0.75119,-1,-1,-1
73,-1,300.15,176.50,36.63,102.72,0.73864,-1,-1,-1
73,-1,0.21,83.36,23.62,87.37,0.64389,-1,-1,-1
73,-1,0.00,78.80,25.57,187.34,0.56880,-1,-1,-1
73,-1,580.68,200.87,10.11,37.51,0.48380,-1,-1,-1
73,-1,333.41,5.99,212.28,229.79,0.35187,-1,-1,-1
73,-1,291.90,205.26,15.29,47.91,0.28659,-1,-1,-1
73,-1,583.79,197.74,12.57,43.98,0.26189,-1,-1,-1
73,-1,276.56,186.16,13.23,37.32,0.25091,-1,-1,-1
73,-1,1.74,84.95,45.39,155.56,0.22644,-1,-1,-1
73,-1,268.66,197.59,18.25,46.68,0.20258,-1,-1,-1
73,-1,270.16,195.44,16.80,27.15,0.17419,-1,-1,-1
73,-1,565.23,198.72,12.76,43.05,0.13227,-1,-1,-1
73,-1,598.53,201.55,10.75,44.01,0.11910,-1,-1,-1
73,-1,532.28,192.33,24.02,43.77,0.10992,-1,-1,-1
73,-1,0.00,35.24,71.60,416.40,0.10014,-1,-1,-1
73,-1,527.47,200.30,13.25,35.72,0.08850,-1,-1,-1
73,-1,292.31,188.19,11.95,39.35,0.08078,-1,-1,-1
73,-1,553.23,201.96,10.45,36.89,0.06281,-1,-1,-1
73,-1,20.25,8.82,182.22,255.65,0.05676,-1,-1,-1
73,-1,311.67,165.60,53.70,115.65,0.05009,-1,-1,-1
74,-1,6.77,0.00,241.85,476.56,0.99925,-1,-1,-1
74,-1,321.99,0.94,256.84,479.06,0.99674,-1,-1,-1
74,-1,171.90,19.56,99.55,406.71,0.99051,-1,-1,-1
74,-1,296.42,178.71,25.45,80.33,0.97851,-1,-1,-1
74,-1,585.36,195.28,23.49,52.78,0.95679,-1,-1,-1
74,-1,0.00,79.30,41.22,314.57,0.87724,-1,-1,-1
74,-1,495.98,192.62,32.18,76.61,0.82888,-1,-1,-1
74,-1,574.50,201.88,13.44,36.49,0.76459,-1,-1,-1
74,-1,0.26,79.62,23.69,48.17,0.76162,-1,-1,-1
74,-1,0.00,90.92,30.91,193.69,0.70624,-1,-1,-1
74,-1,290.94,197.48,22.59,60.07,0.69866,-1,-1,-1
74,-1,306.70,175.84,40.13,109.12,0.60266,-1,-1,-1
74,-1,553.86,200.10,20.71,40.03,0.58796,-1,-1,-1
74,-1,0.03,81.51,23.99,101.34,0.55644,-1,-1,-1
74,-1,13.44,6.46,195.33,276.76,0.52170,-1,-1,-1
74,-1,1.63,85.03,45.08,151.00,0.31243,-1,-1,-1
74,-1,292.03,205.28,14.20,46.17,0.27586,-1,-1,-1
74,-1,584.05,199.89,12.82,40.21,0.27267,-1,-1,-1
74,-1,339.49,6.21,221.00,242.20,0.26098,-1,-1,-1
74,-1,579.89,202.25,13.29,36.46,0.21736,-1,-1,-1
74,-1,491.94,148.84,59.02,122.01,0.18210,-1,-1,-1
74,-1,291.12,186.99,13.24,41.95,0.17323,-1,-1,-1
74,-1,0.34,35.29,77.51,396.18,0.13325,-1,-1,-1
74,-1,271.19,200.28,19.13,47.93,0.09918,-1,-1,-1
74,-1,526.65,193.10,26.45,43.72,0.06237,-1,-1,-1
74,-1,136.50,0.00,102.52,439.47,0.05904,-1,-1,-1
74,-1,184.96,12.62,78.81,238.32,0.05888,-1,-1,-1
74,-1,575.67,197.26,20.67,52.62,0.05459,-1,-1,-1
74,-1,539.20,200.56,29.17,38.09,0.05347,-1,-1,-1
75,-1,4.65,0.00,238.79,476.09,0.99897,-1,-1,-1
75,-1,322.58,0.00,248.60,480.00,0.99778,-1,-1,-1
75,-1,177.82,6.96,99.30,420.82,0.99530,-1,-1,-1
75,-1,291.31,177.57,30.34,82.38,0.99193,-1,-1,-1
75,-1,0.00,79.82,41.18,341.54,0.93438,-1,-1,-1
75,-1,0.00,86.14,31.94,207.67,0.82300,-1,-1,-1
75,-1,0.00,81.61,24.45,115.08,0.72006,-1,-1,-1
75,-1,307.46,177.07,51.08,97.76,0.63830,-1,-1,-1
75,-1,0.53,81.27,24.36,48.75,0.54353,-1,-1,-1
75,-1,593.92,192.69,20.11,30.96,0.52256,-1,-1,-1
75,-1,272.28,200.30,14.45,44.67,0.48803,-1,-1,-1
75,-1,352.77,6.86,237.55,241.64,0.38570,-1,-1,-1
75,-1,497.09,147.17,69.50,87.96,0.33701,-1,-1,-1
75,-1,491.21,187.36,36.36,62.56,0.24499,-1,-1,-1
75,-1,292.01,202.80,20.67,54.85,0.16730,-1,-1,-1
75,-1,272.31,198.49,14.04,25.07,0.12284,-1,-1,-1
75,-1,138.63,8.19,99.52,417.37,0.12084,-1,-1,-1
75,-1,0.21,38.39,75.78,395.53,0.12022,-1,-1,-1
75,-1,300.66,179.33,26.18,55.46,0.08892,-1,-1,-1
75,-1,302.86,180.97,30.75,80.18,0.07159,-1,-1,-1
75,-1,291.72,184.11,12.09,49.58,0.06481,-1,-1,-1
75,-1,527.55,190.26,29.52,44.28,0.05723,-1,-1,-1
75,-1,569.07,151.35,29.50,66.19,0.05015,-1,-1,-1
76,-1,10.45,0.00,231.70,477.33,0.99922,-1,-1,-1
76,-1,325.25,0.00,245.01,480.00,0.99652,-1,-1,-1
76,-1,179.21,9.41,98.55,405.58,0.99609,-1,-1,-1
76,-1,292.84,178.05,28.79,80.08,0.97315,-1,-1,-1
76,-1,0.00,79.21,38.89,279.87,0.91524,-1,-1,-1
76,-1,291.01,194.67,20.18,63.34,0.88403,-1,-1,-1
76,-1,0.19,78.86,24.79,122.47,0.75623,-1,-1,-1
76,-1,596.37,192.85,20.91,26.44,0.64094,-1,-1,-1
76,-1,315.70,5.27,275.88,240.91,0.61410,-1,-1,-1
76,-1,0.65,80.60,23.91,51.56,0.57093,-1,-1,-1
76,-1,306.69,174.43,55.79,100.20,0.35906,-1,-1,-1
76,-1,300.86,179.08,23.98,58.01,0.30161,-1,-1,-1
76,-1,272.31,197.17,14.93,46.79,0.22655,-1,-1,-1
76,-1,567.50,149.75,32.87,67.87,0.15238,-1,-1,-1
76,-1,341.96,151.69,175.47,320.19,0.08962,-1,-1,-1
76,-1,274.08,199.17,14.74,28.19,0.08507,-1,-1,-1
76,-1,122.10,0.00,136.95,451.97,0.08031,-1,-1,-1
76,-1,308.28,135.46,74.59,145.29,0.07991,-1,-1,-1
76,-1,293.09,205.49,13.63,42.91,0.07825,-1,-1,-1
76,-1,159.00,15.17,82.81,346.51,0.06575,-1,-1,-1
76,-1,2.03,25.09,90.74,427.37,0.05949,-1,-1,-1
76,-1,176.86,7.73,103.13,201.77,0.05041,-1,-1,-1
77,-1,8.70,0.00,233.74,476.18,0.99934,-1,-1,-1
77,-1,180.04,11.89,97.99,400.92,0.99501,-1,-1,-1
77,-1,331.39,0.00,229.69,480.00,0.99394,-1,-1,-1
77,-1,293.69,179.84,29.38,79.39,0.99146,-1,-1,-1
77,-1,0.00,86.60,39.16,261.14,0.90303,-1,-1,-1
77,-1,321.66,5.38,274.09,251.62,0.79119,-1,-1,-1
77,-1,0.42,77.53,25.48,136.29,0.72547,-1,-1,-1
77,-1,290.89,193.28,18.79,64.66,0.58136,-1,-1,-1
77,-1,0.63,81.89,23.54,51.71,0.46738,-1,-1,-1
77,-1,301.90,174.22,66.13,98.14,0.36862,-1,-1,-1
77,-1,273.71,199.74,15.09,43.63,0.17928,-1,-1,-1
77,-1,117.17,0.00,141.88,451.36,0.13518,-1,-1,-1
77,-1,300.92,142.52,100.81,137.16,0.12558,-1,-1,-1
77,-1,342.37,198.19,182.44,275.66,0.10130,-1,-1,-1
77,-1,292.50,193.35,11.83,50.18,0.09929,-1,-1,-1
77,-1,2.40,19.62,92.85,433.31,0.09545,-1,-1,-1
77,-1,12.30,7.02,183.44,251.17,0.05511,-1,-1,-1
77,-1,159.45,7.99,94.44,301.33,0.05240,-1,-1,-1
77,-1,1.28,77.14,51.19,177.45,0.05088,-1,-1,-1
77,-1,276.66,201.46,12.71,27.02,0.05013,-1,-1,-1
78,-1,9.21,0.00,232.11,476.00,0.99903,-1,-1,-1
78,-1,316.33,0.00,262.70,480.00,0.99758,-1,-1,-1
78,-1,179.01,10.72,100.11,405.32,0.99510,-1,-1,-1
78,-1,292.97,179.96,28.45,79.07,0.99494,-1,-1,-1
78,-1,0.00,86.92,40.98,294.61,0.90351,-1,-1,-1
78,-1,353.19,4.61,237.72,188.31,0.82275,-1,-1,-1
78,-1,0.33,77.76,24.78,127.24,0.80396,-1,-1,-1
78,-1,303.84,172.90,63.79,107.20,0.50431,-1,-1,-1
78,-1,290.64,188.14,19.46,69.92,0.38495,-1,-1,-1
78,-1,1.78,87.06,40.81,154.56,0.29386,-1,-1,-1
78,-1,0.81,79.50,23.61,52.16,0.25440,-1,-1,-1
78,-1,274.93,197.27,16.06,50.88,0.23344,-1,-1,-1
78,-1,598.90,193.50,22.40,21.85,0.16678,-1,-1,-1
78,-1,300.44,178.72,24.94,53.38,0.10987,-1,-1,-1
78,-1,339.66,2.33,182.02,327.69,0.10388,-1,-1,-1
78,-1,273.38,191.82,17.17,30.99,0.10275,-1,-1,-1
78,-1,318.18,186.72,8.81,28.46,0.09503,-1,-1,-1
78,-1,2.32,31.71,87.17,417.42,0.09201,-1,-1,-1
78,-1,292.26,190.63,12.15,54.08,0.08032,-1,-1,-1
78,-1,133.51,0.00,104.72,438.87,0.06072,-1,-1,-1
78,-1,532.93,196.36,36.60,28.64,0.05936,-1,-1,-1
78,-1,20.89,8.12,187.71,263.48,0.05817,-1,-1,-1
78,-1,310.85,11.40,129.52,263.79,0.05026,-1,-1,-1
79,-1,10.56,0.00,231.50,477.77,0.99905,-1,-1,-1
79,-1,327.01,0.00,244.09,480.00,0.99751,-1,-1,-1
79,-1,292.45,179.90,30.07,79.01,0.99475,-1,-1,-1
79,-1,181.99,2.31,94.11,421.06,0.99203,-1,-1,-1
79,-1,0.00,86.30,39.32,279.81,0.93465,-1,-1,-1
79,-1,335.27,0.00,250.24,199.52,0.76155,-1,-1,-1
79,-1,273.32,195.22,17.40,52.31,0.65355,-1,-1,-1
79,-1,0.09,80.88,27.68,187.88,0.51025,-1,-1,-1
79,-1,0.11,83.35,24.69,97.48,0.33040,-1,-1,-1
79,-1,299.29,171.68,62.75,91.89,0.24058,-1,-1,-1
79,-1,272.45,192.27,18.02,28.71,0.23185,-1,-1,-1
79,-1,0.44,81.84,23.13,51.08,0.22732,-1,-1,-1
79,-1,291.47,197.38,18.06,58.63,0.19980,-1,-1,-1
79,-1,142.77,11.96,91.46,416.21,0.14283,-1,-1,-1
79,-1,2.07,25.13,88.78,423.82,0.12976,-1,-1,-1
79,-1,301.27,179.39,24.27,55.83,0.09552,-1,-1,-1
79,-1,20.75,9.64,187.09,258.34,0.06690,-1,-1,-1
79,-1,1.86,82.96,44.56,153.39,0.06319,-1,-1,-1
79,-1,306.85,168.35,79.88,124.73,0.05651,-1,-1,-1
80,-1,11.26,0.00,232.40,478.33,0.99926,-1,-1,-1
80,-1,180.74,9.99,93.95,413.19,0.99781,-1,-1,-1
80,-1,320.22,0.00,251.47,480.00,0.99731,-1,-1,-1
80,-1,298.74,178.74,25.59,47.20,0.97621,-1,-1,-1
80,-1,0.00,85.59,38.57,251.01,0.92128,-1,-1,-1
80,-1,343.11,4.40,243.88,215.74,0.79146,-1,-1,-1
80,-1,272.15,196.56,18.92,46.69,0.48663,-1,-1,-1
80,-1,0.03,84.52,26.53,172.72,0.45291,-1,-1,-1
80,-1,271.43,197.33,19.58,20.12,0.32165,-1,-1,-1
80,-1,118.84,3.85,140.44,444.01,0.21410,-1,-1,-1
80,-1,292.32,177.17,21.16,51.18,0.15156,-1,-1,-1
80,-1,270.77,178.60,21.05,47.88,0.11796,-1,-1,-1
80,-1,291.59,184.39,12.61,42.71,0.09716,-1,-1,-1
80,-1,2.76,24.08,95.36,425.62,0.08678,-1,-1,-1
80,-1,298.23,174.60,72.86,88.01,0.07890,-1,-1,-1
80,-1,0.73,81.74,23.70,57.04,0.07790,-1,-1,-1
80,-1,596.71,169.83,26.40,44.07,0.06937,-1,-1,-1
80,-1,244.26,69.64,21.00,29.82,0.06577,-1,-1,-1
80,-1,157.33,9.92,96.68,313.11,0.05305,-1,-1,-1
81,-1,11.48,0.00,231.38,478.14,0.99869,-1,-1,-1
81,-1,324.46,0.00,236.63,480.00,0.99672,-1,-1,-1
81,-1,179.29,13.26,92.91,392.50,0.99226,-1,-1,-1
81,-1,300.45,178.31,23.04,36.27,0.94053,-1,-1,-1
81,-1,0.00,86.65,39.26,257.58,0.92727,-1,-1,-1
81,-1,378.58,8.97,205.91,187.53,0.89637,-1,-1,-1
81,-1,0.62,86.87,24.13,155.57,0.71547,-1,-1,-1
81,-1,123.28,3.42,133.48,432.26,0.34046,-1,-1,-1
81,-1,0.02,86.04,23.37,82.46,0.16411,-1,-1,-1
81,-1,0.75,82.09,23.45,47.68,0.12405,-1,-1,-1
81,-1,334.99,1.47,173.16,190.19,0.09499,-1,-1,-1
81,-1,1.44,33.42,86.29,412.78,0.08957,-1,-1,-1
81,-1,270.81,177.24,22.22,42.48,0.08208,-1,-1,-1
81,-1,24.40,9.01,182.82,262.75,0.06376,-1,-1,-1
81,-1,271.55,196.85,20.38,20.67,0.06283,-1,-1,-1
82,-1,8.64,0.00,233.90,478.78,0.99895,-1,-1,-1
82,-1,323.65,0.00,238.93,480.00,0.99627,-1,-1,-1
82,-1,181.63,7.74,90.40,406.50,0.98730,-1,-1,-1
82,-1,0.00,88.39,39.95,256.28,0.92125,-1,-1,-1
82,-1,379.59,0.55,198.66,184.96,0.81322,-1,-1,-1
82,-1,0.09,85.72,24.81,145.82,0.80230,-1,-1,-1
82,-1,300.53,177.72,17.83,23.56,0.79583,-1,-1,-1
82,-1,112.81,0.59,144.60,438.46,0.29455,-1,-1,-1
82,-1,0.40,81.35,23.52,53.18,0.25528,-1,-1,-1
82,-1,2.04,65.31,58.80,233.05,0.17415,-1,-1,-1
82,-1,1.86,30.42,88.55,419.10,0.15550,-1,-1,-1
82,-1,348.75,4.51,157.29,292.83,0.06221,-1,-1,-1
82,-1,293.07,178.40,20.66,27.41,0.05834,-1,-1,-1
82,-1,9.60,8.30,181.49,246.95,0.05038,-1,-1,-1
83,-1,7.13,0.00,239.30,479.97,0.99930,-1,-1,-1
83,-1,315.99,0.00,245.60,480.00,0.99589,-1,-1,-1
83,-1,177.40,16.81,97.53,388.34,0.99075,-1,-1,-1
83,-1,0.16,92.34,38.13,258.80,0.92294,-1,-1,-1
83,-1,371.12,3.49,207.40,202.87,0.75329,-1,-1,-1
83,-1,0.37,85.40,24.16,139.00,0.74709,-1,-1,-1
83,-1,158.72,26.72,79.68,402.54,0.24907,-1,-1,-1
83,-1,0.49,83.07,23.57,54.86,0.24443,-1,-1,-1
83,-1,2.06,29.28,91.10,422.45,0.12564,-1,-1,-1
83,-1,0.78,60.46,60.35,234.85,0.10489,-1,-1,-1
83,-1,338.58,6.56,163.50,164.38,0.08394,-1,-1,-1
83,-1,301.75,158.80,60.02,132.54,0.08351,-1,-1,-1
84,-1,8.38,0.00,235.85,480.00,0.99864,-1,-1,-1
84,-1,326.30,0.00,223.00,480.00,0.99434,-1,-1,-1
84,-1,168.60,15.12,94.48,411.52,0.98655,-1,-1,-1
84,-1,374.84,3.44,206.75,191.58,0.90478,-1,-1,-1
84,-1,0.17,87.72,36.13,242.15,0.83571,-1,-1,-1
84,-1,0.56,84.77,21.80,124.26,0.78249,-1,-1,-1
84,-1,0.45,78.00,50.88,350.53,0.48675,-1,-1,-1
84,-1,21.14,8.82,175.47,254.84,0.07668,-1,-1,-1
84,-1,0.62,82.33,20.58,44.48,0.06455,-1,-1,-1
85,-1,2.40,0.00,234.63,475.39,0.99883,-1,-1,-1
85,-1,314.89,0.00,235.43,480.00,0.99726,-1,-1,-1
85,-1,178.25,17.05,83.91,405.84,0.99186,-1,-1,-1
85,-1,612.06,191.99,26.32,55.73,0.97423,-1,-1,-1
85,-1,0.41,90.17,38.74,256.42,0.86608,-1,-1,-1
85,-1,0.60,86.57,22.25,123.79,0.82367,-1,-1,-1
85,-1,347.53,2.18,238.12,200.54,0.51197,-1,-1,-1
85,-1,1.47,68.62,50.38,384.61,0.47866,-1,-1,-1
85,-1,576.96,151.33,25.51,63.34,0.44578,-1,-1,-1
85,-1,2.46,30.93,93.94,416.48,0.13780,-1,-1,-1
85,-1,14.67,9.98,189.90,268.96,0.12860,-1,-1,-1
85,-1,561.19,142.88,39.67,69.30,0.09406,-1,-1,-1
85,-1,0.64,83.35,21.74,48.03,0.08515,-1,-1,-1
85,-1,295.53,152.28,65.49,136.75,0.06843,-1,-1,-1
86,-1,9.46,4.48,232.49,470.31,0.99819,-1,-1,-1
86,-1,321.23,0.00,234.86,480.00,0.99769,-1,-1,-1
86,-1,166.27,17.88,90.43,409.20,0.99224,-1,-1,-1
86,-1,616.35,193.66,22.62,55.25,0.92181,-1,-1,-1
86,-1,0.00,92.28,36.08,269.77,0.89132,-1,-1,-1
86,-1,0.31,83.99,23.36,126.22,0.76925,-1,-1,-1
86,-1,328.31,5.45,255.19,249.72,0.61170,-1,-1,-1
86,-1,560.22,204.67,13.52,39.27,0.61033,-1,-1,-1
86,-1,543.86,223.07,10.94,16.61,0.40391,-1,-1,-1
86,-1,575.58,204.89,11.68,33.68,0.32276,-1,-1,-1
86,-1,548.25,206.27,12.71,32.61,0.22345,-1,-1,-1
86,-1,19.85,9.27,163.21,262.83,0.20190,-1,-1,-1
86,-1,1.85,66.68,57.13,240.75,0.16219,-1,-1,-1
86,-1,550.75,215.78,8.57,23.55,0.14944,-1,-1,-1
86,-1,1.32,87.78,42.31,151.54,0.11659,-1,-1,-1
86,-1,391.98,25.60,195.49,162.72,0.11371,-1,-1,-1
86,-1,1.13,34.91,82.82,412.45,0.10567,-1,-1,-1
86,-1,553.70,214.93,9.35,24.09,0.07465,-1,-1,-1
86,-1,543.03,217.38,9.83,19.22,0.07094,-1,-1,-1
86,-1,585.43,201.58,10.64,35.09,0.06925,-1,-1,-1
86,-1,567.37,205.47,10.76,38.12,0.06745,-1,-1,-1
86,-1,550.05,222.40,6.46,16.93,0.05385,-1,-1,-1
87,-1,8.65,5.30,240.97,470.88,0.99902,-1,-1,-1
87,-1,328.14,0.00,236.66,480.00,0.99651,-1,-1,-1
87,-1,163.17,18.62,93.59,411.41,0.98411,-1,-1,-1
87,-1,499.22,191.85,28.28,77.83,0.94675,-1,-1,-1
87,-1,0.30,84.01,44.45,234.06,0.90445,-1,-1,-1
87,-1,615.92,196.51,23.21,53.34,0.89876,-1,-1,-1
87,-1,559.81,200.25,16.03,43.07,0.82750,-1,-1,-1
87,-1,546.17,203.97,14.52,35.40,0.74450,-1,-1,-1
87,-1,360.71,3.55,214.85,217.70,0.67887,-1,-1,-1
87,-1,0.00,84.58,23.44,173.53,0.65231,-1,-1,-1
87,-1,0.00,79.47,28.51,332.81,0.56042,-1,-1,-1
87,-1,574.95,203.69,12.07,33.99,0.54594,-1,-1,-1
87,-1,493.88,161.89,49.10,109.25,0.27712,-1,-1,-1
87,-1,0.00,46.98,65.51,407.07,0.18842,-1,-1,-1
87,-1,584.33,196.57,11.21,39.73,0.16281,-1,-1,-1
87,-1,21.50,11.88,165.21,249.82,0.15128,-1,-1,-1
87,-1,542.41,205.55,10.99,31.67,0.09264,-1,-1,-1
87,-1,571.37,202.48,11.49,37.41,0.06843,-1,-1,-1
87,-1,578.32,199.99,13.91,36.80,0.06580,-1,-1,-1
87,-1,0.01,86.48,20.66,93.06,0.06514,-1,-1,-1
87,-1,551.02,204.41,16.30,35.71,0.06180,-1,-1,-1
88,-1,3.01,0.00,244.19,475.29,0.99905,-1,-1,-1
88,-1,325.43,0.00,250.66,480.00,0.99681,-1,-1,-1
88,-1,169.05,25.04,88.02,404.00,0.98564,-1,-1,-1
88,-1,503.88,193.41,25.00,77.10,0.95726,-1,-1,-1
88,-1,0.00,88.86,31.72,268.62,0.89594,-1,-1,-1
88,-1,543.80,205.66,16.82,34.50,0.82422,-1,-1,-1
88,-1,0.29,82.15,24.02,146.28,0.76974,-1,-1,-1
88,-1,1.00,76.73,48.96,349.61,0.69224,-1,-1,-1
88,-1,359.61,7.46,223.78,241.49,0.65479,-1,-1,-1
88,-1,622.04,196.60,17.35,52.73,0.51657,-1,-1,-1
88,-1,560.39,203.98,16.93,40.75,0.43580,-1,-1,-1
88,-1,575.16,204.34,12.13,34.09,0.37325,-1,-1,-1
88,-1,167.83,18.88,97.03,217.90,0.23623,-1,-1,-1
88,-1,494.61,159.28,46.03,113.98,0.22999,-1,-1,-1
88,-1,549.37,205.80,25.23,37.69,0.17071,-1,-1,-1
88,-1,1.13,88.65,43.20,154.29,0.16397,-1,-1,-1
88,-1,21.47,8.32,187.02,263.95,0.10661,-1,-1,-1
88,-1,543.15,216.96,11.30,23.03,0.09884,-1,-1,-1
88,-1,0.69,84.85,22.91,66.78,0.09177,-1,-1,-1
88,-1,0.70,26.32,87.50,405.58,0.07600,-1,-1,-1
88,-1,557.79,208.24,12.59,33.17,0.06121,-1,-1,-1
88,-1,585.04,200.10,12.55,37.09,0.06048,-1,-1,-1
88,-1,549.70,209.14,14.45,30.65,0.05631,-1,-1,-1
88,-1,174.68,23.71,38.29,59.95,0.05112,-1,-1,-1
89,-1,11.30,0.00,233.57,479.22,0.99923,-1,-1,-1
89,-1,323.18,0.00,251.51,480.00,0.99718,-1,-1,-1
89,-1,170.50,25.13,85.10,401.48,0.98366,-1,-1,-1
89,-1,504.09,193.30,24.48,77.03,0.94418,-1,-1,-1
89,-1,0.00,83.37,39.04,294.43,0.92422,-1,-1,-1
89,-1,545.33,205.69,15.93,34.24,0.71961,-1,-1,-1
89,-1,0.19,82.92,24.48,159.93,0.62980,-1,-1,-1
89,-1,347.36,6.11,236.30,199.27,0.61745,-1,-1,-1
89,-1,624.61,200.40,14.79,48.55,0.58604,-1,-1,-1
89,-1,575.19,204.76,12.36,33.46,0.53686,-1,-1,-1
89,-1,0.86,83.54,23.05,49.98,0.23507,-1,-1,-1
89,-1,561.51,202.15,16.84,42.72,0.16719,-1,-1,-1
89,-1,494.50,159.89,41.38,110.59,0.13384,-1,-1,-1
89,-1,549.01,214.16,15.91,25.62,0.12846,-1,-1,-1
89,-1,1.48,32.41,83.93,420.42,0.12035,-1,-1,-1
89,-1,196.35,180.67,59.43,244.73,0.11915,-1,-1,-1
89,-1,584.85,206.96,11.38,29.84,0.11343,-1,-1,-1
89,-1,542.79,212.29,13.47,27.14,0.11334,-1,-1,-1
89,-1,160.48,17.14,100.44,212.41,0.08230,-1,-1,-1
89,-1,352.10,2.93,166.04,324.80,0.07968,-1,-1,-1
89,-1,560.30,204.75,10.46,33.80,0.06386,-1,-1,-1
89,-1,21.50,10.34,183.33,249.66,0.06081,-1,-1,-1
89,-1,3.54,80.49,50.51,168.82,0.05263,-1,-1,-1
89,-1,171.09,23.64,40.85,57.18,0.05239,-1,-1,-1
90,-1,5.74,0.27,250.24,479.73,0.99871,-1,-1,-1
90,-1,312.90,0.00,248.56,480.00,0.99697,-1,-1,-1
90,-1,165.94,29.00,94.37,395.59,0.97237,-1,-1,-1
90,-1,502.59,193.23,25.82,76.80,0.94007,-1,-1,-1
90,-1,0.00,82.78,40.81,314.07,0.91102,-1,-1,-1
90,-1,560.91,204.22,15.49,39.66,0.77614,-1,-1,-1
90,-1,543.93,205.35,17.90,35.24,0.73404,-1,-1,-1
90,-1,332.48,7.93,243.70,241.32,0.65582,-1,-1,-1
90,-1,0.11,83.14,23.51,157.79,0.64596,-1,-1,-1
90,-1,574.47,204.45,12.55,33.79,0.60597,-1,-1,-1
90,-1,495.26,188.84,23.41,78.26,0.39680,-1,-1,-1
90,-1,170.11,24.21,37.88,56.87,0.22488,-1,-1,-1
90,-1,300.46,163.64,69.96,124.02,0.17950,-1,-1,-1
90,-1,494.12,168.27,44.00,103.84,0.16929,-1,-1,-1
90,-1,1.13,85.69,45.84,168.48,0.11187,-1,-1,-1
90,-1,161.06,22.38,98.43,193.63,0.09485,-1,-1,-1
90,-1,0.54,30.26,79.59,422.50,0.08954,-1,-1,-1
90,-1,568.46,204.88,9.63,34.88,0.08941,-1,-1,-1
90,-1,584.32,211.40,10.52,25.52,0.08245,-1,-1,-1
90,-1,0.59,85.47,22.41,65.13,0.06158,-1,-1,-1
90,-1,197.15,141.87,63.54,282.27,0.06015,-1,-1,-1
90,-1,558.83,205.46,10.99,32.35,0.05673,-1,-1,-1
90,-1,14.28,11.63,171.84,310.96,0.05597,-1,-1,-1
91,-1,9.35,0.00,239.18,477.86,0.99904,-1,-1,-1
91,-1,326.43,0.00,242.26,480.00,0.99737,-1,-1,-1
91,-1,300.81,179.59,24.33,35.18,0.96015,-1,-1,-1
91,-1,502.56,193.05,25.65,76.65,0.94351,-1,-1,-1
91,-1,136.21,14.05,122.48,422.48,0.94344,-1,-1,-1
91,-1,0.00,81.20,22.66,122.31,0.94169,-1,-1,-1
91,-1,559.46,203.05,16.32,41.11,0.91615,-1,-1,-1
91,-1,543.25,205.65,15.80,34.24,0.90036,-1,-1,-1
91,-1,574.49,205.64,11.94,32.16,0.74705,-1,-1,-1
91,-1,0.88,80.27,45.77,341.44,0.72622,-1,-1,-1
91,-1,0.00,91.85,24.92,265.61,0.69403,-1,-1,-1
91,-1,617.22,173.49,22.33,51.41,0.68510,-1,-1,-1
91,-1,193.68,82.04,67.43,336.12,0.63170,-1,-1,-1
91,-1,332.90,7.57,242.26,248.52,0.50921,-1,-1,-1
91,-1,168.36,24.24,39.18,53.06,0.49100,-1,-1,-1
91,-1,584.21,208.71,11.97,27.87,0.27470,-1,-1,-1
91,-1,566.10,204.61,10.72,36.52,0.25289,-1,-1,-1
91,-1,170.89,20.97,79.14,258.20,0.18516,-1,-1,-1
91,-1,303.84,171.53,67.93,115.64,0.18093,-1,-1,-1
91,-1,495.90,188.05,22.67,79.66,0.16382,-1,-1,-1
91,-1,578.80,208.84,12.22,29.19,0.13463,-1,-1,-1
91,-1,0.53,29.80,80.39,423.81,0.10846,-1,-1,-1
91,-1,331.46,173.65,11.24,15.65,0.08194,-1,-1,-1
91,-1,297.52,179.69,10.93,19.21,0.07323,-1,-1,-1
91,-1,570.44,204.49,7.52,33.59,0.06313,-1,-1,-1
91,-1,551.67,206.04,14.12,34.91,0.05933,-1,-1,-1
91,-1,0.40,87.03,39.75,139.28,0.05751,-1,-1,-1
91,-1,525.58,200.66,17.56,35.38,0.05669,-1,-1,-1
91,-1,517.86,151.25,34.21,35.90,0.05048,-1,-1,-1
92,-1,2.35,0.00,254.74,476.90,0.99891,-1,-1,-1
92,-1,329.08,0.00,237.89,480.00,0.99714,-1,-1,-1
92,-1,591.51,172.27,48.18,94.06,0.99509,-1,-1,-1
92,-1,299.90,180.66,26.31,63.66,0.98363,-1,-1,-1
92,-1,503.27,194.15,25.29,75.86,0.97270,-1,-1,-1
92,-1,129.48,14.16,139.68,419.62,0.95458,-1,-1,-1
92,-1,543.16,206.30,15.61,33.68,0.89994,-1,-1,-1
92,-1,0.14,77.72,22.37,127.88,0.86194,-1,-1,-1
92,-1,0.00,87.74,35.49,324.78,0.79879,-1,-1,-1
92,-1,288.16,179.21,20.52,57.70,0.63317,-1,-1,-1
92,-1,197.46,105.76,70.73,316.01,0.62241,-1,-1,-1
92,-1,558.75,202.37,19.00,38.46,0.60411,-1,-1,-1
92,-1,167.85,24.54,39.51,52.51,0.57699,-1,-1,-1
92,-1,354.66,4.30,212.94,223.24,0.56691,-1,-1,-1
92,-1,302.98,168.55,68.48,103.02,0.45856,-1,-1,-1
92,-1,330.71,174.31,11.70,15.64,0.37727,-1,-1,-1
92,-1,153.35,24.26,100.65,248.40,0.35973,-1,-1,-1
92,-1,290.29,178.84,17.97,33.11,0.23189,-1,-1,-1
92,-1,494.88,167.49,42.42,104.34,0.18468,-1,-1,-1
92,-1,296.74,180.45,16.85,53.79,0.11574,-1,-1,-1
92,-1,16.68,14.00,186.15,317.09,0.10602,-1,-1,-1
92,-1,574.66,206.61,11.85,31.91,0.10403,-1,-1,-1
92,-1,1.45,23.75,87.07,430.54,0.08513,-1,-1,-1
92,-1,317.60,185.83,10.74,29.65,0.08340,-1,-1,-1
92,-1,608.43,190.43,31.57,67.66,0.06998,-1,-1,-1
92,-1,310.76,180.77,16.97,34.15,0.06466,-1,-1,-1
92,-1,0.37,87.27,39.34,138.57,0.06261,-1,-1,-1
93,-1,2.60,0.00,245.53,475.20,0.99860,-1,-1,-1
93,-1,328.31,0.00,240.92,480.00,0.99622,-1,-1,-1
93,-1,550.83,171.16,72.50,93.85,0.99213,-1,-1,-1
93,-1,268.69,193.67,19.42,56.25,0.98105,-1,-1,-1
93,-1,133.01,16.55,135.18,418.58,0.94831,-1,-1,-1
93,-1,300.06,181.14,23.71,70.66,0.94049,-1,-1,-1
93,-1,287.06,187.39,23.00,70.66,0.86412,-1,-1,-1
93,-1,0.17,88.73,23.38,114.88,0.78316,-1,-1,-1
93,-1,0.00,90.96,30.91,263.92,0.75989,-1,-1,-1
93,-1,166.66,25.68,41.12,50.89,0.75717,-1,-1,-1
93,-1,357.33,3.50,217.57,203.24,0.65697,-1,-1,-1
93,-1,499.10,191.25,28.09,79.82,0.63800,-1,-1,-1
93,-1,1.03,78.60,47.69,339.24,0.60376,-1,-1,-1
93,-1,304.45,168.90,68.98,106.47,0.52972,-1,-1,-1
93,-1,282.31,184.37,18.99,69.02,0.49029,-1,-1,-1
93,-1,194.31,38.92,78.07,391.04,0.34253,-1,-1,-1
93,-1,261.16,205.56,10.59,42.77,0.23044,-1,-1,-1
93,-1,330.62,174.07,11.82,16.63,0.22353,-1,-1,-1
93,-1,261.55,206.14,7.51,28.92,0.15982,-1,-1,-1
93,-1,283.65,182.19,21.35,36.70,0.15954,-1,-1,-1
93,-1,262.56,196.77,19.28,53.65,0.14783,-1,-1,-1
93,-1,281.12,191.91,13.35,55.96,0.11287,-1,-1,-1
93,-1,148.36,23.75,111.20,237.29,0.09880,-1,-1,-1
93,-1,7.44,10.72,180.62,309.23,0.09763,-1,-1,-1
93,-1,495.78,167.99,42.48,106.73,0.09648,-1,-1,-1
93,-1,293.18,180.12,14.07,29.87,0.09605,-1,-1,-1
93,-1,311.28,184.78,16.51,48.13,0.08482,-1,-1,-1
93,-1,516.43,151.50,36.28,29.11,0.07605,-1,-1,-1
93,-1,290.11,179.47,19.72,45.23,0.06989,-1,-1,-1
93,-1,317.77,186.79,11.68,28.65,0.06551,-1,-1,-1
93,-1,523.34,184.56,34.84,51.91,0.06434,-1,-1,-1
93,-1,251.94,203.68,18.24,44.95,0.06342,-1,-1,-1
93,-1,1.17,24.75,87.17,429.62,0.05996,-1,-1,-1
93,-1,0.40,87.09,21.87,63.29,0.05161,-1,-1,-1
94,-1,1.92,0.00,247.79,476.25,0.99911,-1,-1,-1
94,-1,331.87,0.00,238.75,480.00,0.99343,-1,-1,-1
94,-1,267.70,192.23,18.40,55.50,0.97874,-1,-1,-1
94,-1,156.16,28.30,112.33,393.81,0.95480,-1,-1,-1
94,-1,299.39,179.97,26.21,74.29,0.95411,-1,-1,-1
94,-1,284.56,181.81,25.02,75.10,0.91684,-1,-1,-1
94,-1,521.50,159.31,64.70,100.85,0.86086,-1,-1,-1
94,-1,0.00,91.72,36.57,299.38,0.83321,-1,-1,-1
94,-1,0.00,86.64,24.59,145.00,0.82341,-1,-1,-1
94,-1,351.84,2.37,225.63,188.70,0.70172,-1,-1,-1
94,-1,168.08,24.46,43.03,53.89,0.59596,-1,-1,-1
94,-1,331.25,174.13,10.92,17.68,0.53015,-1,-1,-1
94,-1,0.25,89.86,23.62,74.31,0.51970,-1,-1,-1
94,-1,260.56,205.83,10.31,41.17,0.43730,-1,-1,-1
94,-1,283.37,182.82,20.77,48.04,0.40323,-1,-1,-1
94,-1,261.61,206.78,7.44,21.26,0.20489,-1,-1,-1
94,-1,7.75,11.01,181.94,318.39,0.20232,-1,-1,-1
94,-1,307.89,171.76,62.54,111.93,0.18349,-1,-1,-1
94,-1,497.58,157.79,69.46,78.89,0.15756,-1,-1,-1
94,-1,262.12,199.96,15.08,47.97,0.15364,-1,-1,-1
94,-1,0.63,83.24,23.00,46.97,0.13455,-1,-1,-1
94,-1,146.53,22.00,108.53,232.54,0.12731,-1,-1,-1
94,-1,137.57,0.00,376.07,473.71,0.06769,-1,-1,-1
94,-1,295.81,180.68,14.24,49.86,0.06614,-1,-1,-1
94,-1,304.35,178.36,24.38,41.51,0.06536,-1,-1,-1
94,-1,252.05,205.05,19.10,48.77,0.06331,-1,-1,-1
94,-1,318.18,185.70,10.38,29.79,0.06112,-1,-1,-1
94,-1,289.56,180.36,17.15,34.63,0.06031,-1,-1,-1
94,-1,278.98,193.33,13.80,51.23,0.05841,-1,-1,-1
94,-1,2.08,24.79,91.30,430.31,0.05508,-1,-1,-1
95,-1,6.85,5.16,239.69,471.33,0.99878,-1,-1,-1
95,-1,331.63,0.00,242.81,480.00,0.99762,-1,-1,-1
95,-1,162.25,20.55,109.17,409.18,0.99023,-1,-1,-1
95,-1,265.71,192.20,18.32,56.16,0.98707,-1,-1,-1
95,-1,301.09,180.07,24.93,70.89,0.95926,-1,-1,-1
95,-1,285.97,184.06,23.79,72.03,0.91223,-1,-1,-1
95,-1,0.00,91.35,36.21,211.10,0.89682,-1,-1,-1
95,-1,358.19,5.37,218.23,232.90,0.71947,-1,-1,-1
95,-1,0.17,92.23,26.27,103.97,0.61588,-1,-1,-1
95,-1,280.95,184.84,19.21,64.90,0.51889,-1,-1,-1
95,-1,259.82,205.60,10.48,41.61,0.51067,-1,-1,-1
95,-1,330.64,173.55,11.68,21.44,0.48873,-1,-1,-1
95,-1,0.39,88.72,26.26,44.75,0.48395,-1,-1,-1
95,-1,0.00,76.64,47.76,374.51,0.48268,-1,-1,-1
95,-1,284.82,183.01,19.18,47.78,0.36214,-1,-1,-1
95,-1,279.76,193.23,12.40,50.52,0.25858,-1,-1,-1
95,-1,258.95,199.03,17.70,50.46,0.22416,-1,-1,-1
95,-1,291.04,179.29,16.57,33.44,0.20932,-1,-1,-1
95,-1,306.77,166.70,68.57,113.39,0.17348,-1,-1,-1
95,-1,281.59,185.21,15.08,37.15,0.15836,-1,-1,-1
95,-1,14.66,11.80,170.10,239.21,0.15745,-1,-1,-1
95,-1,261.10,206.67,7.13,22.60,0.14596,-1,-1,-1
95,-1,331.56,171.11,13.93,17.49,0.12077,-1,-1,-1
95,-1,172.26,23.98,40.12,55.90,0.12062,-1,-1,-1
95,-1,327.70,171.66,19.25,36.40,0.11662,-1,-1,-1
95,-1,295.72,178.98,12.73,22.75,0.10936,-1,-1,-1
95,-1,304.41,178.02,23.89,42.69,0.09706,-1,-1,-1
95,-1,153.21,21.01,110.99,222.68,0.07880,-1,-1,-1
95,-1,306.28,188.76,26.41,76.86,0.07397,-1,-1,-1
95,-1,133.55,0.00,386.04,475.63,0.06558,-1,-1,-1
95,-1,296.76,179.74,14.05,42.94,0.06252,-1,-1,-1
95,-1,248.62,226.51,12.05,29.08,0.06123,-1,-1,-1
95,-1,318.08,183.71,9.99,29.82,0.05923,-1,-1,-1
95,-1,250.27,202.73,19.42,52.13,0.05900,-1,-1,-1
95,-1,288.44,195.78,13.67,48.47,0.05867,-1,-1,-1
96,-1,6.06,0.00,241.55,479.66,0.99920,-1,-1,-1
96,-1,332.82,0.00,240.87,480.00,0.99824,-1,-1,-1
96,-1,160.03,16.01,112.43,410.40,0.99242,-1,-1,-1
96,-1,264.86,191.81,16.99,57.24,0.98095,-1,-1,-1
96,-1,299.42,179.86,26.51,71.98,0.97346,-1,-1,-1
96,-1,558.31,197.44,17.79,46.29,0.97331,-1,-1,-1
96,-1,0.00,89.54,38.14,208.67,0.96941,-1,-1,-1
96,-1,543.65,200.00,14.69,37.50,0.96571,-1,-1,-1
96,-1,288.05,185.38,23.38,71.82,0.80917,-1,-1,-1
96,-1,280.03,185.81,22.42,67.38,0.78571,-1,-1,-1
96,-1,355.77,5.40,221.10,225.82,0.75682,-1,-1,-1
96,-1,278.39,192.07,12.95,55.02,0.72169,-1,-1,-1
96,-1,505.10,191.07,24.38,72.29,0.70862,-1,-1,-1
96,-1,508.78,191.19,19.66,39.09,0.55745,-1,-1,-1
96,-1,0.57,86.57,27.17,128.34,0.49496,-1,-1,-1
96,-1,576.23,204.13,10.86,32.37,0.45983,-1,-1,-1
96,-1,585.45,206.42,11.08,28.71,0.34984,-1,-1,-1
96,-1,0.00,64.43,47.50,393.32,0.34980,-1,-1,-1
96,-1,9.08,12.75,188.56,272.60,0.26854,-1,-1,-1
96,-1,331.89,172.84,10.72,21.21,0.21965,-1,-1,-1
96,-1,568.81,198.56,9.11,41.68,0.21292,-1,-1,-1
96,-1,0.61,86.47,25.75,47.60,0.20770,-1,-1,-1
96,-1,284.53,180.86,21.94,46.16,0.20477,-1,-1,-1
96,-1,256.59,198.53,19.32,52.43,0.17194,-1,-1,-1
96,-1,295.04,179.30,12.12,24.74,0.15391,-1,-1,-1
96,-1,495.81,190.26,23.44,52.47,0.14461,-1,-1,-1
96,-1,553.72,203.01,12.44,33.56,0.14068,-1,-1,-1
96,-1,290.84,181.51,12.86,26.19,0.12589,-1,-1,-1
96,-1,278.99,185.83,18.48,40.08,0.12051,-1,-1,-1
96,-1,540.86,196.28,12.28,39.51,0.11354,-1,-1,-1
96,-1,302.00,172.65,61.02,92.85,0.10720,-1,-1,-1
96,-1,251.04,203.49,17.15,49.63,0.09298,-1,-1,-1
96,-1,317.57,186.07,10.65,32.75,0.07996,-1,-1,-1
96,-1,305.80,186.85,26.68,76.27,0.07731,-1,-1,-1
96,-1,171.16,22.56,42.34,55.57,0.07665,-1,-1,-1
96,-1,309.92,181.95,17.09,51.18,0.06970,-1,-1,-1
96,-1,146.27,27.36,27.22,36.18,0.06494,-1,-1,-1
96,-1,532.99,197.97,11.65,36.18,0.06364,-1,-1,-1
96,-1,257.67,206.11,11.12,40.11,0.05334,-1,-1,-1
96,-1,525.14,202.61,13.76,31.71,0.05208,-1,-1,-1
97,-1,1.79,0.00,234.01,476.94,0.99889,-1,-1,-1
97,-1,326.63,1.30,254.61,477.47,0.99573,-1,-1,-1
97,-1,174.44,14.47,97.88,415.50,0.99560,-1,-1,-1
97,-1,260.86,194.06,18.37,57.20,0.97230,-1,-1,-1
97,-1,300.45,180.14,25.68,72.67,0.96016,-1,-1,-1
97,-1,558.86,197.84,18.11,46.32,0.95977,-1,-1,-1
97,-1,0.00,91.17,38.34,215.37,0.95849,-1,-1,-1
97,-1,286.37,183.50,28.46,75.21,0.92935,-1,-1,-1
97,-1,280.72,183.45,23.17,71.06,0.90934,-1,-1,-1
97,-1,543.60,199.87,13.50,38.44,0.86049,-1,-1,-1
97,-1,500.64,189.93,26.69,83.62,0.80660,-1,-1,-1
97,-1,277.84,189.62,16.31,58.12,0.76547,-1,-1,-1
97,-1,347.87,7.01,232.16,252.17,0.63161,-1,-1,-1
97,-1,0.33,72.90,45.92,376.17,0.61374,-1,-1,-1
97,-1,576.01,204.37,11.07,32.67,0.56560,-1,-1,-1
97,-1,1.02,86.38,26.68,45.63,0.43501,-1,-1,-1
97,-1,0.58,85.75,27.56,134.57,0.39715,-1,-1,-1
97,-1,549.74,200.37,12.41,37.04,0.38330,-1,-1,-1
97,-1,11.66,12.82,199.07,277.34,0.33530,-1,-1,-1
97,-1,285.29,181.63,19.14,42.31,0.27944,-1,-1,-1
97,-1,331.09,173.78,11.44,18.55,0.25542,-1,-1,-1
97,-1,568.40,198.98,10.21,41.66,0.24810,-1,-1,-1
97,-1,585.16,204.27,11.79,31.92,0.21650,-1,-1,-1
97,-1,494.00,154.83,49.65,119.40,0.15982,-1,-1,-1
97,-1,302.77,173.58,57.30,91.58,0.15066,-1,-1,-1
97,-1,278.21,184.82,18.12,39.48,0.14717,-1,-1,-1
97,-1,265.20,190.82,10.57,14.59,0.12328,-1,-1,-1
97,-1,295.21,179.33,11.55,23.14,0.11711,-1,-1,-1
97,-1,308.76,180.65,17.91,52.97,0.10679,-1,-1,-1
97,-1,292.67,182.77,12.80,59.35,0.10630,-1,-1,-1
97,-1,264.57,191.41,11.58,28.86,0.09939,-1,-1,-1
97,-1,557.49,202.56,12.00,36.45,0.09769,-1,-1,-1
97,-1,253.85,223.67,17.09,27.71,0.07190,-1,-1,-1
97,-1,277.32,198.13,9.66,48.50,0.07169,-1,-1,-1
97,-1,534.33,194.79,25.22,43.32,0.06492,-1,-1,-1
97,-1,531.82,199.56,12.47,37.55,0.06317,-1,-1,-1
97,-1,290.17,181.73,15.64,29.40,0.05843,-1,-1,-1
97,-1,128.37,22.49,100.60,394.90,0.05706,-1,-1,-1
97,-1,296.12,180.66,15.20,50.67,0.05692,-1,-1,-1
97,-1,317.60,185.24,10.79,33.96,0.05497,-1,-1,-1
97,-1,4.02,25.14,101.55,433.35,0.05311,-1,-1,-1
97,-1,276.63,185.02,9.25,21.51,0.05283,-1,-1,-1
97,-1,525.71,198.53,13.89,37.65,0.05182,-1,-1,-1
97,-1,252.70,201.77,21.63,50.50,0.05063,-1,-1,-1
98,-1,5.55,0.00,229.35,479.24,0.99881,-1,-1,-1
98,-1,177.68,19.48,98.07,410.47,0.99647,-1,-1,-1
98,-1,325.29,1.59,256.33,464.66,0.99582,-1,-1,-1
98,-1,301.02,178.86,25.15,76.80,0.98728,-1,-1,-1
98,-1,503.51,191.71,25.86,77.96,0.96147,-1,-1,-1
98,-1,0.00,91.38,39.38,294.88,0.95401,-1,-1,-1
98,-1,559.17,200.93,15.46,42.90,0.92813,-1,-1,-1
98,-1,281.38,183.41,23.34,68.96,0.90191,-1,-1,-1
98,-1,543.25,201.76,13.47,37.21,0.88415,-1,-1,-1
98,-1,0.00,94.01,34.64,164.11,0.81107,-1,-1,-1
98,-1,362.51,8.54,217.03,272.51,0.78970,-1,-1,-1
98,-1,287.10,179.83,26.98,78.62,0.74792,-1,-1,-1
98,-1,264.24,196.28,13.37,53.68,0.71613,-1,-1,-1
98,-1,0.52,92.30,24.36,108.30,0.70698,-1,-1,-1
98,-1,0.80,85.99,28.54,46.77,0.59892,-1,-1,-1
98,-1,289.03,199.64,17.13,57.40,0.59616,-1,-1,-1
98,-1,332.34,173.91,11.39,22.10,0.58947,-1,-1,-1
98,-1,576.13,204.37,12.54,33.28,0.53877,-1,-1,-1
98,-1,277.70,188.03,18.16,59.67,0.34293,-1,-1,-1
98,-1,496.14,171.62,40.98,96.98,0.33190,-1,-1,-1
98,-1,567.46,202.09,10.46,38.95,0.32923,-1,-1,-1
98,-1,328.64,172.85,17.83,32.89,0.27178,-1,-1,-1
98,-1,551.09,203.79,11.83,34.23,0.24250,-1,-1,-1
98,-1,309.15,173.33,69.95,103.67,0.24161,-1,-1,-1
98,-1,585.98,205.39,10.47,31.06,0.19339,-1,-1,-1
98,-1,285.97,182.16,18.35,44.63,0.18937,-1,-1,-1
98,-1,571.73,202.34,7.53,36.34,0.18586,-1,-1,-1
98,-1,295.82,178.78,11.50,24.02,0.16977,-1,-1,-1
98,-1,278.09,196.81,10.37,49.92,0.14671,-1,-1,-1
98,-1,259.27,217.98,15.61,31.63,0.11714,-1,-1,-1
98,-1,525.67,200.63,14.25,35.66,0.10692,-1,-1,-1
98,-1,146.43,24.59,26.35,41.11,0.10069,-1,-1,-1
98,-1,496.15,187.21,18.97,77.74,0.09617,-1,-1,-1
98,-1,539.06,190.78,20.92,48.14,0.08366,-1,-1,-1
98,-1,289.26,179.72,17.92,30.44,0.07238,-1,-1,-1
98,-1,254.04,223.62,17.58,27.61,0.06712,-1,-1,-1
98,-1,9.84,11.46,190.51,259.78,0.06256,-1,-1,-1
98,-1,253.37,191.38,23.44,59.54,0.06160,-1,-1,-1
98,-1,561.70,201.98,23.06,41.84,0.05681,-1,-1,-1
99,-1,5.50,0.00,229.39,479.08,0.99900,-1,-1,-1
99,-1,312.04,0.42,265.17,469.46,0.99838,-1,-1,-1
99,-1,179.05,20.83,98.28,409.31,0.99784,-1,-1,-1
99,-1,301.04,178.98,24.39,75.79,0.97597,-1,-1,-1
99,-1,558.99,198.80,16.91,46.25,0.97018,-1,-1,-1
99,-1,504.31,191.75,24.83,78.66,0.94860,-1,-1,-1
99,-1,0.00,90.74,36.94,214.13,0.93692,-1,-1,-1
99,-1,278.56,182.40,26.40,60.64,0.93382,-1,-1,-1
99,-1,543.55,201.55,13.43,38.17,0.82422,-1,-1,-1
99,-1,0.58,85.36,28.07,46.22,0.72023,-1,-1,-1
99,-1,286.34,179.63,28.28,78.83,0.68511,-1,-1,-1
99,-1,0.00,72.48,46.26,377.44,0.63351,-1,-1,-1
99,-1,0.16,87.98,28.59,110.41,0.60573,-1,-1,-1
99,-1,362.45,7.37,213.81,220.32,0.54495,-1,-1,-1
99,-1,576.03,204.64,11.91,33.40,0.43386,-1,-1,-1
99,-1,331.02,174.61,12.86,24.14,0.32533,-1,-1,-1
99,-1,288.61,197.94,17.53,57.30,0.32516,-1,-1,-1
99,-1,260.04,212.83,15.84,37.89,0.31157,-1,-1,-1
99,-1,495.99,164.50,42.63,106.71,0.28695,-1,-1,-1
99,-1,551.35,203.30,11.81,35.62,0.28326,-1,-1,-1
99,-1,585.16,208.03,11.62,28.11,0.22936,-1,-1,-1
99,-1,305.26,174.51,68.12,93.43,0.21742,-1,-1,-1
99,-1,564.29,200.72,18.72,42.25,0.21235,-1,-1,-1
99,-1,295.37,179.09,12.72,24.87,0.20743,-1,-1,-1
99,-1,568.69,201.41,9.13,40.19,0.16107,-1,-1,-1
99,-1,286.69,180.59,19.32,41.41,0.13396,-1,-1,-1
99,-1,328.30,172.38,18.34,34.49,0.12709,-1,-1,-1
99,-1,296.19,180.79,11.07,53.46,0.12042,-1,-1,-1
99,-1,332.84,174.18,11.39,13.39,0.11951,-1,-1,-1
99,-1,145.28,26.70,24.75,36.27,0.09104,-1,-1,-1
99,-1,317.56,183.11,9.99,29.38,0.06638,-1,-1,-1
99,-1,0.06,111.44,18.35,92.53,0.06154,-1,-1,-1
99,-1,278.88,192.58,11.49,53.90,0.05502,-1,-1,-1
99,-1,3.70,20.11,104.02,437.59,0.05420,-1,-1,-1
99,-1,181.37,21.77,88.98,191.71,0.05303,-1,-1,-1
100,-1,2.01,0.00,233.17,476.97,0.99885,-1,-1,-1
100,-1,181.93,19.04,96.70,402.74,0.99847,-1,-1,-1
100,-1,315.42,0.00,263.09,480.00,0.99790,-1,-1,-1
100,-1,300.87,179.16,25.70,76.95,0.98925,-1,-1,-1
100,-1,557.69,197.68,17.83,47.16,0.96136,-1,-1,-1
100,-1,504.66,192.00,24.09,77.35,0.95613,-1,-1,-1
100,-1,0.00,88.52,36.56,203.18,0.95536,-1,-1,-1
100,-1,279.75,182.43,25.03,70.23,0.90125,-1,-1,-1
100,-1,543.19,198.57,11.18,41.34,0.85443,-1,-1,-1
100,-1,0.68,82.71,45.12,322.06,0.74480,-1,-1,-1
100,-1,347.64,5.76,228.57,252.42,0.71515,-1,-1,-1
100,-1,0.47,90.99,23.02,112.19,0.66270,-1,-1,-1
100,-1,330.52,173.25,13.57,28.63,0.62880,-1,-1,-1
100,-1,0.76,83.96,27.89,47.85,0.55422,-1,-1,-1
100,-1,287.75,187.72,23.82,69.59,0.43408,-1,-1,-1
100,-1,574.74,204.45,12.49,33.37,0.24646,-1,-1,-1
100,-1,544.73,219.14,7.72,20.36,0.23848,-1,-1,-1
100,-1,549.87,200.83,11.78,37.52,0.23656,-1,-1,-1
100,-1,292.97,179.54,13.07,57.61,0.21122,-1,-1,-1
100,-1,332.15,173.50,11.16,15.30,0.18826,-1,-1,-1
100,-1,304.72,175.15,59.46,90.15,0.17398,-1,-1,-1
100,-1,563.82,199.85,19.49,42.71,0.17245,-1,-1,-1
100,-1,294.81,178.88,12.15,23.42,0.16798,-1,-1,-1
100,-1,585.87,205.30,11.61,30.29,0.14418,-1,-1,-1
100,-1,525.65,200.52,13.64,35.92,0.13992,-1,-1,-1
100,-1,257.20,181.94,22.38,68.24,0.13298,-1,-1,-1
100,-1,258.78,214.12,16.06,36.33,0.12929,-1,-1,-1
100,-1,279.05,196.16,10.79,51.61,0.12910,-1,-1,-1
100,-1,499.08,153.91,46.38,112.79,0.11479,-1,-1,-1
100,-1,569.06,199.63,8.80,41.37,0.11270,-1,-1,-1
100,-1,540.88,190.82,18.92,49.55,0.10855,-1,-1,-1
100,-1,311.69,166.31,79.06,113.17,0.09615,-1,-1,-1
100,-1,4.03,14.52,115.32,444.40,0.08779,-1,-1,-1
100,-1,571.43,203.23,9.96,36.46,0.08202,-1,-1,-1
100,-1,331.32,171.61,39.67,29.20,0.07049,-1,-1,-1
100,-1,245.71,70.26,18.33,25.70,0.07016,-1,-1,-1
100,-1,530.92,198.23,22.31,40.70,0.06724,-1,-1,-1
100,-1,524.54,207.23,9.52,29.63,0.06613,-1,-1,-1
100,-1,286.29,180.19,20.55,32.61,0.06591,-1,-1,-1
100,-1,273.39,185.53,17.84,61.75,0.06152,-1,-1,-1
100,-1,279.13,184.72,18.47,45.21,0.06050,-1,-1,-1
100,-1,530.29,199.24,12.90,37.46,0.05772,-1,-1,-1
100,-1,183.30,20.08,88.67,196.63,0.05221,-1,-1,-1
100,-1,272.14,211.65,13.24,36.03,0.05094,-1,-1,-1
101,-1,2.41,0.00,230.11,476.79,0.99898,-1,-1,-1
101,-1,183.46,20.86,99.04,407.39,0.99861,-1,-1,-1
101,-1,326.74,0.00,247.95,477.66,0.99691,-1,-1,-1
101,-1,300.56,178.85,25.28,75.89,0.98292,-1,-1,-1
101,-1,0.00,87.54,36.79,209.74,0.95972,-1,-1,-1
101,-1,557.34,197.50,18.67,47.13,0.95935,-1,-1,-1
101,-1,503.41,192.62,25.52,77.68,0.94898,-1,-1,-1
101,-1,280.65,182.54,25.70,72.69,0.94035,-1,-1,-1
101,-1,542.75,201.18,12.54,38.37,0.90464,-1,-1,-1
101,-1,0.35,77.54,44.69,358.25,0.79914,-1,-1,-1
101,-1,0.27,85.96,30.08,112.17,0.69866,-1,-1,-1
101,-1,351.49,5.26,215.86,219.34,0.52705,-1,-1,-1
101,-1,544.55,199.90,19.04,40.52,0.45284,-1,-1,-1
101,-1,565.20,198.92,12.85,43.47,0.41659,-1,-1,-1
101,-1,574.65,205.38,12.60,32.34,0.36846,-1,-1,-1
101,-1,288.98,181.11,30.70,75.46,0.30296,-1,-1,-1
101,-1,0.88,83.82,28.46,50.86,0.30282,-1,-1,-1
101,-1,301.89,176.95,48.33,83.96,0.29731,-1,-1,-1
101,-1,585.03,199.14,12.25,36.15,0.29169,-1,-1,-1
101,-1,525.18,199.81,16.12,36.85,0.25976,-1,-1,-1
101,-1,552.99,202.73,16.25,39.57,0.22913,-1,-1,-1
101,-1,295.60,178.73,11.65,24.65,0.15900,-1,-1,-1
101,-1,496.94,164.79,43.71,105.85,0.15519,-1,-1,-1
101,-1,329.78,174.40,14.57,35.00,0.14677,-1,-1,-1
101,-1,571.23,202.81,8.88,37.61,0.13204,-1,-1,-1
101,-1,280.84,182.88,21.74,42.81,0.11557,-1,-1,-1
101,-1,246.00,70.32,17.57,23.70,0.11123,-1,-1,-1
101,-1,291.86,180.71,14.03,55.89,0.10870,-1,-1,-1
101,-1,262.30,181.78,19.91,71.74,0.09603,-1,-1,-1
101,-1,288.41,201.55,20.29,53.95,0.08757,-1,-1,-1
101,-1,3.96,21.08,101.00,435.69,0.08520,-1,-1,-1
101,-1,187.55,16.83,83.32,196.18,0.07530,-1,-1,-1
101,-1,320.26,175.22,24.15,47.22,0.06181,-1,-1,-1
101,-1,318.21,185.49,11.37,33.33,0.05840,-1,-1,-1
101,-1,524.79,207.85,9.33,28.49,0.05511,-1,-1,-1
102,-1,2.23,0.00,230.18,477.37,0.99899,-1,-1,-1
102,-1,183.44,20.55,99.61,408.45,0.99826,-1,-1,-1
102,-1,336.28,0.00,233.85,479.10,0.99608,-1,-1,-1
102,-1,0.00,87.57,37.17,208.02,0.96352,-1,-1,-1
102,-1,505.13,193.89,23.08,76.21,0.91386,-1,-1,-1
102,-1,554.27,199.82,19.37,45.03,0.88997,-1,-1,-1
102,-1,282.18,181.22,27.59,59.06,0.87607,-1,-1,-1
102,-1,541.81,200.23,12.60,39.11,0.85860,-1,-1,-1
102,-1,303.05,178.00,38.36,44.46,0.80181,-1,-1,-1
102,-1,0.85,85.24,28.15,44.46,0.78053,-1,-1,-1
102,-1,331.93,172.86,12.85,16.90,0.69244,-1,-1,-1
102,-1,0.32,86.66,30.42,111.72,0.61444,-1,-1,-1
102,-1,0.00,73.90,46.99,365.55,0.55051,-1,-1,-1
102,-1,355.44,5.90,212.01,211.40,0.54725,-1,-1,-1
102,-1,307.71,178.75,48.58,87.81,0.54525,-1,-1,-1
102,-1,562.25,199.67,14.39,44.30,0.47654,-1,-1,-1
102,-1,574.03,205.54,13.75,32.26,0.32577,-1,-1,-1
102,-1,300.52,181.24,37.14,73.76,0.31834,-1,-1,-1
102,-1,287.78,179.78,36.71,50.47,0.30334,-1,-1,-1
102,-1,298.35,180.95,16.46,34.88,0.23498,-1,-1,-1
102,-1,569.07,200.31,8.70,39.61,0.16862,-1,-1,-1
102,-1,547.75,202.52,13.40,34.74,0.15430,-1,-1,-1
102,-1,301.31,179.70,25.61,35.91,0.14196,-1,-1,-1
102,-1,284.09,178.90,34.94,83.83,0.12617,-1,-1,-1
102,-1,496.27,156.03,45.42,115.36,0.10293,-1,-1,-1
102,-1,584.88,203.92,12.85,32.33,0.09879,-1,-1,-1
102,-1,328.76,168.52,19.18,23.49,0.08860,-1,-1,-1
102,-1,571.46,203.13,11.22,36.58,0.08667,-1,-1,-1
102,-1,526.84,199.94,14.60,36.69,0.08198,-1,-1,-1
102,-1,553.20,203.84,13.15,35.55,0.06967,-1,-1,-1
102,-1,4.09,21.50,108.11,437.01,0.05565,-1,-1,-1
102,-1,289.48,180.66,18.68,36.59,0.05366,-1,-1,-1
102,-1,20.50,12.97,191.35,250.87,0.05224,-1,-1,-1
102,-1,0.09,111.54,17.91,88.28,0.05185,-1,-1,-1
102,-1,201.35,9.52,162.29,440.16,0.05139,-1,-1,-1
103,-1,185.91,19.04,98.37,408.26,0.99896,-1,-1,-1
103,-1,2.84,0.00,231.42,477.82,0.99894,-1,-1,-1
103,-1,332.43,0.00,236.70,480.00,0.99707,-1,-1,-1
103,-1,0.00,88.68,40.12,201.68,0.96926,-1,-1,-1
103,-1,503.88,194.49,25.00,76.15,0.94870,-1,-1,-1
103,-1,554.80,197.70,19.59,47.20,0.91753,-1,-1,-1
103,-1,541.26,202.49,14.12,37.83,0.90577,-1,-1,-1
103,-1,288.10,179.57,38.53,66.47,0.89501,-1,-1,-1
103,-1,307.72,177.88,18.57,24.68,0.67116,-1,-1,-1
103,-1,0.20,87.56,32.24,115.86,0.66304,-1,-1,-1
103,-1,302.77,179.38,26.75,42.46,0.66188,-1,-1,-1
103,-1,355.01,5.79,208.19,196.08,0.56582,-1,-1,-1
103,-1,306.88,177.61,11.19,18.79,0.49631,-1,-1,-1
103,-1,329.30,172.86,14.28,29.02,0.46788,-1,-1,-1
103,-1,283.90,178.66,34.85,39.68,0.43783,-1,-1,-1
103,-1,0.70,84.66,29.44,48.84,0.40764,-1,-1,-1
103,-1,574.49,204.20,13.05,33.65,0.40556,-1,-1,-1
103,-1,0.22,67.08,48.47,384.11,0.40109,-1,-1,-1
103,-1,552.21,202.30,13.40,37.53,0.30560,-1,-1,-1
103,-1,331.07,173.25,12.20,16.00,0.26584,-1,-1,-1
103,-1,280.77,176.76,23.17,44.58,0.24821,-1,-1,-1
103,-1,298.34,178.06,23.29,24.02,0.22351,-1,-1,-1
103,-1,565.80,200.07,22.78,40.58,0.17390,-1,-1,-1
103,-1,568.02,199.68,9.92,42.04,0.14978,-1,-1,-1
103,-1,289.89,175.63,14.81,14.52,0.13182,-1,-1,-1
103,-1,497.21,168.26,40.61,103.04,0.11423,-1,-1,-1
103,-1,310.72,167.78,73.60,110.39,0.10528,-1,-1,-1
103,-1,295.99,174.08,49.20,86.50,0.09681,-1,-1,-1
103,-1,4.36,17.40,105.83,443.53,0.09638,-1,-1,-1
103,-1,312.59,181.96,18.74,24.28,0.07671,-1,-1,-1
103,-1,287.79,177.75,23.51,21.88,0.07204,-1,-1,-1
103,-1,525.01,198.59,17.26,39.20,0.06540,-1,-1,-1
103,-1,199.45,5.70,178.36,460.50,0.05682,-1,-1,-1
103,-1,21.86,13.01,189.59,249.48,0.05570,-1,-1,-1
103,-1,572.33,196.04,19.61,64.01,0.05064,-1,-1,-1
104,-1,4.31,0.00,229.16,477.81,0.99928,-1,-1,-1
104,-1,186.23,19.54,98.09,410.12,0.99899,-1,-1,-1
104,-1,334.44,0.00,240.60,480.00,0.99850,-1,-1,-1
104,-1,506.61,193.99,22.71,76.09,0.95378,-1,-1,-1
104,-1,0.00,90.06,39.03,215.18,0.92095,-1,-1,-1
104,-1,303.78,177.85,21.27,38.40,0.91258,-1,-1,-1
104,-1,541.02,201.95,14.07,38.23,0.84242,-1,-1,-1
104,-1,0.33,85.65,28.52,130.85,0.66072,-1,-1,-1
104,-1,554.70,198.78,19.78,46.34,0.65682,-1,-1,-1
104,-1,278.03,180.56,37.73,57.88,0.63608,-1,-1,-1
104,-1,328.93,173.98,14.06,35.46,0.62353,-1,-1,-1
104,-1,330.76,174.00,11.80,19.14,0.55176,-1,-1,-1
104,-1,294.47,179.49,26.12,44.04,0.48254,-1,-1,-1
104,-1,347.11,7.59,237.82,236.62,0.38821,-1,-1,-1
104,-1,295.46,178.83,12.44,23.09,0.38164,-1,-1,-1
104,-1,0.88,85.17,27.25,52.98,0.32563,-1,-1,-1
104,-1,276.21,177.73,22.27,32.10,0.27791,-1,-1,-1
104,-1,573.59,205.73,15.24,31.73,0.20907,-1,-1,-1
104,-1,297.78,178.68,29.09,79.29,0.19302,-1,-1,-1
104,-1,0.43,35.65,50.57,424.91,0.17260,-1,-1,-1
104,-1,545.04,202.59,17.51,35.53,0.15796,-1,-1,-1
104,-1,565.68,202.11,26.40,38.04,0.11005,-1,-1,-1
104,-1,302.11,178.29,16.65,24.14,0.10042,-1,-1,-1
104,-1,314.39,167.48,54.52,106.70,0.08592,-1,-1,-1
104,-1,276.23,176.45,15.58,16.37,0.07998,-1,-1,-1
104,-1,287.65,180.17,26.21,33.82,0.07813,-1,-1,-1
104,-1,4.36,12.93,109.54,447.52,0.06592,-1,-1,-1
104,-1,572.21,139.33,29.01,77.34,0.05927,-1,-1,-1
104,-1,573.46,190.99,22.77,47.85,0.05728,-1,-1,-1
104,-1,321.79,174.24,25.27,43.17,0.05090,-1,-1,-1
105,-1,2.31,0.00,232.68,476.23,0.99908,-1,-1,-1
105,-1,186.42,19.66,95.20,411.33,0.99864,-1,-1,-1
105,-1,335.32,2.87,237.02,476.12,0.99629,-1,-1,-1
105,-1,300.92,179.76,23.84,80.99,0.99155,-1,-1,-1
105,-1,502.83,194.41,25.66,75.31,0.95397,-1,-1,-1
105,-1,0.00,89.05,36.45,209.04,0.91743,-1,-1,-1
105,-1,540.63,202.68,13.49,37.47,0.89413,-1,-1,-1
105,-1,0.09,81.39,42.95,359.83,0.77221,-1,-1,-1
105,-1,279.51,180.75,25.82,55.82,0.73770,-1,-1,-1
105,-1,0.34,83.85,26.33,126.90,0.64538,-1,-1,-1
105,-1,551.92,202.57,18.05,43.11,0.58956,-1,-1,-1
105,-1,574.46,206.03,12.61,31.46,0.54247,-1,-1,-1
105,-1,355.89,5.27,224.05,223.58,0.50411,-1,-1,-1
105,-1,330.69,173.24,14.15,17.87,0.45124,-1,-1,-1
105,-1,313.35,171.25,69.82,103.08,0.32546,-1,-1,-1
105,-1,562.42,198.46,13.07,46.20,0.32000,-1,-1,-1
105,-1,329.97,172.98,14.09,35.54,0.27642,-1,-1,-1
105,-1,302.26,176.86,43.20,88.81,0.25375,-1,-1,-1
105,-1,279.43,180.00,38.69,78.39,0.24213,-1,-1,-1
105,-1,543.44,208.17,18.65,30.93,0.18670,-1,-1,-1
105,-1,584.38,205.09,12.87,31.95,0.15408,-1,-1,-1
105,-1,261.72,187.86,22.68,76.77,0.09845,-1,-1,-1
105,-1,497.38,170.51,38.70,101.57,0.09689,-1,-1,-1
105,-1,295.60,178.25,11.55,24.35,0.09485,-1,-1,-1
105,-1,0.25,85.14,26.40,42.78,0.07748,-1,-1,-1
105,-1,567.74,201.51,10.46,39.89,0.06811,-1,-1,-1
105,-1,289.89,179.64,16.51,38.07,0.06655,-1,-1,-1
105,-1,317.91,186.49,9.79,41.08,0.06543,-1,-1,-1
105,-1,3.72,15.35,96.95,441.94,0.06489,-1,-1,-1
105,-1,321.61,188.60,11.69,36.68,0.06419,-1,-1,-1
105,-1,317.14,179.78,28.19,63.44,0.06389,-1,-1,-1
105,-1,246.09,71.82,17.25,20.39,0.05846,-1,-1,-1
105,-1,189.30,18.73,82.58,185.48,0.05666,-1,-1,-1
105,-1,311.22,69.37,158.92,395.03,0.05233,-1,-1,-1
106,-1,6.15,0.33,235.75,477.22,0.99919,-1,-1,-1
106,-1,185.21,19.76,94.28,404.82,0.99887,-1,-1,-1
106,-1,319.56,0.00,257.73,470.28,0.99666,-1,-1,-1
106,-1,300.89,179.20,24.61,79.02,0.98713,-1,-1,-1
106,-1,506.60,195.50,22.13,74.85,0.95558,-1,-1,-1
106,-1,278.75,183.56,27.13,61.50,0.94474,-1,-1,-1
106,-1,540.45,201.83,14.78,38.78,0.92117,-1,-1,-1
106,-1,0.35,90.41,39.81,286.65,0.70314,-1,-1,-1
106,-1,0.09,87.45,25.91,137.98,0.67649,-1,-1,-1
106,-1,555.03,200.86,19.67,42.50,0.62582,-1,-1,-1
106,-1,566.12,201.04,10.81,41.80,0.60339,-1,-1,-1
106,-1,359.73,6.33,211.56,226.51,0.57090,-1,-1,-1
106,-1,331.41,173.54,12.47,21.27,0.51752,-1,-1,-1
106,-1,574.87,205.87,12.94,31.79,0.47825,-1,-1,-1
106,-1,287.83,198.04,18.00,57.58,0.45842,-1,-1,-1
106,-1,553.02,202.83,12.99,37.35,0.34683,-1,-1,-1
106,-1,278.71,180.68,23.99,38.73,0.32001,-1,-1,-1
106,-1,311.64,172.47,70.32,108.30,0.31740,-1,-1,-1
106,-1,285.26,177.74,35.23,84.25,0.30516,-1,-1,-1
106,-1,295.41,178.44,12.07,24.40,0.27110,-1,-1,-1
106,-1,326.74,172.25,17.70,40.05,0.25168,-1,-1,-1
106,-1,585.06,204.96,12.16,31.21,0.22147,-1,-1,-1
106,-1,301.16,176.87,55.99,89.03,0.17871,-1,-1,-1
106,-1,524.89,204.74,12.91,31.82,0.14139,-1,-1,-1
106,-1,545.27,206.09,18.52,33.13,0.09644,-1,-1,-1
106,-1,293.21,180.28,13.03,33.70,0.09377,-1,-1,-1
106,-1,282.63,179.23,33.68,47.09,0.08917,-1,-1,-1
106,-1,498.91,175.69,37.14,97.11,0.08739,-1,-1,-1
106,-1,569.51,199.59,17.93,45.89,0.05851,-1,-1,-1
106,-1,317.86,186.86,9.95,39.78,0.05519,-1,-1,-1
106,-1,579.97,195.83,18.36,42.00,0.05430,-1,-1,-1
106,-1,322.21,189.40,9.40,28.02,0.05314,-1,-1,-1
106,-1,304.16,178.62,22.90,46.78,0.05103,-1,-1,-1
107,-1,1.94,0.00,244.51,477.74,0.99909,-1,-1,-1
107,-1,185.23,19.88,94.20,409.51,0.99878,-1,-1,-1
107,-1,337.63,3.35,251.59,476.65,0.99498,-1,-1,-1
107,-1,299.87,179.39,24.79,79.98,0.98920,-1,-1,-1
107,-1,281.00,182.31,23.13,74.01,0.96867,-1,-1,-1
107,-1,286.02,179.72,30.11,79.94,0.95097,-1,-1,-1
107,-1,540.65,201.68,13.26,39.16,0.93978,-1,-1,-1
107,-1,0.27,87.33,22.84,111.96,0.91263,-1,-1,-1
107,-1,506.70,194.65,22.20,75.63,0.90516,-1,-1,-1
107,-1,0.00,87.00,36.97,211.56,0.73750,-1,-1,-1
107,-1,553.72,198.19,21.25,47.48,0.73125,-1,-1,-1
107,-1,564.34,199.26,12.95,45.52,0.56544,-1,-1,-1
107,-1,0.65,77.35,46.87,363.38,0.51902,-1,-1,-1
107,-1,289.00,197.68,20.11,59.70,0.50439,-1,-1,-1
107,-1,0.28,82.84,23.74,308.34,0.47248,-1,-1,-1
107,-1,312.44,171.91,71.99,110.87,0.45995,-1,-1,-1
107,-1,575.36,205.41,12.24,33.45,0.42078,-1,-1,-1
107,-1,552.59,201.75,12.99,40.46,0.37994,-1,-1,-1
107,-1,363.20,8.27,215.81,215.17,0.37107,-1,-1,-1
107,-1,332.45,173.39,11.75,15.58,0.36908,-1,-1,-1
107,-1,330.94,173.69,14.97,28.49,0.25286,-1,-1,-1
107,-1,566.14,200.59,20.44,41.87,0.21791,-1,-1,-1
107,-1,12.61,6.63,204.45,274.10,0.16769,-1,-1,-1
107,-1,317.88,185.52,9.35,40.66,0.13945,-1,-1,-1
107,-1,565.34,151.99,32.33,59.89,0.13134,-1,-1,-1
107,-1,525.77,198.82,15.24,37.64,0.12907,-1,-1,-1
107,-1,582.30,150.09,20.69,65.81,0.12112,-1,-1,-1
107,-1,278.87,182.55,20.94,45.23,0.07775,-1,-1,-1
107,-1,550.58,204.05,10.38,34.32,0.06937,-1,-1,-1
107,-1,572.29,203.03,17.43,49.94,0.06701,-1,-1,-1
107,-1,280.78,189.03,14.89,57.62,0.06315,-1,-1,-1
107,-1,296.85,179.65,10.88,20.53,0.06154,-1,-1,-1
107,-1,527.60,149.31,36.56,30.27,0.05598,-1,-1,-1
107,-1,3.42,12.59,98.05,447.00,0.05574,-1,-1,-1
108,-1,2.33,0.00,233.57,475.61,0.99889,-1,-1,-1
108,-1,184.92,18.91,94.06,411.24,0.99869,-1,-1,-1
108,-1,334.58,5.44,254.91,474.56,0.99500,-1,-1,-1
108,-1,297.49,179.07,28.33,81.28,0.98974,-1,-1,-1
108,-1,539.96,200.23,14.31,40.76,0.96157,-1,-1,-1
108,-1,280.86,182.54,23.27,71.26,0.94769,-1,-1,-1
108,-1,286.23,180.96,29.22,78.21,0.87960,-1,-1,-1
108,-1,508.85,195.93,20.41,71.20,0.85346,-1,-1,-1
108,-1,0.14,84.31,23.09,113.57,0.83549,-1,-1,-1
108,-1,553.48,197.82,21.19,47.48,0.76576,-1,-1,-1
108,-1,0.00,87.27,39.07,213.47,0.75941,-1,-1,-1
108,-1,564.06,198.97,13.16,44.33,0.63429,-1,-1,-1
108,-1,305.56,176.36,59.66,94.34,0.60275,-1,-1,-1
108,-1,363.58,8.33,229.77,221.21,0.52747,-1,-1,-1
108,-1,331.31,174.35,14.60,27.16,0.44282,-1,-1,-1
108,-1,552.67,201.89,12.73,41.45,0.42307,-1,-1,-1
108,-1,288.66,199.33,18.22,55.92,0.41806,-1,-1,-1
108,-1,575.97,204.28,11.82,34.47,0.36549,-1,-1,-1
108,-1,0.20,80.30,48.69,340.33,0.34294,-1,-1,-1
108,-1,331.91,173.91,10.53,17.03,0.28908,-1,-1,-1
108,-1,526.64,199.51,14.16,36.43,0.25381,-1,-1,-1
108,-1,534.65,199.83,10.11,36.38,0.14566,-1,-1,-1
108,-1,330.38,172.28,32.20,27.77,0.13631,-1,-1,-1
108,-1,548.14,201.20,13.53,37.80,0.13204,-1,-1,-1
108,-1,499.41,184.82,24.62,82.17,0.13196,-1,-1,-1
108,-1,295.73,179.05,12.22,25.59,0.08981,-1,-1,-1
108,-1,279.92,190.54,13.82,54.48,0.07495,-1,-1,-1
108,-1,246.43,71.33,17.37,21.82,0.07235,-1,-1,-1
108,-1,585.67,205.11,12.73,31.57,0.06368,-1,-1,-1
108,-1,14.87,9.26,199.09,258.41,0.05781,-1,-1,-1
108,-1,278.79,183.48,17.94,41.75,0.05744,-1,-1,-1
108,-1,525.20,204.05,9.32,32.55,0.05344,-1,-1,-1
108,-1,213.08,2.40,181.44,455.12,0.05145,-1,-1,-1
109,-1,4.56,0.00,230.04,475.94,0.99881,-1,-1,-1
109,-1,184.18,20.96,95.58,403.65,0.99866,-1,-1,-1
109,-1,345.49,2.28,234.54,477.68,0.99136,-1,-1,-1
109,-1,298.96,179.54,26.73,80.80,0.98759,-1,-1,-1
109,-1,280.74,182.35,23.95,70.89,0.95740,-1,-1,-1
109,-1,539.07,200.27,14.98,37.92,0.92098,-1,-1,-1
109,-1,289.20,179.09,27.01,80.86,0.89640,-1,-1,-1
109,-1,504.59,190.79,24.09,63.69,0.80866,-1,-1,-1
109,-1,307.39,177.95,62.18,93.33,0.67505,-1,-1,-1
109,-1,367.90,15.18,229.87,211.64,0.61000,-1,-1,-1
109,-1,0.00,81.41,39.77,333.92,0.53261,-1,-1,-1
109,-1,553.04,201.99,11.00,31.13,0.49822,-1,-1,-1
109,-1,0.18,82.78,24.11,112.91,0.40294,-1,-1,-1
109,-1,526.45,199.29,14.91,36.50,0.32813,-1,-1,-1
109,-1,289.72,195.63,17.63,61.32,0.26789,-1,-1,-1
109,-1,574.15,132.35,30.14,82.05,0.21625,-1,-1,-1
109,-1,557.21,196.64,19.38,33.15,0.21432,-1,-1,-1
109,-1,331.94,173.99,10.64,15.51,0.16115,-1,-1,-1
109,-1,279.15,189.54,15.00,55.02,0.14976,-1,-1,-1
109,-1,331.72,172.32,38.27,27.43,0.12954,-1,-1,-1
109,-1,296.27,179.77,12.03,20.77,0.10195,-1,-1,-1
109,-1,304.23,178.10,24.02,52.67,0.09533,-1,-1,-1
109,-1,534.97,199.46,11.32,36.52,0.09074,-1,-1,-1
109,-1,514.83,197.83,23.58,48.13,0.08424,-1,-1,-1
109,-1,545.24,200.86,21.54,36.84,0.07971,-1,-1,-1
109,-1,331.19,174.16,16.50,21.67,0.06809,-1,-1,-1
109,-1,510.24,149.15,53.06,87.53,0.06700,-1,-1,-1
109,-1,528.16,147.84,36.31,40.53,0.06409,-1,-1,-1
109,-1,272.01,184.19,18.13,61.49,0.05699,-1,-1,-1
109,-1,2.35,11.56,106.48,446.53,0.05225,-1,-1,-1
110,-1,0.33,0.00,232.03,475.68,0.99887,-1,-1,-1
110,-1,184.01,19.62,95.97,411.45,0.99828,-1,-1,-1
110,-1,341.64,0.00,241.75,480.00,0.99369,-1,-1,-1
110,-1,300.33,179.55,25.59,78.15,0.98453,-1,-1,-1
110,-1,280.33,182.53,24.42,71.21,0.94992,-1,-1,-1
110,-1,360.30,4.38,238.28,206.20,0.90678,-1,-1,-1
110,-1,289.55,198.49,18.51,58.57,0.62233,-1,-1,-1
110,-1,288.64,178.33,30.55,80.50,0.52901,-1,-1,-1
110,-1,0.00,86.56,21.76,101.13,0.43964,-1,-1,-1
110,-1,307.20,178.85,60.52,90.89,0.30339,-1,-1,-1
110,-1,0.00,79.87,40.15,328.37,0.28629,-1,-1,-1
110,-1,304.71,179.22,22.61,47.86,0.10407,-1,-1,-1
110,-1,296.62,179.88,12.03,19.98,0.09548,-1,-1,-1
110,-1,262.54,185.80,20.63,66.82,0.08387,-1,-1,-1
110,-1,246.25,71.69,17.10,20.81,0.05112,-1,-1,-1
110,-1,2.20,3.50,107.53,453.73,0.05043,-1,-1,-1
111,-1,0.16,0.00,229.12,475.80,0.99885,-1,-1,-1
111,-1,182.94,19.79,98.22,410.69,0.99885,-1,-1,-1
111,-1,343.72,1.80,235.85,478.20,0.98926,-1,-1,-1
111,-1,299.06,179.20,25.99,78.44,0.97786,-1,-1,-1
111,-1,285.15,182.75,25.40,74.96,0.95776,-1,-1,-1
111,-1,365.37,10.10,230.44,192.66,0.86283,-1,-1,-1
111,-1,279.46,184.19,19.66,64.11,0.62049,-1,-1,-1
111,-1,0.00,87.76,21.19,99.51,0.46821,-1,-1,-1
111,-1,307.91,175.19,61.88,98.20,0.43284,-1,-1,-1
111,-1,0.00,75.27,39.16,348.04,0.27421,-1,-1,-1
111,-1,348.39,3.41,166.60,305.73,0.13555,-1,-1,-1
111,-1,263.87,176.43,18.66,76.12,0.09646,-1,-1,-1
111,-1,0.00,87.45,30.35,170.74,0.09108,-1,-1,-1
111,-1,296.22,192.77,17.32,64.74,0.06001,-1,-1,-1
111,-1,627.11,259.69,12.89,26.28,0.05393,-1,-1,-1
112,-1,4.80,0.00,222.72,475.76,0.99925,-1,-1,-1
112,-1,183.27,20.33,99.80,411.43,0.99881,-1,-1,-1
112,-1,322.53,0.75,263.27,479.25,0.99315,-1,-1,-1
112,-1,297.18,179.50,28.63,77.63,0.99011,-1,-1,-1
112,-1,287.04,185.18,22.57,72.08,0.90151,-1,-1,-1
112,-1,372.12,9.71,228.64,181.50,0.79368,-1,-1,-1
112,-1,562.03,146.28,76.76,79.10,0.73307,-1,-1,-1
112,-1,280.37,185.43,17.90,63.17,0.72890,-1,-1,-1
112,-1,309.90,178.49,62.57,98.90,0.47991,-1,-1,-1
112,-1,594.86,149.81,43.71,68.17,0.46301,-1,-1,-1
112,-1,0.00,75.48,39.43,350.27,0.42266,-1,-1,-1
112,-1,0.09,86.46,22.64,97.73,0.34973,-1,-1,-1
112,-1,348.54,3.86,154.14,300.49,0.12349,-1,-1,-1
112,-1,342.27,131.72,179.99,344.69,0.11889,-1,-1,-1
112,-1,301.18,179.32,24.87,41.32,0.07788,-1,-1,-1
112,-1,279.87,187.46,15.29,37.74,0.07163,-1,-1,-1
112,-1,262.65,199.87,21.55,54.29,0.05461,-1,-1,-1
112,-1,506.08,142.29,113.24,76.69,0.05090,-1,-1,-1
113,-1,3.40,0.00,237.63,479.49,0.99910,-1,-1,-1
113,-1,182.31,20.49,101.26,400.54,0.99882,-1,-1,-1
113,-1,326.23,0.00,243.29,480.00,0.99209,-1,-1,-1
113,-1,293.08,178.26,32.02,51.77,0.97224,-1,-1,-1
113,-1,380.26,3.09,209.67,201.84,0.78184,-1,-1,-1
113,-1,496.98,154.18,61.59,62.93,0.74553,-1,-1,-1
113,-1,281.02,181.26,23.96,52.85,0.51307,-1,-1,-1
113,-1,0.00,67.53,49.20,370.86,0.22980,-1,-1,-1
113,-1,501.77,135.30,83.77,82.69,0.22391,-1,-1,-1
113,-1,0.00,86.10,21.42,93.75,0.18944,-1,-1,-1
113,-1,504.87,145.34,61.69,37.25,0.17232,-1,-1,-1
113,-1,332.40,17.60,137.27,354.00,0.15212,-1,-1,-1
113,-1,551.55,130.49,61.38,82.71,0.12753,-1,-1,-1
113,-1,0.00,87.73,26.32,317.52,0.09887,-1,-1,-1
113,-1,360.26,4.71,156.60,256.65,0.06883,-1,-1,-1
113,-1,2.03,6.85,196.28,259.35,0.06450,-1,-1,-1
113,-1,246.25,70.41,17.74,21.45,0.05259,-1,-1,-1
114,-1,0.00,0.00,229.28,475.90,0.99896,-1,-1,-1
114,-1,180.61,23.31,102.87,378.34,0.99768,-1,-1,-1
114,-1,322.34,0.00,255.56,480.00,0.99476,-1,-1,-1
114,-1,374.16,7.19,221.93,195.03,0.84008,-1,-1,-1
114,-1,282.82,179.01,33.82,34.04,0.34569,-1,-1,-1
114,-1,295.86,179.31,22.07,27.80,0.22094,-1,-1,-1
114,-1,0.00,59.17,50.43,380.60,0.10691,-1,-1,-1
114,-1,326.97,6.79,183.59,249.36,0.09423,-1,-1,-1
114,-1,187.85,23.53,88.19,213.36,0.07946,-1,-1,-1
114,-1,246.09,71.78,17.00,19.61,0.05305,-1,-1,-1
115,-1,2.41,0.00,232.74,478.81,0.99928,-1,-1,-1
115,-1,180.55,21.59,103.31,398.97,0.99865,-1,-1,-1
115,-1,307.39,0.00,254.57,480.00,0.99703,-1,-1,-1
115,-1,374.30,8.31,217.34,188.26,0.85631,-1,-1,-1
115,-1,0.63,57.05,52.71,366.01,0.14751,-1,-1,-1
115,-1,246.46,70.76,16.34,20.23,0.11228,-1,-1,-1
116,-1,3.95,0.00,231.94,477.70,0.99921,-1,-1,-1
116,-1,182.46,21.77,106.24,402.38,0.99879,-1,-1,-1
116,-1,303.21,0.00,270.01,470.98,0.99685,-1,-1,-1
116,-1,376.45,11.65,203.94,174.53,0.82592,-1,-1,-1
116,-1,245.50,71.77,17.91,18.20,0.21261,-1,-1,-1
116,-1,307.40,7.43,148.39,273.35,0.11593,-1,-1,-1
117,-1,6.51,0.00,226.85,478.86,0.99889,-1,-1,-1
117,-1,183.83,22.05,106.04,403.46,0.99882,-1,-1,-1
117,-1,310.26,0.00,242.51,480.00,0.99684,-1,-1,-1
117,-1,335.85,5.94,240.98,262.71,0.79405,-1,-1,-1
117,-1,246.68,71.67,17.00,19.51,0.22427,-1,-1,-1
117,-1,0.08,77.18,41.55,342.03,0.09504,-1,-1,-1
117,-1,0.00,86.37,22.11,78.63,0.08993,-1,-1,-1
118,-1,0.30,0.00,234.38,475.86,0.99890,-1,-1,-1
118,-1,183.77,24.30,105.20,392.62,0.99780,-1,-1,-1
118,-1,306.23,0.00,242.17,480.00,0.99657,-1,-1,-1
118,-1,550.46,196.19,21.48,51.01,0.89970,-1,-1,-1
118,-1,339.15,4.29,224.98,257.87,0.83481,-1,-1,-1
118,-1,562.54,198.79,14.30,43.96,0.78235,-1,-1,-1
118,-1,548.20,198.42,12.41,47.00,0.47460,-1,-1,-1
118,-1,575.47,204.89,13.09,34.86,0.43403,-1,-1,-1
118,-1,0.12,85.75,23.14,84.34,0.41023,-1,-1,-1
118,-1,367.98,23.77,215.59,149.06,0.35466,-1,-1,-1
118,-1,1.12,53.05,51.91,413.21,0.32493,-1,-1,-1
118,-1,567.08,203.25,12.90,38.12,0.21200,-1,-1,-1
118,-1,246.62,72.31,16.99,17.82,0.19567,-1,-1,-1
118,-1,519.38,189.72,33.25,49.76,0.16499,-1,-1,-1
118,-1,544.40,201.14,12.14,41.48,0.15343,-1,-1,-1
118,-1,539.72,196.56,12.18,43.78,0.13182,-1,-1,-1
118,-1,0.01,87.56,32.67,227.57,0.09492,-1,-1,-1
118,-1,530.28,199.81,23.94,43.94,0.07540,-1,-1,-1
118,-1,538.09,202.41,13.40,21.75,0.05582,-1,-1,-1
118,-1,545.99,202.97,12.58,23.10,0.05267,-1,-1,-1
119,-1,2.93,0.00,231.57,477.24,0.99809,-1,-1,-1
119,-1,315.35,0.00,256.29,480.00,0.99759,-1,-1,-1
119,-1,187.13,23.82,102.88,382.07,0.99531,-1,-1,-1
119,-1,499.20,193.01,29.49,78.07,0.99106,-1,-1,-1
119,-1,547.81,196.91,21.79,51.29,0.96697,-1,-1,-1
119,-1,535.20,197.98,13.58,43.46,0.93965,-1,-1,-1
119,-1,0.19,84.02,23.19,99.09,0.91375,-1,-1,-1
119,-1,564.27,201.06,12.93,40.71,0.61871,-1,-1,-1
119,-1,0.25,80.09,45.57,352.70,0.61268,-1,-1,-1
119,-1,339.31,4.68,242.35,245.82,0.53339,-1,-1,-1
119,-1,557.29,198.07,15.83,46.18,0.45914,-1,-1,-1
119,-1,575.87,206.83,12.53,32.16,0.43650,-1,-1,-1
119,-1,544.19,196.70,11.56,42.72,0.42248,-1,-1,-1
119,-1,0.02,92.33,24.87,317.94,0.41846,-1,-1,-1
119,-1,246.47,70.33,17.67,19.12,0.31833,-1,-1,-1
119,-1,494.28,172.38,47.68,98.33,0.23142,-1,-1,-1
119,-1,153.09,20.64,102.21,374.51,0.15924,-1,-1,-1
119,-1,530.95,198.90,9.68,38.86,0.14268,-1,-1,-1
119,-1,1.93,19.08,103.57,445.27,0.12404,-1,-1,-1
119,-1,496.38,193.91,19.45,73.06,0.12266,-1,-1,-1
119,-1,541.34,199.78,8.93,40.15,0.10253,-1,-1,-1
119,-1,585.29,209.20,10.16,27.02,0.09369,-1,-1,-1
119,-1,545.55,221.28,8.60,21.57,0.09242,-1,-1,-1
119,-1,569.50,196.74,17.94,41.75,0.07645,-1,-1,-1
119,-1,2.27,83.42,53.72,187.91,0.06240,-1,-1,-1
119,-1,545.76,218.96,16.31,28.63,0.05900,-1,-1,-1
119,-1,569.43,205.01,11.27,35.65,0.05552,-1,-1,-1
120,-1,304.92,0.00,248.67,480.00,0.99762,-1,-1,-1
120,-1,9.96,0.00,220.91,474.71,0.99642,-1,-1,-1
120,-1,193.15,26.50,96.01,363.94,0.99603,-1,-1,-1
120,-1,499.08,193.83,29.72,77.71,0.99050,-1,-1,-1
120,-1,546.97,195.59,21.87,51.93,0.97396,-1,-1,-1
120,-1,535.88,198.11,14.26,43.48,0.95211,-1,-1,-1
120,-1,0.29,83.81,25.11,99.09,0.88392,-1,-1,-1
120,-1,564.78,202.57,13.12,38.88,0.74035,-1,-1,-1
120,-1,0.00,88.30,37.76,205.74,0.66501,-1,-1,-1
120,-1,542.68,196.42,13.06,44.89,0.54959,-1,-1,-1
120,-1,313.79,3.78,259.33,258.30,0.53769,-1,-1,-1
120,-1,0.40,75.89,44.41,347.54,0.53070,-1,-1,-1
120,-1,559.23,198.73,14.55,44.78,0.47893,-1,-1,-1
120,-1,380.15,21.80,200.22,160.93,0.32943,-1,-1,-1
120,-1,159.58,19.99,84.32,392.67,0.27196,-1,-1,-1
120,-1,576.22,206.93,11.42,31.72,0.23076,-1,-1,-1
120,-1,246.75,69.68,17.17,19.60,0.15184,-1,-1,-1
120,-1,529.39,198.91,10.18,38.49,0.13210,-1,-1,-1
120,-1,496.43,194.46,17.48,71.97,0.11113,-1,-1,-1
120,-1,491.86,189.85,16.13,76.40,0.10251,-1,-1,-1
120,-1,0.84,19.00,97.86,439.61,0.09633,-1,-1,-1
120,-1,567.94,205.16,17.29,35.34,0.07467,-1,-1,-1
120,-1,518.95,193.02,10.99,40.90,0.06878,-1,-1,-1
120,-1,543.59,191.51,11.16,29.98,0.06299,-1,-1,-1
120,-1,0.94,82.15,24.59,49.35,0.05803,-1,-1,-1
121,-1,9.96,0.63,241.95,476.77,0.99774,-1,-1,-1
121,-1,194.59,23.77,90.48,394.47,0.99672,-1,-1,-1
121,-1,325.78,0.00,237.41,480.00,0.99532,-1,-1,-1
121,-1,498.93,194.23,29.78,77.19,0.98912,-1,-1,-1
121,-1,535.85,196.00,17.93,45.02,0.93578,-1,-1,-1
121,-1,546.97,196.01,22.54,51.31,0.91904,-1,-1,-1
121,-1,345.37,4.05,230.63,260.22,0.90638,-1,-1,-1
121,-1,0.00,83.57,25.16,109.52,0.90134,-1,-1,-1
121,-1,0.00,86.70,39.68,338.82,0.82366,-1,-1,-1
121,-1,560.31,200.29,17.96,42.37,0.77996,-1,-1,-1
121,-1,0.00,90.07,32.98,178.89,0.75035,-1,-1,-1
121,-1,534.27,196.78,11.31,43.45,0.52510,-1,-1,-1
121,-1,12.93,4.77,196.57,287.72,0.38530,-1,-1,-1
121,-1,246.59,69.87,17.24,20.59,0.35700,-1,-1,-1
121,-1,107.98,11.18,160.03,412.79,0.34551,-1,-1,-1
121,-1,158.32,18.44,83.45,387.93,0.30207,-1,-1,-1
121,-1,576.27,206.26,11.04,31.96,0.22802,-1,-1,-1
121,-1,0.00,36.09,86.41,428.36,0.22146,-1,-1,-1
121,-1,498.00,164.61,47.39,108.79,0.16578,-1,-1,-1
121,-1,568.30,206.17,10.92,35.64,0.14766,-1,-1,-1
121,-1,530.67,198.49,9.39,39.03,0.12958,-1,-1,-1
121,-1,556.66,200.69,14.34,41.22,0.12293,-1,-1,-1
121,-1,546.31,196.98,11.43,44.25,0.11307,-1,-1,-1
121,-1,1.42,70.11,60.79,279.08,0.11175,-1,-1,-1
121,-1,541.78,193.34,12.29,36.11,0.09957,-1,-1,-1
121,-1,202.16,26.50,78.66,207.56,0.08044,-1,-1,-1
121,-1,490.70,188.45,16.81,79.20,0.05849,-1,-1,-1
121,-1,0.77,81.92,24.47,55.05,0.05124,-1,-1,-1
122,-1,9.29,1.88,242.49,474.63,0.99682,-1,-1,-1
122,-1,315.44,0.00,253.96,480.00,0.99671,-1,-1,-1
122,-1,194.60,23.83,93.07,389.67,0.99587,-1,-1,-1
122,-1,498.39,193.78,30.20,77.17,0.97970,-1,-1,-1
122,-1,0.18,77.13,24.85,135.97,0.94615,-1,-1,-1
122,-1,535.87,194.55,18.17,45.96,0.92778,-1,-1,-1
122,-1,334.21,4.15,245.95,259.15,0.92358,-1,-1,-1
122,-1,562.59,201.53,14.65,40.55,0.87992,-1,-1,-1
122,-1,0.00,84.93,39.00,361.30,0.86200,-1,-1,-1
122,-1,0.00,93.27,34.25,184.55,0.81602,-1,-1,-1
122,-1,553.62,196.80,12.16,44.47,0.61088,-1,-1,-1
122,-1,545.31,197.80,19.53,48.95,0.50852,-1,-1,-1
122,-1,495.27,169.21,48.90,103.45,0.40213,-1,-1,-1
122,-1,246.32,68.94,18.06,21.92,0.32936,-1,-1,-1
122,-1,115.19,8.45,160.85,417.13,0.30615,-1,-1,-1
122,-1,2.89,64.66,66.57,374.12,0.29010,-1,-1,-1
122,-1,0.40,82.57,24.76,65.75,0.27133,-1,-1,-1
122,-1,534.84,195.92,10.59,44.66,0.25145,-1,-1,-1
122,-1,162.88,26.04,89.71,372.63,0.22874,-1,-1,-1
122,-1,295.04,156.99,74.76,123.40,0.20990,-1,-1,-1
122,-1,576.39,207.27,10.54,33.62,0.17327,-1,-1,-1
122,-1,0.68,91.47,58.91,221.24,0.16231,-1,-1,-1
122,-1,549.95,196.28,10.22,45.65,0.09268,-1,-1,-1
122,-1,558.09,203.49,11.31,33.07,0.08083,-1,-1,-1
122,-1,545.28,194.52,11.47,38.43,0.06204,-1,-1,-1
122,-1,566.45,205.00,16.09,35.79,0.06044,-1,-1,-1
123,-1,9.27,4.56,247.23,474.37,0.99793,-1,-1,-1
123,-1,198.18,19.71,94.52,403.92,0.99618,-1,-1,-1
123,-1,319.27,0.00,245.08,480.00,0.99617,-1,-1,-1
123,-1,498.78,193.81,29.51,77.23,0.97975,-1,-1,-1
123,-1,298.64,177.84,25.88,57.84,0.96611,-1,-1,-1
123,-1,0.00,87.61,30.59,158.97,0.93744,-1,-1,-1
123,-1,562.98,201.79,14.04,40.16,0.91238,-1,-1,-1
123,-1,535.99,194.19,16.78,47.74,0.89088,-1,-1,-1
123,-1,0.00,78.00,41.34,383.19,0.84445,-1,-1,-1
123,-1,323.78,5.72,261.01,250.89,0.83312,-1,-1,-1
123,-1,552.53,198.57,11.74,43.59,0.65329,-1,-1,-1
123,-1,540.57,195.99,19.42,50.56,0.53550,-1,-1,-1
123,-1,299.48,170.91,77.65,104.95,0.49882,-1,-1,-1
123,-1,203.98,27.08,83.74,226.89,0.48568,-1,-1,-1
123,-1,576.12,206.17,11.27,33.55,0.45720,-1,-1,-1
123,-1,0.00,86.03,26.34,89.69,0.45565,-1,-1,-1
123,-1,0.51,82.34,24.00,53.14,0.38424,-1,-1,-1
123,-1,496.31,174.27,46.66,98.44,0.33682,-1,-1,-1
123,-1,558.79,199.91,13.42,40.43,0.27765,-1,-1,-1
123,-1,297.59,177.66,34.76,96.79,0.25042,-1,-1,-1
123,-1,246.42,71.24,17.15,20.46,0.23348,-1,-1,-1
123,-1,534.93,197.31,10.35,43.94,0.18460,-1,-1,-1
123,-1,0.77,55.22,79.56,409.66,0.13109,-1,-1,-1
123,-1,568.01,205.97,16.52,34.61,0.11242,-1,-1,-1
123,-1,263.19,168.53,21.83,81.85,0.09837,-1,-1,-1
123,-1,546.34,210.11,13.02,36.86,0.09752,-1,-1,-1
123,-1,495.41,195.83,19.32,71.07,0.08411,-1,-1,-1
123,-1,555.19,204.74,12.04,29.40,0.07045,-1,-1,-1
123,-1,0.00,88.42,60.95,218.62,0.05712,-1,-1,-1
123,-1,301.03,17.26,136.89,255.70,0.05364,-1,-1,-1
124,-1,323.97,4.02,254.03,470.99,0.99783,-1,-1,-1
124,-1,9.26,3.42,251.94,474.35,0.99748,-1,-1,-1
124,-1,196.02,25.31,90.37,398.26,0.99501,-1,-1,-1
124,-1,294.59,178.72,31.23,77.32,0.98406,-1,-1,-1
124,-1,499.31,192.19,29.21,78.97,0.97642,-1,-1,-1
124,-1,562.17,202.11,14.65,39.96,0.90685,-1,-1,-1
124,-1,535.74,192.07,18.07,50.28,0.87578,-1,-1,-1
124,-1,0.00,86.96,32.59,183.83,0.87227,-1,-1,-1
124,-1,289.44,196.47,21.17,60.94,0.82047,-1,-1,-1
124,-1,0.00,92.00,42.98,339.91,0.81189,-1,-1,-1
124,-1,339.79,8.39,242.81,233.50,0.81107,-1,-1,-1
124,-1,303.05,174.52,61.14,99.32,0.67755,-1,-1,-1
124,-1,552.57,197.61,10.82,43.61,0.58830,-1,-1,-1
124,-1,575.53,206.09,12.18,32.95,0.57621,-1,-1,-1
124,-1,542.93,198.81,19.12,47.98,0.52472,-1,-1,-1
124,-1,0.42,81.87,23.90,52.86,0.40001,-1,-1,-1
124,-1,494.73,166.41,48.44,106.49,0.36384,-1,-1,-1
124,-1,246.12,68.85,17.61,23.25,0.31551,-1,-1,-1
124,-1,555.08,199.86,13.28,39.53,0.24669,-1,-1,-1
124,-1,4.63,65.27,63.38,409.18,0.24344,-1,-1,-1
124,-1,567.70,204.65,12.11,36.68,0.17615,-1,-1,-1
124,-1,0.56,77.99,31.35,100.44,0.13669,-1,-1,-1
124,-1,492.89,192.49,23.97,74.83,0.11659,-1,-1,-1
124,-1,283.65,188.15,18.43,62.97,0.10429,-1,-1,-1
124,-1,327.63,170.44,36.25,31.51,0.08925,-1,-1,-1
124,-1,534.78,198.92,10.27,42.01,0.08392,-1,-1,-1
124,-1,197.41,25.63,74.48,228.48,0.06064,-1,-1,-1
124,-1,329.46,173.20,15.01,28.73,0.05629,-1,-1,-1
125,-1,6.36,3.17,257.35,468.43,0.99828,-1,-1,-1
125,-1,329.39,0.00,242.93,480.00,0.99590,-1,-1,-1
125,-1,195.69,15.91,88.81,411.11,0.99373,-1,-1,-1
125,-1,292.78,181.12,31.94,76.79,0.98598,-1,-1,-1
125,-1,500.32,193.86,28.09,76.07,0.97915,-1,-1,-1
125,-1,561.59,200.98,15.65,41.21,0.94171,-1,-1,-1
125,-1,0.00,85.05,33.45,156.18,0.90287,-1,-1,-1
125,-1,290.33,203.26,17.73,53.02,0.87781,-1,-1,-1
125,-1,0.00,74.58,46.13,251.52,0.83848,-1,-1,-1
125,-1,534.86,193.54,19.42,49.42,0.77822,-1,-1,-1
125,-1,304.20,176.87,58.87,91.67,0.68001,-1,-1,-1
125,-1,336.71,6.44,246.68,241.94,0.66411,-1,-1,-1
125,-1,546.19,195.28,13.41,51.84,0.37832,-1,-1,-1
125,-1,552.57,199.00,10.39,37.85,0.33396,-1,-1,-1
125,-1,0.08,84.79,28.06,92.05,0.33340,-1,-1,-1
125,-1,282.24,194.02,20.23,59.95,0.30924,-1,-1,-1
125,-1,496.56,174.34,45.09,97.33,0.29299,-1,-1,-1
125,-1,556.22,201.10,13.91,38.81,0.28484,-1,-1,-1
125,-1,534.47,215.37,8.84,25.45,0.24380,-1,-1,-1
125,-1,544.71,199.40,29.67,42.93,0.21865,-1,-1,-1
125,-1,299.55,178.37,28.44,45.04,0.19835,-1,-1,-1
125,-1,575.81,206.33,11.92,31.88,0.19229,-1,-1,-1
125,-1,538.88,217.56,11.40,23.09,0.13581,-1,-1,-1
125,-1,246.70,69.84,16.97,22.62,0.13535,-1,-1,-1
125,-1,4.29,66.23,68.56,350.18,0.13158,-1,-1,-1
125,-1,262.73,199.69,18.73,55.81,0.11679,-1,-1,-1
125,-1,331.51,173.21,41.09,27.60,0.11212,-1,-1,-1
125,-1,533.13,204.31,12.30,36.97,0.10883,-1,-1,-1
125,-1,490.36,187.37,17.12,77.42,0.10784,-1,-1,-1
125,-1,287.86,200.45,13.16,42.74,0.09921,-1,-1,-1
125,-1,567.52,205.00,12.42,35.89,0.09082,-1,-1,-1
125,-1,525.25,213.90,11.20,26.67,0.06459,-1,-1,-1
125,-1,174.90,0.00,74.11,430.49,0.06131,-1,-1,-1
125,-1,0.41,81.57,24.08,54.86,0.05917,-1,-1,-1
125,-1,501.18,202.48,16.34,60.36,0.05148,-1,-1,-1
125,-1,525.89,201.36,16.76,39.75,0.05008,-1,-1,-1
126,-1,4.73,2.12,261.25,468.66,0.99855,-1,-1,-1
126,-1,321.88,0.00,259.78,480.00,0.99749,-1,-1,-1
126,-1,197.32,22.50,85.34,401.88,0.99246,-1,-1,-1
126,-1,293.18,180.62,29.50,77.28,0.98845,-1,-1,-1
126,-1,500.13,192.16,28.74,79.04,0.98103,-1,-1,-1
126,-1,561.42,201.97,15.43,40.47,0.94190,-1,-1,-1
126,-1,289.29,193.35,21.05,64.53,0.88515,-1,-1,-1
126,-1,0.00,83.11,33.39,144.74,0.88028,-1,-1,-1
126,-1,0.00,90.88,41.90,218.09,0.81535,-1,-1,-1
126,-1,304.58,174.64,62.52,95.31,0.73597,-1,-1,-1
126,-1,534.99,193.78,19.30,51.21,0.70975,-1,-1,-1
126,-1,330.24,8.34,248.11,237.18,0.66944,-1,-1,-1
126,-1,540.56,197.08,19.64,50.45,0.58689,-1,-1,-1
126,-1,0.42,82.71,27.48,69.14,0.36904,-1,-1,-1
126,-1,552.21,199.59,10.74,35.45,0.31934,-1,-1,-1
126,-1,575.77,206.57,11.72,34.35,0.26008,-1,-1,-1
126,-1,0.97,103.88,51.53,357.38,0.24020,-1,-1,-1
126,-1,298.54,178.06,27.39,53.13,0.21776,-1,-1,-1
126,-1,282.47,186.93,18.94,64.95,0.20997,-1,-1,-1
126,-1,245.67,70.95,17.88,22.12,0.20299,-1,-1,-1
126,-1,492.75,172.08,46.38,99.22,0.20272,-1,-1,-1
126,-1,525.35,212.19,11.73,28.41,0.15626,-1,-1,-1
126,-1,532.64,206.75,13.20,35.03,0.13491,-1,-1,-1
126,-1,489.09,186.03,17.76,77.15,0.12271,-1,-1,-1
126,-1,493.06,190.94,25.49,75.53,0.12236,-1,-1,-1
126,-1,316.70,134.72,192.83,335.77,0.11970,-1,-1,-1
126,-1,556.39,201.46,11.78,38.61,0.11584,-1,-1,-1
126,-1,527.82,202.46,13.08,38.38,0.10273,-1,-1,-1
126,-1,535.14,218.60,14.90,23.41,0.10136,-1,-1,-1
126,-1,303.44,183.23,36.90,79.43,0.09401,-1,-1,-1
126,-1,514.76,191.18,15.10,50.08,0.09049,-1,-1,-1
126,-1,211.49,39.11,69.30,247.35,0.08147,-1,-1,-1
126,-1,540.29,190.27,13.53,41.56,0.06809,-1,-1,-1
126,-1,568.46,205.56,10.87,35.47,0.06312,-1,-1,-1
127,-1,6.25,0.80,238.51,475.17,0.99846,-1,-1,-1
127,-1,320.61,0.00,253.04,480.00,0.99711,-1,-1,-1
127,-1,197.48,12.36,86.73,415.09,0.99008,-1,-1,-1
127,-1,292.30,180.46,32.19,77.77,0.98686,-1,-1,-1
127,-1,502.91,191.52,26.51,79.67,0.97361,-1,-1,-1
127,-1,562.67,202.58,14.13,39.41,0.95316,-1,-1,-1
127,-1,0.00,86.36,44.64,218.15,0.84995,-1,-1,-1
127,-1,533.46,195.23,17.72,45.99,0.84419,-1,-1,-1
127,-1,0.00,85.93,35.08,138.54,0.84020,-1,-1,-1
127,-1,289.25,188.12,22.04,69.01,0.83581,-1,-1,-1
127,-1,282.96,186.15,20.81,66.18,0.60988,-1,-1,-1
127,-1,349.17,7.75,225.05,228.20,0.59700,-1,-1,-1
127,-1,304.45,172.86,60.52,95.33,0.56154,-1,-1,-1
127,-1,549.96,199.09,12.42,39.85,0.56043,-1,-1,-1
127,-1,541.72,199.06,18.77,48.17,0.55350,-1,-1,-1
127,-1,0.00,83.30,27.24,74.90,0.50347,-1,-1,-1
127,-1,494.46,172.31,42.36,100.10,0.32740,-1,-1,-1
127,-1,537.57,190.57,16.09,39.45,0.18964,-1,-1,-1
127,-1,245.78,70.54,18.06,22.49,0.16772,-1,-1,-1
127,-1,1.86,94.15,51.17,362.33,0.16688,-1,-1,-1
127,-1,299.01,178.03,27.64,50.53,0.15853,-1,-1,-1
127,-1,525.68,210.75,13.73,30.22,0.14805,-1,-1,-1
127,-1,202.28,23.00,38.06,53.78,0.14622,-1,-1,-1
127,-1,556.12,202.00,9.25,32.60,0.14012,-1,-1,-1
127,-1,552.78,201.02,10.70,25.49,0.13822,-1,-1,-1
127,-1,331.81,172.19,43.36,27.26,0.12822,-1,-1,-1
127,-1,528.47,199.58,17.13,41.38,0.12316,-1,-1,-1
127,-1,575.87,207.42,11.71,30.65,0.11746,-1,-1,-1
127,-1,198.96,23.91,75.41,220.09,0.10485,-1,-1,-1
127,-1,280.39,184.52,19.37,43.38,0.10373,-1,-1,-1
127,-1,560.03,202.17,11.23,38.11,0.09874,-1,-1,-1
127,-1,565.82,204.54,17.63,38.77,0.08706,-1,-1,-1
127,-1,539.69,190.61,13.85,14.45,0.07328,-1,-1,-1
127,-1,494.95,190.76,19.44,72.52,0.06402,-1,-1,-1
127,-1,490.08,185.20,17.66,76.59,0.06227,-1,-1,-1
127,-1,585.10,197.86,9.50,35.14,0.05347,-1,-1,-1
128,-1,6.21,1.79,258.31,473.66,0.99860,-1,-1,-1
128,-1,323.13,0.00,247.62,480.00,0.99757,-1,-1,-1
128,-1,198.36,14.16,85.15,414.38,0.99201,-1,-1,-1
128,-1,295.29,180.50,29.58,71.73,0.97758,-1,-1,-1
128,-1,502.71,191.62,25.79,79.74,0.96740,-1,-1,-1
128,-1,562.06,202.64,14.98,38.99,0.94071,-1,-1,-1
128,-1,0.00,86.50,41.38,210.38,0.91494,-1,-1,-1
128,-1,289.48,190.42,21.70,66.87,0.89843,-1,-1,-1
128,-1,533.44,193.04,18.31,52.41,0.87088,-1,-1,-1
128,-1,0.00,80.19,34.72,122.99,0.57997,-1,-1,-1
128,-1,541.23,197.49,19.19,49.50,0.56694,-1,-1,-1
128,-1,345.05,7.27,234.23,227.96,0.51544,-1,-1,-1
128,-1,282.02,186.97,21.61,66.15,0.51368,-1,-1,-1
128,-1,305.13,173.60,61.70,96.01,0.46560,-1,-1,-1
128,-1,551.44,197.98,11.13,38.04,0.37725,-1,-1,-1
128,-1,0.29,82.67,26.01,65.21,0.24130,-1,-1,-1
128,-1,492.71,162.82,47.10,108.64,0.23812,-1,-1,-1
128,-1,1.43,84.49,58.52,367.06,0.21963,-1,-1,-1
128,-1,525.46,208.23,14.23,32.59,0.15590,-1,-1,-1
128,-1,280.85,186.02,18.91,41.35,0.15392,-1,-1,-1
128,-1,201.69,23.39,38.22,54.02,0.13934,-1,-1,-1
128,-1,492.83,189.14,22.57,76.22,0.12164,-1,-1,-1
128,-1,203.63,30.17,68.67,234.32,0.10762,-1,-1,-1
128,-1,245.91,70.50,17.89,22.93,0.10483,-1,-1,-1
128,-1,331.50,172.22,39.30,27.40,0.09386,-1,-1,-1
128,-1,538.41,190.46,14.71,38.19,0.08189,-1,-1,-1
128,-1,514.92,192.00,15.02,58.28,0.06560,-1,-1,-1
128,-1,155.01,0.00,348.40,476.23,0.05906,-1,-1,-1
129,-1,4.67,2.55,262.33,465.91,0.99865,-1,-1,-1
129,-1,325.39,0.00,243.15,480.00,0.99692,-1,-1,-1
129,-1,197.01,15.03,87.25,414.02,0.98810,-1,-1,-1
129,-1,297.18,179.54,28.74,69.70,0.98727,-1,-1,-1
129,-1,500.93,192.48,28.08,78.66,0.97602,-1,-1,-1
129,-1,561.59,202.07,15.21,39.91,0.94179,-1,-1,-1
129,-1,289.68,202.31,20.09,54.98,0.92025,-1,-1,-1
129,-1,542.64,198.75,17.30,49.29,0.90177,-1,-1,-1
129,-1,0.00,84.27,35.28,183.12,0.89608,-1,-1,-1
129,-1,532.96,197.43,14.61,44.12,0.88827,-1,-1,-1
129,-1,346.65,6.02,225.80,225.67,0.61980,-1,-1,-1
129,-1,282.56,185.52,20.04,66.50,0.52440,-1,-1,-1
129,-1,305.74,174.81,63.11,97.12,0.45026,-1,-1,-1
129,-1,0.48,81.88,35.17,90.27,0.44517,-1,-1,-1
129,-1,1.26,96.78,52.73,245.73,0.39806,-1,-1,-1
129,-1,201.73,23.45,38.06,55.30,0.37409,-1,-1,-1
129,-1,549.03,199.59,12.75,39.02,0.31842,-1,-1,-1
129,-1,205.97,28.18,78.12,223.75,0.29810,-1,-1,-1
129,-1,525.55,208.19,13.92,33.17,0.27892,-1,-1,-1
129,-1,556.66,201.26,12.86,36.86,0.18229,-1,-1,-1
129,-1,146.17,0.40,131.63,349.30,0.16614,-1,-1,-1
129,-1,493.72,189.27,23.89,73.71,0.15483,-1,-1,-1
129,-1,554.93,201.26,9.31,30.57,0.12864,-1,-1,-1
129,-1,537.00,193.87,12.10,32.08,0.10150,-1,-1,-1
129,-1,245.34,69.83,18.60,23.99,0.09558,-1,-1,-1
129,-1,523.56,205.45,9.74,35.47,0.07148,-1,-1,-1
129,-1,0.52,82.30,25.19,61.56,0.06867,-1,-1,-1
129,-1,540.66,193.87,11.43,44.70,0.06609,-1,-1,-1
129,-1,514.97,192.54,15.12,48.63,0.06471,-1,-1,-1
129,-1,4.05,70.06,80.10,389.49,0.06130,-1,-1,-1
129,-1,261.82,189.76,19.60,64.13,0.05137,-1,-1,-1
130,-1,7.66,2.69,256.70,473.30,0.99820,-1,-1,-1
130,-1,312.56,1.01,272.81,478.99,0.99710,-1,-1,-1
130,-1,199.13,25.58,83.48,388.71,0.99180,-1,-1,-1
130,-1,297.04,180.03,28.20,70.92,0.98518,-1,-1,-1
130,-1,502.68,191.26,26.14,79.64,0.97026,-1,-1,-1
130,-1,541.76,196.86,19.18,51.10,0.94157,-1,-1,-1
130,-1,561.03,202.64,16.17,39.21,0.94000,-1,-1,-1
130,-1,0.00,84.63,35.05,143.15,0.88731,-1,-1,-1
130,-1,289.38,192.33,22.55,65.16,0.86596,-1,-1,-1
130,-1,0.00,82.25,48.65,226.96,0.79806,-1,-1,-1
130,-1,528.95,198.27,16.84,43.17,0.79731,-1,-1,-1
130,-1,304.92,173.92,62.18,97.75,0.72870,-1,-1,-1
130,-1,1.71,95.16,53.56,362.71,0.51606,-1,-1,-1
130,-1,532.84,198.30,23.48,47.58,0.50364,-1,-1,-1
130,-1,336.53,7.33,241.92,268.93,0.37731,-1,-1,-1
130,-1,525.58,206.40,13.89,34.33,0.36666,-1,-1,-1
130,-1,281.80,186.38,19.04,65.04,0.25097,-1,-1,-1
130,-1,202.30,23.86,37.58,54.77,0.22463,-1,-1,-1
130,-1,0.83,83.15,32.09,65.15,0.21451,-1,-1,-1
130,-1,492.36,187.28,20.98,74.67,0.18688,-1,-1,-1
130,-1,140.36,1.17,134.54,349.04,0.18447,-1,-1,-1
130,-1,261.98,193.77,19.60,60.46,0.15698,-1,-1,-1
130,-1,539.81,198.59,11.22,44.99,0.12519,-1,-1,-1
130,-1,492.78,166.79,46.01,101.67,0.10441,-1,-1,-1
130,-1,589.80,211.07,11.04,30.94,0.09106,-1,-1,-1
130,-1,513.53,191.08,16.40,49.61,0.08641,-1,-1,-1
130,-1,557.19,202.13,10.82,32.43,0.07512,-1,-1,-1
130,-1,246.25,68.75,17.22,24.00,0.07006,-1,-1,-1
130,-1,297.90,178.42,10.74,22.44,0.06329,-1,-1,-1
130,-1,576.79,207.71,10.22,30.66,0.05917,-1,-1,-1
130,-1,549.82,200.79,13.25,36.76,0.05295,-1,-1,-1
131,-1,13.17,0.17,246.51,479.83,0.99771,-1,-1,-1
131,-1,319.64,0.00,266.35,474.81,0.99681,-1,-1,-1
131,-1,194.21,28.19,88.20,398.44,0.99474,-1,-1,-1
131,-1,298.16,179.81,26.39,69.50,0.98488,-1,-1,-1
131,-1,501.99,192.50,26.11,78.11,0.96084,-1,-1,-1
131,-1,560.28,203.24,16.07,37.92,0.95587,-1,-1,-1
131,-1,537.61,196.61,21.42,51.80,0.94033,-1,-1,-1
131,-1,0.00,83.68,35.68,192.47,0.93511,-1,-1,-1
131,-1,289.67,196.29,20.65,61.25,0.87464,-1,-1,-1
131,-1,530.12,197.27,16.15,44.22,0.67140,-1,-1,-1
131,-1,0.45,82.71,33.75,96.55,0.65592,-1,-1,-1
131,-1,304.50,172.74,65.96,101.30,0.64903,-1,-1,-1
131,-1,2.62,85.40,50.91,253.07,0.44328,-1,-1,-1
131,-1,494.99,169.87,43.99,99.69,0.34323,-1,-1,-1
131,-1,346.17,7.88,240.68,242.72,0.30712,-1,-1,-1
131,-1,201.08,23.05,38.62,57.43,0.23458,-1,-1,-1
131,-1,209.36,42.41,72.85,232.56,0.21791,-1,-1,-1
131,-1,0.27,114.12,33.71,99.75,0.18386,-1,-1,-1
131,-1,281.44,187.51,21.17,67.20,0.18279,-1,-1,-1
131,-1,525.94,203.70,14.33,37.44,0.17839,-1,-1,-1
131,-1,261.99,196.15,20.56,58.18,0.15351,-1,-1,-1
131,-1,547.07,200.50,13.65,39.02,0.14357,-1,-1,-1
131,-1,494.74,191.03,23.62,73.96,0.12775,-1,-1,-1
131,-1,1.29,162.54,49.17,283.57,0.11692,-1,-1,-1
131,-1,0.47,82.13,25.64,60.13,0.10748,-1,-1,-1
131,-1,245.75,70.67,17.83,22.94,0.10720,-1,-1,-1
131,-1,584.98,212.92,9.65,27.38,0.05920,-1,-1,-1
131,-1,511.54,192.12,17.11,54.44,0.05450,-1,-1,-1
132,-1,5.45,3.25,253.29,465.96,0.99835,-1,-1,-1
132,-1,313.54,0.00,270.90,480.00,0.99750,-1,-1,-1
132,-1,195.89,23.08,89.76,397.82,0.99332,-1,-1,-1
132,-1,290.96,179.81,32.80,78.18,0.98734,-1,-1,-1
132,-1,501.16,193.07,27.58,77.78,0.97705,-1,-1,-1
132,-1,560.84,204.89,15.84,36.33,0.95645,-1,-1,-1
132,-1,0.53,82.08,44.89,223.10,0.92581,-1,-1,-1
132,-1,538.87,198.36,19.92,49.63,0.92057,-1,-1,-1
132,-1,0.00,79.41,35.70,128.59,0.65999,-1,-1,-1
132,-1,290.43,196.95,19.10,59.60,0.59332,-1,-1,-1
132,-1,345.83,5.93,234.40,242.65,0.56313,-1,-1,-1
132,-1,283.42,186.55,21.36,68.67,0.51063,-1,-1,-1
132,-1,525.74,209.02,13.93,32.04,0.39848,-1,-1,-1
132,-1,528.14,198.77,18.23,44.92,0.38992,-1,-1,-1
132,-1,304.23,172.37,60.82,94.94,0.33476,-1,-1,-1
132,-1,0.73,83.34,27.58,59.84,0.28358,-1,-1,-1
132,-1,209.63,41.95,73.84,213.58,0.24352,-1,-1,-1
132,-1,261.52,188.69,20.57,63.88,0.23354,-1,-1,-1
132,-1,547.77,201.52,12.04,37.49,0.15653,-1,-1,-1
132,-1,280.69,190.14,15.90,57.26,0.14809,-1,-1,-1
132,-1,0.58,141.38,46.21,305.86,0.14467,-1,-1,-1
132,-1,493.77,189.54,18.91,70.95,0.12492,-1,-1,-1
132,-1,587.07,209.32,12.98,32.96,0.09538,-1,-1,-1
132,-1,7.12,72.67,64.90,256.86,0.09486,-1,-1,-1
132,-1,529.93,216.22,13.40,26.76,0.08967,-1,-1,-1
132,-1,585.00,214.35,9.11,25.71,0.07766,-1,-1,-1
132,-1,0.94,275.01,44.11,203.77,0.07400,-1,-1,-1
132,-1,246.22,68.88,17.21,24.09,0.07287,-1,-1,-1
132,-1,281.28,183.59,19.46,26.46,0.07103,-1,-1,-1
132,-1,567.14,207.33,11.99,31.90,0.06688,-1,-1,-1
132,-1,532.13,211.18,21.76,36.56,0.06446,-1,-1,-1
132,-1,509.35,190.67,19.66,57.36,0.06015,-1,-1,-1
132,-1,473.56,34.76,40.70,49.75,0.05350,-1,-1,-1
132,-1,299.76,182.78,20.33,55.81,0.05171,-1,-1,-1
132,-1,501.42,200.04,15.87,61.26,0.05025,-1,-1,-1
133,-1,310.93,0.70,275.31,469.87,0.99900,-1,-1,-1
133,-1,10.60,3.55,246.84,468.19,0.99767,-1,-1,-1
133,-1,290.12,181.22,35.21,77.78,0.99510,-1,-1,-1
133,-1,193.17,29.37,92.68,390.33,0.99457,-1,-1,-1
133,-1,500.49,191.44,29.05,79.02,0.97200,-1,-1,-1
133,-1,559.39,205.01,17.09,37.01,0.88957,-1,-1,-1
133,-1,0.01,92.36,47.54,208.54,0.88584,-1,-1,-1
133,-1,539.16,195.15,18.85,53.10,0.87023,-1,-1,-1
133,-1,284.24,182.55,25.63,72.70,0.80106,-1,-1,-1
133,-1,0.00,86.69,35.63,115.06,0.76704,-1,-1,-1
133,-1,279.39,184.44,21.38,65.92,0.76119,-1,-1,-1
133,-1,527.29,195.54,17.86,46.89,0.71335,-1,-1,-1
133,-1,303.19,176.50,62.99,91.68,0.61667,-1,-1,-1
133,-1,339.60,9.71,239.06,250.43,0.40646,-1,-1,-1
133,-1,198.78,27.81,84.22,212.60,0.38731,-1,-1,-1
133,-1,0.50,82.64,27.00,77.83,0.32072,-1,-1,-1
133,-1,546.96,201.04,11.86,44.65,0.27498,-1,-1,-1
133,-1,0.83,147.18,45.24,299.62,0.20787,-1,-1,-1
133,-1,524.27,201.02,12.46,40.40,0.19604,-1,-1,-1
133,-1,535.32,197.49,13.32,47.34,0.18133,-1,-1,-1
133,-1,7.05,78.14,67.78,246.94,0.10790,-1,-1,-1
133,-1,526.73,212.64,14.48,29.70,0.09821,-1,-1,-1
133,-1,527.55,187.65,27.14,61.27,0.09601,-1,-1,-1
133,-1,0.00,129.55,27.92,170.69,0.08473,-1,-1,-1
133,-1,172.74,22.54,75.29,319.84,0.08420,-1,-1,-1
133,-1,542.34,192.37,12.94,40.38,0.08182,-1,-1,-1
133,-1,490.01,185.94,17.13,80.23,0.07895,-1,-1,-1
133,-1,495.37,190.64,21.26,75.34,0.07596,-1,-1,-1
133,-1,245.71,70.31,17.72,22.68,0.07272,-1,-1,-1
133,-1,261.67,192.88,22.30,58.65,0.07236,-1,-1,-1
133,-1,290.52,198.64,16.66,54.06,0.06867,-1,-1,-1
133,-1,493.78,158.43,50.23,109.49,0.06479,-1,-1,-1
133,-1,472.68,35.21,42.03,47.66,0.06200,-1,-1,-1
133,-1,511.45,190.12,18.11,58.61,0.05883,-1,-1,-1
133,-1,281.41,183.44,18.00,26.80,0.05526,-1,-1,-1
134,-1,327.64,0.00,252.71,480.00,0.99923,-1,-1,-1
134,-1,10.40,5.60,241.95,465.59,0.99704,-1,-1,-1
134,-1,193.59,23.82,89.82,395.91,0.99611,-1,-1,-1
134,-1,290.35,178.50,35.29,79.08,0.99305,-1,-1,-1
134,-1,499.77,191.89,29.40,80.38,0.98466,-1,-1,-1
134,-1,543.21,196.71,13.56,51.17,0.96337,-1,-1,-1
134,-1,0.34,85.91,37.39,201.63,0.92445,-1,-1,-1
134,-1,559.20,202.26,17.67,39.62,0.89677,-1,-1,-1
134,-1,524.07,197.22,18.65,45.33,0.84918,-1,-1,-1
134,-1,0.49,80.75,33.81,116.41,0.67692,-1,-1,-1
134,-1,280.04,187.30,20.20,61.65,0.62808,-1,-1,-1
134,-1,347.61,8.02,228.53,254.09,0.57005,-1,-1,-1
134,-1,302.71,172.26,68.54,98.04,0.45583,-1,-1,-1
134,-1,284.40,179.69,26.89,75.66,0.38010,-1,-1,-1
134,-1,6.74,98.98,56.21,210.97,0.37970,-1,-1,-1
134,-1,533.08,197.81,12.74,43.99,0.27276,-1,-1,-1
134,-1,0.92,84.13,31.11,61.69,0.23188,-1,-1,-1
134,-1,2.43,102.18,51.88,361.21,0.22012,-1,-1,-1
134,-1,0.00,115.40,32.48,286.87,0.21643,-1,-1,-1
134,-1,332.52,174.08,9.62,17.89,0.18067,-1,-1,-1
134,-1,527.00,211.03,13.58,31.07,0.15421,-1,-1,-1
134,-1,536.46,197.38,14.20,47.81,0.13741,-1,-1,-1
134,-1,246.19,69.39,17.06,23.89,0.11481,-1,-1,-1
134,-1,290.88,199.49,16.52,55.86,0.10824,-1,-1,-1
134,-1,489.81,185.22,16.86,82.46,0.07709,-1,-1,-1
134,-1,261.70,192.60,19.82,61.50,0.07499,-1,-1,-1
134,-1,540.69,189.67,12.81,15.96,0.06810,-1,-1,-1
134,-1,298.68,178.48,29.26,42.59,0.05600,-1,-1,-1
134,-1,6.20,26.97,119.52,439.13,0.05493,-1,-1,-1
134,-1,551.93,202.89,9.59,33.96,0.05180,-1,-1,-1
135,-1,10.36,3.47,236.82,465.80,0.99806,-1,-1,-1
135,-1,195.18,24.74,90.13,395.86,0.99685,-1,-1,-1
135,-1,321.65,0.00,262.70,476.91,0.99682,-1,-1,-1
135,-1,290.88,178.97,36.04,78.85,0.99481,-1,-1,-1
135,-1,500.14,191.58,28.71,80.73,0.98422,-1,-1,-1
135,-1,537.20,193.43,20.29,54.79,0.95573,-1,-1,-1
135,-1,0.00,92.22,39.02,195.05,0.90243,-1,-1,-1
135,-1,558.40,205.66,18.74,36.46,0.87121,-1,-1,-1
135,-1,523.62,195.75,18.96,47.47,0.78822,-1,-1,-1
135,-1,0.42,80.68,32.56,121.79,0.75061,-1,-1,-1
135,-1,288.82,191.15,23.90,66.20,0.70961,-1,-1,-1
135,-1,3.29,87.96,48.55,327.93,0.65813,-1,-1,-1
135,-1,351.68,7.20,226.95,226.14,0.60001,-1,-1,-1
135,-1,527.39,194.64,24.59,51.83,0.55340,-1,-1,-1
135,-1,280.24,188.50,18.99,57.15,0.46226,-1,-1,-1
135,-1,299.33,174.01,44.97,84.70,0.44496,-1,-1,-1
135,-1,303.82,168.52,69.15,100.85,0.35849,-1,-1,-1
135,-1,0.61,82.37,25.56,73.15,0.28752,-1,-1,-1
135,-1,331.89,174.50,13.40,25.03,0.24226,-1,-1,-1
135,-1,245.99,71.09,17.38,21.92,0.15984,-1,-1,-1
135,-1,332.18,174.15,27.94,26.53,0.13307,-1,-1,-1
135,-1,299.26,178.36,28.68,52.30,0.12608,-1,-1,-1
135,-1,477.22,35.38,38.38,47.13,0.11640,-1,-1,-1
135,-1,262.40,192.07,19.42,61.41,0.09808,-1,-1,-1
135,-1,290.51,201.67,15.12,45.77,0.09612,-1,-1,-1
135,-1,545.41,196.98,13.94,45.24,0.09019,-1,-1,-1
135,-1,325.53,173.08,26.23,34.54,0.08523,-1,-1,-1
135,-1,490.68,186.77,15.84,80.92,0.08362,-1,-1,-1
135,-1,330.29,173.41,46.48,39.58,0.07791,-1,-1,-1
135,-1,525.80,212.69,14.58,29.56,0.07383,-1,-1,-1
135,-1,323.41,173.35,34.62,54.09,0.06905,-1,-1,-1
135,-1,333.32,173.49,11.82,14.55,0.06753,-1,-1,-1
135,-1,518.59,190.96,20.24,63.86,0.06406,-1,-1,-1
135,-1,509.24,190.54,19.70,60.76,0.05954,-1,-1,-1
135,-1,555.91,204.43,15.58,30.86,0.05419,-1,-1,-1
135,-1,321.91,174.48,21.81,41.84,0.05279,-1,-1,-1
135,-1,0.00,129.63,29.42,310.62,0.05164,-1,-1,-1
136,-1,12.51,6.29,226.59,465.71,0.99861,-1,-1,-1
136,-1,189.04,28.09,94.94,382.82,0.99675,-1,-1,-1
136,-1,317.39,0.00,268.75,480.00,0.99674,-1,-1,-1
136,-1,499.73,191.75,29.51,81.07,0.97573,-1,-1,-1
136,-1,291.73,178.23,32.54,78.83,0.97538,-1,-1,-1
136,-1,288.73,194.53,22.49,63.16,0.89149,-1,-1,-1
136,-1,0.00,85.12,38.43,120.18,0.88322,-1,-1,-1
136,-1,557.75,205.61,18.83,36.64,0.88279,-1,-1,-1
136,-1,531.97,191.10,24.83,58.02,0.88153,-1,-1,-1
136,-1,0.00,94.00,43.54,291.70,0.83891,-1,-1,-1
136,-1,343.72,5.09,239.65,257.36,0.69996,-1,-1,-1
136,-1,280.22,186.30,20.46,63.81,0.63981,-1,-1,-1
136,-1,525.70,195.65,15.45,46.04,0.63922,-1,-1,-1
136,-1,302.04,171.96,69.03,94.30,0.42141,-1,-1,-1
136,-1,0.00,84.26,26.58,72.89,0.36233,-1,-1,-1
136,-1,332.10,173.04,13.50,21.36,0.20497,-1,-1,-1
136,-1,3.30,76.02,57.26,219.79,0.18564,-1,-1,-1
136,-1,6.53,74.20,63.25,388.94,0.17471,-1,-1,-1
136,-1,538.89,189.55,18.24,38.95,0.14273,-1,-1,-1
136,-1,301.03,179.99,21.17,59.15,0.12673,-1,-1,-1
136,-1,280.45,188.62,16.72,32.83,0.11997,-1,-1,-1
136,-1,287.93,202.56,14.65,50.77,0.09438,-1,-1,-1
136,-1,164.31,28.55,80.31,392.57,0.09248,-1,-1,-1
136,-1,541.27,195.45,14.32,49.81,0.09086,-1,-1,-1
136,-1,524.54,215.10,14.46,25.93,0.08044,-1,-1,-1
136,-1,261.88,179.65,19.75,74.21,0.06917,-1,-1,-1
136,-1,303.66,185.32,33.05,76.78,0.06755,-1,-1,-1
136,-1,331.22,171.27,37.99,28.12,0.06158,-1,-1,-1
136,-1,1.61,160.12,51.36,124.98,0.06067,-1,-1,-1
136,-1,246.31,70.34,17.37,22.86,0.06008,-1,-1,-1
136,-1,513.20,189.76,25.02,74.03,0.05586,-1,-1,-1
137,-1,13.18,7.09,221.48,468.98,0.99846,-1,-1,-1
137,-1,186.66,27.00,99.06,397.27,0.99817,-1,-1,-1
137,-1,322.27,0.00,256.44,470.20,0.99652,-1,-1,-1
137,-1,291.07,178.61,33.41,79.95,0.98882,-1,-1,-1
137,-1,499.99,192.15,29.68,79.53,0.97717,-1,-1,-1
137,-1,528.66,191.31,28.87,57.59,0.93886,-1,-1,-1
137,-1,0.00,87.85,39.81,129.03,0.88647,-1,-1,-1
137,-1,289.77,194.63,22.80,63.02,0.87012,-1,-1,-1
137,-1,557.89,204.62,19.30,37.51,0.82943,-1,-1,-1
137,-1,0.00,91.25,46.09,376.49,0.76566,-1,-1,-1
137,-1,339.53,8.43,235.16,215.70,0.59116,-1,-1,-1
137,-1,280.82,189.18,20.46,61.80,0.43413,-1,-1,-1
137,-1,302.62,173.92,67.18,97.27,0.42321,-1,-1,-1
137,-1,524.71,196.23,14.47,46.04,0.35528,-1,-1,-1
137,-1,0.44,81.98,24.80,64.22,0.26391,-1,-1,-1
137,-1,532.70,208.40,19.84,40.71,0.19206,-1,-1,-1
137,-1,281.12,189.49,17.54,34.57,0.16297,-1,-1,-1
137,-1,525.21,212.35,10.93,29.25,0.14860,-1,-1,-1
137,-1,538.09,189.37,20.07,45.35,0.11522,-1,-1,-1
137,-1,2.00,99.54,49.75,195.87,0.11492,-1,-1,-1
137,-1,262.16,177.88,19.92,76.45,0.09609,-1,-1,-1
137,-1,564.54,207.88,15.86,31.40,0.09522,-1,-1,-1
137,-1,333.12,175.20,12.67,25.20,0.09495,-1,-1,-1
137,-1,289.91,153.80,119.40,129.63,0.08523,-1,-1,-1
137,-1,554.71,205.03,14.40,35.38,0.08097,-1,-1,-1
137,-1,302.76,188.04,32.69,73.74,0.07722,-1,-1,-1
137,-1,489.88,185.84,17.31,83.01,0.07597,-1,-1,-1
137,-1,287.81,202.33,14.25,50.85,0.07284,-1,-1,-1
137,-1,334.27,174.10,10.72,14.67,0.07103,-1,-1,-1
137,-1,333.55,175.38,25.84,25.79,0.06854,-1,-1,-1
137,-1,5.03,69.95,78.31,405.34,0.06764,-1,-1,-1
137,-1,159.44,30.04,78.11,381.76,0.05957,-1,-1,-1
137,-1,246.80,69.82,16.61,22.30,0.05889,-1,-1,-1
137,-1,494.03,156.32,46.85,119.09,0.05106,-1,-1,-1
138,-1,187.01,25.13,97.77,391.99,0.99869,-1,-1,-1
138,-1,8.60,4.38,214.62,470.54,0.99862,-1,-1,-1
138,-1,321.93,0.00,262.43,480.00,0.99646,-1,-1,-1
138,-1,291.56,179.01,34.55,80.12,0.99280,-1,-1,-1
138,-1,500.40,192.18,29.15,79.86,0.96935,-1,-1,-1
138,-1,526.51,190.32,30.62,59.21,0.96454,-1,-1,-1
138,-1,556.17,203.18,17.99,39.04,0.84609,-1,-1,-1
138,-1,0.00,93.56,39.99,301.81,0.80141,-1,-1,-1
138,-1,0.51,92.81,35.30,168.40,0.79174,-1,-1,-1
138,-1,289.05,189.29,23.98,67.34,0.69880,-1,-1,-1
138,-1,354.48,6.32,226.20,255.79,0.68863,-1,-1,-1
138,-1,299.86,171.01,80.81,108.47,0.61938,-1,-1,-1
138,-1,281.22,188.70,19.43,61.03,0.42454,-1,-1,-1
138,-1,0.00,86.22,28.22,82.36,0.36131,-1,-1,-1
138,-1,564.47,206.74,12.56,32.20,0.32470,-1,-1,-1
138,-1,0.40,113.15,30.76,93.40,0.24911,-1,-1,-1
138,-1,523.89,195.62,14.01,45.60,0.19186,-1,-1,-1
138,-1,0.30,97.93,68.39,371.92,0.16845,-1,-1,-1
138,-1,0.00,118.72,26.84,217.18,0.16342,-1,-1,-1
138,-1,160.99,30.65,74.75,380.32,0.13610,-1,-1,-1
138,-1,0.50,82.39,24.04,52.35,0.13581,-1,-1,-1
138,-1,331.75,174.64,10.28,19.80,0.12985,-1,-1,-1
138,-1,298.62,178.47,29.31,49.44,0.11790,-1,-1,-1
138,-1,550.55,204.44,13.97,35.53,0.10129,-1,-1,-1
138,-1,245.98,69.74,17.35,22.63,0.08837,-1,-1,-1
138,-1,1.08,149.41,56.56,127.87,0.08266,-1,-1,-1
138,-1,494.11,160.22,42.35,108.96,0.06813,-1,-1,-1
138,-1,546.44,202.73,12.01,34.76,0.06748,-1,-1,-1
138,-1,262.77,171.35,18.65,84.33,0.06394,-1,-1,-1
138,-1,348.53,156.16,162.11,316.83,0.05909,-1,-1,-1
138,-1,507.26,152.24,41.76,31.80,0.05632,-1,-1,-1
138,-1,470.05,34.78,45.00,50.34,0.05465,-1,-1,-1
138,-1,281.83,186.92,17.99,31.83,0.05400,-1,-1,-1
138,-1,490.37,184.93,16.32,82.95,0.05381,-1,-1,-1
139,-1,186.24,25.01,98.21,396.05,0.99863,-1,-1,-1
139,-1,9.05,1.27,210.37,473.71,0.99852,-1,-1,-1
139,-1,318.10,0.00,261.06,480.00,0.99810,-1,-1,-1
139,-1,290.88,179.58,32.78,79.83,0.99538,-1,-1,-1
139,-1,501.19,192.69,28.15,78.49,0.97457,-1,-1,-1
139,-1,526.47,190.81,29.83,58.32,0.94013,-1,-1,-1
139,-1,0.03,88.27,33.11,153.85,0.89017,-1,-1,-1
139,-1,555.70,202.03,18.83,39.78,0.87829,-1,-1,-1
139,-1,0.41,91.54,40.77,328.59,0.86227,-1,-1,-1
139,-1,283.13,187.46,20.79,67.94,0.69488,-1,-1,-1
139,-1,339.29,7.05,234.76,245.41,0.51278,-1,-1,-1
139,-1,0.00,84.76,26.40,71.62,0.46359,-1,-1,-1
139,-1,301.54,172.99,71.61,100.34,0.43118,-1,-1,-1
139,-1,564.24,204.98,12.63,33.48,0.26176,-1,-1,-1
139,-1,281.49,186.81,18.95,40.42,0.25652,-1,-1,-1
139,-1,551.75,203.51,12.94,36.61,0.21292,-1,-1,-1
139,-1,297.38,177.29,44.21,101.63,0.20158,-1,-1,-1
139,-1,290.17,197.31,19.76,58.65,0.17882,-1,-1,-1
139,-1,544.91,203.21,9.66,34.31,0.17592,-1,-1,-1
139,-1,524.22,195.27,13.32,47.01,0.15535,-1,-1,-1
139,-1,160.93,32.62,72.80,370.02,0.15336,-1,-1,-1
139,-1,1.76,118.91,49.98,193.31,0.12568,-1,-1,-1
139,-1,298.43,178.28,29.33,46.11,0.12414,-1,-1,-1
139,-1,7.60,62.25,77.56,406.92,0.10445,-1,-1,-1
139,-1,549.57,202.07,10.44,33.64,0.08719,-1,-1,-1
139,-1,575.18,207.44,11.90,30.90,0.08490,-1,-1,-1
139,-1,475.99,35.05,38.19,51.35,0.08315,-1,-1,-1
139,-1,489.92,184.34,17.20,81.39,0.07210,-1,-1,-1
139,-1,542.83,188.62,16.05,43.55,0.06620,-1,-1,-1
139,-1,263.13,174.43,18.34,79.07,0.06465,-1,-1,-1
139,-1,511.96,188.35,22.55,74.84,0.06019,-1,-1,-1
139,-1,521.53,190.81,10.36,51.02,0.05781,-1,-1,-1
140,-1,185.00,24.03,100.27,396.08,0.99892,-1,-1,-1
140,-1,9.66,9.06,216.92,469.77,0.99888,-1,-1,-1
140,-1,319.04,0.00,252.61,480.00,0.99650,-1,-1,-1
140,-1,290.77,178.83,33.62,80.17,0.99513,-1,-1,-1
140,-1,502.12,191.99,28.14,79.40,0.96709,-1,-1,-1
140,-1,526.24,190.42,29.90,58.55,0.93960,-1,-1,-1
140,-1,554.69,202.36,19.60,40.38,0.85247,-1,-1,-1
140,-1,0.00,88.14,32.71,132.14,0.82824,-1,-1,-1
140,-1,1.02,87.48,37.47,323.04,0.73018,-1,-1,-1
140,-1,345.68,5.61,228.41,240.91,0.59335,-1,-1,-1
140,-1,286.50,187.87,21.93,65.03,0.58560,-1,-1,-1
140,-1,301.93,170.67,68.98,104.19,0.53201,-1,-1,-1
140,-1,562.36,205.36,13.39,33.92,0.43904,-1,-1,-1
140,-1,551.66,204.94,13.11,36.36,0.30486,-1,-1,-1
140,-1,0.31,82.59,26.33,64.17,0.26419,-1,-1,-1
140,-1,246.11,69.71,18.37,22.18,0.22368,-1,-1,-1
140,-1,281.12,188.38,18.00,56.03,0.21174,-1,-1,-1
140,-1,105.59,0.00,168.42,441.56,0.18356,-1,-1,-1
140,-1,11.66,6.45,191.43,263.08,0.16789,-1,-1,-1
140,-1,334.34,173.07,11.82,14.71,0.16148,-1,-1,-1
140,-1,523.41,194.97,12.81,47.69,0.16014,-1,-1,-1
140,-1,322.23,188.20,13.29,24.66,0.13263,-1,-1,-1
140,-1,0.64,90.47,65.85,373.67,0.11594,-1,-1,-1
140,-1,157.35,37.26,73.51,361.67,0.09796,-1,-1,-1
140,-1,543.81,198.63,10.86,41.81,0.08878,-1,-1,-1
140,-1,1.24,121.13,51.82,165.92,0.08646,-1,-1,-1
140,-1,297.91,177.38,29.26,48.30,0.08271,-1,-1,-1
140,-1,263.64,185.08,18.46,69.10,0.08253,-1,-1,-1
140,-1,331.85,170.63,40.91,28.86,0.07005,-1,-1,-1
140,-1,329.70,172.07,16.80,21.05,0.06637,-1,-1,-1
140,-1,291.09,202.38,13.43,48.01,0.06634,-1,-1,-1
140,-1,490.76,184.26,16.95,79.68,0.06597,-1,-1,-1
140,-1,502.23,201.92,13.20,57.90,0.05985,-1,-1,-1
140,-1,524.03,215.48,14.69,26.68,0.05513,-1,-1,-1
140,-1,547.23,202.22,11.06,35.85,0.05272,-1,-1,-1
141,-1,8.09,1.30,211.51,473.16,0.99926,-1,-1,-1
141,-1,182.19,22.16,104.25,399.06,0.99919,-1,-1,-1
141,-1,324.47,0.00,249.78,480.00,0.99627,-1,-1,-1
141,-1,291.73,179.58,34.71,78.97,0.99275,-1,-1,-1
141,-1,501.20,189.52,28.51,82.89,0.97446,-1,-1,-1
141,-1,527.06,190.61,29.68,58.88,0.94127,-1,-1,-1
141,-1,555.75,204.65,16.78,37.74,0.87940,-1,-1,-1
141,-1,289.63,195.63,23.19,61.70,0.86394,-1,-1,-1
141,-1,0.00,92.58,32.88,166.67,0.81978,-1,-1,-1
141,-1,0.19,97.77,39.58,330.58,0.76666,-1,-1,-1
141,-1,362.73,3.50,208.89,208.61,0.67921,-1,-1,-1
141,-1,302.23,170.16,66.17,105.76,0.61544,-1,-1,-1
141,-1,0.00,86.74,27.34,85.57,0.56892,-1,-1,-1
141,-1,552.21,203.95,13.20,37.29,0.39229,-1,-1,-1
141,-1,0.24,82.53,24.81,51.58,0.26208,-1,-1,-1
141,-1,524.75,193.42,15.00,51.50,0.22836,-1,-1,-1
141,-1,104.28,0.00,169.92,442.57,0.19774,-1,-1,-1
141,-1,562.88,205.43,12.65,33.29,0.19186,-1,-1,-1
141,-1,490.51,183.09,17.77,78.17,0.15868,-1,-1,-1
141,-1,291.55,204.66,13.55,46.49,0.12909,-1,-1,-1
141,-1,246.08,69.73,17.61,21.48,0.11858,-1,-1,-1
141,-1,282.49,188.78,20.22,64.09,0.11020,-1,-1,-1
141,-1,546.60,197.96,12.13,39.46,0.09818,-1,-1,-1
141,-1,542.41,193.71,13.43,46.01,0.09021,-1,-1,-1
141,-1,298.65,178.39,30.01,44.05,0.07562,-1,-1,-1
141,-1,163.94,22.40,77.26,395.95,0.07396,-1,-1,-1
141,-1,524.68,211.72,11.81,30.72,0.06443,-1,-1,-1
141,-1,264.01,188.20,17.70,68.99,0.06233,-1,-1,-1
141,-1,2.88,51.29,86.84,407.79,0.05963,-1,-1,-1
141,-1,337.08,1.75,168.34,319.12,0.05898,-1,-1,-1
141,-1,541.19,187.56,19.38,36.72,0.05808,-1,-1,-1
141,-1,516.52,188.02,22.20,71.30,0.05128,-1,-1,-1
142,-1,182.48,21.64,103.88,399.51,0.99926,-1,-1,-1
142,-1,10.91,3.12,214.42,476.88,0.99910,-1,-1,-1
142,-1,327.69,0.00,249.95,480.00,0.99666,-1,-1,-1
142,-1,292.28,179.38,31.95,78.60,0.99546,-1,-1,-1
142,-1,502.68,191.15,26.56,80.52,0.95534,-1,-1,-1
142,-1,0.65,95.45,36.13,316.93,0.90882,-1,-1,-1
142,-1,556.25,205.40,14.93,37.80,0.88731,-1,-1,-1
142,-1,290.05,204.09,19.53,52.54,0.78887,-1,-1,-1
142,-1,353.94,4.77,222.95,230.10,0.74669,-1,-1,-1
142,-1,529.36,195.58,24.38,53.58,0.74447,-1,-1,-1
142,-1,0.00,82.97,26.31,55.41,0.63146,-1,-1,-1
142,-1,0.02,80.17,27.92,114.11,0.52383,-1,-1,-1
142,-1,540.67,201.49,13.33,40.82,0.41577,-1,-1,-1
142,-1,524.69,198.58,14.79,44.87,0.40638,-1,-1,-1
142,-1,552.52,204.95,12.67,37.14,0.38506,-1,-1,-1
142,-1,562.49,207.33,12.55,33.44,0.29991,-1,-1,-1
142,-1,304.76,168.91,54.97,103.94,0.28192,-1,-1,-1
142,-1,94.97,0.00,172.48,442.47,0.18940,-1,-1,-1
142,-1,492.81,167.73,44.90,105.20,0.18629,-1,-1,-1
142,-1,149.86,39.20,64.11,371.24,0.14518,-1,-1,-1
142,-1,301.33,161.31,95.64,119.91,0.13408,-1,-1,-1
142,-1,575.01,209.15,17.36,29.11,0.11353,-1,-1,-1
142,-1,283.34,192.05,18.75,60.45,0.10017,-1,-1,-1
142,-1,1.65,55.78,85.95,406.41,0.08874,-1,-1,-1
142,-1,582.30,211.90,11.11,27.31,0.08118,-1,-1,-1
142,-1,299.41,177.96,26.29,51.65,0.07778,-1,-1,-1
142,-1,533.80,208.81,13.06,39.17,0.07626,-1,-1,-1
142,-1,550.13,203.96,10.04,32.60,0.07548,-1,-1,-1
142,-1,263.80,172.84,18.00,88.17,0.07431,-1,-1,-1
142,-1,1.38,115.40,54.08,198.95,0.06635,-1,-1,-1
142,-1,246.38,68.89,17.08,22.84,0.06417,-1,-1,-1
142,-1,289.75,205.86,11.79,44.94,0.06373,-1,-1,-1
142,-1,582.14,198.07,18.24,44.98,0.05132,-1,-1,-1
143,-1,179.95,17.35,105.78,405.15,0.99932,-1,-1,-1
143,-1,8.45,4.88,214.75,474.08,0.99797,-1,-1,-1
143,-1,292.34,178.86,30.81,78.97,0.99358,-1,-1,-1
143,-1,329.30,0.42,258.45,479.58,0.99301,-1,-1,-1
143,-1,496.98,186.82,32.45,85.28,0.96749,-1,-1,-1
143,-1,528.95,190.45,25.22,60.68,0.92446,-1,-1,-1
143,-1,290.35,199.72,22.80,58.57,0.90691,-1,-1,-1
143,-1,372.57,5.75,210.13,203.88,0.82028,-1,-1,-1
143,-1,552.92,204.71,20.67,38.87,0.79095,-1,-1,-1
143,-1,0.00,97.75,40.16,317.92,0.69445,-1,-1,-1
143,-1,0.00,86.91,25.65,94.27,0.63724,-1,-1,-1
143,-1,0.00,94.14,32.37,147.13,0.63148,-1,-1,-1
143,-1,306.05,174.31,58.09,104.21,0.58476,-1,-1,-1
143,-1,538.43,190.51,18.52,52.50,0.39710,-1,-1,-1
143,-1,525.04,194.90,13.63,48.69,0.27349,-1,-1,-1
143,-1,489.14,182.66,26.91,84.68,0.23171,-1,-1,-1
143,-1,99.00,0.00,167.40,441.89,0.19456,-1,-1,-1
143,-1,156.16,30.86,74.41,375.35,0.17832,-1,-1,-1
143,-1,0.18,77.89,68.99,381.67,0.16463,-1,-1,-1
143,-1,561.56,207.54,14.02,32.85,0.16329,-1,-1,-1
143,-1,544.21,199.17,10.35,38.36,0.14364,-1,-1,-1
143,-1,551.60,202.86,12.42,38.50,0.14349,-1,-1,-1
143,-1,0.80,83.14,24.78,54.18,0.14190,-1,-1,-1
143,-1,548.05,201.63,11.80,37.02,0.12338,-1,-1,-1
143,-1,246.16,70.16,17.74,20.44,0.11181,-1,-1,-1
143,-1,346.54,125.41,172.11,347.18,0.09463,-1,-1,-1
143,-1,263.84,177.94,17.78,78.33,0.07618,-1,-1,-1
143,-1,576.17,209.73,15.72,28.79,0.05335,-1,-1,-1
144,-1,181.59,18.60,105.55,407.84,0.99939,-1,-1,-1
144,-1,5.65,0.00,209.15,475.23,0.99890,-1,-1,-1
144,-1,326.12,0.00,261.15,480.00,0.99545,-1,-1,-1
144,-1,292.48,178.60,30.33,80.85,0.99312,-1,-1,-1
144,-1,496.59,187.16,32.92,84.54,0.95688,-1,-1,-1
144,-1,290.40,195.96,22.81,61.81,0.92876,-1,-1,-1
144,-1,530.48,190.44,25.21,60.40,0.91956,-1,-1,-1
144,-1,304.86,178.02,59.74,104.76,0.88612,-1,-1,-1
144,-1,0.00,84.66,26.17,108.17,0.80197,-1,-1,-1
144,-1,0.11,87.91,39.19,322.70,0.78855,-1,-1,-1
144,-1,360.59,8.60,227.01,189.53,0.74414,-1,-1,-1
144,-1,552.27,205.01,20.38,38.71,0.68243,-1,-1,-1
144,-1,286.00,188.51,17.25,63.03,0.35193,-1,-1,-1
144,-1,539.57,189.18,17.92,51.23,0.28627,-1,-1,-1
144,-1,524.62,193.16,13.82,49.24,0.25570,-1,-1,-1
144,-1,296.69,178.49,45.90,92.16,0.23749,-1,-1,-1
144,-1,488.97,182.49,28.14,85.55,0.23511,-1,-1,-1
144,-1,0.00,89.20,41.87,161.58,0.18424,-1,-1,-1
144,-1,336.69,3.19,190.21,289.93,0.17797,-1,-1,-1
144,-1,527.51,190.02,16.47,58.01,0.15793,-1,-1,-1
144,-1,0.00,72.77,71.68,386.15,0.14695,-1,-1,-1
144,-1,155.57,34.93,62.99,361.60,0.12333,-1,-1,-1
144,-1,246.10,69.20,17.82,21.53,0.11843,-1,-1,-1
144,-1,548.49,205.08,13.88,36.29,0.11588,-1,-1,-1
144,-1,559.10,208.93,18.23,31.12,0.10376,-1,-1,-1
144,-1,576.47,207.75,13.85,30.70,0.09087,-1,-1,-1
144,-1,492.83,156.87,48.53,104.62,0.08224,-1,-1,-1
144,-1,291.25,204.39,12.49,41.44,0.07980,-1,-1,-1
144,-1,523.78,198.35,15.26,25.88,0.07756,-1,-1,-1
144,-1,0.86,82.14,24.14,60.41,0.06751,-1,-1,-1
144,-1,519.26,184.68,20.16,71.34,0.06545,-1,-1,-1
144,-1,540.32,188.10,18.59,25.77,0.06329,-1,-1,-1
144,-1,493.75,146.23,57.82,56.78,0.05583,-1,-1,-1
145,-1,179.38,15.97,106.77,408.88,0.99937,-1,-1,-1
145,-1,323.85,0.00,262.30,480.00,0.99785,-1,-1,-1
145,-1,3.75,0.00,211.64,480.00,0.99761,-1,-1,-1
145,-1,293.14,179.67,30.33,78.24,0.99655,-1,-1,-1
145,-1,504.70,191.13,26.31,80.57,0.96392,-1,-1,-1
145,-1,530.26,192.76,23.21,57.38,0.93530,-1,-1,-1
145,-1,554.53,205.15,20.57,41.72,0.91555,-1,-1,-1
145,-1,0.00,84.93,24.72,105.20,0.83848,-1,-1,-1
145,-1,0.00,83.63,37.33,345.91,0.66724,-1,-1,-1
145,-1,347.37,10.12,248.07,214.02,0.64450,-1,-1,-1
145,-1,292.17,198.07,18.05,58.75,0.45891,-1,-1,-1
145,-1,494.90,171.13,46.49,98.72,0.43567,-1,-1,-1
145,-1,523.96,198.09,14.84,45.92,0.40207,-1,-1,-1
145,-1,308.13,175.40,52.06,103.23,0.36543,-1,-1,-1
145,-1,97.00,0.00,168.73,448.55,0.29725,-1,-1,-1
145,-1,542.16,200.68,11.36,41.48,0.23675,-1,-1,-1
145,-1,553.50,202.80,12.99,38.42,0.22701,-1,-1,-1
145,-1,246.02,68.93,17.90,21.81,0.14958,-1,-1,-1
145,-1,154.95,32.51,86.39,359.88,0.13575,-1,-1,-1
145,-1,530.56,206.92,14.28,42.15,0.13430,-1,-1,-1
145,-1,264.38,184.36,17.64,71.92,0.10855,-1,-1,-1
145,-1,0.00,59.91,78.10,397.14,0.10590,-1,-1,-1
145,-1,560.16,206.90,15.51,27.72,0.10107,-1,-1,-1
145,-1,283.78,189.09,17.14,59.80,0.09684,-1,-1,-1
145,-1,291.56,200.94,12.33,43.73,0.08505,-1,-1,-1
145,-1,524.08,201.68,14.69,23.02,0.07432,-1,-1,-1
145,-1,525.91,214.96,9.46,27.68,0.07013,-1,-1,-1
145,-1,509.98,167.60,47.22,94.04,0.06609,-1,-1,-1
145,-1,0.00,87.87,43.82,157.37,0.06459,-1,-1,-1
145,-1,538.85,199.33,22.89,45.22,0.06403,-1,-1,-1
145,-1,549.37,203.34,11.26,34.41,0.06218,-1,-1,-1
146,-1,179.14,17.52,108.10,405.27,0.99930,-1,-1,-1
146,-1,3.48,0.00,212.58,480.00,0.99746,-1,-1,-1
146,-1,293.26,179.41,28.99,78.35,0.99676,-1,-1,-1
146,-1,333.89,0.85,244.10,479.15,0.99551,-1,-1,-1
146,-1,341.53,6.82,249.30,235.55,0.90346,-1,-1,-1
146,-1,0.08,82.44,24.11,116.19,0.77499,-1,-1,-1
146,-1,0.00,92.15,37.88,299.22,0.67611,-1,-1,-1
146,-1,292.04,197.52,15.36,59.34,0.55961,-1,-1,-1
146,-1,305.57,175.69,43.97,107.32,0.36233,-1,-1,-1
146,-1,490.82,137.93,87.09,97.04,0.25159,-1,-1,-1
146,-1,154.64,29.85,82.98,368.09,0.23145,-1,-1,-1
146,-1,285.25,187.80,16.20,62.33,0.20980,-1,-1,-1
146,-1,0.04,71.65,65.18,392.60,0.13574,-1,-1,-1
146,-1,290.47,200.34,10.47,43.50,0.09931,-1,-1,-1
146,-1,263.86,200.62,17.57,56.25,0.09345,-1,-1,-1
146,-1,127.08,0.00,140.40,459.08,0.08150,-1,-1,-1
146,-1,0.00,88.86,46.47,170.63,0.06765,-1,-1,-1
146,-1,245.93,68.82,18.03,21.49,0.05579,-1,-1,-1
146,-1,0.75,82.96,24.47,57.80,0.05552,-1,-1,-1
146,-1,111.42,11.12,101.17,389.20,0.05326,-1,-1,-1
146,-1,8.47,7.85,171.15,245.03,0.05220,-1,-1,-1
147,-1,179.73,18.97,105.10,407.93,0.99906,-1,-1,-1
147,-1,2.60,4.66,219.62,475.34,0.99800,-1,-1,-1
147,-1,296.04,179.40,28.16,79.58,0.99569,-1,-1,-1
147,-1,330.82,0.00,228.50,476.69,0.98380,-1,-1,-1
147,-1,290.82,205.29,15.52,51.77,0.94281,-1,-1,-1
147,-1,0.00,85.56,26.33,97.40,0.75354,-1,-1,-1
147,-1,0.09,91.74,37.80,329.14,0.74910,-1,-1,-1
147,-1,351.78,2.17,250.74,211.91,0.74719,-1,-1,-1
147,-1,306.71,174.84,38.04,104.92,0.61103,-1,-1,-1
147,-1,576.14,134.02,50.71,51.28,0.42199,-1,-1,-1
147,-1,489.84,143.42,86.38,62.94,0.32561,-1,-1,-1
147,-1,245.78,68.80,17.79,21.69,0.28209,-1,-1,-1
147,-1,0.92,82.41,24.23,53.80,0.20699,-1,-1,-1
147,-1,0.00,89.24,41.50,149.97,0.19590,-1,-1,-1
147,-1,289.36,203.80,10.99,33.69,0.18255,-1,-1,-1
147,-1,0.36,65.83,63.91,385.57,0.18038,-1,-1,-1
147,-1,286.61,197.10,15.03,53.32,0.10461,-1,-1,-1
147,-1,161.38,30.15,59.63,360.55,0.09470,-1,-1,-1
147,-1,588.31,110.69,46.44,83.30,0.08802,-1,-1,-1
147,-1,263.51,204.32,18.42,51.71,0.06076,-1,-1,-1
148,-1,179.40,20.20,106.18,400.43,0.99899,-1,-1,-1
148,-1,329.89,0.00,251.12,480.00,0.99756,-1,-1,-1
148,-1,8.38,1.59,208.26,477.46,0.99658,-1,-1,-1
148,-1,296.08,179.13,28.48,81.03,0.99540,-1,-1,-1
148,-1,291.41,205.58,15.24,50.81,0.85876,-1,-1,-1
148,-1,354.93,3.84,251.13,208.01,0.84208,-1,-1,-1
148,-1,0.08,88.31,42.43,343.33,0.78724,-1,-1,-1
148,-1,0.00,91.21,32.44,131.52,0.62340,-1,-1,-1
148,-1,0.00,87.49,27.72,70.67,0.58959,-1,-1,-1
148,-1,480.63,138.02,102.00,69.35,0.52642,-1,-1,-1
148,-1,289.65,203.30,10.77,41.50,0.29993,-1,-1,-1
148,-1,285.59,191.13,16.52,56.68,0.21977,-1,-1,-1
148,-1,294.06,179.86,48.04,99.22,0.19172,-1,-1,-1
148,-1,334.69,147.35,196.59,305.66,0.17627,-1,-1,-1
148,-1,1.67,65.84,96.72,407.70,0.13089,-1,-1,-1
148,-1,82.35,0.00,183.29,455.27,0.13084,-1,-1,-1
148,-1,480.11,36.34,34.55,35.44,0.09795,-1,-1,-1
148,-1,262.70,187.76,18.78,69.69,0.09656,-1,-1,-1
148,-1,289.53,192.84,26.54,62.39,0.08602,-1,-1,-1
148,-1,165.78,28.28,80.01,338.72,0.07737,-1,-1,-1
148,-1,246.15,69.00,17.01,21.58,0.06356,-1,-1,-1
148,-1,289.28,189.57,11.53,38.89,0.05768,-1,-1,-1
149,-1,184.83,23.60,101.79,394.24,0.99871,-1,-1,-1
149,-1,6.55,6.28,217.76,473.72,0.99834,-1,-1,-1
149,-1,324.76,0.85,253.65,479.15,0.99769,-1,-1,-1
149,-1,296.60,179.12,27.83,82.18,0.99677,-1,-1,-1
149,-1,289.85,204.50,15.22,50.82,0.87703,-1,-1,-1
149,-1,0.56,78.44,30.49,135.61,0.79866,-1,-1,-1
149,-1,347.83,6.11,249.48,218.58,0.78900,-1,-1,-1
149,-1,0.00,103.84,42.89,306.10,0.74040,-1,-1,-1
149,-1,0.00,84.97,26.12,61.57,0.60786,-1,-1,-1
149,-1,246.06,69.59,17.78,21.19,0.25624,-1,-1,-1
149,-1,480.57,130.29,116.98,79.72,0.19063,-1,-1,-1
149,-1,262.15,176.84,20.27,79.02,0.14612,-1,-1,-1
149,-1,160.76,23.05,83.39,403.45,0.11808,-1,-1,-1
149,-1,289.71,198.24,25.86,60.14,0.11240,-1,-1,-1
149,-1,621.20,133.60,18.77,49.73,0.08742,-1,-1,-1
149,-1,283.09,194.70,17.63,55.14,0.08514,-1,-1,-1
149,-1,14.93,9.30,184.05,247.82,0.08271,-1,-1,-1
149,-1,0.98,78.76,132.97,393.84,0.08140,-1,-1,-1
149,-1,263.02,222.78,17.71,32.83,0.06125,-1,-1,-1
149,-1,292.86,180.56,51.04,102.31,0.05747,-1,-1,-1
149,-1,0.37,113.28,57.17,185.60,0.05562,-1,-1,-1
150,-1,186.97,25.03,98.26,397.83,0.99878,-1,-1,-1
150,-1,6.22,6.35,220.73,471.65,0.99827,-1,-1,-1
150,-1,321.04,2.59,262.42,477.41,0.99658,-1,-1,-1
150,-1,298.14,180.25,23.23,61.87,0.88604,-1,-1,-1
150,-1,0.58,85.89,44.93,357.36,0.84002,-1,-1,-1
150,-1,350.42,6.11,256.21,219.27,0.77494,-1,-1,-1
150,-1,0.00,108.67,38.07,214.73,0.74896,-1,-1,-1
150,-1,0.00,83.01,33.11,127.53,0.63811,-1,-1,-1
150,-1,0.00,83.97,26.51,60.31,0.59360,-1,-1,-1
150,-1,288.78,201.21,17.05,44.12,0.39684,-1,-1,-1
150,-1,286.85,185.77,25.81,60.14,0.29652,-1,-1,-1
150,-1,300.29,186.73,43.64,109.13,0.28101,-1,-1,-1
150,-1,340.06,123.17,177.13,347.03,0.21592,-1,-1,-1
150,-1,479.53,130.96,113.67,80.32,0.16265,-1,-1,-1
150,-1,163.19,28.11,80.57,397.85,0.10469,-1,-1,-1
150,-1,0.35,146.97,53.55,129.41,0.10341,-1,-1,-1
150,-1,14.47,8.32,188.12,252.78,0.10143,-1,-1,-1
150,-1,298.45,178.85,18.35,38.02,0.09413,-1,-1,-1
150,-1,288.11,206.08,11.57,30.86,0.08395,-1,-1,-1
150,-1,283.20,190.90,17.63,54.41,0.07287,-1,-1,-1
150,-1,0.93,132.66,28.98,133.58,0.07065,-1,-1,-1
150,-1,5.00,73.75,74.39,392.64,0.07021,-1,-1,-1
150,-1,261.66,216.63,18.96,41.84,0.06706,-1,-1,-1
151,-1,11.99,4.86,217.12,472.95,0.99858,-1,-1,-1
151,-1,185.63,25.89,101.93,399.35,0.99736,-1,-1,-1
151,-1,335.54,0.00,228.69,480.00,0.99310,-1,-1,-1
151,-1,0.00,86.83,34.28,118.99,0.76527,-1,-1,-1
151,-1,343.35,1.34,253.17,230.29,0.73711,-1,-1,-1
151,-1,0.06,83.64,25.78,58.92,0.63298,-1,-1,-1
151,-1,0.00,104.47,35.22,184.27,0.63297,-1,-1,-1
151,-1,0.57,82.25,47.33,361.73,0.59000,-1,-1,-1
151,-1,246.41,70.91,16.75,20.36,0.18329,-1,-1,-1
151,-1,488.35,135.99,112.30,70.73,0.17072,-1,-1,-1
151,-1,0.00,133.89,29.02,288.41,0.10046,-1,-1,-1
151,-1,13.30,7.54,188.66,248.31,0.07537,-1,-1,-1
151,-1,9.56,61.46,89.25,405.46,0.07304,-1,-1,-1
151,-1,481.03,37.42,33.14,31.27,0.06517,-1,-1,-1
152,-1,13.63,3.56,220.37,475.48,0.99859,-1,-1,-1
152,-1,330.51,0.00,229.53,480.00,0.99722,-1,-1,-1
152,-1,184.95,27.99,102.85,376.76,0.99561,-1,-1,-1
152,-1,0.12,82.60,45.28,364.44,0.71261,-1,-1,-1
152,-1,0.25,113.79,37.66,163.48,0.64794,-1,-1,-1
152,-1,0.03,85.94,34.83,97.52,0.61943,-1,-1,-1
152,-1,0.15,83.97,25.70,61.60,0.58104,-1,-1,-1
152,-1,314.78,9.27,269.64,254.85,0.51398,-1,-1,-1
152,-1,245.93,69.98,17.65,20.37,0.21303,-1,-1,-1
152,-1,3.31,80.33,78.12,378.75,0.12241,-1,-1,-1
152,-1,316.61,3.92,145.24,421.41,0.05346,-1,-1,-1
152,-1,491.19,140.47,76.43,60.85,0.05301,-1,-1,-1
153,-1,13.58,4.63,224.97,475.16,0.99762,-1,-1,-1
153,-1,325.24,1.79,242.08,476.72,0.99721,-1,-1,-1
153,-1,184.73,25.15,101.02,392.73,0.99668,-1,-1,-1
153,-1,551.61,204.56,20.47,38.09,0.86316,-1,-1,-1
153,-1,574.89,206.22,13.71,32.83,0.80885,-1,-1,-1
153,-1,0.00,86.85,35.40,116.73,0.79082,-1,-1,-1
153,-1,0.00,85.80,42.71,372.91,0.73695,-1,-1,-1
153,-1,537.92,196.43,12.89,40.30,0.66816,-1,-1,-1
153,-1,0.89,83.65,32.27,62.24,0.63705,-1,-1,-1
153,-1,584.38,206.03,12.82,36.34,0.60700,-1,-1,-1
153,-1,352.43,6.47,247.28,209.34,0.36879,-1,-1,-1
153,-1,0.23,98.83,40.31,186.62,0.30808,-1,-1,-1
153,-1,493.12,140.86,70.58,117.32,0.27060,-1,-1,-1
153,-1,245.97,69.95,16.94,20.49,0.25440,-1,-1,-1
153,-1,5.81,71.87,69.38,386.05,0.14670,-1,-1,-1
153,-1,582.44,211.81,9.07,28.23,0.12538,-1,-1,-1
153,-1,520.73,193.80,29.29,48.68,0.10283,-1,-1,-1
153,-1,565.21,207.61,11.79,29.97,0.08732,-1,-1,-1
153,-1,585.44,194.16,16.19,50.72,0.07365,-1,-1,-1
153,-1,560.22,208.50,13.06,31.66,0.06764,-1,-1,-1
153,-1,576.09,198.23,19.96,43.44,0.06271,-1,-1,-1
153,-1,590.77,203.64,10.58,36.62,0.06181,-1,-1,-1
153,-1,218.76,104.02,63.01,218.51,0.06069,-1,-1,-1
153,-1,553.35,207.65,10.84,34.20,0.06044,-1,-1,-1
153,-1,512.49,184.39,29.58,58.16,0.05200,-1,-1,-1
154,-1,319.89,0.00,264.94,480.00,0.99837,-1,-1,-1
154,-1,185.72,25.98,99.87,395.25,0.99765,-1,-1,-1
154,-1,11.49,2.22,220.33,473.87,0.99723,-1,-1,-1
154,-1,501.40,190.53,27.98,79.62,0.97903,-1,-1,-1
154,-1,525.49,193.47,23.39,57.96,0.94746,-1,-1,-1
154,-1,550.99,203.80,16.54,39.51,0.86951,-1,-1,-1
154,-1,0.00,88.01,44.78,360.99,0.79110,-1,-1,-1
154,-1,0.00,86.40,30.90,83.61,0.73880,-1,-1,-1
154,-1,575.68,205.88,12.21,32.79,0.64210,-1,-1,-1
154,-1,583.99,205.79,12.14,35.71,0.59881,-1,-1,-1
154,-1,332.12,7.57,265.06,225.88,0.50537,-1,-1,-1
154,-1,0.45,82.90,26.03,54.76,0.44137,-1,-1,-1
154,-1,0.00,98.32,41.81,181.10,0.38684,-1,-1,-1
154,-1,557.51,205.33,13.57,35.70,0.32992,-1,-1,-1
154,-1,536.11,195.53,15.31,41.81,0.27150,-1,-1,-1
154,-1,246.12,69.87,16.59,20.36,0.21676,-1,-1,-1
154,-1,523.66,199.77,15.98,50.20,0.18363,-1,-1,-1
154,-1,579.40,205.64,12.89,34.50,0.16376,-1,-1,-1
154,-1,490.87,164.90,50.77,106.58,0.15365,-1,-1,-1
154,-1,6.74,60.64,68.65,402.30,0.13984,-1,-1,-1
154,-1,576.49,196.38,20.28,44.83,0.11151,-1,-1,-1
154,-1,487.54,180.95,28.42,80.59,0.10824,-1,-1,-1
154,-1,566.15,205.60,10.00,31.22,0.10635,-1,-1,-1
154,-1,477.52,186.04,51.76,87.25,0.07617,-1,-1,-1
154,-1,0.00,119.14,35.62,89.86,0.06861,-1,-1,-1
154,-1,299.02,134.06,42.46,153.44,0.05930,-1,-1,-1
154,-1,587.47,203.30,12.34,40.41,0.05783,-1,-1,-1
155,-1,305.80,0.00,289.54,480.00,0.99781,-1,-1,-1
155,-1,15.72,7.73,223.95,464.67,0.99723,-1,-1,-1
155,-1,187.80,17.94,96.86,408.00,0.99542,-1,-1,-1
155,-1,498.84,190.97,30.32,79.30,0.99365,-1,-1,-1
155,-1,525.62,191.72,24.30,59.59,0.96270,-1,-1,-1
155,-1,551.16,200.62,16.68,42.72,0.92171,-1,-1,-1
155,-1,0.00,92.34,43.49,273.20,0.85657,-1,-1,-1
155,-1,0.00,84.14,33.24,103.61,0.83753,-1,-1,-1
155,-1,0.32,82.25,26.30,56.53,0.69072,-1,-1,-1
155,-1,575.40,205.04,14.16,34.61,0.68576,-1,-1,-1
155,-1,0.00,135.11,36.61,156.75,0.50940,-1,-1,-1
155,-1,339.65,12.86,257.74,187.77,0.49241,-1,-1,-1
155,-1,583.04,206.63,12.64,35.91,0.47468,-1,-1,-1
155,-1,0.14,124.05,35.72,87.74,0.39649,-1,-1,-1
155,-1,535.23,193.54,17.08,44.15,0.37145,-1,-1,-1
155,-1,559.26,204.28,11.48,36.77,0.33657,-1,-1,-1
155,-1,246.03,71.18,16.40,19.12,0.28297,-1,-1,-1
155,-1,576.17,195.78,20.39,45.84,0.15915,-1,-1,-1
155,-1,543.13,194.19,17.33,45.38,0.12869,-1,-1,-1
155,-1,568.17,204.48,9.67,32.95,0.10560,-1,-1,-1
155,-1,587.80,206.83,11.50,37.07,0.09818,-1,-1,-1
155,-1,557.11,202.76,21.69,36.30,0.09756,-1,-1,-1
155,-1,523.01,198.89,14.83,50.24,0.09012,-1,-1,-1
155,-1,5.60,76.17,67.32,363.79,0.08930,-1,-1,-1
155,-1,0.00,145.04,28.50,287.47,0.08807,-1,-1,-1
155,-1,584.79,192.98,16.58,51.46,0.07191,-1,-1,-1
155,-1,571.96,205.38,11.87,33.62,0.06273,-1,-1,-1
155,-1,3.38,108.35,62.69,190.42,0.06091,-1,-1,-1
155,-1,312.46,6.88,172.78,360.44,0.05951,-1,-1,-1
155,-1,0.00,77.44,50.19,156.34,0.05697,-1,-1,-1
155,-1,294.12,117.79,55.91,208.99,0.05291,-1,-1,-1
155,-1,628.84,203.24,11.16,54.36,0.05271,-1,-1,-1
155,-1,563.79,206.59,9.08,30.44,0.05027,-1,-1,-1
156,-1,320.07,0.00,262.13,480.00,0.99844,-1,-1,-1
156,-1,16.28,6.12,223.70,471.43,0.99821,-1,-1,-1
156,-1,187.12,28.76,94.91,389.34,0.99590,-1,-1,-1
156,-1,498.80,193.22,29.89,78.74,0.99400,-1,-1,-1
156,-1,525.96,191.69,22.66,58.48,0.96468,-1,-1,-1
156,-1,550.29,202.53,18.21,40.85,0.90597,-1,-1,-1
156,-1,0.00,86.16,35.92,168.65,0.72908,-1,-1,-1
156,-1,2.29,86.11,51.18,348.22,0.72834,-1,-1,-1
156,-1,0.18,83.53,27.73,62.26,0.70749,-1,-1,-1
156,-1,333.00,8.57,250.66,192.03,0.66454,-1,-1,-1
156,-1,574.95,204.97,14.08,35.82,0.65150,-1,-1,-1
156,-1,583.43,204.57,14.35,39.19,0.50948,-1,-1,-1
156,-1,523.56,199.64,16.67,50.20,0.31645,-1,-1,-1
156,-1,245.43,69.95,16.08,20.70,0.23001,-1,-1,-1
156,-1,558.19,207.04,11.93,33.95,0.22278,-1,-1,-1
156,-1,535.95,193.28,15.18,44.29,0.19946,-1,-1,-1
156,-1,625.20,202.86,14.35,54.81,0.17093,-1,-1,-1
156,-1,576.53,197.98,19.62,42.34,0.14952,-1,-1,-1
156,-1,497.01,196.10,19.40,64.16,0.12069,-1,-1,-1
156,-1,0.00,140.58,31.46,225.89,0.10850,-1,-1,-1
156,-1,0.25,121.43,33.92,87.95,0.09022,-1,-1,-1
156,-1,6.52,73.58,106.53,395.01,0.08161,-1,-1,-1
156,-1,541.96,195.62,18.44,43.36,0.06291,-1,-1,-1
157,-1,312.99,0.00,256.14,480.00,0.99942,-1,-1,-1
157,-1,14.47,4.34,225.70,475.29,0.99773,-1,-1,-1
157,-1,183.64,25.66,99.12,344.56,0.99549,-1,-1,-1
157,-1,497.54,196.91,30.40,74.36,0.99100,-1,-1,-1
157,-1,525.23,192.35,22.51,58.30,0.96421,-1,-1,-1
157,-1,549.96,203.47,17.56,39.98,0.82138,-1,-1,-1
157,-1,0.00,82.73,36.36,157.27,0.79348,-1,-1,-1
157,-1,573.86,203.93,16.42,36.34,0.71563,-1,-1,-1
157,-1,0.00,87.35,44.17,345.12,0.69793,-1,-1,-1
157,-1,305.23,3.96,254.76,246.84,0.58961,-1,-1,-1
157,-1,0.18,84.84,29.12,83.90,0.55988,-1,-1,-1
157,-1,557.33,207.82,12.17,34.50,0.49379,-1,-1,-1
157,-1,583.47,205.31,13.48,38.66,0.47698,-1,-1,-1
157,-1,523.27,209.61,16.09,40.98,0.35630,-1,-1,-1
157,-1,552.08,209.27,10.31,34.04,0.31795,-1,-1,-1
157,-1,0.12,145.82,47.45,127.28,0.23962,-1,-1,-1
157,-1,0.43,82.02,23.17,51.13,0.23733,-1,-1,-1
157,-1,537.10,195.29,13.73,41.90,0.21802,-1,-1,-1
157,-1,589.46,0.60,50.54,258.06,0.20861,-1,-1,-1
157,-1,597.25,1.40,42.75,44.94,0.17850,-1,-1,-1
157,-1,623.21,200.14,15.92,57.86,0.17671,-1,-1,-1
157,-1,245.09,69.31,16.83,20.76,0.12823,-1,-1,-1
157,-1,562.35,207.25,10.31,30.56,0.12504,-1,-1,-1
157,-1,3.90,76.30,62.68,242.40,0.11491,-1,-1,-1
157,-1,221.17,97.42,62.45,226.42,0.11132,-1,-1,-1
157,-1,1.77,72.52,79.89,382.40,0.11067,-1,-1,-1
157,-1,566.79,207.07,9.27,30.51,0.09302,-1,-1,-1
157,-1,505.89,190.31,33.15,79.61,0.07373,-1,-1,-1
157,-1,542.11,211.76,9.79,24.74,0.05325,-1,-1,-1
158,-1,308.95,0.00,224.82,480.00,0.99970,-1,-1,-1
158,-1,183.19,21.53,104.62,393.43,0.99701,-1,-1,-1
158,-1,11.93,1.87,231.17,475.41,0.99616,-1,-1,-1
158,-1,496.70,196.12,31.22,74.32,0.98773,-1,-1,-1
158,-1,525.88,193.33,21.40,57.32,0.94442,-1,-1,-1
158,-1,550.10,206.31,18.51,37.09,0.92075,-1,-1,-1
158,-1,574.48,205.02,13.69,35.65,0.84583,-1,-1,-1
158,-1,0.00,83.24,36.91,211.57,0.79904,-1,-1,-1
158,-1,299.43,4.24,227.60,248.39,0.75530,-1,-1,-1
158,-1,583.03,203.73,15.94,40.57,0.73631,-1,-1,-1
158,-1,533.99,194.74,14.82,42.68,0.63529,-1,-1,-1
158,-1,0.37,84.04,34.63,101.24,0.62821,-1,-1,-1
158,-1,0.00,106.08,42.05,317.17,0.50425,-1,-1,-1
158,-1,592.03,0.80,47.87,51.63,0.41279,-1,-1,-1
158,-1,587.76,0.00,52.24,264.26,0.33907,-1,-1,-1
158,-1,244.76,69.14,16.53,19.93,0.31152,-1,-1,-1
158,-1,590.27,205.14,8.87,34.68,0.28921,-1,-1,-1
158,-1,622.34,202.43,17.66,56.01,0.25803,-1,-1,-1
158,-1,483.16,189.75,28.99,76.62,0.23102,-1,-1,-1
158,-1,564.42,204.83,21.36,34.61,0.21303,-1,-1,-1
158,-1,579.73,203.75,13.03,37.17,0.19828,-1,-1,-1
158,-1,562.57,207.39,10.74,29.83,0.18320,-1,-1,-1
158,-1,0.23,142.30,28.46,120.00,0.15442,-1,-1,-1
158,-1,0.36,82.45,26.23,65.90,0.14896,-1,-1,-1
158,-1,2.39,58.81,88.82,413.44,0.14731,-1,-1,-1
158,-1,566.50,207.05,9.88,30.08,0.13645,-1,-1,-1
158,-1,0.00,147.66,52.93,134.52,0.13320,-1,-1,-1
158,-1,4.92,67.70,62.77,232.17,0.11057,-1,-1,-1
158,-1,0.00,130.39,25.76,232.47,0.09616,-1,-1,-1
158,-1,549.12,206.25,13.77,26.46,0.09543,-1,-1,-1
158,-1,552.31,211.39,10.73,31.75,0.08855,-1,-1,-1
158,-1,585.45,209.49,9.39,33.33,0.08640,-1,-1,-1
158,-1,489.29,167.99,45.02,105.00,0.08403,-1,-1,-1
158,-1,541.92,219.58,8.64,17.16,0.05596,-1,-1,-1
159,-1,299.65,0.08,218.38,466.72,0.99927,-1,-1,-1
159,-1,16.06,3.76,212.45,473.01,0.99788,-1,-1,-1
159,-1,182.02,28.22,106.81,394.80,0.99755,-1,-1,-1
159,-1,495.28,185.33,33.33,86.58,0.99728,-1,-1,-1
159,-1,526.50,191.13,20.83,60.11,0.95459,-1,-1,-1
159,-1,549.29,204.03,17.99,39.78,0.92424,-1,-1,-1
159,-1,574.87,205.40,13.70,36.79,0.84836,-1,-1,-1
159,-1,293.87,1.59,219.66,239.39,0.84348,-1,-1,-1
159,-1,0.00,92.02,33.76,164.55,0.74080,-1,-1,-1
159,-1,583.18,204.42,16.02,40.13,0.71692,-1,-1,-1
159,-1,0.00,90.17,40.19,349.73,0.70846,-1,-1,-1
159,-1,0.06,82.43,34.41,93.06,0.60134,-1,-1,-1
159,-1,622.28,201.95,16.69,56.98,0.41893,-1,-1,-1
159,-1,589.22,1.20,50.52,53.43,0.35836,-1,-1,-1
159,-1,585.84,0.00,54.16,254.13,0.32742,-1,-1,-1
159,-1,294.88,184.26,26.02,78.08,0.30717,-1,-1,-1
159,-1,558.07,206.00,12.78,33.87,0.30302,-1,-1,-1
159,-1,0.20,81.81,26.51,59.53,0.26147,-1,-1,-1
159,-1,244.79,70.53,15.75,18.62,0.23788,-1,-1,-1
159,-1,523.40,196.87,14.15,54.61,0.18173,-1,-1,-1
159,-1,495.43,196.94,20.06,68.15,0.15541,-1,-1,-1
159,-1,566.60,206.14,10.18,31.36,0.15139,-1,-1,-1
159,-1,531.93,192.01,14.75,39.10,0.13021,-1,-1,-1
159,-1,1.89,77.72,76.50,390.87,0.11330,-1,-1,-1
159,-1,589.46,205.15,9.12,34.65,0.10687,-1,-1,-1
159,-1,19.14,5.60,184.78,251.95,0.10480,-1,-1,-1
159,-1,562.87,207.45,20.66,30.83,0.07564,-1,-1,-1
159,-1,587.35,5.32,52.34,117.27,0.06407,-1,-1,-1
159,-1,563.77,206.02,8.31,31.13,0.06386,-1,-1,-1
159,-1,582.84,208.71,9.01,34.31,0.06085,-1,-1,-1
159,-1,548.50,202.54,16.68,24.26,0.05282,-1,-1,-1
160,-1,292.82,0.00,214.13,475.96,0.99888,-1,-1,-1
160,-1,182.06,23.77,101.60,394.42,0.99827,-1,-1,-1
160,-1,8.67,3.02,224.36,476.98,0.99796,-1,-1,-1
160,-1,495.17,184.39,33.76,88.07,0.99781,-1,-1,-1
160,-1,525.09,194.92,20.82,58.39,0.95175,-1,-1,-1
160,-1,282.77,179.55,27.02,79.21,0.90440,-1,-1,-1
160,-1,547.30,206.55,20.67,38.74,0.90003,-1,-1,-1
160,-1,573.40,205.92,13.37,35.30,0.88480,-1,-1,-1
160,-1,582.54,205.15,16.09,40.41,0.80051,-1,-1,-1
160,-1,0.11,95.64,42.51,324.96,0.77291,-1,-1,-1
160,-1,0.00,87.18,27.36,163.00,0.76660,-1,-1,-1
160,-1,297.31,9.49,208.79,221.73,0.64478,-1,-1,-1
160,-1,558.30,208.34,12.62,31.33,0.58683,-1,-1,-1
160,-1,532.53,198.15,13.92,42.56,0.51851,-1,-1,-1
160,-1,623.14,204.21,16.43,55.14,0.48904,-1,-1,-1
160,-1,291.29,183.16,28.18,72.52,0.48265,-1,-1,-1
160,-1,581.96,0.00,58.04,257.57,0.47711,-1,-1,-1
160,-1,564.59,207.51,10.18,30.70,0.41581,-1,-1,-1
160,-1,0.95,154.31,50.13,129.60,0.40657,-1,-1,-1
160,-1,523.48,197.89,11.46,52.51,0.31412,-1,-1,-1
160,-1,579.91,207.03,9.27,35.65,0.28239,-1,-1,-1
160,-1,494.69,190.40,18.87,76.86,0.23431,-1,-1,-1
160,-1,568.79,206.47,10.79,32.86,0.22681,-1,-1,-1
160,-1,0.88,81.51,28.54,86.47,0.20678,-1,-1,-1
160,-1,585.60,1.28,53.35,48.51,0.20372,-1,-1,-1
160,-1,582.99,210.20,9.11,33.42,0.17932,-1,-1,-1
160,-1,545.79,206.71,16.56,26.75,0.17174,-1,-1,-1
160,-1,539.03,200.38,10.93,36.57,0.17110,-1,-1,-1
160,-1,13.31,3.84,187.18,266.96,0.15355,-1,-1,-1
160,-1,591.03,204.53,7.92,37.08,0.10876,-1,-1,-1
160,-1,285.03,204.34,18.15,52.52,0.10679,-1,-1,-1
160,-1,0.50,123.39,29.36,71.65,0.08328,-1,-1,-1
160,-1,244.91,71.48,15.97,18.19,0.07836,-1,-1,-1
160,-1,567.45,205.24,28.38,37.40,0.06623,-1,-1,-1
160,-1,537.51,200.44,22.73,38.08,0.06605,-1,-1,-1
160,-1,544.74,206.50,9.56,27.63,0.05624,-1,-1,-1
160,-1,4.08,75.39,68.87,359.03,0.05370,-1,-1,-1
160,-1,279.94,189.09,19.82,65.55,0.05165,-1,-1,-1
161,-1,296.47,0.00,214.49,476.72,0.99882,-1,-1,-1
161,-1,11.13,0.15,217.90,474.57,0.99814,-1,-1,-1
161,-1,182.48,20.83,99.55,397.40,0.99762,-1,-1,-1
161,-1,494.85,184.18,34.29,87.94,0.99756,-1,-1,-1
161,-1,521.91,192.16,20.84,62.67,0.97001,-1,-1,-1
161,-1,545.62,204.69,20.44,40.13,0.92439,-1,-1,-1
161,-1,571.71,204.15,15.01,40.21,0.92183,-1,-1,-1
161,-1,585.85,204.17,11.06,41.57,0.75618,-1,-1,-1
161,-1,282.78,180.84,24.23,73.35,0.74606,-1,-1,-1
161,-1,581.68,202.36,11.68,42.93,0.74397,-1,-1,-1
161,-1,587.07,1.14,52.57,45.64,0.63320,-1,-1,-1
161,-1,0.00,80.53,28.17,132.76,0.62781,-1,-1,-1
161,-1,290.32,181.04,26.30,70.41,0.51413,-1,-1,-1
161,-1,0.07,93.98,40.78,320.89,0.49708,-1,-1,-1
161,-1,296.03,5.19,205.77,238.38,0.40735,-1,-1,-1
161,-1,279.22,206.88,22.37,47.89,0.38142,-1,-1,-1
161,-1,493.72,189.75,19.93,77.31,0.37585,-1,-1,-1
161,-1,555.81,206.48,14.18,35.54,0.34368,-1,-1,-1
161,-1,584.34,0.00,55.66,261.82,0.28536,-1,-1,-1
161,-1,0.00,81.58,17.30,46.29,0.26193,-1,-1,-1
161,-1,244.16,69.96,15.83,18.53,0.23806,-1,-1,-1
161,-1,564.12,206.93,10.28,31.98,0.21722,-1,-1,-1
161,-1,530.03,193.58,13.80,43.40,0.20703,-1,-1,-1
161,-1,485.13,185.74,10.32,27.44,0.17731,-1,-1,-1
161,-1,538.34,194.05,9.61,33.30,0.13251,-1,-1,-1
161,-1,545.14,205.43,15.98,25.67,0.12066,-1,-1,-1
161,-1,508.01,183.43,22.26,73.57,0.11902,-1,-1,-1
161,-1,0.31,89.85,42.54,170.52,0.09893,-1,-1,-1
161,-1,1.17,161.66,56.45,116.04,0.09710,-1,-1,-1
161,-1,626.85,209.72,12.69,50.26,0.09308,-1,-1,-1
161,-1,519.03,190.84,11.96,58.86,0.09029,-1,-1,-1
161,-1,3.49,60.83,57.47,409.39,0.08152,-1,-1,-1
161,-1,542.92,206.00,12.82,32.08,0.07322,-1,-1,-1
161,-1,297.76,184.43,19.16,48.01,0.06006,-1,-1,-1
161,-1,545.04,205.27,9.49,19.83,0.05397,-1,-1,-1
162,-1,292.99,0.00,219.04,474.59,0.99894,-1,-1,-1
162,-1,6.82,0.00,236.49,477.80,0.99893,-1,-1,-1
162,-1,183.62,17.83,100.43,410.40,0.99849,-1,-1,-1
162,-1,495.98,183.42,33.77,89.10,0.99802,-1,-1,-1
162,-1,523.69,190.28,20.69,62.86,0.98132,-1,-1,-1
162,-1,547.89,204.33,19.22,39.55,0.90794,-1,-1,-1
162,-1,574.30,203.50,15.65,37.42,0.85391,-1,-1,-1
162,-1,581.84,201.95,16.44,43.16,0.69017,-1,-1,-1
162,-1,0.00,80.39,26.66,133.84,0.65138,-1,-1,-1
162,-1,0.00,80.97,17.23,38.80,0.42141,-1,-1,-1
162,-1,559.63,205.44,12.54,33.93,0.35391,-1,-1,-1
162,-1,566.25,205.37,10.43,32.55,0.33502,-1,-1,-1
162,-1,288.75,6.41,212.40,250.41,0.29881,-1,-1,-1
162,-1,0.00,77.34,42.29,347.48,0.28378,-1,-1,-1
162,-1,590.59,1.14,48.43,50.87,0.25514,-1,-1,-1
162,-1,563.46,204.33,22.58,34.87,0.23960,-1,-1,-1
162,-1,245.31,69.39,15.68,17.86,0.22733,-1,-1,-1
162,-1,589.52,203.32,9.28,40.39,0.22667,-1,-1,-1
162,-1,0.00,82.15,20.42,74.47,0.21123,-1,-1,-1
162,-1,482.51,187.07,14.20,26.90,0.19312,-1,-1,-1
162,-1,495.50,192.32,18.33,73.83,0.18247,-1,-1,-1
162,-1,586.55,0.00,53.45,274.67,0.14661,-1,-1,-1
162,-1,536.78,194.27,10.02,40.70,0.14280,-1,-1,-1
162,-1,579.44,201.24,14.44,30.01,0.07122,-1,-1,-1
162,-1,539.07,192.97,15.48,42.45,0.06732,-1,-1,-1
162,-1,585.85,203.71,10.31,31.67,0.06152,-1,-1,-1
162,-1,544.49,204.56,13.85,31.59,0.05972,-1,-1,-1
162,-1,546.42,202.21,17.32,22.86,0.05790,-1,-1,-1
163,-1,287.59,0.00,218.30,474.56,0.99898,-1,-1,-1
163,-1,180.91,17.88,102.60,410.84,0.99862,-1,-1,-1
163,-1,495.82,183.41,33.97,89.02,0.99778,-1,-1,-1
163,-1,8.47,0.00,236.83,476.06,0.99704,-1,-1,-1
163,-1,524.06,189.80,19.81,62.47,0.97402,-1,-1,-1
163,-1,549.87,206.11,16.66,37.74,0.88858,-1,-1,-1
163,-1,0.00,74.91,21.12,122.55,0.78592,-1,-1,-1
163,-1,574.08,205.49,14.68,34.66,0.73290,-1,-1,-1
163,-1,294.45,6.91,200.78,255.97,0.68160,-1,-1,-1
163,-1,9.62,4.25,193.26,291.24,0.65975,-1,-1,-1
163,-1,0.12,70.94,55.11,342.22,0.58906,-1,-1,-1
163,-1,557.69,207.37,14.28,33.06,0.51378,-1,-1,-1
163,-1,566.13,207.14,10.30,30.97,0.39024,-1,-1,-1
163,-1,546.89,203.60,13.39,36.81,0.36064,-1,-1,-1
163,-1,584.58,205.19,10.63,38.85,0.34686,-1,-1,-1
163,-1,282.60,179.55,24.99,65.29,0.34051,-1,-1,-1
163,-1,106.82,1.31,165.01,441.85,0.33803,-1,-1,-1
163,-1,0.00,84.75,36.45,249.37,0.30307,-1,-1,-1
163,-1,592.85,0.49,46.81,46.71,0.28684,-1,-1,-1
163,-1,561.77,205.89,20.81,33.50,0.26904,-1,-1,-1
163,-1,494.58,191.28,17.76,75.21,0.25160,-1,-1,-1
163,-1,529.10,191.11,15.89,43.12,0.24918,-1,-1,-1
163,-1,481.73,186.41,15.21,28.04,0.22375,-1,-1,-1
163,-1,588.97,206.22,9.66,38.59,0.15127,-1,-1,-1
163,-1,537.34,193.64,9.18,33.27,0.12450,-1,-1,-1
163,-1,540.79,194.66,8.43,29.50,0.10530,-1,-1,-1
163,-1,543.91,204.19,11.85,32.08,0.10375,-1,-1,-1
163,-1,0.93,28.23,88.84,424.01,0.09818,-1,-1,-1
163,-1,539.03,193.62,15.21,42.52,0.09417,-1,-1,-1
163,-1,549.54,205.26,13.02,23.72,0.08462,-1,-1,-1
163,-1,484.60,188.25,19.15,77.29,0.06971,-1,-1,-1
163,-1,0.37,214.97,33.35,240.20,0.06708,-1,-1,-1
163,-1,528.01,190.44,13.94,23.64,0.05241,-1,-1,-1
163,-1,538.49,192.27,8.23,20.79,0.05097,-1,-1,-1
164,-1,494.97,182.13,34.35,90.81,0.99823,-1,-1,-1
164,-1,174.96,17.78,107.61,408.71,0.99813,-1,-1,-1
164,-1,291.41,0.00,218.54,473.96,0.99803,-1,-1,-1
164,-1,6.54,0.00,227.02,471.22,0.99655,-1,-1,-1
164,-1,523.60,189.88,19.23,63.70,0.95919,-1,-1,-1
164,-1,547.66,204.95,17.79,38.66,0.92622,-1,-1,-1
164,-1,281.52,178.49,25.57,68.37,0.88418,-1,-1,-1
164,-1,573.27,203.92,14.29,37.00,0.82216,-1,-1,-1
164,-1,0.00,81.16,17.86,104.55,0.77422,-1,-1,-1
164,-1,94.40,0.00,177.15,443.22,0.70642,-1,-1,-1
164,-1,583.23,203.53,12.21,40.78,0.64555,-1,-1,-1
164,-1,0.37,64.32,41.03,377.95,0.62921,-1,-1,-1
164,-1,538.77,192.97,9.92,41.39,0.61741,-1,-1,-1
164,-1,481.01,186.41,14.73,28.98,0.55232,-1,-1,-1
164,-1,297.03,3.25,199.89,248.91,0.52984,-1,-1,-1
164,-1,531.26,191.19,13.39,45.87,0.37967,-1,-1,-1
164,-1,555.14,206.31,14.78,34.41,0.32243,-1,-1,-1
164,-1,541.84,199.43,9.83,36.57,0.28872,-1,-1,-1
164,-1,566.81,204.60,10.69,33.94,0.27525,-1,-1,-1
164,-1,544.40,202.94,10.29,36.62,0.26454,-1,-1,-1
164,-1,0.00,78.33,21.57,174.20,0.25904,-1,-1,-1
164,-1,494.35,189.80,19.56,78.42,0.22750,-1,-1,-1
164,-1,2.23,15.37,96.88,438.34,0.18298,-1,-1,-1
164,-1,487.67,185.90,10.06,32.99,0.11043,-1,-1,-1
164,-1,244.29,67.79,16.11,18.41,0.08426,-1,-1,-1
164,-1,537.10,191.51,8.42,31.79,0.08037,-1,-1,-1
164,-1,525.75,189.33,10.94,53.70,0.07951,-1,-1,-1
164,-1,8.79,11.82,181.25,291.53,0.07327,-1,-1,-1
164,-1,594.54,0.78,45.33,41.04,0.07022,-1,-1,-1
164,-1,534.48,192.13,21.69,45.01,0.06061,-1,-1,-1
164,-1,26.45,6.29,151.09,171.98,0.05154,-1,-1,-1
165,-1,294.63,0.00,217.82,477.90,0.99848,-1,-1,-1
165,-1,495.35,183.80,34.00,89.06,0.99739,-1,-1,-1
165,-1,167.97,17.90,116.94,412.17,0.99672,-1,-1,-1
165,-1,7.25,0.00,220.23,473.11,0.99547,-1,-1,-1
165,-1,522.24,190.00,19.90,64.73,0.96095,-1,-1,-1
165,-1,574.05,203.73,13.61,36.89,0.90800,-1,-1,-1
165,-1,549.31,205.82,16.02,38.57,0.88554,-1,-1,-1
165,-1,0.00,85.20,19.49,99.24,0.84519,-1,-1,-1
165,-1,281.90,176.87,26.78,81.16,0.83850,-1,-1,-1
165,-1,583.68,203.57,13.06,40.34,0.79158,-1,-1,-1
165,-1,293.66,4.68,208.28,250.28,0.74729,-1,-1,-1
165,-1,0.46,84.23,42.47,327.04,0.63012,-1,-1,-1
165,-1,481.46,185.85,15.77,35.38,0.57641,-1,-1,-1
165,-1,559.24,206.67,12.08,32.10,0.49244,-1,-1,-1
165,-1,0.23,92.86,22.64,297.09,0.48397,-1,-1,-1
165,-1,493.35,189.99,18.70,78.53,0.41935,-1,-1,-1
165,-1,538.95,192.57,9.47,41.67,0.39263,-1,-1,-1
165,-1,485.55,187.83,19.42,80.93,0.38180,-1,-1,-1
165,-1,566.63,205.70,10.86,32.59,0.36457,-1,-1,-1
165,-1,527.62,191.32,16.23,46.86,0.29835,-1,-1,-1
165,-1,544.20,202.52,10.10,37.35,0.21084,-1,-1,-1
165,-1,487.75,190.79,12.06,35.39,0.14074,-1,-1,-1
165,-1,514.16,185.85,22.20,71.16,0.13611,-1,-1,-1
165,-1,1.74,41.62,70.50,383.34,0.13165,-1,-1,-1
165,-1,563.65,208.65,10.12,28.44,0.12683,-1,-1,-1
165,-1,561.33,207.51,21.57,32.87,0.12252,-1,-1,-1
165,-1,568.57,204.43,26.63,37.13,0.11763,-1,-1,-1
165,-1,244.19,68.78,16.05,17.35,0.09703,-1,-1,-1
165,-1,537.14,192.25,8.53,31.21,0.06593,-1,-1,-1
165,-1,582.04,191.56,9.04,19.00,0.06300,-1,-1,-1
165,-1,587.91,203.09,9.82,29.80,0.06006,-1,-1,-1
165,-1,286.27,204.75,14.84,52.82,0.05490,-1,-1,-1
166,-1,299.81,0.00,213.09,478.27,0.99847,-1,-1,-1
166,-1,175.40,15.45,108.05,406.83,0.99819,-1,-1,-1
166,-1,0.44,0.00,233.41,473.81,0.99769,-1,-1,-1
166,-1,495.71,182.31,34.31,90.40,0.99741,-1,-1,-1
166,-1,523.49,189.27,19.10,64.48,0.95329,-1,-1,-1
166,-1,549.04,204.24,17.21,39.85,0.90093,-1,-1,-1
166,-1,282.47,174.92,25.13,83.58,0.85939,-1,-1,-1
166,-1,573.78,204.36,14.74,36.24,0.85349,-1,-1,-1
166,-1,481.59,184.87,15.37,32.67,0.78150,-1,-1,-1
166,-1,0.00,83.49,17.30,97.06,0.70007,-1,-1,-1
166,-1,293.98,3.27,204.84,237.23,0.68627,-1,-1,-1
166,-1,584.27,204.47,12.53,40.57,0.51850,-1,-1,-1
166,-1,538.96,191.32,9.74,43.20,0.40966,-1,-1,-1
166,-1,556.18,205.69,14.21,34.41,0.36323,-1,-1,-1
166,-1,528.12,189.97,15.15,43.31,0.35977,-1,-1,-1
166,-1,494.65,192.36,17.92,74.65,0.30840,-1,-1,-1
166,-1,0.00,84.39,37.86,318.28,0.27799,-1,-1,-1
166,-1,568.94,203.50,12.05,35.26,0.25475,-1,-1,-1
166,-1,533.80,191.17,12.83,46.26,0.19161,-1,-1,-1
166,-1,564.54,204.83,9.65,32.46,0.14755,-1,-1,-1
166,-1,244.84,69.10,15.43,15.65,0.13214,-1,-1,-1
166,-1,541.39,200.13,9.79,35.99,0.12089,-1,-1,-1
166,-1,513.99,182.19,24.97,79.24,0.11270,-1,-1,-1
166,-1,545.43,204.55,9.77,34.51,0.10627,-1,-1,-1
166,-1,484.40,185.54,19.37,76.36,0.10154,-1,-1,-1
166,-1,548.17,205.72,14.14,25.20,0.09452,-1,-1,-1
166,-1,489.59,191.85,10.28,35.82,0.09100,-1,-1,-1
166,-1,481.08,186.66,11.23,22.64,0.08609,-1,-1,-1
166,-1,0.04,84.10,18.54,49.34,0.07670,-1,-1,-1
166,-1,525.33,189.57,10.63,44.35,0.07029,-1,-1,-1
166,-1,540.79,194.97,9.65,27.84,0.05603,-1,-1,-1
166,-1,88.02,0.00,325.19,466.38,0.05558,-1,-1,-1
166,-1,579.20,205.92,12.73,35.67,0.05444,-1,-1,-1
167,-1,2.32,1.60,246.11,472.01,0.99838,-1,-1,-1
167,-1,175.11,15.59,107.70,412.78,0.99810,-1,-1,-1
167,-1,495.06,183.66,34.12,88.65,0.99716,-1,-1,-1
167,-1,305.64,0.00,205.31,477.21,0.99664,-1,-1,-1
167,-1,523.07,189.46,19.74,63.40,0.97646,-1,-1,-1
167,-1,282.51,175.98,24.39,81.59,0.93517,-1,-1,-1
167,-1,546.42,200.34,18.89,44.75,0.91395,-1,-1,-1
167,-1,575.06,204.73,12.85,36.60,0.81172,-1,-1,-1
167,-1,586.17,204.67,10.49,40.41,0.65805,-1,-1,-1
167,-1,552.18,204.49,18.81,39.32,0.56954,-1,-1,-1
167,-1,292.82,0.20,211.27,244.59,0.50042,-1,-1,-1
167,-1,509.05,184.63,26.94,79.13,0.37089,-1,-1,-1
167,-1,581.63,203.88,10.79,38.79,0.35721,-1,-1,-1
167,-1,538.97,195.68,12.34,40.52,0.35653,-1,-1,-1
167,-1,544.66,200.45,11.43,41.74,0.33832,-1,-1,-1
167,-1,566.47,204.76,10.49,33.46,0.27404,-1,-1,-1
167,-1,480.98,187.87,13.19,25.62,0.24848,-1,-1,-1
167,-1,563.05,203.87,20.77,35.95,0.23086,-1,-1,-1
167,-1,0.15,74.02,38.72,314.05,0.21873,-1,-1,-1
167,-1,281.03,204.48,19.56,51.65,0.17298,-1,-1,-1
167,-1,490.64,190.21,18.00,73.46,0.16427,-1,-1,-1
167,-1,0.00,85.71,13.65,62.55,0.13692,-1,-1,-1
167,-1,89.22,0.00,326.42,469.87,0.11035,-1,-1,-1
167,-1,559.36,208.37,11.90,31.27,0.10842,-1,-1,-1
167,-1,159.22,18.17,69.98,414.24,0.09873,-1,-1,-1
167,-1,489.00,193.50,10.64,32.69,0.09699,-1,-1,-1
167,-1,480.97,185.89,17.25,41.72,0.08254,-1,-1,-1
167,-1,485.30,188.29,11.59,29.94,0.06269,-1,-1,-1
167,-1,539.07,194.29,9.74,26.43,0.06222,-1,-1,-1
167,-1,483.17,188.01,18.17,59.58,0.05645,-1,-1,-1
168,-1,4.22,3.74,229.88,463.95,0.99849,-1,-1,-1
168,-1,176.53,12.03,105.03,422.98,0.99788,-1,-1,-1
168,-1,494.72,182.98,34.39,89.80,0.99784,-1,-1,-1
168,-1,301.94,0.00,207.77,476.02,0.99650,-1,-1,-1
168,-1,523.85,189.73,19.28,62.88,0.96672,-1,-1,-1
168,-1,546.54,200.22,19.90,44.59,0.93760,-1,-1,-1
168,-1,572.79,204.05,14.29,38.10,0.79936,-1,-1,-1
168,-1,281.73,177.03,23.01,81.32,0.68914,-1,-1,-1
168,-1,297.20,4.76,198.10,219.89,0.61278,-1,-1,-1
168,-1,585.38,203.01,11.41,40.27,0.49420,-1,-1,-1
168,-1,539.03,192.99,10.24,42.46,0.45263,-1,-1,-1
168,-1,555.59,201.94,14.31,39.14,0.36846,-1,-1,-1
168,-1,280.11,206.79,19.68,50.73,0.36077,-1,-1,-1
168,-1,568.51,202.70,12.33,38.14,0.35274,-1,-1,-1
168,-1,581.69,203.01,10.50,39.26,0.23819,-1,-1,-1
168,-1,531.79,191.25,14.85,46.16,0.20206,-1,-1,-1
168,-1,540.43,195.35,14.96,46.31,0.18597,-1,-1,-1
168,-1,564.95,202.97,10.46,36.08,0.13273,-1,-1,-1
168,-1,0.26,71.24,39.22,327.90,0.13223,-1,-1,-1
168,-1,492.47,190.97,17.07,74.34,0.11274,-1,-1,-1
168,-1,479.84,186.19,17.03,27.24,0.10588,-1,-1,-1
168,-1,121.59,0.00,321.28,470.77,0.10582,-1,-1,-1
168,-1,0.06,6.15,194.02,270.53,0.10092,-1,-1,-1
168,-1,520.94,192.33,14.26,60.41,0.09558,-1,-1,-1
168,-1,560.96,206.34,10.43,32.70,0.07764,-1,-1,-1
168,-1,244.22,70.01,15.53,15.19,0.07318,-1,-1,-1
168,-1,489.49,194.19,9.84,29.60,0.06912,-1,-1,-1
169,-1,178.06,15.65,105.03,422.28,0.99844,-1,-1,-1
169,-1,293.75,0.00,219.17,475.95,0.99775,-1,-1,-1
169,-1,495.46,183.14,34.28,90.31,0.99729,-1,-1,-1
169,-1,6.03,2.91,218.84,467.69,0.99604,-1,-1,-1
169,-1,524.03,190.10,19.40,63.14,0.97473,-1,-1,-1
169,-1,280.80,177.54,25.83,70.73,0.94360,-1,-1,-1
169,-1,547.94,202.69,19.82,41.86,0.93401,-1,-1,-1
169,-1,572.82,204.01,15.23,38.05,0.81370,-1,-1,-1
169,-1,301.19,4.78,193.52,226.08,0.71873,-1,-1,-1
169,-1,586.50,202.04,10.92,43.57,0.57805,-1,-1,-1
169,-1,539.47,196.87,11.24,39.42,0.40807,-1,-1,-1
169,-1,556.49,205.92,14.15,34.26,0.37536,-1,-1,-1
169,-1,495.15,191.36,17.46,76.27,0.29705,-1,-1,-1
169,-1,544.61,202.39,10.80,37.16,0.26351,-1,-1,-1
169,-1,480.43,186.55,16.78,28.09,0.22848,-1,-1,-1
169,-1,489.48,190.94,9.70,35.27,0.18255,-1,-1,-1
169,-1,577.82,196.33,16.06,47.98,0.16956,-1,-1,-1
169,-1,0.11,87.23,36.82,241.72,0.15896,-1,-1,-1
169,-1,566.81,203.80,11.51,36.00,0.13964,-1,-1,-1
169,-1,127.61,0.00,304.95,475.38,0.13206,-1,-1,-1
169,-1,563.05,204.85,9.98,33.32,0.11472,-1,-1,-1
169,-1,515.43,185.68,21.20,71.18,0.09579,-1,-1,-1
169,-1,481.69,185.76,17.67,47.48,0.08002,-1,-1,-1
169,-1,485.21,187.79,16.91,74.85,0.06154,-1,-1,-1
169,-1,540.08,221.78,9.87,15.69,0.05423,-1,-1,-1
169,-1,244.00,70.45,15.11,14.45,0.05109,-1,-1,-1
170,-1,176.12,15.14,102.42,421.09,0.99862,-1,-1,-1
170,-1,3.65,0.00,233.55,476.81,0.99761,-1,-1,-1
170,-1,289.78,0.00,222.50,474.98,0.99738,-1,-1,-1
170,-1,495.39,183.09,34.26,90.26,0.99637,-1,-1,-1
170,-1,524.18,188.30,18.68,64.26,0.95651,-1,-1,-1
170,-1,280.38,177.55,24.90,64.12,0.92581,-1,-1,-1
170,-1,547.62,208.18,18.42,36.26,0.84883,-1,-1,-1
170,-1,285.91,178.38,20.41,40.21,0.42708,-1,-1,-1
170,-1,545.30,204.23,13.93,36.59,0.39426,-1,-1,-1
170,-1,494.24,190.52,18.21,76.06,0.39224,-1,-1,-1
170,-1,558.63,204.54,20.86,62.52,0.39102,-1,-1,-1
170,-1,0.49,80.55,34.12,258.89,0.30659,-1,-1,-1
170,-1,295.89,5.72,198.30,243.94,0.29875,-1,-1,-1
170,-1,512.47,183.50,24.20,80.51,0.19416,-1,-1,-1
170,-1,552.30,206.23,20.82,44.40,0.18742,-1,-1,-1
170,-1,543.90,203.98,9.95,32.78,0.17710,-1,-1,-1
170,-1,146.18,0.00,306.60,471.38,0.16274,-1,-1,-1
170,-1,479.71,187.54,12.51,24.79,0.14575,-1,-1,-1
170,-1,279.69,198.82,16.96,41.38,0.14409,-1,-1,-1
170,-1,529.02,190.30,14.97,44.28,0.14376,-1,-1,-1
170,-1,539.61,193.86,8.83,27.62,0.13394,-1,-1,-1
170,-1,489.17,190.08,9.97,35.87,0.12693,-1,-1,-1
170,-1,0.84,7.80,193.88,263.80,0.11263,-1,-1,-1
170,-1,520.74,191.03,13.07,61.67,0.09538,-1,-1,-1
170,-1,538.54,195.28,14.89,42.73,0.09497,-1,-1,-1
170,-1,480.61,184.30,17.06,40.92,0.07779,-1,-1,-1
170,-1,557.00,207.18,10.90,35.44,0.06215,-1,-1,-1
171,-1,174.16,7.49,105.93,430.44,0.99860,-1,-1,-1
171,-1,2.71,1.31,230.00,471.59,0.99783,-1,-1,-1
171,-1,289.93,0.00,218.15,463.78,0.99695,-1,-1,-1
171,-1,293.36,5.61,203.52,224.24,0.62361,-1,-1,-1
171,-1,280.43,180.15,25.11,63.15,0.52070,-1,-1,-1
171,-1,0.74,81.16,31.37,269.60,0.16559,-1,-1,-1
171,-1,9.93,8.71,196.35,264.45,0.08871,-1,-1,-1
171,-1,285.69,178.02,19.16,40.25,0.07272,-1,-1,-1
171,-1,178.85,8.34,101.97,209.30,0.05299,-1,-1,-1
172,-1,172.30,8.02,106.84,427.49,0.99872,-1,-1,-1
172,-1,3.35,0.00,232.38,478.25,0.99834,-1,-1,-1
172,-1,288.85,0.00,222.93,473.53,0.99144,-1,-1,-1
172,-1,609.89,126.76,29.91,70.07,0.93247,-1,-1,-1
172,-1,278.42,177.75,27.08,69.83,0.85635,-1,-1,-1
172,-1,297.40,3.69,197.65,216.84,0.51107,-1,-1,-1
172,-1,607.72,127.02,32.28,179.57,0.24101,-1,-1,-1
172,-1,0.00,6.13,198.99,269.52,0.20943,-1,-1,-1
172,-1,274.94,208.63,26.05,38.67,0.20812,-1,-1,-1
172,-1,297.63,191.25,10.05,27.64,0.09396,-1,-1,-1
172,-1,285.33,178.26,19.93,41.17,0.09143,-1,-1,-1
172,-1,0.82,56.93,34.54,281.19,0.08376,-1,-1,-1
173,-1,175.15,6.75,102.89,432.85,0.99857,-1,-1,-1
173,-1,2.39,1.20,228.35,472.78,0.99811,-1,-1,-1
173,-1,296.71,0.00,209.28,475.67,0.99624,-1,-1,-1
173,-1,278.92,178.84,27.83,68.84,0.98231,-1,-1,-1
173,-1,303.41,2.82,189.75,205.81,0.53042,-1,-1,-1
173,-1,7.01,7.75,203.45,265.20,0.13205,-1,-1,-1
173,-1,0.21,59.67,35.33,330.27,0.12952,-1,-1,-1
173,-1,184.41,14.56,87.36,229.28,0.07565,-1,-1,-1
174,-1,174.66,9.40,103.12,420.62,0.99859,-1,-1,-1
174,-1,1.46,0.12,223.71,473.50,0.99816,-1,-1,-1
174,-1,292.85,1.12,213.48,465.93,0.99650,-1,-1,-1
174,-1,278.61,179.48,25.49,63.91,0.72649,-1,-1,-1
174,-1,535.65,120.40,38.52,49.56,0.52722,-1,-1,-1
174,-1,297.35,3.93,194.95,229.93,0.42769,-1,-1,-1
174,-1,281.13,178.37,22.19,37.04,0.21280,-1,-1,-1
174,-1,506.91,125.92,65.25,46.21,0.12529,-1,-1,-1
174,-1,287.52,177.92,15.33,27.39,0.09508,-1,-1,-1
174,-1,549.68,117.12,32.51,51.43,0.08737,-1,-1,-1
174,-1,522.55,122.20,86.79,50.12,0.07178,-1,-1,-1
174,-1,1.22,40.40,48.99,332.55,0.06611,-1,-1,-1
174,-1,598.27,126.31,35.62,46.60,0.05251,-1,-1,-1
175,-1,171.74,16.01,110.70,415.66,0.99761,-1,-1,-1
175,-1,290.28,0.00,218.73,479.40,0.99704,-1,-1,-1
175,-1,2.94,2.91,217.41,468.60,0.99702,-1,-1,-1
175,-1,298.62,1.56,190.95,206.25,0.60022,-1,-1,-1
175,-1,157.08,26.84,72.51,402.68,0.09998,-1,-1,-1
175,-1,244.18,69.68,13.82,15.83,0.06570,-1,-1,-1
176,-1,174.69,6.88,108.01,433.03,0.99817,-1,-1,-1
176,-1,0.14,1.39,223.74,474.22,0.99726,-1,-1,-1
176,-1,294.98,0.00,224.67,477.55,0.99677,-1,-1,-1
176,-1,295.93,1.65,193.98,227.51,0.43001,-1,-1,-1
176,-1,6.21,8.22,194.38,258.50,0.06355,-1,-1,-1
177,-1,172.36,13.03,108.92,426.80,0.99819,-1,-1,-1
177,-1,0.38,5.21,223.17,468.32,0.99726,-1,-1,-1
177,-1,293.12,1.26,216.29,469.31,0.99544,-1,-1,-1
177,-1,290.10,8.02,200.71,246.40,0.56953,-1,-1,-1
177,-1,518.31,233.05,29.71,56.84,0.38754,-1,-1,-1
177,-1,283.13,149.64,13.22,24.25,0.07013,-1,-1,-1
178,-1,494.40,183.75,34.84,89.36,0.99835,-1,-1,-1
178,-1,172.10,16.34,111.00,424.50,0.99740,-1,-1,-1
178,-1,2.58,4.03,219.44,467.60,0.99696,-1,-1,-1
178,-1,295.83,0.00,212.96,476.42,0.99684,-1,-1,-1
178,-1,522.01,188.07,18.55,69.26,0.97745,-1,-1,-1
178,-1,547.58,200.52,19.27,45.17,0.94594,-1,-1,-1
178,-1,572.56,203.83,14.69,36.89,0.86424,-1,-1,-1
178,-1,585.31,203.54,11.74,36.81,0.72846,-1,-1,-1
178,-1,295.20,3.36,197.04,243.40,0.55168,-1,-1,-1
178,-1,568.22,207.58,12.47,34.20,0.40894,-1,-1,-1
178,-1,556.75,202.46,12.36,39.29,0.40486,-1,-1,-1
178,-1,538.20,191.98,10.96,39.26,0.38541,-1,-1,-1
178,-1,493.87,194.13,20.01,73.33,0.22907,-1,-1,-1
178,-1,535.34,190.96,9.15,38.44,0.17627,-1,-1,-1
178,-1,544.69,202.64,11.52,37.35,0.16321,-1,-1,-1
178,-1,529.50,190.81,12.71,43.82,0.15986,-1,-1,-1
178,-1,154.42,29.88,73.21,393.59,0.14615,-1,-1,-1
178,-1,534.31,190.27,20.48,37.57,0.12205,-1,-1,-1
178,-1,565.77,194.48,18.33,46.43,0.10923,-1,-1,-1
178,-1,581.65,201.20,9.13,38.76,0.10593,-1,-1,-1
178,-1,539.91,193.69,11.83,26.63,0.08011,-1,-1,-1
178,-1,578.19,197.06,16.97,43.37,0.06770,-1,-1,-1
179,-1,173.88,11.77,106.60,429.79,0.99856,-1,-1,-1
179,-1,494.96,182.97,34.84,90.36,0.99786,-1,-1,-1
179,-1,3.28,0.00,221.65,475.08,0.99685,-1,-1,-1
179,-1,288.61,4.84,220.28,456.61,0.99559,-1,-1,-1
179,-1,522.60,188.79,19.24,68.28,0.96670,-1,-1,-1
179,-1,548.76,202.74,17.38,42.68,0.91310,-1,-1,-1
179,-1,572.83,205.07,13.49,36.38,0.81156,-1,-1,-1
179,-1,584.95,205.04,11.80,36.27,0.71770,-1,-1,-1
179,-1,556.64,204.98,12.42,36.82,0.62540,-1,-1,-1
179,-1,538.44,192.13,10.40,42.24,0.52949,-1,-1,-1
179,-1,530.23,191.38,12.22,45.33,0.33948,-1,-1,-1
179,-1,487.35,187.35,10.96,33.60,0.29007,-1,-1,-1
179,-1,577.37,202.55,16.22,39.32,0.23483,-1,-1,-1
179,-1,480.33,188.90,15.94,28.35,0.23071,-1,-1,-1
179,-1,479.91,190.53,10.67,20.95,0.18521,-1,-1,-1
179,-1,568.44,207.70,10.42,33.21,0.17953,-1,-1,-1
179,-1,583.88,212.71,8.74,26.62,0.14755,-1,-1,-1
179,-1,298.45,0.39,197.09,223.90,0.13704,-1,-1,-1
179,-1,545.19,202.50,9.34,38.10,0.12940,-1,-1,-1
179,-1,525.90,188.55,11.58,44.82,0.11525,-1,-1,-1
179,-1,157.28,21.01,80.58,400.20,0.11459,-1,-1,-1
179,-1,535.70,192.65,8.62,34.73,0.09148,-1,-1,-1
179,-1,0.78,71.74,35.16,259.52,0.08955,-1,-1,-1
179,-1,533.72,193.31,21.35,43.36,0.08225,-1,-1,-1
179,-1,575.30,215.78,10.25,23.81,0.08029,-1,-1,-1
179,-1,7.41,8.94,194.03,260.14,0.07003,-1,-1,-1
179,-1,570.67,204.13,9.19,27.65,0.06233,-1,-1,-1
179,-1,491.79,192.77,16.43,73.87,0.06142,-1,-1,-1
179,-1,538.63,218.12,10.30,17.93,0.05983,-1,-1,-1
179,-1,484.08,188.91,19.83,80.65,0.05607,-1,-1,-1
180,-1,173.45,12.75,106.59,412.73,0.99841,-1,-1,-1
180,-1,494.95,182.18,34.86,91.02,0.99790,-1,-1,-1
180,-1,2.59,3.50,221.47,469.93,0.99717,-1,-1,-1
180,-1,296.28,9.43,214.47,448.66,0.99501,-1,-1,-1
180,-1,522.58,188.88,19.61,68.70,0.97940,-1,-1,-1
180,-1,548.90,201.91,16.92,43.57,0.91662,-1,-1,-1
180,-1,569.86,203.64,16.43,39.72,0.79244,-1,-1,-1
180,-1,585.19,206.72,11.10,34.17,0.71437,-1,-1,-1
180,-1,509.07,183.76,28.14,83.06,0.53661,-1,-1,-1
180,-1,538.64,193.43,10.33,40.20,0.48082,-1,-1,-1
180,-1,529.52,190.00,13.20,46.60,0.43982,-1,-1,-1
180,-1,95.93,5.26,172.74,434.67,0.37609,-1,-1,-1
180,-1,557.75,203.01,10.79,38.80,0.34930,-1,-1,-1
180,-1,535.19,191.45,9.88,42.27,0.28405,-1,-1,-1
180,-1,480.82,187.43,15.38,29.92,0.21867,-1,-1,-1
180,-1,584.11,212.36,8.44,27.21,0.21346,-1,-1,-1
180,-1,578.23,202.42,16.76,38.98,0.17993,-1,-1,-1
180,-1,569.25,210.09,11.40,31.05,0.14147,-1,-1,-1
180,-1,544.33,199.79,9.78,41.05,0.12840,-1,-1,-1
180,-1,290.35,7.06,211.33,214.78,0.12750,-1,-1,-1
180,-1,487.97,185.92,9.40,37.27,0.10280,-1,-1,-1
180,-1,1.30,79.58,29.35,237.05,0.09303,-1,-1,-1
180,-1,573.48,219.61,13.28,19.88,0.08338,-1,-1,-1
180,-1,525.07,188.19,11.46,43.26,0.07119,-1,-1,-1
180,-1,574.43,205.38,11.86,23.54,0.06080,-1,-1,-1
181,-1,3.79,0.00,234.38,477.32,0.99822,-1,-1,-1
181,-1,495.41,182.34,34.40,90.49,0.99789,-1,-1,-1
181,-1,284.39,0.00,226.20,475.49,0.99771,-1,-1,-1
181,-1,173.94,14.32,107.05,416.00,0.99713,-1,-1,-1
181,-1,522.23,189.24,20.74,68.24,0.97819,-1,-1,-1
181,-1,549.29,203.30,16.68,43.45,0.89198,-1,-1,-1
181,-1,585.32,206.88,11.74,34.30,0.85243,-1,-1,-1
181,-1,569.44,203.41,17.38,39.91,0.81852,-1,-1,-1
181,-1,481.73,188.31,13.11,25.86,0.62544,-1,-1,-1
181,-1,508.53,183.70,28.09,83.14,0.49941,-1,-1,-1
181,-1,538.65,191.11,10.57,38.28,0.46867,-1,-1,-1
181,-1,291.73,3.83,202.44,264.63,0.40927,-1,-1,-1
181,-1,529.15,190.16,14.02,40.72,0.33769,-1,-1,-1
181,-1,577.16,204.01,17.08,37.48,0.21377,-1,-1,-1
181,-1,557.52,204.50,10.96,36.66,0.20267,-1,-1,-1
181,-1,532.67,189.50,15.81,55.14,0.13970,-1,-1,-1
181,-1,489.07,186.88,7.98,31.35,0.11812,-1,-1,-1
181,-1,582.93,210.95,7.30,28.21,0.10744,-1,-1,-1
181,-1,539.03,193.29,16.36,49.89,0.09564,-1,-1,-1
181,-1,527.73,190.02,9.79,16.55,0.09262,-1,-1,-1
181,-1,1.17,76.25,28.87,245.61,0.09117,-1,-1,-1
181,-1,493.80,191.97,16.34,73.57,0.08175,-1,-1,-1
181,-1,535.38,193.97,9.95,38.72,0.07753,-1,-1,-1
181,-1,573.51,220.43,13.23,19.65,0.07320,-1,-1,-1
181,-1,6.10,8.93,201.40,264.08,0.06717,-1,-1,-1
181,-1,537.77,190.71,14.88,18.29,0.05860,-1,-1,-1
181,-1,568.26,207.77,10.90,34.97,0.05416,-1,-1,-1
181,-1,0.58,43.06,56.33,319.32,0.05398,-1,-1,-1
181,-1,546.34,199.54,12.31,45.31,0.05027,-1,-1,-1
182,-1,177.62,10.92,102.05,421.61,0.99872,-1,-1,-1
182,-1,3.21,2.79,229.53,472.26,0.99843,-1,-1,-1
182,-1,285.86,0.00,226.52,474.70,0.99820,-1,-1,-1
182,-1,495.59,182.00,33.72,90.75,0.99802,-1,-1,-1
182,-1,522.00,190.60,23.00,67.72,0.95610,-1,-1,-1
182,-1,546.98,201.79,19.83,44.32,0.87194,-1,-1,-1
182,-1,585.00,206.32,11.88,35.96,0.80721,-1,-1,-1
182,-1,572.94,204.96,13.27,35.63,0.77699,-1,-1,-1
182,-1,285.63,180.92,26.13,53.10,0.72838,-1,-1,-1
182,-1,555.28,204.34,14.41,39.39,0.53753,-1,-1,-1
182,-1,534.61,194.15,12.13,42.92,0.45586,-1,-1,-1
182,-1,483.38,187.62,10.96,22.70,0.42312,-1,-1,-1
182,-1,568.70,207.40,12.32,35.73,0.37873,-1,-1,-1
182,-1,295.49,5.43,202.27,247.90,0.35819,-1,-1,-1
182,-1,529.42,190.39,19.60,56.59,0.28742,-1,-1,-1
182,-1,0.45,75.78,33.35,245.50,0.19724,-1,-1,-1
182,-1,539.62,198.80,11.07,37.70,0.15573,-1,-1,-1
182,-1,544.82,204.29,11.80,35.80,0.12110,-1,-1,-1
182,-1,8.03,9.23,198.52,265.82,0.11804,-1,-1,-1
182,-1,278.91,180.25,37.62,88.50,0.10811,-1,-1,-1
182,-1,244.44,70.10,13.15,15.06,0.10421,-1,-1,-1
182,-1,281.66,187.50,25.58,64.74,0.09442,-1,-1,-1
182,-1,524.10,215.07,17.48,41.57,0.08015,-1,-1,-1
182,-1,280.05,184.73,17.03,59.58,0.08003,-1,-1,-1
182,-1,254.87,183.37,23.03,94.22,0.06682,-1,-1,-1
182,-1,573.61,206.55,21.19,49.21,0.06341,-1,-1,-1
182,-1,550.49,205.54,10.82,40.52,0.06306,-1,-1,-1
182,-1,582.60,205.89,9.89,34.20,0.06038,-1,-1,-1
182,-1,284.31,205.05,14.67,34.77,0.05696,-1,-1,-1
182,-1,0.50,52.62,58.68,322.62,0.05359,-1,-1,-1
183,-1,177.80,10.03,101.92,424.70,0.99855,-1,-1,-1
183,-1,287.06,1.99,226.01,463.22,0.99828,-1,-1,-1
183,-1,0.00,0.00,227.24,476.83,0.99809,-1,-1,-1
183,-1,495.75,183.12,33.41,90.05,0.99790,-1,-1,-1
183,-1,522.28,188.74,25.03,70.02,0.96920,-1,-1,-1
183,-1,547.45,204.04,17.87,42.73,0.92837,-1,-1,-1
183,-1,585.36,206.82,11.02,34.08,0.75362,-1,-1,-1
183,-1,572.74,206.01,13.47,34.67,0.73400,-1,-1,-1
183,-1,286.76,180.05,27.40,50.58,0.52849,-1,-1,-1
183,-1,553.67,206.08,16.12,39.13,0.41966,-1,-1,-1
183,-1,302.01,5.34,196.40,228.36,0.29852,-1,-1,-1
183,-1,507.30,183.52,30.12,84.17,0.29144,-1,-1,-1
183,-1,530.75,189.34,15.66,51.52,0.26837,-1,-1,-1
183,-1,484.17,187.44,10.03,22.07,0.18260,-1,-1,-1
183,-1,0.84,77.13,28.07,248.16,0.14680,-1,-1,-1
183,-1,584.21,210.91,7.76,28.36,0.13990,-1,-1,-1
183,-1,567.89,206.55,10.40,36.30,0.11937,-1,-1,-1
183,-1,536.09,193.58,13.00,43.48,0.09956,-1,-1,-1
183,-1,544.00,203.04,11.67,36.14,0.09591,-1,-1,-1
183,-1,577.42,205.66,17.98,38.17,0.08349,-1,-1,-1
183,-1,244.48,69.63,13.86,15.25,0.06593,-1,-1,-1
183,-1,278.75,179.35,39.03,84.38,0.05764,-1,-1,-1
184,-1,177.38,10.03,102.95,428.47,0.99901,-1,-1,-1
184,-1,288.25,0.00,228.26,475.43,0.99881,-1,-1,-1
184,-1,0.00,0.00,224.97,478.10,0.99782,-1,-1,-1
184,-1,496.36,182.26,32.72,91.27,0.99701,-1,-1,-1
184,-1,523.85,188.39,25.05,69.99,0.98499,-1,-1,-1
184,-1,547.02,199.90,20.01,46.92,0.92673,-1,-1,-1
184,-1,568.99,201.75,17.55,40.27,0.91998,-1,-1,-1
184,-1,285.19,179.94,30.09,57.09,0.81975,-1,-1,-1
184,-1,585.23,205.54,11.56,35.65,0.78076,-1,-1,-1
184,-1,299.61,5.44,200.46,235.62,0.38036,-1,-1,-1
184,-1,556.91,202.88,13.50,39.96,0.27977,-1,-1,-1
184,-1,1.24,6.41,194.41,273.78,0.17509,-1,-1,-1
184,-1,574.43,202.35,18.86,39.08,0.16285,-1,-1,-1
184,-1,0.77,78.46,30.26,238.25,0.14330,-1,-1,-1
184,-1,1.24,56.80,45.72,324.19,0.13801,-1,-1,-1
184,-1,485.73,183.76,9.08,21.26,0.12439,-1,-1,-1
184,-1,545.47,201.22,13.60,38.02,0.10019,-1,-1,-1
184,-1,530.18,189.12,23.56,53.20,0.09157,-1,-1,-1
184,-1,280.28,184.63,22.97,57.37,0.08442,-1,-1,-1
184,-1,567.53,206.05,10.74,35.25,0.06961,-1,-1,-1
184,-1,178.41,8.81,101.26,212.55,0.05844,-1,-1,-1
184,-1,534.68,193.29,13.89,45.04,0.05811,-1,-1,-1
185,-1,177.84,9.71,103.10,428.25,0.99872,-1,-1,-1
185,-1,295.97,6.39,223.43,452.12,0.99794,-1,-1,-1
185,-1,3.31,2.95,223.96,469.33,0.99787,-1,-1,-1
185,-1,498.14,182.31,31.14,90.17,0.99775,-1,-1,-1
185,-1,526.16,188.57,24.04,69.48,0.97602,-1,-1,-1
185,-1,287.93,179.64,28.37,67.99,0.95225,-1,-1,-1
185,-1,568.79,201.97,17.65,40.94,0.91651,-1,-1,-1
185,-1,547.01,202.53,21.09,44.14,0.90543,-1,-1,-1
185,-1,585.29,206.11,11.95,35.54,0.76822,-1,-1,-1
185,-1,557.31,204.53,12.16,37.92,0.48729,-1,-1,-1
185,-1,291.32,6.00,211.42,243.94,0.41381,-1,-1,-1
185,-1,507.90,184.56,31.41,81.98,0.35367,-1,-1,-1
185,-1,568.05,207.01,10.69,34.01,0.17163,-1,-1,-1
185,-1,535.40,196.42,22.59,48.87,0.14361,-1,-1,-1
185,-1,1.56,51.87,47.06,333.62,0.10779,-1,-1,-1
185,-1,0.73,76.80,30.03,248.71,0.10721,-1,-1,-1
185,-1,543.68,204.52,17.03,37.33,0.10322,-1,-1,-1
185,-1,530.77,190.27,19.19,43.21,0.09800,-1,-1,-1
185,-1,522.68,194.46,15.94,62.83,0.09124,-1,-1,-1
185,-1,280.07,186.56,19.11,63.06,0.08798,-1,-1,-1
185,-1,551.01,206.60,10.86,39.56,0.07725,-1,-1,-1
185,-1,564.42,202.71,9.85,39.30,0.05830,-1,-1,-1
185,-1,244.29,69.94,14.17,15.01,0.05741,-1,-1,-1
185,-1,573.56,204.31,20.39,42.89,0.05000,-1,-1,-1
186,-1,178.40,10.03,101.31,428.30,0.99871,-1,-1,-1
186,-1,3.84,1.15,224.26,470.75,0.99813,-1,-1,-1
186,-1,295.66,0.00,223.20,476.02,0.99784,-1,-1,-1
186,-1,498.41,183.50,30.23,88.53,0.99734,-1,-1,-1
186,-1,288.88,180.66,28.96,70.60,0.99027,-1,-1,-1
186,-1,527.16,189.48,21.57,68.24,0.93380,-1,-1,-1
186,-1,548.12,203.84,18.75,42.92,0.92428,-1,-1,-1
186,-1,567.38,202.89,19.49,39.04,0.89401,-1,-1,-1
186,-1,584.95,206.20,12.58,35.57,0.80896,-1,-1,-1
186,-1,301.23,9.74,201.00,241.23,0.72578,-1,-1,-1
186,-1,283.00,185.57,16.45,68.78,0.69782,-1,-1,-1
186,-1,535.60,194.05,14.58,47.95,0.38182,-1,-1,-1
186,-1,557.61,204.92,12.67,37.53,0.29153,-1,-1,-1
186,-1,523.33,193.37,16.57,64.20,0.28729,-1,-1,-1
186,-1,568.87,207.85,10.64,33.45,0.23034,-1,-1,-1
186,-1,542.83,202.53,13.30,39.99,0.21775,-1,-1,-1
186,-1,0.42,77.05,37.57,312.46,0.18863,-1,-1,-1
186,-1,277.29,186.12,17.33,60.63,0.12119,-1,-1,-1
186,-1,11.22,9.90,198.61,264.87,0.09177,-1,-1,-1
186,-1,540.24,209.12,11.04,29.21,0.07906,-1,-1,-1
186,-1,288.80,198.11,9.68,57.90,0.06133,-1,-1,-1
186,-1,244.45,69.85,13.62,15.08,0.06112,-1,-1,-1
186,-1,530.65,189.44,12.83,54.08,0.06109,-1,-1,-1
187,-1,283.73,0.00,233.03,475.67,0.99891,-1,-1,-1
187,-1,178.49,9.57,101.60,429.54,0.99862,-1,-1,-1
187,-1,3.83,1.18,223.22,471.33,0.99736,-1,-1,-1
187,-1,499.15,183.87,29.62,89.09,0.99611,-1,-1,-1
187,-1,292.62,180.17,24.38,65.33,0.97664,-1,-1,-1
187,-1,548.52,201.86,18.01,45.26,0.92951,-1,-1,-1
187,-1,527.72,190.72,20.65,66.43,0.87186,-1,-1,-1
187,-1,298.23,7.07,206.37,259.53,0.86469,-1,-1,-1
187,-1,584.64,206.72,12.68,35.67,0.84842,-1,-1,-1
187,-1,284.14,188.93,16.15,65.50,0.58958,-1,-1,-1
187,-1,565.66,203.07,22.59,38.58,0.58475,-1,-1,-1
187,-1,555.46,203.32,13.61,40.41,0.56582,-1,-1,-1
187,-1,533.68,192.33,18.72,49.64,0.56212,-1,-1,-1
187,-1,568.39,205.40,11.30,36.96,0.51292,-1,-1,-1
187,-1,523.42,192.11,13.37,63.06,0.50630,-1,-1,-1
187,-1,573.56,205.66,12.20,35.28,0.41320,-1,-1,-1
187,-1,574.22,206.44,21.89,37.88,0.25344,-1,-1,-1
187,-1,284.66,178.36,25.90,79.42,0.25155,-1,-1,-1
187,-1,540.06,200.81,13.44,37.91,0.20620,-1,-1,-1
187,-1,278.36,188.69,16.57,61.62,0.16298,-1,-1,-1
187,-1,525.83,193.13,9.46,37.66,0.09537,-1,-1,-1
187,-1,547.16,201.86,11.81,39.23,0.09315,-1,-1,-1
187,-1,1.16,61.11,47.17,322.86,0.07089,-1,-1,-1
187,-1,11.56,9.37,195.07,255.80,0.06170,-1,-1,-1
187,-1,153.27,29.79,72.58,410.98,0.05577,-1,-1,-1
188,-1,297.44,1.15,220.89,456.99,0.99896,-1,-1,-1
188,-1,178.42,10.19,100.71,427.64,0.99838,-1,-1,-1
188,-1,3.24,1.17,224.23,472.81,0.99805,-1,-1,-1
188,-1,498.61,183.45,30.32,88.45,0.99743,-1,-1,-1
188,-1,292.39,179.07,26.39,65.57,0.99301,-1,-1,-1
188,-1,527.02,190.26,20.27,68.98,0.94392,-1,-1,-1
188,-1,549.61,201.42,16.46,45.14,0.94263,-1,-1,-1
188,-1,308.06,4.01,194.15,247.04,0.81032,-1,-1,-1
188,-1,567.98,204.71,13.11,38.34,0.80464,-1,-1,-1
188,-1,584.08,206.37,13.28,36.06,0.78578,-1,-1,-1
188,-1,285.08,192.84,14.76,65.04,0.67963,-1,-1,-1
188,-1,573.27,206.07,13.20,35.42,0.45877,-1,-1,-1
188,-1,536.33,191.48,13.04,59.40,0.42373,-1,-1,-1
188,-1,277.71,187.74,17.28,63.80,0.31276,-1,-1,-1
188,-1,558.71,201.76,11.41,40.39,0.30963,-1,-1,-1
188,-1,523.30,193.98,12.38,60.29,0.27644,-1,-1,-1
188,-1,542.18,197.65,10.40,42.50,0.24080,-1,-1,-1
188,-1,284.31,178.02,25.43,82.02,0.22074,-1,-1,-1
188,-1,573.13,206.66,23.05,53.57,0.14383,-1,-1,-1
188,-1,540.67,197.84,22.60,46.22,0.13905,-1,-1,-1
188,-1,1.25,45.12,50.26,326.57,0.10784,-1,-1,-1
188,-1,533.48,192.01,11.00,54.61,0.05776,-1,-1,-1
188,-1,564.45,200.23,10.69,42.31,0.05105,-1,-1,-1
189,-1,296.78,0.00,223.53,475.77,0.99848,-1,-1,-1
189,-1,175.04,14.01,107.00,422.78,0.99827,-1,-1,-1
189,-1,0.21,3.54,223.74,471.42,0.99755,-1,-1,-1
189,-1,497.99,183.14,31.98,89.29,0.99709,-1,-1,-1
189,-1,293.46,178.57,26.99,67.50,0.98857,-1,-1,-1
189,-1,550.23,200.06,15.87,45.98,0.94664,-1,-1,-1
189,-1,524.39,190.84,18.69,68.98,0.92505,-1,-1,-1
189,-1,297.00,3.63,210.61,230.34,0.87194,-1,-1,-1
189,-1,567.18,204.44,12.62,38.40,0.75779,-1,-1,-1
189,-1,529.98,189.46,20.47,60.93,0.66088,-1,-1,-1
189,-1,285.88,198.32,12.11,57.64,0.57596,-1,-1,-1
189,-1,583.71,206.97,13.08,34.49,0.51899,-1,-1,-1
189,-1,540.73,193.51,11.74,46.14,0.47208,-1,-1,-1
189,-1,573.46,206.62,13.54,34.05,0.41003,-1,-1,-1
189,-1,558.36,201.13,11.64,41.95,0.35829,-1,-1,-1
189,-1,287.17,181.22,23.76,75.35,0.33802,-1,-1,-1
189,-1,278.14,187.07,17.17,64.36,0.29295,-1,-1,-1
189,-1,535.19,191.71,22.78,50.79,0.27577,-1,-1,-1
189,-1,544.52,199.71,12.20,41.26,0.23602,-1,-1,-1
189,-1,542.92,215.81,10.53,22.31,0.19044,-1,-1,-1
189,-1,574.84,205.83,20.83,41.72,0.15232,-1,-1,-1
189,-1,564.30,199.27,10.80,43.66,0.11611,-1,-1,-1
189,-1,289.55,208.10,10.67,48.83,0.11496,-1,-1,-1
189,-1,534.48,191.87,10.36,39.80,0.08410,-1,-1,-1
189,-1,527.11,191.97,10.10,38.78,0.07808,-1,-1,-1
190,-1,178.30,11.18,100.81,424.73,0.99843,-1,-1,-1
190,-1,299.56,0.87,218.99,461.45,0.99841,-1,-1,-1
190,-1,2.88,1.34,226.01,474.37,0.99792,-1,-1,-1
190,-1,498.40,183.54,31.20,88.19,0.99719,-1,-1,-1
190,-1,293.80,180.83,25.26,65.91,0.99022,-1,-1,-1
190,-1,525.99,190.51,20.88,68.58,0.93196,-1,-1,-1
190,-1,550.47,201.18,16.74,44.42,0.92184,-1,-1,-1
190,-1,564.83,201.73,19.42,41.66,0.85229,-1,-1,-1
190,-1,308.55,6.86,194.53,220.17,0.80618,-1,-1,-1
190,-1,286.29,198.14,10.52,57.61,0.65461,-1,-1,-1
190,-1,533.33,190.88,18.27,54.51,0.63645,-1,-1,-1
190,-1,572.33,206.50,14.97,34.45,0.61406,-1,-1,-1
190,-1,584.41,207.29,12.10,35.09,0.53360,-1,-1,-1
190,-1,281.56,184.94,17.99,67.79,0.46088,-1,-1,-1
190,-1,540.39,194.11,11.97,45.38,0.37688,-1,-1,-1
190,-1,286.24,183.09,21.35,73.95,0.31440,-1,-1,-1
190,-1,558.60,201.82,11.49,41.63,0.31416,-1,-1,-1
190,-1,546.38,197.70,12.43,43.83,0.22639,-1,-1,-1
190,-1,574.98,205.65,20.09,40.22,0.16996,-1,-1,-1
190,-1,537.45,196.09,25.22,48.69,0.12881,-1,-1,-1
190,-1,524.78,192.69,14.22,51.89,0.11352,-1,-1,-1
190,-1,289.40,208.07,10.35,48.52,0.08178,-1,-1,-1
190,-1,1.41,43.60,52.57,320.73,0.07922,-1,-1,-1
190,-1,554.72,197.49,24.92,46.44,0.06544,-1,-1,-1
190,-1,275.30,188.51,19.23,61.16,0.06499,-1,-1,-1
190,-1,244.28,70.02,13.60,15.39,0.06014,-1,-1,-1
191,-1,297.33,0.00,223.46,477.35,0.99903,-1,-1,-1
191,-1,174.68,8.27,102.67,429.89,0.99822,-1,-1,-1
191,-1,2.22,0.00,221.11,476.19,0.99793,-1,-1,-1
191,-1,497.94,183.17,31.80,89.71,0.99749,-1,-1,-1
191,-1,294.19,179.25,24.57,62.34,0.99349,-1,-1,-1
191,-1,526.57,190.18,23.86,70.17,0.97806,-1,-1,-1
191,-1,551.38,200.19,16.28,47.10,0.88886,-1,-1,-1
191,-1,300.42,4.60,209.49,234.70,0.84102,-1,-1,-1
191,-1,585.34,208.14,9.74,32.95,0.60840,-1,-1,-1
191,-1,281.91,192.36,15.77,61.27,0.49943,-1,-1,-1
191,-1,571.68,207.59,14.24,34.73,0.49225,-1,-1,-1
191,-1,566.02,206.02,14.31,37.72,0.44817,-1,-1,-1
191,-1,558.84,203.20,11.05,40.91,0.39249,-1,-1,-1
191,-1,546.86,195.46,14.99,52.20,0.24086,-1,-1,-1
191,-1,521.89,190.57,19.37,64.14,0.20736,-1,-1,-1
191,-1,560.64,202.82,25.93,39.79,0.20382,-1,-1,-1
191,-1,311.76,180.47,14.47,30.59,0.19997,-1,-1,-1
191,-1,285.80,185.87,18.40,69.41,0.15319,-1,-1,-1
191,-1,581.02,205.17,15.88,41.24,0.10582,-1,-1,-1
191,-1,563.45,202.09,11.05,42.12,0.09215,-1,-1,-1
191,-1,544.58,197.06,10.43,47.20,0.09089,-1,-1,-1
191,-1,539.29,193.03,13.78,54.17,0.09001,-1,-1,-1
191,-1,0.92,40.90,57.29,328.94,0.08659,-1,-1,-1
191,-1,278.55,188.61,14.79,53.26,0.07974,-1,-1,-1
191,-1,524.66,193.05,12.41,46.26,0.07764,-1,-1,-1
191,-1,300.83,178.68,22.28,42.40,0.07721,-1,-1,-1
192,-1,295.44,0.00,227.06,476.21,0.99879,-1,-1,-1
192,-1,177.64,10.09,101.01,426.34,0.99858,-1,-1,-1
192,-1,498.34,183.00,30.79,88.58,0.99840,-1,-1,-1
192,-1,0.00,0.00,228.03,476.31,0.99791,-1,-1,-1
192,-1,293.83,179.24,25.19,61.59,0.99280,-1,-1,-1
192,-1,525.78,188.18,25.10,73.35,0.98670,-1,-1,-1
192,-1,551.03,200.38,15.10,47.60,0.86160,-1,-1,-1
192,-1,294.30,5.55,216.23,246.12,0.80707,-1,-1,-1
192,-1,585.68,207.97,9.14,33.00,0.62431,-1,-1,-1
192,-1,574.63,207.55,12.47,32.98,0.56674,-1,-1,-1
192,-1,282.88,187.10,17.76,66.08,0.54226,-1,-1,-1
192,-1,567.11,207.71,11.33,34.91,0.48759,-1,-1,-1
192,-1,557.18,204.16,12.11,40.04,0.46669,-1,-1,-1
192,-1,563.21,204.66,23.19,37.69,0.43664,-1,-1,-1
192,-1,512.54,185.92,30.56,81.26,0.28058,-1,-1,-1
192,-1,286.59,181.64,22.89,72.32,0.23377,-1,-1,-1
192,-1,580.61,202.05,15.64,39.44,0.13909,-1,-1,-1
192,-1,281.90,191.27,11.77,54.87,0.13833,-1,-1,-1
192,-1,564.59,203.00,10.02,40.11,0.10856,-1,-1,-1
192,-1,543.16,190.74,10.81,53.39,0.09733,-1,-1,-1
192,-1,547.20,196.99,11.87,49.97,0.09678,-1,-1,-1
192,-1,536.62,190.92,14.71,61.87,0.08463,-1,-1,-1
192,-1,0.82,38.46,57.85,328.02,0.07372,-1,-1,-1
192,-1,312.55,184.18,14.12,27.27,0.06153,-1,-1,-1
193,-1,295.58,3.49,225.16,457.98,0.99905,-1,-1,-1
193,-1,178.50,10.11,99.88,427.64,0.99847,-1,-1,-1
193,-1,497.90,184.65,30.71,87.51,0.99795,-1,-1,-1
193,-1,0.45,6.47,222.68,467.63,0.99748,-1,-1,-1
193,-1,294.77,179.78,23.41,60.31,0.98679,-1,-1,-1
193,-1,525.27,187.64,24.91,73.26,0.97125,-1,-1,-1
193,-1,549.85,200.44,17.44,47.44,0.89993,-1,-1,-1
193,-1,300.39,8.27,208.65,244.68,0.86729,-1,-1,-1
193,-1,564.22,203.65,22.33,38.87,0.80055,-1,-1,-1
193,-1,584.96,204.71,11.35,37.71,0.74096,-1,-1,-1
193,-1,285.61,201.29,11.43,53.24,0.49927,-1,-1,-1
193,-1,556.60,204.21,12.74,40.94,0.47090,-1,-1,-1
193,-1,567.16,208.41,12.57,34.89,0.43466,-1,-1,-1
193,-1,510.75,185.16,31.35,82.31,0.37476,-1,-1,-1
193,-1,573.85,206.52,13.85,34.53,0.35583,-1,-1,-1
193,-1,522.80,189.97,17.56,61.61,0.23812,-1,-1,-1
193,-1,277.44,188.20,18.35,61.29,0.22544,-1,-1,-1
193,-1,286.22,183.82,19.85,70.60,0.16707,-1,-1,-1
193,-1,546.89,198.21,13.60,48.77,0.13931,-1,-1,-1
193,-1,535.89,188.95,15.41,62.68,0.13290,-1,-1,-1
193,-1,543.54,190.61,10.55,53.27,0.11351,-1,-1,-1
193,-1,553.97,199.73,23.57,45.98,0.10855,-1,-1,-1
193,-1,283.55,197.16,10.10,46.46,0.08035,-1,-1,-1
193,-1,566.99,189.78,11.36,25.77,0.07212,-1,-1,-1
193,-1,289.54,203.34,10.73,50.42,0.06994,-1,-1,-1
193,-1,560.38,208.61,12.37,35.76,0.06322,-1,-1,-1
193,-1,294.38,182.92,12.90,58.28,0.05735,-1,-1,-1
193,-1,524.55,193.44,12.92,37.02,0.05559,-1,-1,-1
193,-1,582.12,199.58,10.12,40.50,0.05452,-1,-1,-1
193,-1,311.20,183.09,12.27,27.17,0.05188,-1,-1,-1
194,-1,294.13,4.04,224.70,458.62,0.99915,-1,-1,-1
194,-1,178.04,10.23,102.15,427.61,0.99856,-1,-1,-1
194,-1,0.28,0.00,224.39,476.03,0.99823,-1,-1,-1
194,-1,496.81,183.65,31.76,88.30,0.99768,-1,-1,-1
194,-1,293.55,178.66,25.90,59.25,0.97800,-1,-1,-1
194,-1,523.53,189.74,26.01,70.19,0.92180,-1,-1,-1
194,-1,549.84,202.74,17.40,46.21,0.88697,-1,-1,-1
194,-1,566.53,205.87,19.45,36.42,0.84519,-1,-1,-1
194,-1,281.62,191.46,16.54,59.17,0.41567,-1,-1,-1
194,-1,535.34,189.01,14.44,65.11,0.41411,-1,-1,-1
194,-1,585.46,206.59,10.40,34.85,0.39261,-1,-1,-1
194,-1,524.30,193.63,16.41,47.42,0.38957,-1,-1,-1
194,-1,542.29,189.66,11.40,56.32,0.32488,-1,-1,-1
194,-1,556.67,207.96,12.02,38.67,0.26866,-1,-1,-1
194,-1,306.06,1.08,199.10,238.27,0.25941,-1,-1,-1
194,-1,538.03,192.10,27.49,55.66,0.21989,-1,-1,-1
194,-1,545.66,193.92,14.29,53.40,0.19181,-1,-1,-1
194,-1,575.30,206.05,11.73,33.90,0.18586,-1,-1,-1
194,-1,278.64,190.45,14.14,47.83,0.11790,-1,-1,-1
194,-1,536.05,191.31,9.57,37.04,0.11703,-1,-1,-1
194,-1,566.67,211.14,11.22,31.33,0.10961,-1,-1,-1
194,-1,582.88,202.04,8.52,36.90,0.10502,-1,-1,-1
194,-1,292.09,180.88,32.77,90.97,0.09313,-1,-1,-1
194,-1,284.38,178.92,23.63,67.48,0.09211,-1,-1,-1
194,-1,531.42,192.23,13.73,52.78,0.06962,-1,-1,-1
194,-1,560.38,203.67,9.34,36.28,0.06942,-1,-1,-1
194,-1,244.25,70.19,13.52,14.96,0.06689,-1,-1,-1
194,-1,546.85,199.95,16.44,32.72,0.06481,-1,-1,-1
194,-1,117.04,0.00,315.04,473.88,0.06476,-1,-1,-1
194,-1,314.45,173.73,18.05,19.43,0.06091,-1,-1,-1
194,-1,567.65,187.29,10.22,25.03,0.05741,-1,-1,-1
194,-1,539.54,189.61,10.53,43.04,0.05589,-1,-1,-1
195,-1,295.20,0.00,226.24,478.18,0.99912,-1,-1,-1
195,-1,177.47,10.78,101.41,424.66,0.99844,-1,-1,-1
195,-1,1.78,1.26,225.56,474.11,0.99779,-1,-1,-1
195,-1,496.08,183.00,31.87,90.10,0.99753,-1,-1,-1
195,-1,527.81,189.50,26.05,71.72,0.98527,-1,-1,-1
195,-1,292.95,178.36,25.54,54.33,0.94737,-1,-1,-1
195,-1,550.57,202.81,17.08,46.48,0.92089,-1,-1,-1
195,-1,574.11,206.70,11.36,34.21,0.68015,-1,-1,-1
195,-1,300.48,3.47,204.12,234.51,0.62925,-1,-1,-1
195,-1,544.66,191.76,12.20,55.50,0.39279,-1,-1,-1
195,-1,566.60,209.25,11.78,34.59,0.39021,-1,-1,-1
195,-1,563.81,204.91,21.27,37.10,0.38496,-1,-1,-1
195,-1,278.74,187.84,16.73,57.50,0.28445,-1,-1,-1
195,-1,585.25,207.74,9.43,33.20,0.24098,-1,-1,-1
195,-1,559.06,205.09,10.74,40.43,0.18506,-1,-1,-1
195,-1,523.47,191.03,17.02,63.02,0.18333,-1,-1,-1
195,-1,524.52,193.58,12.53,38.56,0.16973,-1,-1,-1
195,-1,506.16,184.52,33.66,85.59,0.13966,-1,-1,-1
195,-1,155.74,19.89,82.68,409.23,0.10186,-1,-1,-1
195,-1,243.58,70.22,14.00,14.71,0.09890,-1,-1,-1
195,-1,283.24,200.31,11.11,38.54,0.08978,-1,-1,-1
195,-1,576.68,201.07,17.06,40.14,0.08224,-1,-1,-1
195,-1,108.78,0.00,160.06,461.11,0.06390,-1,-1,-1
195,-1,582.19,209.15,8.88,30.82,0.05790,-1,-1,-1
195,-1,539.65,190.68,11.88,65.10,0.05685,-1,-1,-1
195,-1,542.94,193.63,8.62,37.23,0.05517,-1,-1,-1
196,-1,295.67,0.00,224.84,475.57,0.99874,-1,-1,-1
196,-1,4.15,1.49,229.37,476.59,0.99851,-1,-1,-1
196,-1,171.02,5.42,106.92,440.77,0.99831,-1,-1,-1
196,-1,495.90,183.11,32.14,90.59,0.99725,-1,-1,-1
196,-1,526.32,189.09,26.91,72.73,0.98043,-1,-1,-1
196,-1,293.34,178.34,22.70,49.37,0.96615,-1,-1,-1
196,-1,551.72,204.28,16.41,45.18,0.92391,-1,-1,-1
196,-1,574.24,206.02,11.30,34.89,0.59731,-1,-1,-1
196,-1,545.15,193.98,16.72,54.52,0.48818,-1,-1,-1
196,-1,523.94,190.65,17.71,66.22,0.44720,-1,-1,-1
196,-1,566.15,212.77,9.46,31.27,0.32834,-1,-1,-1
196,-1,538.27,189.79,19.25,65.57,0.32485,-1,-1,-1
196,-1,558.17,206.18,11.66,40.02,0.24364,-1,-1,-1
196,-1,306.77,1.61,199.00,234.44,0.24210,-1,-1,-1
196,-1,584.00,206.68,9.95,33.56,0.23087,-1,-1,-1
196,-1,283.15,197.06,11.58,43.91,0.19845,-1,-1,-1
196,-1,559.24,206.12,22.17,40.19,0.19562,-1,-1,-1
196,-1,284.75,180.23,34.59,78.70,0.18752,-1,-1,-1
196,-1,544.01,193.34,9.97,41.38,0.18151,-1,-1,-1
196,-1,510.21,184.58,33.55,85.53,0.14782,-1,-1,-1
196,-1,576.88,200.66,16.82,41.13,0.13248,-1,-1,-1
196,-1,282.89,181.43,17.86,58.53,0.11304,-1,-1,-1
196,-1,549.59,193.80,8.99,39.03,0.08898,-1,-1,-1
196,-1,562.35,211.73,9.45,33.41,0.07003,-1,-1,-1
196,-1,551.16,212.95,10.07,34.68,0.06930,-1,-1,-1
196,-1,525.22,191.97,12.95,36.51,0.05377,-1,-1,-1
196,-1,276.97,190.25,14.95,47.71,0.05355,-1,-1,-1
197,-1,2.16,1.63,225.59,476.27,0.99797,-1,-1,-1
197,-1,176.44,9.69,100.25,430.01,0.99792,-1,-1,-1
197,-1,295.29,1.39,223.17,457.97,0.99762,-1,-1,-1
197,-1,496.16,183.24,32.17,90.23,0.99640,-1,-1,-1
197,-1,528.33,189.15,28.26,73.60,0.98090,-1,-1,-1
197,-1,293.40,177.64,21.72,46.10,0.85715,-1,-1,-1
197,-1,553.43,206.42,16.53,42.46,0.79998,-1,-1,-1
197,-1,537.87,190.20,23.29,61.92,0.51058,-1,-1,-1
197,-1,307.23,3.83,197.38,230.73,0.41093,-1,-1,-1
197,-1,524.77,191.46,16.35,65.15,0.39808,-1,-1,-1
197,-1,584.13,206.50,10.70,34.95,0.22840,-1,-1,-1
197,-1,549.05,204.62,12.95,43.60,0.22273,-1,-1,-1
197,-1,574.29,208.24,12.06,31.94,0.19680,-1,-1,-1
197,-1,510.14,186.14,33.96,84.51,0.18126,-1,-1,-1
197,-1,182.42,14.79,85.20,231.60,0.16723,-1,-1,-1
197,-1,283.32,177.74,38.02,96.19,0.14891,-1,-1,-1
197,-1,566.50,211.95,9.20,32.21,0.13886,-1,-1,-1
197,-1,559.94,213.65,12.08,32.70,0.11798,-1,-1,-1
197,-1,283.21,205.07,13.04,35.78,0.09131,-1,-1,-1
197,-1,525.37,193.80,13.78,35.19,0.08235,-1,-1,-1
197,-1,547.28,191.57,19.82,56.24,0.06548,-1,-1,-1
197,-1,243.34,70.32,13.96,15.13,0.05771,-1,-1,-1
197,-1,536.05,212.19,16.69,49.50,0.05365,-1,-1,-1
198,-1,295.03,0.00,227.30,476.14,0.99846,-1,-1,-1
198,-1,169.72,7.33,106.07,438.21,0.99839,-1,-1,-1
198,-1,3.39,0.00,232.53,480.00,0.99803,-1,-1,-1
198,-1,496.10,182.73,32.37,90.57,0.99647,-1,-1,-1
198,-1,526.12,187.50,32.61,76.34,0.99017,-1,-1,-1
198,-1,293.61,177.58,20.35,48.51,0.87787,-1,-1,-1
198,-1,553.10,201.40,15.64,47.13,0.85485,-1,-1,-1
198,-1,310.97,4.18,195.34,224.45,0.50163,-1,-1,-1
198,-1,574.49,207.41,11.19,34.44,0.47122,-1,-1,-1
198,-1,541.66,190.11,21.64,61.87,0.34431,-1,-1,-1
198,-1,583.47,205.35,11.32,36.89,0.29907,-1,-1,-1
198,-1,242.33,70.46,15.42,15.97,0.24686,-1,-1,-1
198,-1,550.64,209.69,11.70,38.83,0.14716,-1,-1,-1
198,-1,282.97,203.01,11.90,36.85,0.11470,-1,-1,-1
198,-1,285.23,182.20,29.79,67.28,0.10902,-1,-1,-1
198,-1,560.74,199.80,17.41,46.45,0.10298,-1,-1,-1
198,-1,570.33,205.36,21.36,38.14,0.09041,-1,-1,-1
198,-1,507.62,182.23,35.11,88.62,0.08147,-1,-1,-1
198,-1,127.85,13.76,108.79,433.67,0.07605,-1,-1,-1
198,-1,522.81,189.26,18.03,68.80,0.06686,-1,-1,-1
199,-1,294.95,0.00,222.38,466.48,0.99779,-1,-1,-1
199,-1,168.02,8.91,107.92,433.87,0.99770,-1,-1,-1
199,-1,2.47,2.90,231.13,473.58,0.99744,-1,-1,-1
199,-1,495.73,183.96,32.01,89.72,0.99639,-1,-1,-1
199,-1,524.51,185.54,33.59,78.04,0.98079,-1,-1,-1
199,-1,293.52,178.08,20.15,47.28,0.96347,-1,-1,-1
199,-1,552.42,202.66,15.25,45.34,0.77579,-1,-1,-1
199,-1,541.10,189.42,22.15,67.42,0.63679,-1,-1,-1
199,-1,573.39,207.06,11.66,34.97,0.52384,-1,-1,-1
199,-1,303.84,5.21,198.89,232.37,0.51768,-1,-1,-1
199,-1,524.22,189.53,18.73,69.55,0.33010,-1,-1,-1
199,-1,272.82,189.21,21.19,51.49,0.23447,-1,-1,-1
199,-1,560.02,200.23,17.88,45.06,0.20135,-1,-1,-1
199,-1,240.85,70.62,16.77,16.35,0.19844,-1,-1,-1
199,-1,139.93,18.41,87.61,420.39,0.14370,-1,-1,-1
199,-1,551.27,217.58,9.42,30.44,0.14062,-1,-1,-1
199,-1,584.24,204.20,11.28,41.42,0.12549,-1,-1,-1
199,-1,566.35,203.62,19.82,41.72,0.12204,-1,-1,-1
199,-1,280.50,199.18,13.41,39.66,0.10727,-1,-1,-1
199,-1,285.75,182.17,26.23,59.90,0.10317,-1,-1,-1
199,-1,560.08,206.83,8.87,38.82,0.08691,-1,-1,-1
199,-1,575.37,201.59,17.75,44.81,0.06216,-1,-1,-1
199,-1,546.27,196.27,13.29,53.46,0.05600,-1,-1,-1
199,-1,0.72,55.42,33.95,257.60,0.05256,-1,-1,-1
200,-1,291.97,0.00,227.79,475.89,0.99862,-1,-1,-1
200,-1,2.52,1.03,235.22,478.97,0.99779,-1,-1,-1
200,-1,170.22,15.65,102.64,411.02,0.99652,-1,-1,-1
200,-1,495.79,184.39,32.26,89.40,0.99633,-1,-1,-1
200,-1,527.06,186.79,28.55,77.32,0.96923,-1,-1,-1
200,-1,539.00,189.17,22.35,65.55,0.83935,-1,-1,-1
200,-1,551.39,205.06,15.07,43.68,0.83036,-1,-1,-1
200,-1,292.95,177.49,20.48,45.49,0.79018,-1,-1,-1
200,-1,301.58,3.69,200.53,235.19,0.52527,-1,-1,-1
200,-1,524.20,189.44,18.50,68.35,0.46806,-1,-1,-1
200,-1,240.32,71.23,16.32,18.53,0.45191,-1,-1,-1
200,-1,509.07,184.68,34.74,86.16,0.24209,-1,-1,-1
200,-1,556.51,213.63,8.67,33.35,0.22345,-1,-1,-1
200,-1,552.83,215.03,8.78,33.06,0.19177,-1,-1,-1
200,-1,281.42,176.41,29.82,52.62,0.16368,-1,-1,-1
200,-1,559.69,207.15,9.57,38.88,0.15076,-1,-1,-1
200,-1,573.18,206.09,12.80,35.66,0.12412,-1,-1,-1
200,-1,583.28,201.29,11.20,44.87,0.10707,-1,-1,-1
200,-1,5.68,6.63,198.38,274.45,0.08258,-1,-1,-1
200,-1,559.43,200.16,17.16,45.64,0.07890,-1,-1,-1
200,-1,269.85,187.81,23.26,51.60,0.07864,-1,-1,-1
200,-1,239.43,68.43,19.20,32.31,0.07204,-1,-1,-1
200,-1,524.94,192.89,14.38,37.79,0.05341,-1,-1,-1
201,-1,291.97,0.00,225.94,476.12,0.99828,-1,-1,-1
201,-1,164.22,12.54,110.15,435.47,0.99712,-1,-1,-1
201,-1,3.97,0.00,242.01,478.31,0.99675,-1,-1,-1
201,-1,496.85,183.82,30.78,89.84,0.99510,-1,-1,-1
201,-1,526.69,188.32,28.05,75.14,0.96546,-1,-1,-1
201,-1,292.18,178.54,19.55,43.48,0.93949,-1,-1,-1
201,-1,550.90,203.76,14.76,44.64,0.80983,-1,-1,-1
201,-1,541.98,193.99,19.98,57.66,0.70260,-1,-1,-1
201,-1,5.52,4.53,186.38,307.20,0.51296,-1,-1,-1
201,-1,269.01,187.70,23.21,53.92,0.47236,-1,-1,-1
201,-1,299.25,4.93,203.08,238.29,0.38334,-1,-1,-1
201,-1,556.74,212.06,10.03,34.40,0.31776,-1,-1,-1
201,-1,284.27,182.42,26.57,55.14,0.28135,-1,-1,-1
201,-1,524.03,189.79,17.58,66.01,0.24390,-1,-1,-1
201,-1,543.85,193.49,13.15,43.37,0.13028,-1,-1,-1
201,-1,556.07,201.59,16.79,45.39,0.12801,-1,-1,-1
201,-1,245.24,196.08,20.72,62.38,0.12793,-1,-1,-1
201,-1,525.00,193.77,14.46,39.21,0.10822,-1,-1,-1
201,-1,535.80,186.92,14.41,16.59,0.07784,-1,-1,-1
201,-1,0.87,56.67,32.75,251.44,0.06888,-1,-1,-1
201,-1,562.47,212.38,10.81,32.86,0.06787,-1,-1,-1
201,-1,146.96,14.73,86.81,353.53,0.05382,-1,-1,-1
201,-1,548.95,209.86,10.05,38.15,0.05132,-1,-1,-1
201,-1,583.45,204.26,9.85,40.49,0.05130,-1,-1,-1
202,-1,293.77,0.00,224.78,475.79,0.99819,-1,-1,-1
202,-1,5.84,2.41,238.57,466.83,0.99773,-1,-1,-1
202,-1,495.30,185.09,32.15,89.07,0.99531,-1,-1,-1
202,-1,157.15,15.57,107.62,427.59,0.98877,-1,-1,-1
202,-1,524.69,186.21,28.63,77.89,0.98243,-1,-1,-1
202,-1,292.18,178.94,18.84,41.52,0.94849,-1,-1,-1
202,-1,548.45,205.48,16.39,44.11,0.92733,-1,-1,-1
202,-1,268.25,186.61,23.50,51.33,0.67092,-1,-1,-1
202,-1,0.00,7.80,172.33,322.24,0.51712,-1,-1,-1
202,-1,537.53,190.18,19.24,64.51,0.48042,-1,-1,-1
202,-1,306.81,5.85,195.20,238.03,0.39510,-1,-1,-1
202,-1,558.26,206.78,15.19,40.01,0.39160,-1,-1,-1
202,-1,146.75,18.68,109.04,243.59,0.21483,-1,-1,-1
202,-1,284.15,180.45,25.95,66.18,0.17733,-1,-1,-1
202,-1,573.00,208.00,11.38,34.45,0.17632,-1,-1,-1
202,-1,521.89,190.01,17.82,64.98,0.16997,-1,-1,-1
202,-1,272.03,179.04,34.46,48.30,0.11522,-1,-1,-1
202,-1,295.79,177.64,15.38,22.03,0.11174,-1,-1,-1
202,-1,122.98,11.73,95.09,429.15,0.09904,-1,-1,-1
202,-1,583.06,205.54,9.24,39.94,0.09014,-1,-1,-1
202,-1,84.73,0.00,330.90,471.58,0.07833,-1,-1,-1
202,-1,243.73,186.10,17.51,67.36,0.06428,-1,-1,-1
202,-1,545.92,196.07,13.68,50.58,0.05583,-1,-1,-1
202,-1,554.03,208.08,32.11,40.15,0.05335,-1,-1,-1
203,-1,292.59,0.00,227.55,475.62,0.99743,-1,-1,-1
203,-1,4.02,3.37,236.58,463.71,0.99717,-1,-1,-1
203,-1,495.35,184.71,31.36,90.03,0.99439,-1,-1,-1
203,-1,149.07,19.67,113.09,419.97,0.99359,-1,-1,-1
203,-1,524.28,186.95,30.28,77.97,0.97973,-1,-1,-1
203,-1,289.02,178.42,20.65,44.86,0.88912,-1,-1,-1
203,-1,548.59,207.19,15.50,42.28,0.80682,-1,-1,-1
203,-1,572.29,206.41,12.25,34.67,0.77750,-1,-1,-1
203,-1,559.39,213.61,13.13,32.50,0.68965,-1,-1,-1
203,-1,554.59,208.97,14.39,39.16,0.51990,-1,-1,-1
203,-1,267.58,187.78,23.37,49.44,0.40915,-1,-1,-1
203,-1,6.33,8.76,162.73,308.97,0.40075,-1,-1,-1
203,-1,539.24,190.80,19.25,60.91,0.38719,-1,-1,-1
203,-1,188.23,122.32,78.24,321.39,0.31374,-1,-1,-1
203,-1,560.75,193.93,15.02,52.67,0.22830,-1,-1,-1
203,-1,307.21,7.89,192.75,226.94,0.16935,-1,-1,-1
203,-1,240.13,188.16,18.39,65.78,0.14411,-1,-1,-1
203,-1,582.29,207.47,10.08,36.39,0.13791,-1,-1,-1
203,-1,273.23,177.57,33.15,51.96,0.12876,-1,-1,-1
203,-1,563.74,207.89,17.31,38.17,0.11024,-1,-1,-1
203,-1,105.69,13.64,117.90,428.22,0.08748,-1,-1,-1
203,-1,294.22,177.42,16.79,25.59,0.08003,-1,-1,-1
203,-1,276.08,179.84,38.46,93.95,0.06849,-1,-1,-1
203,-1,508.64,182.18,21.50,85.09,0.06655,-1,-1,-1
204,-1,285.05,5.77,227.70,453.37,0.99506,-1,-1,-1
204,-1,495.11,185.35,31.09,89.84,0.99497,-1,-1,-1
204,-1,1.76,4.65,219.93,468.28,0.99360,-1,-1,-1
204,-1,150.47,17.67,106.58,416.03,0.99289,-1,-1,-1
204,-1,525.20,189.32,28.15,75.33,0.96826,-1,-1,-1
204,-1,266.75,187.37,25.21,47.63,0.88051,-1,-1,-1
204,-1,569.74,206.48,14.57,37.68,0.87532,-1,-1,-1
204,-1,289.31,179.04,20.26,42.21,0.87403,-1,-1,-1
204,-1,553.99,210.08,13.16,38.61,0.78739,-1,-1,-1
204,-1,548.02,207.48,13.30,41.90,0.78226,-1,-1,-1
204,-1,540.87,195.24,18.67,56.56,0.40180,-1,-1,-1
204,-1,277.89,178.65,29.15,51.61,0.37736,-1,-1,-1
204,-1,7.86,4.30,158.93,301.66,0.30527,-1,-1,-1
204,-1,568.06,205.28,18.44,61.10,0.25858,-1,-1,-1
204,-1,271.47,179.55,43.08,94.63,0.24200,-1,-1,-1
204,-1,574.29,205.05,14.75,37.68,0.19779,-1,-1,-1
204,-1,564.06,213.76,8.46,33.30,0.18902,-1,-1,-1
204,-1,307.51,5.93,189.00,229.03,0.16059,-1,-1,-1
204,-1,580.16,206.30,11.31,37.25,0.15929,-1,-1,-1
204,-1,558.06,200.79,16.15,46.18,0.15321,-1,-1,-1
204,-1,519.81,192.08,21.71,69.24,0.15303,-1,-1,-1
204,-1,545.97,214.81,11.37,30.70,0.13838,-1,-1,-1
204,-1,293.90,178.11,16.18,23.64,0.12065,-1,-1,-1
204,-1,567.00,210.79,8.96,34.62,0.11349,-1,-1,-1
204,-1,509.43,187.86,25.67,79.59,0.10156,-1,-1,-1
204,-1,522.37,194.29,12.14,39.88,0.10026,-1,-1,-1
204,-1,558.66,211.51,10.21,32.68,0.06359,-1,-1,-1
204,-1,534.04,193.42,15.57,64.57,0.06000,-1,-1,-1
204,-1,493.90,192.02,17.83,73.17,0.05181,-1,-1,-1
205,-1,282.42,1.97,230.14,458.86,0.99580,-1,-1,-1
205,-1,495.42,186.25,30.54,88.89,0.99472,-1,-1,-1
205,-1,151.52,16.59,96.11,412.47,0.99332,-1,-1,-1
205,-1,8.36,0.00,222.34,467.42,0.99176,-1,-1,-1
205,-1,524.70,188.91,27.87,76.52,0.97657,-1,-1,-1
205,-1,570.42,206.08,14.62,37.43,0.90930,-1,-1,-1
205,-1,555.36,209.59,12.28,38.65,0.86438,-1,-1,-1
205,-1,548.42,206.45,12.85,43.82,0.80721,-1,-1,-1
205,-1,1.66,4.09,164.27,299.44,0.52654,-1,-1,-1
205,-1,267.05,187.47,24.41,49.08,0.35437,-1,-1,-1
205,-1,294.72,3.59,206.09,239.21,0.33021,-1,-1,-1
205,-1,582.05,210.77,9.62,31.98,0.30705,-1,-1,-1
205,-1,541.39,195.15,16.09,55.82,0.24177,-1,-1,-1
205,-1,572.97,199.06,19.22,45.79,0.18259,-1,-1,-1
205,-1,522.95,191.26,10.40,40.77,0.16718,-1,-1,-1
205,-1,517.75,188.63,17.47,72.68,0.15779,-1,-1,-1
205,-1,557.70,203.49,15.41,44.24,0.15767,-1,-1,-1
205,-1,564.22,213.77,8.97,33.72,0.15233,-1,-1,-1
205,-1,191.41,82.16,58.07,343.23,0.13677,-1,-1,-1
205,-1,545.14,210.46,12.62,36.30,0.08576,-1,-1,-1
205,-1,127.56,0.00,337.15,467.10,0.08279,-1,-1,-1
205,-1,153.59,24.90,66.66,271.06,0.05053,-1,-1,-1
205,-1,292.82,179.36,14.00,38.90,0.05042,-1,-1,-1
206,-1,280.63,5.42,229.94,448.04,0.99637,-1,-1,-1
206,-1,3.96,0.00,231.08,470.21,0.99597,-1,-1,-1
206,-1,495.47,185.26,30.52,88.33,0.99400,-1,-1,-1
206,-1,147.72,21.56,102.97,394.03,0.97890,-1,-1,-1
206,-1,519.57,187.41,32.73,78.02,0.97513,-1,-1,-1
206,-1,567.40,207.02,18.55,37.45,0.90139,-1,-1,-1
206,-1,555.09,211.40,12.72,36.05,0.88313,-1,-1,-1
206,-1,549.33,207.57,15.69,42.70,0.79863,-1,-1,-1
206,-1,546.13,203.74,13.08,46.92,0.76536,-1,-1,-1
206,-1,530.93,189.51,26.18,63.67,0.51779,-1,-1,-1
206,-1,3.75,6.70,173.36,294.85,0.47674,-1,-1,-1
206,-1,295.82,9.45,201.11,229.66,0.31669,-1,-1,-1
206,-1,266.82,189.38,24.50,45.14,0.25350,-1,-1,-1
206,-1,582.02,207.55,9.98,35.22,0.22020,-1,-1,-1
206,-1,188.74,94.05,60.12,328.66,0.21954,-1,-1,-1
206,-1,565.12,212.73,8.75,32.20,0.14798,-1,-1,-1
206,-1,371.66,0.00,96.05,43.20,0.13810,-1,-1,-1
206,-1,289.11,178.49,16.56,42.74,0.12669,-1,-1,-1
206,-1,540.25,197.09,23.12,52.32,0.12633,-1,-1,-1
206,-1,574.36,204.53,15.29,37.18,0.11289,-1,-1,-1
206,-1,544.21,217.82,10.37,32.34,0.07328,-1,-1,-1
206,-1,120.49,0.00,340.66,463.42,0.06278,-1,-1,-1
206,-1,130.87,24.25,104.61,220.44,0.05682,-1,-1,-1
206,-1,521.22,188.81,10.26,41.38,0.05602,-1,-1,-1
206,-1,566.07,200.84,24.51,62.54,0.05073,-1,-1,-1
207,-1,275.21,4.22,237.29,452.22,0.99765,-1,-1,-1
207,-1,7.28,0.00,230.36,474.79,0.99642,-1,-1,-1
207,-1,493.89,185.30,31.09,89.53,0.99461,-1,-1,-1
207,-1,150.34,20.17,99.34,401.20,0.98778,-1,-1,-1
207,-1,518.92,187.24,31.31,78.77,0.98465,-1,-1,-1
207,-1,547.89,203.49,13.62,45.59,0.88801,-1,-1,-1
207,-1,568.38,205.81,15.32,37.76,0.87799,-1,-1,-1
207,-1,551.89,207.89,14.42,38.98,0.79879,-1,-1,-1
207,-1,540.93,192.56,21.65,57.43,0.60597,-1,-1,-1
207,-1,566.35,206.68,21.23,57.53,0.26932,-1,-1,-1
207,-1,188.59,133.96,61.53,279.46,0.22099,-1,-1,-1
207,-1,266.59,192.52,23.09,40.21,0.21948,-1,-1,-1
207,-1,296.73,4.18,197.50,230.86,0.15846,-1,-1,-1
207,-1,525.06,188.48,40.51,67.46,0.08609,-1,-1,-1
207,-1,544.10,219.02,11.83,30.75,0.06775,-1,-1,-1
207,-1,557.92,193.95,17.39,51.81,0.06654,-1,-1,-1
207,-1,581.69,207.88,8.92,32.32,0.06628,-1,-1,-1
207,-1,153.43,23.41,72.35,268.12,0.05846,-1,-1,-1
207,-1,573.63,206.85,14.59,34.10,0.05685,-1,-1,-1
207,-1,560.69,212.64,10.36,33.96,0.05420,-1,-1,-1
207,-1,111.54,0.00,335.78,464.47,0.05305,-1,-1,-1
207,-1,564.17,212.52,10.38,30.58,0.05125,-1,-1,-1
208,-1,278.68,0.00,234.12,475.54,0.99735,-1,-1,-1
208,-1,1.07,0.00,225.23,473.24,0.99600,-1,-1,-1
208,-1,165.02,30.97,87.64,369.93,0.99530,-1,-1,-1
208,-1,493.99,185.72,30.01,88.46,0.99430,-1,-1,-1
208,-1,519.42,187.52,28.69,79.10,0.97243,-1,-1,-1
208,-1,542.93,197.04,16.51,53.34,0.92858,-1,-1,-1
208,-1,568.96,205.91,14.01,36.11,0.89815,-1,-1,-1
208,-1,551.22,205.60,12.50,40.31,0.72665,-1,-1,-1
208,-1,534.34,191.09,21.69,62.45,0.72508,-1,-1,-1
208,-1,566.36,203.14,21.57,57.97,0.23182,-1,-1,-1
208,-1,564.43,210.69,11.78,30.34,0.23067,-1,-1,-1
208,-1,481.36,184.48,8.00,23.03,0.21892,-1,-1,-1
208,-1,282.92,6.00,222.05,236.22,0.21650,-1,-1,-1
208,-1,553.84,212.84,11.51,27.55,0.18424,-1,-1,-1
208,-1,581.19,206.61,9.80,32.72,0.17850,-1,-1,-1
208,-1,91.69,11.90,157.02,373.92,0.14025,-1,-1,-1
208,-1,548.45,200.02,13.25,37.14,0.13193,-1,-1,-1
208,-1,513.44,185.94,15.62,69.75,0.11184,-1,-1,-1
208,-1,572.63,199.98,18.09,43.09,0.09754,-1,-1,-1
208,-1,266.52,193.77,20.80,42.88,0.08535,-1,-1,-1
208,-1,563.47,206.58,9.42,28.66,0.08392,-1,-1,-1
208,-1,543.38,219.68,12.40,29.64,0.06957,-1,-1,-1
209,-1,260.47,0.00,243.58,469.77,0.99785,-1,-1,-1
209,-1,164.00,35.34,88.43,356.59,0.99784,-1,-1,-1
209,-1,493.29,185.44,30.57,88.88,0.99488,-1,-1,-1
209,-1,0.95,0.00,227.70,466.15,0.99480,-1,-1,-1
209,-1,520.67,187.81,28.79,78.86,0.97262,-1,-1,-1
209,-1,543.78,198.19,16.23,52.56,0.88344,-1,-1,-1
209,-1,550.34,204.58,15.13,43.98,0.87330,-1,-1,-1
209,-1,568.46,205.38,14.77,38.22,0.79727,-1,-1,-1
209,-1,535.40,192.62,21.11,60.85,0.71381,-1,-1,-1
209,-1,565.52,203.66,22.54,56.95,0.52652,-1,-1,-1
209,-1,291.38,7.39,200.81,262.88,0.29455,-1,-1,-1
209,-1,553.93,213.92,11.89,27.83,0.24364,-1,-1,-1
209,-1,481.35,186.50,8.30,21.81,0.15608,-1,-1,-1
209,-1,564.30,210.36,9.49,30.78,0.12752,-1,-1,-1
209,-1,581.58,207.35,9.04,32.78,0.11914,-1,-1,-1
209,-1,517.26,187.68,14.87,70.48,0.11408,-1,-1,-1
209,-1,266.54,193.93,21.43,37.10,0.10321,-1,-1,-1
209,-1,491.94,188.56,19.63,75.92,0.08875,-1,-1,-1
209,-1,570.76,199.22,19.71,45.95,0.08814,-1,-1,-1
209,-1,544.79,198.21,10.59,36.22,0.05802,-1,-1,-1
209,-1,526.29,190.57,39.60,65.15,0.05782,-1,-1,-1
210,-1,169.15,41.55,86.14,353.98,0.99891,-1,-1,-1
210,-1,265.26,2.01,246.43,461.88,0.99779,-1,-1,-1
210,-1,494.16,184.80,29.78,87.44,0.99416,-1,-1,-1
210,-1,4.71,0.00,200.60,470.01,0.99205,-1,-1,-1
210,-1,519.08,187.61,29.63,79.28,0.94027,-1,-1,-1
210,-1,548.15,202.24,16.56,47.54,0.90611,-1,-1,-1
210,-1,540.59,195.61,17.89,55.25,0.81972,-1,-1,-1
210,-1,568.67,206.18,14.42,35.90,0.81127,-1,-1,-1
210,-1,532.93,191.08,21.88,63.02,0.68932,-1,-1,-1
210,-1,552.54,213.24,13.06,32.62,0.43428,-1,-1,-1
210,-1,565.37,201.48,21.96,65.60,0.27278,-1,-1,-1
210,-1,310.44,6.16,185.51,251.93,0.24018,-1,-1,-1
210,-1,514.31,186.46,15.71,70.18,0.12134,-1,-1,-1
210,-1,543.09,222.87,11.84,27.28,0.11527,-1,-1,-1
210,-1,580.42,207.74,10.57,32.56,0.10350,-1,-1,-1
210,-1,563.78,208.14,8.64,26.13,0.09720,-1,-1,-1
210,-1,543.96,198.18,11.07,38.20,0.09337,-1,-1,-1
210,-1,545.55,200.45,16.02,30.01,0.06959,-1,-1,-1
210,-1,569.11,195.66,20.85,47.91,0.05968,-1,-1,-1
210,-1,144.73,39.34,82.23,336.07,0.05207,-1,-1,-1
211,-1,167.78,46.05,91.40,349.37,0.99867,-1,-1,-1
211,-1,3.53,0.00,196.00,465.91,0.99661,-1,-1,-1
211,-1,492.86,184.39,29.69,88.88,0.99606,-1,-1,-1
211,-1,280.79,0.00,228.61,473.44,0.99256,-1,-1,-1
211,-1,519.23,186.03,30.02,80.78,0.97903,-1,-1,-1
211,-1,550.04,208.13,14.38,39.37,0.92321,-1,-1,-1
211,-1,568.39,203.43,15.25,38.45,0.74784,-1,-1,-1
211,-1,544.17,203.63,12.30,45.60,0.65977,-1,-1,-1
211,-1,565.91,203.29,23.26,51.09,0.61918,-1,-1,-1
211,-1,533.86,192.38,20.08,57.57,0.37078,-1,-1,-1
211,-1,300.91,6.22,189.26,254.79,0.20351,-1,-1,-1
211,-1,136.00,40.01,77.78,348.46,0.13537,-1,-1,-1
211,-1,543.04,220.70,10.88,28.19,0.06821,-1,-1,-1
211,-1,174.70,21.35,146.60,387.63,0.06281,-1,-1,-1
211,-1,85.79,3.26,107.05,425.48,0.05974,-1,-1,-1
211,-1,578.92,206.38,12.17,34.40,0.05121,-1,-1,-1
212,-1,168.31,52.96,93.39,345.49,0.99952,-1,-1,-1
212,-1,492.49,186.56,29.86,87.21,0.99557,-1,-1,-1
212,-1,6.37,2.29,191.32,461.92,0.99428,-1,-1,-1
212,-1,264.12,2.94,247.12,455.61,0.98766,-1,-1,-1
212,-1,519.71,187.65,30.89,79.87,0.98096,-1,-1,-1
212,-1,546.09,201.44,15.40,50.05,0.91702,-1,-1,-1
212,-1,536.90,192.49,18.20,60.15,0.53213,-1,-1,-1
212,-1,277.50,4.02,207.94,236.81,0.35382,-1,-1,-1
212,-1,565.94,208.75,18.48,33.72,0.30355,-1,-1,-1
212,-1,550.96,213.65,11.02,35.58,0.29320,-1,-1,-1
212,-1,125.61,54.41,86.65,369.87,0.28288,-1,-1,-1
212,-1,541.70,211.77,13.46,39.08,0.16272,-1,-1,-1
212,-1,95.92,0.00,91.83,445.07,0.06335,-1,-1,-1
212,-1,529.87,191.00,17.39,60.94,0.05187,-1,-1,-1
212,-1,362.21,0.00,96.61,42.80,0.05165,-1,-1,-1
213,-1,166.62,55.41,102.87,351.04,0.99957,-1,-1,-1
213,-1,6.76,1.62,182.06,462.24,0.99463,-1,-1,-1
213,-1,488.24,183.16,31.62,92.63,0.99378,-1,-1,-1
213,-1,265.60,0.03,241.18,462.58,0.99278,-1,-1,-1
213,-1,517.80,185.59,29.05,81.26,0.98239,-1,-1,-1
213,-1,543.73,200.91,17.14,50.45,0.95440,-1,-1,-1
213,-1,565.59,207.19,16.28,35.71,0.65624,-1,-1,-1
213,-1,128.34,44.95,67.46,379.53,0.33636,-1,-1,-1
213,-1,536.62,191.53,20.01,60.93,0.24539,-1,-1,-1
213,-1,530.02,187.19,20.37,67.69,0.18170,-1,-1,-1
213,-1,564.38,203.35,21.37,65.58,0.11244,-1,-1,-1
213,-1,270.12,6.34,214.86,233.79,0.11116,-1,-1,-1
213,-1,514.27,184.81,17.10,73.92,0.10070,-1,-1,-1
213,-1,81.54,12.06,194.76,407.52,0.09287,-1,-1,-1
213,-1,498.99,181.64,39.34,88.16,0.06688,-1,-1,-1
213,-1,562.83,209.08,12.73,33.12,0.06525,-1,-1,-1
213,-1,177.40,24.74,154.83,422.58,0.05825,-1,-1,-1
214,-1,154.69,54.09,123.46,350.76,0.99976,-1,-1,-1
214,-1,2.96,0.00,180.43,464.97,0.99450,-1,-1,-1
214,-1,488.03,183.43,31.14,93.10,0.99397,-1,-1,-1
214,-1,263.71,0.00,231.54,472.15,0.99141,-1,-1,-1
214,-1,517.69,185.65,28.00,81.32,0.96051,-1,-1,-1
214,-1,540.89,201.34,18.04,49.90,0.94372,-1,-1,-1
214,-1,564.18,207.26,18.46,36.20,0.47302,-1,-1,-1
214,-1,280.00,4.32,193.10,243.10,0.42788,-1,-1,-1
214,-1,529.50,190.70,20.23,62.14,0.37546,-1,-1,-1
214,-1,548.71,206.30,10.97,40.33,0.20738,-1,-1,-1
214,-1,537.02,199.55,14.84,49.75,0.18368,-1,-1,-1
214,-1,500.86,183.85,34.84,88.16,0.16806,-1,-1,-1
214,-1,513.65,184.85,17.06,78.96,0.14770,-1,-1,-1
214,-1,169.81,28.63,169.19,422.67,0.09773,-1,-1,-1
214,-1,237.07,69.49,22.70,49.37,0.08818,-1,-1,-1
214,-1,527.51,194.27,18.55,35.94,0.08756,-1,-1,-1
214,-1,580.57,207.92,8.19,31.70,0.07900,-1,-1,-1
214,-1,516.28,189.49,11.05,41.38,0.05209,-1,-1,-1
215,-1,165.62,51.57,113.02,348.09,0.99979,-1,-1,-1
215,-1,3.58,0.00,176.54,473.75,0.99833,-1,-1,-1
215,-1,485.10,183.51,33.38,92.89,0.99561,-1,-1,-1
215,-1,269.19,4.21,234.33,451.56,0.99132,-1,-1,-1
215,-1,517.50,185.62,25.88,82.62,0.94937,-1,-1,-1
215,-1,540.62,202.51,17.13,49.85,0.93631,-1,-1,-1
215,-1,547.17,207.21,12.76,42.51,0.83593,-1,-1,-1
215,-1,563.18,207.01,18.26,36.19,0.64902,-1,-1,-1
215,-1,538.22,199.65,12.76,50.56,0.21604,-1,-1,-1
215,-1,276.35,3.56,199.67,253.64,0.15234,-1,-1,-1
215,-1,239.15,64.92,19.64,49.07,0.13448,-1,-1,-1
215,-1,562.50,208.81,10.00,32.11,0.11995,-1,-1,-1
215,-1,530.62,188.60,21.73,65.93,0.09057,-1,-1,-1
215,-1,551.72,207.68,10.77,38.86,0.08043,-1,-1,-1
215,-1,529.13,193.49,13.15,66.73,0.07041,-1,-1,-1
216,-1,169.82,56.59,112.78,344.73,0.99981,-1,-1,-1
216,-1,5.86,0.00,173.76,470.64,0.99861,-1,-1,-1
216,-1,485.01,181.80,32.15,93.93,0.99796,-1,-1,-1
216,-1,261.98,0.00,225.70,469.86,0.98542,-1,-1,-1
216,-1,515.70,184.03,24.93,83.88,0.97236,-1,-1,-1
216,-1,538.04,197.66,19.99,53.41,0.95333,-1,-1,-1
216,-1,563.40,205.37,19.45,37.72,0.81213,-1,-1,-1
216,-1,546.43,201.43,13.04,46.01,0.72268,-1,-1,-1
216,-1,536.00,201.26,12.65,48.71,0.28074,-1,-1,-1
216,-1,531.20,192.08,15.21,63.40,0.26108,-1,-1,-1
216,-1,274.76,7.18,196.67,233.25,0.23202,-1,-1,-1
216,-1,167.54,119.41,29.30,188.93,0.21112,-1,-1,-1
216,-1,169.91,186.77,22.81,122.45,0.19236,-1,-1,-1
216,-1,562.02,206.57,10.98,31.38,0.14853,-1,-1,-1
216,-1,509.05,183.38,17.84,83.34,0.09408,-1,-1,-1
216,-1,525.45,206.64,14.39,54.97,0.08624,-1,-1,-1
216,-1,578.51,207.03,8.79,32.55,0.08183,-1,-1,-1
216,-1,541.66,197.11,17.42,28.74,0.05885,-1,-1,-1
216,-1,525.75,185.82,12.90,55.22,0.05613,-1,-1,-1
216,-1,553.14,206.07,9.32,34.86,0.05215,-1,-1,-1
217,-1,171.99,60.97,110.14,341.67,0.99977,-1,-1,-1
217,-1,8.61,0.00,170.17,470.03,0.99814,-1,-1,-1
217,-1,485.02,181.54,31.72,94.27,0.99789,-1,-1,-1
217,-1,256.04,0.00,233.34,470.92,0.98364,-1,-1,-1
217,-1,516.17,182.81,24.90,85.19,0.96108,-1,-1,-1
217,-1,536.47,197.62,18.23,52.96,0.94068,-1,-1,-1
217,-1,546.51,201.75,12.27,45.65,0.83747,-1,-1,-1
217,-1,565.70,204.91,15.78,37.26,0.81302,-1,-1,-1
217,-1,561.09,205.21,12.30,36.30,0.59748,-1,-1,-1
217,-1,171.10,173.00,25.54,138.89,0.34679,-1,-1,-1
217,-1,532.57,192.02,16.41,62.41,0.31656,-1,-1,-1
217,-1,273.56,5.46,190.83,237.11,0.23781,-1,-1,-1
217,-1,169.68,108.37,35.84,201.06,0.17679,-1,-1,-1
217,-1,565.37,201.26,20.29,59.54,0.12385,-1,-1,-1
217,-1,539.53,195.21,9.01,15.86,0.11129,-1,-1,-1
217,-1,561.86,203.50,9.63,22.67,0.10597,-1,-1,-1
217,-1,507.64,183.08,20.00,82.91,0.09224,-1,-1,-1
217,-1,538.38,195.83,11.64,32.87,0.08761,-1,-1,-1
217,-1,523.78,182.34,21.23,67.04,0.08485,-1,-1,-1
217,-1,549.06,203.94,9.44,20.72,0.07842,-1,-1,-1
217,-1,554.51,196.37,14.85,44.35,0.07334,-1,-1,-1
217,-1,574.38,205.35,12.51,35.60,0.07193,-1,-1,-1
217,-1,524.46,191.46,13.46,72.40,0.06937,-1,-1,-1
217,-1,553.95,203.55,9.12,36.35,0.06404,-1,-1,-1
218,-1,172.83,66.94,112.44,329.19,0.99964,-1,-1,-1
218,-1,480.82,180.83,31.99,94.39,0.99805,-1,-1,-1
218,-1,7.17,0.00,167.68,467.25,0.99748,-1,-1,-1
218,-1,509.37,186.54,28.30,81.22,0.96500,-1,-1,-1
218,-1,535.87,198.62,19.80,52.49,0.96252,-1,-1,-1
218,-1,262.49,0.00,227.40,472.11,0.86979,-1,-1,-1
218,-1,561.40,203.36,17.86,38.80,0.80949,-1,-1,-1
218,-1,522.16,189.69,17.75,73.52,0.65800,-1,-1,-1
218,-1,547.11,202.11,11.54,46.23,0.61754,-1,-1,-1
218,-1,173.48,167.79,29.83,143.65,0.56075,-1,-1,-1
218,-1,524.63,191.20,14.14,44.21,0.34183,-1,-1,-1
218,-1,533.60,197.76,14.10,49.75,0.33216,-1,-1,-1
218,-1,558.04,207.50,13.19,35.03,0.09836,-1,-1,-1
218,-1,188.70,44.29,148.47,400.75,0.09725,-1,-1,-1
218,-1,537.95,197.48,19.52,27.92,0.07825,-1,-1,-1
218,-1,528.72,197.37,12.08,47.68,0.05990,-1,-1,-1
218,-1,547.39,200.98,10.68,23.67,0.05612,-1,-1,-1
218,-1,177.27,110.10,40.70,198.98,0.05385,-1,-1,-1
218,-1,271.66,3.38,191.10,227.64,0.05154,-1,-1,-1
219,-1,177.87,77.54,108.03,316.74,0.99959,-1,-1,-1
219,-1,3.51,0.00,177.18,479.43,0.99872,-1,-1,-1
219,-1,479.65,180.89,31.95,94.92,0.99839,-1,-1,-1
219,-1,508.57,185.89,29.21,82.23,0.98749,-1,-1,-1
219,-1,250.08,9.02,235.12,453.20,0.98079,-1,-1,-1
219,-1,535.72,199.34,20.44,52.92,0.90320,-1,-1,-1
219,-1,559.01,203.98,16.52,38.03,0.56692,-1,-1,-1
219,-1,545.45,204.67,14.06,45.62,0.46007,-1,-1,-1
219,-1,252.08,107.08,13.44,16.08,0.45974,-1,-1,-1
219,-1,521.03,188.39,19.32,71.86,0.36416,-1,-1,-1
219,-1,566.32,206.01,13.88,37.07,0.31813,-1,-1,-1
219,-1,180.09,119.78,32.83,188.37,0.31132,-1,-1,-1
219,-1,533.58,197.23,11.66,52.10,0.28306,-1,-1,-1
219,-1,285.23,7.85,190.03,263.44,0.27699,-1,-1,-1
219,-1,541.98,202.24,29.92,48.49,0.23328,-1,-1,-1
219,-1,181.41,192.43,24.74,116.17,0.20771,-1,-1,-1
219,-1,559.48,204.66,24.26,57.60,0.09740,-1,-1,-1
219,-1,526.68,191.23,12.70,53.77,0.09551,-1,-1,-1
219,-1,522.13,189.04,12.26,55.75,0.08048,-1,-1,-1
219,-1,256.83,108.99,8.33,11.75,0.07275,-1,-1,-1
219,-1,517.22,186.19,11.59,42.12,0.06929,-1,-1,-1
219,-1,194.14,49.67,137.36,390.73,0.06710,-1,-1,-1
219,-1,252.56,104.60,35.62,65.73,0.06358,-1,-1,-1
219,-1,536.12,196.48,18.59,25.18,0.05790,-1,-1,-1
219,-1,496.16,184.04,20.27,83.29,0.05287,-1,-1,-1
219,-1,552.63,206.10,13.84,39.71,0.05070,-1,-1,-1
220,-1,183.75,78.94,104.53,312.96,0.99949,-1,-1,-1
220,-1,479.34,180.74,31.56,97.31,0.99875,-1,-1,-1
220,-1,5.52,0.00,180.30,480.00,0.99732,-1,-1,-1
220,-1,257.78,1.78,230.96,468.83,0.99591,-1,-1,-1
220,-1,510.17,185.76,26.69,82.74,0.99320,-1,-1,-1
220,-1,536.10,197.46,21.31,54.05,0.87666,-1,-1,-1
220,-1,565.91,204.72,16.35,38.26,0.87144,-1,-1,-1
220,-1,544.94,203.02,15.46,46.24,0.69115,-1,-1,-1
220,-1,277.09,15.26,205.11,257.33,0.44444,-1,-1,-1
220,-1,560.98,205.22,14.36,36.64,0.41168,-1,-1,-1
220,-1,189.39,186.83,28.01,117.51,0.25841,-1,-1,-1
220,-1,228.63,72.53,23.32,18.50,0.20545,-1,-1,-1
220,-1,252.95,107.79,13.41,20.52,0.19860,-1,-1,-1
220,-1,527.90,194.31,11.52,50.85,0.18712,-1,-1,-1
220,-1,564.28,205.43,21.01,60.17,0.16184,-1,-1,-1
220,-1,533.67,196.77,13.13,50.93,0.15573,-1,-1,-1
220,-1,530.68,194.15,9.50,31.79,0.14422,-1,-1,-1
220,-1,231.52,78.70,33.40,47.36,0.11770,-1,-1,-1
220,-1,535.15,194.86,19.67,30.68,0.10497,-1,-1,-1
220,-1,191.44,248.39,24.08,57.27,0.10145,-1,-1,-1
220,-1,533.28,194.62,11.12,29.64,0.09740,-1,-1,-1
220,-1,550.30,204.09,9.87,17.46,0.09196,-1,-1,-1
220,-1,554.24,204.14,16.94,40.99,0.08190,-1,-1,-1
220,-1,181.41,140.27,30.93,157.15,0.07598,-1,-1,-1
220,-1,562.82,202.70,9.88,26.25,0.07470,-1,-1,-1
220,-1,552.25,206.85,10.07,30.65,0.06607,-1,-1,-1
220,-1,539.67,195.44,13.57,22.20,0.06376,-1,-1,-1
220,-1,544.79,199.18,15.73,22.62,0.05742,-1,-1,-1
220,-1,181.14,184.47,20.05,116.18,0.05738,-1,-1,-1
220,-1,529.92,193.03,8.81,19.47,0.05391,-1,-1,-1
220,-1,573.22,204.64,13.35,37.75,0.05146,-1,-1,-1
221,-1,190.94,87.53,101.29,301.70,0.99966,-1,-1,-1
221,-1,277.65,15.42,212.55,457.73,0.99797,-1,-1,-1
221,-1,483.51,181.84,25.42,95.87,0.99678,-1,-1,-1
221,-1,7.86,0.48,187.69,469.74,0.99589,-1,-1,-1
221,-1,505.95,184.34,30.83,85.50,0.99342,-1,-1,-1
221,-1,536.72,200.29,18.96,51.30,0.94213,-1,-1,-1
221,-1,565.59,206.14,16.64,37.41,0.93642,-1,-1,-1
221,-1,546.53,204.92,13.42,44.93,0.85859,-1,-1,-1
221,-1,560.41,206.00,15.10,36.79,0.78056,-1,-1,-1
221,-1,533.85,194.53,15.13,51.60,0.42184,-1,-1,-1
221,-1,252.92,108.22,13.35,21.26,0.40711,-1,-1,-1
221,-1,191.82,188.65,29.07,113.86,0.27193,-1,-1,-1
221,-1,529.15,193.53,11.30,44.74,0.26461,-1,-1,-1
221,-1,494.11,180.64,33.21,94.36,0.19451,-1,-1,-1
221,-1,578.97,206.92,8.19,34.43,0.13731,-1,-1,-1
221,-1,231.41,72.82,18.28,17.40,0.13445,-1,-1,-1
221,-1,556.82,196.48,14.82,44.25,0.13306,-1,-1,-1
221,-1,572.97,206.31,13.44,36.25,0.10191,-1,-1,-1
221,-1,303.51,29.60,184.65,250.90,0.08895,-1,-1,-1
221,-1,193.03,105.94,41.00,197.52,0.08596,-1,-1,-1
221,-1,522.44,187.56,20.99,76.62,0.08269,-1,-1,-1
221,-1,563.60,204.38,9.46,29.21,0.07121,-1,-1,-1
221,-1,225.60,82.05,31.65,44.81,0.06523,-1,-1,-1
221,-1,551.37,207.66,9.99,28.24,0.05977,-1,-1,-1
221,-1,530.22,193.54,9.45,18.84,0.05534,-1,-1,-1
221,-1,549.98,204.69,17.78,40.16,0.05035,-1,-1,-1
222,-1,195.87,89.39,102.04,292.81,0.99972,-1,-1,-1
222,-1,284.16,19.11,212.44,457.74,0.99864,-1,-1,-1
222,-1,486.47,182.14,24.96,95.55,0.99512,-1,-1,-1
222,-1,4.78,0.23,194.46,479.77,0.99382,-1,-1,-1
222,-1,508.26,185.24,28.56,83.73,0.98965,-1,-1,-1
222,-1,536.85,195.38,22.32,57.50,0.97959,-1,-1,-1
222,-1,568.95,206.39,15.20,36.68,0.92023,-1,-1,-1
222,-1,563.48,206.25,11.86,36.45,0.52078,-1,-1,-1
222,-1,547.34,203.21,13.35,45.37,0.51512,-1,-1,-1
222,-1,196.09,175.52,27.30,126.37,0.41050,-1,-1,-1
222,-1,551.97,206.24,9.53,30.25,0.33084,-1,-1,-1
222,-1,231.11,91.61,33.83,37.74,0.18155,-1,-1,-1
222,-1,530.82,195.98,9.60,42.50,0.15730,-1,-1,-1
222,-1,196.41,113.96,38.59,191.09,0.12648,-1,-1,-1
222,-1,499.99,183.12,19.55,85.32,0.09625,-1,-1,-1
222,-1,534.01,197.04,10.08,43.82,0.06638,-1,-1,-1
222,-1,257.27,109.28,9.52,16.93,0.06153,-1,-1,-1
222,-1,3.09,7.57,183.65,239.96,0.06015,-1,-1,-1
222,-1,525.07,191.16,16.48,57.08,0.05842,-1,-1,-1
222,-1,538.10,195.67,15.91,38.49,0.05393,-1,-1,-1
222,-1,582.12,208.73,7.49,31.90,0.05346,-1,-1,-1
223,-1,204.80,93.98,93.61,270.47,0.99954,-1,-1,-1
223,-1,290.81,26.58,206.13,453.42,0.99880,-1,-1,-1
223,-1,486.89,185.08,23.65,96.91,0.99499,-1,-1,-1
223,-1,2.28,1.61,209.65,465.72,0.99269,-1,-1,-1
223,-1,509.14,186.44,24.85,84.10,0.97839,-1,-1,-1
223,-1,536.91,195.79,22.38,57.12,0.97701,-1,-1,-1
223,-1,203.82,110.90,35.37,189.68,0.74303,-1,-1,-1
223,-1,570.41,206.61,14.08,36.64,0.68787,-1,-1,-1
223,-1,562.86,206.16,12.21,36.85,0.60643,-1,-1,-1
223,-1,527.45,195.77,12.92,46.13,0.55939,-1,-1,-1
223,-1,462.88,173.67,36.61,106.14,0.46407,-1,-1,-1
223,-1,225.93,109.62,17.29,23.26,0.45953,-1,-1,-1
223,-1,549.40,204.07,11.38,44.14,0.45277,-1,-1,-1
223,-1,203.74,141.14,21.15,163.57,0.40241,-1,-1,-1
223,-1,530.68,193.06,18.13,54.35,0.29373,-1,-1,-1
223,-1,552.08,208.14,8.81,28.04,0.21518,-1,-1,-1
223,-1,531.31,193.43,9.65,32.72,0.20677,-1,-1,-1
223,-1,493.82,187.85,31.67,87.19,0.15735,-1,-1,-1
223,-1,235.56,93.17,31.52,37.61,0.12470,-1,-1,-1
223,-1,517.66,190.48,17.46,59.68,0.10309,-1,-1,-1
223,-1,538.00,195.04,15.96,35.75,0.07420,-1,-1,-1
223,-1,211.29,108.08,30.59,68.68,0.07148,-1,-1,-1
224,-1,210.01,96.18,89.56,263.84,0.99942,-1,-1,-1
224,-1,292.76,28.42,206.75,447.96,0.99884,-1,-1,-1
224,-1,0.00,0.00,218.69,476.04,0.99688,-1,-1,-1
224,-1,487.06,183.08,25.08,98.75,0.99325,-1,-1,-1
224,-1,537.09,197.06,22.45,57.57,0.97953,-1,-1,-1
224,-1,508.42,186.79,26.79,84.24,0.96478,-1,-1,-1
224,-1,571.68,205.41,13.75,38.43,0.94824,-1,-1,-1
224,-1,562.24,205.15,15.05,39.28,0.85613,-1,-1,-1
224,-1,547.81,202.19,13.90,47.94,0.61616,-1,-1,-1
224,-1,206.82,112.77,30.68,187.50,0.55759,-1,-1,-1
224,-1,205.26,143.79,19.67,154.38,0.54831,-1,-1,-1
224,-1,533.16,194.08,17.89,57.13,0.52358,-1,-1,-1
224,-1,463.19,178.22,36.04,98.84,0.48273,-1,-1,-1
224,-1,531.14,198.92,11.18,43.98,0.28770,-1,-1,-1
224,-1,568.86,203.59,19.40,66.27,0.26256,-1,-1,-1
224,-1,226.34,108.76,16.56,27.75,0.26133,-1,-1,-1
224,-1,213.75,109.47,26.91,57.99,0.18273,-1,-1,-1
224,-1,495.75,182.46,22.59,91.14,0.16287,-1,-1,-1
224,-1,581.71,204.08,7.46,37.79,0.14952,-1,-1,-1
224,-1,558.54,206.86,29.17,38.19,0.13422,-1,-1,-1
224,-1,529.86,194.32,9.78,36.51,0.12466,-1,-1,-1
224,-1,157.97,102.07,56.00,224.05,0.10151,-1,-1,-1
224,-1,623.97,233.96,15.68,19.84,0.07260,-1,-1,-1
224,-1,531.47,193.18,11.11,21.44,0.07123,-1,-1,-1
224,-1,551.64,202.66,18.70,43.70,0.06198,-1,-1,-1
224,-1,285.93,233.18,11.31,36.49,0.06146,-1,-1,-1
224,-1,291.88,242.74,34.39,29.93,0.05849,-1,-1,-1
224,-1,204.33,149.69,10.91,22.43,0.05524,-1,-1,-1
224,-1,519.46,189.51,20.93,72.39,0.05401,-1,-1,-1
224,-1,217.94,108.36,24.11,36.17,0.05363,-1,-1,-1
224,-1,533.51,192.39,10.20,34.50,0.05091,-1,-1,-1
225,-1,215.50,105.60,87.11,246.28,0.99940,-1,-1,-1
225,-1,294.97,26.18,201.46,453.82,0.99907,-1,-1,-1
225,-1,485.21,181.48,27.57,99.19,0.99578,-1,-1,-1
225,-1,1.35,0.00,221.00,472.03,0.99512,-1,-1,-1
225,-1,538.18,198.35,25.09,57.15,0.99275,-1,-1,-1
225,-1,508.71,189.98,26.94,80.70,0.95276,-1,-1,-1
225,-1,563.23,206.32,15.48,38.43,0.94915,-1,-1,-1
225,-1,574.38,207.18,12.65,36.49,0.91372,-1,-1,-1
225,-1,296.64,173.36,19.13,42.72,0.60515,-1,-1,-1
225,-1,460.08,175.12,36.23,101.48,0.45223,-1,-1,-1
225,-1,293.75,167.57,23.54,102.49,0.41620,-1,-1,-1
225,-1,293.40,237.55,10.17,24.71,0.37558,-1,-1,-1
225,-1,208.21,148.80,10.86,25.44,0.30230,-1,-1,-1
225,-1,299.57,249.16,22.84,23.68,0.21277,-1,-1,-1
225,-1,517.49,193.16,21.96,65.02,0.17510,-1,-1,-1
225,-1,530.10,196.42,9.97,35.30,0.15410,-1,-1,-1
225,-1,531.63,193.29,11.05,25.39,0.12834,-1,-1,-1
225,-1,213.70,116.59,32.59,183.47,0.12308,-1,-1,-1
225,-1,530.10,191.79,15.68,54.18,0.11847,-1,-1,-1
225,-1,212.69,143.83,17.05,148.48,0.10741,-1,-1,-1
225,-1,133.28,28.59,86.90,321.43,0.09750,-1,-1,-1
225,-1,534.51,204.99,9.35,38.40,0.09506,-1,-1,-1
225,-1,549.76,204.90,13.17,44.21,0.09413,-1,-1,-1
225,-1,163.62,94.04,55.91,232.69,0.08751,-1,-1,-1
225,-1,292.75,238.13,29.19,36.18,0.08578,-1,-1,-1
225,-1,533.52,199.25,9.05,29.16,0.07569,-1,-1,-1
225,-1,207.91,147.38,14.58,112.19,0.06218,-1,-1,-1
225,-1,293.47,160.68,42.50,127.66,0.05760,-1,-1,-1
225,-1,559.10,209.38,14.57,34.31,0.05317,-1,-1,-1
225,-1,221.14,136.52,14.10,32.63,0.05297,-1,-1,-1
225,-1,532.87,196.49,20.54,56.91,0.05267,-1,-1,-1
226,-1,298.60,41.16,195.03,427.10,0.99957,-1,-1,-1
226,-1,219.11,108.52,85.58,245.12,0.99937,-1,-1,-1
226,-1,484.67,181.02,29.65,99.59,0.99559,-1,-1,-1
226,-1,7.88,0.00,216.50,479.75,0.99374,-1,-1,-1
226,-1,536.15,197.50,25.82,58.38,0.99366,-1,-1,-1
226,-1,563.09,206.58,16.50,37.67,0.95804,-1,-1,-1
226,-1,508.85,187.02,24.62,83.97,0.94074,-1,-1,-1
226,-1,575.73,207.66,11.67,34.89,0.91472,-1,-1,-1
226,-1,457.42,178.41,30.63,89.56,0.55389,-1,-1,-1
226,-1,211.34,148.91,11.84,25.90,0.48065,-1,-1,-1
226,-1,299.66,245.72,19.06,27.33,0.41699,-1,-1,-1
226,-1,501.36,183.57,18.63,87.32,0.27616,-1,-1,-1
226,-1,293.25,169.99,25.39,101.41,0.20206,-1,-1,-1
226,-1,515.71,191.60,21.40,61.84,0.15324,-1,-1,-1
226,-1,553.49,208.13,10.32,33.16,0.11721,-1,-1,-1
226,-1,547.77,203.75,14.39,47.75,0.10359,-1,-1,-1
226,-1,210.67,148.16,14.70,43.86,0.09639,-1,-1,-1
226,-1,297.03,173.95,15.08,38.09,0.08775,-1,-1,-1
226,-1,134.28,30.32,86.56,326.64,0.07778,-1,-1,-1
226,-1,294.95,148.60,44.52,134.11,0.07145,-1,-1,-1
226,-1,296.88,243.87,13.49,26.05,0.05906,-1,-1,-1
226,-1,583.87,215.75,8.66,25.26,0.05798,-1,-1,-1
227,-1,303.75,46.76,184.79,419.25,0.99969,-1,-1,-1
227,-1,224.35,108.98,86.24,241.90,0.99948,-1,-1,-1
227,-1,479.25,180.25,34.71,102.17,0.99686,-1,-1,-1
227,-1,7.63,0.00,215.90,479.40,0.99562,-1,-1,-1
227,-1,538.35,199.06,24.22,56.39,0.98867,-1,-1,-1
227,-1,508.49,187.45,24.22,85.11,0.96481,-1,-1,-1
227,-1,563.15,208.37,16.11,36.68,0.91522,-1,-1,-1
227,-1,576.29,208.69,12.02,34.32,0.72654,-1,-1,-1
227,-1,533.02,201.71,11.30,42.18,0.62376,-1,-1,-1
227,-1,552.83,205.41,11.30,38.73,0.25469,-1,-1,-1
227,-1,470.10,200.86,20.89,72.22,0.15386,-1,-1,-1
227,-1,470.85,184.30,30.07,96.55,0.12419,-1,-1,-1
227,-1,500.46,183.17,19.62,89.96,0.11807,-1,-1,-1
227,-1,226.10,251.11,13.70,43.44,0.11018,-1,-1,-1
227,-1,529.32,199.55,9.68,42.14,0.10258,-1,-1,-1
227,-1,516.76,192.16,17.14,56.56,0.08538,-1,-1,-1
227,-1,532.10,200.65,21.75,45.25,0.08148,-1,-1,-1
227,-1,551.23,204.93,21.01,42.34,0.07076,-1,-1,-1
227,-1,220.16,194.91,17.41,99.58,0.06990,-1,-1,-1
227,-1,621.55,323.38,18.41,59.58,0.06753,-1,-1,-1
227,-1,463.33,214.87,22.03,61.25,0.05389,-1,-1,-1
228,-1,312.06,53.36,168.01,425.50,0.99955,-1,-1,-1
228,-1,228.97,111.53,84.63,238.11,0.99945,-1,-1,-1
228,-1,10.63,0.00,221.28,480.00,0.99823,-1,-1,-1
228,-1,482.04,180.83,33.28,102.51,0.99683,-1,-1,-1
228,-1,541.86,200.36,21.64,55.20,0.98180,-1,-1,-1
228,-1,509.59,185.57,25.00,88.20,0.96315,-1,-1,-1
228,-1,564.60,206.04,14.62,38.78,0.85203,-1,-1,-1
228,-1,464.39,198.64,23.78,79.34,0.72299,-1,-1,-1
228,-1,219.92,184.62,20.12,106.68,0.55577,-1,-1,-1
228,-1,577.11,207.49,12.75,36.10,0.53356,-1,-1,-1
228,-1,533.53,193.94,12.42,49.27,0.44641,-1,-1,-1
228,-1,529.53,196.10,12.40,45.68,0.26441,-1,-1,-1
228,-1,561.60,195.64,13.30,45.88,0.20357,-1,-1,-1
228,-1,226.78,176.21,20.32,117.61,0.19231,-1,-1,-1
228,-1,457.58,198.09,19.69,80.77,0.17902,-1,-1,-1
228,-1,571.97,207.44,14.26,37.16,0.15813,-1,-1,-1
228,-1,537.71,195.73,13.71,50.01,0.13918,-1,-1,-1
228,-1,553.08,204.91,12.59,35.38,0.13027,-1,-1,-1
228,-1,519.52,189.96,20.49,57.42,0.08406,-1,-1,-1
228,-1,220.77,220.93,15.37,60.31,0.08350,-1,-1,-1
228,-1,557.48,205.45,14.62,37.57,0.05134,-1,-1,-1
229,-1,239.32,107.44,82.16,235.56,0.99971,-1,-1,-1
229,-1,313.21,63.31,156.08,411.41,0.99964,-1,-1,-1
229,-1,5.53,2.20,225.46,477.80,0.99854,-1,-1,-1
229,-1,458.18,167.99,28.24,122.40,0.99747,-1,-1,-1
229,-1,483.68,180.53,32.75,104.67,0.99742,-1,-1,-1
229,-1,544.94,200.49,21.39,56.52,0.96860,-1,-1,-1
229,-1,510.72,185.26,22.86,89.28,0.96858,-1,-1,-1
229,-1,564.01,205.33,18.57,40.48,0.93339,-1,-1,-1
229,-1,532.65,193.69,14.38,50.28,0.87379,-1,-1,-1
229,-1,220.62,176.00,28.80,114.89,0.28474,-1,-1,-1
229,-1,527.19,197.15,14.82,46.61,0.23886,-1,-1,-1
229,-1,534.96,196.04,19.40,55.12,0.22099,-1,-1,-1
229,-1,554.59,201.79,14.78,47.97,0.20334,-1,-1,-1
229,-1,236.38,241.91,16.38,51.50,0.19491,-1,-1,-1
229,-1,558.70,203.52,16.60,39.85,0.17080,-1,-1,-1
229,-1,213.80,147.46,11.33,25.63,0.14981,-1,-1,-1
229,-1,581.16,208.10,12.71,36.96,0.14208,-1,-1,-1
229,-1,538.86,199.22,11.01,46.17,0.11865,-1,-1,-1
229,-1,175.74,135.67,48.46,183.67,0.11717,-1,-1,-1
229,-1,232.15,179.23,22.39,114.27,0.07712,-1,-1,-1
229,-1,548.36,203.80,33.05,46.61,0.07370,-1,-1,-1
230,-1,314.87,68.10,148.83,406.20,0.99954,-1,-1,-1
230,-1,239.77,117.30,83.94,222.91,0.99911,-1,-1,-1
230,-1,3.85,3.38,223.36,473.57,0.99910,-1,-1,-1
230,-1,486.02,181.20,31.43,104.28,0.99598,-1,-1,-1
230,-1,452.69,169.73,37.79,121.02,0.99557,-1,-1,-1
230,-1,510.78,184.10,23.44,92.25,0.98211,-1,-1,-1
230,-1,546.73,202.03,19.06,55.30,0.96806,-1,-1,-1
230,-1,621.78,138.58,18.16,250.83,0.96561,-1,-1,-1
230,-1,566.82,204.87,18.73,41.51,0.92265,-1,-1,-1
230,-1,534.41,199.89,12.96,44.86,0.86758,-1,-1,-1
230,-1,620.53,158.54,18.89,125.61,0.52529,-1,-1,-1
230,-1,558.32,205.23,12.06,45.11,0.37089,-1,-1,-1
230,-1,212.61,147.57,14.04,44.61,0.34242,-1,-1,-1
230,-1,238.81,165.10,22.38,130.75,0.34115,-1,-1,-1
230,-1,212.33,146.90,16.73,78.94,0.32947,-1,-1,-1
230,-1,537.70,200.75,22.42,47.98,0.31951,-1,-1,-1
230,-1,529.66,200.00,13.28,44.60,0.28996,-1,-1,-1
230,-1,212.27,146.79,31.04,95.20,0.25506,-1,-1,-1
230,-1,212.59,148.50,25.33,51.03,0.24308,-1,-1,-1
230,-1,541.65,202.68,10.93,43.06,0.22686,-1,-1,-1
230,-1,583.24,208.51,13.57,37.53,0.16207,-1,-1,-1
230,-1,179.23,146.90,45.64,171.74,0.14236,-1,-1,-1
230,-1,561.72,206.88,13.94,37.03,0.13332,-1,-1,-1
230,-1,446.49,166.65,11.18,25.23,0.10435,-1,-1,-1
230,-1,467.51,174.31,42.15,112.91,0.10309,-1,-1,-1
230,-1,443.76,168.46,16.06,66.04,0.08324,-1,-1,-1
230,-1,213.66,159.41,38.28,132.80,0.06330,-1,-1,-1
230,-1,548.68,198.58,14.59,40.25,0.05361,-1,-1,-1
230,-1,235.48,142.00,35.97,170.44,0.05231,-1,-1,-1
230,-1,545.09,204.43,9.90,51.64,0.05222,-1,-1,-1
231,-1,319.59,66.41,140.53,405.52,0.99933,-1,-1,-1
231,-1,245.99,111.98,80.75,231.54,0.99927,-1,-1,-1
231,-1,452.47,166.31,40.81,127.39,0.99669,-1,-1,-1
231,-1,490.34,184.05,27.54,100.40,0.99618,-1,-1,-1
231,-1,10.66,4.89,209.79,466.95,0.99512,-1,-1,-1
231,-1,583.59,152.23,56.41,142.83,0.98686,-1,-1,-1
231,-1,511.95,184.23,24.58,89.13,0.98078,-1,-1,-1
231,-1,550.23,202.03,22.03,55.95,0.98070,-1,-1,-1
231,-1,571.40,205.73,16.89,40.76,0.87333,-1,-1,-1
231,-1,533.85,199.61,16.50,45.70,0.58107,-1,-1,-1
231,-1,211.32,147.56,15.74,46.10,0.51472,-1,-1,-1
231,-1,562.77,205.90,12.07,40.26,0.31449,-1,-1,-1
231,-1,535.28,213.80,10.70,30.83,0.29460,-1,-1,-1
231,-1,245.65,166.24,21.73,126.48,0.28058,-1,-1,-1
231,-1,575.28,201.64,21.85,45.70,0.25856,-1,-1,-1
231,-1,465.27,175.91,41.52,115.81,0.25385,-1,-1,-1
231,-1,219.00,171.17,47.55,115.95,0.19386,-1,-1,-1
231,-1,543.20,200.32,10.11,44.22,0.17317,-1,-1,-1
231,-1,579.11,207.89,11.42,38.75,0.16984,-1,-1,-1
231,-1,543.71,196.57,17.68,54.98,0.13706,-1,-1,-1
231,-1,586.08,204.83,13.16,30.34,0.13604,-1,-1,-1
231,-1,500.86,185.68,23.97,90.55,0.12479,-1,-1,-1
231,-1,171.88,115.08,49.94,205.07,0.11718,-1,-1,-1
231,-1,582.69,200.12,11.88,40.62,0.11524,-1,-1,-1
231,-1,628.04,200.24,11.89,98.35,0.10015,-1,-1,-1
231,-1,539.23,211.86,10.16,32.84,0.09039,-1,-1,-1
231,-1,448.06,218.87,17.81,72.05,0.06963,-1,-1,-1
231,-1,571.59,203.10,11.60,32.43,0.06536,-1,-1,-1
231,-1,539.88,199.45,11.08,35.23,0.05784,-1,-1,-1
231,-1,548.64,199.21,12.66,30.24,0.05747,-1,-1,-1
231,-1,440.85,157.88,16.38,60.93,0.05491,-1,-1,-1
232,-1,323.51,54.41,138.54,419.14,0.99976,-1,-1,-1
232,-1,251.39,113.94,79.44,227.57,0.99964,-1,-1,-1
232,-1,11.21,1.38,210.35,470.53,0.99873,-1,-1,-1
232,-1,455.05,166.02,44.01,128.67,0.99720,-1,-1,-1
232,-1,492.33,182.76,25.24,100.42,0.99028,-1,-1,-1
232,-1,553.10,200.77,25.92,60.25,0.98753,-1,-1,-1
232,-1,577.33,159.03,62.52,135.93,0.98511,-1,-1,-1
232,-1,516.13,185.85,22.30,90.40,0.96906,-1,-1,-1
232,-1,504.64,183.35,27.17,96.20,0.57458,-1,-1,-1
232,-1,539.23,198.79,16.29,46.50,0.25691,-1,-1,-1
232,-1,247.84,169.72,24.72,123.86,0.23754,-1,-1,-1
232,-1,536.13,209.00,13.83,35.96,0.17394,-1,-1,-1
232,-1,623.19,225.73,16.25,70.28,0.16864,-1,-1,-1
232,-1,573.36,204.29,20.48,42.93,0.13768,-1,-1,-1
232,-1,455.84,167.66,11.75,20.41,0.13253,-1,-1,-1
232,-1,444.81,153.68,11.41,25.08,0.09539,-1,-1,-1
232,-1,546.72,198.43,17.59,50.38,0.09517,-1,-1,-1
232,-1,226.53,177.41,31.31,111.00,0.08111,-1,-1,-1
232,-1,551.41,202.60,8.94,45.55,0.07726,-1,-1,-1
232,-1,548.38,200.16,9.61,44.15,0.06994,-1,-1,-1
232,-1,169.26,116.41,51.19,199.21,0.06282,-1,-1,-1
232,-1,482.49,192.78,26.47,88.55,0.06195,-1,-1,-1
233,-1,327.08,58.44,147.18,421.19,0.99936,-1,-1,-1
233,-1,248.80,119.39,89.33,221.71,0.99834,-1,-1,-1
233,-1,16.26,4.13,206.29,469.16,0.99545,-1,-1,-1
233,-1,464.43,160.01,41.34,132.83,0.99435,-1,-1,-1
233,-1,558.34,201.52,23.86,59.07,0.99138,-1,-1,-1
233,-1,498.09,181.62,23.62,103.33,0.99089,-1,-1,-1
233,-1,522.52,186.98,20.22,89.62,0.96652,-1,-1,-1
233,-1,580.61,163.67,59.39,124.56,0.86406,-1,-1,-1
233,-1,540.78,196.47,17.64,48.61,0.72405,-1,-1,-1
233,-1,619.71,224.54,19.67,73.92,0.60529,-1,-1,-1
233,-1,580.25,212.87,11.81,35.34,0.46955,-1,-1,-1
233,-1,481.37,176.69,36.85,113.85,0.33945,-1,-1,-1
233,-1,584.96,166.83,55.04,66.84,0.28173,-1,-1,-1
233,-1,576.34,198.24,16.65,49.67,0.19909,-1,-1,-1
233,-1,578.80,212.50,23.51,35.72,0.14365,-1,-1,-1
233,-1,526.05,192.28,15.73,54.01,0.12790,-1,-1,-1
233,-1,568.96,203.19,21.45,50.12,0.12270,-1,-1,-1
233,-1,446.78,166.64,27.40,130.95,0.11530,-1,-1,-1
233,-1,547.85,200.36,12.23,45.88,0.08750,-1,-1,-1
233,-1,585.68,215.67,11.24,31.94,0.08272,-1,-1,-1
233,-1,172.87,122.55,48.04,194.85,0.07980,-1,-1,-1
233,-1,597.02,211.86,14.23,34.98,0.07351,-1,-1,-1
233,-1,608.72,202.54,31.28,88.20,0.07341,-1,-1,-1
233,-1,232.44,175.57,37.96,106.32,0.07266,-1,-1,-1
233,-1,506.28,184.76,35.51,96.23,0.06339,-1,-1,-1
233,-1,0.00,146.46,13.75,85.37,0.05846,-1,-1,-1
233,-1,318.59,245.34,20.95,20.39,0.05639,-1,-1,-1
234,-1,331.05,70.88,161.63,387.37,0.99955,-1,-1,-1
234,-1,262.91,118.37,80.62,221.80,0.99892,-1,-1,-1
234,-1,6.38,0.00,218.56,473.98,0.99622,-1,-1,-1
234,-1,475.69,161.83,41.71,132.76,0.99291,-1,-1,-1
234,-1,563.54,197.55,24.86,64.36,0.99200,-1,-1,-1
234,-1,521.21,185.28,25.21,91.83,0.98834,-1,-1,-1
234,-1,499.32,178.38,25.71,105.69,0.96061,-1,-1,-1
234,-1,590.44,167.78,49.56,68.25,0.92226,-1,-1,-1
234,-1,460.68,162.92,41.97,147.97,0.90430,-1,-1,-1
234,-1,0.05,109.32,26.80,117.84,0.89813,-1,-1,-1
234,-1,612.63,203.09,26.55,85.80,0.70696,-1,-1,-1
234,-1,585.04,213.55,11.50,35.26,0.65293,-1,-1,-1
234,-1,0.00,110.86,46.05,187.85,0.62709,-1,-1,-1
234,-1,595.66,176.54,44.34,108.36,0.61769,-1,-1,-1
234,-1,609.07,183.07,30.93,181.53,0.40143,-1,-1,-1
234,-1,508.50,185.42,16.56,64.25,0.38800,-1,-1,-1
234,-1,545.25,204.22,19.87,45.28,0.35088,-1,-1,-1
234,-1,585.36,213.06,24.34,35.24,0.19316,-1,-1,-1
234,-1,239.44,173.92,34.34,102.57,0.18736,-1,-1,-1
234,-1,604.34,212.71,14.55,34.76,0.15533,-1,-1,-1
234,-1,477.47,160.12,29.60,32.79,0.13607,-1,-1,-1
234,-1,0.79,109.90,29.64,63.01,0.12402,-1,-1,-1
234,-1,602.22,189.75,36.44,56.19,0.10554,-1,-1,-1
234,-1,263.86,176.99,21.63,109.18,0.09135,-1,-1,-1
234,-1,592.69,218.62,8.82,28.50,0.08797,-1,-1,-1
234,-1,616.13,198.09,23.26,31.41,0.07265,-1,-1,-1
234,-1,0.43,139.85,39.41,258.54,0.07226,-1,-1,-1
234,-1,593.54,200.33,24.96,46.90,0.06628,-1,-1,-1
234,-1,248.85,172.88,15.55,9.94,0.06444,-1,-1,-1
234,-1,562.65,202.81,11.01,51.70,0.06056,-1,-1,-1
235,-1,341.46,72.17,159.82,395.37,0.99977,-1,-1,-1
235,-1,266.76,121.15,80.64,216.41,0.99873,-1,-1,-1
235,-1,10.40,4.74,214.62,468.37,0.99842,-1,-1,-1
235,-1,569.47,197.60,27.61,64.33,0.99148,-1,-1,-1
235,-1,483.87,161.17,39.72,128.06,0.99046,-1,-1,-1
235,-1,526.44,183.48,24.92,93.92,0.97504,-1,-1,-1
235,-1,1.60,112.71,36.36,173.64,0.94719,-1,-1,-1
235,-1,598.18,164.85,40.86,83.56,0.89654,-1,-1,-1
235,-1,502.51,177.32,27.27,106.39,0.79888,-1,-1,-1
235,-1,551.17,210.05,17.73,36.33,0.77484,-1,-1,-1
235,-1,1.41,133.10,40.17,273.62,0.62324,-1,-1,-1
235,-1,239.11,169.32,47.77,117.69,0.59771,-1,-1,-1
235,-1,512.48,178.36,17.60,83.00,0.53388,-1,-1,-1
235,-1,515.63,179.51,23.28,97.87,0.49566,-1,-1,-1
235,-1,608.82,183.96,31.10,79.97,0.42848,-1,-1,-1
235,-1,0.48,112.05,34.81,89.07,0.36646,-1,-1,-1
235,-1,591.40,222.05,13.50,26.38,0.26968,-1,-1,-1
235,-1,515.09,178.21,14.21,48.01,0.23981,-1,-1,-1
235,-1,593.82,190.80,34.35,53.39,0.21910,-1,-1,-1
235,-1,585.66,201.82,16.50,48.64,0.16364,-1,-1,-1
235,-1,599.00,25.79,41.00,259.91,0.14178,-1,-1,-1
235,-1,556.94,198.43,14.25,41.75,0.14077,-1,-1,-1
235,-1,224.30,207.26,12.58,42.46,0.12775,-1,-1,-1
235,-1,269.01,178.05,23.34,108.42,0.12224,-1,-1,-1
235,-1,4.82,81.44,57.85,262.11,0.11049,-1,-1,-1
235,-1,591.27,206.69,21.98,40.17,0.10931,-1,-1,-1
235,-1,223.25,204.86,8.86,22.85,0.10833,-1,-1,-1
235,-1,177.19,111.36,50.16,192.83,0.08904,-1,-1,-1
235,-1,467.37,162.87,44.66,150.94,0.08634,-1,-1,-1
235,-1,512.57,175.05,12.35,35.83,0.07447,-1,-1,-1
235,-1,245.07,207.91,38.97,68.55,0.07110,-1,-1,-1
235,-1,245.94,146.80,81.66,157.66,0.06771,-1,-1,-1
235,-1,239.37,174.80,35.02,78.10,0.06363,-1,-1,-1
235,-1,254.45,156.83,43.45,138.15,0.05947,-1,-1,-1
235,-1,526.04,185.57,12.76,71.55,0.05759,-1,-1,-1
235,-1,542.28,193.71,20.98,61.53,0.05315,-1,-1,-1
235,-1,580.45,202.01,16.93,53.36,0.05263,-1,-1,-1
235,-1,567.90,200.17,9.51,54.37,0.05106,-1,-1,-1
235,-1,600.76,199.11,9.16,15.55,0.05076,-1,-1,-1
236,-1,350.12,82.06,167.67,369.60,0.99968,-1,-1,-1
236,-1,13.19,0.00,225.76,476.52,0.99956,-1,-1,-1
236,-1,279.67,114.77,74.90,208.88,0.99955,-1,-1,-1
236,-1,576.34,195.10,27.41,65.80,0.98896,-1,-1,-1
236,-1,528.05,183.36,27.86,95.43,0.98846,-1,-1,-1
236,-1,0.43,117.44,39.49,106.35,0.96296,-1,-1,-1
236,-1,233.55,172.22,54.49,101.28,0.96089,-1,-1,-1
236,-1,608.90,180.13,30.60,96.98,0.95428,-1,-1,-1
236,-1,495.38,160.93,37.29,121.16,0.92859,-1,-1,-1
236,-1,608.43,183.48,31.57,211.61,0.92371,-1,-1,-1
236,-1,510.81,178.28,24.36,104.00,0.90610,-1,-1,-1
236,-1,555.53,211.49,16.87,34.29,0.78823,-1,-1,-1
236,-1,0.41,115.05,46.81,201.69,0.71886,-1,-1,-1
236,-1,481.49,160.92,41.84,141.98,0.65802,-1,-1,-1
236,-1,593.36,206.48,13.06,40.92,0.63364,-1,-1,-1
236,-1,494.16,158.88,29.59,56.51,0.53838,-1,-1,-1
236,-1,0.44,138.27,28.63,124.89,0.37637,-1,-1,-1
236,-1,494.06,158.25,21.91,39.11,0.28144,-1,-1,-1
236,-1,609.25,198.08,11.00,27.31,0.25754,-1,-1,-1
236,-1,592.03,151.74,46.69,290.40,0.23617,-1,-1,-1
236,-1,1.56,110.92,55.33,336.99,0.23552,-1,-1,-1
236,-1,3.61,115.80,39.58,52.29,0.21823,-1,-1,-1
236,-1,585.40,201.08,21.77,53.20,0.19575,-1,-1,-1
236,-1,566.59,212.87,10.02,32.12,0.17674,-1,-1,-1
236,-1,0.00,147.56,35.99,275.35,0.13480,-1,-1,-1
236,-1,606.99,196.98,9.58,23.79,0.12797,-1,-1,-1
236,-1,1.28,162.02,27.87,58.71,0.12628,-1,-1,-1
236,-1,624.23,315.37,15.28,120.75,0.11673,-1,-1,-1
236,-1,603.01,205.80,7.40,16.18,0.09921,-1,-1,-1
236,-1,559.40,206.93,19.39,40.62,0.09815,-1,-1,-1
236,-1,276.12,164.30,9.44,15.98,0.09520,-1,-1,-1
236,-1,604.63,195.22,16.65,50.37,0.07933,-1,-1,-1
236,-1,574.26,202.49,10.09,50.68,0.07667,-1,-1,-1
236,-1,519.25,174.80,15.32,36.74,0.06817,-1,-1,-1
236,-1,618.74,260.85,20.90,170.78,0.06782,-1,-1,-1
236,-1,251.73,173.06,12.57,15.68,0.06691,-1,-1,-1
236,-1,595.20,192.63,9.12,16.84,0.06524,-1,-1,-1
236,-1,611.43,193.44,12.85,30.96,0.06508,-1,-1,-1
236,-1,515.00,173.60,13.58,28.86,0.05963,-1,-1,-1
236,-1,600.94,205.16,7.12,15.71,0.05274,-1,-1,-1
236,-1,179.34,109.61,52.74,194.27,0.05090,-1,-1,-1
237,-1,370.79,91.60,159.56,365.29,0.99986,-1,-1,-1
237,-1,287.78,116.95,73.59,206.74,0.99935,-1,-1,-1
237,-1,11.29,5.39,224.65,473.76,0.99933,-1,-1,-1
237,-1,236.57,172.36,33.65,101.60,0.99417,-1,-1,-1
237,-1,537.09,181.93,26.03,100.98,0.99164,-1,-1,-1
237,-1,586.03,199.40,28.28,62.79,0.98386,-1,-1,-1
237,-1,607.72,208.82,31.69,250.88,0.97592,-1,-1,-1
237,-1,6.41,122.24,48.43,149.15,0.96708,-1,-1,-1
237,-1,509.26,162.92,33.21,129.14,0.94236,-1,-1,-1
237,-1,356.71,179.39,22.13,79.22,0.92844,-1,-1,-1
237,-1,491.83,159.38,46.02,152.22,0.88478,-1,-1,-1
237,-1,564.26,202.82,18.70,43.70,0.88189,-1,-1,-1
237,-1,246.41,168.41,39.45,101.60,0.78951,-1,-1,-1
237,-1,1.34,115.90,58.32,342.16,0.78271,-1,-1,-1
237,-1,12.29,119.35,41.04,90.47,0.71106,-1,-1,-1
237,-1,261.02,166.93,32.45,92.05,0.71037,-1,-1,-1
237,-1,509.19,158.28,27.83,79.20,0.48506,-1,-1,-1
237,-1,571.78,197.91,15.17,45.62,0.47186,-1,-1,-1
237,-1,263.69,167.39,26.33,54.12,0.41397,-1,-1,-1
237,-1,600.47,202.72,14.46,50.30,0.28424,-1,-1,-1
237,-1,7.25,87.81,95.11,375.89,0.24715,-1,-1,-1
237,-1,522.17,179.40,24.29,110.15,0.18585,-1,-1,-1
237,-1,585.22,199.05,10.58,53.89,0.17069,-1,-1,-1
237,-1,579.84,135.36,60.16,336.20,0.15345,-1,-1,-1
237,-1,2.42,148.31,31.64,123.27,0.13167,-1,-1,-1
237,-1,285.58,168.61,19.01,108.16,0.08260,-1,-1,-1
237,-1,583.07,201.57,8.56,51.07,0.08193,-1,-1,-1
237,-1,505.92,155.87,17.17,25.89,0.07659,-1,-1,-1
237,-1,355.15,162.02,39.02,99.92,0.07627,-1,-1,-1
237,-1,568.78,195.35,17.14,31.01,0.07486,-1,-1,-1
237,-1,265.69,167.00,19.93,23.79,0.06506,-1,-1,-1
237,-1,571.27,193.01,14.74,18.29,0.06393,-1,-1,-1
237,-1,288.94,173.34,14.03,52.36,0.05935,-1,-1,-1
237,-1,8.31,102.08,69.97,249.52,0.05810,-1,-1,-1
237,-1,184.89,112.44,54.26,199.33,0.05167,-1,-1,-1
237,-1,357.43,181.53,16.04,50.68,0.05150,-1,-1,-1
238,-1,382.49,92.32,162.39,361.95,0.99989,-1,-1,-1
238,-1,290.58,117.57,76.54,204.25,0.99941,-1,-1,-1
238,-1,15.91,5.74,226.31,472.35,0.99905,-1,-1,-1
238,-1,241.56,170.09,30.66,103.79,0.99704,-1,-1,-1
238,-1,588.20,199.11,30.11,64.02,0.99050,-1,-1,-1
238,-1,360.12,180.60,22.69,82.29,0.98891,-1,-1,-1
238,-1,532.24,177.70,31.40,108.69,0.98555,-1,-1,-1
238,-1,607.02,212.44,32.75,255.25,0.92187,-1,-1,-1
238,-1,22.58,119.60,42.70,127.16,0.91597,-1,-1,-1
238,-1,567.46,207.99,18.34,38.17,0.85514,-1,-1,-1
238,-1,263.20,167.39,35.94,110.05,0.84652,-1,-1,-1
238,-1,543.71,189.14,22.94,90.77,0.82540,-1,-1,-1
238,-1,0.33,161.65,29.03,80.24,0.76004,-1,-1,-1
238,-1,1.62,120.74,57.67,148.36,0.75387,-1,-1,-1
238,-1,269.99,167.21,16.01,27.42,0.52688,-1,-1,-1
238,-1,514.75,157.01,34.27,133.56,0.47849,-1,-1,-1
238,-1,1.75,158.16,25.03,51.30,0.46744,-1,-1,-1
238,-1,248.39,167.87,40.12,107.21,0.32986,-1,-1,-1
238,-1,524.29,167.79,22.55,96.11,0.29369,-1,-1,-1
238,-1,576.22,202.73,12.73,41.72,0.29325,-1,-1,-1
238,-1,2.98,131.25,60.39,299.66,0.27651,-1,-1,-1
238,-1,550.78,192.02,15.89,53.76,0.23890,-1,-1,-1
238,-1,268.32,167.92,36.72,69.16,0.23733,-1,-1,-1
238,-1,2.42,159.37,21.70,26.96,0.21477,-1,-1,-1
238,-1,278.76,168.91,27.88,113.79,0.19380,-1,-1,-1
238,-1,268.91,165.90,21.26,57.53,0.18601,-1,-1,-1
238,-1,235.93,146.56,19.69,53.44,0.13575,-1,-1,-1
238,-1,557.95,197.09,26.43,49.82,0.12975,-1,-1,-1
238,-1,499.83,149.36,44.12,170.69,0.09383,-1,-1,-1
238,-1,64.84,427.10,151.93,50.21,0.08513,-1,-1,-1
238,-1,438.62,86.13,108.34,224.46,0.07284,-1,-1,-1
238,-1,559.22,196.68,13.60,46.73,0.07232,-1,-1,-1
238,-1,587.94,202.19,12.24,52.35,0.06391,-1,-1,-1
238,-1,536.74,195.25,27.08,54.05,0.05742,-1,-1,-1
238,-1,0.00,227.13,52.86,236.43,0.05608,-1,-1,-1
238,-1,3.98,158.24,37.33,102.27,0.05500,-1,-1,-1
238,-1,581.63,202.73,8.96,45.57,0.05464,-1,-1,-1
238,-1,240.03,170.59,16.77,81.19,0.05439,-1,-1,-1
238,-1,272.92,166.15,13.16,15.55,0.05402,-1,-1,-1
238,-1,12.14,77.82,85.98,202.62,0.05054,-1,-1,-1
239,-1,397.68,89.00,157.72,365.74,0.99983,-1,-1,-1
239,-1,28.91,12.34,225.59,467.20,0.99911,-1,-1,-1
239,-1,298.28,125.07,77.54,194.06,0.99890,-1,-1,-1
239,-1,594.74,202.83,29.15,60.86,0.98736,-1,-1,-1
239,-1,246.53,168.94,27.70,104.51,0.97025,-1,-1,-1
239,-1,38.53,116.56,39.81,92.19,0.96789,-1,-1,-1
239,-1,365.94,179.79,21.89,82.08,0.94868,-1,-1,-1
239,-1,249.19,168.03,44.66,114.99,0.91671,-1,-1,-1
239,-1,573.27,209.41,14.63,36.19,0.91381,-1,-1,-1
239,-1,0.46,163.10,36.51,92.16,0.82345,-1,-1,-1
239,-1,34.75,120.37,44.28,170.88,0.77262,-1,-1,-1
239,-1,542.17,201.41,21.99,82.55,0.62242,-1,-1,-1
239,-1,267.50,164.34,14.83,23.19,0.54418,-1,-1,-1
239,-1,240.34,145.72,19.49,44.08,0.54317,-1,-1,-1
239,-1,592.07,204.64,11.27,49.47,0.45940,-1,-1,-1
239,-1,249.82,168.24,13.30,18.16,0.38682,-1,-1,-1
239,-1,352.02,145.94,34.77,114.64,0.28195,-1,-1,-1
239,-1,244.93,167.72,16.15,24.08,0.27469,-1,-1,-1
239,-1,512.66,187.67,48.60,138.29,0.26363,-1,-1,-1
239,-1,579.47,203.61,13.10,39.35,0.25303,-1,-1,-1
239,-1,248.67,168.99,25.25,28.76,0.24307,-1,-1,-1
239,-1,246.09,174.00,21.10,70.61,0.22632,-1,-1,-1
239,-1,554.20,193.38,18.49,49.74,0.22627,-1,-1,-1
239,-1,261.44,165.85,19.69,30.06,0.18850,-1,-1,-1
239,-1,612.33,209.78,12.18,31.89,0.18683,-1,-1,-1
239,-1,277.26,163.53,37.02,111.31,0.16287,-1,-1,-1
239,-1,614.65,216.34,24.78,47.77,0.16233,-1,-1,-1
239,-1,257.79,168.28,25.18,62.13,0.14699,-1,-1,-1
239,-1,607.92,212.95,20.78,49.24,0.12508,-1,-1,-1
239,-1,585.01,205.51,10.29,37.98,0.11428,-1,-1,-1
239,-1,515.74,222.94,32.54,100.72,0.11323,-1,-1,-1
239,-1,256.12,166.54,53.72,85.91,0.11296,-1,-1,-1
239,-1,330.39,123.38,52.87,137.76,0.09841,-1,-1,-1
239,-1,241.60,151.67,13.41,30.17,0.09838,-1,-1,-1
239,-1,42.89,140.80,27.39,81.67,0.09616,-1,-1,-1
239,-1,12.09,131.69,56.89,126.67,0.09547,-1,-1,-1
239,-1,241.59,166.61,13.65,15.75,0.09115,-1,-1,-1
239,-1,50.47,19.66,171.27,253.14,0.08667,-1,-1,-1
239,-1,591.43,174.15,48.57,296.08,0.08355,-1,-1,-1
239,-1,0.85,162.93,27.67,58.07,0.07436,-1,-1,-1
239,-1,196.36,108.93,55.75,210.08,0.07218,-1,-1,-1
239,-1,241.73,161.52,18.83,50.54,0.07215,-1,-1,-1
239,-1,588.45,206.10,9.07,43.93,0.06584,-1,-1,-1
239,-1,562.67,202.77,20.89,42.97,0.06437,-1,-1,-1
239,-1,253.66,154.57,68.59,142.07,0.06227,-1,-1,-1
239,-1,159.23,35.13,92.22,425.05,0.06201,-1,-1,-1
239,-1,31.56,93.28,73.44,230.79,0.05809,-1,-1,-1
239,-1,595.31,203.40,16.41,53.55,0.05745,-1,-1,-1
240,-1,406.00,83.80,161.27,363.99,0.99989,-1,-1,-1
240,-1,36.18,10.72,220.00,466.91,0.99909,-1,-1,-1
240,-1,307.36,124.29,76.43,192.15,0.99902,-1,-1,-1
240,-1,254.78,158.64,33.99,120.34,0.99450,-1,-1,-1
240,-1,596.33,193.69,29.06,67.76,0.99014,-1,-1,-1
240,-1,0.00,162.90,47.80,101.84,0.97211,-1,-1,-1
240,-1,48.79,113.13,45.54,103.08,0.97099,-1,-1,-1
240,-1,368.87,179.70,20.02,78.89,0.88024,-1,-1,-1
240,-1,573.23,205.20,17.93,37.28,0.87569,-1,-1,-1
240,-1,44.62,109.80,55.20,176.53,0.62947,-1,-1,-1
240,-1,577.08,194.21,21.49,45.05,0.62202,-1,-1,-1
240,-1,389.47,181.54,29.96,80.65,0.56781,-1,-1,-1
240,-1,245.88,147.49,19.42,90.51,0.42962,-1,-1,-1
240,-1,285.50,172.60,30.91,101.76,0.36529,-1,-1,-1
240,-1,388.22,181.01,17.41,35.43,0.30118,-1,-1,-1
240,-1,341.37,126.66,45.81,139.73,0.27472,-1,-1,-1
240,-1,611.93,201.94,22.31,56.84,0.24038,-1,-1,-1
240,-1,581.49,205.91,14.15,34.04,0.20502,-1,-1,-1
240,-1,624.74,196.95,11.99,24.47,0.19463,-1,-1,-1
240,-1,301.47,160.78,19.01,114.11,0.18124,-1,-1,-1
240,-1,244.85,143.46,15.40,44.84,0.17497,-1,-1,-1
240,-1,359.73,173.70,22.96,86.65,0.16946,-1,-1,-1
240,-1,373.66,183.00,16.32,49.94,0.15997,-1,-1,-1
240,-1,614.95,204.06,13.23,41.67,0.15120,-1,-1,-1
240,-1,249.33,151.20,22.90,114.75,0.13981,-1,-1,-1
240,-1,579.56,304.81,60.44,168.32,0.13319,-1,-1,-1
240,-1,564.46,195.65,23.36,48.28,0.13035,-1,-1,-1
240,-1,389.28,182.63,21.84,53.87,0.11610,-1,-1,-1
240,-1,594.79,199.15,11.37,53.24,0.11530,-1,-1,-1
240,-1,525.55,195.41,43.11,125.84,0.11472,-1,-1,-1
240,-1,183.76,32.51,74.93,302.32,0.08229,-1,-1,-1
240,-1,1.16,164.26,31.92,67.60,0.08205,-1,-1,-1
240,-1,250.21,161.61,10.31,26.36,0.06067,-1,-1,-1
240,-1,615.50,200.70,11.97,22.57,0.05560,-1,-1,-1
240,-1,287.91,168.69,27.82,60.23,0.05528,-1,-1,-1
240,-1,372.70,171.37,32.86,90.50,0.05320,-1,-1,-1
240,-1,40.86,93.57,77.03,299.12,0.05171,-1,-1,-1
240,-1,596.76,197.08,16.85,57.93,0.05141,-1,-1,-1
241,-1,413.61,80.33,156.14,369.30,0.99981,-1,-1,-1
241,-1,40.87,12.72,221.83,466.46,0.99921,-1,-1,-1
241,-1,303.90,124.16,78.20,191.19,0.99897,-1,-1,-1
241,-1,594.53,194.06,30.17,62.14,0.98291,-1,-1,-1
241,-1,45.55,113.80,54.74,109.75,0.97318,-1,-1,-1
241,-1,395.58,180.24,23.66,81.28,0.97055,-1,-1,-1
241,-1,364.64,178.68,22.78,80.88,0.95267,-1,-1,-1
241,-1,573.05,204.80,14.37,38.52,0.70809,-1,-1,-1
241,-1,256.34,156.31,23.91,111.31,0.69808,-1,-1,-1
241,-1,0.00,219.36,20.81,42.81,0.61875,-1,-1,-1
241,-1,576.84,196.62,17.78,45.05,0.47871,-1,-1,-1
241,-1,42.48,100.90,63.60,192.52,0.44820,-1,-1,-1
241,-1,591.93,199.39,13.52,53.77,0.43981,-1,-1,-1
241,-1,605.70,199.05,26.63,59.84,0.37861,-1,-1,-1
241,-1,386.28,178.57,25.83,77.41,0.36697,-1,-1,-1
241,-1,289.89,161.06,31.46,109.63,0.32732,-1,-1,-1
241,-1,613.05,202.80,14.50,38.53,0.32435,-1,-1,-1
241,-1,530.78,214.73,40.20,94.15,0.29829,-1,-1,-1
241,-1,569.23,227.61,70.77,247.61,0.28998,-1,-1,-1
241,-1,39.21,193.21,20.49,41.88,0.22957,-1,-1,-1
241,-1,348.87,128.75,38.28,132.73,0.21205,-1,-1,-1
241,-1,386.51,185.13,16.41,53.62,0.19284,-1,-1,-1
241,-1,371.67,181.00,16.87,58.72,0.18428,-1,-1,-1
241,-1,397.21,176.12,41.33,95.99,0.16900,-1,-1,-1
241,-1,404.13,228.77,13.57,31.46,0.12395,-1,-1,-1
241,-1,622.43,195.51,12.67,24.40,0.12128,-1,-1,-1
241,-1,54.58,124.21,40.26,69.89,0.10299,-1,-1,-1
241,-1,213.94,98.28,51.05,222.69,0.08005,-1,-1,-1
241,-1,385.45,174.01,20.68,47.76,0.06951,-1,-1,-1
241,-1,552.91,231.04,22.08,60.32,0.06323,-1,-1,-1
241,-1,394.35,195.24,15.09,63.14,0.05583,-1,-1,-1
241,-1,291.88,151.91,44.85,141.52,0.05491,-1,-1,-1
241,-1,48.96,49.17,108.01,222.31,0.05391,-1,-1,-1
242,-1,423.14,84.02,147.79,377.73,0.99984,-1,-1,-1
242,-1,304.72,120.91,78.31,188.54,0.99930,-1,-1,-1
242,-1,41.00,11.57,225.79,465.85,0.99855,-1,-1,-1
242,-1,391.90,181.12,25.21,79.17,0.98383,-1,-1,-1
242,-1,592.15,190.88,26.24,65.29,0.96709,-1,-1,-1
242,-1,36.95,115.40,66.82,156.21,0.94975,-1,-1,-1
242,-1,593.68,182.74,46.32,284.35,0.94928,-1,-1,-1
242,-1,535.30,224.96,35.51,87.87,0.92742,-1,-1,-1
242,-1,61.46,114.22,45.37,74.97,0.90532,-1,-1,-1
242,-1,546.85,226.01,32.01,72.90,0.80231,-1,-1,-1
242,-1,25.58,155.48,40.45,92.99,0.75181,-1,-1,-1
242,-1,414.26,171.41,28.75,109.24,0.74342,-1,-1,-1
242,-1,570.25,200.26,18.31,42.04,0.67820,-1,-1,-1
242,-1,534.16,146.94,33.31,169.30,0.63393,-1,-1,-1
242,-1,30.89,163.44,33.85,54.91,0.50029,-1,-1,-1
242,-1,10.24,113.35,104.79,292.11,0.42888,-1,-1,-1
242,-1,363.18,180.91,21.70,79.32,0.36607,-1,-1,-1
242,-1,597.56,180.92,41.58,142.34,0.19271,-1,-1,-1
242,-1,590.78,197.58,11.04,53.69,0.14996,-1,-1,-1
242,-1,569.83,207.98,12.38,32.44,0.13587,-1,-1,-1
242,-1,388.44,193.73,11.29,46.57,0.13128,-1,-1,-1
242,-1,42.34,151.31,23.54,51.01,0.12852,-1,-1,-1
242,-1,385.44,175.79,23.21,73.66,0.11351,-1,-1,-1
242,-1,62.03,108.57,57.84,174.34,0.11289,-1,-1,-1
242,-1,36.43,66.18,109.76,213.03,0.11154,-1,-1,-1
242,-1,409.48,179.62,19.74,86.35,0.09679,-1,-1,-1
242,-1,419.86,245.29,17.30,33.20,0.07645,-1,-1,-1
242,-1,180.22,37.53,93.17,340.50,0.07320,-1,-1,-1
242,-1,340.12,120.26,38.35,41.72,0.06090,-1,-1,-1
242,-1,427.69,248.36,11.90,30.12,0.05681,-1,-1,-1
242,-1,382.30,183.67,18.39,31.08,0.05341,-1,-1,-1
242,-1,374.07,179.04,18.93,64.77,0.05178,-1,-1,-1
242,-1,566.52,195.26,9.94,40.18,0.05082,-1,-1,-1
242,-1,335.05,121.04,49.95,145.19,0.05037,-1,-1,-1
243,-1,426.36,88.50,142.99,371.67,0.99980,-1,-1,-1
243,-1,306.45,118.01,76.46,190.50,0.99937,-1,-1,-1
243,-1,55.95,5.62,214.04,472.54,0.99861,-1,-1,-1
243,-1,390.47,180.57,26.78,79.10,0.99454,-1,-1,-1
243,-1,19.40,164.06,44.96,87.30,0.99220,-1,-1,-1
243,-1,577.36,104.71,61.71,364.88,0.99095,-1,-1,-1
243,-1,413.16,179.34,29.29,98.47,0.96833,-1,-1,-1
243,-1,57.31,116.20,56.31,176.16,0.92711,-1,-1,-1
243,-1,535.19,138.87,31.88,169.71,0.81555,-1,-1,-1
243,-1,61.91,119.33,45.59,97.68,0.75214,-1,-1,-1
243,-1,532.46,140.25,24.01,26.41,0.73338,-1,-1,-1
243,-1,414.17,178.19,23.84,49.25,0.67616,-1,-1,-1
243,-1,575.55,125.43,62.24,178.16,0.56910,-1,-1,-1
243,-1,363.92,185.90,21.98,74.17,0.55633,-1,-1,-1
243,-1,36.10,132.08,65.10,120.91,0.18387,-1,-1,-1
243,-1,33.54,96.60,100.20,333.50,0.17036,-1,-1,-1
243,-1,381.42,198.42,11.74,27.99,0.14941,-1,-1,-1
243,-1,540.71,217.49,20.53,98.40,0.11652,-1,-1,-1
243,-1,383.88,177.38,17.69,65.54,0.10765,-1,-1,-1
243,-1,421.17,177.97,15.20,35.38,0.10578,-1,-1,-1
243,-1,559.45,206.51,22.20,81.02,0.09298,-1,-1,-1
243,-1,420.36,172.03,39.42,118.07,0.08725,-1,-1,-1
243,-1,55.84,70.05,96.38,233.88,0.08148,-1,-1,-1
243,-1,198.76,31.97,77.49,333.87,0.08085,-1,-1,-1
243,-1,547.71,134.33,35.97,161.11,0.06582,-1,-1,-1
243,-1,533.87,141.07,36.55,69.64,0.06171,-1,-1,-1
243,-1,550.95,148.83,23.41,93.36,0.06122,-1,-1,-1
243,-1,58.56,158.43,28.51,73.87,0.05936,-1,-1,-1
243,-1,367.38,215.40,13.89,45.03,0.05137,-1,-1,-1
244,-1,432.81,93.51,134.22,356.31,0.99950,-1,-1,-1
244,-1,305.30,116.55,77.67,195.26,0.99919,-1,-1,-1
244,-1,61.09,6.93,209.61,470.54,0.99835,-1,-1,-1
244,-1,11.59,164.11,55.95,89.83,0.99682,-1,-1,-1
244,-1,390.78,179.55,27.98,81.97,0.99496,-1,-1,-1
244,-1,414.44,177.29,26.68,102.24,0.99267,-1,-1,-1
244,-1,542.17,17.48,96.02,445.03,0.99106,-1,-1,-1
244,-1,539.20,137.34,35.26,73.50,0.97687,-1,-1,-1
244,-1,294.77,169.63,32.70,107.40,0.73387,-1,-1,-1
244,-1,364.16,191.31,22.10,68.34,0.53510,-1,-1,-1
244,-1,419.16,176.67,21.77,40.00,0.46016,-1,-1,-1
244,-1,59.24,130.26,49.48,155.90,0.42663,-1,-1,-1
244,-1,384.24,176.86,17.82,60.08,0.20546,-1,-1,-1
244,-1,539.51,136.88,28.40,45.48,0.12840,-1,-1,-1
244,-1,424.40,177.35,13.70,31.16,0.12797,-1,-1,-1
244,-1,564.65,11.41,75.09,298.14,0.09632,-1,-1,-1
244,-1,59.88,143.36,40.09,89.30,0.08975,-1,-1,-1
244,-1,74.78,137.37,27.82,73.20,0.08732,-1,-1,-1
244,-1,383.31,197.18,12.68,39.20,0.07860,-1,-1,-1
244,-1,424.29,177.17,12.87,16.43,0.06695,-1,-1,-1
244,-1,581.88,151.05,56.37,321.38,0.06524,-1,-1,-1
244,-1,296.92,178.25,13.39,53.92,0.05478,-1,-1,-1
244,-1,388.97,178.85,15.66,38.79,0.05389,-1,-1,-1
244,-1,215.20,29.50,70.67,275.44,0.05001,-1,-1,-1
245,-1,436.04,95.20,129.08,352.02,0.99969,-1,-1,-1
245,-1,308.32,117.35,75.68,191.60,0.99845,-1,-1,-1
245,-1,70.91,8.90,204.82,464.76,0.99806,-1,-1,-1
245,-1,7.15,163.96,42.05,91.01,0.99573,-1,-1,-1
245,-1,413.12,174.40,30.80,106.55,0.99554,-1,-1,-1
245,-1,539.70,8.53,98.20,440.78,0.99157,-1,-1,-1
245,-1,390.08,177.92,26.86,83.90,0.99150,-1,-1,-1
245,-1,38.21,196.34,15.07,37.86,0.97832,-1,-1,-1
245,-1,540.42,128.97,30.27,41.64,0.95967,-1,-1,-1
245,-1,533.48,120.62,62.67,181.58,0.62839,-1,-1,-1
245,-1,365.52,195.54,20.21,64.55,0.56297,-1,-1,-1
245,-1,444.88,91.39,114.23,113.72,0.26570,-1,-1,-1
245,-1,419.18,172.85,23.35,38.98,0.21467,-1,-1,-1
245,-1,581.49,106.26,58.00,367.64,0.19866,-1,-1,-1
245,-1,295.40,159.42,31.87,108.15,0.19839,-1,-1,-1
245,-1,489.18,80.02,131.29,381.84,0.17276,-1,-1,-1
245,-1,520.88,55.15,96.24,246.82,0.14348,-1,-1,-1
245,-1,20.21,186.53,32.15,67.08,0.08767,-1,-1,-1
245,-1,202.35,38.34,83.77,300.39,0.07958,-1,-1,-1
245,-1,387.36,180.81,15.25,46.68,0.06848,-1,-1,-1
245,-1,257.98,97.69,12.62,40.60,0.06846,-1,-1,-1
245,-1,425.79,172.35,11.57,18.80,0.06733,-1,-1,-1
245,-1,293.49,177.79,21.06,85.51,0.06350,-1,-1,-1
245,-1,375.06,200.10,11.54,58.86,0.06077,-1,-1,-1
245,-1,552.41,158.51,54.06,165.31,0.05627,-1,-1,-1
245,-1,415.40,175.56,30.67,54.61,0.05429,-1,-1,-1
245,-1,291.69,191.81,12.27,56.32,0.05001,-1,-1,-1
246,-1,434.56,89.64,122.56,353.26,0.99964,-1,-1,-1
246,-1,306.87,119.07,76.14,192.17,0.99898,-1,-1,-1
246,-1,65.57,12.99,226.18,447.77,0.99812,-1,-1,-1
246,-1,411.49,173.69,37.40,106.83,0.99759,-1,-1,-1
246,-1,0.00,160.43,33.16,92.44,0.99608,-1,-1,-1
246,-1,531.07,2.66,107.00,462.64,0.99608,-1,-1,-1
246,-1,388.95,176.80,26.98,83.77,0.99336,-1,-1,-1
246,-1,34.38,194.95,18.02,38.22,0.97668,-1,-1,-1
246,-1,289.39,173.88,21.72,88.51,0.81020,-1,-1,-1
246,-1,362.39,203.79,23.57,54.13,0.37370,-1,-1,-1
246,-1,31.65,174.68,22.72,55.78,0.31804,-1,-1,-1
246,-1,294.57,156.45,35.04,118.99,0.30653,-1,-1,-1
246,-1,371.58,199.14,20.93,56.48,0.25763,-1,-1,-1
246,-1,254.01,93.12,15.18,41.40,0.16554,-1,-1,-1
246,-1,302.92,142.72,40.40,140.83,0.14088,-1,-1,-1
246,-1,416.30,171.99,9.15,16.63,0.13520,-1,-1,-1
246,-1,341.18,120.32,36.61,38.23,0.13228,-1,-1,-1
246,-1,398.05,174.88,38.15,98.52,0.11292,-1,-1,-1
246,-1,439.08,89.25,116.25,161.83,0.09773,-1,-1,-1
246,-1,421.70,169.58,44.53,109.70,0.08519,-1,-1,-1
246,-1,413.39,173.48,11.54,22.59,0.06396,-1,-1,-1
246,-1,394.94,14.54,240.01,457.78,0.05851,-1,-1,-1
246,-1,374.88,201.90,11.15,55.56,0.05749,-1,-1,-1
246,-1,419.81,172.20,24.99,37.02,0.05191,-1,-1,-1
247,-1,306.36,122.64,74.59,187.52,0.99934,-1,-1,-1
247,-1,82.37,12.59,206.27,465.15,0.99921,-1,-1,-1
247,-1,443.46,83.25,121.36,372.60,0.99917,-1,-1,-1
247,-1,409.00,172.43,34.88,107.81,0.99869,-1,-1,-1
247,-1,28.89,194.64,19.17,38.27,0.99581,-1,-1,-1
247,-1,285.32,169.80,31.93,94.66,0.99505,-1,-1,-1
247,-1,521.87,0.00,114.43,467.62,0.99282,-1,-1,-1
247,-1,388.53,173.78,24.81,88.00,0.99218,-1,-1,-1
247,-1,0.00,163.60,16.19,90.45,0.97200,-1,-1,-1
247,-1,370.40,185.42,19.06,72.50,0.76882,-1,-1,-1
247,-1,501.98,61.83,89.09,374.53,0.71789,-1,-1,-1
247,-1,303.32,170.64,25.42,90.25,0.24592,-1,-1,-1
247,-1,376.33,181.18,16.72,66.90,0.24034,-1,-1,-1
247,-1,374.89,175.82,29.77,85.66,0.18828,-1,-1,-1
247,-1,412.94,171.74,9.23,21.70,0.14331,-1,-1,-1
247,-1,416.41,169.49,41.69,97.76,0.11917,-1,-1,-1
247,-1,570.13,63.08,69.87,408.72,0.08570,-1,-1,-1
247,-1,283.37,181.30,21.18,80.23,0.07788,-1,-1,-1
247,-1,374.53,193.72,13.86,35.54,0.07375,-1,-1,-1
247,-1,244.85,158.70,51.95,136.15,0.06272,-1,-1,-1
247,-1,360.09,185.05,20.94,74.49,0.05748,-1,-1,-1
247,-1,452.11,86.14,93.85,131.75,0.05472,-1,-1,-1
247,-1,383.49,183.00,12.13,36.02,0.05383,-1,-1,-1
248,-1,305.56,123.53,75.26,184.28,0.99933,-1,-1,-1
248,-1,80.75,7.54,202.37,462.38,0.99895,-1,-1,-1
248,-1,441.11,89.36,120.09,344.13,0.99835,-1,-1,-1
248,-1,408.22,171.40,34.15,108.46,0.99782,-1,-1,-1
248,-1,519.70,0.00,116.68,473.46,0.99735,-1,-1,-1
248,-1,27.99,195.28,17.55,37.72,0.99656,-1,-1,-1
248,-1,284.92,168.83,27.57,94.45,0.99286,-1,-1,-1
248,-1,384.96,175.46,27.38,86.15,0.98571,-1,-1,-1
248,-1,469.29,14.59,135.19,437.88,0.95617,-1,-1,-1
248,-1,367.62,182.07,23.01,75.59,0.58808,-1,-1,-1
248,-1,375.70,173.34,19.13,78.03,0.41581,-1,-1,-1
248,-1,412.02,170.03,9.40,21.09,0.34912,-1,-1,-1
248,-1,0.46,202.47,9.65,49.54,0.25508,-1,-1,-1
248,-1,282.77,169.66,17.51,88.84,0.16686,-1,-1,-1
248,-1,554.51,276.16,19.40,52.44,0.14463,-1,-1,-1
248,-1,85.21,177.07,17.01,46.44,0.13096,-1,-1,-1
248,-1,307.80,165.57,24.13,112.04,0.11203,-1,-1,-1
248,-1,403.80,176.03,10.19,17.27,0.10205,-1,-1,-1
248,-1,569.39,56.32,70.61,420.56,0.09030,-1,-1,-1
248,-1,367.22,173.28,38.85,89.98,0.08649,-1,-1,-1
248,-1,393.31,174.93,16.16,21.71,0.07103,-1,-1,-1
248,-1,280.10,167.51,9.30,28.31,0.06708,-1,-1,-1
248,-1,85.40,146.89,41.87,148.29,0.06625,-1,-1,-1
248,-1,497.23,89.15,43.82,46.30,0.06341,-1,-1,-1
248,-1,293.03,169.22,30.30,91.93,0.06196,-1,-1,-1
248,-1,376.46,168.98,12.39,34.54,0.05888,-1,-1,-1
248,-1,370.35,199.79,13.91,58.40,0.05626,-1,-1,-1
248,-1,360.12,173.08,22.53,86.70,0.05476,-1,-1,-1
249,-1,310.25,120.28,74.36,183.79,0.99943,-1,-1,-1
249,-1,409.00,170.14,37.35,110.82,0.99876,-1,-1,-1
249,-1,89.99,6.16,195.15,466.16,0.99856,-1,-1,-1
249,-1,451.32,92.06,113.49,346.19,0.99746,-1,-1,-1
249,-1,515.54,0.00,121.50,472.42,0.99445,-1,-1,-1
249,-1,28.11,195.44,17.62,37.61,0.99440,-1,-1,-1
249,-1,290.93,169.19,22.71,92.85,0.99003,-1,-1,-1
249,-1,388.26,173.19,27.80,89.40,0.98816,-1,-1,-1
249,-1,84.20,174.14,24.09,83.22,0.98159,-1,-1,-1
249,-1,504.32,64.22,90.81,366.93,0.57542,-1,-1,-1
249,-1,505.97,95.80,66.72,125.61,0.43033,-1,-1,-1
249,-1,82.76,209.74,20.15,47.94,0.41491,-1,-1,-1
249,-1,566.37,278.96,28.78,57.42,0.37589,-1,-1,-1
249,-1,563.01,82.27,76.07,396.00,0.35481,-1,-1,-1
249,-1,370.60,200.21,19.62,57.93,0.33987,-1,-1,-1
249,-1,569.23,306.15,23.64,29.08,0.30533,-1,-1,-1
249,-1,411.00,169.54,11.60,21.32,0.25182,-1,-1,-1
249,-1,396.95,169.12,37.91,103.76,0.25022,-1,-1,-1
249,-1,98.67,164.85,35.94,120.15,0.23923,-1,-1,-1
249,-1,374.81,173.17,30.66,87.88,0.13113,-1,-1,-1
249,-1,87.28,176.30,17.41,51.01,0.12505,-1,-1,-1
249,-1,456.07,92.62,89.66,184.67,0.11634,-1,-1,-1
249,-1,376.10,176.37,15.31,75.12,0.11562,-1,-1,-1
249,-1,433.66,28.95,187.08,435.84,0.09855,-1,-1,-1
249,-1,64.47,200.24,69.77,223.11,0.08999,-1,-1,-1
249,-1,496.64,92.55,45.71,79.23,0.06760,-1,-1,-1
249,-1,508.58,89.54,35.89,45.87,0.06456,-1,-1,-1
249,-1,38.66,195.71,9.04,31.95,0.06416,-1,-1,-1
249,-1,254.04,132.51,41.22,155.41,0.06284,-1,-1,-1
250,-1,319.86,120.54,69.64,180.37,0.99953,-1,-1,-1
250,-1,112.49,6.14,193.48,466.32,0.99946,-1,-1,-1
250,-1,412.37,168.13,38.05,116.70,0.99752,-1,-1,-1
250,-1,465.98,98.22,111.01,349.32,0.99677,-1,-1,-1
250,-1,508.33,2.41,127.87,457.34,0.99476,-1,-1,-1
250,-1,32.58,197.39,17.66,38.89,0.99272,-1,-1,-1
250,-1,392.60,175.65,27.80,91.51,0.98841,-1,-1,-1
250,-1,77.55,178.35,28.12,84.49,0.97093,-1,-1,-1
250,-1,296.88,170.50,21.45,92.23,0.94838,-1,-1,-1
250,-1,98.05,183.15,22.77,80.67,0.94364,-1,-1,-1
250,-1,557.66,120.35,82.34,354.22,0.67124,-1,-1,-1
250,-1,461.96,172.07,42.15,143.97,0.39772,-1,-1,-1
250,-1,472.68,96.16,85.71,134.18,0.34869,-1,-1,-1
250,-1,382.90,181.45,10.09,50.70,0.33077,-1,-1,-1
250,-1,461.90,94.19,87.19,239.71,0.31335,-1,-1,-1
250,-1,102.34,182.38,17.90,52.46,0.30504,-1,-1,-1
250,-1,77.94,187.55,69.41,229.80,0.23571,-1,-1,-1
250,-1,84.52,180.31,22.75,57.48,0.22423,-1,-1,-1
250,-1,105.13,177.61,39.25,102.79,0.22389,-1,-1,-1
250,-1,105.36,176.39,15.77,16.91,0.16676,-1,-1,-1
250,-1,45.89,198.19,6.81,28.58,0.13194,-1,-1,-1
250,-1,258.05,130.57,48.84,160.91,0.12287,-1,-1,-1
250,-1,370.70,190.76,19.39,71.72,0.11665,-1,-1,-1
250,-1,97.22,208.68,17.60,54.58,0.11514,-1,-1,-1
250,-1,91.48,181.02,14.93,43.50,0.11189,-1,-1,-1
250,-1,41.01,196.92,11.07,34.05,0.10814,-1,-1,-1
250,-1,588.26,282.99,20.70,64.86,0.10737,-1,-1,-1
250,-1,388.95,182.98,12.73,47.00,0.10420,-1,-1,-1
250,-1,314.10,176.62,18.35,70.12,0.09646,-1,-1,-1
250,-1,297.88,170.51,20.04,43.52,0.08607,-1,-1,-1
250,-1,546.72,181.51,49.07,226.31,0.06209,-1,-1,-1
250,-1,496.09,99.05,81.30,169.04,0.05020,-1,-1,-1
251,-1,121.73,4.46,184.30,472.76,0.99959,-1,-1,-1
251,-1,322.11,121.18,66.99,182.11,0.99953,-1,-1,-1
251,-1,413.58,169.41,40.08,118.07,0.99572,-1,-1,-1
251,-1,35.87,196.95,15.44,38.58,0.99460,-1,-1,-1
251,-1,509.66,3.83,125.51,461.07,0.98867,-1,-1,-1
251,-1,394.91,174.07,25.78,92.10,0.98481,-1,-1,-1
251,-1,477.35,80.80,112.54,363.71,0.97956,-1,-1,-1
251,-1,71.88,179.26,38.49,85.67,0.97894,-1,-1,-1
251,-1,89.31,180.23,29.44,83.67,0.96191,-1,-1,-1
251,-1,471.60,154.31,39.27,164.21,0.93788,-1,-1,-1
251,-1,471.25,155.69,27.44,47.57,0.87037,-1,-1,-1
251,-1,301.51,171.55,16.89,91.74,0.78759,-1,-1,-1
251,-1,560.67,145.81,78.50,328.17,0.73054,-1,-1,-1
251,-1,472.31,121.05,68.49,219.27,0.63305,-1,-1,-1
251,-1,507.35,94.27,55.97,139.56,0.48280,-1,-1,-1
251,-1,311.18,179.73,18.88,75.85,0.46271,-1,-1,-1
251,-1,487.37,93.43,85.94,234.05,0.39450,-1,-1,-1
251,-1,78.91,178.89,19.13,80.99,0.36741,-1,-1,-1
251,-1,375.84,172.47,18.89,90.97,0.27041,-1,-1,-1
251,-1,383.86,178.31,9.78,62.01,0.26971,-1,-1,-1
251,-1,301.01,169.98,14.66,38.68,0.24131,-1,-1,-1
251,-1,468.92,153.49,36.90,80.58,0.22901,-1,-1,-1
251,-1,315.49,188.53,12.28,56.37,0.18362,-1,-1,-1
251,-1,547.93,183.37,42.92,223.29,0.17794,-1,-1,-1
251,-1,391.39,181.48,11.26,41.22,0.16415,-1,-1,-1
251,-1,381.66,166.16,32.40,98.86,0.11047,-1,-1,-1
251,-1,387.45,173.39,18.35,70.98,0.08814,-1,-1,-1
251,-1,384.45,177.13,10.14,35.73,0.07263,-1,-1,-1
251,-1,302.23,180.23,33.13,95.84,0.06251,-1,-1,-1
251,-1,303.41,199.12,10.52,63.65,0.05846,-1,-1,-1
251,-1,277.61,87.15,16.13,41.69,0.05775,-1,-1,-1
251,-1,377.57,205.94,11.09,55.99,0.05764,-1,-1,-1
251,-1,517.48,92.76,47.70,85.34,0.05618,-1,-1,-1
251,-1,45.65,197.86,7.53,28.99,0.05383,-1,-1,-1
251,-1,411.16,172.23,14.24,26.44,0.05356,-1,-1,-1
251,-1,508.94,88.75,85.86,184.51,0.05228,-1,-1,-1
251,-1,480.55,150.39,37.15,57.43,0.05184,-1,-1,-1
252,-1,129.65,8.02,191.85,469.47,0.99970,-1,-1,-1
252,-1,325.88,126.22,67.55,181.28,0.99933,-1,-1,-1
252,-1,519.34,8.87,117.95,456.01,0.99791,-1,-1,-1
252,-1,417.43,171.89,36.53,118.56,0.99670,-1,-1,-1
252,-1,69.70,181.67,47.82,88.14,0.99600,-1,-1,-1
252,-1,37.90,200.38,14.84,38.01,0.99341,-1,-1,-1
252,-1,466.70,147.78,41.61,172.21,0.99185,-1,-1,-1
252,-1,396.98,178.72,25.48,90.92,0.97695,-1,-1,-1
252,-1,484.97,123.86,98.64,328.59,0.96688,-1,-1,-1
252,-1,278.43,90.36,15.35,28.87,0.89105,-1,-1,-1
252,-1,488.68,141.81,60.55,186.12,0.85407,-1,-1,-1
252,-1,380.03,181.01,17.28,84.32,0.67169,-1,-1,-1
252,-1,494.21,143.23,57.17,66.21,0.66131,-1,-1,-1
252,-1,466.46,148.71,40.28,86.22,0.60789,-1,-1,-1
252,-1,497.61,148.54,21.75,31.04,0.52271,-1,-1,-1
252,-1,316.38,197.89,19.57,68.01,0.41417,-1,-1,-1
252,-1,77.57,182.80,17.44,48.66,0.36759,-1,-1,-1
252,-1,414.41,177.88,14.42,19.81,0.35860,-1,-1,-1
252,-1,565.17,115.38,74.49,359.94,0.35341,-1,-1,-1
252,-1,495.09,149.76,29.45,56.03,0.31721,-1,-1,-1
252,-1,384.47,183.81,12.52,51.67,0.29212,-1,-1,-1
252,-1,393.94,184.30,11.85,31.02,0.25194,-1,-1,-1
252,-1,252.04,80.51,66.64,228.36,0.24855,-1,-1,-1
252,-1,552.49,177.09,40.28,237.88,0.22633,-1,-1,-1
252,-1,382.68,175.45,29.92,96.61,0.16082,-1,-1,-1
252,-1,495.09,150.03,15.68,33.22,0.14431,-1,-1,-1
252,-1,45.23,201.13,7.95,28.34,0.13596,-1,-1,-1
252,-1,74.59,184.62,30.19,67.11,0.13427,-1,-1,-1
252,-1,388.36,178.08,18.27,72.21,0.09974,-1,-1,-1
252,-1,464.98,182.09,26.86,114.22,0.08834,-1,-1,-1
252,-1,380.92,212.63,12.99,52.09,0.07918,-1,-1,-1
252,-1,387.43,184.15,9.41,31.38,0.07740,-1,-1,-1
252,-1,388.64,188.15,10.16,41.12,0.06505,-1,-1,-1
252,-1,75.58,182.32,10.96,41.62,0.05799,-1,-1,-1
252,-1,89.10,189.70,26.85,73.37,0.05151,-1,-1,-1
253,-1,139.62,15.95,187.70,459.61,0.99966,-1,-1,-1
253,-1,333.33,133.02,66.93,175.12,0.99921,-1,-1,-1
253,-1,516.91,14.24,119.95,453.00,0.99915,-1,-1,-1
253,-1,71.27,182.69,44.21,89.32,0.99883,-1,-1,-1
253,-1,463.00,144.37,57.86,175.75,0.99739,-1,-1,-1
253,-1,421.34,173.11,38.23,118.87,0.99509,-1,-1,-1
253,-1,400.11,174.70,29.51,95.44,0.99360,-1,-1,-1
253,-1,43.42,202.58,13.78,37.99,0.99352,-1,-1,-1
253,-1,131.52,150.26,32.67,114.27,0.91739,-1,-1,-1
253,-1,506.72,145.90,22.48,31.18,0.75237,-1,-1,-1
253,-1,509.19,142.41,54.77,151.02,0.74830,-1,-1,-1
253,-1,111.63,157.37,57.66,261.47,0.73971,-1,-1,-1
253,-1,319.20,186.70,22.82,75.43,0.63536,-1,-1,-1
253,-1,139.34,146.57,25.57,61.71,0.59931,-1,-1,-1
253,-1,501.46,145.81,39.83,163.50,0.50774,-1,-1,-1
253,-1,506.94,145.95,30.42,53.34,0.48947,-1,-1,-1
253,-1,281.76,93.56,15.65,21.47,0.45328,-1,-1,-1
253,-1,383.60,174.76,21.03,88.59,0.42952,-1,-1,-1
253,-1,143.30,146.06,21.65,35.03,0.35505,-1,-1,-1
253,-1,504.07,146.43,46.07,88.71,0.28716,-1,-1,-1
253,-1,419.12,175.38,10.08,20.44,0.27571,-1,-1,-1
253,-1,68.56,184.92,24.49,86.05,0.26265,-1,-1,-1
253,-1,134.13,149.87,39.63,209.72,0.18604,-1,-1,-1
253,-1,484.39,141.55,47.42,140.55,0.18235,-1,-1,-1
253,-1,101.58,190.08,8.67,28.20,0.14129,-1,-1,-1
253,-1,502.28,128.52,77.15,260.25,0.10976,-1,-1,-1
253,-1,572.42,61.23,67.58,411.42,0.09707,-1,-1,-1
253,-1,133.15,177.57,19.16,113.97,0.09412,-1,-1,-1
253,-1,417.56,163.93,71.22,139.79,0.08694,-1,-1,-1
253,-1,119.57,95.44,72.30,331.89,0.06867,-1,-1,-1
254,-1,144.39,26.11,187.86,447.47,0.99948,-1,-1,-1
254,-1,525.10,8.44,112.39,458.88,0.99933,-1,-1,-1
254,-1,339.03,133.17,67.00,175.58,0.99928,-1,-1,-1
254,-1,69.09,181.91,43.80,91.46,0.99793,-1,-1,-1
254,-1,459.42,141.40,62.88,185.21,0.99774,-1,-1,-1
254,-1,422.02,171.73,41.21,121.66,0.99577,-1,-1,-1
254,-1,43.99,203.17,14.82,39.20,0.99451,-1,-1,-1
254,-1,403.77,175.48,26.44,95.29,0.98590,-1,-1,-1
254,-1,124.57,144.81,43.60,145.50,0.95953,-1,-1,-1
254,-1,120.24,145.44,50.83,285.59,0.91161,-1,-1,-1
254,-1,324.27,188.92,20.24,68.58,0.83197,-1,-1,-1
254,-1,508.56,145.79,24.08,46.77,0.82778,-1,-1,-1
254,-1,507.63,147.63,36.67,104.48,0.64114,-1,-1,-1
254,-1,516.66,144.41,41.04,151.98,0.58705,-1,-1,-1
254,-1,383.38,226.04,22.69,41.30,0.57407,-1,-1,-1
254,-1,324.01,190.07,19.28,31.65,0.52539,-1,-1,-1
254,-1,497.13,145.42,37.71,163.77,0.43160,-1,-1,-1
254,-1,505.01,147.05,26.50,77.17,0.40271,-1,-1,-1
254,-1,283.17,93.35,14.88,19.60,0.30677,-1,-1,-1
254,-1,523.64,150.28,34.58,65.47,0.24159,-1,-1,-1
254,-1,539.20,144.32,21.41,19.93,0.23940,-1,-1,-1
254,-1,523.28,86.93,75.21,343.36,0.22320,-1,-1,-1
254,-1,525.92,157.04,54.45,154.54,0.19508,-1,-1,-1
254,-1,396.37,179.92,22.55,89.46,0.17404,-1,-1,-1
254,-1,130.65,144.14,37.60,74.53,0.16694,-1,-1,-1
254,-1,382.77,164.75,27.44,105.15,0.16289,-1,-1,-1
254,-1,95.87,190.54,13.98,33.27,0.15032,-1,-1,-1
254,-1,421.06,175.11,8.81,15.68,0.13860,-1,-1,-1
254,-1,128.20,181.93,25.05,104.36,0.13164,-1,-1,-1
254,-1,68.16,184.27,19.34,83.42,0.12749,-1,-1,-1
254,-1,443.73,164.34,49.54,153.92,0.08411,-1,-1,-1
254,-1,138.79,143.89,28.71,49.11,0.07173,-1,-1,-1
254,-1,538.84,174.00,51.94,246.37,0.06598,-1,-1,-1
255,-1,341.08,137.61,61.77,176.93,0.99940,-1,-1,-1
255,-1,146.47,36.57,195.14,436.08,0.99938,-1,-1,-1
255,-1,528.18,6.72,109.51,464.86,0.99917,-1,-1,-1
255,-1,442.09,145.11,74.30,186.23,0.99879,-1,-1,-1
255,-1,106.74,145.50,57.78,158.86,0.99799,-1,-1,-1
255,-1,59.30,179.81,39.57,97.28,0.99678,-1,-1,-1
255,-1,421.60,172.90,36.00,124.99,0.99293,-1,-1,-1
255,-1,42.55,207.19,14.58,38.52,0.99070,-1,-1,-1
255,-1,503.34,164.07,38.24,141.57,0.98092,-1,-1,-1
255,-1,433.25,157.77,54.54,160.29,0.73549,-1,-1,-1
255,-1,409.33,177.63,21.53,92.82,0.72391,-1,-1,-1
255,-1,506.92,148.08,29.91,39.98,0.71981,-1,-1,-1
255,-1,396.06,174.46,30.43,93.03,0.67606,-1,-1,-1
255,-1,75.71,188.81,28.58,83.30,0.52680,-1,-1,-1
255,-1,410.23,177.96,18.27,47.35,0.50449,-1,-1,-1
255,-1,170.33,125.39,33.39,72.95,0.36480,-1,-1,-1
255,-1,396.97,173.90,22.23,57.21,0.34881,-1,-1,-1
255,-1,539.45,188.32,45.93,223.72,0.25566,-1,-1,-1
255,-1,504.09,150.00,37.72,90.34,0.25398,-1,-1,-1
255,-1,334.13,205.14,15.18,71.39,0.20040,-1,-1,-1
255,-1,116.59,134.30,75.71,302.62,0.19228,-1,-1,-1
255,-1,396.48,173.05,15.05,45.56,0.11959,-1,-1,-1
255,-1,517.28,152.28,58.45,136.46,0.09460,-1,-1,-1
255,-1,287.33,98.59,9.25,18.29,0.09234,-1,-1,-1
255,-1,521.80,110.63,67.73,306.77,0.08909,-1,-1,-1
255,-1,131.16,143.37,20.29,17.46,0.08872,-1,-1,-1
255,-1,405.02,175.74,40.34,111.09,0.07146,-1,-1,-1
255,-1,386.62,169.23,21.03,92.96,0.05860,-1,-1,-1
255,-1,396.12,171.95,16.10,21.80,0.05746,-1,-1,-1
255,-1,363.08,144.16,47.09,143.61,0.05416,-1,-1,-1
255,-1,153.80,141.66,37.58,157.44,0.05020,-1,-1,-1
256,-1,150.95,29.15,198.02,448.92,0.99936,-1,-1,-1
256,-1,525.55,19.60,111.83,450.75,0.99865,-1,-1,-1
256,-1,342.85,133.92,65.26,174.05,0.99861,-1,-1,-1
256,-1,81.60,133.98,71.48,168.85,0.99740,-1,-1,-1
256,-1,426.81,142.49,87.23,193.45,0.99700,-1,-1,-1
256,-1,39.73,177.95,44.77,101.47,0.99610,-1,-1,-1
256,-1,497.85,161.23,44.58,148.83,0.99319,-1,-1,-1
256,-1,419.00,170.81,34.23,126.05,0.96819,-1,-1,-1
256,-1,397.25,174.20,25.73,93.22,0.69001,-1,-1,-1
256,-1,36.56,202.74,13.60,62.99,0.57152,-1,-1,-1
256,-1,409.20,177.01,18.74,32.86,0.54563,-1,-1,-1
256,-1,37.14,203.94,12.56,32.23,0.51579,-1,-1,-1
256,-1,505.20,145.41,38.36,48.36,0.50571,-1,-1,-1
256,-1,89.16,208.74,23.05,81.29,0.45159,-1,-1,-1
256,-1,63.02,185.63,23.64,84.89,0.35648,-1,-1,-1
256,-1,158.33,127.73,45.95,169.10,0.31255,-1,-1,-1
256,-1,428.79,169.44,23.11,42.44,0.31151,-1,-1,-1
256,-1,407.94,176.62,24.07,93.84,0.28038,-1,-1,-1
256,-1,113.11,136.32,21.46,22.15,0.26327,-1,-1,-1
256,-1,398.68,175.52,21.51,39.43,0.18094,-1,-1,-1
256,-1,425.56,172.10,26.91,71.45,0.17530,-1,-1,-1
256,-1,507.44,145.78,28.20,30.41,0.16398,-1,-1,-1
256,-1,81.36,148.30,41.74,141.22,0.16064,-1,-1,-1
256,-1,372.34,153.50,45.40,128.14,0.14077,-1,-1,-1
256,-1,387.14,187.15,30.54,85.01,0.12308,-1,-1,-1
256,-1,390.05,225.12,21.31,44.72,0.11071,-1,-1,-1
256,-1,36.54,200.37,23.31,74.42,0.09551,-1,-1,-1
256,-1,505.88,165.46,36.38,88.12,0.07900,-1,-1,-1
256,-1,514.37,154.14,31.22,54.81,0.07799,-1,-1,-1
256,-1,172.93,130.10,27.40,69.26,0.07503,-1,-1,-1
256,-1,113.82,134.56,32.50,54.83,0.07259,-1,-1,-1
257,-1,157.08,31.37,193.74,445.05,0.99946,-1,-1,-1
257,-1,346.57,133.83,57.52,174.80,0.99918,-1,-1,-1
257,-1,63.12,138.21,78.70,168.27,0.99886,-1,-1,-1
257,-1,523.63,10.77,115.25,465.13,0.99881,-1,-1,-1
257,-1,430.67,141.44,79.04,196.66,0.99723,-1,-1,-1
257,-1,18.39,180.09,58.24,103.47,0.99434,-1,-1,-1
257,-1,491.01,160.85,53.93,152.78,0.99093,-1,-1,-1
257,-1,417.23,167.94,32.22,130.52,0.95625,-1,-1,-1
257,-1,501.81,143.92,42.42,49.73,0.82825,-1,-1,-1
257,-1,45.77,184.33,33.71,86.44,0.74056,-1,-1,-1
257,-1,394.55,176.40,29.03,96.38,0.55146,-1,-1,-1
257,-1,397.18,173.62,23.47,42.93,0.44413,-1,-1,-1
257,-1,491.51,143.36,48.85,77.25,0.33729,-1,-1,-1
257,-1,403.74,172.55,18.50,32.93,0.26635,-1,-1,-1
257,-1,507.68,160.20,40.11,45.94,0.20112,-1,-1,-1
257,-1,458.83,145.61,60.58,167.57,0.18968,-1,-1,-1
257,-1,506.05,144.04,28.70,35.94,0.17231,-1,-1,-1
257,-1,412.23,174.44,25.17,111.98,0.13676,-1,-1,-1
257,-1,603.14,347.78,35.14,104.47,0.12068,-1,-1,-1
257,-1,407.65,175.67,15.17,20.37,0.11650,-1,-1,-1
257,-1,426.79,168.64,21.92,41.08,0.11106,-1,-1,-1
257,-1,410.77,176.88,12.14,38.85,0.07511,-1,-1,-1
257,-1,60.93,191.58,21.98,73.04,0.07386,-1,-1,-1
257,-1,58.43,194.78,43.16,94.61,0.07371,-1,-1,-1
257,-1,312.21,119.65,44.59,183.61,0.07292,-1,-1,-1
257,-1,512.68,169.04,28.61,141.20,0.05957,-1,-1,-1
257,-1,367.55,158.98,49.09,131.95,0.05798,-1,-1,-1
257,-1,408.12,174.83,22.17,34.48,0.05413,-1,-1,-1
257,-1,406.15,155.38,76.33,153.01,0.05385,-1,-1,-1
258,-1,155.70,21.50,199.14,453.79,0.99957,-1,-1,-1
258,-1,415.44,130.35,74.00,212.10,0.99931,-1,-1,-1
258,-1,345.47,133.66,56.04,174.02,0.99923,-1,-1,-1
258,-1,41.09,133.87,88.09,177.98,0.99881,-1,-1,-1
258,-1,500.33,3.78,139.09,465.97,0.99856,-1,-1,-1
258,-1,486.69,154.12,60.78,160.02,0.99590,-1,-1,-1
258,-1,1.91,188.34,50.97,92.05,0.98958,-1,-1,-1
258,-1,34.62,178.86,32.05,89.93,0.95409,-1,-1,-1
258,-1,496.13,142.45,50.13,54.23,0.78732,-1,-1,-1
258,-1,413.14,180.55,29.84,117.29,0.50955,-1,-1,-1
258,-1,606.57,331.72,32.68,131.62,0.46141,-1,-1,-1
258,-1,13.69,156.94,76.75,143.04,0.27903,-1,-1,-1
258,-1,410.18,138.38,45.73,171.26,0.26638,-1,-1,-1
258,-1,314.42,124.48,39.96,167.50,0.14990,-1,-1,-1
258,-1,485.36,140.76,51.40,112.61,0.14082,-1,-1,-1
258,-1,334.83,140.85,29.19,31.35,0.11682,-1,-1,-1
258,-1,506.62,153.58,41.22,65.66,0.10472,-1,-1,-1
258,-1,55.82,145.55,26.03,83.57,0.09729,-1,-1,-1
258,-1,396.52,166.56,24.05,47.99,0.09682,-1,-1,-1
258,-1,395.28,160.22,34.13,122.32,0.09485,-1,-1,-1
258,-1,349.69,136.94,52.82,84.37,0.07695,-1,-1,-1
258,-1,470.96,184.57,18.25,65.52,0.07357,-1,-1,-1
258,-1,470.43,201.07,12.36,46.90,0.05913,-1,-1,-1
258,-1,12.36,195.34,33.30,68.85,0.05485,-1,-1,-1
259,-1,153.64,16.40,197.32,459.79,0.99945,-1,-1,-1
259,-1,492.96,0.00,143.42,476.85,0.99893,-1,-1,-1
259,-1,406.44,130.10,64.76,212.54,0.99891,-1,-1,-1
259,-1,342.56,137.14,56.06,173.03,0.99876,-1,-1,-1
259,-1,17.43,132.99,105.11,182.03,0.99830,-1,-1,-1
259,-1,479.84,149.18,62.90,164.04,0.99693,-1,-1,-1
259,-1,22.43,177.65,29.38,85.36,0.93303,-1,-1,-1
259,-1,1.95,180.36,32.76,93.89,0.86676,-1,-1,-1
259,-1,490.79,140.81,49.78,68.87,0.69374,-1,-1,-1
259,-1,605.76,325.38,33.23,141.88,0.63893,-1,-1,-1
259,-1,315.70,124.84,35.32,158.47,0.34191,-1,-1,-1
259,-1,2.24,192.45,25.13,59.10,0.30148,-1,-1,-1
259,-1,17.72,151.51,50.21,132.41,0.26343,-1,-1,-1
259,-1,393.35,167.57,42.89,132.23,0.22961,-1,-1,-1
259,-1,498.07,226.15,139.41,246.04,0.20138,-1,-1,-1
259,-1,461.81,197.00,16.29,52.72,0.19006,-1,-1,-1
259,-1,96.30,188.14,13.98,39.90,0.15630,-1,-1,-1
259,-1,396.50,169.70,25.92,33.52,0.13230,-1,-1,-1
259,-1,367.33,138.07,77.81,177.92,0.12288,-1,-1,-1
259,-1,471.98,194.24,18.37,59.35,0.09604,-1,-1,-1
259,-1,8.64,178.15,36.10,62.30,0.07589,-1,-1,-1
259,-1,0.86,177.14,14.77,44.44,0.05897,-1,-1,-1
259,-1,1.09,163.69,24.71,61.07,0.05881,-1,-1,-1
259,-1,143.57,243.41,57.60,183.77,0.05856,-1,-1,-1
259,-1,409.65,188.97,25.80,112.81,0.05608,-1,-1,-1
260,-1,140.59,19.12,197.03,456.58,0.99961,-1,-1,-1
260,-1,392.11,127.05,73.82,227.48,0.99960,-1,-1,-1
260,-1,501.32,0.00,136.12,467.51,0.99906,-1,-1,-1
260,-1,336.53,138.42,53.40,174.56,0.99894,-1,-1,-1
260,-1,1.76,129.34,104.84,191.00,0.99846,-1,-1,-1
260,-1,472.04,159.96,56.85,159.54,0.98694,-1,-1,-1
260,-1,479.65,145.06,49.04,59.94,0.82644,-1,-1,-1
260,-1,298.79,116.61,43.40,168.03,0.28349,-1,-1,-1
260,-1,600.43,297.89,38.59,167.63,0.25201,-1,-1,-1
260,-1,317.77,144.13,31.46,125.05,0.19606,-1,-1,-1
260,-1,1.21,158.56,34.11,152.25,0.16132,-1,-1,-1
260,-1,494.74,153.42,33.53,84.99,0.15486,-1,-1,-1
260,-1,1.01,193.84,20.12,84.71,0.11869,-1,-1,-1
260,-1,323.93,154.21,22.30,76.02,0.10856,-1,-1,-1
260,-1,376.30,187.29,34.19,89.85,0.09744,-1,-1,-1
260,-1,475.91,147.88,36.81,75.57,0.07604,-1,-1,-1
260,-1,0.26,155.15,17.63,44.28,0.06463,-1,-1,-1
260,-1,3.35,130.17,50.90,166.64,0.06354,-1,-1,-1
260,-1,379.68,144.38,38.85,167.17,0.06186,-1,-1,-1
261,-1,142.43,28.46,186.54,445.31,0.99948,-1,-1,-1
261,-1,0.80,125.21,78.24,193.65,0.99946,-1,-1,-1
261,-1,358.59,130.72,102.83,229.93,0.99910,-1,-1,-1
261,-1,478.89,0.00,158.43,473.83,0.99861,-1,-1,-1
261,-1,326.26,144.05,58.05,170.73,0.99836,-1,-1,-1
261,-1,466.56,154.91,51.92,166.39,0.97540,-1,-1,-1
261,-1,477.54,146.46,33.65,52.54,0.42901,-1,-1,-1
261,-1,476.39,149.72,75.55,172.98,0.33225,-1,-1,-1
261,-1,0.28,130.30,28.39,186.44,0.32214,-1,-1,-1
261,-1,467.88,165.96,42.14,98.18,0.28691,-1,-1,-1
261,-1,346.80,155.89,44.74,135.99,0.23862,-1,-1,-1
261,-1,361.47,190.32,33.63,87.90,0.14622,-1,-1,-1
261,-1,423.48,212.19,21.65,70.84,0.12164,-1,-1,-1
261,-1,613.80,434.16,24.19,42.99,0.08722,-1,-1,-1
261,-1,565.54,23.67,72.43,416.82,0.06969,-1,-1,-1
261,-1,119.92,277.53,79.25,181.42,0.06350,-1,-1,-1
261,-1,489.83,158.13,21.40,41.27,0.05886,-1,-1,-1
262,-1,127.78,20.88,185.32,452.24,0.99875,-1,-1,-1
262,-1,333.45,132.59,116.60,231.68,0.99842,-1,-1,-1
262,-1,465.29,10.10,174.47,460.76,0.99781,-1,-1,-1
262,-1,318.04,146.32,52.70,166.16,0.99055,-1,-1,-1
262,-1,0.77,153.92,39.39,169.43,0.99025,-1,-1,-1
262,-1,457.68,148.53,56.18,178.18,0.93173,-1,-1,-1
262,-1,308.04,171.89,26.90,107.27,0.47452,-1,-1,-1
262,-1,401.33,197.95,26.53,107.66,0.39433,-1,-1,-1
262,-1,1.02,157.14,29.18,99.25,0.35072,-1,-1,-1
262,-1,451.90,155.93,38.80,158.40,0.25219,-1,-1,-1
262,-1,463.49,154.31,31.46,99.18,0.24526,-1,-1,-1
262,-1,307.03,196.51,10.57,51.17,0.21434,-1,-1,-1
262,-1,470.61,255.22,34.91,73.34,0.21246,-1,-1,-1
262,-1,374.85,137.41,68.27,177.02,0.19853,-1,-1,-1
262,-1,345.49,196.37,29.20,94.32,0.17560,-1,-1,-1
262,-1,409.67,168.40,14.84,22.79,0.16311,-1,-1,-1
262,-1,417.41,166.33,46.34,91.39,0.14813,-1,-1,-1
262,-1,307.06,194.75,16.72,67.93,0.13303,-1,-1,-1
262,-1,457.10,85.72,83.84,240.93,0.13251,-1,-1,-1
262,-1,438.99,157.84,50.71,93.31,0.11699,-1,-1,-1
262,-1,460.15,153.53,75.30,113.41,0.10704,-1,-1,-1
262,-1,437.60,149.20,29.14,99.31,0.09330,-1,-1,-1
262,-1,411.08,163.76,29.48,105.94,0.08696,-1,-1,-1
262,-1,409.01,167.12,25.93,33.91,0.07185,-1,-1,-1
262,-1,393.72,176.99,43.69,131.85,0.07116,-1,-1,-1
262,-1,427.33,187.08,36.02,51.24,0.05721,-1,-1,-1
262,-1,569.54,0.72,68.72,11.16,0.05684,-1,-1,-1
262,-1,273.63,150.51,44.15,148.24,0.05604,-1,-1,-1
262,-1,101.80,226.85,71.17,220.59,0.05404,-1,-1,-1
262,-1,313.61,175.05,19.48,71.07,0.05103,-1,-1,-1
262,-1,310.48,215.55,18.95,55.13,0.05005,-1,-1,-1
263,-1,318.59,128.30,110.59,246.72,0.99935,-1,-1,-1
263,-1,449.61,0.00,190.32,476.87,0.99886,-1,-1,-1
263,-1,105.61,9.90,206.23,459.51,0.99809,-1,-1,-1
263,-1,386.83,163.45,46.95,147.53,0.95240,-1,-1,-1
263,-1,296.29,198.06,16.49,65.30,0.86199,-1,-1,-1
263,-1,314.73,149.48,44.83,161.92,0.72225,-1,-1,-1
263,-1,299.59,203.45,22.65,77.23,0.72062,-1,-1,-1
263,-1,399.58,167.03,28.78,47.93,0.57461,-1,-1,-1
263,-1,397.61,167.15,46.38,109.55,0.52135,-1,-1,-1
263,-1,473.30,210.73,26.94,123.37,0.40302,-1,-1,-1
263,-1,439.19,141.81,75.15,185.16,0.40118,-1,-1,-1
263,-1,469.75,181.63,45.55,149.82,0.22614,-1,-1,-1
263,-1,359.01,138.61,64.42,189.04,0.19588,-1,-1,-1
263,-1,418.04,185.88,26.86,80.59,0.18044,-1,-1,-1
263,-1,447.00,21.23,121.63,305.69,0.17791,-1,-1,-1
263,-1,297.71,197.64,13.46,33.33,0.10221,-1,-1,-1
263,-1,299.99,174.08,32.89,104.79,0.09130,-1,-1,-1
263,-1,426.90,188.78,26.47,58.12,0.08242,-1,-1,-1
263,-1,261.44,174.02,46.64,130.57,0.08180,-1,-1,-1
263,-1,307.19,176.18,19.27,76.13,0.07137,-1,-1,-1
263,-1,423.36,197.39,22.58,32.23,0.06884,-1,-1,-1
263,-1,312.97,176.58,11.96,43.48,0.06408,-1,-1,-1
264,-1,107.26,15.29,191.95,458.58,0.99914,-1,-1,-1
264,-1,448.58,0.11,190.74,477.39,0.99875,-1,-1,-1
264,-1,315.17,122.05,104.88,259.09,0.99793,-1,-1,-1
264,-1,379.70,161.69,53.05,152.82,0.98333,-1,-1,-1
264,-1,292.04,196.75,16.57,80.32,0.90811,-1,-1,-1
264,-1,301.90,170.96,36.99,116.51,0.86648,-1,-1,-1
264,-1,470.97,193.26,25.73,140.37,0.56846,-1,-1,-1
264,-1,294.52,179.60,28.23,101.03,0.56470,-1,-1,-1
264,-1,393.74,165.00,33.85,112.37,0.54847,-1,-1,-1
264,-1,393.97,163.68,29.09,50.89,0.30494,-1,-1,-1
264,-1,448.91,158.41,50.99,170.77,0.28161,-1,-1,-1
264,-1,344.16,130.02,73.68,183.84,0.15589,-1,-1,-1
264,-1,314.67,198.65,25.79,92.07,0.13474,-1,-1,-1
264,-1,441.53,59.82,71.46,267.32,0.06797,-1,-1,-1
264,-1,303.51,115.94,76.85,236.09,0.06246,-1,-1,-1
265,-1,90.55,6.75,203.29,471.17,0.99910,-1,-1,-1
265,-1,431.11,7.88,208.89,470.59,0.99864,-1,-1,-1
265,-1,286.43,108.07,81.35,272.89,0.99800,-1,-1,-1
265,-1,373.82,157.85,52.56,158.52,0.99781,-1,-1,-1
265,-1,352.80,171.49,29.21,129.32,0.88385,-1,-1,-1
265,-1,280.98,144.75,35.95,142.45,0.46780,-1,-1,-1
265,-1,450.17,151.49,45.57,178.38,0.37178,-1,-1,-1
265,-1,346.79,220.88,20.93,87.67,0.19602,-1,-1,-1
265,-1,362.65,169.71,28.54,133.24,0.18031,-1,-1,-1
265,-1,458.35,197.94,29.34,118.51,0.12573,-1,-1,-1
265,-1,340.21,149.90,33.27,156.37,0.12224,-1,-1,-1
265,-1,434.66,78.54,64.46,246.61,0.10667,-1,-1,-1
265,-1,469.58,273.22,20.82,57.27,0.09672,-1,-1,-1
265,-1,286.64,164.66,29.20,55.55,0.09486,-1,-1,-1
265,-1,281.31,159.37,29.69,86.14,0.08987,-1,-1,-1
265,-1,352.72,169.23,20.44,93.40,0.08138,-1,-1,-1
265,-1,433.10,18.02,127.78,311.80,0.07274,-1,-1,-1
265,-1,284.88,109.35,51.78,194.00,0.06935,-1,-1,-1
265,-1,324.64,109.03,46.87,144.20,0.05195,-1,-1,-1
265,-1,260.62,139.04,43.60,168.52,0.05004,-1,-1,-1
266,-1,426.40,0.00,206.38,476.63,0.99910,-1,-1,-1
266,-1,369.28,152.80,54.42,164.88,0.99895,-1,-1,-1
266,-1,72.10,19.01,223.40,460.47,0.99884,-1,-1,-1
266,-1,335.44,148.18,38.07,154.35,0.99199,-1,-1,-1
266,-1,280.44,100.23,69.01,284.57,0.99093,-1,-1,-1
266,-1,427.32,117.16,70.01,213.43,0.41735,-1,-1,-1
266,-1,276.00,108.61,50.54,195.91,0.29394,-1,-1,-1
266,-1,588.02,259.57,48.91,190.07,0.25399,-1,-1,-1
266,-1,302.32,122.68,63.11,219.15,0.25076,-1,-1,-1
266,-1,253.87,135.23,73.77,237.24,0.20167,-1,-1,-1
266,-1,449.60,153.53,41.90,173.87,0.17734,-1,-1,-1
266,-1,338.31,146.38,17.46,22.32,0.14263,-1,-1,-1
266,-1,570.21,9.14,67.63,451.76,0.08914,-1,-1,-1
266,-1,231.60,83.13,79.86,264.73,0.07431,-1,-1,-1
266,-1,46.74,168.60,65.79,293.84,0.06847,-1,-1,-1
267,-1,60.13,8.33,223.26,469.56,0.99946,-1,-1,-1
267,-1,359.17,144.49,58.85,171.86,0.99894,-1,-1,-1
267,-1,423.67,0.03,213.42,462.18,0.99682,-1,-1,-1
267,-1,315.59,139.10,52.53,162.12,0.99591,-1,-1,-1
267,-1,251.49,84.64,89.45,296.34,0.99178,-1,-1,-1
267,-1,424.03,150.03,57.29,162.19,0.63103,-1,-1,-1
267,-1,244.77,79.64,42.58,267.29,0.57843,-1,-1,-1
267,-1,586.77,274.99,50.72,168.16,0.36459,-1,-1,-1
267,-1,583.87,16.43,54.90,431.08,0.29807,-1,-1,-1
267,-1,450.89,130.76,36.04,195.95,0.22319,-1,-1,-1
267,-1,303.66,176.51,16.93,57.30,0.22149,-1,-1,-1
267,-1,465.31,186.37,169.59,280.81,0.14345,-1,-1,-1
267,-1,447.84,256.83,33.25,65.96,0.12204,-1,-1,-1
267,-1,84.63,15.71,191.28,263.19,0.08918,-1,-1,-1
267,-1,223.99,74.77,75.97,312.51,0.08832,-1,-1,-1
267,-1,284.90,143.16,66.96,181.07,0.07072,-1,-1,-1
267,-1,394.93,154.75,32.71,113.97,0.07025,-1,-1,-1
267,-1,303.88,176.00,14.52,30.80,0.06812,-1,-1,-1
267,-1,255.13,90.43,63.14,198.24,0.06118,-1,-1,-1
268,-1,426.47,11.92,212.84,460.64,0.99917,-1,-1,-1
268,-1,49.48,6.29,244.24,473.12,0.99911,-1,-1,-1
268,-1,355.95,137.14,63.26,171.83,0.99821,-1,-1,-1
268,-1,304.68,133.90,62.96,164.55,0.99742,-1,-1,-1
268,-1,241.35,81.66,93.02,298.02,0.92939,-1,-1,-1
268,-1,240.62,77.93,53.22,132.46,0.91583,-1,-1,-1
268,-1,285.73,158.60,29.50,98.98,0.86025,-1,-1,-1
268,-1,298.01,166.28,19.84,92.89,0.45215,-1,-1,-1
268,-1,142.83,18.12,184.71,393.73,0.41772,-1,-1,-1
268,-1,258.13,82.35,43.07,158.88,0.31394,-1,-1,-1
268,-1,259.99,86.11,31.33,108.49,0.29818,-1,-1,-1
268,-1,275.32,149.01,53.04,168.95,0.28875,-1,-1,-1
268,-1,577.99,6.54,61.02,428.23,0.24053,-1,-1,-1
268,-1,453.50,258.75,25.32,62.90,0.21173,-1,-1,-1
268,-1,431.54,143.29,46.76,170.81,0.20142,-1,-1,-1
268,-1,237.65,78.67,42.62,52.69,0.17271,-1,-1,-1
268,-1,451.66,123.73,33.85,198.92,0.08277,-1,-1,-1
268,-1,402.96,162.31,24.25,97.97,0.08114,-1,-1,-1
268,-1,292.66,149.80,28.16,61.49,0.07663,-1,-1,-1
268,-1,76.61,14.61,213.91,265.99,0.07494,-1,-1,-1
268,-1,415.84,158.80,40.90,119.73,0.07213,-1,-1,-1
268,-1,302.17,157.78,19.44,65.74,0.06442,-1,-1,-1
268,-1,303.27,186.41,12.26,73.88,0.06183,-1,-1,-1
268,-1,405.94,167.56,21.36,51.39,0.05994,-1,-1,-1
268,-1,589.38,243.79,49.31,191.24,0.05941,-1,-1,-1
269,-1,417.65,1.17,220.51,453.49,0.99911,-1,-1,-1
269,-1,49.04,0.00,248.73,479.19,0.99899,-1,-1,-1
269,-1,347.44,131.48,57.59,177.64,0.99892,-1,-1,-1
269,-1,306.31,130.36,54.55,158.78,0.99874,-1,-1,-1
269,-1,280.56,152.37,29.91,114.42,0.96053,-1,-1,-1
269,-1,589.10,198.65,48.35,231.60,0.54075,-1,-1,-1
269,-1,244.08,162.03,73.02,215.46,0.38140,-1,-1,-1
269,-1,292.05,164.34,20.57,95.65,0.34103,-1,-1,-1
269,-1,249.95,258.76,66.32,120.43,0.27663,-1,-1,-1
269,-1,578.42,41.59,59.25,383.11,0.25913,-1,-1,-1
269,-1,223.88,52.92,89.26,308.33,0.18756,-1,-1,-1
269,-1,288.02,154.57,24.65,68.64,0.14166,-1,-1,-1
269,-1,395.76,170.58,27.27,82.05,0.11494,-1,-1,-1
269,-1,401.43,170.66,21.05,46.48,0.09785,-1,-1,-1
269,-1,434.44,124.36,43.22,191.30,0.08348,-1,-1,-1
269,-1,523.67,7.02,112.90,420.55,0.07609,-1,-1,-1
269,-1,287.88,137.56,26.57,33.86,0.07529,-1,-1,-1
269,-1,419.07,30.32,71.42,281.90,0.06339,-1,-1,-1
269,-1,250.00,128.89,96.57,184.96,0.05914,-1,-1,-1
269,-1,273.70,133.22,24.60,104.54,0.05141,-1,-1,-1
269,-1,382.89,154.16,36.82,128.86,0.05064,-1,-1,-1
270,-1,412.20,1.15,224.49,475.24,0.99965,-1,-1,-1
270,-1,50.09,0.00,238.09,480.00,0.99938,-1,-1,-1
270,-1,337.23,113.90,58.75,179.26,0.99901,-1,-1,-1
270,-1,311.28,112.33,41.76,161.91,0.99373,-1,-1,-1
270,-1,279.57,122.26,27.16,123.14,0.93187,-1,-1,-1
270,-1,390.23,153.23,24.85,58.34,0.79486,-1,-1,-1
270,-1,587.59,20.52,51.30,380.12,0.67983,-1,-1,-1
270,-1,302.95,142.90,17.44,95.23,0.56654,-1,-1,-1
270,-1,591.13,193.40,47.66,197.41,0.53562,-1,-1,-1
270,-1,288.96,121.97,30.10,123.10,0.47599,-1,-1,-1
270,-1,297.03,140.53,17.93,99.03,0.38760,-1,-1,-1
270,-1,262.43,116.56,41.38,150.35,0.37077,-1,-1,-1
270,-1,392.98,150.76,34.21,89.02,0.21513,-1,-1,-1
270,-1,303.17,150.91,14.75,52.04,0.14849,-1,-1,-1
270,-1,299.74,131.48,23.39,66.53,0.13278,-1,-1,-1
270,-1,287.64,155.80,12.91,86.07,0.12174,-1,-1,-1
270,-1,383.78,158.51,26.99,72.65,0.11990,-1,-1,-1
270,-1,274.41,118.28,27.40,85.03,0.11163,-1,-1,-1
270,-1,292.06,116.85,24.96,42.46,0.09544,-1,-1,-1
270,-1,296.61,149.41,13.55,56.58,0.08940,-1,-1,-1
270,-1,239.32,85.98,52.14,187.10,0.06898,-1,-1,-1
270,-1,404.36,156.60,32.48,80.63,0.06399,-1,-1,-1
270,-1,307.84,140.19,12.78,54.55,0.06296,-1,-1,-1
271,-1,50.78,1.10,229.05,478.90,0.99925,-1,-1,-1
271,-1,407.39,4.59,229.68,475.41,0.99773,-1,-1,-1
271,-1,331.86,86.15,55.58,181.98,0.99765,-1,-1,-1
271,-1,314.77,88.55,34.91,155.10,0.98794,-1,-1,-1
271,-1,295.16,108.28,28.11,117.21,0.94914,-1,-1,-1
271,-1,281.87,110.13,18.37,112.36,0.86371,-1,-1,-1
271,-1,590.03,79.34,49.52,266.78,0.83751,-1,-1,-1
271,-1,285.54,104.55,27.21,106.95,0.64092,-1,-1,-1
271,-1,303.50,100.78,28.18,135.17,0.58300,-1,-1,-1
271,-1,245.23,91.47,50.05,146.24,0.55709,-1,-1,-1
271,-1,386.02,129.84,27.58,73.11,0.41631,-1,-1,-1
271,-1,379.12,150.69,25.89,60.02,0.29203,-1,-1,-1
271,-1,278.14,101.23,21.87,66.35,0.27760,-1,-1,-1
271,-1,298.74,109.96,21.73,71.81,0.21503,-1,-1,-1
271,-1,557.12,20.31,81.62,331.77,0.18257,-1,-1,-1
271,-1,387.01,129.37,25.54,39.19,0.17679,-1,-1,-1
271,-1,283.11,109.35,17.21,41.68,0.12834,-1,-1,-1
271,-1,286.93,110.95,15.23,23.49,0.12539,-1,-1,-1
271,-1,26.87,207.52,69.79,198.24,0.11465,-1,-1,-1
271,-1,401.84,19.73,106.36,266.28,0.11354,-1,-1,-1
271,-1,397.25,129.20,33.65,87.21,0.10702,-1,-1,-1
271,-1,276.84,94.70,19.98,29.95,0.10646,-1,-1,-1
271,-1,284.26,121.34,13.52,74.86,0.08266,-1,-1,-1
271,-1,375.86,51.01,264.14,183.79,0.08237,-1,-1,-1
271,-1,589.13,202.32,49.20,158.15,0.07644,-1,-1,-1
271,-1,279.62,94.82,21.55,45.23,0.06719,-1,-1,-1
271,-1,229.12,0.00,361.13,472.87,0.06063,-1,-1,-1
271,-1,408.55,100.15,49.64,182.30,0.05532,-1,-1,-1
271,-1,289.12,92.81,24.03,44.05,0.05422,-1,-1,-1
272,-1,405.82,3.91,233.40,471.06,0.99962,-1,-1,-1
272,-1,314.63,44.78,64.97,195.74,0.99958,-1,-1,-1
272,-1,47.13,7.36,226.06,436.26,0.99951,-1,-1,-1
272,-1,269.76,74.37,39.70,130.95,0.98132,-1,-1,-1
272,-1,290.22,73.93,29.85,117.93,0.93761,-1,-1,-1
272,-1,586.72,15.84,51.26,300.71,0.89539,-1,-1,-1
272,-1,20.25,61.83,81.38,299.83,0.63752,-1,-1,-1
272,-1,269.83,66.01,25.08,27.51,0.43229,-1,-1,-1
272,-1,386.24,88.42,24.33,35.23,0.39564,-1,-1,-1
272,-1,236.87,50.44,46.11,155.71,0.37453,-1,-1,-1
272,-1,304.74,76.81,23.79,102.10,0.33403,-1,-1,-1
272,-1,411.76,68.10,46.54,166.51,0.32429,-1,-1,-1
272,-1,383.80,91.22,27.03,71.21,0.22354,-1,-1,-1
272,-1,399.64,7.70,83.85,231.26,0.21145,-1,-1,-1
272,-1,307.47,49.43,35.39,165.02,0.12623,-1,-1,-1
272,-1,408.41,100.22,34.60,125.01,0.09203,-1,-1,-1
272,-1,269.17,69.66,27.42,100.56,0.08336,-1,-1,-1
272,-1,24.12,6.80,123.61,375.91,0.05994,-1,-1,-1
272,-1,609.85,32.94,29.50,276.05,0.05554,-1,-1,-1
273,-1,405.74,2.85,232.89,463.79,0.99957,-1,-1,-1
273,-1,313.35,40.69,61.61,193.71,0.99907,-1,-1,-1
273,-1,30.77,7.50,230.22,450.76,0.99573,-1,-1,-1
273,-1,254.25,68.34,61.39,138.04,0.99440,-1,-1,-1
273,-1,602.13,133.26,37.73,182.07,0.84187,-1,-1,-1
273,-1,294.27,75.81,23.51,104.08,0.74608,-1,-1,-1
273,-1,384.90,87.83,24.15,33.29,0.46515,-1,-1,-1
273,-1,382.37,85.25,27.82,76.59,0.39784,-1,-1,-1
273,-1,268.24,58.95,29.78,32.71,0.34964,-1,-1,-1
273,-1,581.02,17.78,56.07,299.61,0.32963,-1,-1,-1
273,-1,225.12,196.82,23.97,39.14,0.32836,-1,-1,-1
273,-1,289.90,72.95,14.25,20.16,0.32443,-1,-1,-1
273,-1,10.86,3.55,151.29,361.81,0.28936,-1,-1,-1
273,-1,291.32,75.45,23.57,64.03,0.28634,-1,-1,-1
273,-1,404.66,6.81,84.13,238.49,0.23596,-1,-1,-1
273,-1,217.83,59.66,35.68,172.49,0.21173,-1,-1,-1
273,-1,0.46,60.65,43.30,204.14,0.18104,-1,-1,-1
273,-1,90.57,110.10,150.63,340.09,0.16156,-1,-1,-1
273,-1,6.91,0.00,312.51,267.89,0.14487,-1,-1,-1
273,-1,300.24,73.08,13.18,24.01,0.14208,-1,-1,-1
273,-1,4.13,44.84,90.23,186.69,0.13449,-1,-1,-1
273,-1,2.86,43.03,62.16,321.98,0.13100,-1,-1,-1
273,-1,291.07,73.08,22.92,34.95,0.11473,-1,-1,-1
273,-1,298.30,123.30,21.85,52.44,0.09135,-1,-1,-1
273,-1,295.26,61.46,32.69,140.59,0.09067,-1,-1,-1
273,-1,0.68,55.62,39.19,114.12,0.08720,-1,-1,-1
273,-1,489.47,7.36,143.80,367.75,0.07068,-1,-1,-1
273,-1,263.89,51.80,26.28,65.20,0.06107,-1,-1,-1
273,-1,20.07,5.31,100.27,208.05,0.05985,-1,-1,-1
273,-1,231.73,43.60,43.84,164.62,0.05558,-1,-1,-1
273,-1,207.63,11.89,61.21,221.74,0.05490,-1,-1,-1
273,-1,617.64,78.94,22.10,228.74,0.05244,-1,-1,-1
274,-1,394.83,3.07,243.33,476.91,0.99961,-1,-1,-1
274,-1,306.02,53.71,64.38,198.85,0.99851,-1,-1,-1
274,-1,41.69,6.69,229.35,470.99,0.99744,-1,-1,-1
274,-1,600.64,10.97,37.22,317.72,0.94388,-1,-1,-1
274,-1,260.19,83.43,53.06,139.15,0.94344,-1,-1,-1
274,-1,0.43,4.97,61.34,266.55,0.91722,-1,-1,-1
274,-1,372.71,104.95,34.70,75.41,0.81277,-1,-1,-1
274,-1,0.67,4.24,92.70,369.31,0.73365,-1,-1,-1
274,-1,257.97,88.61,16.65,43.65,0.63463,-1,-1,-1
274,-1,404.33,54.11,54.46,190.15,0.53221,-1,-1,-1
274,-1,381.56,105.32,23.67,28.82,0.52316,-1,-1,-1
274,-1,216.94,62.38,47.66,187.99,0.42094,-1,-1,-1
274,-1,322.81,145.96,35.39,106.99,0.35680,-1,-1,-1
274,-1,253.19,74.50,30.88,132.85,0.32213,-1,-1,-1
274,-1,252.71,74.11,26.57,59.78,0.31457,-1,-1,-1
274,-1,401.41,24.50,91.05,398.95,0.30782,-1,-1,-1
274,-1,228.15,216.26,20.00,35.16,0.29792,-1,-1,-1
274,-1,256.48,158.39,24.78,61.88,0.28122,-1,-1,-1
274,-1,4.25,0.00,162.75,432.43,0.27058,-1,-1,-1
274,-1,409.64,115.75,33.13,124.95,0.26760,-1,-1,-1
274,-1,253.79,68.03,36.50,42.92,0.21867,-1,-1,-1
274,-1,257.63,65.69,49.55,74.50,0.09775,-1,-1,-1
274,-1,305.20,53.08,61.76,88.47,0.09173,-1,-1,-1
274,-1,310.46,159.09,22.70,67.77,0.08543,-1,-1,-1
274,-1,260.17,68.02,34.27,27.66,0.08238,-1,-1,-1
274,-1,301.25,130.02,12.81,62.43,0.07135,-1,-1,-1
274,-1,268.59,70.90,37.14,37.83,0.06154,-1,-1,-1
275,-1,387.57,8.64,246.05,465.14,0.99960,-1,-1,-1
275,-1,36.92,0.00,224.99,479.86,0.99905,-1,-1,-1
275,-1,295.91,73.14,75.06,201.00,0.99860,-1,-1,-1
275,-1,601.73,28.50,38.27,304.56,0.98241,-1,-1,-1
275,-1,248.49,107.69,24.21,105.14,0.74653,-1,-1,-1
275,-1,0.27,111.58,43.18,205.00,0.72263,-1,-1,-1
275,-1,213.16,52.69,46.44,217.22,0.61137,-1,-1,-1
275,-1,256.79,98.03,46.48,130.98,0.58070,-1,-1,-1
275,-1,246.67,85.68,40.79,112.24,0.45376,-1,-1,-1
275,-1,269.90,94.83,34.76,34.09,0.41774,-1,-1,-1
275,-1,0.20,171.22,29.94,145.45,0.33316,-1,-1,-1
275,-1,249.66,105.90,24.04,48.11,0.31902,-1,-1,-1
275,-1,404.27,109.56,38.21,175.46,0.27029,-1,-1,-1
275,-1,258.36,87.49,36.55,40.89,0.23524,-1,-1,-1
275,-1,270.75,136.46,32.02,100.86,0.19467,-1,-1,-1
275,-1,248.81,88.14,41.85,59.04,0.16536,-1,-1,-1
275,-1,0.00,79.38,54.64,127.50,0.13794,-1,-1,-1
275,-1,397.66,18.15,66.93,287.26,0.10612,-1,-1,-1
275,-1,1.18,92.92,70.89,263.36,0.10470,-1,-1,-1
275,-1,397.18,41.36,91.52,375.07,0.09646,-1,-1,-1
275,-1,198.26,9.60,75.14,233.97,0.09222,-1,-1,-1
275,-1,606.99,156.56,32.04,175.43,0.09008,-1,-1,-1
275,-1,367.85,61.24,270.30,172.36,0.08797,-1,-1,-1
275,-1,220.66,144.23,29.48,123.09,0.06999,-1,-1,-1
275,-1,255.96,131.87,21.01,87.95,0.06937,-1,-1,-1
275,-1,303.40,72.67,60.21,90.11,0.06900,-1,-1,-1
275,-1,258.30,88.37,47.36,72.64,0.06434,-1,-1,-1
275,-1,20.73,0.00,257.97,239.85,0.05023,-1,-1,-1
276,-1,403.59,4.21,232.80,475.79,0.99981,-1,-1,-1
276,-1,290.36,103.61,70.64,201.98,0.99933,-1,-1,-1
276,-1,36.04,0.00,213.14,475.83,0.99911,-1,-1,-1
276,-1,264.94,123.93,43.32,141.82,0.96551,-1,-1,-1
276,-1,245.95,137.09,24.15,111.34,0.94498,-1,-1,-1
276,-1,0.30,168.52,28.15,96.90,0.93846,-1,-1,-1
276,-1,399.86,121.51,50.33,191.03,0.85319,-1,-1,-1
276,-1,598.07,42.40,41.33,314.87,0.83470,-1,-1,-1
276,-1,257.21,139.81,22.88,109.96,0.67533,-1,-1,-1
276,-1,213.80,106.94,37.94,192.02,0.59361,-1,-1,-1
276,-1,250.19,133.10,41.14,123.61,0.37071,-1,-1,-1
276,-1,397.90,21.45,80.68,297.36,0.18415,-1,-1,-1
276,-1,227.76,120.14,32.41,164.79,0.14768,-1,-1,-1
276,-1,405.16,190.86,39.57,107.05,0.12004,-1,-1,-1
276,-1,245.94,187.73,14.54,59.30,0.09227,-1,-1,-1
276,-1,247.56,139.19,16.27,68.29,0.08690,-1,-1,-1
276,-1,219.38,178.72,26.17,119.90,0.08140,-1,-1,-1
276,-1,246.61,136.70,23.14,39.76,0.08134,-1,-1,-1
276,-1,0.00,153.97,43.22,261.33,0.07829,-1,-1,-1
276,-1,226.41,106.95,86.38,190.17,0.06832,-1,-1,-1
276,-1,386.22,55.99,253.78,184.32,0.06513,-1,-1,-1
276,-1,404.29,15.35,121.97,347.82,0.05652,-1,-1,-1
276,-1,276.81,130.78,28.07,107.64,0.05424,-1,-1,-1
277,-1,407.21,2.27,225.82,477.73,0.99978,-1,-1,-1
277,-1,37.57,8.30,206.39,461.14,0.99875,-1,-1,-1
277,-1,278.47,113.36,73.75,207.31,0.99849,-1,-1,-1
277,-1,245.38,144.06,36.73,127.03,0.97868,-1,-1,-1
277,-1,391.09,124.06,52.81,196.61,0.96262,-1,-1,-1
277,-1,219.09,113.94,33.95,141.04,0.91426,-1,-1,-1
277,-1,332.58,130.37,32.82,146.42,0.88885,-1,-1,-1
277,-1,257.85,144.37,35.77,129.27,0.80789,-1,-1,-1
277,-1,596.31,102.43,42.05,265.25,0.79490,-1,-1,-1
277,-1,206.27,104.00,43.28,213.96,0.71494,-1,-1,-1
277,-1,218.18,110.72,35.02,76.35,0.64732,-1,-1,-1
277,-1,236.39,137.24,31.84,124.25,0.31945,-1,-1,-1
277,-1,249.13,126.23,72.87,157.65,0.28777,-1,-1,-1
277,-1,367.73,162.99,26.18,65.27,0.20701,-1,-1,-1
277,-1,327.32,129.37,24.83,60.25,0.20439,-1,-1,-1
277,-1,393.98,19.06,83.81,329.31,0.18079,-1,-1,-1
277,-1,231.96,120.17,23.71,89.34,0.17152,-1,-1,-1
277,-1,273.07,147.19,30.81,131.30,0.11864,-1,-1,-1
277,-1,382.08,144.33,42.26,171.35,0.11465,-1,-1,-1
277,-1,239.99,229.29,12.26,31.76,0.09688,-1,-1,-1
277,-1,389.85,115.33,28.46,150.88,0.09602,-1,-1,-1
277,-1,212.08,205.12,27.69,108.26,0.09390,-1,-1,-1
277,-1,399.45,199.43,30.14,109.54,0.08793,-1,-1,-1
277,-1,333.98,204.07,28.23,71.84,0.08123,-1,-1,-1
277,-1,338.60,132.69,22.11,100.66,0.07154,-1,-1,-1
277,-1,104.77,14.83,141.05,294.58,0.05623,-1,-1,-1
278,-1,405.42,2.94,219.86,477.06,0.99968,-1,-1,-1
278,-1,20.99,1.12,207.32,473.40,0.99916,-1,-1,-1
278,-1,269.08,115.91,72.97,212.66,0.99758,-1,-1,-1
278,-1,325.93,131.31,42.68,149.46,0.98467,-1,-1,-1
278,-1,592.51,45.58,47.30,323.54,0.98352,-1,-1,-1
278,-1,227.80,141.51,48.22,137.61,0.97004,-1,-1,-1
278,-1,200.93,117.84,48.02,200.07,0.96859,-1,-1,-1
278,-1,384.48,112.42,55.04,212.35,0.94429,-1,-1,-1
278,-1,208.20,120.81,35.44,77.30,0.71432,-1,-1,-1
278,-1,249.02,144.97,31.57,130.27,0.59585,-1,-1,-1
278,-1,260.03,148.15,31.82,131.61,0.45008,-1,-1,-1
278,-1,614.45,57.51,25.55,85.97,0.34070,-1,-1,-1
278,-1,342.92,148.92,27.30,126.21,0.31661,-1,-1,-1
278,-1,392.69,16.39,76.09,330.08,0.31574,-1,-1,-1
278,-1,228.94,128.42,22.52,28.45,0.22671,-1,-1,-1
278,-1,264.86,125.16,48.10,161.19,0.21340,-1,-1,-1
278,-1,325.81,133.02,29.79,99.25,0.20431,-1,-1,-1
278,-1,364.01,164.90,22.73,55.72,0.18280,-1,-1,-1
278,-1,327.12,133.89,27.20,44.91,0.15870,-1,-1,-1
278,-1,385.14,113.88,22.43,122.58,0.14475,-1,-1,-1
278,-1,314.98,129.21,37.65,146.92,0.13164,-1,-1,-1
278,-1,322.57,232.23,18.02,48.60,0.12444,-1,-1,-1
278,-1,46.58,6.80,175.51,251.87,0.08968,-1,-1,-1
278,-1,216.34,119.35,32.45,45.23,0.07998,-1,-1,-1
278,-1,20.66,204.54,74.34,229.61,0.07896,-1,-1,-1
278,-1,173.79,84.81,66.38,231.42,0.07744,-1,-1,-1
278,-1,368.77,168.28,17.38,33.81,0.07693,-1,-1,-1
278,-1,79.35,51.32,25.05,27.70,0.06313,-1,-1,-1
278,-1,222.87,206.70,22.31,103.40,0.06059,-1,-1,-1
278,-1,82.76,1.44,29.43,57.15,0.05874,-1,-1,-1
278,-1,365.06,168.62,25.17,84.20,0.05501,-1,-1,-1
278,-1,405.12,116.07,44.10,239.59,0.05207,-1,-1,-1
278,-1,381.41,113.13,34.68,181.18,0.05110,-1,-1,-1
279,-1,371.57,2.95,221.89,475.50,0.99980,-1,-1,-1
279,-1,13.69,20.72,194.72,455.43,0.99961,-1,-1,-1
279,-1,253.88,129.47,73.70,218.60,0.99956,-1,-1,-1
279,-1,185.26,139.67,70.97,203.42,0.99813,-1,-1,-1
279,-1,580.57,61.45,58.54,317.00,0.99575,-1,-1,-1
279,-1,315.13,150.79,53.14,142.12,0.99562,-1,-1,-1
279,-1,373.44,151.20,52.55,182.48,0.92449,-1,-1,-1
279,-1,232.20,163.55,39.12,131.59,0.71423,-1,-1,-1
279,-1,350.48,181.56,23.00,63.97,0.58326,-1,-1,-1
279,-1,588.54,65.34,51.46,74.07,0.33437,-1,-1,-1
279,-1,65.30,23.08,25.41,66.19,0.33002,-1,-1,-1
279,-1,178.48,142.13,49.24,169.23,0.25304,-1,-1,-1
279,-1,357.62,179.34,14.65,50.52,0.16580,-1,-1,-1
279,-1,245.08,134.11,43.38,164.72,0.15956,-1,-1,-1
279,-1,1.69,271.93,61.41,192.98,0.15410,-1,-1,-1
279,-1,62.69,72.08,18.34,25.59,0.11145,-1,-1,-1
279,-1,302.87,146.62,38.66,148.93,0.10160,-1,-1,-1
279,-1,385.82,206.41,29.32,121.14,0.08412,-1,-1,-1
279,-1,577.02,64.27,61.99,124.03,0.08240,-1,-1,-1
279,-1,190.70,143.98,33.43,75.44,0.07174,-1,-1,-1
279,-1,374.95,40.85,83.79,314.59,0.05488,-1,-1,-1
279,-1,167.36,127.24,43.40,197.75,0.05341,-1,-1,-1
279,-1,360.12,187.42,14.89,55.98,0.05057,-1,-1,-1
280,-1,359.24,0.25,223.17,476.02,0.99960,-1,-1,-1
280,-1,229.66,125.10,74.11,227.06,0.99917,-1,-1,-1
280,-1,5.85,16.37,186.38,463.05,0.99914,-1,-1,-1
280,-1,166.07,145.30,75.47,197.54,0.99914,-1,-1,-1
280,-1,561.05,57.98,78.27,320.76,0.99622,-1,-1,-1
280,-1,294.81,151.23,55.68,144.17,0.99490,-1,-1,-1
280,-1,348.89,107.73,59.98,235.94,0.86088,-1,-1,-1
280,-1,334.79,187.73,21.28,54.06,0.77690,-1,-1,-1
280,-1,210.62,149.66,35.77,148.57,0.65743,-1,-1,-1
280,-1,363.41,173.63,43.06,155.44,0.41484,-1,-1,-1
280,-1,568.74,64.25,71.18,122.90,0.25433,-1,-1,-1
280,-1,297.76,152.61,29.53,103.83,0.17585,-1,-1,-1
280,-1,318.49,184.16,32.87,93.51,0.16339,-1,-1,-1
280,-1,221.52,205.86,27.77,90.14,0.12382,-1,-1,-1
280,-1,332.57,168.22,25.14,95.74,0.11231,-1,-1,-1
280,-1,621.15,62.32,18.40,47.14,0.08207,-1,-1,-1
280,-1,206.67,148.09,17.78,26.62,0.06147,-1,-1,-1
281,-1,329.10,3.10,229.86,474.96,0.99977,-1,-1,-1
281,-1,3.56,10.14,143.60,456.10,0.99974,-1,-1,-1
281,-1,532.82,55.90,95.58,310.66,0.99882,-1,-1,-1
281,-1,138.27,127.61,77.74,203.87,0.99864,-1,-1,-1
281,-1,186.12,107.23,85.97,237.08,0.99819,-1,-1,-1
281,-1,269.10,136.65,52.75,143.37,0.99818,-1,-1,-1
281,-1,323.86,118.47,53.55,202.94,0.88281,-1,-1,-1
281,-1,319.00,109.77,32.81,194.56,0.44058,-1,-1,-1
281,-1,590.29,22.44,47.99,300.93,0.18177,-1,-1,-1
281,-1,596.47,18.65,41.84,171.31,0.15776,-1,-1,-1
281,-1,546.73,55.92,81.99,133.57,0.15232,-1,-1,-1
281,-1,176.25,119.72,44.98,192.48,0.09414,-1,-1,-1
281,-1,139.87,185.25,20.18,101.88,0.09256,-1,-1,-1
281,-1,93.98,119.48,58.44,169.79,0.09051,-1,-1,-1
281,-1,309.71,178.35,15.11,53.99,0.08476,-1,-1,-1
281,-1,136.29,139.23,36.79,150.09,0.06406,-1,-1,-1
281,-1,579.75,46.41,53.74,105.72,0.05157,-1,-1,-1
281,-1,114.06,119.37,77.14,185.94,0.05134,-1,-1,-1
282,-1,333.23,4.17,239.62,472.05,0.99982,-1,-1,-1
282,-1,0.69,16.03,112.07,454.23,0.99958,-1,-1,-1
282,-1,158.06,109.17,84.03,252.46,0.99902,-1,-1,-1
282,-1,259.22,145.80,41.97,143.69,0.99795,-1,-1,-1
282,-1,135.94,134.87,42.12,167.88,0.98420,-1,-1,-1
282,-1,527.88,59.70,95.80,327.82,0.97055,-1,-1,-1
282,-1,113.10,157.09,34.09,142.79,0.96486,-1,-1,-1
282,-1,290.38,75.22,50.69,200.65,0.95334,-1,-1,-1
282,-1,305.46,86.42,59.26,287.78,0.76568,-1,-1,-1
282,-1,593.07,205.11,20.27,64.11,0.30306,-1,-1,-1
282,-1,74.23,145.12,47.19,157.08,0.29237,-1,-1,-1
282,-1,550.49,129.06,62.59,234.09,0.20370,-1,-1,-1
282,-1,476.90,11.21,138.43,434.23,0.14683,-1,-1,-1
282,-1,155.77,113.95,52.01,214.25,0.13584,-1,-1,-1
282,-1,99.26,168.62,19.92,66.97,0.11769,-1,-1,-1
282,-1,27.18,49.96,89.41,262.94,0.10127,-1,-1,-1
282,-1,551.61,42.29,83.89,159.56,0.08780,-1,-1,-1
282,-1,315.17,74.23,23.40,63.00,0.07322,-1,-1,-1
282,-1,523.04,106.08,62.16,279.13,0.06359,-1,-1,-1
282,-1,110.65,158.06,27.82,90.23,0.05301,-1,-1,-1
283,-1,353.99,1.84,249.64,469.36,0.99967,-1,-1,-1
283,-1,1.59,22.48,113.49,447.98,0.99942,-1,-1,-1
283,-1,148.69,117.82,93.08,262.07,0.99930,-1,-1,-1
283,-1,264.87,156.33,38.41,147.24,0.99489,-1,-1,-1
283,-1,110.74,165.83,44.06,152.12,0.99308,-1,-1,-1
283,-1,300.05,94.93,76.75,307.70,0.98452,-1,-1,-1
283,-1,291.64,88.00,64.00,221.06,0.96706,-1,-1,-1
283,-1,532.86,69.27,90.46,339.78,0.92199,-1,-1,-1
283,-1,127.28,163.48,41.42,158.39,0.86913,-1,-1,-1
283,-1,143.67,134.29,39.91,204.22,0.56664,-1,-1,-1
283,-1,223.52,158.88,26.50,147.30,0.50165,-1,-1,-1
283,-1,72.34,143.69,46.75,172.11,0.32490,-1,-1,-1
283,-1,604.90,184.17,28.48,82.35,0.32287,-1,-1,-1
283,-1,270.93,124.14,58.68,179.49,0.29280,-1,-1,-1
283,-1,602.74,181.76,27.66,50.46,0.23897,-1,-1,-1
283,-1,537.58,162.88,62.39,246.23,0.23142,-1,-1,-1
283,-1,143.89,178.09,25.68,118.31,0.21300,-1,-1,-1
283,-1,228.54,158.90,20.24,89.52,0.19864,-1,-1,-1
283,-1,292.17,171.67,20.65,104.30,0.19526,-1,-1,-1
283,-1,603.01,182.67,20.95,31.60,0.18468,-1,-1,-1
283,-1,439.76,286.16,18.22,81.22,0.17315,-1,-1,-1
283,-1,569.97,153.91,49.40,176.35,0.16191,-1,-1,-1
283,-1,1.13,119.40,73.19,360.60,0.12872,-1,-1,-1
283,-1,587.86,172.22,35.26,136.57,0.10731,-1,-1,-1
283,-1,289.41,148.28,10.53,26.26,0.10152,-1,-1,-1
283,-1,568.95,103.62,64.24,189.62,0.07915,-1,-1,-1
283,-1,292.25,112.22,30.32,186.52,0.06901,-1,-1,-1
283,-1,306.68,63.60,146.63,385.06,0.06703,-1,-1,-1
283,-1,116.24,131.32,81.34,198.14,0.06625,-1,-1,-1
283,-1,304.31,118.13,36.55,234.24,0.05742,-1,-1,-1
283,-1,593.11,241.50,24.89,53.77,0.05072,-1,-1,-1
284,-1,3.41,17.12,121.29,450.87,0.99971,-1,-1,-1
284,-1,373.43,0.04,235.97,475.27,0.99941,-1,-1,-1
284,-1,147.61,113.46,93.77,272.79,0.99923,-1,-1,-1
284,-1,276.38,161.31,36.26,143.81,0.99512,-1,-1,-1
284,-1,299.71,83.86,93.37,322.98,0.99480,-1,-1,-1
284,-1,117.85,163.26,45.47,149.12,0.98942,-1,-1,-1
284,-1,231.94,170.87,27.82,134.16,0.97565,-1,-1,-1
284,-1,559.80,74.84,72.29,338.13,0.92371,-1,-1,-1
284,-1,300.36,88.40,71.54,204.51,0.62447,-1,-1,-1
284,-1,588.11,76.26,51.89,229.43,0.34439,-1,-1,-1
284,-1,562.47,197.95,57.10,191.64,0.34431,-1,-1,-1
284,-1,305.39,239.40,16.38,38.93,0.34091,-1,-1,-1
284,-1,137.10,159.95,37.89,142.55,0.26730,-1,-1,-1
284,-1,157.76,265.21,13.93,75.20,0.14986,-1,-1,-1
284,-1,146.55,193.53,23.94,97.77,0.14275,-1,-1,-1
284,-1,303.79,204.77,19.87,74.34,0.11996,-1,-1,-1
284,-1,284.26,111.71,66.11,206.50,0.08686,-1,-1,-1
284,-1,85.60,157.19,50.13,147.45,0.08673,-1,-1,-1
284,-1,234.17,167.91,23.82,81.58,0.08579,-1,-1,-1
284,-1,294.96,166.34,25.74,115.19,0.07427,-1,-1,-1
284,-1,114.67,133.30,87.71,195.13,0.07197,-1,-1,-1
284,-1,313.89,91.96,37.19,260.04,0.05192,-1,-1,-1
285,-1,1.24,10.66,132.70,455.32,0.99974,-1,-1,-1
285,-1,401.80,2.18,231.28,466.09,0.99906,-1,-1,-1
285,-1,337.14,87.16,93.40,332.99,0.99846,-1,-1,-1
285,-1,161.11,108.58,85.69,273.92,0.99838,-1,-1,-1
285,-1,243.52,168.79,30.93,129.90,0.99537,-1,-1,-1
285,-1,289.83,160.22,38.67,138.80,0.99418,-1,-1,-1
285,-1,122.33,157.68,44.27,160.27,0.99315,-1,-1,-1
285,-1,305.86,76.55,78.73,243.65,0.99258,-1,-1,-1
285,-1,613.91,69.30,24.95,144.83,0.37127,-1,-1,-1
285,-1,2.64,225.51,96.91,253.60,0.33041,-1,-1,-1
285,-1,159.97,258.95,16.78,33.53,0.28292,-1,-1,-1
285,-1,159.20,115.35,39.74,207.37,0.22373,-1,-1,-1
285,-1,304.31,180.27,26.82,101.91,0.19006,-1,-1,-1
285,-1,569.92,53.42,65.52,310.86,0.16107,-1,-1,-1
285,-1,0.43,39.80,22.56,44.95,0.15969,-1,-1,-1
285,-1,607.17,76.70,31.69,215.85,0.13564,-1,-1,-1
285,-1,326.67,81.36,87.16,197.78,0.13228,-1,-1,-1
285,-1,331.50,74.98,42.58,283.40,0.11530,-1,-1,-1
285,-1,295.85,126.21,54.64,182.35,0.08454,-1,-1,-1
285,-1,502.94,9.56,128.54,365.43,0.07477,-1,-1,-1
285,-1,396.06,91.36,25.09,76.25,0.06815,-1,-1,-1
285,-1,164.28,223.62,78.18,132.99,0.05873,-1,-1,-1
285,-1,84.07,107.24,50.53,193.59,0.05828,-1,-1,-1
285,-1,320.89,230.27,12.91,42.26,0.05770,-1,-1,-1
286,-1,0.53,16.30,142.44,449.93,0.99961,-1,-1,-1
286,-1,163.52,106.80,94.63,280.46,0.99913,-1,-1,-1
286,-1,422.88,0.00,217.12,474.54,0.99908,-1,-1,-1
286,-1,352.97,80.51,106.89,353.85,0.99878,-1,-1,-1
286,-1,251.55,175.01,36.02,125.25,0.99337,-1,-1,-1
286,-1,131.20,161.08,39.49,160.74,0.99176,-1,-1,-1
286,-1,317.39,76.17,86.15,255.43,0.98880,-1,-1,-1
286,-1,305.07,169.75,34.92,130.79,0.95438,-1,-1,-1
286,-1,307.01,117.01,55.22,181.58,0.16561,-1,-1,-1
286,-1,380.12,14.70,164.20,438.74,0.13851,-1,-1,-1
286,-1,227.67,190.96,42.36,134.89,0.12330,-1,-1,-1
286,-1,2.12,48.49,29.07,40.94,0.11151,-1,-1,-1
286,-1,104.26,146.24,41.87,154.79,0.08906,-1,-1,-1
286,-1,352.25,114.73,41.30,255.59,0.08240,-1,-1,-1
286,-1,234.25,265.71,31.77,63.63,0.05989,-1,-1,-1
286,-1,366.95,93.51,82.35,208.23,0.05593,-1,-1,-1
287,-1,1.23,25.22,137.07,446.65,0.99940,-1,-1,-1
287,-1,173.01,105.16,99.86,293.21,0.99918,-1,-1,-1
287,-1,371.50,70.94,119.28,384.08,0.99893,-1,-1,-1
287,-1,466.21,0.00,173.79,475.33,0.99803,-1,-1,-1
287,-1,136.96,163.38,43.78,165.31,0.99694,-1,-1,-1
287,-1,324.20,74.84,91.78,284.60,0.99649,-1,-1,-1
287,-1,267.27,176.50,31.99,123.51,0.96965,-1,-1,-1
287,-1,316.40,176.52,35.63,123.23,0.91417,-1,-1,-1
287,-1,245.31,178.11,38.11,154.68,0.70232,-1,-1,-1
287,-1,257.10,177.47,23.21,124.46,0.20234,-1,-1,-1
287,-1,10.38,49.01,30.00,41.37,0.17363,-1,-1,-1
287,-1,583.35,35.28,55.02,406.43,0.17014,-1,-1,-1
287,-1,105.65,133.04,40.60,172.40,0.15935,-1,-1,-1
287,-1,358.70,119.27,38.06,247.48,0.14134,-1,-1,-1
287,-1,249.95,230.63,28.46,103.09,0.09344,-1,-1,-1
287,-1,8.73,14.15,42.53,86.98,0.07118,-1,-1,-1
287,-1,332.33,108.86,41.97,236.63,0.06207,-1,-1,-1
287,-1,0.81,78.24,26.16,26.26,0.06100,-1,-1,-1
287,-1,0.51,33.50,136.78,213.25,0.06006,-1,-1,-1
288,-1,2.16,39.02,140.21,425.68,0.99980,-1,-1,-1
288,-1,175.13,101.44,93.87,301.19,0.99864,-1,-1,-1
288,-1,388.79,60.80,138.55,385.36,0.99842,-1,-1,-1
288,-1,506.25,0.00,133.13,471.93,0.99819,-1,-1,-1
288,-1,332.31,65.06,95.69,301.13,0.99780,-1,-1,-1
288,-1,139.76,159.18,48.79,165.49,0.99399,-1,-1,-1
288,-1,253.86,156.91,39.15,178.70,0.99107,-1,-1,-1
288,-1,282.63,173.40,26.79,124.08,0.94226,-1,-1,-1
288,-1,498.43,88.47,30.19,56.51,0.87608,-1,-1,-1
288,-1,326.87,173.96,38.38,121.56,0.79322,-1,-1,-1
288,-1,491.24,87.58,37.01,154.59,0.74328,-1,-1,-1
288,-1,493.50,96.22,33.12,293.02,0.44802,-1,-1,-1
288,-1,267.38,154.31,41.61,161.68,0.24096,-1,-1,-1
288,-1,278.91,172.36,24.82,21.91,0.19968,-1,-1,-1
288,-1,503.11,85.04,38.54,186.80,0.19327,-1,-1,-1
288,-1,464.85,61.15,54.47,140.35,0.16203,-1,-1,-1
288,-1,457.54,58.66,50.00,78.20,0.14364,-1,-1,-1
288,-1,24.71,30.80,92.01,92.41,0.13558,-1,-1,-1
288,-1,8.23,72.84,30.97,31.57,0.13149,-1,-1,-1
288,-1,458.99,59.02,74.92,374.44,0.10953,-1,-1,-1
288,-1,381.48,112.31,33.73,263.27,0.10297,-1,-1,-1
288,-1,20.08,72.07,16.87,18.13,0.08655,-1,-1,-1
288,-1,1.80,214.23,119.16,257.31,0.08118,-1,-1,-1
288,-1,327.81,183.41,18.55,84.23,0.08038,-1,-1,-1
288,-1,111.21,143.39,44.79,152.30,0.07548,-1,-1,-1
288,-1,481.04,69.89,40.18,76.63,0.07305,-1,-1,-1
288,-1,486.52,91.94,39.12,86.51,0.07159,-1,-1,-1
288,-1,414.85,59.29,113.15,212.30,0.06865,-1,-1,-1
288,-1,341.20,102.88,48.56,255.74,0.06824,-1,-1,-1
288,-1,171.75,201.56,22.41,99.74,0.06349,-1,-1,-1
289,-1,1.32,44.97,160.05,425.82,0.99939,-1,-1,-1
289,-1,188.09,102.39,92.01,312.00,0.99863,-1,-1,-1
289,-1,419.32,51.20,133.82,420.55,0.99829,-1,-1,-1
289,-1,548.03,10.47,90.60,458.01,0.99769,-1,-1,-1
289,-1,353.10,59.34,106.91,317.13,0.99742,-1,-1,-1
289,-1,265.11,156.39,55.54,181.13,0.99639,-1,-1,-1
289,-1,143.88,160.31,53.77,169.12,0.99402,-1,-1,-1
289,-1,345.72,184.06,34.24,116.57,0.93645,-1,-1,-1
289,-1,526.88,74.12,54.06,352.71,0.89928,-1,-1,-1
289,-1,292.82,166.66,34.75,136.58,0.83085,-1,-1,-1
289,-1,524.90,79.44,51.23,178.77,0.80738,-1,-1,-1
289,-1,525.32,80.95,49.12,91.49,0.46200,-1,-1,-1
289,-1,306.37,186.08,23.33,112.95,0.29038,-1,-1,-1
289,-1,167.54,156.74,41.55,155.69,0.23620,-1,-1,-1
289,-1,178.88,197.52,29.94,107.18,0.16843,-1,-1,-1
289,-1,543.12,85.24,41.57,199.87,0.12050,-1,-1,-1
289,-1,475.03,43.30,113.73,413.32,0.12019,-1,-1,-1
289,-1,344.52,185.99,18.92,98.99,0.08757,-1,-1,-1
289,-1,123.52,152.07,46.76,155.63,0.07266,-1,-1,-1
289,-1,386.59,46.90,113.89,403.03,0.06516,-1,-1,-1
289,-1,437.59,53.12,120.97,229.68,0.05918,-1,-1,-1
289,-1,35.70,95.92,20.41,15.82,0.05655,-1,-1,-1
290,-1,3.91,49.88,170.04,422.00,0.99964,-1,-1,-1
290,-1,195.26,99.23,102.37,320.28,0.99929,-1,-1,-1
290,-1,416.50,35.19,174.01,437.07,0.99799,-1,-1,-1
290,-1,288.78,158.30,58.17,178.60,0.99562,-1,-1,-1
290,-1,157.80,156.94,50.49,175.29,0.99545,-1,-1,-1
290,-1,375.53,58.30,99.69,328.46,0.99491,-1,-1,-1
290,-1,560.91,73.12,73.30,258.00,0.97042,-1,-1,-1
290,-1,612.58,80.48,27.42,238.99,0.89766,-1,-1,-1
290,-1,366.74,185.85,32.34,115.32,0.86155,-1,-1,-1
290,-1,311.64,165.12,37.58,139.25,0.82859,-1,-1,-1
290,-1,193.60,172.83,33.68,138.23,0.56332,-1,-1,-1
290,-1,554.46,70.06,59.87,90.43,0.43508,-1,-1,-1
290,-1,504.13,47.00,120.90,408.82,0.41255,-1,-1,-1
290,-1,619.81,82.82,20.08,154.32,0.34266,-1,-1,-1
290,-1,597.21,68.94,42.79,334.36,0.30014,-1,-1,-1
290,-1,370.88,117.02,33.78,186.83,0.22542,-1,-1,-1
290,-1,0.33,200.55,36.12,245.32,0.13160,-1,-1,-1
290,-1,551.68,70.78,65.66,176.13,0.10529,-1,-1,-1
290,-1,558.49,109.28,52.48,315.93,0.08812,-1,-1,-1
290,-1,324.42,196.66,25.63,102.38,0.08139,-1,-1,-1
290,-1,142.67,149.91,43.05,179.04,0.07621,-1,-1,-1
291,-1,13.01,40.07,168.50,430.80,0.99902,-1,-1,-1
291,-1,209.34,86.10,107.60,343.25,0.99892,-1,-1,-1
291,-1,442.66,24.01,185.98,443.49,0.99861,-1,-1,-1
291,-1,388.43,41.29,113.67,343.90,0.99823,-1,-1,-1
291,-1,166.32,153.71,52.44,174.04,0.99612,-1,-1,-1
291,-1,306.88,159.05,49.43,180.48,0.99544,-1,-1,-1
291,-1,378.87,194.67,35.23,107.97,0.98379,-1,-1,-1
291,-1,590.26,53.03,48.71,406.50,0.96727,-1,-1,-1
291,-1,589.61,60.20,50.17,82.49,0.95546,-1,-1,-1
291,-1,337.27,170.89,27.41,126.03,0.94488,-1,-1,-1
291,-1,206.67,206.99,26.11,101.26,0.75608,-1,-1,-1
291,-1,598.54,78.49,41.46,228.67,0.58081,-1,-1,-1
291,-1,147.23,146.33,40.37,186.50,0.32426,-1,-1,-1
291,-1,0.50,156.75,48.36,281.33,0.31984,-1,-1,-1
291,-1,373.66,212.31,11.96,48.94,0.20806,-1,-1,-1
291,-1,569.98,38.41,66.42,251.62,0.19516,-1,-1,-1
291,-1,378.72,193.80,17.28,92.08,0.18013,-1,-1,-1
291,-1,87.02,67.58,96.60,278.44,0.16789,-1,-1,-1
291,-1,362.59,201.31,19.98,60.39,0.15741,-1,-1,-1
291,-1,614.06,104.64,25.20,240.89,0.15598,-1,-1,-1
291,-1,196.79,165.12,40.18,146.91,0.11455,-1,-1,-1
291,-1,358.88,198.98,17.78,48.04,0.09946,-1,-1,-1
291,-1,528.96,23.09,86.93,94.87,0.09482,-1,-1,-1
291,-1,152.22,227.70,27.35,103.79,0.07639,-1,-1,-1
291,-1,568.44,38.29,65.64,95.00,0.07076,-1,-1,-1
291,-1,584.91,69.28,38.23,237.66,0.06943,-1,-1,-1
291,-1,524.53,29.90,99.14,397.25,0.05877,-1,-1,-1
292,-1,219.28,85.22,111.70,356.58,0.99922,-1,-1,-1
292,-1,14.25,37.39,172.02,435.54,0.99914,-1,-1,-1
292,-1,173.93,155.36,51.22,181.23,0.99816,-1,-1,-1
292,-1,408.84,45.46,116.45,364.99,0.99741,-1,-1,-1
292,-1,320.64,165.31,55.62,175.26,0.99714,-1,-1,-1
292,-1,476.54,2.79,160.65,470.01,0.99626,-1,-1,-1
292,-1,395.65,199.42,40.06,103.52,0.93869,-1,-1,-1
292,-1,352.28,171.36,32.67,129.03,0.93402,-1,-1,-1
292,-1,390.49,203.77,19.41,72.06,0.81967,-1,-1,-1
292,-1,131.66,64.02,25.14,62.20,0.75352,-1,-1,-1
292,-1,216.60,192.04,28.14,118.79,0.68331,-1,-1,-1
292,-1,425.93,8.27,151.79,456.49,0.51494,-1,-1,-1
292,-1,130.62,56.95,38.03,84.49,0.24318,-1,-1,-1
292,-1,392.31,200.28,14.23,42.55,0.24188,-1,-1,-1
292,-1,393.09,207.66,28.65,81.63,0.09862,-1,-1,-1
292,-1,107.37,49.49,54.06,87.36,0.09415,-1,-1,-1
292,-1,363.08,192.82,23.39,95.39,0.08745,-1,-1,-1
292,-1,402.13,140.05,38.18,160.05,0.07651,-1,-1,-1
292,-1,402.67,197.22,8.81,50.29,0.06408,-1,-1,-1
292,-1,219.29,137.31,41.24,177.98,0.06109,-1,-1,-1
292,-1,373.12,200.75,15.98,64.09,0.05539,-1,-1,-1
292,-1,534.02,16.10,105.21,195.23,0.05509,-1,-1,-1
292,-1,84.48,48.72,102.45,292.24,0.05046,-1,-1,-1
293,-1,330.59,166.89,67.13,172.89,0.99930,-1,-1,-1
293,-1,15.36,28.10,176.18,441.33,0.99879,-1,-1,-1
293,-1,230.64,75.81,107.66,361.66,0.99862,-1,-1,-1
293,-1,419.64,26.03,122.97,391.28,0.99811,-1,-1,-1
293,-1,498.24,7.92,139.54,469.81,0.99347,-1,-1,-1
293,-1,176.83,156.90,52.20,174.52,0.99103,-1,-1,-1
293,-1,220.57,200.90,29.46,106.47,0.94615,-1,-1,-1
293,-1,411.45,194.23,35.84,105.34,0.75306,-1,-1,-1
293,-1,140.63,100.22,20.58,21.51,0.57926,-1,-1,-1
293,-1,210.20,193.07,20.02,93.70,0.39791,-1,-1,-1
293,-1,140.21,53.82,23.43,68.13,0.30095,-1,-1,-1
293,-1,394.45,205.24,22.97,62.24,0.25037,-1,-1,-1
293,-1,177.97,150.57,15.09,41.77,0.23383,-1,-1,-1
293,-1,587.90,7.47,50.73,472.53,0.23327,-1,-1,-1
293,-1,212.47,189.69,20.12,60.27,0.23080,-1,-1,-1
293,-1,372.53,190.35,21.65,106.65,0.22987,-1,-1,-1
293,-1,142.38,98.67,28.13,31.84,0.18204,-1,-1,-1
293,-1,91.88,12.60,70.45,114.77,0.16437,-1,-1,-1
293,-1,414.45,102.79,38.58,201.73,0.13065,-1,-1,-1
293,-1,102.69,38.88,96.71,305.55,0.12057,-1,-1,-1
293,-1,188.90,176.94,31.65,124.53,0.11628,-1,-1,-1
293,-1,213.64,192.23,13.86,38.74,0.10784,-1,-1,-1
293,-1,161.67,140.66,40.14,181.18,0.09998,-1,-1,-1
293,-1,222.09,155.23,41.57,154.07,0.09773,-1,-1,-1
293,-1,559.21,4.56,80.04,333.97,0.08799,-1,-1,-1
293,-1,144.02,66.97,28.45,67.26,0.06253,-1,-1,-1
294,-1,21.95,29.78,188.81,446.08,0.99952,-1,-1,-1
294,-1,349.64,165.28,68.38,171.10,0.99912,-1,-1,-1
294,-1,235.85,64.30,125.01,388.67,0.99870,-1,-1,-1
294,-1,434.10,14.06,139.39,422.78,0.99717,-1,-1,-1
294,-1,472.19,6.60,159.14,453.85,0.98959,-1,-1,-1
294,-1,211.14,190.92,28.37,109.49,0.98161,-1,-1,-1
294,-1,228.91,201.66,31.22,105.99,0.90657,-1,-1,-1
294,-1,190.62,180.74,45.60,148.15,0.89344,-1,-1,-1
294,-1,427.28,205.36,36.32,96.55,0.79489,-1,-1,-1
294,-1,195.26,181.66,28.87,108.89,0.78267,-1,-1,-1
294,-1,233.67,154.77,40.10,155.14,0.54566,-1,-1,-1
294,-1,197.12,178.63,19.11,69.87,0.37741,-1,-1,-1
294,-1,161.01,122.14,74.50,219.75,0.31058,-1,-1,-1
294,-1,21.98,126.52,44.34,170.88,0.20207,-1,-1,-1
294,-1,117.17,40.44,109.77,290.46,0.16075,-1,-1,-1
294,-1,428.78,114.93,37.17,189.16,0.15589,-1,-1,-1
294,-1,215.47,192.49,18.59,37.70,0.13422,-1,-1,-1
294,-1,29.40,132.42,27.08,68.33,0.11580,-1,-1,-1
294,-1,236.50,192.82,22.23,82.92,0.11499,-1,-1,-1
294,-1,155.70,99.69,26.56,27.96,0.10524,-1,-1,-1
294,-1,153.90,100.78,18.76,18.79,0.06615,-1,-1,-1
294,-1,214.10,192.16,25.15,60.87,0.06535,-1,-1,-1
294,-1,104.56,6.41,72.88,115.59,0.06368,-1,-1,-1
294,-1,555.61,55.48,26.56,39.93,0.05816,-1,-1,-1
294,-1,554.03,13.66,30.44,78.49,0.05632,-1,-1,-1
295,-1,244.65,55.71,130.18,407.46,0.99918,-1,-1,-1
295,-1,366.57,164.26,62.71,171.05,0.99902,-1,-1,-1
295,-1,28.36,38.80,198.69,437.74,0.99901,-1,-1,-1
295,-1,443.34,20.50,145.72,429.65,0.99892,-1,-1,-1
295,-1,210.91,192.66,43.33,115.41,0.99531,-1,-1,-1
295,-1,530.13,44.17,107.33,406.80,0.95019,-1,-1,-1
295,-1,3.19,123.40,67.97,298.27,0.92311,-1,-1,-1
295,-1,443.47,202.65,31.77,97.94,0.81191,-1,-1,-1
295,-1,22.13,129.02,41.82,173.79,0.71646,-1,-1,-1
295,-1,7.73,78.43,142.49,380.30,0.34382,-1,-1,-1
295,-1,241.47,211.90,24.69,96.08,0.30528,-1,-1,-1
295,-1,122.43,47.25,103.48,288.00,0.21593,-1,-1,-1
295,-1,563.76,51.32,29.28,52.51,0.17019,-1,-1,-1
295,-1,47.44,39.53,160.73,256.43,0.10651,-1,-1,-1
295,-1,415.96,198.93,23.63,79.62,0.10062,-1,-1,-1
295,-1,178.32,159.17,53.33,172.08,0.08951,-1,-1,-1
295,-1,442.51,104.27,36.89,198.83,0.08719,-1,-1,-1
295,-1,66.12,116.69,20.35,42.85,0.07431,-1,-1,-1
295,-1,242.28,273.72,21.11,37.64,0.07028,-1,-1,-1
295,-1,500.99,97.37,93.33,338.73,0.05877,-1,-1,-1
295,-1,421.97,213.69,15.93,58.65,0.05627,-1,-1,-1
296,-1,250.75,53.04,125.88,408.26,0.99943,-1,-1,-1
296,-1,375.13,161.34,67.36,178.95,0.99922,-1,-1,-1
296,-1,37.15,46.78,185.89,425.57,0.99916,-1,-1,-1
296,-1,452.66,5.31,152.61,460.83,0.99895,-1,-1,-1
296,-1,11.22,129.35,62.69,179.56,0.99566,-1,-1,-1
296,-1,218.32,196.79,42.53,111.46,0.99507,-1,-1,-1
296,-1,520.47,25.49,117.72,424.51,0.89675,-1,-1,-1
296,-1,453.09,192.05,32.24,109.81,0.72526,-1,-1,-1
296,-1,224.13,195.65,27.76,44.70,0.31561,-1,-1,-1
296,-1,411.42,167.60,33.21,113.78,0.24607,-1,-1,-1
296,-1,147.91,64.46,70.27,340.47,0.19616,-1,-1,-1
296,-1,115.54,95.36,13.11,16.82,0.19179,-1,-1,-1
296,-1,12.10,115.99,102.92,343.93,0.17571,-1,-1,-1
296,-1,450.14,79.49,39.81,223.93,0.15016,-1,-1,-1
296,-1,22.77,96.61,95.97,206.11,0.10795,-1,-1,-1
296,-1,26.06,54.42,167.57,247.40,0.10152,-1,-1,-1
296,-1,111.47,15.09,50.10,98.91,0.05999,-1,-1,-1
296,-1,248.45,200.78,21.30,94.97,0.05670,-1,-1,-1
296,-1,170.87,108.54,47.43,239.36,0.05188,-1,-1,-1
297,-1,459.98,0.50,160.28,471.37,0.99943,-1,-1,-1
297,-1,31.31,42.57,196.88,423.92,0.99935,-1,-1,-1
297,-1,240.52,30.70,140.88,443.68,0.99900,-1,-1,-1
297,-1,381.13,162.18,75.09,176.55,0.99900,-1,-1,-1
297,-1,1.01,126.67,72.77,206.70,0.99476,-1,-1,-1
297,-1,224.30,194.72,36.33,108.69,0.98241,-1,-1,-1
297,-1,456.69,194.98,33.95,107.96,0.76445,-1,-1,-1
297,-1,578.40,59.28,60.77,393.05,0.62489,-1,-1,-1
297,-1,231.07,194.90,23.74,38.15,0.49687,-1,-1,-1
297,-1,230.59,195.14,27.50,70.42,0.27245,-1,-1,-1
297,-1,16.19,122.89,56.36,122.77,0.12961,-1,-1,-1
297,-1,250.57,201.83,18.96,84.84,0.08721,-1,-1,-1
297,-1,257.79,208.27,11.85,42.09,0.08090,-1,-1,-1
297,-1,29.35,129.97,56.14,164.62,0.07003,-1,-1,-1
297,-1,374.45,174.31,39.05,143.59,0.06646,-1,-1,-1
297,-1,136.54,65.83,91.03,349.69,0.05446,-1,-1,-1
297,-1,65.59,48.91,156.76,241.90,0.05043,-1,-1,-1
298,-1,463.71,0.00,173.05,479.60,0.99953,-1,-1,-1
298,-1,49.41,42.33,188.51,432.98,0.99892,-1,-1,-1
298,-1,400.41,163.45,83.71,172.58,0.99890,-1,-1,-1
298,-1,235.31,16.77,150.52,459.14,0.99822,-1,-1,-1
298,-1,0.00,117.60,58.88,202.17,0.99670,-1,-1,-1
298,-1,222.94,196.29,38.32,109.78,0.93619,-1,-1,-1
298,-1,362.10,169.28,37.43,88.67,0.93489,-1,-1,-1
298,-1,391.13,170.85,34.49,114.52,0.85380,-1,-1,-1
298,-1,0.00,129.34,82.86,264.91,0.63222,-1,-1,-1
298,-1,236.48,195.78,27.39,83.91,0.54053,-1,-1,-1
298,-1,469.19,205.26,32.31,96.58,0.46690,-1,-1,-1
298,-1,369.24,171.57,49.02,95.18,0.38534,-1,-1,-1
298,-1,439.75,169.51,56.96,128.59,0.31736,-1,-1,-1
298,-1,395.70,169.85,33.65,70.34,0.27369,-1,-1,-1
298,-1,569.06,20.45,66.86,437.95,0.24371,-1,-1,-1
298,-1,369.30,169.34,29.24,50.91,0.22954,-1,-1,-1
298,-1,414.60,169.53,51.40,104.35,0.17736,-1,-1,-1
298,-1,10.41,68.98,164.92,381.43,0.07378,-1,-1,-1
298,-1,608.93,125.18,29.23,244.96,0.07208,-1,-1,-1
298,-1,386.23,161.91,52.29,152.36,0.07049,-1,-1,-1
298,-1,238.11,201.35,24.86,43.53,0.06302,-1,-1,-1
298,-1,308.12,98.57,83.36,367.29,0.06133,-1,-1,-1
298,-1,2.36,122.34,14.83,23.73,0.06132,-1,-1,-1
299,-1,474.38,0.18,165.62,477.40,0.99934,-1,-1,-1
299,-1,402.00,165.95,85.05,172.65,0.99915,-1,-1,-1
299,-1,46.04,51.11,193.22,423.23,0.99847,-1,-1,-1
299,-1,0.00,114.72,53.69,206.23,0.99825,-1,-1,-1
299,-1,233.43,15.88,145.17,458.31,0.99580,-1,-1,-1
299,-1,363.57,167.87,42.88,130.36,0.98747,-1,-1,-1
299,-1,396.50,176.19,31.58,123.31,0.76083,-1,-1,-1
299,-1,567.77,0.00,71.42,466.13,0.58425,-1,-1,-1
299,-1,458.36,173.61,46.22,125.38,0.54334,-1,-1,-1
299,-1,400.72,177.79,28.36,62.06,0.44475,-1,-1,-1
299,-1,1.63,129.02,79.56,249.52,0.25279,-1,-1,-1
299,-1,238.20,200.85,20.57,101.61,0.22803,-1,-1,-1
299,-1,387.56,189.48,28.84,109.49,0.17040,-1,-1,-1
299,-1,299.75,130.49,88.96,344.75,0.15043,-1,-1,-1
299,-1,240.87,16.59,126.57,244.87,0.13794,-1,-1,-1
299,-1,474.60,221.74,32.48,79.47,0.12621,-1,-1,-1
299,-1,566.71,264.83,20.67,85.95,0.10174,-1,-1,-1
299,-1,394.28,194.46,30.72,58.03,0.09610,-1,-1,-1
299,-1,170.99,31.55,153.38,438.34,0.07286,-1,-1,-1
300,-1,410.38,163.75,91.36,174.97,0.99920,-1,-1,-1
300,-1,64.43,48.63,190.34,424.77,0.99914,-1,-1,-1
300,-1,489.44,0.00,148.31,476.92,0.99761,-1,-1,-1
300,-1,0.00,136.53,57.23,199.85,0.99722,-1,-1,-1
300,-1,365.48,166.71,47.64,136.91,0.99687,-1,-1,-1
300,-1,221.61,2.00,162.14,472.77,0.99449,-1,-1,-1
300,-1,404.25,189.27,33.60,107.70,0.96909,-1,-1,-1
300,-1,463.84,169.07,47.40,128.27,0.69656,-1,-1,-1
300,-1,588.99,0.00,48.36,468.04,0.62627,-1,-1,-1
300,-1,30.90,153.05,80.71,254.77,0.39344,-1,-1,-1
300,-1,223.82,6.33,145.60,259.52,0.30280,-1,-1,-1
300,-1,415.00,203.17,27.37,77.00,0.23099,-1,-1,-1
300,-1,478.42,200.27,29.33,99.47,0.21259,-1,-1,-1
300,-1,411.22,166.89,23.50,30.17,0.20100,-1,-1,-1
300,-1,254.99,222.90,124.79,249.39,0.18018,-1,-1,-1
300,-1,0.83,137.65,25.88,43.92,0.11898,-1,-1,-1
301,-1,89.84,34.60,146.79,435.53,0.99963,-1,-1,-1
301,-1,417.81,163.35,85.02,173.23,0.99888,-1,-1,-1
301,-1,364.43,166.71,55.43,139.58,0.99875,-1,-1,-1
301,-1,0.00,145.76,57.72,185.14,0.99701,-1,-1,-1
301,-1,496.41,0.00,143.59,470.42,0.99684,-1,-1,-1
301,-1,207.40,2.46,165.34,473.57,0.99669,-1,-1,-1
301,-1,405.93,183.88,33.71,112.09,0.98870,-1,-1,-1
301,-1,475.14,171.88,37.51,122.31,0.72926,-1,-1,-1
301,-1,37.94,170.07,79.65,235.84,0.51557,-1,-1,-1
301,-1,487.68,196.28,22.39,98.81,0.37196,-1,-1,-1
301,-1,589.98,0.00,48.88,469.15,0.30876,-1,-1,-1
301,-1,14.01,152.59,39.39,82.40,0.24131,-1,-1,-1
301,-1,0.46,268.31,27.67,67.60,0.21885,-1,-1,-1
301,-1,51.01,214.20,30.11,98.76,0.16865,-1,-1,-1
301,-1,55.68,234.74,34.47,64.66,0.09310,-1,-1,-1
301,-1,77.64,43.63,163.59,206.69,0.07183,-1,-1,-1
301,-1,10.24,167.03,77.12,189.62,0.07168,-1,-1,-1
301,-1,430.42,203.46,18.13,59.10,0.06714,-1,-1,-1
301,-1,211.34,1.64,140.74,250.45,0.06095,-1,-1,-1
301,-1,4.35,151.42,37.50,70.30,0.05738,-1,-1,-1
301,-1,601.94,235.62,37.77,239.63,0.05661,-1,-1,-1
301,-1,442.18,167.09,53.32,112.97,0.05431,-1,-1,-1
302,-1,440.74,160.52,71.40,169.94,0.99940,-1,-1,-1
302,-1,354.75,164.80,69.58,144.97,0.99765,-1,-1,-1
302,-1,513.80,0.00,126.20,469.19,0.99721,-1,-1,-1
302,-1,2.05,149.59,55.35,167.96,0.99606,-1,-1,-1
302,-1,162.33,0.00,187.50,473.62,0.99541,-1,-1,-1
302,-1,328.77,191.99,34.99,105.74,0.99091,-1,-1,-1
302,-1,57.89,111.17,85.31,188.50,0.98892,-1,-1,-1
302,-1,107.28,46.01,120.62,432.66,0.98285,-1,-1,-1
302,-1,404.96,182.50,34.02,111.72,0.96010,-1,-1,-1
302,-1,480.43,167.21,35.07,130.43,0.73879,-1,-1,-1
302,-1,409.87,180.91,26.70,61.06,0.40008,-1,-1,-1
302,-1,80.91,91.83,85.31,339.18,0.34694,-1,-1,-1
302,-1,11.04,148.04,42.70,72.08,0.31241,-1,-1,-1
302,-1,188.00,32.79,45.26,62.09,0.28945,-1,-1,-1
302,-1,22.47,144.66,47.95,157.67,0.23637,-1,-1,-1
302,-1,184.42,6.92,149.73,276.96,0.21026,-1,-1,-1
302,-1,378.52,166.42,41.66,118.38,0.18980,-1,-1,-1
302,-1,27.49,145.54,23.82,26.52,0.17077,-1,-1,-1
302,-1,189.21,218.37,169.11,255.39,0.10702,-1,-1,-1
302,-1,191.61,1.69,53.30,94.98,0.10523,-1,-1,-1
302,-1,437.94,208.21,21.00,54.18,0.09333,-1,-1,-1
302,-1,429.91,194.23,19.24,67.69,0.08981,-1,-1,-1
302,-1,324.17,195.31,25.94,75.61,0.08823,-1,-1,-1
302,-1,494.81,183.00,23.04,101.98,0.08529,-1,-1,-1
302,-1,414.51,179.63,19.96,20.04,0.07726,-1,-1,-1
302,-1,35.51,215.81,31.91,93.60,0.07570,-1,-1,-1
302,-1,399.83,216.85,26.50,80.02,0.06970,-1,-1,-1
302,-1,354.58,219.36,13.25,42.28,0.05789,-1,-1,-1
303,-1,450.08,159.42,69.78,172.35,0.99947,-1,-1,-1
303,-1,373.78,162.52,61.17,142.77,0.99543,-1,-1,-1
303,-1,33.93,105.78,100.12,278.84,0.99516,-1,-1,-1
303,-1,528.71,0.00,110.25,480.00,0.99488,-1,-1,-1
303,-1,127.83,0.00,199.66,466.18,0.99041,-1,-1,-1
303,-1,306.80,159.49,46.06,160.35,0.98735,-1,-1,-1
303,-1,10.08,144.78,52.24,159.74,0.98145,-1,-1,-1
303,-1,336.57,190.89,35.77,122.73,0.96382,-1,-1,-1
303,-1,409.54,192.50,28.59,98.45,0.78975,-1,-1,-1
303,-1,102.48,91.29,106.90,343.31,0.77225,-1,-1,-1
303,-1,449.73,205.00,18.67,62.06,0.58311,-1,-1,-1
303,-1,492.90,175.04,25.38,116.77,0.49458,-1,-1,-1
303,-1,308.96,159.74,37.03,97.58,0.28277,-1,-1,-1
303,-1,530.05,193.86,38.94,164.34,0.27700,-1,-1,-1
303,-1,374.84,196.12,19.16,69.54,0.17246,-1,-1,-1
303,-1,170.12,172.40,162.15,304.49,0.15047,-1,-1,-1
303,-1,443.81,211.89,19.91,50.73,0.14756,-1,-1,-1
303,-1,412.50,187.26,27.92,58.19,0.12937,-1,-1,-1
303,-1,498.57,180.88,21.71,78.16,0.12765,-1,-1,-1
303,-1,438.43,224.90,13.06,35.15,0.12200,-1,-1,-1
303,-1,138.66,0.00,94.11,477.02,0.11390,-1,-1,-1
303,-1,145.21,4.45,167.37,270.85,0.11313,-1,-1,-1
303,-1,18.92,147.71,40.89,83.86,0.10704,-1,-1,-1
303,-1,33.16,145.89,32.36,58.77,0.07766,-1,-1,-1
303,-1,89.04,106.92,51.85,180.59,0.06800,-1,-1,-1
303,-1,383.69,167.89,32.54,114.28,0.05958,-1,-1,-1
303,-1,274.48,147.40,64.82,199.80,0.05587,-1,-1,-1
303,-1,37.84,132.64,51.90,238.37,0.05108,-1,-1,-1
303,-1,105.08,14.82,161.47,319.03,0.05026,-1,-1,-1
304,-1,459.90,157.66,63.65,171.90,0.99958,-1,-1,-1
304,-1,7.60,94.43,112.11,283.97,0.99870,-1,-1,-1
304,-1,277.04,153.47,74.18,161.67,0.99724,-1,-1,-1
304,-1,384.32,158.85,53.55,139.47,0.99664,-1,-1,-1
304,-1,540.46,0.00,98.24,479.42,0.98795,-1,-1,-1
304,-1,337.16,190.52,53.24,121.35,0.96872,-1,-1,-1
304,-1,531.19,176.80,48.83,194.90,0.96203,-1,-1,-1
304,-1,105.93,105.89,185.01,362.65,0.95515,-1,-1,-1
304,-1,447.18,206.14,19.76,57.01,0.93633,-1,-1,-1
304,-1,104.51,6.73,192.43,329.51,0.93279,-1,-1,-1
304,-1,279.27,151.15,35.97,147.37,0.89635,-1,-1,-1
304,-1,303.32,167.58,91.10,146.84,0.65477,-1,-1,-1
304,-1,408.76,190.46,26.66,96.95,0.53567,-1,-1,-1
304,-1,455.52,205.67,16.89,54.43,0.25054,-1,-1,-1
304,-1,435.97,222.57,11.75,34.41,0.22636,-1,-1,-1
304,-1,100.07,124.20,67.26,162.88,0.20898,-1,-1,-1
304,-1,6.30,162.97,68.40,213.13,0.18056,-1,-1,-1
304,-1,129.06,5.70,131.73,183.99,0.15513,-1,-1,-1
304,-1,70.60,113.82,87.50,278.34,0.13212,-1,-1,-1
304,-1,16.24,158.81,30.76,83.40,0.11007,-1,-1,-1
304,-1,532.20,182.14,16.49,87.61,0.10849,-1,-1,-1
304,-1,381.49,206.18,35.98,93.49,0.09720,-1,-1,-1
304,-1,492.00,164.94,33.41,89.23,0.09042,-1,-1,-1
304,-1,52.18,262.47,28.01,46.25,0.09006,-1,-1,-1
304,-1,413.00,173.65,27.09,74.25,0.08748,-1,-1,-1
304,-1,102.12,146.22,140.85,149.71,0.07769,-1,-1,-1
304,-1,569.31,178.20,68.84,301.80,0.07601,-1,-1,-1
304,-1,139.80,9.20,45.98,96.02,0.05751,-1,-1,-1
304,-1,285.35,156.01,31.23,83.98,0.05571,-1,-1,-1
304,-1,430.18,223.88,13.27,33.26,0.05482,-1,-1,-1
304,-1,421.01,193.97,21.32,68.34,0.05331,-1,-1,-1
304,-1,357.77,194.59,26.64,77.02,0.05179,-1,-1,-1
304,-1,528.84,90.70,80.50,331.13,0.05112,-1,-1,-1
305,-1,462.23,160.72,63.96,171.96,0.99929,-1,-1,-1
305,-1,387.12,158.83,51.34,144.96,0.99588,-1,-1,-1
305,-1,522.49,138.83,75.13,233.72,0.99465,-1,-1,-1
305,-1,289.52,157.99,73.28,159.50,0.99350,-1,-1,-1
305,-1,0.00,94.21,124.09,288.17,0.99223,-1,-1,-1
305,-1,336.62,190.80,56.40,123.47,0.98827,-1,-1,-1
305,-1,276.75,158.52,37.05,137.39,0.97328,-1,-1,-1
305,-1,559.16,12.97,76.06,441.02,0.97259,-1,-1,-1
305,-1,56.96,80.56,206.08,377.04,0.95438,-1,-1,-1
305,-1,443.93,209.68,21.72,53.97,0.94302,-1,-1,-1
305,-1,257.27,175.72,27.71,131.47,0.76395,-1,-1,-1
305,-1,408.21,189.39,26.82,101.40,0.57385,-1,-1,-1
305,-1,263.72,170.49,39.52,140.23,0.46388,-1,-1,-1
305,-1,70.93,151.71,145.22,177.18,0.36971,-1,-1,-1
305,-1,196.33,161.55,71.14,142.58,0.32849,-1,-1,-1
305,-1,78.77,23.22,169.48,277.37,0.29241,-1,-1,-1
305,-1,281.39,159.53,33.14,77.90,0.25790,-1,-1,-1
305,-1,266.29,178.20,23.52,101.46,0.19071,-1,-1,-1
305,-1,110.10,162.40,163.37,150.95,0.18817,-1,-1,-1
305,-1,89.89,172.01,102.98,110.83,0.14177,-1,-1,-1
305,-1,435.22,214.58,11.90,43.73,0.12623,-1,-1,-1
305,-1,370.78,219.22,19.36,39.32,0.12144,-1,-1,-1
305,-1,349.67,173.38,64.91,139.60,0.11911,-1,-1,-1
305,-1,247.03,192.73,31.21,113.04,0.10429,-1,-1,-1
305,-1,577.55,167.30,61.68,312.70,0.10412,-1,-1,-1
305,-1,233.43,150.30,74.24,155.59,0.09642,-1,-1,-1
305,-1,265.41,182.99,17.42,49.26,0.08338,-1,-1,-1
305,-1,454.29,213.74,21.70,47.23,0.08114,-1,-1,-1
305,-1,48.85,99.94,137.29,200.10,0.08061,-1,-1,-1
305,-1,262.32,186.01,15.14,66.97,0.07564,-1,-1,-1
305,-1,412.01,163.78,26.16,86.20,0.07053,-1,-1,-1
305,-1,45.78,271.51,17.34,25.27,0.07046,-1,-1,-1
305,-1,346.80,190.75,30.99,111.76,0.06176,-1,-1,-1
306,-1,465.60,161.77,65.54,171.08,0.99879,-1,-1,-1
306,-1,382.39,156.83,59.59,150.94,0.99840,-1,-1,-1
306,-1,511.51,136.04,96.94,239.04,0.99705,-1,-1,-1
306,-1,306.90,154.27,51.64,162.89,0.99164,-1,-1,-1
306,-1,270.33,157.00,40.16,152.34,0.98494,-1,-1,-1
306,-1,336.86,190.31,53.95,124.67,0.97429,-1,-1,-1
306,-1,8.70,16.13,244.07,429.68,0.97011,-1,-1,-1
306,-1,572.03,6.87,65.39,340.70,0.95765,-1,-1,-1
306,-1,438.62,208.31,24.87,54.70,0.95682,-1,-1,-1
306,-1,15.78,86.01,39.45,39.87,0.81935,-1,-1,-1
306,-1,233.02,134.11,52.01,176.33,0.74351,-1,-1,-1
306,-1,4.77,89.22,76.96,82.92,0.71192,-1,-1,-1
306,-1,468.52,189.11,19.90,100.90,0.61870,-1,-1,-1
306,-1,0.00,89.36,70.28,227.56,0.59407,-1,-1,-1
306,-1,591.27,366.03,48.49,111.55,0.48682,-1,-1,-1
306,-1,267.36,179.95,17.89,31.22,0.45317,-1,-1,-1
306,-1,0.00,223.97,242.37,230.02,0.40186,-1,-1,-1
306,-1,11.14,86.19,57.67,58.88,0.38273,-1,-1,-1
306,-1,265.35,178.83,19.79,79.23,0.28912,-1,-1,-1
306,-1,349.66,190.02,29.75,104.58,0.28278,-1,-1,-1
306,-1,363.72,205.02,25.16,98.39,0.28155,-1,-1,-1
306,-1,218.12,114.94,67.16,275.90,0.27887,-1,-1,-1
306,-1,371.59,206.89,18.96,74.75,0.27130,-1,-1,-1
306,-1,13.69,107.61,113.83,195.68,0.24866,-1,-1,-1
306,-1,450.58,213.66,15.17,46.09,0.24018,-1,-1,-1
306,-1,373.88,212.90,15.37,42.86,0.23191,-1,-1,-1
306,-1,6.69,98.11,115.22,97.43,0.18683,-1,-1,-1
306,-1,412.91,176.05,25.82,87.29,0.17809,-1,-1,-1
306,-1,294.00,153.23,24.19,66.23,0.14074,-1,-1,-1
306,-1,38.20,91.69,46.08,37.73,0.12857,-1,-1,-1
306,-1,273.60,157.17,31.69,70.76,0.11070,-1,-1,-1
306,-1,22.35,68.27,161.60,262.84,0.11051,-1,-1,-1
306,-1,432.92,219.13,14.39,38.49,0.09049,-1,-1,-1
306,-1,106.10,58.49,133.68,403.34,0.07287,-1,-1,-1
306,-1,462.48,169.59,42.48,131.87,0.07033,-1,-1,-1
306,-1,583.75,147.99,56.25,323.91,0.06733,-1,-1,-1
306,-1,409.88,167.41,25.37,41.55,0.06134,-1,-1,-1
306,-1,177.05,83.57,119.61,360.69,0.05893,-1,-1,-1
306,-1,296.52,157.65,31.19,98.66,0.05673,-1,-1,-1
306,-1,40.83,169.28,99.63,141.17,0.05325,-1,-1,-1
306,-1,316.39,154.85,40.60,99.77,0.05144,-1,-1,-1
306,-1,36.40,140.78,206.17,245.04,0.05132,-1,-1,-1
306,-1,264.92,148.67,80.25,166.56,0.05122,-1,-1,-1
307,-1,382.44,159.07,67.92,149.74,0.99874,-1,-1,-1
307,-1,507.30,129.97,108.44,251.69,0.99864,-1,-1,-1
307,-1,466.40,164.52,63.40,163.64,0.99614,-1,-1,-1
307,-1,310.46,153.16,46.33,165.04,0.99325,-1,-1,-1
307,-1,0.00,18.90,240.55,446.53,0.98780,-1,-1,-1
307,-1,342.14,186.16,49.39,128.77,0.98237,-1,-1,-1
307,-1,188.90,64.61,97.99,357.55,0.96009,-1,-1,-1
307,-1,466.77,170.18,32.31,115.56,0.95280,-1,-1,-1
307,-1,267.07,163.48,41.63,140.17,0.93434,-1,-1,-1
307,-1,436.96,210.17,24.35,52.79,0.86894,-1,-1,-1
307,-1,267.43,156.01,32.52,48.28,0.83166,-1,-1,-1
307,-1,591.32,1.76,48.13,258.46,0.77066,-1,-1,-1
307,-1,248.16,148.00,51.92,162.78,0.58577,-1,-1,-1
307,-1,269.49,167.32,31.03,89.55,0.58244,-1,-1,-1
307,-1,0.52,260.60,235.46,203.79,0.58096,-1,-1,-1
307,-1,217.68,100.82,75.88,212.00,0.48033,-1,-1,-1
307,-1,262.37,154.26,15.02,26.63,0.30242,-1,-1,-1
307,-1,260.68,148.89,23.97,29.91,0.26928,-1,-1,-1
307,-1,510.96,248.06,22.36,73.65,0.26852,-1,-1,-1
307,-1,262.34,149.63,31.52,42.36,0.26424,-1,-1,-1
307,-1,450.76,214.63,12.93,42.02,0.23504,-1,-1,-1
307,-1,467.81,174.59,24.18,69.90,0.19963,-1,-1,-1
307,-1,291.39,150.17,22.58,72.01,0.19085,-1,-1,-1
307,-1,292.88,151.98,20.98,36.71,0.17639,-1,-1,-1
307,-1,549.58,57.99,80.87,301.42,0.17565,-1,-1,-1
307,-1,410.70,163.41,25.75,94.28,0.17195,-1,-1,-1
307,-1,203.45,71.62,88.32,140.87,0.16737,-1,-1,-1
307,-1,439.63,215.76,11.69,45.71,0.12039,-1,-1,-1
307,-1,270.69,180.39,18.64,28.56,0.11600,-1,-1,-1
307,-1,3.11,174.97,132.99,276.59,0.11083,-1,-1,-1
307,-1,579.95,0.00,60.05,446.62,0.09937,-1,-1,-1
307,-1,279.25,197.27,30.05,98.34,0.08304,-1,-1,-1
307,-1,422.77,204.07,19.58,52.51,0.07984,-1,-1,-1
307,-1,362.01,189.61,32.33,92.57,0.06640,-1,-1,-1
307,-1,356.78,177.98,58.74,129.14,0.06564,-1,-1,-1
307,-1,429.96,215.52,13.68,42.02,0.06472,-1,-1,-1
307,-1,298.74,159.95,89.05,152.83,0.06228,-1,-1,-1
307,-1,277.87,148.25,31.55,85.55,0.05862,-1,-1,-1
307,-1,141.75,33.06,122.64,421.14,0.05820,-1,-1,-1
307,-1,340.27,240.07,28.04,66.63,0.05773,-1,-1,-1
307,-1,479.57,171.11,36.16,118.68,0.05574,-1,-1,-1
307,-1,0.00,277.13,46.71,88.10,0.05273,-1,-1,-1
308,-1,143.68,59.54,146.42,399.43,0.99933,-1,-1,-1
308,-1,491.87,125.02,125.03,256.66,0.99889,-1,-1,-1
308,-1,383.68,159.42,75.48,150.98,0.99674,-1,-1,-1
308,-1,309.10,149.54,57.89,169.27,0.99669,-1,-1,-1
308,-1,467.07,168.33,31.46,122.42,0.99427,-1,-1,-1
308,-1,357.82,185.20,32.94,124.92,0.96340,-1,-1,-1
308,-1,477.77,168.56,58.69,156.53,0.94202,-1,-1,-1
308,-1,0.00,8.09,173.10,470.93,0.89087,-1,-1,-1
308,-1,477.28,168.31,33.37,123.34,0.85499,-1,-1,-1
308,-1,488.36,174.57,26.81,89.67,0.84373,-1,-1,-1
308,-1,263.46,149.54,27.70,44.64,0.75389,-1,-1,-1
308,-1,263.92,161.39,35.69,134.48,0.68954,-1,-1,-1
308,-1,419.91,192.14,30.44,67.01,0.59940,-1,-1,-1
308,-1,265.39,156.20,28.45,62.34,0.56069,-1,-1,-1
308,-1,269.91,173.92,27.79,83.70,0.55780,-1,-1,-1
308,-1,272.57,178.69,21.31,38.73,0.48168,-1,-1,-1
308,-1,370.52,196.43,23.39,104.61,0.42040,-1,-1,-1
308,-1,429.31,208.20,28.90,51.80,0.41288,-1,-1,-1
308,-1,246.16,143.56,44.54,160.21,0.36689,-1,-1,-1
308,-1,280.73,193.72,23.80,102.56,0.31688,-1,-1,-1
308,-1,261.50,146.68,23.27,32.45,0.30921,-1,-1,-1
308,-1,273.54,177.18,31.22,55.20,0.29374,-1,-1,-1
308,-1,442.01,204.75,20.72,52.00,0.25991,-1,-1,-1
308,-1,287.01,149.56,28.33,37.10,0.22524,-1,-1,-1
308,-1,407.72,164.73,48.15,99.86,0.21836,-1,-1,-1
308,-1,492.55,155.73,39.60,125.27,0.20595,-1,-1,-1
308,-1,1.25,247.71,83.02,227.29,0.19433,-1,-1,-1
308,-1,287.70,148.80,25.82,72.81,0.19064,-1,-1,-1
308,-1,15.61,235.93,156.71,235.97,0.17908,-1,-1,-1
308,-1,338.39,175.06,41.54,140.34,0.17399,-1,-1,-1
308,-1,378.74,209.08,22.09,90.47,0.16562,-1,-1,-1
308,-1,451.23,198.99,16.77,56.78,0.16496,-1,-1,-1
308,-1,0.00,85.97,99.16,389.34,0.14836,-1,-1,-1
308,-1,51.23,14.96,214.26,458.65,0.14449,-1,-1,-1
308,-1,152.84,90.15,28.98,42.97,0.09525,-1,-1,-1
308,-1,426.84,185.32,38.88,72.63,0.05963,-1,-1,-1
308,-1,177.79,73.13,108.44,251.29,0.05697,-1,-1,-1
308,-1,307.43,164.27,12.24,27.19,0.05600,-1,-1,-1
309,-1,495.76,122.37,127.92,274.63,0.99939,-1,-1,-1
309,-1,118.61,55.67,172.82,415.02,0.99920,-1,-1,-1
309,-1,308.17,151.60,75.67,167.56,0.99846,-1,-1,-1
309,-1,466.05,168.92,35.67,118.67,0.99767,-1,-1,-1
309,-1,393.60,158.59,70.32,149.94,0.99767,-1,-1,-1
309,-1,102.61,94.27,72.55,185.91,0.98787,-1,-1,-1
309,-1,364.56,184.43,35.35,125.36,0.96910,-1,-1,-1
309,-1,277.39,176.85,30.89,133.15,0.74343,-1,-1,-1
309,-1,0.00,6.35,120.93,460.22,0.60170,-1,-1,-1
309,-1,264.51,163.37,37.32,140.31,0.56523,-1,-1,-1
309,-1,266.17,149.08,22.75,44.38,0.50596,-1,-1,-1
309,-1,72.65,122.23,38.18,151.78,0.38039,-1,-1,-1
309,-1,277.87,178.59,26.56,39.86,0.37567,-1,-1,-1
309,-1,495.33,175.53,18.58,76.57,0.36760,-1,-1,-1
309,-1,276.83,177.68,15.03,44.74,0.35517,-1,-1,-1
309,-1,75.05,169.84,28.60,95.70,0.31376,-1,-1,-1
309,-1,267.85,158.58,23.00,64.23,0.30484,-1,-1,-1
309,-1,276.22,172.95,22.24,94.59,0.30340,-1,-1,-1
309,-1,495.98,171.61,40.00,147.92,0.22492,-1,-1,-1
309,-1,280.79,157.99,27.51,57.45,0.19696,-1,-1,-1
309,-1,484.91,176.56,22.71,111.52,0.19685,-1,-1,-1
309,-1,283.94,175.07,24.92,78.73,0.16677,-1,-1,-1
309,-1,284.27,147.94,26.87,46.42,0.16157,-1,-1,-1
309,-1,383.28,171.03,36.13,131.68,0.14921,-1,-1,-1
309,-1,448.98,200.47,18.19,55.46,0.14892,-1,-1,-1
309,-1,272.90,170.26,19.05,71.04,0.14307,-1,-1,-1
309,-1,433.04,191.10,24.17,63.50,0.10062,-1,-1,-1
309,-1,361.35,187.86,26.13,101.14,0.09749,-1,-1,-1
309,-1,37.17,21.10,179.41,449.63,0.09220,-1,-1,-1
309,-1,496.30,251.95,39.19,73.89,0.08975,-1,-1,-1
309,-1,496.72,179.33,14.20,49.18,0.08898,-1,-1,-1
309,-1,312.08,157.58,49.56,106.30,0.08609,-1,-1,-1
309,-1,122.93,95.34,53.03,99.39,0.07327,-1,-1,-1
309,-1,264.43,146.01,19.86,29.21,0.06483,-1,-1,-1
309,-1,82.61,139.51,46.29,139.49,0.06147,-1,-1,-1
309,-1,268.79,147.08,35.23,49.29,0.05753,-1,-1,-1
309,-1,340.24,153.29,94.69,163.38,0.05106,-1,-1,-1
310,-1,113.06,67.09,181.48,407.70,0.99955,-1,-1,-1
310,-1,496.54,117.91,119.64,294.78,0.99929,-1,-1,-1
310,-1,394.55,158.51,63.28,154.07,0.99829,-1,-1,-1
310,-1,305.89,152.21,77.59,170.17,0.99781,-1,-1,-1
310,-1,464.07,172.63,39.52,120.37,0.99751,-1,-1,-1
310,-1,37.90,142.22,55.06,178.41,0.99462,-1,-1,-1
310,-1,77.98,88.04,79.55,294.79,0.99164,-1,-1,-1
310,-1,368.27,188.41,46.23,129.62,0.97672,-1,-1,-1
310,-1,280.82,172.72,25.23,134.87,0.94395,-1,-1,-1
310,-1,363.41,189.81,32.87,110.75,0.39129,-1,-1,-1
310,-1,277.14,177.17,25.72,59.18,0.37893,-1,-1,-1
310,-1,337.72,166.98,90.80,150.70,0.23180,-1,-1,-1
310,-1,316.82,151.31,55.76,115.35,0.15745,-1,-1,-1
310,-1,498.72,170.33,39.31,156.29,0.15412,-1,-1,-1
310,-1,39.44,145.88,48.05,73.26,0.15118,-1,-1,-1
310,-1,254.38,159.75,43.68,147.63,0.09798,-1,-1,-1
310,-1,456.35,226.90,13.15,31.32,0.08374,-1,-1,-1
310,-1,505.94,239.39,32.39,87.34,0.08131,-1,-1,-1
310,-1,115.93,97.69,51.08,195.45,0.07030,-1,-1,-1
310,-1,4.17,161.40,62.85,144.51,0.06871,-1,-1,-1
310,-1,310.01,198.90,18.91,58.36,0.06153,-1,-1,-1
310,-1,92.65,185.05,60.49,223.16,0.06046,-1,-1,-1
311,-1,494.52,114.97,128.45,318.02,0.99947,-1,-1,-1
311,-1,103.69,62.34,190.63,412.87,0.99909,-1,-1,-1
311,-1,297.02,149.70,86.80,177.93,0.99828,-1,-1,-1
311,-1,387.84,159.18,68.79,159.47,0.99664,-1,-1,-1
311,-1,458.61,175.87,39.51,118.20,0.99603,-1,-1,-1
311,-1,36.70,80.04,113.00,364.09,0.99579,-1,-1,-1
311,-1,366.32,189.67,41.18,125.48,0.97215,-1,-1,-1
311,-1,274.95,176.34,19.22,46.86,0.82287,-1,-1,-1
311,-1,273.82,177.89,20.80,95.59,0.76284,-1,-1,-1
311,-1,0.82,181.08,43.75,115.33,0.69423,-1,-1,-1
311,-1,265.16,172.78,30.10,136.21,0.63067,-1,-1,-1
311,-1,377.09,183.70,50.60,133.33,0.60738,-1,-1,-1
311,-1,501.00,253.08,26.78,74.65,0.24115,-1,-1,-1
311,-1,276.84,176.07,28.30,111.17,0.22966,-1,-1,-1
311,-1,314.68,150.68,46.29,124.07,0.19876,-1,-1,-1
311,-1,454.44,206.63,13.36,53.02,0.17481,-1,-1,-1
311,-1,301.91,230.96,11.08,26.82,0.16355,-1,-1,-1
311,-1,31.63,156.10,30.85,167.71,0.15229,-1,-1,-1
311,-1,45.59,79.44,106.64,180.80,0.14639,-1,-1,-1
311,-1,449.55,222.08,15.71,36.13,0.12558,-1,-1,-1
311,-1,329.73,164.72,60.37,147.75,0.10946,-1,-1,-1
311,-1,279.31,206.37,16.39,73.21,0.09715,-1,-1,-1
311,-1,441.06,191.32,23.04,66.69,0.09303,-1,-1,-1
311,-1,37.98,109.23,30.50,87.02,0.07563,-1,-1,-1
311,-1,276.76,176.26,12.42,69.68,0.06505,-1,-1,-1
311,-1,286.84,179.79,26.79,84.29,0.06260,-1,-1,-1
311,-1,239.41,131.54,51.17,180.76,0.05351,-1,-1,-1
312,-1,485.98,107.01,136.79,332.94,0.99980,-1,-1,-1
312,-1,104.80,59.30,187.07,413.49,0.99946,-1,-1,-1
312,-1,1.16,59.28,126.81,393.47,0.99938,-1,-1,-1
312,-1,289.03,153.08,96.55,176.73,0.99847,-1,-1,-1
312,-1,448.98,175.96,42.28,116.80,0.99693,-1,-1,-1
312,-1,396.53,157.66,60.49,161.42,0.99680,-1,-1,-1
312,-1,364.91,186.25,49.40,132.24,0.98540,-1,-1,-1
312,-1,272.66,176.84,33.43,131.88,0.97740,-1,-1,-1
312,-1,617.24,154.85,22.39,121.88,0.49031,-1,-1,-1
312,-1,273.03,176.14,26.10,53.69,0.28186,-1,-1,-1
312,-1,496.52,249.90,22.48,81.09,0.24372,-1,-1,-1
312,-1,370.71,190.51,25.80,111.71,0.19927,-1,-1,-1
312,-1,439.09,196.91,19.47,63.05,0.18521,-1,-1,-1
312,-1,380.37,197.97,27.85,101.41,0.15396,-1,-1,-1
312,-1,280.36,184.07,28.99,80.91,0.09007,-1,-1,-1
312,-1,594.11,157.06,43.53,115.26,0.08256,-1,-1,-1
312,-1,439.79,223.78,13.65,35.23,0.07147,-1,-1,-1
313,-1,482.09,102.72,142.04,343.32,0.99983,-1,-1,-1
313,-1,107.35,69.09,176.80,397.79,0.99944,-1,-1,-1
313,-1,0.00,45.19,111.28,418.31,0.99845,-1,-1,-1
313,-1,292.98,153.58,87.95,178.98,0.99823,-1,-1,-1
313,-1,397.73,157.99,55.95,158.52,0.99659,-1,-1,-1
313,-1,441.98,175.10,43.12,115.34,0.99615,-1,-1,-1
313,-1,362.05,183.92,53.51,141.63,0.99030,-1,-1,-1
313,-1,270.01,178.50,39.04,139.45,0.97561,-1,-1,-1
313,-1,0.05,51.65,99.99,222.78,0.80414,-1,-1,-1
313,-1,271.84,177.79,28.03,51.15,0.35799,-1,-1,-1
313,-1,608.53,155.62,31.47,141.02,0.28528,-1,-1,-1
313,-1,275.89,198.67,34.12,70.60,0.21884,-1,-1,-1
313,-1,274.20,160.87,64.13,167.97,0.12420,-1,-1,-1
313,-1,307.75,236.45,13.19,32.55,0.12125,-1,-1,-1
313,-1,373.39,188.76,28.47,113.66,0.08729,-1,-1,-1
313,-1,318.14,240.51,11.03,27.35,0.07930,-1,-1,-1
313,-1,494.66,281.18,16.76,48.94,0.07280,-1,-1,-1
313,-1,319.64,157.58,97.36,171.74,0.06627,-1,-1,-1
313,-1,492.25,238.52,20.29,90.75,0.05446,-1,-1,-1
313,-1,249.07,151.06,55.30,175.97,0.05252,-1,-1,-1
314,-1,480.69,86.95,144.93,357.39,0.99970,-1,-1,-1
314,-1,106.50,69.21,181.28,398.78,0.99946,-1,-1,-1
314,-1,298.42,151.42,80.07,183.69,0.99746,-1,-1,-1
314,-1,401.22,156.40,58.12,162.05,0.99453,-1,-1,-1
314,-1,440.05,174.31,39.25,116.79,0.99313,-1,-1,-1
314,-1,0.00,41.04,84.83,427.75,0.99040,-1,-1,-1
314,-1,368.90,186.83,43.84,138.68,0.98836,-1,-1,-1
314,-1,42.16,138.94,62.76,183.18,0.97650,-1,-1,-1
314,-1,271.34,179.87,40.41,127.24,0.94558,-1,-1,-1
314,-1,0.15,42.61,59.09,217.34,0.80942,-1,-1,-1
314,-1,48.93,145.96,25.07,23.94,0.33834,-1,-1,-1
314,-1,273.67,176.87,34.68,64.51,0.30894,-1,-1,-1
314,-1,418.01,160.92,58.60,141.98,0.24821,-1,-1,-1
314,-1,524.57,50.73,30.10,43.72,0.21778,-1,-1,-1
314,-1,605.11,151.50,34.80,139.20,0.18281,-1,-1,-1
314,-1,247.44,173.61,60.36,154.08,0.18109,-1,-1,-1
314,-1,314.35,148.36,49.61,137.06,0.17526,-1,-1,-1
314,-1,16.95,85.37,92.59,248.42,0.16934,-1,-1,-1
314,-1,277.51,196.55,29.75,77.45,0.13745,-1,-1,-1
314,-1,271.54,162.00,82.05,165.45,0.11555,-1,-1,-1
314,-1,6.29,117.90,70.04,204.69,0.09965,-1,-1,-1
314,-1,368.57,190.01,24.92,96.38,0.08253,-1,-1,-1
314,-1,291.78,196.70,26.35,68.48,0.07437,-1,-1,-1
314,-1,559.30,150.68,79.34,294.23,0.05354,-1,-1,-1
315,-1,482.25,80.26,152.90,387.44,0.99972,-1,-1,-1
315,-1,103.07,69.66,192.00,406.21,0.99966,-1,-1,-1
315,-1,314.29,151.08,66.35,186.35,0.99846,-1,-1,-1
315,-1,7.33,147.58,82.34,183.34,0.99675,-1,-1,-1
315,-1,409.69,159.50,65.31,158.40,0.99609,-1,-1,-1
315,-1,377.19,189.76,40.89,142.69,0.96765,-1,-1,-1
315,-1,433.16,169.02,42.37,123.98,0.93755,-1,-1,-1
315,-1,279.31,184.29,33.29,96.18,0.93602,-1,-1,-1
315,-1,0.00,129.02,33.41,182.72,0.87044,-1,-1,-1
315,-1,398.07,170.92,54.15,155.74,0.64619,-1,-1,-1
315,-1,29.33,151.64,51.12,103.78,0.46257,-1,-1,-1
315,-1,593.71,159.83,45.89,130.71,0.45161,-1,-1,-1
315,-1,4.87,156.03,57.15,137.71,0.44784,-1,-1,-1
315,-1,364.50,197.20,23.26,94.79,0.41637,-1,-1,-1
315,-1,9.20,154.22,23.41,29.90,0.26742,-1,-1,-1
315,-1,344.88,170.51,74.23,162.65,0.25200,-1,-1,-1
315,-1,381.00,189.81,28.22,95.26,0.17617,-1,-1,-1
315,-1,277.46,184.09,25.70,55.74,0.16401,-1,-1,-1
315,-1,48.15,151.18,21.14,18.44,0.13047,-1,-1,-1
315,-1,392.46,200.33,30.23,102.72,0.11062,-1,-1,-1
315,-1,2.76,163.12,34.13,97.57,0.10082,-1,-1,-1
315,-1,247.83,154.87,49.56,172.73,0.09812,-1,-1,-1
315,-1,602.61,248.97,36.13,42.75,0.09673,-1,-1,-1
315,-1,562.94,196.93,75.49,245.57,0.09024,-1,-1,-1
315,-1,625.95,147.39,14.05,77.38,0.07918,-1,-1,-1
315,-1,517.02,51.53,32.53,55.24,0.06971,-1,-1,-1
315,-1,4.51,165.89,20.41,19.26,0.06821,-1,-1,-1
315,-1,275.94,181.56,45.38,143.95,0.06348,-1,-1,-1
315,-1,402.28,215.33,23.48,99.05,0.05559,-1,-1,-1
315,-1,79.80,222.23,8.71,28.69,0.05553,-1,-1,-1
316,-1,483.44,66.65,156.08,401.10,0.99968,-1,-1,-1
316,-1,121.28,62.03,181.44,409.75,0.99956,-1,-1,-1
316,-1,22.40,145.08,63.57,177.06,0.99924,-1,-1,-1
316,-1,318.19,146.39,65.81,193.63,0.99822,-1,-1,-1
316,-1,418.98,157.33,57.10,157.97,0.99678,-1,-1,-1
316,-1,372.90,185.61,68.08,149.96,0.99409,-1,-1,-1
316,-1,285.12,180.51,33.17,129.58,0.97464,-1,-1,-1
316,-1,0.00,118.58,20.64,184.53,0.81039,-1,-1,-1
316,-1,405.39,167.30,43.68,149.12,0.62375,-1,-1,-1
316,-1,365.72,193.28,30.68,99.52,0.54903,-1,-1,-1
316,-1,370.03,185.42,38.97,123.83,0.42850,-1,-1,-1
316,-1,259.43,176.95,46.12,141.27,0.23990,-1,-1,-1
316,-1,317.15,147.84,47.53,103.18,0.20981,-1,-1,-1
316,-1,443.50,183.20,30.25,107.79,0.19951,-1,-1,-1
316,-1,3.50,127.14,63.62,193.61,0.15291,-1,-1,-1
316,-1,283.80,179.25,16.50,29.13,0.14962,-1,-1,-1
316,-1,338.80,149.47,68.52,184.07,0.13962,-1,-1,-1
316,-1,83.91,174.01,71.62,255.81,0.12346,-1,-1,-1
316,-1,513.32,44.25,32.51,80.87,0.10600,-1,-1,-1
316,-1,386.48,192.17,28.07,116.05,0.08497,-1,-1,-1
316,-1,394.51,189.48,38.63,110.59,0.07747,-1,-1,-1
316,-1,283.05,174.72,48.51,92.87,0.07463,-1,-1,-1
316,-1,421.57,159.90,33.17,106.51,0.06982,-1,-1,-1
316,-1,287.31,159.56,75.84,173.69,0.06355,-1,-1,-1
316,-1,356.54,156.83,119.58,175.29,0.06075,-1,-1,-1
316,-1,599.33,175.04,40.07,84.99,0.05316,-1,-1,-1
317,-1,489.65,56.15,148.63,419.60,0.99980,-1,-1,-1
317,-1,28.33,142.84,58.72,179.84,0.99958,-1,-1,-1
317,-1,126.43,65.83,175.97,398.31,0.99955,-1,-1,-1
317,-1,322.27,145.09,78.81,198.50,0.99871,-1,-1,-1
317,-1,428.66,154.33,59.32,168.46,0.99620,-1,-1,-1
317,-1,386.35,190.59,63.83,144.30,0.97459,-1,-1,-1
317,-1,405.35,176.14,65.64,152.87,0.93085,-1,-1,-1
317,-1,292.98,175.80,35.97,152.79,0.87407,-1,-1,-1
317,-1,374.06,195.32,28.53,94.27,0.85268,-1,-1,-1
317,-1,291.55,176.76,25.73,100.05,0.82145,-1,-1,-1
317,-1,512.11,47.04,32.98,87.82,0.76292,-1,-1,-1
317,-1,474.70,214.15,17.02,49.46,0.67755,-1,-1,-1
317,-1,290.77,175.48,23.57,55.53,0.58609,-1,-1,-1
317,-1,262.26,163.32,51.03,164.01,0.24824,-1,-1,-1
317,-1,293.15,174.09,34.34,66.31,0.17835,-1,-1,-1
317,-1,298.74,227.50,18.27,46.48,0.15752,-1,-1,-1
317,-1,301.73,181.68,32.21,84.59,0.10894,-1,-1,-1
317,-1,401.80,189.53,27.49,95.64,0.10590,-1,-1,-1
317,-1,572.95,137.98,62.71,328.75,0.09206,-1,-1,-1
317,-1,392.90,205.03,35.76,110.66,0.08553,-1,-1,-1
317,-1,274.96,159.28,94.76,174.35,0.08202,-1,-1,-1
317,-1,420.05,207.03,26.75,95.56,0.06869,-1,-1,-1
317,-1,294.16,229.99,23.93,93.89,0.06751,-1,-1,-1
317,-1,432.27,162.89,47.46,104.71,0.06406,-1,-1,-1
318,-1,497.90,35.42,141.19,435.85,0.99981,-1,-1,-1
318,-1,131.60,77.04,178.54,399.37,0.99937,-1,-1,-1
318,-1,27.97,144.14,62.94,178.75,0.99889,-1,-1,-1
318,-1,326.35,142.22,88.53,200.91,0.99884,-1,-1,-1
318,-1,434.03,156.34,57.90,162.92,0.99373,-1,-1,-1
318,-1,396.19,186.16,69.13,152.35,0.98084,-1,-1,-1
318,-1,380.08,201.16,23.97,87.17,0.79733,-1,-1,-1
318,-1,290.65,173.93,36.96,144.62,0.76700,-1,-1,-1
318,-1,295.12,174.23,21.62,51.09,0.57566,-1,-1,-1
318,-1,477.97,218.75,14.92,44.58,0.54708,-1,-1,-1
318,-1,295.88,174.09,24.09,94.23,0.48964,-1,-1,-1
318,-1,356.34,172.06,92.42,166.72,0.38326,-1,-1,-1
318,-1,295.09,175.16,18.59,25.11,0.24581,-1,-1,-1
318,-1,300.75,180.67,29.31,99.37,0.23810,-1,-1,-1
318,-1,266.28,144.32,60.06,186.34,0.20686,-1,-1,-1
318,-1,333.41,143.60,51.77,119.04,0.19906,-1,-1,-1
318,-1,511.66,40.70,40.04,92.90,0.15081,-1,-1,-1
318,-1,295.79,226.31,24.31,99.22,0.13089,-1,-1,-1
318,-1,423.86,188.14,33.17,121.37,0.12566,-1,-1,-1
318,-1,433.88,223.48,32.91,107.60,0.05584,-1,-1,-1
318,-1,271.86,235.94,48.86,92.19,0.05158,-1,-1,-1
319,-1,506.30,15.69,132.19,455.46,0.99973,-1,-1,-1
319,-1,142.34,64.38,177.31,396.23,0.99952,-1,-1,-1
319,-1,22.36,144.59,78.16,174.94,0.99917,-1,-1,-1
319,-1,328.99,144.13,93.42,197.35,0.99787,-1,-1,-1
319,-1,444.96,154.29,56.78,169.75,0.98891,-1,-1,-1
319,-1,407.90,181.74,53.38,151.34,0.97716,-1,-1,-1
319,-1,291.23,172.58,42.50,155.12,0.96598,-1,-1,-1
319,-1,304.01,170.64,21.24,54.50,0.92004,-1,-1,-1
319,-1,304.65,171.55,27.09,116.53,0.53665,-1,-1,-1
319,-1,384.30,195.57,23.89,82.21,0.32760,-1,-1,-1
319,-1,281.25,159.16,77.80,170.20,0.21304,-1,-1,-1
319,-1,58.86,146.75,23.28,17.53,0.14043,-1,-1,-1
319,-1,476.92,169.00,26.02,93.31,0.10790,-1,-1,-1
319,-1,423.48,189.63,30.32,122.20,0.10574,-1,-1,-1
319,-1,306.23,170.49,32.22,60.69,0.08891,-1,-1,-1
319,-1,347.72,134.44,58.78,168.05,0.08585,-1,-1,-1
319,-1,429.88,174.30,61.25,102.23,0.07203,-1,-1,-1
319,-1,236.22,77.04,97.26,251.89,0.05048,-1,-1,-1
320,-1,148.72,69.38,176.81,398.64,0.99966,-1,-1,-1
320,-1,31.76,143.17,74.61,171.64,0.99947,-1,-1,-1
320,-1,333.66,134.25,97.82,206.83,0.99885,-1,-1,-1
320,-1,518.49,0.00,120.57,468.88,0.99413,-1,-1,-1
320,-1,422.21,175.20,59.45,156.35,0.99164,-1,-1,-1
320,-1,457.77,157.11,56.72,163.14,0.95893,-1,-1,-1
320,-1,157.41,128.07,36.37,87.74,0.95510,-1,-1,-1
320,-1,314.03,169.04,31.48,136.93,0.91258,-1,-1,-1
320,-1,313.56,166.50,26.00,59.00,0.90013,-1,-1,-1
320,-1,292.55,157.54,50.05,165.78,0.79836,-1,-1,-1
320,-1,459.06,146.82,40.88,63.23,0.65810,-1,-1,-1
320,-1,148.84,125.41,48.06,167.56,0.62876,-1,-1,-1
320,-1,455.75,147.24,60.29,89.89,0.35261,-1,-1,-1
320,-1,315.93,153.99,77.71,179.79,0.23331,-1,-1,-1
320,-1,578.47,6.92,61.00,395.37,0.18080,-1,-1,-1
320,-1,489.22,155.63,28.89,93.01,0.14526,-1,-1,-1
320,-1,31.25,185.20,23.39,56.12,0.12261,-1,-1,-1
320,-1,478.45,150.70,36.94,60.31,0.11778,-1,-1,-1
320,-1,319.44,168.03,45.23,117.55,0.11555,-1,-1,-1
320,-1,64.15,143.71,25.60,18.12,0.11095,-1,-1,-1
320,-1,136.15,206.99,17.76,29.04,0.10789,-1,-1,-1
320,-1,152.52,182.80,12.23,52.29,0.10148,-1,-1,-1
320,-1,313.31,167.66,22.33,26.77,0.08885,-1,-1,-1
320,-1,487.99,162.41,27.86,40.28,0.08775,-1,-1,-1
320,-1,174.77,129.05,19.09,27.30,0.08235,-1,-1,-1
320,-1,506.17,168.56,22.71,80.30,0.08034,-1,-1,-1
320,-1,398.64,186.14,21.18,72.95,0.07910,-1,-1,-1
320,-1,172.83,129.53,27.77,73.79,0.07321,-1,-1,-1
320,-1,277.68,104.05,56.79,221.44,0.07148,-1,-1,-1
320,-1,467.38,203.35,29.08,111.67,0.06994,-1,-1,-1
321,-1,46.72,141.41,70.05,168.54,0.99973,-1,-1,-1
321,-1,159.72,49.85,178.77,412.91,0.99940,-1,-1,-1
321,-1,346.51,127.75,102.44,213.68,0.99891,-1,-1,-1
321,-1,150.47,116.52,59.86,173.01,0.99331,-1,-1,-1
321,-1,326.58,164.29,46.76,152.40,0.99253,-1,-1,-1
321,-1,455.22,169.91,47.48,158.76,0.98761,-1,-1,-1
321,-1,528.50,163.73,32.53,132.00,0.97021,-1,-1,-1
321,-1,473.24,165.28,48.44,153.17,0.94824,-1,-1,-1
321,-1,543.87,46.61,96.13,290.21,0.92694,-1,-1,-1
321,-1,476.39,142.14,40.12,64.34,0.90051,-1,-1,-1
321,-1,477.13,141.93,56.62,100.57,0.84009,-1,-1,-1
321,-1,72.84,138.21,33.39,17.46,0.67451,-1,-1,-1
321,-1,453.40,187.22,20.21,89.47,0.57787,-1,-1,-1
321,-1,513.55,156.33,32.12,92.84,0.38535,-1,-1,-1
321,-1,302.85,157.60,56.66,166.75,0.38129,-1,-1,-1
321,-1,144.70,114.00,71.20,321.90,0.20707,-1,-1,-1
321,-1,488.57,141.93,43.71,64.19,0.11359,-1,-1,-1
321,-1,327.49,164.24,28.20,101.67,0.08220,-1,-1,-1
321,-1,468.67,164.69,38.12,40.29,0.08206,-1,-1,-1
321,-1,501.04,156.54,31.27,42.00,0.08186,-1,-1,-1
321,-1,226.07,57.12,113.11,300.08,0.07510,-1,-1,-1
321,-1,580.13,59.26,59.67,398.40,0.06145,-1,-1,-1
321,-1,295.77,123.50,41.25,199.67,0.05884,-1,-1,-1
321,-1,456.50,162.17,55.72,95.75,0.05542,-1,-1,-1
321,-1,500.20,162.38,32.94,81.14,0.05044,-1,-1,-1
322,-1,57.36,131.74,68.02,172.87,0.99961,-1,-1,-1
322,-1,188.08,38.06,164.01,429.43,0.99959,-1,-1,-1
322,-1,143.91,103.05,73.07,202.68,0.99795,-1,-1,-1
322,-1,356.06,119.88,104.78,214.73,0.99775,-1,-1,-1
322,-1,345.35,156.29,46.76,134.97,0.98569,-1,-1,-1
322,-1,459.46,164.34,31.13,112.54,0.98544,-1,-1,-1
322,-1,474.96,162.40,50.16,163.31,0.98241,-1,-1,-1
322,-1,531.73,155.12,53.98,138.22,0.97861,-1,-1,-1
322,-1,592.43,60.95,47.57,260.35,0.92370,-1,-1,-1
322,-1,480.24,155.31,80.14,166.52,0.91987,-1,-1,-1
322,-1,494.77,131.48,40.78,61.38,0.82405,-1,-1,-1
322,-1,57.23,195.10,15.86,34.73,0.59813,-1,-1,-1
322,-1,542.60,155.58,41.05,51.34,0.56342,-1,-1,-1
322,-1,510.67,131.02,42.89,77.05,0.40794,-1,-1,-1
322,-1,344.13,155.94,29.20,98.77,0.30173,-1,-1,-1
322,-1,377.50,182.46,21.28,72.02,0.30085,-1,-1,-1
322,-1,522.81,133.28,31.02,52.55,0.29595,-1,-1,-1
322,-1,80.15,131.62,26.80,16.58,0.28511,-1,-1,-1
322,-1,317.62,153.32,49.52,164.27,0.25528,-1,-1,-1
322,-1,524.47,154.02,59.07,72.79,0.18780,-1,-1,-1
322,-1,538.92,137.49,16.58,28.13,0.14183,-1,-1,-1
322,-1,487.13,140.24,45.64,90.21,0.11008,-1,-1,-1
322,-1,496.74,144.26,67.26,121.74,0.10604,-1,-1,-1
322,-1,0.37,241.46,31.79,67.05,0.08865,-1,-1,-1
322,-1,391.82,114.98,68.02,171.06,0.07264,-1,-1,-1
322,-1,499.34,182.88,46.47,129.93,0.06070,-1,-1,-1
322,-1,181.93,113.47,42.95,185.20,0.05814,-1,-1,-1
322,-1,295.28,64.54,64.32,254.88,0.05740,-1,-1,-1
322,-1,356.78,202.64,79.51,126.38,0.05702,-1,-1,-1
322,-1,523.65,151.23,41.88,46.09,0.05459,-1,-1,-1
323,-1,144.32,99.66,77.01,220.87,0.99916,-1,-1,-1
323,-1,75.91,132.50,59.37,163.72,0.99901,-1,-1,-1
323,-1,203.64,32.33,170.59,436.46,0.99891,-1,-1,-1
323,-1,481.26,161.99,84.08,166.90,0.99653,-1,-1,-1
323,-1,379.52,114.79,99.68,223.72,0.99629,-1,-1,-1
323,-1,537.14,152.11,62.40,151.11,0.99423,-1,-1,-1
323,-1,466.93,163.98,40.55,110.84,0.97835,-1,-1,-1
323,-1,361.50,157.32,49.22,131.17,0.96702,-1,-1,-1
323,-1,62.84,195.62,14.15,29.66,0.90910,-1,-1,-1
323,-1,501.67,128.59,54.90,71.62,0.86623,-1,-1,-1
323,-1,539.22,151.66,53.87,51.76,0.81321,-1,-1,-1
323,-1,534.69,130.64,29.07,53.04,0.69518,-1,-1,-1
323,-1,333.32,151.65,70.29,169.04,0.63736,-1,-1,-1
323,-1,94.68,131.10,21.31,15.44,0.36124,-1,-1,-1
323,-1,360.66,154.92,31.85,72.54,0.32190,-1,-1,-1
323,-1,508.28,144.78,36.28,59.42,0.22521,-1,-1,-1
323,-1,471.64,157.74,65.14,131.22,0.16154,-1,-1,-1
323,-1,258.37,37.54,117.95,305.30,0.16136,-1,-1,-1
323,-1,309.84,71.95,69.91,251.24,0.10780,-1,-1,-1
323,-1,364.97,132.86,69.67,187.13,0.10370,-1,-1,-1
323,-1,378.40,174.56,34.38,80.49,0.09997,-1,-1,-1
323,-1,512.71,276.26,20.17,37.30,0.06979,-1,-1,-1
324,-1,214.43,24.21,166.28,450.89,0.99968,-1,-1,-1
324,-1,140.25,94.79,81.10,222.02,0.99958,-1,-1,-1
324,-1,78.06,124.56,60.85,171.73,0.99912,-1,-1,-1
324,-1,403.29,107.75,84.00,229.79,0.99683,-1,-1,-1
324,-1,489.07,152.65,86.32,176.79,0.99624,-1,-1,-1
324,-1,547.93,145.48,57.33,165.11,0.98859,-1,-1,-1
324,-1,474.82,166.39,35.35,104.83,0.98228,-1,-1,-1
324,-1,510.65,123.74,59.78,81.25,0.96643,-1,-1,-1
324,-1,371.64,159.94,46.75,159.59,0.95820,-1,-1,-1
324,-1,523.28,154.43,68.57,173.85,0.93302,-1,-1,-1
324,-1,64.14,194.26,14.03,29.96,0.86118,-1,-1,-1
324,-1,372.71,150.22,42.70,93.91,0.57298,-1,-1,-1
324,-1,552.95,147.30,53.67,90.15,0.47245,-1,-1,-1
324,-1,1.41,206.56,39.70,98.25,0.40636,-1,-1,-1
324,-1,372.37,150.28,29.64,68.70,0.28741,-1,-1,-1
324,-1,19.02,251.81,22.24,29.91,0.27392,-1,-1,-1
324,-1,395.69,178.37,26.27,88.53,0.25895,-1,-1,-1
324,-1,341.26,138.91,59.02,171.20,0.21637,-1,-1,-1
324,-1,505.25,133.51,67.96,122.85,0.19075,-1,-1,-1
324,-1,555.13,147.13,43.67,48.19,0.18834,-1,-1,-1
324,-1,10.19,243.15,30.65,45.88,0.13616,-1,-1,-1
324,-1,128.68,131.12,27.32,85.42,0.12206,-1,-1,-1
324,-1,389.69,141.31,57.78,161.05,0.12168,-1,-1,-1
324,-1,368.92,152.20,15.25,30.03,0.10392,-1,-1,-1
324,-1,555.59,148.20,25.11,31.08,0.10208,-1,-1,-1
324,-1,480.18,159.49,57.84,141.27,0.10119,-1,-1,-1
324,-1,89.67,125.49,44.93,111.16,0.08580,-1,-1,-1
324,-1,528.98,140.83,60.84,108.22,0.07771,-1,-1,-1
324,-1,179.97,227.61,59.31,189.80,0.06634,-1,-1,-1
324,-1,1.33,103.76,40.89,195.11,0.06022,-1,-1,-1
324,-1,202.35,110.04,41.83,186.39,0.05999,-1,-1,-1
324,-1,414.15,144.81,28.94,124.89,0.05976,-1,-1,-1
324,-1,525.63,274.59,21.07,36.63,0.05621,-1,-1,-1
324,-1,306.23,57.82,86.73,254.47,0.05217,-1,-1,-1
325,-1,212.56,31.86,179.80,447.75,0.99955,-1,-1,-1
325,-1,126.22,91.09,88.08,235.31,0.99923,-1,-1,-1
325,-1,84.78,116.69,58.26,177.98,0.99857,-1,-1,-1
325,-1,417.79,102.13,79.25,237.12,0.99794,-1,-1,-1
325,-1,511.41,153.70,81.05,177.82,0.99311,-1,-1,-1
325,-1,384.36,148.03,42.58,173.32,0.98742,-1,-1,-1
325,-1,566.78,163.67,48.16,154.36,0.95343,-1,-1,-1
325,-1,523.64,110.97,53.97,111.59,0.93965,-1,-1,-1
325,-1,508.24,187.65,22.90,56.21,0.92670,-1,-1,-1
325,-1,476.24,169.66,33.14,95.30,0.86735,-1,-1,-1
325,-1,540.16,119.92,56.06,76.63,0.75248,-1,-1,-1
325,-1,61.32,193.19,14.40,30.28,0.61340,-1,-1,-1
325,-1,382.65,145.29,33.09,112.21,0.42096,-1,-1,-1
325,-1,574.53,167.13,31.65,114.07,0.38757,-1,-1,-1
325,-1,1.34,111.42,26.46,193.15,0.32841,-1,-1,-1
325,-1,12.48,168.46,17.99,110.96,0.28251,-1,-1,-1
325,-1,575.98,163.53,23.95,29.51,0.25130,-1,-1,-1
325,-1,575.16,167.30,27.60,55.00,0.22696,-1,-1,-1
325,-1,548.53,147.15,40.29,54.53,0.22640,-1,-1,-1
325,-1,542.70,155.46,58.38,136.27,0.18838,-1,-1,-1
325,-1,513.63,110.19,81.82,153.11,0.16578,-1,-1,-1
325,-1,383.18,147.03,29.26,62.46,0.16275,-1,-1,-1
325,-1,557.42,121.19,35.66,54.88,0.11564,-1,-1,-1
325,-1,215.85,118.62,38.97,166.00,0.11139,-1,-1,-1
325,-1,205.19,196.14,13.52,32.62,0.10160,-1,-1,-1
325,-1,560.02,131.51,45.66,122.65,0.10060,-1,-1,-1
325,-1,562.66,151.13,35.22,43.18,0.09446,-1,-1,-1
325,-1,15.55,223.10,12.74,59.71,0.07725,-1,-1,-1
325,-1,525.53,198.33,14.17,36.66,0.07713,-1,-1,-1
325,-1,577.25,164.20,19.74,15.24,0.07259,-1,-1,-1
325,-1,517.40,190.59,16.80,45.69,0.06582,-1,-1,-1
326,-1,214.75,32.18,190.61,442.15,0.99947,-1,-1,-1
326,-1,120.94,88.94,87.52,247.20,0.99903,-1,-1,-1
326,-1,82.39,121.25,68.00,175.56,0.99837,-1,-1,-1
326,-1,428.60,100.83,76.70,240.24,0.99812,-1,-1,-1
326,-1,531.71,149.48,84.45,180.02,0.99699,-1,-1,-1
326,-1,387.65,141.25,47.85,182.45,0.99543,-1,-1,-1
326,-1,3.04,129.47,25.53,155.38,0.98735,-1,-1,-1
326,-1,516.89,124.54,76.92,178.12,0.97627,-1,-1,-1
326,-1,506.59,188.06,21.07,56.80,0.92778,-1,-1,-1
326,-1,531.50,120.61,60.00,107.19,0.86058,-1,-1,-1
326,-1,58.22,192.00,13.38,31.80,0.57255,-1,-1,-1
326,-1,9.55,130.94,37.36,154.61,0.36598,-1,-1,-1
326,-1,576.83,164.21,42.42,140.84,0.33549,-1,-1,-1
326,-1,551.67,144.43,49.91,75.06,0.28271,-1,-1,-1
326,-1,414.77,158.38,23.35,32.81,0.27687,-1,-1,-1
326,-1,550.99,147.50,54.38,134.88,0.25280,-1,-1,-1
326,-1,523.13,192.71,13.48,36.23,0.14729,-1,-1,-1
326,-1,585.41,166.15,22.61,36.24,0.12148,-1,-1,-1
326,-1,413.11,154.49,26.62,87.61,0.08928,-1,-1,-1
326,-1,85.52,128.19,46.75,113.02,0.07729,-1,-1,-1
326,-1,389.63,146.06,33.35,115.06,0.07468,-1,-1,-1
326,-1,529.07,210.25,11.61,23.33,0.06977,-1,-1,-1
326,-1,466.23,127.04,40.99,182.73,0.06465,-1,-1,-1
326,-1,386.52,146.71,15.02,35.50,0.06354,-1,-1,-1
326,-1,416.37,178.84,21.43,12.35,0.06140,-1,-1,-1
326,-1,530.93,258.28,71.20,70.12,0.06021,-1,-1,-1
326,-1,201.15,205.71,8.87,24.04,0.05784,-1,-1,-1
326,-1,516.54,181.51,21.20,54.37,0.05722,-1,-1,-1
326,-1,588.26,169.61,25.83,85.86,0.05600,-1,-1,-1
326,-1,505.61,193.29,12.77,45.99,0.05557,-1,-1,-1
326,-1,364.52,132.68,57.63,183.55,0.05416,-1,-1,-1
327,-1,223.01,32.45,184.12,438.29,0.99968,-1,-1,-1
327,-1,432.27,98.26,85.32,239.21,0.99936,-1,-1,-1
327,-1,114.17,83.75,79.74,247.17,0.99898,-1,-1,-1
327,-1,565.18,153.47,61.06,172.39,0.99622,-1,-1,-1
327,-1,0.00,126.78,28.88,157.91,0.99545,-1,-1,-1
327,-1,397.74,140.32,45.41,178.33,0.99538,-1,-1,-1
327,-1,75.86,122.60,65.82,171.34,0.99454,-1,-1,-1
327,-1,519.13,117.56,79.11,193.79,0.99218,-1,-1,-1
327,-1,593.46,166.26,37.25,148.64,0.91190,-1,-1,-1
327,-1,539.82,114.62,63.37,110.00,0.80023,-1,-1,-1
327,-1,52.92,192.55,11.79,30.84,0.79037,-1,-1,-1
327,-1,520.32,129.07,35.00,102.87,0.48203,-1,-1,-1
327,-1,200.55,196.84,10.18,27.41,0.36382,-1,-1,-1
327,-1,573.25,145.40,41.42,53.89,0.31155,-1,-1,-1
327,-1,558.37,125.09,52.07,66.72,0.30495,-1,-1,-1
327,-1,223.73,207.65,8.99,30.42,0.28714,-1,-1,-1
327,-1,168.65,180.96,15.94,75.73,0.22036,-1,-1,-1
327,-1,82.99,127.77,44.11,121.64,0.21682,-1,-1,-1
327,-1,506.11,133.90,38.05,105.44,0.19816,-1,-1,-1
327,-1,504.62,187.62,18.51,53.28,0.19553,-1,-1,-1
327,-1,525.59,121.67,50.34,113.25,0.16375,-1,-1,-1
327,-1,590.45,148.98,24.99,46.50,0.12124,-1,-1,-1
327,-1,402.81,125.65,73.91,209.25,0.11872,-1,-1,-1
327,-1,169.76,208.54,12.00,47.06,0.11759,-1,-1,-1
327,-1,518.33,159.80,29.57,62.60,0.11684,-1,-1,-1
327,-1,518.07,133.90,25.98,67.72,0.10527,-1,-1,-1
327,-1,607.21,185.71,24.67,101.98,0.10293,-1,-1,-1
327,-1,599.12,167.51,17.87,27.51,0.09639,-1,-1,-1
327,-1,374.72,132.27,52.95,182.99,0.08403,-1,-1,-1
327,-1,568.14,147.91,49.35,95.06,0.08007,-1,-1,-1
327,-1,196.20,200.09,10.49,25.58,0.07770,-1,-1,-1
327,-1,8.09,137.72,26.93,102.03,0.07085,-1,-1,-1
327,-1,228.46,204.27,27.10,80.88,0.06254,-1,-1,-1
327,-1,421.44,140.28,22.68,45.93,0.05810,-1,-1,-1
327,-1,50.08,191.04,10.24,29.87,0.05258,-1,-1,-1
328,-1,223.61,38.06,185.95,432.87,0.99940,-1,-1,-1
328,-1,427.92,98.75,102.92,244.09,0.99870,-1,-1,-1
328,-1,77.56,79.36,104.36,271.15,0.99663,-1,-1,-1
328,-1,400.98,138.42,47.73,176.35,0.99511,-1,-1,-1
328,-1,565.59,140.65,71.89,191.95,0.99352,-1,-1,-1
328,-1,0.35,127.87,32.20,156.48,0.99159,-1,-1,-1
328,-1,520.48,131.07,106.14,194.71,0.96802,-1,-1,-1
328,-1,518.15,139.26,42.29,130.90,0.94593,-1,-1,-1
328,-1,64.69,98.56,74.82,199.93,0.89891,-1,-1,-1
328,-1,553.87,111.23,56.51,113.99,0.88713,-1,-1,-1
328,-1,156.14,190.52,18.16,66.63,0.81940,-1,-1,-1
328,-1,41.59,192.61,13.29,31.55,0.54727,-1,-1,-1
328,-1,603.85,164.32,35.41,143.55,0.51516,-1,-1,-1
328,-1,510.31,139.15,28.52,82.85,0.43734,-1,-1,-1
328,-1,222.53,189.62,18.77,43.05,0.16266,-1,-1,-1
328,-1,360.96,118.45,65.34,204.23,0.15908,-1,-1,-1
328,-1,66.53,132.56,48.97,151.98,0.14665,-1,-1,-1
328,-1,229.29,188.76,9.52,11.37,0.14427,-1,-1,-1
328,-1,575.34,142.17,51.88,73.08,0.12748,-1,-1,-1
328,-1,515.66,120.12,29.20,55.44,0.12125,-1,-1,-1
328,-1,221.96,199.67,13.52,31.21,0.11444,-1,-1,-1
328,-1,230.33,200.73,10.90,27.72,0.10877,-1,-1,-1
328,-1,456.04,120.61,124.27,218.33,0.09043,-1,-1,-1
328,-1,401.54,138.98,37.65,91.45,0.07900,-1,-1,-1
328,-1,288.81,48.46,128.39,280.54,0.07686,-1,-1,-1
328,-1,223.60,193.44,17.03,20.59,0.07421,-1,-1,-1
328,-1,531.53,132.85,44.46,135.19,0.07383,-1,-1,-1
328,-1,554.48,137.86,34.92,103.82,0.07100,-1,-1,-1
328,-1,571.12,129.82,40.62,61.19,0.07058,-1,-1,-1
328,-1,226.66,187.25,13.66,17.89,0.06805,-1,-1,-1
328,-1,188.12,202.72,8.04,24.63,0.06486,-1,-1,-1
328,-1,113.61,151.89,61.85,189.63,0.06120,-1,-1,-1
328,-1,233.46,202.31,7.35,13.43,0.05999,-1,-1,-1
328,-1,497.94,123.21,65.60,169.99,0.05223,-1,-1,-1
328,-1,581.94,142.82,34.47,44.71,0.05130,-1,-1,-1
328,-1,498.82,135.00,33.40,111.17,0.05057,-1,-1,-1
329,-1,50.62,67.87,115.51,281.04,0.99941,-1,-1,-1
329,-1,424.39,96.73,107.08,246.95,0.99932,-1,-1,-1
329,-1,222.50,31.99,198.56,444.12,0.99932,-1,-1,-1
329,-1,557.31,137.15,81.33,196.49,0.99514,-1,-1,-1
329,-1,511.01,137.88,48.03,159.40,0.99320,-1,-1,-1
329,-1,0.47,126.56,44.12,157.49,0.98770,-1,-1,-1
329,-1,407.49,136.15,45.84,162.83,0.98671,-1,-1,-1
329,-1,543.91,112.85,66.55,195.22,0.97947,-1,-1,-1
329,-1,204.92,188.99,23.76,51.37,0.94590,-1,-1,-1
329,-1,141.93,185.62,21.31,70.45,0.85763,-1,-1,-1
329,-1,25.45,191.71,16.06,30.60,0.84523,-1,-1,-1
329,-1,375.34,124.53,69.32,201.46,0.64925,-1,-1,-1
329,-1,402.82,116.33,71.35,217.95,0.52394,-1,-1,-1
329,-1,558.03,110.89,56.40,116.45,0.41836,-1,-1,-1
329,-1,56.20,195.35,17.96,27.47,0.34631,-1,-1,-1
329,-1,545.97,138.46,15.20,26.14,0.33113,-1,-1,-1
329,-1,525.54,131.00,58.24,170.96,0.29277,-1,-1,-1
329,-1,183.12,194.82,10.61,27.18,0.23924,-1,-1,-1
329,-1,205.60,191.13,21.93,26.94,0.13899,-1,-1,-1
329,-1,144.21,203.22,14.19,52.91,0.11893,-1,-1,-1
329,-1,585.57,141.96,39.48,42.47,0.09719,-1,-1,-1
329,-1,406.97,138.17,34.83,100.85,0.08537,-1,-1,-1
329,-1,132.30,155.27,32.59,101.42,0.08490,-1,-1,-1
329,-1,578.08,145.13,58.03,100.85,0.08412,-1,-1,-1
329,-1,0.02,128.91,25.73,128.13,0.07894,-1,-1,-1
329,-1,475.17,104.21,49.84,188.18,0.07560,-1,-1,-1
329,-1,495.23,130.83,42.10,162.23,0.06986,-1,-1,-1
329,-1,577.58,111.93,32.97,86.04,0.06914,-1,-1,-1
329,-1,176.86,195.03,15.63,30.61,0.06713,-1,-1,-1
329,-1,534.69,166.83,33.98,104.49,0.06337,-1,-1,-1
330,-1,48.40,60.20,103.17,305.95,0.99972,-1,-1,-1
330,-1,236.30,27.83,180.93,449.12,0.99937,-1,-1,-1
330,-1,421.18,111.26,107.64,234.90,0.99787,-1,-1,-1
330,-1,554.06,115.82,61.24,201.41,0.99460,-1,-1,-1
330,-1,510.58,139.32,54.52,161.34,0.99141,-1,-1,-1
330,-1,411.85,140.51,45.01,160.05,0.97677,-1,-1,-1
330,-1,0.07,139.08,48.98,146.72,0.97428,-1,-1,-1
330,-1,563.82,145.54,76.18,188.87,0.87512,-1,-1,-1
330,-1,535.64,139.44,24.46,42.88,0.82933,-1,-1,-1
330,-1,193.18,199.81,27.30,41.33,0.75217,-1,-1,-1
330,-1,387.58,136.14,61.87,188.97,0.71307,-1,-1,-1
330,-1,193.07,201.61,14.73,35.17,0.68753,-1,-1,-1
330,-1,22.48,121.00,43.23,101.31,0.53382,-1,-1,-1
330,-1,512.57,137.65,46.73,72.54,0.40700,-1,-1,-1
330,-1,12.02,191.92,18.24,32.32,0.38130,-1,-1,-1
330,-1,130.79,179.69,20.70,82.52,0.33777,-1,-1,-1
330,-1,496.84,137.30,43.76,163.20,0.28547,-1,-1,-1
330,-1,536.16,140.88,17.90,26.96,0.27903,-1,-1,-1
330,-1,210.64,233.23,53.44,182.73,0.26925,-1,-1,-1
330,-1,449.61,95.90,72.25,194.58,0.18346,-1,-1,-1
330,-1,586.22,121.41,26.47,83.69,0.16891,-1,-1,-1
330,-1,584.59,151.25,50.23,92.59,0.14202,-1,-1,-1
330,-1,0.00,132.24,18.78,119.23,0.13603,-1,-1,-1
330,-1,355.28,78.28,79.99,251.51,0.13391,-1,-1,-1
330,-1,573.18,113.34,42.59,128.70,0.13340,-1,-1,-1
330,-1,3.34,149.21,27.77,76.46,0.12418,-1,-1,-1
330,-1,205.90,201.24,12.37,36.85,0.11911,-1,-1,-1
330,-1,403.23,125.80,88.49,200.73,0.11240,-1,-1,-1
330,-1,534.75,141.20,30.15,101.78,0.07676,-1,-1,-1
330,-1,522.17,115.13,74.23,190.03,0.06840,-1,-1,-1
331,-1,28.37,53.01,112.81,318.67,0.99965,-1,-1,-1
331,-1,244.39,38.16,179.48,435.76,0.99932,-1,-1,-1
331,-1,425.64,109.14,104.89,243.76,0.99801,-1,-1,-1
331,-1,565.01,127.29,66.05,209.05,0.99757,-1,-1,-1
331,-1,399.68,139.96,62.89,190.43,0.98352,-1,-1,-1
331,-1,0.00,138.09,46.42,150.75,0.97563,-1,-1,-1
331,-1,513.60,142.09,46.38,153.69,0.93813,-1,-1,-1
331,-1,532.63,141.94,28.18,50.91,0.89877,-1,-1,-1
331,-1,518.54,141.62,35.14,54.38,0.86990,-1,-1,-1
331,-1,185.49,194.48,23.11,50.37,0.59892,-1,-1,-1
331,-1,503.18,130.10,37.35,166.43,0.56748,-1,-1,-1
331,-1,511.69,137.13,30.42,49.02,0.53507,-1,-1,-1
331,-1,16.33,122.40,39.36,121.15,0.50375,-1,-1,-1
331,-1,512.31,134.95,19.35,34.00,0.49667,-1,-1,-1
331,-1,121.85,177.21,24.01,83.85,0.38740,-1,-1,-1
331,-1,586.58,160.93,53.42,148.96,0.27486,-1,-1,-1
331,-1,417.74,140.28,47.60,134.56,0.23636,-1,-1,-1
331,-1,532.84,143.06,17.86,31.79,0.22922,-1,-1,-1
331,-1,566.14,111.99,53.00,152.85,0.20478,-1,-1,-1
331,-1,167.65,198.91,10.32,23.19,0.20409,-1,-1,-1
331,-1,455.89,98.73,72.36,170.85,0.15528,-1,-1,-1
331,-1,186.48,198.83,14.80,38.90,0.14717,-1,-1,-1
331,-1,186.01,193.23,19.11,26.45,0.12251,-1,-1,-1
331,-1,194.71,204.04,17.96,34.59,0.12107,-1,-1,-1
331,-1,595.99,126.13,22.33,80.94,0.10930,-1,-1,-1
331,-1,480.72,107.74,56.45,195.49,0.08705,-1,-1,-1
331,-1,7.21,80.84,57.34,207.99,0.08063,-1,-1,-1
331,-1,538.46,140.75,28.78,82.55,0.07489,-1,-1,-1
331,-1,168.26,199.78,19.62,24.68,0.06464,-1,-1,-1
331,-1,190.20,197.75,15.72,32.60,0.06052,-1,-1,-1
331,-1,590.21,114.72,34.19,124.54,0.05569,-1,-1,-1
332,-1,236.94,23.79,192.38,450.33,0.99965,-1,-1,-1
332,-1,5.99,40.58,112.32,334.16,0.99942,-1,-1,-1
332,-1,562.01,104.95,70.17,219.77,0.99916,-1,-1,-1
332,-1,444.74,88.16,90.16,261.12,0.99842,-1,-1,-1
332,-1,415.73,133.68,57.06,202.96,0.97681,-1,-1,-1
332,-1,524.18,134.70,31.10,119.93,0.97461,-1,-1,-1
332,-1,601.88,158.34,38.09,157.48,0.95373,-1,-1,-1
332,-1,168.40,189.47,20.85,43.83,0.94088,-1,-1,-1
332,-1,107.73,169.11,29.90,88.46,0.71710,-1,-1,-1
332,-1,418.05,136.21,20.53,42.80,0.65087,-1,-1,-1
332,-1,524.61,135.58,29.52,59.75,0.63920,-1,-1,-1
332,-1,420.81,135.18,41.96,87.92,0.63410,-1,-1,-1
332,-1,155.44,196.78,13.83,26.02,0.58100,-1,-1,-1
332,-1,0.35,128.78,27.29,125.21,0.46136,-1,-1,-1
332,-1,602.59,114.86,28.68,82.87,0.23894,-1,-1,-1
332,-1,596.56,109.72,37.82,149.61,0.20936,-1,-1,-1
332,-1,417.01,143.97,12.75,36.02,0.20694,-1,-1,-1
332,-1,1.44,91.33,69.59,264.82,0.19088,-1,-1,-1
332,-1,513.67,131.65,33.95,154.62,0.18303,-1,-1,-1
332,-1,169.80,189.99,17.19,25.39,0.16837,-1,-1,-1
332,-1,436.77,137.23,32.86,65.89,0.14720,-1,-1,-1
332,-1,157.54,196.02,11.80,14.55,0.14323,-1,-1,-1
332,-1,419.97,137.51,16.64,22.82,0.14099,-1,-1,-1
332,-1,420.73,134.00,32.69,45.70,0.13060,-1,-1,-1
332,-1,505.12,172.10,32.99,126.27,0.08203,-1,-1,-1
332,-1,178.33,193.94,15.79,38.80,0.07852,-1,-1,-1
332,-1,609.54,148.71,30.46,79.60,0.07560,-1,-1,-1
332,-1,111.78,197.09,22.11,63.47,0.07103,-1,-1,-1
332,-1,534.86,140.90,20.93,84.81,0.05386,-1,-1,-1
333,-1,561.34,106.51,77.13,218.53,0.99949,-1,-1,-1
333,-1,1.76,32.65,103.83,344.57,0.99940,-1,-1,-1
333,-1,243.44,22.82,183.26,444.70,0.99931,-1,-1,-1
333,-1,455.34,92.20,87.01,253.14,0.99820,-1,-1,-1
333,-1,421.66,135.30,54.39,205.96,0.99583,-1,-1,-1
333,-1,523.10,137.22,29.03,117.30,0.93663,-1,-1,-1
333,-1,234.92,208.01,11.46,33.78,0.89092,-1,-1,-1
333,-1,100.94,164.88,26.98,95.92,0.77854,-1,-1,-1
333,-1,618.46,172.72,21.41,110.62,0.71085,-1,-1,-1
333,-1,512.09,132.82,35.75,156.79,0.60059,-1,-1,-1
333,-1,608.39,125.01,28.38,86.38,0.50887,-1,-1,-1
333,-1,162.95,189.86,24.21,45.53,0.37969,-1,-1,-1
333,-1,419.46,138.80,19.89,59.66,0.37351,-1,-1,-1
333,-1,69.91,167.01,33.66,117.85,0.36558,-1,-1,-1
333,-1,424.91,131.64,40.26,90.49,0.35560,-1,-1,-1
333,-1,238.19,204.84,13.64,33.51,0.34270,-1,-1,-1
333,-1,148.34,197.11,15.13,20.83,0.23158,-1,-1,-1
333,-1,0.02,81.57,44.20,287.64,0.20120,-1,-1,-1
333,-1,608.34,157.44,31.66,158.63,0.19637,-1,-1,-1
333,-1,161.19,190.52,17.20,22.18,0.16196,-1,-1,-1
333,-1,419.97,150.68,12.10,50.29,0.14167,-1,-1,-1
333,-1,522.98,138.43,15.73,22.31,0.12497,-1,-1,-1
333,-1,167.54,190.42,11.02,16.35,0.11604,-1,-1,-1
333,-1,523.35,136.79,25.36,53.47,0.08443,-1,-1,-1
333,-1,189.62,199.33,8.28,40.84,0.08230,-1,-1,-1
333,-1,424.49,134.70,19.40,26.69,0.07655,-1,-1,-1
333,-1,54.06,113.24,50.44,178.62,0.06826,-1,-1,-1
333,-1,240.37,202.86,11.83,22.31,0.06189,-1,-1,-1
333,-1,445.90,133.16,25.16,62.92,0.06092,-1,-1,-1
333,-1,0.00,122.77,13.22,75.34,0.05728,-1,-1,-1
334,-1,234.74,40.92,187.18,429.32,0.99933,-1,-1,-1
334,-1,556.41,108.21,83.52,221.62,0.99932,-1,-1,-1
334,-1,0.53,20.48,63.56,378.66,0.99898,-1,-1,-1
334,-1,460.28,80.07,91.49,269.68,0.99893,-1,-1,-1
334,-1,418.90,129.30,56.51,209.65,0.99804,-1,-1,-1
334,-1,43.31,117.95,60.20,174.94,0.99719,-1,-1,-1
334,-1,418.92,150.02,18.23,111.87,0.94081,-1,-1,-1
334,-1,224.88,210.55,12.84,29.65,0.88870,-1,-1,-1
334,-1,16.21,58.41,82.39,259.51,0.84550,-1,-1,-1
334,-1,138.31,192.75,25.91,44.12,0.74523,-1,-1,-1
334,-1,613.18,113.31,26.34,138.21,0.57066,-1,-1,-1
334,-1,624.66,174.62,15.34,78.62,0.49113,-1,-1,-1
334,-1,162.48,203.98,11.10,27.15,0.39367,-1,-1,-1
334,-1,156.41,198.99,11.70,32.18,0.30367,-1,-1,-1
334,-1,145.99,196.94,25.15,41.87,0.29667,-1,-1,-1
334,-1,56.79,120.42,41.34,110.79,0.29309,-1,-1,-1
334,-1,88.48,155.81,25.76,104.84,0.28844,-1,-1,-1
334,-1,138.75,191.38,20.25,29.24,0.25727,-1,-1,-1
334,-1,428.22,133.08,44.45,100.45,0.19312,-1,-1,-1
334,-1,135.23,194.66,19.29,36.55,0.18107,-1,-1,-1
334,-1,159.99,201.43,9.26,18.72,0.15555,-1,-1,-1
334,-1,612.03,122.48,25.76,69.79,0.15243,-1,-1,-1
334,-1,243.69,202.36,6.32,22.14,0.14513,-1,-1,-1
334,-1,622.08,116.40,17.37,63.57,0.12273,-1,-1,-1
334,-1,229.44,200.15,11.58,39.19,0.10904,-1,-1,-1
334,-1,420.78,133.26,24.99,83.89,0.08348,-1,-1,-1
334,-1,166.25,202.98,10.02,26.87,0.08217,-1,-1,-1
334,-1,418.08,140.62,22.13,56.90,0.07332,-1,-1,-1
334,-1,159.57,201.01,17.85,34.47,0.06991,-1,-1,-1
334,-1,447.92,132.50,22.46,51.43,0.06983,-1,-1,-1
334,-1,144.31,190.23,14.39,19.32,0.06159,-1,-1,-1
334,-1,147.84,194.82,15.25,37.14,0.05638,-1,-1,-1
334,-1,190.71,190.48,5.16,12.19,0.05405,-1,-1,-1
334,-1,231.17,200.51,8.16,20.76,0.05348,-1,-1,-1
335,-1,240.07,40.15,183.84,433.02,0.99899,-1,-1,-1
335,-1,552.22,110.23,86.35,220.47,0.99896,-1,-1,-1
335,-1,456.61,77.72,94.54,276.45,0.99882,-1,-1,-1
335,-1,27.72,116.18,73.10,185.33,0.99881,-1,-1,-1
335,-1,0.32,54.66,50.11,327.96,0.99857,-1,-1,-1
335,-1,415.97,132.73,59.90,209.48,0.98205,-1,-1,-1
335,-1,415.42,161.61,22.40,103.54,0.89737,-1,-1,-1
335,-1,81.49,173.22,24.41,88.91,0.82329,-1,-1,-1
335,-1,130.40,193.76,24.19,42.86,0.81382,-1,-1,-1
335,-1,218.22,204.25,14.76,36.81,0.79723,-1,-1,-1
335,-1,154.00,205.59,10.60,29.35,0.63470,-1,-1,-1
335,-1,432.67,135.13,35.77,88.32,0.63424,-1,-1,-1
335,-1,614.68,115.12,25.09,134.95,0.53405,-1,-1,-1
335,-1,169.47,201.71,7.95,38.17,0.41661,-1,-1,-1
335,-1,158.31,204.05,9.55,26.46,0.39062,-1,-1,-1
335,-1,626.48,181.83,13.42,41.04,0.37449,-1,-1,-1
335,-1,131.74,193.56,16.87,29.91,0.31602,-1,-1,-1
335,-1,139.10,196.43,21.61,43.46,0.30458,-1,-1,-1
335,-1,58.62,126.31,46.19,140.73,0.26268,-1,-1,-1
335,-1,163.50,203.94,7.46,25.39,0.23804,-1,-1,-1
335,-1,145.14,198.43,12.01,36.66,0.19629,-1,-1,-1
335,-1,417.60,117.46,107.82,233.77,0.16170,-1,-1,-1
335,-1,413.71,143.56,30.80,151.32,0.15647,-1,-1,-1
335,-1,151.41,202.14,8.71,31.71,0.13138,-1,-1,-1
335,-1,622.77,153.93,17.01,83.02,0.11986,-1,-1,-1
335,-1,236.63,205.70,6.21,18.93,0.11369,-1,-1,-1
335,-1,166.85,203.31,6.45,25.79,0.10996,-1,-1,-1
335,-1,626.27,177.23,13.66,90.55,0.10874,-1,-1,-1
335,-1,422.10,150.14,19.07,26.54,0.09931,-1,-1,-1
335,-1,613.30,131.18,25.28,69.61,0.09840,-1,-1,-1
335,-1,446.05,134.06,24.59,58.42,0.09678,-1,-1,-1
335,-1,155.62,204.41,7.44,22.14,0.08004,-1,-1,-1
335,-1,244.63,206.02,5.87,18.33,0.07106,-1,-1,-1
335,-1,222.53,200.78,11.42,26.84,0.06551,-1,-1,-1
335,-1,514.62,110.18,41.97,163.70,0.06538,-1,-1,-1
335,-1,422.62,139.14,26.26,69.50,0.05764,-1,-1,-1
335,-1,158.87,201.47,16.25,34.58,0.05143,-1,-1,-1
336,-1,242.05,28.74,181.47,442.89,0.99946,-1,-1,-1
336,-1,557.02,106.64,82.69,218.68,0.99933,-1,-1,-1
336,-1,460.76,76.11,107.71,274.95,0.99931,-1,-1,-1
336,-1,13.65,114.28,76.11,182.08,0.99849,-1,-1,-1
336,-1,409.92,129.63,84.18,217.62,0.98776,-1,-1,-1
336,-1,413.64,164.74,26.51,99.02,0.93697,-1,-1,-1
336,-1,409.74,143.40,47.17,163.91,0.68055,-1,-1,-1
336,-1,115.57,187.64,26.22,44.13,0.65777,-1,-1,-1
336,-1,1.26,221.49,32.22,70.41,0.55501,-1,-1,-1
336,-1,0.00,125.97,35.97,137.14,0.54271,-1,-1,-1
336,-1,117.80,186.98,17.55,29.19,0.54263,-1,-1,-1
336,-1,69.34,182.08,23.27,77.54,0.51407,-1,-1,-1
336,-1,0.33,161.73,27.25,229.60,0.40699,-1,-1,-1
336,-1,62.81,135.48,30.65,127.07,0.33661,-1,-1,-1
336,-1,130.03,195.78,15.33,22.95,0.32952,-1,-1,-1
336,-1,619.93,112.10,20.07,104.98,0.30371,-1,-1,-1
336,-1,0.00,121.89,12.45,38.87,0.22192,-1,-1,-1
336,-1,209.32,207.94,13.48,29.12,0.20783,-1,-1,-1
336,-1,226.82,198.79,7.19,23.51,0.12832,-1,-1,-1
336,-1,433.17,134.10,42.51,159.18,0.11753,-1,-1,-1
336,-1,424.10,154.92,19.99,103.20,0.10306,-1,-1,-1
336,-1,0.45,173.43,43.91,118.01,0.09931,-1,-1,-1
336,-1,30.37,114.57,54.25,119.44,0.08772,-1,-1,-1
336,-1,235.05,204.55,11.38,31.47,0.08565,-1,-1,-1
336,-1,1.33,210.84,73.48,83.66,0.08238,-1,-1,-1
336,-1,0.02,123.46,20.46,90.22,0.07935,-1,-1,-1
336,-1,9.08,187.41,14.54,34.70,0.07582,-1,-1,-1
336,-1,395.32,141.85,42.56,141.82,0.07202,-1,-1,-1
336,-1,608.28,104.76,31.66,138.51,0.06780,-1,-1,-1
336,-1,121.50,187.18,13.94,17.87,0.06178,-1,-1,-1
336,-1,145.10,204.01,8.91,21.04,0.05057,-1,-1,-1
337,-1,236.32,18.99,187.65,451.05,0.99949,-1,-1,-1
337,-1,16.31,108.37,71.08,175.85,0.99900,-1,-1,-1
337,-1,463.15,70.86,112.44,274.00,0.99898,-1,-1,-1
337,-1,573.27,93.13,66.31,221.48,0.99894,-1,-1,-1
337,-1,409.60,128.30,84.79,214.39,0.99416,-1,-1,-1
337,-1,204.98,195.75,13.78,38.00,0.97016,-1,-1,-1
337,-1,410.93,156.67,23.50,87.63,0.89482,-1,-1,-1
337,-1,104.80,183.45,28.21,48.70,0.82887,-1,-1,-1
337,-1,428.09,94.40,105.77,251.08,0.79368,-1,-1,-1
337,-1,230.23,199.93,11.08,31.84,0.74587,-1,-1,-1
337,-1,1.22,184.38,15.87,35.15,0.46129,-1,-1,-1
337,-1,152.86,191.29,8.21,40.74,0.34137,-1,-1,-1
337,-1,436.64,135.15,22.94,79.72,0.24277,-1,-1,-1
337,-1,396.66,147.39,32.24,131.07,0.22356,-1,-1,-1
337,-1,433.15,155.20,18.95,82.56,0.20043,-1,-1,-1
337,-1,437.12,124.42,44.39,97.94,0.18708,-1,-1,-1
337,-1,136.91,203.11,9.49,18.41,0.18538,-1,-1,-1
337,-1,220.75,193.86,7.13,25.84,0.18279,-1,-1,-1
337,-1,209.04,191.43,10.16,28.86,0.17389,-1,-1,-1
337,-1,233.31,200.49,8.95,18.76,0.16659,-1,-1,-1
337,-1,573.13,253.92,62.24,63.31,0.14571,-1,-1,-1
337,-1,434.94,168.89,15.22,46.47,0.14463,-1,-1,-1
337,-1,0.50,221.71,44.06,64.18,0.12720,-1,-1,-1
337,-1,451.93,119.83,33.31,36.81,0.10727,-1,-1,-1
337,-1,222.75,190.63,8.48,26.18,0.09249,-1,-1,-1
337,-1,212.41,193.28,10.08,37.25,0.07686,-1,-1,-1
337,-1,409.06,146.28,49.91,147.40,0.07573,-1,-1,-1
337,-1,454.70,115.37,54.27,222.67,0.07061,-1,-1,-1
337,-1,0.00,168.29,62.12,118.67,0.06351,-1,-1,-1
337,-1,224.81,195.81,18.00,40.90,0.05930,-1,-1,-1
337,-1,462.11,119.10,25.21,60.84,0.05645,-1,-1,-1
337,-1,218.76,194.62,6.59,30.83,0.05131,-1,-1,-1
338,-1,238.82,18.54,188.33,453.62,0.99972,-1,-1,-1
338,-1,25.00,111.61,64.55,181.40,0.99948,-1,-1,-1
338,-1,469.05,68.85,111.21,284.33,0.99945,-1,-1,-1
338,-1,590.95,90.83,49.05,233.16,0.99676,-1,-1,-1
338,-1,423.85,119.38,74.84,221.24,0.99537,-1,-1,-1
338,-1,199.37,198.59,14.28,37.29,0.96319,-1,-1,-1
338,-1,93.69,188.36,27.35,47.18,0.93578,-1,-1,-1
338,-1,428.02,175.05,21.14,66.42,0.88378,-1,-1,-1
338,-1,594.33,240.71,45.38,80.92,0.82307,-1,-1,-1
338,-1,0.22,177.81,34.59,109.63,0.68468,-1,-1,-1
338,-1,431.36,148.95,34.52,97.48,0.59343,-1,-1,-1
338,-1,92.56,187.38,21.41,27.19,0.50993,-1,-1,-1
338,-1,438.12,116.53,56.73,130.38,0.39629,-1,-1,-1
338,-1,223.11,203.86,11.99,20.45,0.32338,-1,-1,-1
338,-1,215.87,200.14,7.05,21.33,0.21766,-1,-1,-1
338,-1,146.25,192.96,8.52,33.43,0.20202,-1,-1,-1
338,-1,456.25,124.66,37.50,87.24,0.18216,-1,-1,-1
338,-1,425.92,181.56,15.59,49.79,0.15739,-1,-1,-1
338,-1,102.39,190.42,20.48,29.98,0.15093,-1,-1,-1
338,-1,28.50,113.50,50.36,108.30,0.14751,-1,-1,-1
338,-1,197.95,207.78,11.32,27.93,0.13733,-1,-1,-1
338,-1,204.03,195.72,9.55,28.73,0.10472,-1,-1,-1
338,-1,144.72,192.21,14.36,41.08,0.09770,-1,-1,-1
338,-1,230.51,205.38,5.39,14.37,0.07617,-1,-1,-1
338,-1,225.05,204.78,8.00,28.90,0.06885,-1,-1,-1
338,-1,109.70,193.19,13.14,20.97,0.06520,-1,-1,-1
338,-1,599.24,95.07,39.19,45.20,0.06343,-1,-1,-1
338,-1,487.66,62.12,82.17,173.29,0.05640,-1,-1,-1
338,-1,494.59,60.85,45.35,61.47,0.05300,-1,-1,-1
338,-1,132.34,207.66,7.30,17.61,0.05272,-1,-1,-1
339,-1,239.01,14.85,179.92,461.14,0.99981,-1,-1,-1
339,-1,20.32,113.17,70.54,180.83,0.99951,-1,-1,-1
339,-1,461.64,68.70,120.10,288.60,0.99935,-1,-1,-1
339,-1,596.55,96.33,43.43,227.72,0.99584,-1,-1,-1
339,-1,431.67,117.44,69.44,191.15,0.99456,-1,-1,-1
339,-1,193.94,207.60,13.36,30.03,0.93477,-1,-1,-1
339,-1,141.48,194.28,9.75,41.23,0.80066,-1,-1,-1
339,-1,88.83,187.63,23.85,54.72,0.70806,-1,-1,-1
339,-1,88.43,188.71,16.87,32.66,0.52839,-1,-1,-1
339,-1,426.38,171.59,17.21,71.02,0.52047,-1,-1,-1
339,-1,0.00,127.00,26.68,158.57,0.35128,-1,-1,-1
339,-1,197.70,195.16,12.65,42.54,0.26638,-1,-1,-1
339,-1,133.71,195.02,19.94,42.51,0.23459,-1,-1,-1
339,-1,212.03,198.29,7.42,24.07,0.20400,-1,-1,-1
339,-1,456.07,119.56,46.43,134.24,0.20286,-1,-1,-1
339,-1,219.78,204.40,11.14,18.74,0.19824,-1,-1,-1
339,-1,128.11,205.78,10.48,33.42,0.14970,-1,-1,-1
339,-1,201.01,196.10,8.68,27.48,0.14462,-1,-1,-1
339,-1,438.72,113.72,57.62,76.68,0.14236,-1,-1,-1
339,-1,127.68,205.67,8.20,22.70,0.11318,-1,-1,-1
339,-1,132.48,201.10,9.12,26.08,0.10839,-1,-1,-1
339,-1,93.55,196.30,21.15,33.16,0.09356,-1,-1,-1
339,-1,224.81,205.61,6.19,14.76,0.08067,-1,-1,-1
339,-1,459.47,113.42,23.81,20.16,0.07811,-1,-1,-1
339,-1,439.69,159.25,30.55,121.31,0.07266,-1,-1,-1
339,-1,444.90,112.84,38.08,57.18,0.07131,-1,-1,-1
339,-1,500.34,61.10,44.40,58.40,0.07026,-1,-1,-1
339,-1,427.56,132.16,51.27,140.40,0.06561,-1,-1,-1
339,-1,492.13,65.69,84.08,206.10,0.05884,-1,-1,-1
339,-1,142.43,208.42,7.20,28.12,0.05408,-1,-1,-1
339,-1,422.50,145.70,33.34,112.23,0.05214,-1,-1,-1
339,-1,596.69,105.17,40.06,103.70,0.05022,-1,-1,-1
340,-1,244.68,8.44,182.36,468.98,0.99978,-1,-1,-1
340,-1,11.71,112.92,96.37,181.54,0.99953,-1,-1,-1
340,-1,473.15,64.18,122.50,294.35,0.99951,-1,-1,-1
340,-1,428.16,110.67,67.05,200.19,0.99701,-1,-1,-1
340,-1,600.70,100.29,39.30,223.26,0.99356,-1,-1,-1
340,-1,189.33,196.14,14.73,41.21,0.98719,-1,-1,-1
340,-1,235.37,171.28,19.51,68.16,0.97942,-1,-1,-1
340,-1,0.00,118.87,23.62,172.08,0.95274,-1,-1,-1
340,-1,462.18,117.23,52.94,182.19,0.81832,-1,-1,-1
340,-1,79.49,196.17,21.60,39.47,0.77140,-1,-1,-1
340,-1,206.82,196.80,8.33,23.79,0.59384,-1,-1,-1
340,-1,0.22,114.01,7.83,28.48,0.47904,-1,-1,-1
340,-1,239.19,172.96,35.34,103.90,0.30741,-1,-1,-1
340,-1,214.62,201.52,9.70,35.08,0.28252,-1,-1,-1
340,-1,480.55,116.29,32.38,50.48,0.26176,-1,-1,-1
340,-1,1.59,117.81,42.16,169.17,0.20964,-1,-1,-1
340,-1,232.96,176.92,14.19,58.21,0.19559,-1,-1,-1
340,-1,194.43,194.65,10.28,30.59,0.19501,-1,-1,-1
340,-1,35.10,224.19,24.38,40.87,0.18768,-1,-1,-1
340,-1,78.54,195.19,12.77,17.15,0.14153,-1,-1,-1
340,-1,207.73,194.48,7.53,14.62,0.12947,-1,-1,-1
340,-1,121.83,207.17,7.74,22.26,0.12624,-1,-1,-1
340,-1,203.55,198.73,9.26,22.59,0.11405,-1,-1,-1
340,-1,96.46,191.81,11.08,14.81,0.11394,-1,-1,-1
340,-1,77.21,195.01,18.41,27.04,0.10435,-1,-1,-1
340,-1,475.06,118.35,42.24,77.53,0.08051,-1,-1,-1
340,-1,214.96,200.42,8.15,21.20,0.07464,-1,-1,-1
340,-1,433.53,96.44,102.91,233.08,0.06414,-1,-1,-1
340,-1,135.47,195.79,8.11,39.30,0.05611,-1,-1,-1
340,-1,217.81,201.94,7.49,21.75,0.05514,-1,-1,-1
340,-1,463.46,173.57,49.13,96.67,0.05439,-1,-1,-1
341,-1,242.21,10.65,192.08,465.10,0.99968,-1,-1,-1
341,-1,9.61,116.64,105.74,179.55,0.99869,-1,-1,-1
341,-1,495.65,63.95,123.61,300.13,0.99857,-1,-1,-1
341,-1,431.74,105.98,61.69,208.17,0.99854,-1,-1,-1
341,-1,478.77,113.71,49.12,235.13,0.99583,-1,-1,-1
341,-1,232.26,170.94,27.21,86.42,0.99312,-1,-1,-1
341,-1,608.74,116.91,31.26,208.97,0.97719,-1,-1,-1
341,-1,0.00,115.64,34.61,174.71,0.97410,-1,-1,-1
341,-1,187.28,195.75,15.01,42.26,0.96706,-1,-1,-1
341,-1,132.14,195.09,9.74,41.84,0.82374,-1,-1,-1
341,-1,478.63,118.89,49.02,115.58,0.53180,-1,-1,-1
341,-1,118.05,206.39,10.46,33.51,0.29046,-1,-1,-1
341,-1,249.82,173.37,10.86,46.58,0.24844,-1,-1,-1
341,-1,204.68,199.60,6.95,23.47,0.22315,-1,-1,-1
341,-1,75.25,194.57,21.50,24.33,0.17527,-1,-1,-1
341,-1,36.92,242.30,19.32,20.78,0.16912,-1,-1,-1
341,-1,447.29,112.32,72.13,215.11,0.15938,-1,-1,-1
341,-1,187.28,203.47,8.24,34.82,0.13083,-1,-1,-1
341,-1,202.90,198.02,12.89,24.66,0.12453,-1,-1,-1
341,-1,35.82,223.00,21.44,40.59,0.11571,-1,-1,-1
341,-1,227.34,176.52,17.08,63.82,0.11515,-1,-1,-1
341,-1,0.92,114.81,29.78,50.16,0.11306,-1,-1,-1
341,-1,214.00,204.62,6.84,18.91,0.09829,-1,-1,-1
341,-1,428.63,115.19,23.77,64.58,0.09666,-1,-1,-1
341,-1,473.24,102.31,99.47,234.17,0.08318,-1,-1,-1
341,-1,75.00,193.70,23.53,44.82,0.08180,-1,-1,-1
341,-1,122.64,195.20,19.62,42.52,0.07635,-1,-1,-1
341,-1,613.61,130.19,25.83,115.05,0.06785,-1,-1,-1
341,-1,93.56,194.26,12.06,25.34,0.06525,-1,-1,-1
341,-1,517.23,65.36,91.43,180.02,0.05912,-1,-1,-1
341,-1,202.25,200.38,5.78,23.04,0.05871,-1,-1,-1
342,-1,247.36,9.09,204.35,465.34,0.99969,-1,-1,-1
342,-1,520.03,60.33,111.43,301.64,0.99907,-1,-1,-1
342,-1,437.22,105.46,62.24,217.21,0.99813,-1,-1,-1
342,-1,15.83,116.79,100.14,180.23,0.99794,-1,-1,-1
342,-1,484.67,113.75,58.95,234.51,0.99680,-1,-1,-1
342,-1,230.54,169.66,32.18,87.69,0.99522,-1,-1,-1
342,-1,0.00,113.46,37.62,180.97,0.98895,-1,-1,-1
342,-1,187.35,196.78,15.55,40.09,0.90820,-1,-1,-1
342,-1,132.32,193.81,9.53,41.08,0.75167,-1,-1,-1
342,-1,615.09,136.72,24.91,190.75,0.66997,-1,-1,-1
342,-1,593.40,71.31,44.92,259.78,0.40327,-1,-1,-1
342,-1,243.97,173.81,21.49,76.17,0.40181,-1,-1,-1
342,-1,192.39,195.37,11.76,31.82,0.39073,-1,-1,-1
342,-1,204.20,198.57,7.52,22.34,0.33191,-1,-1,-1
342,-1,490.75,115.83,47.96,106.91,0.30815,-1,-1,-1
342,-1,458.19,110.72,67.24,216.77,0.30287,-1,-1,-1
342,-1,29.57,148.85,14.82,49.38,0.20647,-1,-1,-1
342,-1,212.42,201.53,9.93,37.18,0.19846,-1,-1,-1
342,-1,20.73,143.07,23.47,82.13,0.18332,-1,-1,-1
342,-1,90.57,193.39,16.20,27.01,0.16442,-1,-1,-1
342,-1,118.15,206.92,9.26,29.25,0.12956,-1,-1,-1
342,-1,463.55,76.50,137.02,273.69,0.08371,-1,-1,-1
342,-1,262.33,182.42,6.40,13.41,0.07909,-1,-1,-1
342,-1,595.68,72.98,40.61,65.48,0.06419,-1,-1,-1
342,-1,251.75,171.29,38.72,103.22,0.06363,-1,-1,-1
342,-1,213.98,202.61,8.73,19.17,0.06280,-1,-1,-1
342,-1,204.32,198.37,20.63,39.45,0.06174,-1,-1,-1
342,-1,123.31,193.85,19.66,37.82,0.05826,-1,-1,-1
342,-1,1.10,113.04,17.89,25.63,0.05432,-1,-1,-1
343,-1,256.91,13.85,196.14,462.80,0.99926,-1,-1,-1
343,-1,495.50,119.55,75.96,234.77,0.99836,-1,-1,-1
343,-1,19.81,119.46,95.82,177.15,0.99830,-1,-1,-1
343,-1,534.65,57.50,104.63,313.91,0.99767,-1,-1,-1
343,-1,225.10,172.61,35.84,87.74,0.99766,-1,-1,-1
343,-1,0.31,117.62,45.69,178.91,0.99550,-1,-1,-1
343,-1,450.52,105.48,59.01,219.98,0.99507,-1,-1,-1
343,-1,189.83,197.13,15.59,44.43,0.80302,-1,-1,-1
343,-1,452.44,106.53,56.24,113.38,0.63529,-1,-1,-1
343,-1,213.68,208.07,9.56,36.56,0.57019,-1,-1,-1
343,-1,192.84,197.65,11.82,25.49,0.53311,-1,-1,-1
343,-1,606.80,59.58,32.29,85.37,0.52841,-1,-1,-1
343,-1,506.06,138.56,16.56,31.35,0.52315,-1,-1,-1
343,-1,188.01,207.50,12.94,33.45,0.42346,-1,-1,-1
343,-1,507.17,123.03,49.21,169.81,0.24977,-1,-1,-1
343,-1,416.87,82.97,58.59,245.15,0.20228,-1,-1,-1
343,-1,512.59,125.73,14.03,18.41,0.15208,-1,-1,-1
343,-1,629.33,207.68,10.67,120.54,0.13766,-1,-1,-1
343,-1,547.86,56.96,89.38,141.91,0.13742,-1,-1,-1
343,-1,607.57,54.31,32.43,284.73,0.12727,-1,-1,-1
343,-1,207.06,199.72,7.06,20.10,0.12025,-1,-1,-1
343,-1,515.07,120.18,34.53,32.53,0.11897,-1,-1,-1
343,-1,631.96,268.37,7.85,57.78,0.11668,-1,-1,-1
343,-1,11.99,131.06,64.25,160.68,0.09957,-1,-1,-1
343,-1,28.78,149.57,26.11,68.85,0.08549,-1,-1,-1
343,-1,50.73,122.48,49.42,93.76,0.08491,-1,-1,-1
343,-1,260.77,196.23,22.53,45.73,0.08243,-1,-1,-1
343,-1,452.52,92.84,172.52,256.82,0.08240,-1,-1,-1
343,-1,207.50,198.94,7.09,9.94,0.07795,-1,-1,-1
343,-1,371.42,24.19,100.74,306.82,0.07715,-1,-1,-1
343,-1,463.37,115.85,75.57,221.58,0.07061,-1,-1,-1
343,-1,208.06,199.61,18.24,45.87,0.06785,-1,-1,-1
343,-1,510.39,120.94,45.01,94.29,0.06258,-1,-1,-1
343,-1,248.04,181.81,21.28,66.75,0.05320,-1,-1,-1
344,-1,262.38,8.72,206.84,464.20,0.99941,-1,-1,-1
344,-1,26.51,119.54,86.65,177.80,0.99832,-1,-1,-1
344,-1,551.73,57.31,87.22,317.59,0.99829,-1,-1,-1
344,-1,501.25,119.32,78.47,238.85,0.99792,-1,-1,-1
344,-1,0.00,118.01,52.68,178.94,0.99664,-1,-1,-1
344,-1,221.35,173.05,36.21,89.37,0.99563,-1,-1,-1
344,-1,459.31,107.19,52.51,204.10,0.99560,-1,-1,-1
344,-1,187.23,200.76,15.75,42.41,0.95755,-1,-1,-1
344,-1,210.59,207.49,12.77,40.26,0.78921,-1,-1,-1
344,-1,618.22,63.90,21.49,58.29,0.75233,-1,-1,-1
344,-1,517.18,122.45,50.03,109.16,0.63441,-1,-1,-1
344,-1,131.91,199.83,8.88,42.12,0.43001,-1,-1,-1
344,-1,436.48,92.22,58.51,240.78,0.41618,-1,-1,-1
344,-1,514.03,138.99,19.70,32.47,0.27501,-1,-1,-1
344,-1,205.40,202.74,6.91,23.46,0.24191,-1,-1,-1
344,-1,118.31,213.79,8.22,18.69,0.18501,-1,-1,-1
344,-1,216.82,180.80,24.18,79.05,0.16026,-1,-1,-1
344,-1,191.42,199.70,13.72,29.75,0.14425,-1,-1,-1
344,-1,203.82,202.55,15.15,42.73,0.14323,-1,-1,-1
344,-1,196.21,203.12,8.98,38.33,0.08170,-1,-1,-1
344,-1,30.27,177.20,24.85,80.19,0.07408,-1,-1,-1
344,-1,461.35,104.68,48.66,85.82,0.07373,-1,-1,-1
344,-1,515.34,128.25,21.88,55.33,0.07208,-1,-1,-1
344,-1,374.90,44.75,98.40,384.95,0.07122,-1,-1,-1
344,-1,609.70,73.96,29.85,251.60,0.06583,-1,-1,-1
344,-1,613.53,61.31,26.30,96.66,0.06121,-1,-1,-1
344,-1,58.00,123.11,49.98,92.53,0.05427,-1,-1,-1
344,-1,212.24,205.99,9.67,28.00,0.05160,-1,-1,-1
344,-1,414.44,70.72,67.28,280.94,0.05071,-1,-1,-1
344,-1,202.26,203.58,6.02,22.43,0.05006,-1,-1,-1
345,-1,275.63,10.49,206.80,466.05,0.99961,-1,-1,-1
345,-1,52.88,115.45,63.52,180.91,0.99894,-1,-1,-1
345,-1,208.81,170.16,46.91,92.39,0.99828,-1,-1,-1
345,-1,0.00,120.54,64.84,170.07,0.99778,-1,-1,-1
345,-1,566.42,55.07,72.91,323.64,0.99617,-1,-1,-1
345,-1,515.61,115.44,75.97,242.45,0.99455,-1,-1,-1
345,-1,467.46,101.62,48.65,179.43,0.97084,-1,-1,-1
345,-1,187.86,197.19,16.29,43.29,0.96065,-1,-1,-1
345,-1,532.47,116.63,52.39,112.05,0.82017,-1,-1,-1
345,-1,447.35,91.53,66.46,247.47,0.78230,-1,-1,-1
345,-1,131.21,198.38,9.35,41.99,0.38413,-1,-1,-1
345,-1,473.64,96.56,41.11,105.49,0.36310,-1,-1,-1
345,-1,527.57,136.52,21.71,30.87,0.30368,-1,-1,-1
345,-1,117.74,207.62,9.23,32.23,0.22958,-1,-1,-1
345,-1,428.51,49.80,63.01,285.87,0.20327,-1,-1,-1
345,-1,228.44,176.11,28.69,80.67,0.19198,-1,-1,-1
345,-1,208.49,181.62,18.86,66.91,0.16600,-1,-1,-1
345,-1,529.09,131.93,21.80,63.09,0.15618,-1,-1,-1
345,-1,574.12,51.14,65.48,154.85,0.12089,-1,-1,-1
345,-1,63.83,118.44,50.90,95.22,0.09406,-1,-1,-1
345,-1,204.47,200.59,7.18,24.74,0.09255,-1,-1,-1
345,-1,193.47,198.25,12.00,27.42,0.08371,-1,-1,-1
345,-1,485.15,125.79,81.84,218.39,0.07457,-1,-1,-1
345,-1,184.91,201.99,12.50,38.86,0.05634,-1,-1,-1
345,-1,206.42,199.74,8.83,28.07,0.05388,-1,-1,-1
345,-1,601.70,35.02,36.34,29.87,0.05044,-1,-1,-1
346,-1,293.60,6.87,205.73,469.18,0.99980,-1,-1,-1
346,-1,0.00,131.15,81.35,175.25,0.99882,-1,-1,-1
346,-1,209.18,175.75,49.31,95.17,0.99826,-1,-1,-1
346,-1,73.02,126.07,49.94,176.57,0.99744,-1,-1,-1
346,-1,587.77,54.18,52.14,338.18,0.99314,-1,-1,-1
346,-1,542.89,116.28,74.48,254.85,0.98461,-1,-1,-1
346,-1,468.29,96.16,58.18,245.48,0.98137,-1,-1,-1
346,-1,192.23,202.38,16.26,45.71,0.92710,-1,-1,-1
346,-1,547.32,119.83,59.25,123.41,0.75409,-1,-1,-1
346,-1,482.74,107.16,59.58,168.53,0.59182,-1,-1,-1
346,-1,122.15,217.31,9.57,27.50,0.51879,-1,-1,-1
346,-1,136.62,202.35,10.61,41.42,0.26294,-1,-1,-1
346,-1,451.60,91.64,49.33,255.78,0.20540,-1,-1,-1
346,-1,232.25,187.45,27.75,77.58,0.19636,-1,-1,-1
346,-1,475.65,102.45,49.96,112.84,0.18831,-1,-1,-1
346,-1,451.04,6.76,55.66,95.04,0.17080,-1,-1,-1
346,-1,208.81,183.56,26.83,81.97,0.15457,-1,-1,-1
346,-1,27.82,242.04,24.04,36.18,0.14210,-1,-1,-1
346,-1,90.37,127.14,38.35,87.81,0.14036,-1,-1,-1
346,-1,198.76,205.89,14.29,39.73,0.13328,-1,-1,-1
346,-1,431.13,24.91,81.72,315.17,0.13058,-1,-1,-1
346,-1,478.68,100.48,28.01,41.04,0.12977,-1,-1,-1
346,-1,594.98,225.34,44.25,166.65,0.11343,-1,-1,-1
346,-1,207.29,208.31,10.67,35.67,0.07451,-1,-1,-1
346,-1,187.81,207.20,14.57,40.23,0.05291,-1,-1,-1
347,-1,308.51,6.29,205.06,470.81,0.99932,-1,-1,-1
347,-1,84.82,129.59,64.11,172.72,0.99892,-1,-1,-1
347,-1,13.56,132.46,75.37,171.49,0.99862,-1,-1,-1
347,-1,215.63,175.31,45.30,97.16,0.99666,-1,-1,-1
347,-1,472.79,90.16,67.92,249.19,0.99003,-1,-1,-1
347,-1,565.98,118.86,72.90,259.56,0.98606,-1,-1,-1
347,-1,195.84,201.74,18.35,47.33,0.97506,-1,-1,-1
347,-1,496.40,97.51,48.86,175.39,0.88820,-1,-1,-1
347,-1,567.57,115.37,70.57,120.53,0.85494,-1,-1,-1
347,-1,2.26,202.30,16.93,35.15,0.75348,-1,-1,-1
347,-1,624.61,117.62,15.39,100.50,0.73667,-1,-1,-1
347,-1,238.45,196.39,22.64,71.39,0.46781,-1,-1,-1
347,-1,493.29,92.06,28.57,43.08,0.42020,-1,-1,-1
347,-1,565.85,125.13,28.62,39.95,0.24452,-1,-1,-1
347,-1,512.33,120.78,55.11,134.03,0.22273,-1,-1,-1
347,-1,27.62,199.51,24.03,53.88,0.19149,-1,-1,-1
347,-1,130.09,218.22,6.79,18.54,0.16279,-1,-1,-1
347,-1,601.87,106.49,37.82,108.79,0.14926,-1,-1,-1
347,-1,615.21,48.71,24.63,174.92,0.13742,-1,-1,-1
347,-1,11.09,202.17,10.50,32.89,0.10965,-1,-1,-1
347,-1,618.77,103.30,20.55,77.10,0.09319,-1,-1,-1
347,-1,195.14,210.82,11.14,37.85,0.06348,-1,-1,-1
347,-1,611.60,114.46,21.01,43.99,0.05863,-1,-1,-1
347,-1,207.39,211.58,8.68,36.13,0.05361,-1,-1,-1
348,-1,309.57,5.59,224.11,474.41,0.99954,-1,-1,-1
348,-1,82.18,129.70,82.83,172.64,0.99923,-1,-1,-1
348,-1,583.55,109.29,55.88,251.33,0.99891,-1,-1,-1
348,-1,25.68,129.65,67.40,170.71,0.99792,-1,-1,-1
348,-1,215.05,171.10,45.93,100.59,0.99767,-1,-1,-1
348,-1,490.36,86.80,67.43,251.45,0.96861,-1,-1,-1
348,-1,507.41,83.03,62.59,183.29,0.86048,-1,-1,-1
348,-1,5.85,200.14,16.36,34.27,0.84682,-1,-1,-1
348,-1,197.00,203.31,17.40,42.97,0.70801,-1,-1,-1
348,-1,28.18,178.85,22.28,74.90,0.68401,-1,-1,-1
348,-1,235.66,187.01,26.44,79.76,0.51886,-1,-1,-1
348,-1,584.25,105.64,54.43,116.72,0.49889,-1,-1,-1
348,-1,113.95,130.11,34.08,86.34,0.37093,-1,-1,-1
348,-1,199.60,202.06,15.19,24.18,0.23018,-1,-1,-1
348,-1,27.54,156.61,20.25,73.15,0.15809,-1,-1,-1
348,-1,499.42,86.92,27.54,33.76,0.13144,-1,-1,-1
348,-1,500.61,86.61,48.45,103.77,0.11239,-1,-1,-1
348,-1,438.76,19.65,99.74,294.76,0.09732,-1,-1,-1
348,-1,12.63,198.88,12.62,33.74,0.08181,-1,-1,-1
348,-1,29.35,181.54,16.58,43.29,0.07974,-1,-1,-1
348,-1,102.35,130.60,36.68,67.77,0.07201,-1,-1,-1
348,-1,582.66,135.40,20.98,24.16,0.07135,-1,-1,-1
348,-1,478.73,82.74,47.25,258.85,0.05909,-1,-1,-1
348,-1,198.92,219.07,13.34,27.85,0.05644,-1,-1,-1
348,-1,93.96,131.06,48.32,113.99,0.05591,-1,-1,-1
348,-1,71.81,134.55,27.88,80.64,0.05080,-1,-1,-1
349,-1,309.26,6.37,214.44,469.51,0.99954,-1,-1,-1
349,-1,83.13,131.90,90.39,169.55,0.99878,-1,-1,-1
349,-1,49.32,129.24,57.42,162.80,0.99640,-1,-1,-1
349,-1,496.27,80.77,67.16,277.23,0.99410,-1,-1,-1
349,-1,208.60,168.40,44.31,103.08,0.99232,-1,-1,-1
349,-1,600.37,128.36,39.21,232.13,0.97211,-1,-1,-1
349,-1,604.23,110.93,35.69,106.63,0.87625,-1,-1,-1
349,-1,5.25,201.67,13.58,34.49,0.85670,-1,-1,-1
349,-1,508.89,84.80,78.68,199.77,0.84930,-1,-1,-1
349,-1,206.11,172.64,24.36,80.98,0.64148,-1,-1,-1
349,-1,197.79,202.30,14.78,45.39,0.59003,-1,-1,-1
349,-1,226.03,179.84,29.77,82.20,0.54916,-1,-1,-1
349,-1,197.87,179.47,21.77,69.26,0.49121,-1,-1,-1
349,-1,533.99,110.73,63.15,143.47,0.42690,-1,-1,-1
349,-1,504.15,81.69,53.36,162.72,0.20763,-1,-1,-1
349,-1,161.94,125.78,31.26,68.49,0.14412,-1,-1,-1
349,-1,112.56,132.68,40.62,87.44,0.12956,-1,-1,-1
349,-1,491.76,85.20,41.47,228.97,0.11274,-1,-1,-1
349,-1,160.30,144.82,27.13,69.70,0.06879,-1,-1,-1
349,-1,161.39,124.53,30.13,32.60,0.06300,-1,-1,-1
349,-1,130.65,138.01,21.11,66.95,0.06252,-1,-1,-1
349,-1,316.77,216.84,11.44,39.28,0.05611,-1,-1,-1
350,-1,315.91,5.79,219.01,471.25,0.99965,-1,-1,-1
350,-1,87.33,129.48,86.79,172.19,0.99901,-1,-1,-1
350,-1,50.14,126.90,60.44,173.90,0.99761,-1,-1,-1
350,-1,502.93,74.55,66.96,304.31,0.99759,-1,-1,-1
350,-1,204.00,168.29,46.94,103.52,0.99608,-1,-1,-1
350,-1,610.18,144.36,29.82,228.99,0.72971,-1,-1,-1
350,-1,615.88,123.98,24.01,122.83,0.64936,-1,-1,-1
350,-1,319.49,211.04,10.83,38.15,0.57511,-1,-1,-1
350,-1,4.61,200.88,14.58,34.21,0.42838,-1,-1,-1
350,-1,228.08,184.05,27.86,70.75,0.27424,-1,-1,-1
350,-1,495.65,68.63,35.13,297.81,0.24131,-1,-1,-1
350,-1,128.95,133.16,27.84,77.98,0.23581,-1,-1,-1
350,-1,199.02,179.80,18.36,70.17,0.17252,-1,-1,-1
350,-1,112.49,132.49,46.34,114.93,0.11148,-1,-1,-1
350,-1,507.43,79.11,58.56,161.80,0.09995,-1,-1,-1
350,-1,204.32,175.82,19.07,77.44,0.08343,-1,-1,-1
350,-1,551.21,146.95,52.05,108.40,0.07658,-1,-1,-1
351,-1,316.58,5.35,226.10,472.61,0.99959,-1,-1,-1
351,-1,111.76,126.76,61.83,170.31,0.99881,-1,-1,-1
351,-1,49.64,129.44,83.15,170.33,0.99869,-1,-1,-1
351,-1,510.02,67.59,82.37,323.76,0.99681,-1,-1,-1
351,-1,198.69,167.63,41.82,103.05,0.99503,-1,-1,-1
351,-1,79.15,126.95,77.25,175.43,0.78450,-1,-1,-1
351,-1,221.39,180.11,24.73,76.29,0.49929,-1,-1,-1
351,-1,196.68,173.13,25.47,78.09,0.39179,-1,-1,-1
351,-1,3.57,196.50,16.83,35.02,0.35388,-1,-1,-1
351,-1,503.15,78.67,56.95,267.78,0.15370,-1,-1,-1
351,-1,225.61,183.22,17.84,49.56,0.15143,-1,-1,-1
351,-1,514.96,66.72,71.30,173.16,0.14030,-1,-1,-1
351,-1,321.89,212.28,8.84,31.12,0.13885,-1,-1,-1
351,-1,540.40,57.02,22.49,38.79,0.13611,-1,-1,-1
351,-1,65.62,130.59,51.64,133.48,0.09712,-1,-1,-1
351,-1,24.16,150.67,33.48,71.51,0.08634,-1,-1,-1
351,-1,23.34,157.60,44.52,104.18,0.08225,-1,-1,-1
351,-1,330.79,210.79,5.68,15.12,0.07538,-1,-1,-1
351,-1,240.73,179.71,16.83,69.04,0.05740,-1,-1,-1
351,-1,248.37,186.44,11.77,31.74,0.05486,-1,-1,-1
351,-1,328.04,211.77,5.69,14.39,0.05460,-1,-1,-1
351,-1,322.55,211.48,7.95,17.18,0.05377,-1,-1,-1
352,-1,322.46,5.84,203.41,469.76,0.99932,-1,-1,-1
352,-1,515.45,61.97,92.81,335.75,0.99867,-1,-1,-1
352,-1,195.00,166.40,47.31,104.56,0.99843,-1,-1,-1
352,-1,50.08,129.51,102.77,166.92,0.99827,-1,-1,-1
352,-1,131.67,123.74,53.14,166.84,0.99754,-1,-1,-1
352,-1,324.48,209.57,9.06,35.08,0.85375,-1,-1,-1
352,-1,22.32,144.24,34.20,71.32,0.54115,-1,-1,-1
352,-1,0.87,108.76,30.13,44.39,0.53368,-1,-1,-1
352,-1,7.92,132.36,56.42,86.54,0.42508,-1,-1,-1
352,-1,148.92,126.25,36.65,106.65,0.38001,-1,-1,-1
352,-1,0.33,110.37,27.65,115.20,0.37051,-1,-1,-1
352,-1,20.30,146.74,54.20,105.39,0.24140,-1,-1,-1
352,-1,334.25,209.55,6.64,18.23,0.20859,-1,-1,-1
352,-1,215.16,181.18,28.74,73.69,0.20801,-1,-1,-1
352,-1,225.96,191.33,20.75,63.25,0.16871,-1,-1,-1
352,-1,586.45,163.17,52.50,109.98,0.15483,-1,-1,-1
352,-1,1.05,109.70,45.36,60.36,0.13394,-1,-1,-1
352,-1,325.40,209.69,7.79,16.66,0.10277,-1,-1,-1
352,-1,506.31,94.14,56.55,274.37,0.08115,-1,-1,-1
352,-1,156.17,135.05,25.31,72.96,0.07849,-1,-1,-1
352,-1,249.68,189.80,8.89,23.06,0.06339,-1,-1,-1
352,-1,431.07,16.00,164.47,415.46,0.05110,-1,-1,-1
353,-1,54.73,127.76,99.05,164.87,0.99918,-1,-1,-1
353,-1,335.98,3.81,217.54,463.65,0.99914,-1,-1,-1
353,-1,144.98,117.34,54.83,174.65,0.99904,-1,-1,-1
353,-1,197.04,161.35,42.14,106.50,0.99736,-1,-1,-1
353,-1,531.63,52.75,89.84,360.40,0.99677,-1,-1,-1
353,-1,0.04,91.89,35.70,172.72,0.96236,-1,-1,-1
353,-1,530.90,55.87,31.65,64.38,0.94829,-1,-1,-1
353,-1,0.55,89.42,36.78,81.81,0.79337,-1,-1,-1
353,-1,609.78,153.73,30.22,85.23,0.74764,-1,-1,-1
353,-1,43.62,175.74,31.32,67.94,0.42069,-1,-1,-1
353,-1,508.73,55.72,78.81,322.56,0.37550,-1,-1,-1
353,-1,32.00,156.49,44.45,96.56,0.33031,-1,-1,-1
353,-1,218.62,182.85,28.07,71.13,0.27330,-1,-1,-1
353,-1,240.67,204.17,9.30,19.79,0.22166,-1,-1,-1
353,-1,510.33,67.47,39.76,292.80,0.17592,-1,-1,-1
353,-1,416.00,10.89,176.64,417.32,0.13447,-1,-1,-1
353,-1,604.55,154.67,35.02,169.98,0.12483,-1,-1,-1
353,-1,54.87,190.35,22.67,52.36,0.12108,-1,-1,-1
353,-1,519.79,59.64,31.41,62.12,0.11875,-1,-1,-1
353,-1,522.04,55.61,42.25,116.15,0.10485,-1,-1,-1
353,-1,7.51,111.52,32.10,109.58,0.08858,-1,-1,-1
353,-1,13.87,103.06,116.45,183.84,0.05392,-1,-1,-1
354,-1,346.07,0.00,197.29,480.00,0.99952,-1,-1,-1
354,-1,65.15,132.50,89.04,164.50,0.99917,-1,-1,-1
354,-1,148.69,125.25,65.94,169.61,0.99802,-1,-1,-1
354,-1,531.70,43.71,100.89,367.92,0.99780,-1,-1,-1
354,-1,199.04,166.04,36.90,106.39,0.99757,-1,-1,-1
354,-1,532.38,55.48,40.52,69.20,0.98457,-1,-1,-1
354,-1,1.14,92.94,43.25,191.32,0.86807,-1,-1,-1
354,-1,6.20,89.21,65.51,215.72,0.68548,-1,-1,-1
354,-1,0.13,148.48,32.17,195.30,0.65873,-1,-1,-1
354,-1,35.18,150.42,39.86,105.69,0.57877,-1,-1,-1
354,-1,513.19,66.30,35.10,290.74,0.46564,-1,-1,-1
354,-1,51.71,179.07,24.69,66.32,0.37643,-1,-1,-1
354,-1,19.66,94.53,126.56,206.84,0.37295,-1,-1,-1
354,-1,60.85,196.07,16.52,48.13,0.33119,-1,-1,-1
354,-1,116.95,127.16,80.15,165.39,0.27505,-1,-1,-1
354,-1,512.86,48.06,67.70,311.68,0.24574,-1,-1,-1
354,-1,331.60,208.51,9.60,37.12,0.23337,-1,-1,-1
354,-1,580.56,65.69,55.17,354.91,0.22769,-1,-1,-1
354,-1,346.69,6.14,182.69,256.44,0.20882,-1,-1,-1
354,-1,41.54,144.27,30.68,62.11,0.19358,-1,-1,-1
354,-1,621.49,142.50,18.29,126.44,0.17863,-1,-1,-1
354,-1,243.56,207.70,8.08,17.70,0.16583,-1,-1,-1
354,-1,523.86,56.49,49.28,140.37,0.09396,-1,-1,-1
354,-1,484.80,2.25,44.91,80.51,0.08560,-1,-1,-1
354,-1,15.14,121.01,61.86,110.36,0.06000,-1,-1,-1
354,-1,215.79,181.25,25.12,77.67,0.05054,-1,-1,-1
354,-1,226.90,200.51,20.32,57.33,0.05041,-1,-1,-1
355,-1,334.05,4.18,217.14,471.11,0.99939,-1,-1,-1
355,-1,95.79,133.05,73.20,163.44,0.99925,-1,-1,-1
355,-1,154.89,131.68,87.82,167.77,0.99885,-1,-1,-1
355,-1,546.98,34.23,91.82,399.32,0.99865,-1,-1,-1
355,-1,0.00,80.04,72.87,288.92,0.99774,-1,-1,-1
355,-1,531.24,48.50,56.93,118.01,0.96161,-1,-1,-1
355,-1,524.75,36.54,65.72,346.81,0.64909,-1,-1,-1
355,-1,334.51,213.50,9.34,35.47,0.51849,-1,-1,-1
355,-1,204.33,168.54,29.82,92.54,0.49824,-1,-1,-1
355,-1,64.71,203.99,14.19,47.72,0.45503,-1,-1,-1
355,-1,148.82,140.65,24.76,72.20,0.40174,-1,-1,-1
355,-1,187.63,149.60,54.95,125.26,0.38569,-1,-1,-1
355,-1,521.14,148.11,38.58,205.42,0.37680,-1,-1,-1
355,-1,517.37,48.94,73.40,182.87,0.22142,-1,-1,-1
355,-1,598.08,88.03,41.92,344.48,0.17514,-1,-1,-1
355,-1,143.45,133.13,31.90,115.56,0.16995,-1,-1,-1
355,-1,523.23,241.74,30.26,121.86,0.15280,-1,-1,-1
355,-1,335.07,215.02,6.27,24.64,0.15023,-1,-1,-1
355,-1,44.90,205.09,20.76,71.66,0.13106,-1,-1,-1
355,-1,236.78,212.66,9.37,36.89,0.12712,-1,-1,-1
355,-1,48.39,241.55,15.76,34.73,0.12604,-1,-1,-1
355,-1,489.74,4.42,45.75,89.17,0.12031,-1,-1,-1
355,-1,56.95,207.17,16.94,43.70,0.11228,-1,-1,-1
355,-1,42.48,145.62,29.64,73.88,0.11112,-1,-1,-1
355,-1,197.72,194.12,46.98,74.87,0.11029,-1,-1,-1
355,-1,245.48,216.11,6.99,15.93,0.10874,-1,-1,-1
355,-1,345.10,216.75,5.87,14.91,0.09917,-1,-1,-1
355,-1,342.83,215.80,6.31,14.65,0.08097,-1,-1,-1
355,-1,24.94,119.17,49.78,151.44,0.07333,-1,-1,-1
355,-1,39.27,178.26,31.32,96.90,0.07057,-1,-1,-1
355,-1,543.30,36.07,71.48,143.06,0.06546,-1,-1,-1
355,-1,330.45,208.35,15.73,42.15,0.06090,-1,-1,-1
355,-1,373.27,7.15,161.64,193.95,0.05105,-1,-1,-1
356,-1,339.15,0.00,211.92,478.35,0.99947,-1,-1,-1
356,-1,0.32,61.33,81.01,295.32,0.99900,-1,-1,-1
356,-1,151.34,125.82,90.72,168.90,0.99874,-1,-1,-1
356,-1,114.93,125.88,58.76,166.33,0.99829,-1,-1,-1
356,-1,562.05,23.52,76.89,396.64,0.99723,-1,-1,-1
356,-1,535.75,34.54,58.88,204.85,0.97194,-1,-1,-1
356,-1,333.10,206.94,9.58,37.95,0.80785,-1,-1,-1
356,-1,524.55,6.60,66.71,362.72,0.61221,-1,-1,-1
356,-1,150.15,130.82,29.50,83.36,0.47576,-1,-1,-1
356,-1,135.65,125.20,43.08,137.10,0.35307,-1,-1,-1
356,-1,558.20,19.85,80.02,192.25,0.26591,-1,-1,-1
356,-1,346.62,212.37,7.11,15.73,0.21322,-1,-1,-1
356,-1,211.85,181.77,16.23,42.02,0.14876,-1,-1,-1
356,-1,235.56,210.26,9.04,32.31,0.14595,-1,-1,-1
356,-1,521.35,126.78,41.82,223.02,0.13397,-1,-1,-1
356,-1,549.71,96.77,36.54,250.45,0.12971,-1,-1,-1
356,-1,189.23,138.34,52.56,132.97,0.10990,-1,-1,-1
356,-1,3.61,103.45,69.83,157.50,0.10445,-1,-1,-1
356,-1,336.20,207.41,13.12,36.55,0.10143,-1,-1,-1
356,-1,421.82,0.75,178.18,463.43,0.08372,-1,-1,-1
356,-1,539.50,31.18,57.00,89.61,0.07871,-1,-1,-1
356,-1,342.61,210.79,7.11,15.39,0.06870,-1,-1,-1
356,-1,385.76,220.80,144.83,248.94,0.06773,-1,-1,-1
356,-1,195.37,140.65,30.82,77.33,0.06710,-1,-1,-1
356,-1,322.80,208.34,17.56,44.55,0.06638,-1,-1,-1
356,-1,340.66,206.42,7.65,20.17,0.06628,-1,-1,-1
356,-1,211.02,178.28,23.61,72.07,0.05330,-1,-1,-1
356,-1,347.91,212.60,6.96,24.15,0.05329,-1,-1,-1
356,-1,156.45,125.51,44.14,136.35,0.05310,-1,-1,-1
357,-1,342.49,4.08,220.09,472.07,0.99945,-1,-1,-1
357,-1,154.00,124.66,83.08,167.75,0.99921,-1,-1,-1
357,-1,0.65,38.96,104.67,305.64,0.99889,-1,-1,-1
357,-1,125.81,123.02,56.26,169.32,0.99819,-1,-1,-1
357,-1,573.42,22.87,66.58,442.82,0.99414,-1,-1,-1
357,-1,535.88,22.59,70.69,350.96,0.98911,-1,-1,-1
357,-1,540.40,22.57,66.20,182.05,0.57160,-1,-1,-1
357,-1,149.45,129.43,47.71,149.25,0.31322,-1,-1,-1
357,-1,330.20,203.65,9.74,36.57,0.18861,-1,-1,-1
357,-1,3.23,37.08,68.85,224.65,0.16425,-1,-1,-1
357,-1,430.71,0.00,171.84,464.58,0.14140,-1,-1,-1
357,-1,225.81,199.37,9.13,22.94,0.11296,-1,-1,-1
357,-1,178.32,131.01,48.18,94.95,0.09343,-1,-1,-1
357,-1,176.65,127.97,30.26,39.88,0.06639,-1,-1,-1
357,-1,524.14,48.07,48.60,309.84,0.06363,-1,-1,-1
358,-1,342.43,3.97,216.18,471.11,0.99962,-1,-1,-1
358,-1,124.89,128.98,59.65,166.72,0.99883,-1,-1,-1
358,-1,168.63,128.03,67.15,165.50,0.99850,-1,-1,-1
358,-1,1.13,45.10,106.40,312.24,0.99744,-1,-1,-1
358,-1,531.50,15.70,85.28,376.10,0.99525,-1,-1,-1
358,-1,584.97,60.71,55.03,372.18,0.99198,-1,-1,-1
358,-1,567.44,37.90,57.68,363.85,0.83135,-1,-1,-1
358,-1,328.55,207.69,10.06,37.55,0.69106,-1,-1,-1
358,-1,162.00,130.45,37.25,145.84,0.63561,-1,-1,-1
358,-1,165.63,160.89,23.56,100.86,0.62260,-1,-1,-1
358,-1,322.97,208.80,19.84,37.69,0.29495,-1,-1,-1
358,-1,167.97,160.20,18.33,24.95,0.24001,-1,-1,-1
358,-1,540.66,20.42,73.30,194.00,0.23278,-1,-1,-1
358,-1,342.96,211.37,13.77,31.24,0.16853,-1,-1,-1
358,-1,469.70,8.91,139.51,428.83,0.13951,-1,-1,-1
358,-1,134.61,213.19,7.47,19.55,0.12085,-1,-1,-1
358,-1,208.63,146.19,25.54,142.71,0.08503,-1,-1,-1
358,-1,494.93,11.85,31.28,58.85,0.08215,-1,-1,-1
358,-1,517.23,116.45,48.52,242.01,0.07502,-1,-1,-1
358,-1,1.55,46.67,74.51,185.89,0.06608,-1,-1,-1
358,-1,227.16,200.22,14.58,52.07,0.06505,-1,-1,-1
358,-1,329.24,208.15,8.42,18.69,0.06238,-1,-1,-1
359,-1,323.13,17.68,230.14,452.47,0.99939,-1,-1,-1
359,-1,0.52,81.11,102.70,300.39,0.99915,-1,-1,-1
359,-1,186.58,151.87,48.44,168.25,0.99846,-1,-1,-1
359,-1,116.79,157.05,75.55,160.48,0.99825,-1,-1,-1
359,-1,529.27,37.48,90.05,384.64,0.99558,-1,-1,-1
359,-1,594.73,87.43,44.60,350.98,0.91947,-1,-1,-1
359,-1,536.24,38.67,77.07,199.83,0.89397,-1,-1,-1
359,-1,129.40,235.78,12.10,23.18,0.54181,-1,-1,-1
359,-1,168.21,170.92,31.51,126.77,0.47861,-1,-1,-1
359,-1,325.07,230.70,10.33,37.68,0.14980,-1,-1,-1
359,-1,103.94,223.26,19.29,33.38,0.13371,-1,-1,-1
359,-1,466.27,9.56,45.81,87.21,0.13301,-1,-1,-1
359,-1,226.75,233.95,9.83,40.59,0.12127,-1,-1,-1
359,-1,127.56,229.08,15.22,40.40,0.09616,-1,-1,-1
359,-1,166.47,174.99,22.60,81.03,0.08643,-1,-1,-1
359,-1,512.24,24.89,25.98,83.65,0.05389,-1,-1,-1
359,-1,452.02,24.91,118.94,402.53,0.05353,-1,-1,-1
360,-1,114.73,168.67,80.61,156.62,0.99954,-1,-1,-1
360,-1,1.36,81.21,93.12,310.41,0.99896,-1,-1,-1
360,-1,193.76,158.47,42.90,168.54,0.99895,-1,-1,-1
360,-1,331.01,28.61,230.00,443.90,0.99866,-1,-1,-1
360,-1,529.81,37.30,105.53,410.81,0.99514,-1,-1,-1
360,-1,537.02,37.21,93.25,210.40,0.91450,-1,-1,-1
360,-1,609.81,99.77,30.10,253.32,0.64708,-1,-1,-1
360,-1,323.83,237.72,9.64,35.95,0.52580,-1,-1,-1
360,-1,599.23,59.70,39.71,384.86,0.34876,-1,-1,-1
360,-1,165.55,170.66,29.73,103.10,0.30216,-1,-1,-1
360,-1,324.24,238.10,8.54,17.19,0.18829,-1,-1,-1
360,-1,126.02,235.31,15.36,43.40,0.18582,-1,-1,-1
360,-1,331.64,236.99,6.92,18.48,0.16710,-1,-1,-1
360,-1,171.16,175.33,21.96,67.72,0.14939,-1,-1,-1
360,-1,318.67,235.98,21.35,39.34,0.13920,-1,-1,-1
360,-1,312.45,239.22,9.63,38.97,0.12140,-1,-1,-1
360,-1,172.38,197.27,27.76,92.19,0.11320,-1,-1,-1
360,-1,165.80,169.97,24.69,51.39,0.10465,-1,-1,-1
360,-1,528.06,95.95,19.30,42.75,0.08787,-1,-1,-1
360,-1,97.72,228.44,17.75,27.87,0.07829,-1,-1,-1
360,-1,350.43,237.54,7.55,20.99,0.05923,-1,-1,-1
360,-1,339.77,238.34,14.55,19.58,0.05724,-1,-1,-1
360,-1,165.23,170.84,16.02,29.02,0.05160,-1,-1,-1
360,-1,325.88,237.31,13.35,19.21,0.05156,-1,-1,-1
361,-1,332.05,14.31,229.35,463.66,0.99957,-1,-1,-1
361,-1,532.13,19.27,107.30,415.07,0.99926,-1,-1,-1
361,-1,0.00,77.13,93.13,311.66,0.99898,-1,-1,-1
361,-1,184.88,156.51,52.10,162.68,0.99856,-1,-1,-1
361,-1,116.86,166.86,71.87,150.96,0.99846,-1,-1,-1
361,-1,540.18,17.66,99.68,220.52,0.95405,-1,-1,-1
361,-1,123.13,180.90,23.73,93.89,0.89050,-1,-1,-1
361,-1,342.41,238.81,9.02,31.11,0.75137,-1,-1,-1
361,-1,163.86,163.63,22.96,47.56,0.46401,-1,-1,-1
361,-1,330.28,234.82,14.19,33.14,0.44227,-1,-1,-1
361,-1,163.92,165.35,25.39,90.41,0.22882,-1,-1,-1
361,-1,299.46,234.60,13.13,36.51,0.19029,-1,-1,-1
361,-1,529.75,71.54,34.58,68.10,0.15993,-1,-1,-1
361,-1,156.23,162.84,35.83,144.78,0.14415,-1,-1,-1
361,-1,337.98,232.41,15.96,38.22,0.13525,-1,-1,-1
361,-1,316.56,232.77,8.39,36.99,0.12117,-1,-1,-1
361,-1,342.46,239.76,8.15,17.16,0.10073,-1,-1,-1
361,-1,323.02,236.59,12.34,33.36,0.09484,-1,-1,-1
361,-1,164.11,241.15,21.91,71.15,0.09327,-1,-1,-1
361,-1,190.19,237.85,13.00,35.94,0.07194,-1,-1,-1
361,-1,368.14,22.56,181.78,268.62,0.06977,-1,-1,-1
361,-1,171.54,168.27,15.16,34.39,0.05527,-1,-1,-1
361,-1,127.93,184.30,16.22,66.32,0.05475,-1,-1,-1
361,-1,112.41,172.75,49.96,105.09,0.05244,-1,-1,-1
361,-1,425.51,23.47,178.12,409.18,0.05089,-1,-1,-1
362,-1,1.53,69.26,91.58,311.29,0.99936,-1,-1,-1
362,-1,177.04,153.29,63.71,161.31,0.99932,-1,-1,-1
362,-1,341.22,10.89,221.62,466.14,0.99909,-1,-1,-1
362,-1,524.10,16.79,115.90,422.37,0.99764,-1,-1,-1
362,-1,123.77,154.75,60.46,157.84,0.99601,-1,-1,-1
362,-1,105.92,171.84,35.16,129.75,0.98622,-1,-1,-1
362,-1,531.88,1.36,108.12,219.75,0.97608,-1,-1,-1
362,-1,333.03,233.80,10.60,29.70,0.52546,-1,-1,-1
362,-1,322.14,227.20,12.90,36.48,0.23484,-1,-1,-1
362,-1,309.24,228.13,9.07,36.51,0.20970,-1,-1,-1
362,-1,342.23,224.07,12.13,40.01,0.16702,-1,-1,-1
362,-1,182.53,155.06,50.12,101.91,0.14080,-1,-1,-1
362,-1,529.14,69.95,29.95,63.09,0.12117,-1,-1,-1
362,-1,332.04,223.76,9.16,26.06,0.10749,-1,-1,-1
362,-1,319.02,224.04,24.29,41.13,0.10281,-1,-1,-1
362,-1,333.05,235.44,9.63,14.84,0.09900,-1,-1,-1
362,-1,180.21,190.01,18.68,77.36,0.09189,-1,-1,-1
362,-1,314.68,227.36,11.27,36.43,0.06338,-1,-1,-1
362,-1,317.64,227.00,6.96,21.56,0.06224,-1,-1,-1
362,-1,612.24,61.89,24.32,67.43,0.05606,-1,-1,-1
362,-1,386.42,14.48,170.46,240.13,0.05485,-1,-1,-1
362,-1,160.66,152.22,34.90,117.56,0.05438,-1,-1,-1
362,-1,322.93,222.74,17.37,28.82,0.05138,-1,-1,-1
363,-1,348.22,12.69,213.31,463.89,0.99951,-1,-1,-1
363,-1,175.49,157.40,68.59,158.86,0.99925,-1,-1,-1
363,-1,1.37,68.72,100.47,320.44,0.99837,-1,-1,-1
363,-1,91.92,175.92,54.28,133.77,0.99723,-1,-1,-1
363,-1,138.12,154.08,52.73,160.23,0.99582,-1,-1,-1
363,-1,533.62,3.79,105.86,431.23,0.99303,-1,-1,-1
363,-1,552.78,1.23,86.46,238.18,0.94971,-1,-1,-1
363,-1,329.63,229.99,12.12,36.09,0.58780,-1,-1,-1
363,-1,286.24,222.31,16.21,47.51,0.30540,-1,-1,-1
363,-1,323.32,225.25,16.78,42.04,0.25281,-1,-1,-1
363,-1,321.71,228.72,11.59,38.17,0.21648,-1,-1,-1
363,-1,308.17,233.55,9.93,35.83,0.16259,-1,-1,-1
363,-1,2.38,190.76,78.37,192.62,0.14025,-1,-1,-1
363,-1,465.93,8.19,148.47,429.14,0.11170,-1,-1,-1
363,-1,289.20,221.64,8.32,16.89,0.07229,-1,-1,-1
363,-1,181.33,193.68,18.89,76.17,0.06888,-1,-1,-1
363,-1,401.66,15.22,147.48,198.66,0.05060,-1,-1,-1
364,-1,0.22,74.13,108.47,327.52,0.99938,-1,-1,-1
364,-1,178.50,166.70,66.22,160.05,0.99918,-1,-1,-1
364,-1,352.29,15.53,210.16,456.76,0.99811,-1,-1,-1
364,-1,145.91,160.62,51.64,161.52,0.99692,-1,-1,-1
364,-1,91.35,179.01,48.18,137.77,0.99655,-1,-1,-1
364,-1,549.39,12.98,90.61,446.97,0.99226,-1,-1,-1
364,-1,322.31,235.73,15.97,36.37,0.36602,-1,-1,-1
364,-1,305.66,238.42,10.02,36.85,0.34702,-1,-1,-1
364,-1,546.35,10.05,92.73,207.17,0.26583,-1,-1,-1
364,-1,326.92,231.90,10.08,29.90,0.16347,-1,-1,-1
364,-1,0.00,287.02,52.64,113.84,0.11173,-1,-1,-1
364,-1,474.90,6.05,158.27,464.06,0.09347,-1,-1,-1
364,-1,319.74,239.96,12.57,31.88,0.08919,-1,-1,-1
364,-1,112.30,202.50,37.62,107.42,0.06545,-1,-1,-1
364,-1,194.29,166.95,45.90,86.88,0.05099,-1,-1,-1
365,-1,1.20,75.51,110.35,322.18,0.99947,-1,-1,-1
365,-1,190.07,169.28,54.11,159.44,0.99933,-1,-1,-1
365,-1,352.90,22.95,213.47,453.86,0.99866,-1,-1,-1
365,-1,144.33,166.61,55.55,159.25,0.99861,-1,-1,-1
365,-1,547.99,22.72,92.01,457.28,0.99548,-1,-1,-1
365,-1,80.65,184.92,49.82,138.31,0.99179,-1,-1,-1
365,-1,301.63,242.46,10.81,37.05,0.75197,-1,-1,-1
365,-1,321.42,250.05,11.12,24.36,0.39560,-1,-1,-1
365,-1,544.01,36.09,95.98,226.45,0.34546,-1,-1,-1
365,-1,295.54,241.90,21.98,39.32,0.21696,-1,-1,-1
365,-1,323.65,238.55,7.55,20.40,0.15334,-1,-1,-1
365,-1,576.62,141.71,63.38,331.23,0.11120,-1,-1,-1
365,-1,75.37,190.82,34.52,118.16,0.10649,-1,-1,-1
365,-1,226.86,185.77,13.66,52.74,0.07902,-1,-1,-1
365,-1,302.44,241.35,10.07,20.45,0.07179,-1,-1,-1
365,-1,279.40,234.77,17.52,44.47,0.06255,-1,-1,-1
365,-1,306.58,245.47,11.99,33.02,0.05983,-1,-1,-1
365,-1,321.43,240.83,12.93,26.71,0.05135,-1,-1,-1
366,-1,347.88,20.29,202.15,450.26,0.99932,-1,-1,-1
366,-1,126.74,158.26,88.60,158.28,0.99879,-1,-1,-1
366,-1,1.70,71.76,96.69,313.48,0.99840,-1,-1,-1
366,-1,192.48,156.30,50.14,154.06,0.99779,-1,-1,-1
366,-1,566.52,19.09,73.48,437.48,0.97711,-1,-1,-1
366,-1,63.64,180.11,41.42,128.64,0.62710,-1,-1,-1
366,-1,309.82,233.23,12.00,32.15,0.62663,-1,-1,-1
366,-1,291.14,231.45,9.78,36.97,0.42914,-1,-1,-1
366,-1,0.13,199.82,73.93,188.72,0.37829,-1,-1,-1
366,-1,316.16,234.63,10.70,32.18,0.21788,-1,-1,-1
366,-1,311.31,228.13,8.49,21.03,0.18692,-1,-1,-1
366,-1,310.00,236.66,10.12,17.92,0.18503,-1,-1,-1
366,-1,24.44,125.53,88.24,187.30,0.16040,-1,-1,-1
366,-1,268.96,221.17,17.39,48.88,0.15484,-1,-1,-1
366,-1,172.01,164.41,22.66,87.09,0.14355,-1,-1,-1
366,-1,292.13,231.69,16.41,37.53,0.11647,-1,-1,-1
366,-1,579.93,203.60,59.87,274.41,0.09327,-1,-1,-1
366,-1,164.52,163.33,50.42,138.36,0.08562,-1,-1,-1
366,-1,186.33,194.73,15.97,80.00,0.07229,-1,-1,-1
366,-1,224.66,171.70,12.96,53.91,0.07129,-1,-1,-1
366,-1,94.79,201.20,13.58,51.31,0.06388,-1,-1,-1
366,-1,159.26,160.68,31.49,95.64,0.05809,-1,-1,-1
366,-1,291.25,231.47,7.98,20.27,0.05795,-1,-1,-1
366,-1,302.56,231.88,9.23,35.96,0.05218,-1,-1,-1
367,-1,132.07,149.15,72.33,155.35,0.99914,-1,-1,-1
367,-1,200.67,145.76,54.94,161.49,0.99902,-1,-1,-1
367,-1,353.98,13.41,211.31,466.59,0.99895,-1,-1,-1
367,-1,1.18,60.09,108.89,286.98,0.99752,-1,-1,-1
367,-1,598.91,48.18,41.00,238.97,0.98263,-1,-1,-1
367,-1,295.15,223.67,9.44,37.31,0.75073,-1,-1,-1
367,-1,311.39,226.11,12.11,30.94,0.59302,-1,-1,-1
367,-1,67.99,159.27,42.97,139.75,0.58404,-1,-1,-1
367,-1,2.86,203.31,81.32,166.28,0.34096,-1,-1,-1
367,-1,313.20,221.09,8.02,21.40,0.27491,-1,-1,-1
367,-1,595.47,372.69,44.28,104.54,0.22801,-1,-1,-1
367,-1,36.35,92.07,77.66,210.29,0.17974,-1,-1,-1
367,-1,282.79,223.69,9.07,36.91,0.15468,-1,-1,-1
367,-1,299.58,224.46,11.72,35.46,0.12932,-1,-1,-1
367,-1,155.59,194.32,50.05,104.66,0.12425,-1,-1,-1
367,-1,589.20,29.64,49.75,441.14,0.11046,-1,-1,-1
367,-1,276.68,222.99,29.02,40.08,0.06668,-1,-1,-1
368,-1,0.00,64.45,118.42,315.08,0.99942,-1,-1,-1
368,-1,363.49,11.01,218.60,468.39,0.99940,-1,-1,-1
368,-1,139.82,150.58,77.19,155.11,0.99912,-1,-1,-1
368,-1,211.97,148.10,56.05,160.38,0.99901,-1,-1,-1
368,-1,79.65,171.82,39.41,126.99,0.86304,-1,-1,-1
368,-1,370.65,235.53,9.06,15.69,0.27367,-1,-1,-1
368,-1,215.36,152.68,42.90,101.39,0.26405,-1,-1,-1
368,-1,82.41,178.01,35.21,55.94,0.25520,-1,-1,-1
368,-1,81.85,182.36,22.11,42.92,0.13481,-1,-1,-1
368,-1,72.46,180.27,27.82,120.94,0.12692,-1,-1,-1
368,-1,243.92,169.71,13.00,47.92,0.08561,-1,-1,-1
368,-1,301.75,223.74,9.84,38.08,0.05855,-1,-1,-1
368,-1,317.61,218.16,9.94,29.42,0.05692,-1,-1,-1
368,-1,288.51,220.80,9.92,40.00,0.05394,-1,-1,-1
368,-1,219.59,152.27,34.08,62.06,0.05328,-1,-1,-1
369,-1,2.69,74.83,134.31,299.74,0.99976,-1,-1,-1
369,-1,381.68,13.03,215.95,466.97,0.99941,-1,-1,-1
369,-1,222.33,154.98,65.68,158.08,0.99937,-1,-1,-1
369,-1,156.89,158.73,72.24,153.89,0.99910,-1,-1,-1
369,-1,0.21,208.38,22.10,102.92,0.50494,-1,-1,-1
369,-1,0.00,207.53,21.73,47.58,0.31950,-1,-1,-1
369,-1,311.07,230.07,10.69,36.49,0.17379,-1,-1,-1
369,-1,325.02,234.78,10.17,28.46,0.13195,-1,-1,-1
369,-1,379.57,240.98,9.83,14.72,0.10593,-1,-1,-1
369,-1,119.03,229.37,10.38,35.83,0.09368,-1,-1,-1
370,-1,2.96,82.66,133.18,292.31,0.99977,-1,-1,-1
370,-1,217.97,160.03,71.60,154.84,0.99955,-1,-1,-1
370,-1,172.51,157.98,59.94,154.52,0.99922,-1,-1,-1
370,-1,379.25,9.97,224.49,470.03,0.99916,-1,-1,-1
370,-1,0.00,178.90,28.54,197.12,0.79151,-1,-1,-1
370,-1,177.77,230.71,19.97,38.95,0.55504,-1,-1,-1
370,-1,379.19,242.24,9.87,14.85,0.32496,-1,-1,-1
370,-1,0.00,212.16,23.35,66.70,0.28977,-1,-1,-1
370,-1,0.00,107.11,46.32,266.17,0.28236,-1,-1,-1
370,-1,180.31,240.36,12.70,28.93,0.14378,-1,-1,-1
370,-1,322.84,224.17,9.12,20.85,0.08723,-1,-1,-1
370,-1,309.39,229.21,10.19,37.28,0.08694,-1,-1,-1
370,-1,0.00,181.08,23.52,75.56,0.08153,-1,-1,-1
370,-1,177.97,200.37,22.11,70.32,0.07229,-1,-1,-1
371,-1,1.01,77.06,139.13,302.84,0.99976,-1,-1,-1
371,-1,372.74,5.25,229.50,470.24,0.99941,-1,-1,-1
371,-1,217.95,158.35,71.23,157.27,0.99939,-1,-1,-1
371,-1,184.80,155.60,52.57,158.04,0.99874,-1,-1,-1
371,-1,1.28,288.86,42.89,79.74,0.94445,-1,-1,-1
371,-1,177.02,218.93,16.97,47.71,0.86719,-1,-1,-1
371,-1,377.41,241.86,9.31,15.10,0.55834,-1,-1,-1
371,-1,319.27,235.36,9.29,28.95,0.39969,-1,-1,-1
371,-1,179.40,218.53,14.89,28.01,0.38928,-1,-1,-1
371,-1,0.30,195.73,42.20,168.72,0.33856,-1,-1,-1
371,-1,306.62,227.23,11.38,40.66,0.23490,-1,-1,-1
371,-1,175.26,235.64,14.95,32.18,0.22982,-1,-1,-1
371,-1,2.19,99.75,64.60,271.19,0.18601,-1,-1,-1
371,-1,41.62,73.55,36.59,38.62,0.12987,-1,-1,-1
371,-1,221.59,213.47,26.45,84.20,0.08743,-1,-1,-1
371,-1,315.11,226.09,15.20,40.82,0.08611,-1,-1,-1
371,-1,319.89,234.12,8.53,17.20,0.05615,-1,-1,-1
371,-1,226.09,209.51,18.45,62.33,0.05122,-1,-1,-1
372,-1,9.64,69.55,132.20,310.91,0.99965,-1,-1,-1
372,-1,383.92,4.93,244.77,471.75,0.99953,-1,-1,-1
372,-1,232.72,158.39,61.38,154.18,0.99939,-1,-1,-1
372,-1,195.20,156.97,51.64,154.50,0.99909,-1,-1,-1
372,-1,177.43,204.65,20.81,61.39,0.90395,-1,-1,-1
372,-1,0.00,185.63,33.73,183.09,0.85998,-1,-1,-1
372,-1,319.48,235.02,11.12,29.09,0.41583,-1,-1,-1
372,-1,379.66,241.82,9.77,14.88,0.35974,-1,-1,-1
372,-1,321.05,232.94,9.05,17.38,0.26644,-1,-1,-1
372,-1,0.21,157.18,24.76,83.56,0.25873,-1,-1,-1
372,-1,0.18,146.40,75.22,230.43,0.21953,-1,-1,-1
372,-1,183.75,190.28,20.43,59.96,0.21467,-1,-1,-1
372,-1,309.33,229.40,12.10,35.75,0.18151,-1,-1,-1
372,-1,2.16,263.79,37.18,108.72,0.17962,-1,-1,-1
372,-1,406.28,225.41,9.36,24.60,0.11680,-1,-1,-1
372,-1,87.74,142.43,52.52,226.11,0.11337,-1,-1,-1
372,-1,171.56,189.31,19.57,62.56,0.09819,-1,-1,-1
372,-1,177.18,224.89,15.71,40.60,0.08231,-1,-1,-1
372,-1,298.04,226.53,25.35,41.43,0.07644,-1,-1,-1
372,-1,416.52,7.19,205.13,269.66,0.06228,-1,-1,-1
372,-1,227.61,172.08,23.21,98.90,0.05716,-1,-1,-1
372,-1,7.34,143.62,28.39,91.35,0.05514,-1,-1,-1
373,-1,19.28,75.39,137.57,303.66,0.99953,-1,-1,-1
373,-1,402.43,0.00,231.24,477.23,0.99951,-1,-1,-1
373,-1,252.56,156.51,50.70,157.98,0.99901,-1,-1,-1
373,-1,203.74,158.67,59.13,152.16,0.99901,-1,-1,-1
373,-1,182.77,217.49,20.27,49.79,0.96932,-1,-1,-1
373,-1,1.27,143.12,37.94,230.13,0.90368,-1,-1,-1
373,-1,0.00,139.50,33.56,110.93,0.76958,-1,-1,-1
373,-1,412.18,226.21,8.98,28.03,0.52317,-1,-1,-1
373,-1,384.96,240.54,10.56,16.21,0.33736,-1,-1,-1
373,-1,5.82,110.86,66.21,261.32,0.23305,-1,-1,-1
373,-1,9.60,148.44,37.71,117.60,0.16990,-1,-1,-1
373,-1,206.01,230.06,7.14,18.23,0.15991,-1,-1,-1
373,-1,323.84,231.01,11.11,34.00,0.13592,-1,-1,-1
373,-1,207.86,232.90,11.79,42.67,0.12010,-1,-1,-1
373,-1,205.49,229.92,12.89,20.76,0.10132,-1,-1,-1
373,-1,191.89,194.99,13.72,35.18,0.08602,-1,-1,-1
373,-1,317.73,221.81,16.04,44.34,0.08498,-1,-1,-1
373,-1,182.78,233.35,13.58,33.25,0.08079,-1,-1,-1
373,-1,321.66,224.47,19.74,40.97,0.07640,-1,-1,-1
373,-1,322.41,225.28,10.95,22.38,0.06847,-1,-1,-1
373,-1,351.79,225.51,12.70,39.77,0.06262,-1,-1,-1
374,-1,30.33,85.30,131.56,300.79,0.99959,-1,-1,-1
374,-1,210.31,164.40,64.23,148.32,0.99949,-1,-1,-1
374,-1,267.01,156.88,44.65,160.36,0.99888,-1,-1,-1
374,-1,412.73,0.00,220.81,480.00,0.99791,-1,-1,-1
374,-1,0.00,107.40,47.69,277.42,0.99298,-1,-1,-1
374,-1,187.97,219.33,19.82,50.35,0.98545,-1,-1,-1
374,-1,417.59,226.31,9.08,29.39,0.96447,-1,-1,-1
374,-1,428.07,223.84,10.08,31.37,0.89124,-1,-1,-1
374,-1,422.39,226.18,6.91,28.55,0.70909,-1,-1,-1
374,-1,441.64,2.44,196.30,266.02,0.70056,-1,-1,-1
374,-1,426.50,226.30,7.58,28.31,0.56173,-1,-1,-1
374,-1,390.20,241.98,9.80,14.80,0.46815,-1,-1,-1
374,-1,428.59,219.76,15.97,37.19,0.36529,-1,-1,-1
374,-1,187.45,229.51,12.38,38.30,0.34531,-1,-1,-1
374,-1,415.15,226.54,6.66,26.99,0.25748,-1,-1,-1
374,-1,191.78,221.48,16.12,27.72,0.23310,-1,-1,-1
374,-1,326.32,225.14,17.95,41.72,0.21760,-1,-1,-1
374,-1,319.64,226.65,9.94,41.22,0.20736,-1,-1,-1
374,-1,209.50,230.68,7.20,18.08,0.19476,-1,-1,-1
374,-1,215.63,228.74,7.34,25.37,0.19286,-1,-1,-1
374,-1,412.75,226.94,7.02,24.72,0.16806,-1,-1,-1
374,-1,210.03,222.27,15.12,53.67,0.16753,-1,-1,-1
374,-1,0.00,104.32,45.90,142.90,0.15937,-1,-1,-1
374,-1,409.15,225.81,21.12,30.02,0.15494,-1,-1,-1
374,-1,420.94,223.61,15.03,32.36,0.12778,-1,-1,-1
374,-1,115.93,149.77,41.32,184.81,0.12410,-1,-1,-1
374,-1,327.44,225.37,10.40,26.01,0.10778,-1,-1,-1
374,-1,19.86,122.98,37.76,242.35,0.10551,-1,-1,-1
374,-1,213.75,229.38,7.18,21.11,0.10046,-1,-1,-1
374,-1,438.63,211.05,7.50,21.95,0.09442,-1,-1,-1
374,-1,208.11,229.20,5.44,19.02,0.09142,-1,-1,-1
374,-1,434.46,223.74,8.63,29.60,0.09139,-1,-1,-1
374,-1,321.59,223.41,14.82,45.05,0.08561,-1,-1,-1
374,-1,392.14,145.31,86.84,320.21,0.05821,-1,-1,-1
375,-1,27.66,81.30,131.22,310.37,0.99963,-1,-1,-1
375,-1,214.02,162.93,61.59,148.72,0.99955,-1,-1,-1
375,-1,273.68,157.29,46.16,155.64,0.99919,-1,-1,-1
375,-1,431.73,0.05,202.61,474.84,0.99894,-1,-1,-1
375,-1,0.82,105.82,51.46,279.13,0.99664,-1,-1,-1
375,-1,188.70,218.00,19.87,48.87,0.97772,-1,-1,-1
375,-1,419.32,224.61,8.82,29.36,0.96123,-1,-1,-1
375,-1,429.15,223.62,12.04,30.17,0.82842,-1,-1,-1
375,-1,422.83,224.62,7.02,28.66,0.58778,-1,-1,-1
375,-1,435.27,221.41,8.61,27.80,0.40003,-1,-1,-1
375,-1,325.23,224.11,14.53,42.55,0.38180,-1,-1,-1
375,-1,426.50,224.42,7.57,28.57,0.33718,-1,-1,-1
375,-1,5.60,96.43,102.04,289.40,0.33621,-1,-1,-1
375,-1,458.67,4.97,181.05,275.68,0.31982,-1,-1,-1
375,-1,391.92,239.70,11.09,16.12,0.31180,-1,-1,-1
375,-1,210.28,228.23,7.20,20.06,0.29929,-1,-1,-1
375,-1,444.76,204.89,17.22,48.99,0.29624,-1,-1,-1
375,-1,414.16,226.81,7.58,25.07,0.28687,-1,-1,-1
375,-1,412.92,225.76,14.27,27.70,0.25748,-1,-1,-1
375,-1,188.67,228.02,11.34,37.75,0.22352,-1,-1,-1
375,-1,213.03,217.81,14.56,55.98,0.21366,-1,-1,-1
375,-1,418.75,221.98,16.43,32.37,0.18671,-1,-1,-1
375,-1,215.83,232.49,9.75,33.49,0.15048,-1,-1,-1
375,-1,327.29,223.62,9.65,30.16,0.13527,-1,-1,-1
375,-1,191.47,218.92,18.71,28.50,0.10539,-1,-1,-1
375,-1,305.05,174.51,18.57,95.33,0.09746,-1,-1,-1
375,-1,448.29,205.42,13.98,30.66,0.09147,-1,-1,-1
375,-1,115.87,155.97,41.72,187.81,0.08410,-1,-1,-1
375,-1,194.12,195.39,17.86,57.86,0.07583,-1,-1,-1
375,-1,444.30,214.37,9.73,35.62,0.07553,-1,-1,-1
375,-1,321.15,226.27,9.27,39.42,0.07254,-1,-1,-1
375,-1,412.84,212.55,76.09,261.32,0.06563,-1,-1,-1
375,-1,201.37,225.50,9.89,32.57,0.06408,-1,-1,-1
375,-1,197.50,193.02,13.37,39.44,0.06135,-1,-1,-1
375,-1,210.32,226.63,14.22,23.99,0.05882,-1,-1,-1
375,-1,592.69,20.46,40.95,39.07,0.05363,-1,-1,-1
375,-1,304.83,177.48,12.22,62.23,0.05311,-1,-1,-1
375,-1,34.56,131.18,24.42,96.62,0.05053,-1,-1,-1
376,-1,32.17,80.09,139.09,303.88,0.99957,-1,-1,-1
376,-1,219.76,162.95,57.60,148.06,0.99926,-1,-1,-1
376,-1,440.56,4.40,192.67,463.42,0.99901,-1,-1,-1
376,-1,276.76,158.15,46.06,155.39,0.99875,-1,-1,-1
376,-1,0.00,104.82,64.30,280.30,0.99585,-1,-1,-1
376,-1,188.21,216.29,20.02,49.59,0.98765,-1,-1,-1
376,-1,446.76,200.50,24.52,81.02,0.97115,-1,-1,-1
376,-1,431.58,221.68,11.89,31.51,0.91161,-1,-1,-1
376,-1,420.01,223.54,7.96,29.41,0.88520,-1,-1,-1
376,-1,459.07,193.92,21.66,85.94,0.82340,-1,-1,-1
376,-1,469.95,0.37,168.59,278.00,0.71751,-1,-1,-1
376,-1,424.46,223.31,6.61,29.42,0.63337,-1,-1,-1
376,-1,427.79,223.75,7.70,28.68,0.58455,-1,-1,-1
376,-1,212.50,222.27,14.94,50.10,0.45547,-1,-1,-1
376,-1,436.23,220.24,8.67,28.69,0.41818,-1,-1,-1
376,-1,0.47,99.59,46.44,57.21,0.35489,-1,-1,-1
376,-1,464.36,201.14,16.18,50.22,0.29674,-1,-1,-1
376,-1,0.35,104.55,50.87,91.36,0.28096,-1,-1,-1
376,-1,310.03,175.59,17.12,103.98,0.27249,-1,-1,-1
376,-1,418.09,224.45,6.85,27.92,0.24110,-1,-1,-1
376,-1,392.36,239.23,10.46,15.48,0.19775,-1,-1,-1
376,-1,325.22,223.95,15.74,42.83,0.16817,-1,-1,-1
376,-1,221.77,229.54,6.44,17.71,0.16772,-1,-1,-1
376,-1,420.92,219.46,15.71,34.20,0.15654,-1,-1,-1
376,-1,215.87,230.66,9.90,33.81,0.13483,-1,-1,-1
376,-1,464.32,192.32,15.35,38.76,0.11311,-1,-1,-1
376,-1,440.19,217.16,6.81,30.25,0.11266,-1,-1,-1
376,-1,488.36,3.62,148.72,155.05,0.11059,-1,-1,-1
376,-1,464.39,192.29,14.51,16.80,0.10764,-1,-1,-1
376,-1,312.18,177.71,11.42,69.54,0.08622,-1,-1,-1
376,-1,11.18,142.39,101.28,245.12,0.08575,-1,-1,-1
376,-1,414.97,223.47,5.75,23.35,0.07861,-1,-1,-1
376,-1,427.69,91.40,99.09,375.16,0.07439,-1,-1,-1
376,-1,7.82,102.83,60.08,151.99,0.06062,-1,-1,-1
377,-1,33.19,76.70,140.12,305.61,0.99968,-1,-1,-1
377,-1,277.39,157.81,51.85,156.69,0.99921,-1,-1,-1
377,-1,230.65,159.48,49.19,146.73,0.99916,-1,-1,-1
377,-1,464.22,5.66,174.78,466.19,0.99738,-1,-1,-1
377,-1,0.00,96.17,66.37,298.04,0.99472,-1,-1,-1
377,-1,187.90,215.14,20.12,49.48,0.98794,-1,-1,-1
377,-1,460.41,192.66,26.82,90.67,0.98333,-1,-1,-1
377,-1,447.09,203.06,18.60,72.91,0.98325,-1,-1,-1
377,-1,419.55,224.03,8.86,28.44,0.93421,-1,-1,-1
377,-1,431.27,222.54,11.21,29.79,0.74644,-1,-1,-1
377,-1,427.12,224.39,9.24,27.46,0.64297,-1,-1,-1
377,-1,324.24,230.77,11.16,34.06,0.56762,-1,-1,-1
377,-1,424.55,224.12,6.63,27.89,0.56295,-1,-1,-1
377,-1,465.77,190.63,22.15,59.21,0.46419,-1,-1,-1
377,-1,468.44,145.08,32.08,128.60,0.42879,-1,-1,-1
377,-1,210.30,220.64,16.35,50.94,0.39805,-1,-1,-1
377,-1,187.17,231.74,14.64,33.17,0.37189,-1,-1,-1
377,-1,436.88,221.63,9.00,28.00,0.36949,-1,-1,-1
377,-1,392.34,238.10,9.19,16.39,0.36732,-1,-1,-1
377,-1,450.93,37.96,114.00,429.85,0.13740,-1,-1,-1
377,-1,212.67,225.90,11.41,32.39,0.12183,-1,-1,-1
377,-1,440.28,222.19,8.13,26.10,0.09860,-1,-1,-1
377,-1,585.39,11.45,50.57,42.37,0.08440,-1,-1,-1
377,-1,467.16,192.20,16.25,16.60,0.08273,-1,-1,-1
377,-1,452.01,193.50,21.53,84.33,0.07955,-1,-1,-1
377,-1,220.34,219.67,9.11,20.65,0.06885,-1,-1,-1
377,-1,0.48,98.09,52.41,56.01,0.06374,-1,-1,-1
377,-1,452.85,199.68,14.39,51.09,0.05411,-1,-1,-1
377,-1,207.62,215.69,22.01,33.33,0.05192,-1,-1,-1
378,-1,40.13,71.28,142.40,306.61,0.99981,-1,-1,-1
378,-1,281.64,158.97,50.32,154.31,0.99910,-1,-1,-1
378,-1,473.76,4.24,164.14,468.71,0.99857,-1,-1,-1
378,-1,236.18,159.00,45.88,147.76,0.99801,-1,-1,-1
378,-1,0.48,91.88,62.19,289.27,0.99785,-1,-1,-1
378,-1,457.58,194.08,30.53,88.42,0.99547,-1,-1,-1
378,-1,186.17,215.57,19.00,49.54,0.99280,-1,-1,-1
378,-1,447.52,198.89,20.94,76.33,0.97278,-1,-1,-1
378,-1,418.32,223.89,8.23,29.42,0.92980,-1,-1,-1
378,-1,430.09,221.93,9.77,31.63,0.88920,-1,-1,-1
378,-1,434.21,221.14,8.82,30.95,0.77434,-1,-1,-1
378,-1,423.80,224.62,6.46,28.28,0.45985,-1,-1,-1
378,-1,425.69,224.16,7.46,28.92,0.38973,-1,-1,-1
378,-1,415.76,223.96,6.81,28.67,0.38245,-1,-1,-1
378,-1,437.30,222.61,7.78,25.02,0.34544,-1,-1,-1
378,-1,414.18,222.46,17.10,31.51,0.29657,-1,-1,-1
378,-1,440.19,221.52,7.13,26.97,0.18956,-1,-1,-1
378,-1,391.33,239.37,10.51,15.37,0.17354,-1,-1,-1
378,-1,413.29,225.55,5.78,21.13,0.14846,-1,-1,-1
378,-1,486.48,24.34,142.56,266.30,0.13939,-1,-1,-1
378,-1,3.02,97.23,63.70,145.80,0.12030,-1,-1,-1
378,-1,324.05,230.38,9.20,35.54,0.10881,-1,-1,-1
378,-1,49.74,125.84,25.55,112.15,0.08651,-1,-1,-1
378,-1,463.55,158.46,34.17,127.03,0.08001,-1,-1,-1
378,-1,468.34,193.61,21.30,63.30,0.07343,-1,-1,-1
378,-1,443.31,219.77,6.60,28.58,0.06326,-1,-1,-1
378,-1,467.81,192.90,16.37,17.23,0.05066,-1,-1,-1
379,-1,45.93,71.13,129.04,308.87,0.99983,-1,-1,-1
379,-1,287.68,157.39,47.81,152.57,0.99923,-1,-1,-1
379,-1,237.86,156.67,43.34,149.02,0.99819,-1,-1,-1
379,-1,0.43,92.66,58.88,274.35,0.99408,-1,-1,-1
379,-1,508.49,164.26,46.22,97.91,0.99249,-1,-1,-1
379,-1,457.29,191.24,30.13,88.63,0.99126,-1,-1,-1
379,-1,510.22,26.30,129.16,444.07,0.98218,-1,-1,-1
379,-1,446.54,197.56,20.23,78.27,0.97618,-1,-1,-1
379,-1,415.63,221.76,9.57,29.33,0.96790,-1,-1,-1
379,-1,184.84,214.44,17.28,45.25,0.95191,-1,-1,-1
379,-1,426.88,219.48,11.78,31.84,0.92673,-1,-1,-1
379,-1,181.68,229.29,15.22,32.92,0.79988,-1,-1,-1
379,-1,432.70,219.46,9.90,30.35,0.76381,-1,-1,-1
379,-1,389.63,237.90,9.86,15.57,0.57784,-1,-1,-1
379,-1,421.24,221.82,7.21,28.83,0.44596,-1,-1,-1
379,-1,414.41,224.56,6.75,26.32,0.37308,-1,-1,-1
379,-1,87.53,68.38,37.77,38.36,0.31685,-1,-1,-1
379,-1,423.52,222.72,8.47,27.91,0.30738,-1,-1,-1
379,-1,412.55,220.78,19.40,30.66,0.25833,-1,-1,-1
379,-1,410.86,224.26,5.95,24.06,0.24699,-1,-1,-1
379,-1,500.79,142.70,96.58,332.17,0.17412,-1,-1,-1
379,-1,10.87,101.47,54.33,149.90,0.13938,-1,-1,-1
379,-1,437.06,222.85,6.52,26.20,0.07718,-1,-1,-1
379,-1,468.80,142.51,27.15,64.59,0.07529,-1,-1,-1
379,-1,515.73,165.48,65.57,121.09,0.07333,-1,-1,-1
379,-1,469.54,188.01,19.79,67.87,0.06831,-1,-1,-1
379,-1,440.98,220.40,6.53,25.62,0.06403,-1,-1,-1
379,-1,467.82,190.50,16.19,17.39,0.06068,-1,-1,-1
379,-1,286.75,194.57,11.13,49.52,0.05634,-1,-1,-1
380,-1,39.47,73.85,133.15,314.22,0.99983,-1,-1,-1
380,-1,292.34,158.81,46.45,152.65,0.99952,-1,-1,-1
380,-1,506.46,166.44,61.89,156.38,0.99899,-1,-1,-1
380,-1,236.83,158.48,53.24,152.38,0.99855,-1,-1,-1
380,-1,0.05,106.06,54.36,268.78,0.99741,-1,-1,-1
380,-1,535.38,48.26,104.62,420.82,0.99070,-1,-1,-1
380,-1,457.56,193.98,29.44,88.80,0.98975,-1,-1,-1
380,-1,179.14,216.06,20.62,50.62,0.98812,-1,-1,-1
380,-1,444.65,201.10,23.56,79.53,0.96538,-1,-1,-1
380,-1,413.25,224.97,9.52,29.07,0.94916,-1,-1,-1
380,-1,425.16,225.41,10.56,29.20,0.85975,-1,-1,-1
380,-1,219.23,225.82,9.71,22.63,0.69810,-1,-1,-1
380,-1,430.11,224.42,8.38,28.75,0.68536,-1,-1,-1
380,-1,421.10,228.49,8.80,25.91,0.59953,-1,-1,-1
380,-1,387.19,239.76,9.70,16.23,0.45265,-1,-1,-1
380,-1,230.35,211.72,16.83,58.58,0.34564,-1,-1,-1
380,-1,413.91,225.62,18.14,29.31,0.34477,-1,-1,-1
380,-1,202.50,218.18,15.55,46.20,0.32634,-1,-1,-1
380,-1,508.01,155.97,105.78,311.83,0.32380,-1,-1,-1
380,-1,433.39,225.49,7.89,25.85,0.30736,-1,-1,-1
380,-1,418.69,226.44,7.51,27.37,0.26477,-1,-1,-1
380,-1,212.02,220.59,8.53,24.02,0.23820,-1,-1,-1
380,-1,411.38,227.19,7.08,26.63,0.20417,-1,-1,-1
380,-1,267.49,185.01,26.53,110.59,0.18282,-1,-1,-1
380,-1,561.60,55.18,75.55,272.14,0.14913,-1,-1,-1
380,-1,177.78,225.58,12.53,40.80,0.14501,-1,-1,-1
380,-1,440.63,229.90,6.76,23.10,0.13648,-1,-1,-1
380,-1,207.23,214.37,9.32,14.96,0.10573,-1,-1,-1
380,-1,213.36,222.19,14.80,24.84,0.10242,-1,-1,-1
380,-1,428.52,220.76,15.24,33.22,0.09622,-1,-1,-1
380,-1,206.19,219.08,17.90,27.41,0.09056,-1,-1,-1
380,-1,430.38,221.98,8.01,16.07,0.09035,-1,-1,-1
380,-1,202.46,222.25,14.48,22.44,0.08257,-1,-1,-1
380,-1,208.05,216.44,10.31,25.72,0.08020,-1,-1,-1
380,-1,232.74,215.36,13.36,36.74,0.07777,-1,-1,-1
380,-1,83.46,70.62,37.51,39.89,0.07413,-1,-1,-1
380,-1,467.15,192.87,15.77,16.78,0.06683,-1,-1,-1
380,-1,390.33,232.05,16.97,22.28,0.06428,-1,-1,-1
380,-1,275.77,184.83,19.23,80.70,0.06086,-1,-1,-1
380,-1,0.45,180.40,33.97,201.46,0.05947,-1,-1,-1
380,-1,438.37,225.10,6.76,24.04,0.05608,-1,-1,-1
381,-1,36.46,71.61,131.72,325.83,0.99979,-1,-1,-1
381,-1,506.81,165.64,70.09,170.65,0.99953,-1,-1,-1
381,-1,292.69,161.53,49.94,156.26,0.99948,-1,-1,-1
381,-1,233.57,165.50,61.84,149.62,0.99883,-1,-1,-1
381,-1,552.47,59.97,86.61,410.76,0.99294,-1,-1,-1
381,-1,0.37,113.93,46.74,265.26,0.98941,-1,-1,-1
381,-1,174.43,218.66,19.42,51.65,0.98805,-1,-1,-1
381,-1,460.55,200.35,24.71,87.66,0.98707,-1,-1,-1
381,-1,443.63,204.37,23.12,78.97,0.97760,-1,-1,-1
381,-1,409.42,228.11,10.31,28.89,0.95326,-1,-1,-1
381,-1,421.98,225.27,11.75,32.78,0.82778,-1,-1,-1
381,-1,227.06,216.06,19.44,60.57,0.54033,-1,-1,-1
381,-1,420.48,225.63,7.77,32.08,0.50669,-1,-1,-1
381,-1,426.56,225.35,9.79,26.86,0.48321,-1,-1,-1
381,-1,384.04,242.62,9.73,16.78,0.39537,-1,-1,-1
381,-1,209.02,222.94,9.19,27.03,0.31096,-1,-1,-1
381,-1,415.76,229.13,8.39,27.70,0.30350,-1,-1,-1
381,-1,198.89,219.63,15.49,40.47,0.28539,-1,-1,-1
381,-1,406.33,229.22,6.54,27.08,0.21877,-1,-1,-1
381,-1,439.51,224.42,7.90,32.51,0.19800,-1,-1,-1
381,-1,272.36,184.59,24.12,89.04,0.18963,-1,-1,-1
381,-1,177.26,219.82,17.92,27.86,0.14743,-1,-1,-1
381,-1,199.26,223.40,11.42,26.88,0.14515,-1,-1,-1
381,-1,217.96,232.08,7.45,19.51,0.14179,-1,-1,-1
381,-1,174.69,230.05,12.32,38.80,0.14029,-1,-1,-1
381,-1,568.17,83.41,68.73,255.12,0.12041,-1,-1,-1
381,-1,443.54,203.58,21.73,42.37,0.10284,-1,-1,-1
381,-1,432.64,226.03,7.54,24.63,0.08822,-1,-1,-1
381,-1,436.20,227.86,8.76,26.96,0.08369,-1,-1,-1
381,-1,554.99,276.18,84.78,203.82,0.07932,-1,-1,-1
381,-1,202.83,218.27,10.76,31.17,0.06260,-1,-1,-1
381,-1,465.93,195.39,16.81,17.78,0.05807,-1,-1,-1
381,-1,395.98,236.24,8.19,20.89,0.05294,-1,-1,-1
381,-1,468.38,180.76,19.62,92.12,0.05033,-1,-1,-1
382,-1,30.67,72.50,129.21,332.69,0.99983,-1,-1,-1
382,-1,504.50,164.30,86.06,174.64,0.99968,-1,-1,-1
382,-1,230.22,168.61,61.37,145.06,0.99931,-1,-1,-1
382,-1,291.27,158.60,53.83,157.70,0.99923,-1,-1,-1
382,-1,170.72,217.43,18.61,52.17,0.98547,-1,-1,-1
382,-1,459.02,200.52,25.19,82.54,0.98505,-1,-1,-1
382,-1,572.08,104.19,66.96,363.72,0.97928,-1,-1,-1
382,-1,444.31,204.13,20.37,76.80,0.97720,-1,-1,-1
382,-1,0.05,131.41,44.53,206.20,0.97331,-1,-1,-1
382,-1,405.23,225.74,11.76,28.94,0.96162,-1,-1,-1
382,-1,418.47,223.92,10.11,30.85,0.82933,-1,-1,-1
382,-1,584.44,130.38,54.45,216.58,0.74311,-1,-1,-1
382,-1,422.40,222.20,9.77,30.22,0.70398,-1,-1,-1
382,-1,194.96,225.17,12.12,31.92,0.59504,-1,-1,-1
382,-1,205.22,224.05,8.58,24.43,0.59480,-1,-1,-1
382,-1,416.29,226.38,7.44,28.51,0.57639,-1,-1,-1
382,-1,572.40,291.11,67.60,185.59,0.51144,-1,-1,-1
382,-1,213.50,227.47,8.86,23.08,0.40340,-1,-1,-1
382,-1,380.46,241.30,9.78,14.67,0.39521,-1,-1,-1
382,-1,410.10,227.27,9.62,27.14,0.34739,-1,-1,-1
382,-1,426.04,222.90,8.24,25.88,0.29626,-1,-1,-1
382,-1,404.28,228.45,7.90,26.49,0.28518,-1,-1,-1
382,-1,418.12,221.12,6.16,15.19,0.25346,-1,-1,-1
382,-1,438.83,218.63,8.44,37.06,0.24512,-1,-1,-1
382,-1,169.28,227.21,11.85,40.73,0.21338,-1,-1,-1
382,-1,401.12,227.33,6.94,23.59,0.20871,-1,-1,-1
382,-1,183.88,223.47,8.04,26.46,0.19233,-1,-1,-1
382,-1,434.31,225.04,8.05,28.51,0.17398,-1,-1,-1
382,-1,178.73,221.41,12.73,43.25,0.16606,-1,-1,-1
382,-1,463.82,194.89,15.55,16.21,0.14161,-1,-1,-1
382,-1,191.28,222.64,7.11,25.18,0.11682,-1,-1,-1
382,-1,253.65,158.06,82.73,159.81,0.09497,-1,-1,-1
382,-1,416.67,222.84,5.87,21.76,0.09452,-1,-1,-1
382,-1,198.20,221.97,14.96,28.95,0.08815,-1,-1,-1
382,-1,431.45,223.90,7.26,24.71,0.07856,-1,-1,-1
382,-1,208.29,227.38,11.35,22.59,0.07818,-1,-1,-1
382,-1,411.15,222.12,14.73,33.19,0.07798,-1,-1,-1
382,-1,423.54,218.60,8.66,11.89,0.06743,-1,-1,-1
382,-1,2.98,134.63,37.55,122.12,0.06647,-1,-1,-1
382,-1,438.72,208.73,15.62,69.06,0.06340,-1,-1,-1
382,-1,437.20,219.52,7.58,25.81,0.06198,-1,-1,-1
382,-1,188.70,222.43,6.26,25.42,0.05822,-1,-1,-1
382,-1,444.95,215.97,12.39,61.48,0.05814,-1,-1,-1
382,-1,445.31,203.84,17.69,42.01,0.05020,-1,-1,-1
383,-1,503.81,165.59,91.62,175.95,0.99989,-1,-1,-1
383,-1,19.57,73.04,132.06,335.62,0.99966,-1,-1,-1
383,-1,228.82,170.81,58.98,146.20,0.99932,-1,-1,-1
383,-1,290.13,163.22,57.53,157.40,0.99902,-1,-1,-1
383,-1,446.84,199.37,35.25,88.68,0.99197,-1,-1,-1
383,-1,163.42,219.70,19.45,51.21,0.97831,-1,-1,-1
383,-1,0.37,145.47,32.38,188.28,0.96478,-1,-1,-1
383,-1,439.69,204.23,20.76,76.20,0.96294,-1,-1,-1
383,-1,591.21,226.52,48.79,248.15,0.94650,-1,-1,-1
383,-1,400.34,227.47,10.28,29.30,0.92732,-1,-1,-1
383,-1,415.67,226.68,10.85,29.93,0.89430,-1,-1,-1
383,-1,411.15,228.10,8.34,28.91,0.73287,-1,-1,-1
383,-1,374.80,241.74,11.10,18.22,0.67069,-1,-1,-1
383,-1,166.24,219.70,17.96,27.94,0.52664,-1,-1,-1
383,-1,407.14,229.78,8.29,26.65,0.47277,-1,-1,-1
383,-1,432.78,222.35,8.93,34.43,0.44513,-1,-1,-1
383,-1,404.63,225.98,19.98,31.43,0.36436,-1,-1,-1
383,-1,162.14,236.13,14.50,34.43,0.34979,-1,-1,-1
383,-1,187.32,230.47,12.49,22.05,0.31780,-1,-1,-1
383,-1,398.83,229.19,7.55,26.88,0.27040,-1,-1,-1
383,-1,422.59,226.24,8.29,28.09,0.21143,-1,-1,-1
383,-1,426.56,225.08,9.71,29.89,0.19902,-1,-1,-1
383,-1,342.15,227.68,12.10,38.66,0.18337,-1,-1,-1
383,-1,0.00,133.53,58.25,226.20,0.15733,-1,-1,-1
383,-1,198.53,226.38,8.43,23.29,0.15051,-1,-1,-1
383,-1,412.83,223.92,6.04,20.17,0.14696,-1,-1,-1
383,-1,611.77,234.83,27.78,124.95,0.14400,-1,-1,-1
383,-1,415.33,223.63,19.16,31.51,0.14379,-1,-1,-1
383,-1,413.38,224.26,8.01,28.68,0.13705,-1,-1,-1
383,-1,387.09,234.79,8.71,21.49,0.13429,-1,-1,-1
383,-1,433.02,215.30,15.09,57.84,0.12075,-1,-1,-1
383,-1,461.42,197.66,14.74,18.33,0.11514,-1,-1,-1
383,-1,1.52,142.65,41.68,114.45,0.10864,-1,-1,-1
383,-1,424.74,222.47,19.07,34.87,0.10596,-1,-1,-1
383,-1,412.50,223.93,5.10,12.03,0.09276,-1,-1,-1
383,-1,441.79,220.38,13.33,58.70,0.08800,-1,-1,-1
383,-1,395.86,229.97,6.33,22.67,0.07725,-1,-1,-1
383,-1,414.20,223.85,5.71,11.42,0.07414,-1,-1,-1
383,-1,341.01,221.09,20.42,48.18,0.06610,-1,-1,-1
383,-1,413.28,222.12,5.15,9.51,0.06453,-1,-1,-1
383,-1,187.03,229.62,8.80,17.13,0.06397,-1,-1,-1
383,-1,434.98,221.65,9.31,45.78,0.06215,-1,-1,-1
383,-1,178.92,226.08,7.43,21.42,0.05364,-1,-1,-1
384,-1,507.91,153.95,84.80,185.81,0.99988,-1,-1,-1
384,-1,5.23,69.81,128.91,332.66,0.99976,-1,-1,-1
384,-1,229.85,165.45,57.28,144.06,0.99951,-1,-1,-1
384,-1,284.37,160.71,57.03,156.64,0.99928,-1,-1,-1
384,-1,446.34,199.52,29.99,84.04,0.99357,-1,-1,-1
384,-1,151.85,215.86,20.28,54.97,0.99030,-1,-1,-1
384,-1,433.98,199.97,20.42,75.11,0.95110,-1,-1,-1
384,-1,391.00,224.23,11.02,29.37,0.90611,-1,-1,-1
384,-1,408.43,222.86,9.77,27.65,0.69868,-1,-1,-1
384,-1,398.00,232.11,13.02,22.03,0.68990,-1,-1,-1
384,-1,367.68,238.58,8.90,17.18,0.60634,-1,-1,-1
384,-1,432.28,198.78,21.18,40.84,0.52521,-1,-1,-1
384,-1,435.09,223.29,12.80,51.15,0.45512,-1,-1,-1
384,-1,424.43,221.54,9.64,32.80,0.40507,-1,-1,-1
384,-1,0.00,116.48,26.71,149.00,0.40344,-1,-1,-1
384,-1,404.49,224.11,9.56,29.60,0.32286,-1,-1,-1
384,-1,421.02,224.97,7.72,27.12,0.29598,-1,-1,-1
384,-1,395.93,225.34,11.29,27.58,0.24860,-1,-1,-1
384,-1,402.94,221.09,19.38,31.94,0.23901,-1,-1,-1
384,-1,427.67,219.39,9.93,37.26,0.20475,-1,-1,-1
384,-1,378.30,233.67,7.47,19.86,0.14391,-1,-1,-1
384,-1,149.90,225.30,14.04,44.13,0.12256,-1,-1,-1
384,-1,155.81,216.59,17.49,33.38,0.11091,-1,-1,-1
384,-1,455.89,194.49,13.66,16.49,0.10246,-1,-1,-1
384,-1,0.00,101.46,41.31,203.90,0.09922,-1,-1,-1
384,-1,441.25,144.53,33.26,89.97,0.09898,-1,-1,-1
384,-1,413.78,224.70,7.15,26.76,0.09323,-1,-1,-1
384,-1,0.23,188.95,23.17,122.51,0.08341,-1,-1,-1
384,-1,417.22,225.52,7.57,26.22,0.08078,-1,-1,-1
384,-1,419.82,221.35,21.09,34.29,0.07994,-1,-1,-1
384,-1,332.19,205.03,20.85,61.90,0.05877,-1,-1,-1
384,-1,417.36,228.14,14.19,24.41,0.05861,-1,-1,-1
384,-1,426.22,213.20,24.80,49.94,0.05748,-1,-1,-1
385,-1,512.82,147.66,78.64,193.12,0.99985,-1,-1,-1
385,-1,6.48,71.25,125.49,326.13,0.99981,-1,-1,-1
385,-1,284.34,157.23,56.88,159.62,0.99943,-1,-1,-1
385,-1,234.74,160.88,50.80,147.71,0.99921,-1,-1,-1
385,-1,432.74,190.16,44.84,92.07,0.99509,-1,-1,-1
385,-1,148.14,214.71,20.80,53.31,0.98604,-1,-1,-1
385,-1,388.31,221.02,11.20,30.83,0.94892,-1,-1,-1
385,-1,402.05,220.41,12.50,31.31,0.90023,-1,-1,-1
385,-1,431.09,195.65,26.04,78.98,0.78230,-1,-1,-1
385,-1,146.59,225.46,14.56,42.04,0.65587,-1,-1,-1
385,-1,174.73,224.34,12.04,34.17,0.63443,-1,-1,-1
385,-1,422.15,214.67,10.83,38.09,0.62655,-1,-1,-1
385,-1,189.59,224.92,6.74,21.04,0.60736,-1,-1,-1
385,-1,398.95,222.90,9.90,29.17,0.54917,-1,-1,-1
385,-1,280.81,173.19,19.00,92.95,0.44562,-1,-1,-1
385,-1,192.07,223.64,6.33,23.42,0.41025,-1,-1,-1
385,-1,410.64,218.93,8.81,30.63,0.38316,-1,-1,-1
385,-1,418.35,217.03,8.64,33.13,0.35609,-1,-1,-1
385,-1,164.07,222.68,8.47,23.80,0.34305,-1,-1,-1
385,-1,395.32,221.98,8.26,29.47,0.33938,-1,-1,-1
385,-1,0.26,107.65,24.46,158.03,0.21897,-1,-1,-1
385,-1,403.60,218.06,21.06,32.48,0.17711,-1,-1,-1
385,-1,187.18,223.28,7.16,20.10,0.17427,-1,-1,-1
385,-1,0.17,201.97,43.13,188.22,0.15701,-1,-1,-1
385,-1,152.73,216.13,15.51,31.32,0.14654,-1,-1,-1
385,-1,416.35,214.83,23.99,38.75,0.13281,-1,-1,-1
385,-1,166.95,221.77,6.70,21.45,0.12471,-1,-1,-1
385,-1,184.60,221.29,6.18,21.03,0.12293,-1,-1,-1
385,-1,152.05,229.21,13.28,37.62,0.12008,-1,-1,-1
385,-1,414.45,218.75,8.59,29.10,0.11868,-1,-1,-1
385,-1,169.90,221.44,6.54,19.53,0.11548,-1,-1,-1
385,-1,412.57,215.19,18.35,35.39,0.11266,-1,-1,-1
385,-1,365.55,238.68,7.96,15.83,0.10919,-1,-1,-1
385,-1,285.74,175.05,12.97,54.95,0.10912,-1,-1,-1
385,-1,406.55,218.51,10.24,28.12,0.10008,-1,-1,-1
385,-1,383.89,223.72,5.49,21.54,0.09336,-1,-1,-1
385,-1,172.45,223.92,6.33,17.39,0.09161,-1,-1,-1
385,-1,194.31,224.47,7.77,23.07,0.08817,-1,-1,-1
385,-1,432.92,218.78,13.82,53.18,0.08707,-1,-1,-1
385,-1,174.45,224.56,10.99,18.33,0.07415,-1,-1,-1
385,-1,286.54,174.10,11.99,28.46,0.06416,-1,-1,-1
385,-1,421.28,210.75,29.47,52.07,0.06350,-1,-1,-1
385,-1,377.54,229.54,6.68,21.88,0.05928,-1,-1,-1
385,-1,386.39,222.84,8.46,27.64,0.05689,-1,-1,-1
385,-1,397.40,220.91,7.45,21.84,0.05679,-1,-1,-1
386,-1,1.65,64.71,123.78,332.58,0.99970,-1,-1,-1
386,-1,517.97,144.62,64.30,203.04,0.99968,-1,-1,-1
386,-1,286.49,153.96,55.25,163.58,0.99952,-1,-1,-1
386,-1,237.69,159.20,50.56,149.35,0.99927,-1,-1,-1
386,-1,433.54,192.66,39.97,87.81,0.99454,-1,-1,-1
386,-1,426.87,195.98,21.92,77.32,0.96474,-1,-1,-1
386,-1,395.48,219.75,12.57,31.81,0.94277,-1,-1,-1
386,-1,381.94,220.87,11.84,29.78,0.89264,-1,-1,-1
386,-1,140.71,217.81,17.51,49.42,0.87411,-1,-1,-1
386,-1,415.06,215.25,10.42,36.05,0.80360,-1,-1,-1
386,-1,393.65,222.85,9.16,28.67,0.74728,-1,-1,-1
386,-1,143.69,215.71,17.53,28.14,0.62722,-1,-1,-1
386,-1,411.03,215.99,9.17,32.89,0.53910,-1,-1,-1
386,-1,166.76,223.73,11.16,30.21,0.48641,-1,-1,-1
386,-1,403.96,219.23,8.34,30.28,0.39932,-1,-1,-1
386,-1,139.42,233.29,12.56,35.00,0.39801,-1,-1,-1
386,-1,358.05,232.51,10.09,21.45,0.38878,-1,-1,-1
386,-1,399.43,216.62,11.32,31.72,0.38753,-1,-1,-1
386,-1,369.38,227.40,7.97,23.84,0.33788,-1,-1,-1
386,-1,407.17,217.37,8.84,31.99,0.30575,-1,-1,-1
386,-1,418.61,212.70,10.92,40.06,0.29319,-1,-1,-1
386,-1,181.20,222.36,7.28,22.73,0.23962,-1,-1,-1
386,-1,164.64,222.92,6.86,24.27,0.23510,-1,-1,-1
386,-1,0.08,88.92,26.60,210.68,0.22618,-1,-1,-1
386,-1,391.15,222.35,7.93,28.90,0.22134,-1,-1,-1
386,-1,178.18,220.47,8.21,24.49,0.17207,-1,-1,-1
386,-1,24.01,61.12,39.29,43.17,0.13967,-1,-1,-1
386,-1,462.40,210.41,11.87,47.43,0.08289,-1,-1,-1
386,-1,161.17,220.77,7.24,23.25,0.07796,-1,-1,-1
386,-1,428.71,211.88,13.85,59.90,0.07280,-1,-1,-1
386,-1,155.88,220.58,9.16,23.63,0.07235,-1,-1,-1
386,-1,369.43,226.36,7.09,10.41,0.07190,-1,-1,-1
386,-1,395.32,217.66,7.68,12.12,0.06968,-1,-1,-1
386,-1,379.98,222.71,7.34,24.64,0.06555,-1,-1,-1
386,-1,0.76,143.67,17.28,123.01,0.06533,-1,-1,-1
386,-1,186.45,223.49,5.13,22.26,0.06220,-1,-1,-1
386,-1,1.53,61.56,49.31,255.55,0.06212,-1,-1,-1
386,-1,394.98,219.69,9.31,21.63,0.05784,-1,-1,-1
386,-1,174.51,221.49,6.52,22.45,0.05333,-1,-1,-1
386,-1,372.73,226.99,6.37,22.53,0.05315,-1,-1,-1
386,-1,177.12,222.29,4.93,22.51,0.05048,-1,-1,-1
387,-1,0.77,56.91,120.22,346.74,0.99977,-1,-1,-1
387,-1,519.62,138.55,68.51,215.94,0.99973,-1,-1,-1
387,-1,234.96,159.95,57.63,149.48,0.99958,-1,-1,-1
387,-1,290.39,155.88,46.21,157.45,0.99866,-1,-1,-1
387,-1,423.93,190.78,40.38,87.84,0.99562,-1,-1,-1
387,-1,374.28,219.00,11.59,29.93,0.92602,-1,-1,-1
387,-1,388.07,219.14,12.05,30.19,0.86777,-1,-1,-1
387,-1,411.26,217.36,10.20,32.09,0.83803,-1,-1,-1
387,-1,129.15,232.82,14.74,33.34,0.77384,-1,-1,-1
387,-1,384.93,223.50,8.52,25.66,0.69893,-1,-1,-1
387,-1,350.90,222.86,17.57,27.46,0.67297,-1,-1,-1
387,-1,423.72,196.02,21.61,76.05,0.64867,-1,-1,-1
387,-1,393.40,217.80,9.54,30.31,0.54313,-1,-1,-1
387,-1,131.59,215.41,17.09,50.99,0.51788,-1,-1,-1
387,-1,404.68,216.76,9.88,30.68,0.45282,-1,-1,-1
387,-1,397.17,219.06,7.59,28.44,0.31238,-1,-1,-1
387,-1,9.00,57.03,41.98,47.73,0.27082,-1,-1,-1
387,-1,135.96,212.66,12.83,29.05,0.26527,-1,-1,-1
387,-1,426.48,138.85,31.66,66.17,0.20655,-1,-1,-1
387,-1,173.37,222.01,5.70,21.21,0.18260,-1,-1,-1
387,-1,168.61,218.30,7.96,23.90,0.15746,-1,-1,-1
387,-1,359.71,225.49,10.15,23.29,0.15433,-1,-1,-1
387,-1,379.93,220.37,8.44,28.21,0.15131,-1,-1,-1
387,-1,404.98,215.08,7.74,21.18,0.15091,-1,-1,-1
387,-1,413.97,218.31,7.71,19.01,0.14934,-1,-1,-1
387,-1,371.30,219.88,8.37,26.47,0.13833,-1,-1,-1
387,-1,389.11,216.48,22.60,32.01,0.13642,-1,-1,-1
387,-1,350.49,233.04,10.45,19.16,0.12974,-1,-1,-1
387,-1,426.73,215.45,14.27,56.20,0.12449,-1,-1,-1
387,-1,288.18,156.08,29.25,99.27,0.12428,-1,-1,-1
387,-1,401.14,216.54,6.95,27.66,0.07624,-1,-1,-1
387,-1,406.58,214.73,13.11,23.89,0.06946,-1,-1,-1
387,-1,375.66,219.90,27.05,29.49,0.06517,-1,-1,-1
387,-1,369.48,222.37,6.92,21.98,0.06231,-1,-1,-1
387,-1,415.95,224.96,9.01,24.78,0.05581,-1,-1,-1
387,-1,450.49,201.97,16.01,59.95,0.05438,-1,-1,-1
387,-1,419.79,232.77,9.28,18.29,0.05322,-1,-1,-1
387,-1,383.23,221.76,7.81,22.31,0.05037,-1,-1,-1
388,-1,0.84,54.05,116.74,350.00,0.99976,-1,-1,-1
388,-1,520.78,138.19,70.20,224.15,0.99974,-1,-1,-1
388,-1,232.02,162.01,55.68,148.03,0.99965,-1,-1,-1
388,-1,285.88,156.44,45.88,160.95,0.99842,-1,-1,-1
388,-1,427.87,196.52,29.99,83.27,0.99447,-1,-1,-1
388,-1,123.41,214.62,19.99,54.58,0.98519,-1,-1,-1
388,-1,370.11,219.80,10.39,30.78,0.95676,-1,-1,-1
388,-1,418.17,198.97,21.68,73.96,0.92057,-1,-1,-1
388,-1,405.40,217.28,12.31,33.68,0.90703,-1,-1,-1
388,-1,381.46,220.88,12.08,29.86,0.88419,-1,-1,-1
388,-1,386.71,219.91,10.06,28.96,0.53655,-1,-1,-1
388,-1,150.35,224.46,12.24,31.72,0.46621,-1,-1,-1
388,-1,379.75,221.72,6.73,28.98,0.46091,-1,-1,-1
388,-1,399.52,217.97,7.72,29.85,0.34050,-1,-1,-1
388,-1,167.90,223.74,7.41,20.70,0.32174,-1,-1,-1
388,-1,417.76,160.89,37.61,114.74,0.29394,-1,-1,-1
388,-1,402.87,219.71,6.90,29.38,0.28459,-1,-1,-1
388,-1,358.68,225.86,7.57,23.94,0.27989,-1,-1,-1
388,-1,394.00,221.65,7.32,26.47,0.27371,-1,-1,-1
388,-1,121.68,229.54,14.42,38.98,0.24437,-1,-1,-1
388,-1,375.39,220.79,7.12,29.16,0.23820,-1,-1,-1
388,-1,346.71,237.94,7.76,16.90,0.22015,-1,-1,-1
388,-1,396.90,220.51,6.91,27.58,0.14879,-1,-1,-1
388,-1,128.36,215.74,14.66,30.91,0.14634,-1,-1,-1
388,-1,385.67,217.78,21.78,31.31,0.14132,-1,-1,-1
388,-1,371.70,219.71,17.60,31.20,0.13867,-1,-1,-1
388,-1,437.70,190.19,15.01,17.76,0.11702,-1,-1,-1
388,-1,390.97,222.86,6.82,25.64,0.11199,-1,-1,-1
388,-1,409.05,217.34,8.86,19.45,0.10259,-1,-1,-1
388,-1,362.14,226.09,6.37,23.46,0.09270,-1,-1,-1
388,-1,164.27,220.94,13.93,23.46,0.08790,-1,-1,-1
388,-1,421.88,224.14,12.32,47.08,0.08776,-1,-1,-1
388,-1,367.58,221.62,7.84,28.32,0.08019,-1,-1,-1
388,-1,364.75,223.29,6.70,23.45,0.07120,-1,-1,-1
388,-1,280.35,177.77,16.52,86.12,0.06937,-1,-1,-1
388,-1,379.74,217.44,8.62,23.17,0.06795,-1,-1,-1
388,-1,160.73,216.84,9.32,27.51,0.06431,-1,-1,-1
388,-1,422.61,137.52,29.90,71.83,0.06231,-1,-1,-1
388,-1,170.56,220.23,8.58,23.92,0.05985,-1,-1,-1
388,-1,379.77,216.68,8.72,12.49,0.05926,-1,-1,-1
389,-1,225.97,170.71,54.38,145.93,0.99969,-1,-1,-1
389,-1,521.48,138.40,75.42,235.46,0.99969,-1,-1,-1
389,-1,1.28,56.99,109.36,358.08,0.99963,-1,-1,-1
389,-1,279.04,164.69,52.00,159.46,0.99867,-1,-1,-1
389,-1,424.16,206.36,27.30,78.18,0.98122,-1,-1,-1
389,-1,412.60,202.66,21.36,71.80,0.96313,-1,-1,-1
389,-1,377.20,222.83,12.06,33.00,0.95249,-1,-1,-1
389,-1,113.80,223.81,18.86,50.56,0.89732,-1,-1,-1
389,-1,363.21,223.98,10.74,30.74,0.84218,-1,-1,-1
389,-1,399.07,221.66,13.14,34.89,0.80680,-1,-1,-1
389,-1,373.97,224.17,8.66,30.78,0.50904,-1,-1,-1
389,-1,121.85,220.55,11.94,27.18,0.49116,-1,-1,-1
389,-1,339.97,241.74,9.38,17.21,0.41955,-1,-1,-1
389,-1,392.17,220.59,8.71,27.38,0.39383,-1,-1,-1
389,-1,369.08,223.02,18.02,32.36,0.29375,-1,-1,-1
389,-1,350.16,231.04,9.52,24.36,0.26869,-1,-1,-1
389,-1,379.33,221.89,14.60,27.74,0.26120,-1,-1,-1
389,-1,371.95,228.00,7.61,26.79,0.21004,-1,-1,-1
389,-1,142.02,233.45,12.62,36.85,0.20868,-1,-1,-1
389,-1,413.85,201.83,18.59,42.26,0.20220,-1,-1,-1
389,-1,416.14,210.14,11.49,64.75,0.18074,-1,-1,-1
389,-1,388.38,221.22,7.65,26.52,0.17170,-1,-1,-1
389,-1,410.31,238.41,8.79,18.14,0.14469,-1,-1,-1
389,-1,380.32,218.66,8.28,8.86,0.13409,-1,-1,-1
389,-1,392.48,219.66,15.48,31.17,0.11926,-1,-1,-1
389,-1,335.52,242.98,13.74,25.42,0.11702,-1,-1,-1
389,-1,116.13,220.23,20.45,38.21,0.10665,-1,-1,-1
389,-1,354.72,224.76,21.85,31.23,0.09852,-1,-1,-1
389,-1,359.85,223.58,6.15,26.19,0.08731,-1,-1,-1
389,-1,394.06,224.71,9.39,28.77,0.08682,-1,-1,-1
389,-1,376.56,221.60,7.58,9.51,0.08205,-1,-1,-1
389,-1,404.88,222.40,10.24,34.89,0.07983,-1,-1,-1
389,-1,375.75,222.75,9.21,24.68,0.07355,-1,-1,-1
389,-1,432.97,209.61,15.65,52.81,0.06961,-1,-1,-1
389,-1,374.25,222.19,6.67,9.05,0.06743,-1,-1,-1
389,-1,393.99,220.55,9.07,18.18,0.06695,-1,-1,-1
389,-1,361.61,223.38,7.49,26.52,0.06248,-1,-1,-1
389,-1,273.34,195.23,21.68,77.23,0.05076,-1,-1,-1
389,-1,378.68,220.82,8.11,10.22,0.05026,-1,-1,-1
390,-1,1.32,67.36,94.26,329.06,0.99952,-1,-1,-1
390,-1,221.74,165.55,54.56,152.46,0.99951,-1,-1,-1
390,-1,519.13,124.33,80.28,245.98,0.99935,-1,-1,-1
390,-1,271.84,165.87,54.64,154.60,0.99833,-1,-1,-1
390,-1,420.40,202.74,23.09,78.22,0.99694,-1,-1,-1
390,-1,408.10,198.47,18.22,72.69,0.94840,-1,-1,-1
390,-1,355.45,222.01,10.96,28.79,0.93843,-1,-1,-1
390,-1,103.97,237.66,16.88,33.01,0.90024,-1,-1,-1
390,-1,368.60,220.16,12.23,32.47,0.90022,-1,-1,-1
390,-1,391.38,218.06,11.53,34.21,0.75743,-1,-1,-1
390,-1,386.24,215.76,9.87,29.65,0.36227,-1,-1,-1
390,-1,365.89,219.86,10.35,30.02,0.30327,-1,-1,-1
390,-1,386.49,215.17,21.42,37.59,0.26392,-1,-1,-1
390,-1,364.57,222.67,7.48,28.39,0.25393,-1,-1,-1
390,-1,374.00,219.32,8.93,28.11,0.24328,-1,-1,-1
390,-1,383.87,216.64,8.17,27.01,0.23495,-1,-1,-1
390,-1,7.03,198.05,75.36,200.93,0.22663,-1,-1,-1
390,-1,352.73,224.25,8.59,26.13,0.18793,-1,-1,-1
390,-1,339.17,226.91,11.99,25.38,0.18274,-1,-1,-1
390,-1,399.16,216.78,8.19,34.93,0.14590,-1,-1,-1
390,-1,351.64,223.19,6.11,24.34,0.13744,-1,-1,-1
390,-1,360.99,223.07,7.54,27.49,0.12387,-1,-1,-1
390,-1,331.64,237.50,10.35,18.11,0.11636,-1,-1,-1
390,-1,347.24,226.42,6.80,23.65,0.10029,-1,-1,-1
390,-1,506.92,206.80,15.16,50.11,0.09432,-1,-1,-1
390,-1,119.96,226.48,10.82,20.48,0.09161,-1,-1,-1
390,-1,388.49,218.01,9.98,20.38,0.08774,-1,-1,-1
390,-1,357.59,218.47,18.13,32.27,0.08011,-1,-1,-1
390,-1,381.48,216.41,7.23,28.24,0.07462,-1,-1,-1
390,-1,410.25,222.36,13.31,49.15,0.07394,-1,-1,-1
390,-1,0.59,61.90,24.76,42.65,0.07334,-1,-1,-1
390,-1,331.73,222.52,19.62,31.72,0.07002,-1,-1,-1
390,-1,106.29,218.50,17.95,53.94,0.06998,-1,-1,-1
390,-1,111.33,219.45,12.59,26.71,0.06377,-1,-1,-1
390,-1,297.03,175.05,31.65,68.90,0.05856,-1,-1,-1
390,-1,378.13,217.56,7.84,27.13,0.05762,-1,-1,-1
390,-1,154.33,231.19,5.96,16.89,0.05730,-1,-1,-1
390,-1,437.22,208.79,6.67,31.15,0.05656,-1,-1,-1
390,-1,367.06,218.76,22.99,32.17,0.05506,-1,-1,-1
390,-1,395.69,221.95,9.88,31.14,0.05252,-1,-1,-1
390,-1,396.22,217.13,8.24,22.24,0.05216,-1,-1,-1
390,-1,268.26,164.28,39.15,108.22,0.05171,-1,-1,-1
391,-1,507.62,114.54,91.04,259.58,0.99965,-1,-1,-1
391,-1,215.80,162.31,50.15,147.27,0.99939,-1,-1,-1
391,-1,0.31,92.73,81.01,314.37,0.99934,-1,-1,-1
391,-1,262.85,164.47,54.26,151.58,0.99834,-1,-1,-1
391,-1,399.72,190.03,33.45,87.08,0.97983,-1,-1,-1
391,-1,87.79,209.35,22.74,59.67,0.97316,-1,-1,-1
391,-1,359.39,217.72,11.03,32.45,0.90053,-1,-1,-1
391,-1,344.05,220.57,8.98,28.23,0.85003,-1,-1,-1
391,-1,380.21,217.23,11.38,31.90,0.84171,-1,-1,-1
391,-1,394.96,193.22,21.80,78.13,0.76636,-1,-1,-1
391,-1,390.96,152.57,36.02,122.81,0.54988,-1,-1,-1
391,-1,356.37,221.13,8.32,28.76,0.54531,-1,-1,-1
391,-1,393.41,140.07,31.80,73.13,0.52821,-1,-1,-1
391,-1,373.56,213.09,9.41,33.31,0.44270,-1,-1,-1
391,-1,320.94,236.46,8.22,15.87,0.41819,-1,-1,-1
391,-1,349.31,221.51,6.58,27.03,0.39898,-1,-1,-1
391,-1,354.39,222.92,6.85,26.42,0.37352,-1,-1,-1
391,-1,385.42,214.99,9.06,33.49,0.36992,-1,-1,-1
391,-1,331.79,226.49,8.10,24.23,0.31063,-1,-1,-1
391,-1,365.20,219.01,7.46,29.80,0.28375,-1,-1,-1
391,-1,352.30,221.55,6.31,27.12,0.27672,-1,-1,-1
391,-1,261.83,236.85,10.86,27.36,0.13933,-1,-1,-1
391,-1,429.60,215.83,8.96,38.57,0.13384,-1,-1,-1
391,-1,389.33,211.71,6.93,36.58,0.13002,-1,-1,-1
391,-1,493.10,193.62,19.74,60.39,0.12405,-1,-1,-1
391,-1,342.24,222.32,5.48,23.60,0.12349,-1,-1,-1
391,-1,133.77,224.03,7.34,21.37,0.11265,-1,-1,-1
391,-1,266.50,165.88,34.77,100.77,0.10504,-1,-1,-1
391,-1,383.86,217.80,8.44,21.19,0.10055,-1,-1,-1
391,-1,374.60,213.37,6.96,17.30,0.09264,-1,-1,-1
391,-1,368.26,217.39,6.99,31.01,0.08767,-1,-1,-1
391,-1,378.99,217.76,9.45,23.09,0.08371,-1,-1,-1
391,-1,364.88,215.00,22.79,33.96,0.07334,-1,-1,-1
391,-1,371.14,215.64,6.29,30.37,0.07085,-1,-1,-1
391,-1,230.62,161.15,72.52,153.40,0.06924,-1,-1,-1
391,-1,29.17,128.00,51.40,139.13,0.06746,-1,-1,-1
391,-1,381.86,217.16,9.02,15.70,0.06300,-1,-1,-1
391,-1,130.96,222.06,8.13,22.68,0.05367,-1,-1,-1
391,-1,260.52,191.21,20.92,74.84,0.05277,-1,-1,-1
392,-1,498.19,106.30,122.82,278.81,0.99982,-1,-1,-1
392,-1,214.05,159.27,46.65,147.86,0.99927,-1,-1,-1
392,-1,0.29,95.45,68.48,317.19,0.99918,-1,-1,-1
392,-1,260.13,161.85,54.57,149.99,0.99883,-1,-1,-1
392,-1,396.04,195.27,30.34,80.92,0.98776,-1,-1,-1
392,-1,387.93,193.61,23.40,77.36,0.96341,-1,-1,-1
392,-1,349.71,216.02,12.60,33.91,0.96264,-1,-1,-1
392,-1,336.86,218.36,10.74,29.70,0.95660,-1,-1,-1
392,-1,77.47,228.81,17.99,40.87,0.91866,-1,-1,-1
392,-1,373.75,216.98,11.73,32.24,0.87754,-1,-1,-1
392,-1,48.42,228.38,18.61,40.08,0.82225,-1,-1,-1
392,-1,356.66,217.51,8.57,30.29,0.57281,-1,-1,-1
392,-1,367.06,214.08,8.83,29.15,0.49709,-1,-1,-1
392,-1,369.13,215.11,9.90,32.32,0.45254,-1,-1,-1
392,-1,346.79,218.63,7.30,29.72,0.38293,-1,-1,-1
392,-1,122.34,220.61,9.20,23.55,0.32608,-1,-1,-1
392,-1,325.68,224.81,7.79,24.28,0.30202,-1,-1,-1
392,-1,379.29,217.22,8.06,31.32,0.29628,-1,-1,-1
392,-1,343.61,220.21,6.38,27.02,0.28716,-1,-1,-1
392,-1,313.73,235.00,8.94,17.54,0.25389,-1,-1,-1
392,-1,84.05,235.35,13.12,33.71,0.21203,-1,-1,-1
392,-1,367.12,213.37,7.30,15.21,0.16656,-1,-1,-1
392,-1,360.65,215.38,6.92,30.74,0.15096,-1,-1,-1
392,-1,391.42,204.54,13.71,65.83,0.14247,-1,-1,-1
392,-1,83.28,212.28,15.72,31.70,0.14065,-1,-1,-1
392,-1,376.20,217.98,8.62,19.13,0.10764,-1,-1,-1
392,-1,333.36,219.90,6.37,24.92,0.10719,-1,-1,-1
392,-1,79.76,209.60,19.97,58.51,0.10352,-1,-1,-1
392,-1,410.86,200.02,17.72,65.54,0.09409,-1,-1,-1
392,-1,366.12,214.93,6.85,21.22,0.08494,-1,-1,-1
392,-1,374.72,216.75,8.25,14.00,0.07734,-1,-1,-1
392,-1,352.96,213.57,16.85,34.54,0.07088,-1,-1,-1
392,-1,328.18,221.88,7.49,20.92,0.06747,-1,-1,-1
392,-1,258.70,171.01,18.58,80.92,0.05538,-1,-1,-1
392,-1,366.79,212.88,13.07,20.68,0.05236,-1,-1,-1
393,-1,493.81,108.65,144.76,294.04,0.99988,-1,-1,-1
393,-1,258.84,163.18,54.29,152.07,0.99914,-1,-1,-1
393,-1,209.25,163.07,45.77,149.31,0.99900,-1,-1,-1
393,-1,0.46,96.57,54.75,313.57,0.99456,-1,-1,-1
393,-1,387.71,202.17,31.78,76.84,0.98094,-1,-1,-1
393,-1,329.12,221.47,10.59,30.62,0.94153,-1,-1,-1
393,-1,342.53,219.02,11.96,34.09,0.93764,-1,-1,-1
393,-1,69.09,217.81,18.47,56.34,0.91579,-1,-1,-1
393,-1,366.02,219.63,10.16,32.48,0.81616,-1,-1,-1
393,-1,382.73,203.68,24.01,72.00,0.76693,-1,-1,-1
393,-1,373.37,219.65,8.33,32.75,0.55841,-1,-1,-1
393,-1,69.48,216.59,21.48,31.00,0.54365,-1,-1,-1
393,-1,346.72,220.25,10.14,30.21,0.52187,-1,-1,-1
393,-1,360.30,218.01,8.15,30.66,0.51725,-1,-1,-1
393,-1,362.65,218.47,9.34,32.19,0.48945,-1,-1,-1
393,-1,67.44,236.03,15.12,37.82,0.47265,-1,-1,-1
393,-1,375.58,219.03,10.01,33.33,0.44587,-1,-1,-1
393,-1,333.19,221.96,8.50,28.89,0.40925,-1,-1,-1
393,-1,340.63,219.96,8.62,32.23,0.39814,-1,-1,-1
393,-1,384.27,217.81,10.69,54.70,0.34184,-1,-1,-1
393,-1,306.72,238.42,8.85,17.15,0.31131,-1,-1,-1
393,-1,338.03,221.57,6.87,29.45,0.28151,-1,-1,-1
393,-1,96.76,226.95,12.98,38.56,0.24157,-1,-1,-1
393,-1,325.26,218.71,6.48,30.88,0.22891,-1,-1,-1
393,-1,360.09,216.41,7.73,16.42,0.18966,-1,-1,-1
393,-1,380.77,141.16,32.31,72.30,0.17224,-1,-1,-1
393,-1,320.67,226.96,8.53,23.89,0.17177,-1,-1,-1
393,-1,375.09,215.73,14.40,47.73,0.15908,-1,-1,-1
393,-1,114.64,224.69,7.16,23.34,0.15439,-1,-1,-1
393,-1,75.76,238.99,11.59,35.38,0.14913,-1,-1,-1
393,-1,381.63,145.20,38.88,133.25,0.13442,-1,-1,-1
393,-1,358.55,219.30,7.01,23.02,0.13398,-1,-1,-1
393,-1,397.35,196.48,23.13,51.08,0.13218,-1,-1,-1
393,-1,354.45,221.64,6.01,28.27,0.12014,-1,-1,-1
393,-1,318.59,229.40,8.18,23.79,0.10441,-1,-1,-1
393,-1,347.43,218.67,21.91,32.23,0.08680,-1,-1,-1
393,-1,107.56,227.80,6.88,20.42,0.08588,-1,-1,-1
393,-1,255.64,178.31,16.33,85.26,0.08436,-1,-1,-1
393,-1,322.82,219.75,6.58,25.59,0.08378,-1,-1,-1
393,-1,319.95,227.15,6.89,12.39,0.07692,-1,-1,-1
393,-1,442.39,213.80,9.88,29.31,0.07587,-1,-1,-1
393,-1,84.55,226.92,11.67,19.38,0.07470,-1,-1,-1
393,-1,224.78,167.05,45.73,142.00,0.07452,-1,-1,-1
393,-1,362.32,217.48,25.68,35.46,0.06235,-1,-1,-1
393,-1,0.33,131.43,30.87,256.41,0.05893,-1,-1,-1
393,-1,361.73,218.19,9.04,18.86,0.05374,-1,-1,-1
393,-1,365.09,219.35,9.50,16.67,0.05015,-1,-1,-1
394,-1,492.20,104.75,145.84,308.95,0.99989,-1,-1,-1
394,-1,258.87,162.33,54.63,154.12,0.99941,-1,-1,-1
394,-1,210.67,165.05,45.88,150.35,0.99891,-1,-1,-1
394,-1,0.00,97.80,52.71,314.03,0.99445,-1,-1,-1
394,-1,388.67,207.27,30.60,72.68,0.98800,-1,-1,-1
394,-1,66.08,219.07,20.61,54.96,0.95346,-1,-1,-1
394,-1,328.53,220.51,11.15,32.62,0.91993,-1,-1,-1
394,-1,344.19,222.90,10.11,31.49,0.84750,-1,-1,-1
394,-1,366.60,220.78,11.51,33.67,0.71058,-1,-1,-1
394,-1,348.75,224.34,8.11,28.74,0.62055,-1,-1,-1
394,-1,382.90,215.53,16.65,57.75,0.57606,-1,-1,-1
394,-1,382.20,150.84,39.64,127.15,0.55660,-1,-1,-1
394,-1,340.00,223.60,7.46,30.30,0.55160,-1,-1,-1
394,-1,324.17,220.85,21.85,33.38,0.51445,-1,-1,-1
394,-1,378.10,141.80,35.30,80.47,0.48111,-1,-1,-1
394,-1,371.81,221.92,9.07,31.76,0.44335,-1,-1,-1
394,-1,68.31,218.42,19.35,30.73,0.35851,-1,-1,-1
394,-1,337.74,223.99,6.91,29.26,0.30019,-1,-1,-1
394,-1,94.46,224.91,15.84,45.36,0.29963,-1,-1,-1
394,-1,334.98,220.87,20.03,33.30,0.28100,-1,-1,-1
394,-1,115.28,231.04,6.43,17.97,0.26297,-1,-1,-1
394,-1,306.37,239.92,8.42,17.30,0.24862,-1,-1,-1
394,-1,333.94,222.05,8.63,29.81,0.24645,-1,-1,-1
394,-1,353.25,227.02,5.83,24.34,0.21425,-1,-1,-1
394,-1,359.35,219.55,6.43,27.48,0.19194,-1,-1,-1
394,-1,326.38,218.11,6.76,34.85,0.17705,-1,-1,-1
394,-1,362.29,220.49,8.04,31.31,0.15698,-1,-1,-1
394,-1,341.30,219.63,21.07,33.40,0.15217,-1,-1,-1
394,-1,117.50,231.87,6.52,17.22,0.14718,-1,-1,-1
394,-1,354.39,221.94,6.85,29.16,0.13044,-1,-1,-1
394,-1,317.24,228.99,8.39,24.86,0.12932,-1,-1,-1
394,-1,375.93,221.01,8.35,31.72,0.12584,-1,-1,-1
394,-1,357.10,221.70,6.93,28.38,0.12278,-1,-1,-1
394,-1,236.56,200.35,28.01,100.41,0.11286,-1,-1,-1
394,-1,378.59,233.51,8.94,19.50,0.10969,-1,-1,-1
394,-1,320.05,226.09,7.75,26.86,0.10956,-1,-1,-1
394,-1,106.43,228.48,7.17,21.28,0.08738,-1,-1,-1
394,-1,112.94,227.34,6.92,20.08,0.08727,-1,-1,-1
394,-1,228.33,169.18,42.76,141.66,0.08201,-1,-1,-1
394,-1,383.46,224.23,9.72,45.88,0.07811,-1,-1,-1
394,-1,404.48,210.24,19.83,65.16,0.07306,-1,-1,-1
394,-1,413.36,235.17,7.01,23.62,0.07189,-1,-1,-1
394,-1,95.51,227.67,13.43,26.09,0.06910,-1,-1,-1
394,-1,320.30,212.34,18.22,41.73,0.06375,-1,-1,-1
394,-1,369.21,217.95,16.28,36.67,0.05855,-1,-1,-1
394,-1,114.64,229.93,11.98,19.40,0.05824,-1,-1,-1
394,-1,379.07,223.49,7.19,24.71,0.05610,-1,-1,-1
395,-1,487.33,95.70,152.67,324.53,0.99991,-1,-1,-1
395,-1,207.28,159.61,51.42,149.58,0.99911,-1,-1,-1
395,-1,256.16,157.61,52.10,155.93,0.99900,-1,-1,-1
395,-1,378.48,191.42,36.95,85.26,0.99556,-1,-1,-1
395,-1,55.89,212.13,21.69,60.07,0.98600,-1,-1,-1
395,-1,0.42,101.65,40.52,126.41,0.95890,-1,-1,-1
395,-1,335.54,217.36,11.77,32.91,0.94341,-1,-1,-1
395,-1,357.78,215.40,13.72,34.20,0.87666,-1,-1,-1
395,-1,321.46,218.80,10.26,29.63,0.82585,-1,-1,-1
395,-1,345.76,216.55,9.23,31.17,0.77847,-1,-1,-1
395,-1,340.75,217.64,9.45,31.52,0.77084,-1,-1,-1
395,-1,378.09,195.97,19.63,74.04,0.76182,-1,-1,-1
395,-1,332.29,217.78,9.28,31.25,0.68707,-1,-1,-1
395,-1,0.00,129.76,33.84,195.21,0.61391,-1,-1,-1
395,-1,322.00,209.77,16.34,38.48,0.49953,-1,-1,-1
395,-1,337.35,214.67,19.68,33.81,0.48364,-1,-1,-1
395,-1,349.20,215.29,8.55,29.09,0.37262,-1,-1,-1
395,-1,0.00,224.01,31.35,104.96,0.36662,-1,-1,-1
395,-1,312.00,224.32,8.17,24.85,0.32249,-1,-1,-1
395,-1,327.10,217.87,8.50,29.31,0.28108,-1,-1,-1
395,-1,85.79,223.76,12.15,33.44,0.24898,-1,-1,-1
395,-1,318.51,219.80,7.25,29.19,0.21768,-1,-1,-1
395,-1,352.57,213.75,8.27,29.83,0.20638,-1,-1,-1
395,-1,346.87,213.45,21.25,34.82,0.16566,-1,-1,-1
395,-1,54.93,219.01,13.96,51.18,0.16543,-1,-1,-1
395,-1,366.88,218.30,10.44,30.44,0.12241,-1,-1,-1
395,-1,315.69,223.34,7.51,25.11,0.11375,-1,-1,-1
395,-1,84.24,220.09,16.87,62.49,0.10795,-1,-1,-1
395,-1,1.08,104.83,58.13,214.96,0.08427,-1,-1,-1
395,-1,338.62,212.24,6.31,10.59,0.08408,-1,-1,-1
395,-1,363.75,215.98,9.49,30.82,0.07974,-1,-1,-1
395,-1,352.17,212.99,8.41,16.34,0.07267,-1,-1,-1
395,-1,354.87,214.23,11.24,28.81,0.07249,-1,-1,-1
395,-1,370.30,224.15,9.49,23.86,0.05696,-1,-1,-1
395,-1,327.21,207.26,10.57,28.84,0.05339,-1,-1,-1
395,-1,253.95,173.09,16.83,79.02,0.05274,-1,-1,-1
396,-1,486.24,88.26,152.59,352.53,0.99983,-1,-1,-1
396,-1,200.83,163.87,62.01,152.24,0.99884,-1,-1,-1
396,-1,255.12,161.21,49.19,155.26,0.99867,-1,-1,-1
396,-1,378.16,206.39,30.93,74.33,0.97734,-1,-1,-1
396,-1,0.00,113.89,25.48,219.37,0.94765,-1,-1,-1
396,-1,0.23,247.31,25.27,85.89,0.93238,-1,-1,-1
396,-1,48.26,220.84,18.77,51.77,0.89012,-1,-1,-1
396,-1,328.41,221.21,10.39,32.19,0.85347,-1,-1,-1
396,-1,0.59,111.73,24.35,103.09,0.84345,-1,-1,-1
396,-1,373.14,205.68,20.55,70.89,0.80140,-1,-1,-1
396,-1,353.39,217.67,14.07,34.35,0.79838,-1,-1,-1
396,-1,47.01,236.36,14.95,36.15,0.77329,-1,-1,-1
396,-1,314.34,222.57,11.14,29.37,0.70608,-1,-1,-1
396,-1,325.59,222.50,9.39,29.53,0.67962,-1,-1,-1
396,-1,333.38,221.22,9.59,31.93,0.66973,-1,-1,-1
396,-1,402.92,213.84,9.43,44.63,0.33633,-1,-1,-1
396,-1,338.74,222.08,8.15,29.70,0.28809,-1,-1,-1
396,-1,47.86,215.90,22.54,33.49,0.28398,-1,-1,-1
396,-1,359.04,219.72,10.65,31.32,0.26659,-1,-1,-1
396,-1,189.52,212.99,11.17,19.57,0.24750,-1,-1,-1
396,-1,344.50,216.92,8.79,30.66,0.23866,-1,-1,-1
396,-1,316.54,219.43,20.54,33.30,0.23058,-1,-1,-1
396,-1,348.29,215.55,10.05,34.51,0.19783,-1,-1,-1
396,-1,399.95,216.39,8.79,42.27,0.19299,-1,-1,-1
396,-1,331.75,218.77,21.77,33.36,0.17712,-1,-1,-1
396,-1,363.87,219.77,9.86,29.28,0.17658,-1,-1,-1
396,-1,375.19,221.22,9.80,50.40,0.16222,-1,-1,-1
396,-1,57.98,239.28,9.56,33.42,0.15752,-1,-1,-1
396,-1,374.32,204.73,15.87,42.88,0.14419,-1,-1,-1
396,-1,0.62,132.42,50.44,161.05,0.13880,-1,-1,-1
396,-1,312.55,225.32,7.40,26.36,0.13607,-1,-1,-1
396,-1,307.25,227.78,7.54,22.91,0.12234,-1,-1,-1
396,-1,326.61,220.18,8.38,16.01,0.10765,-1,-1,-1
396,-1,294.55,239.09,9.71,19.79,0.09647,-1,-1,-1
396,-1,77.63,224.24,12.88,37.60,0.09464,-1,-1,-1
396,-1,323.74,218.64,8.44,28.09,0.09287,-1,-1,-1
396,-1,306.84,226.64,6.87,13.03,0.08200,-1,-1,-1
396,-1,306.23,224.00,21.49,29.79,0.07365,-1,-1,-1
396,-1,320.81,224.16,6.92,27.34,0.07232,-1,-1,-1
396,-1,189.51,212.53,10.53,11.06,0.06982,-1,-1,-1
396,-1,394.48,209.27,17.63,53.15,0.06852,-1,-1,-1
396,-1,431.16,216.63,9.57,28.67,0.05422,-1,-1,-1
396,-1,346.72,214.40,8.88,24.76,0.05206,-1,-1,-1
397,-1,491.05,80.24,144.53,375.03,0.99980,-1,-1,-1
397,-1,251.85,165.88,51.09,152.38,0.99935,-1,-1,-1
397,-1,197.87,168.33,55.67,150.88,0.99891,-1,-1,-1
397,-1,371.30,199.20,32.24,83.45,0.99046,-1,-1,-1
397,-1,39.97,215.94,21.64,59.19,0.98266,-1,-1,-1
397,-1,326.04,223.10,12.38,32.93,0.94345,-1,-1,-1
397,-1,308.37,225.14,13.13,29.29,0.90788,-1,-1,-1
397,-1,348.43,221.22,13.73,34.43,0.90703,-1,-1,-1
397,-1,370.26,199.67,19.17,76.02,0.71600,-1,-1,-1
397,-1,318.23,225.34,8.08,28.19,0.63985,-1,-1,-1
397,-1,313.96,225.60,10.19,28.27,0.50736,-1,-1,-1
397,-1,338.36,220.24,9.07,27.94,0.38359,-1,-1,-1
397,-1,37.84,228.47,12.78,46.29,0.34095,-1,-1,-1
397,-1,0.17,258.49,13.90,78.88,0.30657,-1,-1,-1
397,-1,322.62,220.59,8.68,33.61,0.29186,-1,-1,-1
397,-1,300.64,228.81,9.04,25.95,0.27309,-1,-1,-1
397,-1,311.58,219.28,16.98,35.30,0.26162,-1,-1,-1
397,-1,306.79,224.35,9.00,29.65,0.23482,-1,-1,-1
397,-1,342.76,217.89,10.05,31.86,0.18617,-1,-1,-1
397,-1,334.42,223.89,9.09,29.76,0.15804,-1,-1,-1
397,-1,0.43,150.11,21.69,187.21,0.11428,-1,-1,-1
397,-1,328.14,214.65,7.85,13.83,0.10557,-1,-1,-1
397,-1,328.88,217.98,16.24,36.47,0.10254,-1,-1,-1
397,-1,373.43,198.80,14.77,37.65,0.10178,-1,-1,-1
397,-1,353.51,222.86,11.41,31.23,0.09992,-1,-1,-1
397,-1,341.01,217.83,8.84,23.85,0.09955,-1,-1,-1
397,-1,324.76,221.26,9.46,28.73,0.09610,-1,-1,-1
397,-1,386.12,204.87,20.04,68.30,0.08369,-1,-1,-1
397,-1,320.81,221.09,8.30,14.77,0.06779,-1,-1,-1
397,-1,463.30,204.09,21.56,58.27,0.06146,-1,-1,-1
397,-1,304.01,225.44,6.93,26.19,0.06074,-1,-1,-1
397,-1,46.23,230.78,13.33,42.96,0.05726,-1,-1,-1
397,-1,357.84,227.15,10.41,27.56,0.05473,-1,-1,-1
397,-1,394.78,216.92,9.56,46.16,0.05186,-1,-1,-1
397,-1,348.75,220.63,11.73,20.02,0.05012,-1,-1,-1
398,-1,510.99,56.12,126.79,406.61,0.99986,-1,-1,-1
398,-1,199.51,169.03,54.77,151.60,0.99939,-1,-1,-1
398,-1,251.96,169.59,49.66,150.58,0.99917,-1,-1,-1
398,-1,369.46,200.18,31.10,82.83,0.97795,-1,-1,-1
398,-1,33.99,215.72,24.39,63.49,0.97591,-1,-1,-1
398,-1,323.52,224.21,14.61,34.09,0.96684,-1,-1,-1
398,-1,347.77,223.67,12.95,32.23,0.89017,-1,-1,-1
398,-1,366.04,144.83,32.92,147.45,0.84938,-1,-1,-1
398,-1,305.04,225.08,13.56,30.53,0.83232,-1,-1,-1
398,-1,343.16,220.72,10.15,33.61,0.64410,-1,-1,-1
398,-1,337.26,221.07,8.83,29.46,0.64191,-1,-1,-1
398,-1,33.21,233.48,16.48,44.47,0.60950,-1,-1,-1
398,-1,318.20,219.65,9.19,32.85,0.46012,-1,-1,-1
398,-1,340.74,219.36,8.83,32.15,0.45462,-1,-1,-1
398,-1,353.54,226.10,11.49,29.28,0.31669,-1,-1,-1
398,-1,35.78,216.37,23.26,33.86,0.29717,-1,-1,-1
398,-1,332.86,222.77,9.51,32.69,0.29009,-1,-1,-1
398,-1,325.23,220.46,21.64,35.85,0.28792,-1,-1,-1
398,-1,316.24,226.02,8.27,28.85,0.25517,-1,-1,-1
398,-1,359.53,238.92,7.48,15.69,0.23508,-1,-1,-1
398,-1,310.73,219.51,12.33,34.65,0.20407,-1,-1,-1
398,-1,314.28,218.18,17.13,37.08,0.17130,-1,-1,-1
398,-1,319.29,222.13,8.38,18.95,0.15704,-1,-1,-1
398,-1,329.01,222.46,9.79,29.31,0.13959,-1,-1,-1
398,-1,339.98,219.90,7.22,19.29,0.13881,-1,-1,-1
398,-1,336.74,218.45,22.56,36.61,0.13545,-1,-1,-1
398,-1,470.82,225.17,11.93,38.68,0.12382,-1,-1,-1
398,-1,279.69,175.32,20.29,62.73,0.11629,-1,-1,-1
398,-1,358.24,228.94,8.65,24.24,0.10665,-1,-1,-1
398,-1,254.01,173.22,19.95,69.49,0.08829,-1,-1,-1
398,-1,366.52,237.78,7.15,17.50,0.08498,-1,-1,-1
398,-1,321.98,220.04,9.53,33.82,0.08313,-1,-1,-1
398,-1,10.14,209.83,9.13,17.90,0.08305,-1,-1,-1
398,-1,350.51,229.88,7.40,25.45,0.07738,-1,-1,-1
398,-1,301.53,228.68,9.52,27.25,0.07637,-1,-1,-1
398,-1,361.98,240.42,7.12,13.54,0.07627,-1,-1,-1
398,-1,288.02,191.45,10.74,46.57,0.06970,-1,-1,-1
398,-1,65.39,228.06,12.27,44.06,0.06661,-1,-1,-1
398,-1,291.61,182.61,14.98,56.33,0.06340,-1,-1,-1
398,-1,302.82,210.88,19.43,44.99,0.06179,-1,-1,-1
398,-1,355.13,228.93,6.41,27.04,0.06089,-1,-1,-1
398,-1,298.39,231.61,9.10,24.63,0.05954,-1,-1,-1
398,-1,38.90,233.87,15.99,43.30,0.05495,-1,-1,-1
398,-1,342.71,221.12,7.63,19.13,0.05077,-1,-1,-1
399,-1,528.81,43.36,110.94,423.08,0.99973,-1,-1,-1
399,-1,251.04,168.21,51.64,148.97,0.99942,-1,-1,-1
399,-1,200.65,166.29,54.82,152.46,0.99905,-1,-1,-1
399,-1,29.10,219.27,23.20,56.66,0.97111,-1,-1,-1
399,-1,323.15,221.50,12.88,33.90,0.93210,-1,-1,-1
399,-1,370.93,200.84,29.56,79.06,0.90986,-1,-1,-1
399,-1,302.17,225.44,13.23,28.20,0.76289,-1,-1,-1
399,-1,345.64,220.25,10.95,33.52,0.75717,-1,-1,-1
399,-1,335.89,218.31,9.47,31.85,0.57605,-1,-1,-1
399,-1,315.92,226.41,8.26,26.52,0.50340,-1,-1,-1
399,-1,340.52,218.51,9.47,33.07,0.48350,-1,-1,-1
399,-1,200.09,214.06,16.41,60.66,0.46734,-1,-1,-1
399,-1,332.38,219.46,9.99,32.95,0.43806,-1,-1,-1
399,-1,317.94,221.28,9.50,32.43,0.41872,-1,-1,-1
399,-1,336.78,218.61,21.28,34.28,0.40058,-1,-1,-1
399,-1,328.96,220.59,9.41,31.50,0.30166,-1,-1,-1
399,-1,28.56,233.63,15.01,41.24,0.28826,-1,-1,-1
399,-1,313.12,227.76,7.85,24.53,0.26126,-1,-1,-1
399,-1,329.36,218.35,20.18,34.41,0.25873,-1,-1,-1
399,-1,351.86,223.41,11.61,29.21,0.24620,-1,-1,-1
399,-1,190.68,209.28,21.57,63.66,0.20565,-1,-1,-1
399,-1,383.49,197.74,20.19,69.87,0.14798,-1,-1,-1
399,-1,368.83,150.32,29.81,119.14,0.13621,-1,-1,-1
399,-1,338.23,216.89,8.78,21.01,0.13028,-1,-1,-1
399,-1,250.14,172.74,21.74,65.26,0.11812,-1,-1,-1
399,-1,368.61,199.44,15.89,57.32,0.11811,-1,-1,-1
399,-1,31.57,220.37,20.95,28.79,0.07505,-1,-1,-1
399,-1,370.03,202.09,13.56,29.87,0.06883,-1,-1,-1
399,-1,308.98,214.31,16.20,38.22,0.06517,-1,-1,-1
399,-1,318.01,222.29,7.41,18.78,0.05777,-1,-1,-1
399,-1,322.42,219.08,8.38,28.85,0.05205,-1,-1,-1
400,-1,549.05,18.12,90.95,461.88,0.99962,-1,-1,-1
400,-1,250.07,165.44,51.21,149.36,0.99942,-1,-1,-1
400,-1,202.75,163.94,51.53,148.39,0.99896,-1,-1,-1
400,-1,364.98,201.00,30.96,76.58,0.98556,-1,-1,-1
400,-1,20.28,212.49,25.21,63.47,0.97444,-1,-1,-1
400,-1,317.72,221.70,12.88,32.49,0.92470,-1,-1,-1
400,-1,340.70,221.96,12.37,30.37,0.91120,-1,-1,-1
400,-1,297.86,221.88,11.46,29.52,0.87513,-1,-1,-1
400,-1,329.62,218.16,8.78,30.76,0.72219,-1,-1,-1
400,-1,308.73,225.67,8.12,25.28,0.58800,-1,-1,-1
400,-1,313.02,223.74,7.53,28.75,0.52162,-1,-1,-1
400,-1,197.47,226.79,16.83,46.19,0.44956,-1,-1,-1
400,-1,315.44,222.99,9.02,30.63,0.40066,-1,-1,-1
400,-1,323.31,219.77,9.51,32.16,0.39186,-1,-1,-1
400,-1,22.37,213.24,24.71,35.60,0.36865,-1,-1,-1
400,-1,326.38,221.16,9.93,30.26,0.34374,-1,-1,-1
400,-1,337.41,218.68,8.63,31.41,0.30572,-1,-1,-1
400,-1,299.84,215.10,17.64,36.71,0.28815,-1,-1,-1
400,-1,333.05,216.78,9.18,30.08,0.25133,-1,-1,-1
400,-1,321.15,217.17,17.47,35.19,0.22584,-1,-1,-1
400,-1,345.38,222.80,12.55,27.54,0.21825,-1,-1,-1
400,-1,341.72,221.97,8.56,14.86,0.21569,-1,-1,-1
400,-1,324.38,218.19,24.82,32.97,0.21252,-1,-1,-1
400,-1,308.17,214.45,15.84,38.53,0.19879,-1,-1,-1
400,-1,18.55,228.82,18.96,45.63,0.17619,-1,-1,-1
400,-1,339.18,213.37,19.42,38.23,0.14422,-1,-1,-1
400,-1,392.27,222.55,7.90,36.00,0.13231,-1,-1,-1
400,-1,331.07,216.34,9.95,20.38,0.12814,-1,-1,-1
400,-1,305.26,224.23,8.78,24.95,0.12417,-1,-1,-1
400,-1,339.59,220.60,9.78,25.03,0.11483,-1,-1,-1
400,-1,389.78,204.28,11.74,55.12,0.11012,-1,-1,-1
400,-1,291.32,223.47,9.78,29.31,0.10643,-1,-1,-1
400,-1,182.18,219.06,24.89,54.77,0.07879,-1,-1,-1
400,-1,168.99,218.19,17.98,54.43,0.07751,-1,-1,-1
400,-1,248.91,177.99,18.87,76.67,0.07689,-1,-1,-1
400,-1,363.78,197.78,19.51,52.26,0.06773,-1,-1,-1
400,-1,168.14,214.95,11.78,17.95,0.06313,-1,-1,-1
400,-1,336.97,216.86,6.98,23.18,0.06273,-1,-1,-1
400,-1,312.98,221.44,7.18,16.59,0.05080,-1,-1,-1
401,-1,246.55,166.00,49.26,149.34,0.99910,-1,-1,-1
401,-1,200.82,162.25,52.11,151.19,0.99906,-1,-1,-1
401,-1,557.92,25.01,81.22,454.99,0.99640,-1,-1,-1
401,-1,361.02,203.33,28.42,77.15,0.97894,-1,-1,-1
401,-1,10.82,211.55,25.35,61.50,0.95861,-1,-1,-1
401,-1,310.94,222.26,12.48,32.74,0.94775,-1,-1,-1
401,-1,333.89,222.00,10.55,30.97,0.84422,-1,-1,-1
401,-1,303.51,225.75,8.90,26.08,0.74212,-1,-1,-1
401,-1,358.92,208.09,18.24,66.92,0.71859,-1,-1,-1
401,-1,323.49,219.13,8.15,30.80,0.71821,-1,-1,-1
401,-1,289.57,221.61,12.90,31.41,0.56247,-1,-1,-1
401,-1,315.45,221.62,10.59,31.76,0.54717,-1,-1,-1
401,-1,320.13,221.11,8.86,30.70,0.51877,-1,-1,-1
401,-1,330.54,221.55,8.89,30.47,0.34995,-1,-1,-1
401,-1,306.32,224.08,10.55,30.35,0.34192,-1,-1,-1
401,-1,323.27,218.97,21.80,33.21,0.32305,-1,-1,-1
401,-1,7.41,228.32,21.88,47.72,0.30033,-1,-1,-1
401,-1,344.79,235.87,7.20,17.44,0.28408,-1,-1,-1
401,-1,311.96,219.14,23.20,33.74,0.28232,-1,-1,-1
401,-1,326.06,217.72,7.89,27.46,0.26420,-1,-1,-1
401,-1,349.60,141.34,30.07,52.85,0.26373,-1,-1,-1
401,-1,377.07,199.54,16.44,64.10,0.22068,-1,-1,-1
401,-1,339.52,225.64,7.94,27.71,0.17521,-1,-1,-1
401,-1,349.53,139.57,34.42,100.10,0.15420,-1,-1,-1
401,-1,333.73,222.03,8.18,17.33,0.14726,-1,-1,-1
401,-1,344.43,226.29,7.90,23.22,0.14617,-1,-1,-1
401,-1,297.56,218.24,25.51,34.87,0.14200,-1,-1,-1
401,-1,160.41,214.51,16.53,32.12,0.13686,-1,-1,-1
401,-1,458.97,225.32,11.53,34.58,0.13466,-1,-1,-1
401,-1,342.32,234.82,6.93,18.42,0.13421,-1,-1,-1
401,-1,334.97,220.90,17.19,32.60,0.13065,-1,-1,-1
401,-1,385.02,214.61,7.77,45.74,0.12045,-1,-1,-1
401,-1,300.20,226.72,8.08,25.24,0.10602,-1,-1,-1
401,-1,160.04,212.81,19.10,58.61,0.08288,-1,-1,-1
401,-1,325.03,216.39,7.54,13.57,0.07966,-1,-1,-1
401,-1,360.78,217.83,11.72,43.82,0.07733,-1,-1,-1
401,-1,384.55,202.07,8.50,41.98,0.07184,-1,-1,-1
401,-1,355.99,236.31,7.01,14.82,0.06870,-1,-1,-1
401,-1,329.16,140.55,54.75,65.91,0.06337,-1,-1,-1
401,-1,284.97,200.15,16.81,54.28,0.06289,-1,-1,-1
401,-1,328.42,217.46,8.10,19.55,0.05398,-1,-1,-1
401,-1,293.20,214.38,17.49,38.99,0.05282,-1,-1,-1
402,-1,196.91,159.54,52.36,149.19,0.99910,-1,-1,-1
402,-1,246.66,159.09,46.20,151.13,0.99887,-1,-1,-1
402,-1,569.63,67.91,70.37,401.21,0.99604,-1,-1,-1
402,-1,1.46,210.70,22.88,61.99,0.95377,-1,-1,-1
402,-1,355.23,196.86,29.77,77.37,0.88647,-1,-1,-1
402,-1,306.51,218.39,10.84,32.81,0.87634,-1,-1,-1
402,-1,285.77,220.55,11.39,27.60,0.84702,-1,-1,-1
402,-1,298.77,221.37,8.31,26.65,0.81539,-1,-1,-1
402,-1,330.68,219.64,11.60,29.67,0.78693,-1,-1,-1
402,-1,319.03,215.46,7.80,26.98,0.73704,-1,-1,-1
402,-1,354.24,199.67,16.24,66.18,0.72525,-1,-1,-1
402,-1,302.02,215.91,21.35,34.64,0.59867,-1,-1,-1
402,-1,312.34,216.85,9.71,28.92,0.56559,-1,-1,-1
402,-1,1.75,206.70,28.48,41.37,0.46378,-1,-1,-1
402,-1,302.07,219.15,8.97,30.58,0.43624,-1,-1,-1
402,-1,0.13,219.97,14.29,51.03,0.34380,-1,-1,-1
402,-1,454.48,219.09,11.99,35.92,0.27637,-1,-1,-1
402,-1,293.26,218.13,24.20,32.29,0.24967,-1,-1,-1
402,-1,335.00,219.76,11.41,26.26,0.21626,-1,-1,-1
402,-1,310.70,213.76,16.59,34.65,0.20209,-1,-1,-1
402,-1,325.22,220.95,8.22,26.59,0.19800,-1,-1,-1
402,-1,283.60,205.29,9.56,42.87,0.19466,-1,-1,-1
402,-1,290.19,221.33,11.87,26.31,0.17225,-1,-1,-1
402,-1,365.74,190.20,20.86,65.58,0.16463,-1,-1,-1
402,-1,598.21,240.72,40.79,233.92,0.15515,-1,-1,-1
402,-1,366.68,191.54,16.49,17.02,0.15103,-1,-1,-1
402,-1,287.97,208.56,18.91,40.11,0.13589,-1,-1,-1
402,-1,328.66,219.92,8.81,28.59,0.13480,-1,-1,-1
402,-1,367.70,195.19,16.06,42.34,0.11760,-1,-1,-1
402,-1,315.99,216.90,8.60,23.10,0.11588,-1,-1,-1
402,-1,317.51,214.78,22.59,33.53,0.11373,-1,-1,-1
402,-1,320.05,214.15,7.37,13.71,0.10580,-1,-1,-1
402,-1,338.90,224.82,8.88,22.16,0.10188,-1,-1,-1
402,-1,300.38,215.05,7.87,21.76,0.08567,-1,-1,-1
402,-1,326.09,215.03,21.04,33.29,0.08517,-1,-1,-1
402,-1,321.89,219.57,8.48,27.28,0.07795,-1,-1,-1
402,-1,165.56,208.62,28.51,65.55,0.06857,-1,-1,-1
402,-1,353.96,200.86,14.70,34.08,0.06828,-1,-1,-1
402,-1,379.91,201.59,7.21,33.59,0.05621,-1,-1,-1
403,-1,196.39,165.21,50.89,146.98,0.99915,-1,-1,-1
403,-1,242.67,168.18,51.60,147.47,0.99895,-1,-1,-1
403,-1,0.29,211.18,23.52,65.12,0.97070,-1,-1,-1
403,-1,350.93,197.83,18.28,67.32,0.96725,-1,-1,-1
403,-1,305.02,219.56,12.23,34.45,0.91386,-1,-1,-1
403,-1,357.13,197.96,26.21,77.94,0.84367,-1,-1,-1
403,-1,317.33,216.68,9.91,32.03,0.67425,-1,-1,-1
403,-1,328.39,220.73,11.92,30.55,0.55208,-1,-1,-1
403,-1,366.74,195.31,15.56,44.91,0.50379,-1,-1,-1
403,-1,299.72,223.22,8.07,28.45,0.50292,-1,-1,-1
403,-1,352.77,198.68,15.57,35.01,0.43917,-1,-1,-1
403,-1,302.26,217.45,10.01,34.98,0.39701,-1,-1,-1
403,-1,309.26,217.39,15.77,32.11,0.34291,-1,-1,-1
403,-1,324.98,216.78,11.26,33.46,0.30914,-1,-1,-1
403,-1,290.41,222.97,15.25,26.81,0.25305,-1,-1,-1
403,-1,150.33,210.47,18.03,31.15,0.18481,-1,-1,-1
403,-1,296.20,218.59,19.46,34.32,0.16071,-1,-1,-1
403,-1,289.12,224.25,8.25,23.67,0.15738,-1,-1,-1
403,-1,180.31,220.04,11.60,52.60,0.14626,-1,-1,-1
403,-1,609.55,75.45,30.20,199.47,0.14261,-1,-1,-1
403,-1,0.36,213.82,26.40,34.63,0.13583,-1,-1,-1
403,-1,285.39,205.33,8.40,43.71,0.13058,-1,-1,-1
403,-1,318.75,213.48,15.28,36.67,0.12638,-1,-1,-1
403,-1,147.62,208.90,23.98,65.79,0.12589,-1,-1,-1
403,-1,455.59,218.56,12.59,40.26,0.12481,-1,-1,-1
403,-1,282.32,182.65,12.88,66.78,0.12370,-1,-1,-1
403,-1,327.01,217.62,11.13,22.13,0.09218,-1,-1,-1
403,-1,57.88,225.33,9.47,19.00,0.09090,-1,-1,-1
403,-1,0.00,219.25,11.89,56.18,0.08865,-1,-1,-1
403,-1,149.14,208.55,16.70,20.89,0.07304,-1,-1,-1
403,-1,153.73,208.59,13.35,13.25,0.06754,-1,-1,-1
403,-1,336.34,222.33,10.37,25.80,0.06083,-1,-1,-1
403,-1,148.88,208.24,10.13,14.82,0.05584,-1,-1,-1
403,-1,366.05,194.66,15.61,16.81,0.05457,-1,-1,-1
403,-1,287.38,222.52,6.48,26.76,0.05046,-1,-1,-1
404,-1,197.62,168.52,49.84,141.69,0.99933,-1,-1,-1
404,-1,240.65,170.74,54.14,143.84,0.99892,-1,-1,-1
404,-1,353.06,194.69,30.66,81.70,0.98282,-1,-1,-1
404,-1,0.00,211.97,19.52,65.94,0.94975,-1,-1,-1
404,-1,303.19,216.93,13.64,36.78,0.94791,-1,-1,-1
404,-1,146.92,210.54,20.79,60.06,0.92555,-1,-1,-1
404,-1,316.50,214.10,10.44,34.16,0.82903,-1,-1,-1
404,-1,351.53,200.56,18.01,69.66,0.82882,-1,-1,-1
404,-1,0.45,211.69,21.79,36.13,0.81464,-1,-1,-1
404,-1,327.60,219.87,11.11,29.46,0.69990,-1,-1,-1
404,-1,299.39,217.72,11.84,34.29,0.66219,-1,-1,-1
404,-1,147.47,208.88,18.80,35.46,0.63429,-1,-1,-1
404,-1,297.09,220.79,9.77,29.36,0.57967,-1,-1,-1
404,-1,177.38,223.33,13.48,48.30,0.50140,-1,-1,-1
404,-1,324.56,218.10,10.49,30.59,0.44381,-1,-1,-1
404,-1,322.21,219.43,8.30,28.76,0.42218,-1,-1,-1
404,-1,294.06,219.83,9.15,28.13,0.24039,-1,-1,-1
404,-1,346.60,154.84,37.13,110.72,0.23939,-1,-1,-1
404,-1,364.87,192.31,19.89,66.75,0.19962,-1,-1,-1
404,-1,309.55,214.20,14.84,37.05,0.19843,-1,-1,-1
404,-1,51.31,214.85,15.44,29.40,0.19820,-1,-1,-1
404,-1,364.78,191.99,15.14,18.07,0.19078,-1,-1,-1
404,-1,318.74,216.28,21.30,32.45,0.15952,-1,-1,-1
404,-1,140.52,207.50,43.86,68.24,0.13566,-1,-1,-1
404,-1,338.28,224.02,8.70,22.76,0.11115,-1,-1,-1
404,-1,334.89,220.44,9.44,27.74,0.10974,-1,-1,-1
404,-1,318.24,211.88,10.30,25.04,0.10233,-1,-1,-1
404,-1,20.57,221.70,15.97,21.76,0.09233,-1,-1,-1
404,-1,344.34,136.94,30.07,68.30,0.08635,-1,-1,-1
404,-1,289.42,222.10,9.05,22.99,0.07501,-1,-1,-1
404,-1,177.83,221.70,11.54,27.97,0.07389,-1,-1,-1
404,-1,455.23,218.49,11.29,37.85,0.07310,-1,-1,-1
404,-1,21.19,220.98,16.58,41.33,0.06894,-1,-1,-1
404,-1,365.13,192.58,15.86,34.17,0.05862,-1,-1,-1
404,-1,110.22,181.71,35.22,35.71,0.05434,-1,-1,-1
405,-1,241.83,168.15,55.60,144.17,0.99928,-1,-1,-1
405,-1,196.16,165.67,51.30,142.97,0.99888,-1,-1,-1
405,-1,350.27,196.00,30.35,76.27,0.99086,-1,-1,-1
405,-1,300.81,215.13,13.99,36.41,0.97295,-1,-1,-1
405,-1,314.48,212.49,9.81,34.35,0.83425,-1,-1,-1
405,-1,326.29,216.46,10.87,31.38,0.81855,-1,-1,-1
405,-1,295.82,219.91,8.43,27.95,0.64643,-1,-1,-1
405,-1,320.17,216.18,7.21,30.20,0.56570,-1,-1,-1
405,-1,348.53,194.14,17.68,61.87,0.46043,-1,-1,-1
405,-1,309.49,215.17,10.03,34.09,0.44102,-1,-1,-1
405,-1,175.09,218.46,20.61,51.61,0.42394,-1,-1,-1
405,-1,0.00,215.41,13.44,60.45,0.34108,-1,-1,-1
405,-1,311.99,212.27,19.56,34.83,0.30839,-1,-1,-1
405,-1,305.30,212.52,20.18,36.05,0.23921,-1,-1,-1
405,-1,330.63,217.22,10.31,29.03,0.22758,-1,-1,-1
405,-1,323.80,216.71,6.31,29.75,0.20409,-1,-1,-1
405,-1,367.80,197.17,17.70,66.62,0.15734,-1,-1,-1
405,-1,335.76,218.52,7.69,25.10,0.13098,-1,-1,-1
405,-1,161.22,216.31,31.85,55.09,0.11523,-1,-1,-1
405,-1,19.81,225.16,14.04,37.57,0.11410,-1,-1,-1
405,-1,350.59,194.20,14.72,33.82,0.10441,-1,-1,-1
405,-1,8.15,218.03,13.65,27.50,0.10436,-1,-1,-1
405,-1,177.48,219.42,10.57,18.23,0.07994,-1,-1,-1
405,-1,187.90,220.63,7.83,16.81,0.07861,-1,-1,-1
405,-1,176.11,219.33,12.52,39.44,0.06150,-1,-1,-1
405,-1,146.97,206.82,16.89,26.66,0.05972,-1,-1,-1
405,-1,374.69,203.15,9.33,54.30,0.05222,-1,-1,-1
405,-1,197.58,219.20,10.56,27.18,0.05048,-1,-1,-1
406,-1,195.23,163.37,52.11,142.17,0.99924,-1,-1,-1
406,-1,243.87,167.42,50.93,140.25,0.99849,-1,-1,-1
406,-1,349.56,198.33,30.84,75.16,0.98449,-1,-1,-1
406,-1,300.10,214.44,14.01,35.98,0.94126,-1,-1,-1
406,-1,322.86,216.85,10.90,30.38,0.79387,-1,-1,-1
406,-1,311.49,212.40,10.53,34.08,0.78366,-1,-1,-1
406,-1,293.39,217.54,9.67,29.66,0.72916,-1,-1,-1
406,-1,319.92,214.96,10.00,31.27,0.59595,-1,-1,-1
406,-1,347.15,201.85,18.64,65.04,0.57570,-1,-1,-1
406,-1,317.03,212.90,8.57,32.93,0.51917,-1,-1,-1
406,-1,305.81,213.77,12.05,35.71,0.51378,-1,-1,-1
406,-1,172.34,218.22,17.83,51.88,0.43997,-1,-1,-1
406,-1,346.20,196.06,17.78,45.82,0.32119,-1,-1,-1
406,-1,315.83,213.27,20.80,33.59,0.31948,-1,-1,-1
406,-1,140.87,206.82,19.27,63.81,0.26244,-1,-1,-1
406,-1,345.52,204.85,9.81,32.29,0.20097,-1,-1,-1
406,-1,366.14,198.93,18.85,65.93,0.17539,-1,-1,-1
406,-1,174.02,218.56,11.94,30.48,0.16158,-1,-1,-1
406,-1,349.44,207.13,12.76,44.29,0.14786,-1,-1,-1
406,-1,330.00,216.63,8.61,27.73,0.14721,-1,-1,-1
406,-1,144.77,203.70,13.84,18.77,0.12619,-1,-1,-1
406,-1,327.69,221.80,7.33,25.37,0.12008,-1,-1,-1
406,-1,143.62,206.14,15.10,27.79,0.11114,-1,-1,-1
406,-1,323.79,216.14,7.36,19.25,0.10419,-1,-1,-1
406,-1,314.31,211.10,7.88,21.27,0.10400,-1,-1,-1
406,-1,335.03,219.60,7.45,21.99,0.09622,-1,-1,-1
406,-1,448.29,195.08,21.60,57.81,0.09575,-1,-1,-1
406,-1,334.84,229.55,7.12,14.37,0.09568,-1,-1,-1
406,-1,344.92,217.80,6.36,19.85,0.07886,-1,-1,-1
406,-1,292.83,212.09,18.53,36.75,0.06587,-1,-1,-1
406,-1,297.01,212.02,27.49,37.26,0.06346,-1,-1,-1
406,-1,293.58,210.77,9.25,24.31,0.06006,-1,-1,-1
406,-1,373.52,211.09,8.33,43.65,0.05634,-1,-1,-1
406,-1,175.63,219.30,8.70,18.42,0.05550,-1,-1,-1
406,-1,290.25,212.60,9.53,32.11,0.05407,-1,-1,-1
406,-1,349.57,201.51,13.17,26.17,0.05399,-1,-1,-1
406,-1,296.18,213.80,9.70,31.71,0.05347,-1,-1,-1
406,-1,186.09,219.96,8.19,18.17,0.05346,-1,-1,-1
407,-1,194.43,160.34,51.73,140.77,0.99910,-1,-1,-1
407,-1,248.64,160.20,48.92,143.52,0.99858,-1,-1,-1
407,-1,348.45,192.08,30.89,79.39,0.98902,-1,-1,-1
407,-1,296.47,212.22,13.92,35.21,0.92373,-1,-1,-1
407,-1,169.01,219.41,13.83,47.72,0.86024,-1,-1,-1
407,-1,317.70,213.87,15.18,30.42,0.80011,-1,-1,-1
407,-1,315.20,212.13,10.31,31.21,0.77563,-1,-1,-1
407,-1,291.88,212.91,12.26,32.39,0.52724,-1,-1,-1
407,-1,302.08,211.98,12.63,33.57,0.36817,-1,-1,-1
407,-1,326.39,214.93,8.89,29.39,0.34437,-1,-1,-1
407,-1,311.92,210.75,7.61,31.67,0.32888,-1,-1,-1
407,-1,345.39,192.29,20.08,56.54,0.30657,-1,-1,-1
407,-1,307.53,212.41,10.65,31.45,0.27101,-1,-1,-1
407,-1,331.60,218.10,9.18,24.70,0.23567,-1,-1,-1
407,-1,323.36,216.71,8.32,27.39,0.19471,-1,-1,-1
407,-1,244.68,231.86,13.00,33.60,0.17119,-1,-1,-1
407,-1,290.88,218.96,8.02,25.53,0.16301,-1,-1,-1
407,-1,321.03,214.86,8.11,27.42,0.13742,-1,-1,-1
407,-1,321.30,213.87,21.63,30.24,0.13008,-1,-1,-1
407,-1,337.38,134.68,37.82,128.59,0.12190,-1,-1,-1
407,-1,370.13,193.92,13.56,64.50,0.09942,-1,-1,-1
407,-1,284.75,179.41,10.32,49.58,0.09474,-1,-1,-1
407,-1,168.72,217.20,26.85,50.00,0.08801,-1,-1,-1
407,-1,334.89,215.02,8.04,26.72,0.08752,-1,-1,-1
407,-1,314.31,209.50,8.96,21.43,0.06313,-1,-1,-1
407,-1,243.84,181.84,16.27,86.18,0.05852,-1,-1,-1
407,-1,373.29,209.40,8.67,43.33,0.05686,-1,-1,-1
407,-1,7.79,215.68,15.43,25.99,0.05593,-1,-1,-1
408,-1,197.56,159.05,45.74,143.24,0.99890,-1,-1,-1
408,-1,250.81,159.88,48.19,143.33,0.99867,-1,-1,-1
408,-1,346.68,190.56,30.82,78.05,0.98008,-1,-1,-1
408,-1,337.83,138.67,39.76,129.32,0.79785,-1,-1,-1
408,-1,320.80,215.09,14.43,29.41,0.63928,-1,-1,-1
408,-1,167.91,217.09,15.19,51.36,0.62563,-1,-1,-1
408,-1,313.49,209.93,12.39,32.78,0.44569,-1,-1,-1
408,-1,294.95,204.07,13.94,43.16,0.41300,-1,-1,-1
408,-1,372.71,195.83,9.47,56.61,0.26485,-1,-1,-1
408,-1,284.87,178.64,9.98,49.27,0.22312,-1,-1,-1
408,-1,345.25,192.38,19.29,68.61,0.20235,-1,-1,-1
408,-1,326.01,216.75,13.84,25.11,0.18718,-1,-1,-1
408,-1,299.69,206.82,26.39,37.44,0.15190,-1,-1,-1
408,-1,285.93,180.52,15.60,69.56,0.11594,-1,-1,-1
408,-1,290.96,200.80,12.70,46.85,0.11335,-1,-1,-1
408,-1,308.91,208.94,12.71,34.05,0.11063,-1,-1,-1
408,-1,334.78,129.23,31.94,86.01,0.09736,-1,-1,-1
408,-1,301.36,212.69,11.28,33.24,0.09117,-1,-1,-1
408,-1,152.05,215.41,29.18,54.44,0.09100,-1,-1,-1
408,-1,307.33,209.53,29.93,35.04,0.08648,-1,-1,-1
408,-1,170.18,215.15,9.54,16.49,0.08496,-1,-1,-1
408,-1,297.60,187.64,22.05,58.05,0.07977,-1,-1,-1
408,-1,285.07,182.44,9.06,25.79,0.05395,-1,-1,-1
408,-1,169.56,216.63,11.47,30.22,0.05347,-1,-1,-1
408,-1,330.81,223.72,10.22,18.19,0.05281,-1,-1,-1
409,-1,196.65,157.67,45.23,142.19,0.99902,-1,-1,-1
409,-1,251.49,156.88,46.81,144.74,0.99841,-1,-1,-1
409,-1,345.46,187.22,30.06,78.70,0.97605,-1,-1,-1
409,-1,294.52,205.58,15.29,40.32,0.66482,-1,-1,-1
409,-1,338.19,141.24,37.11,121.33,0.59416,-1,-1,-1
409,-1,165.20,216.50,13.67,48.35,0.45862,-1,-1,-1
409,-1,313.61,208.27,10.96,31.79,0.42338,-1,-1,-1
409,-1,320.21,210.84,11.88,29.95,0.28142,-1,-1,-1
409,-1,369.65,191.67,12.99,59.04,0.26337,-1,-1,-1
409,-1,344.33,187.32,19.94,57.94,0.25096,-1,-1,-1
409,-1,307.07,206.10,11.22,34.28,0.24820,-1,-1,-1
409,-1,284.24,174.72,10.37,49.00,0.21883,-1,-1,-1
409,-1,328.57,221.61,11.10,19.00,0.18912,-1,-1,-1
409,-1,299.50,203.71,14.16,39.26,0.17892,-1,-1,-1
409,-1,359.13,189.03,21.77,68.38,0.16257,-1,-1,-1
409,-1,309.29,206.91,21.82,34.31,0.14775,-1,-1,-1
409,-1,312.02,202.50,10.70,24.26,0.11968,-1,-1,-1
409,-1,159.83,216.98,14.23,43.75,0.10126,-1,-1,-1
409,-1,136.14,200.26,17.18,32.29,0.08910,-1,-1,-1
409,-1,291.32,212.32,11.75,33.87,0.07592,-1,-1,-1
409,-1,315.68,199.08,20.32,41.05,0.06403,-1,-1,-1
409,-1,225.34,166.16,17.16,75.76,0.05694,-1,-1,-1
409,-1,290.32,190.52,16.66,54.01,0.05640,-1,-1,-1
409,-1,167.68,214.74,25.07,50.43,0.05328,-1,-1,-1
410,-1,247.65,157.69,47.58,144.93,0.99904,-1,-1,-1
410,-1,191.66,158.54,48.61,142.89,0.99885,-1,-1,-1
410,-1,340.42,186.56,30.83,78.38,0.98157,-1,-1,-1
410,-1,338.94,186.85,18.35,71.40,0.92896,-1,-1,-1
410,-1,291.07,211.16,14.42,33.08,0.84575,-1,-1,-1
410,-1,159.13,216.93,14.04,48.35,0.74353,-1,-1,-1
410,-1,332.23,126.92,31.53,133.77,0.71494,-1,-1,-1
410,-1,127.45,201.75,17.11,66.56,0.70615,-1,-1,-1
410,-1,306.87,203.00,10.99,35.70,0.63828,-1,-1,-1
410,-1,303.14,203.57,10.41,35.52,0.49608,-1,-1,-1
410,-1,290.39,204.34,23.68,38.63,0.40847,-1,-1,-1
410,-1,315.99,209.24,10.74,29.82,0.38800,-1,-1,-1
410,-1,298.20,202.17,22.53,38.12,0.25199,-1,-1,-1
410,-1,128.45,199.53,16.44,30.69,0.24717,-1,-1,-1
410,-1,344.69,186.14,10.80,10.43,0.19903,-1,-1,-1
410,-1,126.54,199.75,38.90,70.94,0.19674,-1,-1,-1
410,-1,324.05,220.39,9.30,17.57,0.16277,-1,-1,-1
410,-1,312.16,207.85,10.47,32.10,0.15933,-1,-1,-1
410,-1,364.50,194.01,9.25,55.15,0.13980,-1,-1,-1
410,-1,286.09,211.93,7.24,29.66,0.13565,-1,-1,-1
410,-1,338.72,189.13,16.69,39.00,0.13335,-1,-1,-1
410,-1,152.06,215.69,18.30,52.54,0.11020,-1,-1,-1
410,-1,353.38,183.97,20.05,67.56,0.09672,-1,-1,-1
410,-1,334.28,125.52,24.95,42.33,0.06152,-1,-1,-1
410,-1,313.62,127.33,44.10,101.19,0.05980,-1,-1,-1
410,-1,174.29,213.50,8.38,17.70,0.05547,-1,-1,-1
410,-1,281.99,182.65,9.44,38.21,0.05259,-1,-1,-1
411,-1,245.36,154.62,45.30,146.57,0.99865,-1,-1,-1
411,-1,183.79,158.85,53.57,138.80,0.99861,-1,-1,-1
411,-1,284.11,205.48,13.77,37.78,0.95587,-1,-1,-1
411,-1,332.92,189.10,19.55,68.90,0.94240,-1,-1,-1
411,-1,335.22,186.51,31.78,76.98,0.93916,-1,-1,-1
411,-1,328.51,130.34,38.55,132.96,0.92914,-1,-1,-1
411,-1,302.62,206.84,9.61,31.88,0.80712,-1,-1,-1
411,-1,297.13,203.97,11.05,34.55,0.76286,-1,-1,-1
411,-1,310.89,206.41,13.48,32.73,0.60533,-1,-1,-1
411,-1,291.47,203.77,12.65,37.00,0.57909,-1,-1,-1
411,-1,292.61,203.35,22.36,35.79,0.49745,-1,-1,-1
411,-1,316.08,206.79,11.20,30.44,0.48072,-1,-1,-1
411,-1,323.35,122.48,32.51,103.76,0.42169,-1,-1,-1
411,-1,152.93,212.77,13.00,51.95,0.29753,-1,-1,-1
411,-1,307.61,207.14,8.51,32.22,0.25516,-1,-1,-1
411,-1,318.90,196.40,7.38,19.99,0.20806,-1,-1,-1
411,-1,311.43,212.99,7.97,25.94,0.19602,-1,-1,-1
411,-1,319.15,198.79,8.16,32.33,0.17191,-1,-1,-1
411,-1,122.65,204.22,42.95,63.15,0.15817,-1,-1,-1
411,-1,318.78,219.56,8.89,17.90,0.10787,-1,-1,-1
411,-1,289.72,208.68,9.72,33.18,0.08991,-1,-1,-1
411,-1,314.99,216.84,6.21,21.94,0.08020,-1,-1,-1
411,-1,359.27,196.49,9.89,50.25,0.07567,-1,-1,-1
411,-1,281.00,209.53,10.24,32.72,0.06833,-1,-1,-1
411,-1,300.52,203.87,10.00,19.23,0.06640,-1,-1,-1
411,-1,336.37,202.56,10.64,54.82,0.06374,-1,-1,-1
411,-1,293.95,201.56,15.24,25.53,0.05004,-1,-1,-1
412,-1,181.92,160.33,46.28,140.06,0.99877,-1,-1,-1
412,-1,240.82,160.80,44.42,142.13,0.99842,-1,-1,-1
412,-1,326.92,188.68,34.85,74.17,0.96889,-1,-1,-1
412,-1,326.60,194.53,18.70,59.78,0.83738,-1,-1,-1
412,-1,628.99,247.52,11.01,48.54,0.65869,-1,-1,-1
412,-1,291.52,201.65,12.75,38.80,0.57158,-1,-1,-1
412,-1,144.37,215.43,12.01,48.31,0.49675,-1,-1,-1
412,-1,354.02,193.74,9.55,55.25,0.33417,-1,-1,-1
412,-1,280.53,199.74,24.56,43.04,0.31998,-1,-1,-1
412,-1,298.52,205.36,9.78,34.91,0.25251,-1,-1,-1
412,-1,220.77,174.33,20.97,86.13,0.25130,-1,-1,-1
412,-1,111.46,204.16,15.17,65.54,0.20737,-1,-1,-1
412,-1,285.75,205.85,14.33,35.73,0.19997,-1,-1,-1
412,-1,302.93,207.83,9.68,32.82,0.18694,-1,-1,-1
412,-1,295.21,199.27,20.32,41.43,0.17615,-1,-1,-1
412,-1,278.56,203.56,15.86,44.12,0.16341,-1,-1,-1
412,-1,146.29,212.08,10.97,22.53,0.14750,-1,-1,-1
412,-1,272.20,181.53,17.49,69.79,0.12737,-1,-1,-1
412,-1,628.89,246.71,11.06,100.97,0.10607,-1,-1,-1
412,-1,113.36,208.69,44.00,62.80,0.10049,-1,-1,-1
412,-1,144.60,213.76,18.24,32.71,0.08649,-1,-1,-1
412,-1,326.37,196.59,15.45,32.92,0.08613,-1,-1,-1
412,-1,167.41,217.58,12.44,26.00,0.07043,-1,-1,-1
412,-1,302.30,197.75,19.32,42.73,0.06552,-1,-1,-1
412,-1,135.74,214.41,19.54,52.31,0.06429,-1,-1,-1
412,-1,144.13,214.15,23.30,51.78,0.06233,-1,-1,-1
412,-1,326.33,189.59,27.49,40.01,0.05884,-1,-1,-1
413,-1,181.40,158.07,46.67,143.07,0.99920,-1,-1,-1
413,-1,238.87,157.52,45.41,143.31,0.99905,-1,-1,-1
413,-1,327.30,189.00,28.99,74.04,0.94015,-1,-1,-1
413,-1,141.03,215.82,14.17,49.53,0.83688,-1,-1,-1
413,-1,323.91,191.66,20.65,67.06,0.81650,-1,-1,-1
413,-1,296.84,206.43,18.65,32.61,0.78079,-1,-1,-1
413,-1,292.75,203.32,11.41,35.61,0.74785,-1,-1,-1
413,-1,284.90,203.63,13.15,36.81,0.58985,-1,-1,-1
413,-1,352.83,219.91,7.51,26.57,0.51959,-1,-1,-1
413,-1,129.83,211.88,17.78,50.18,0.48821,-1,-1,-1
413,-1,610.39,227.51,29.19,214.14,0.35226,-1,-1,-1
413,-1,278.69,203.64,14.45,40.74,0.33239,-1,-1,-1
413,-1,281.12,193.64,21.68,47.09,0.31899,-1,-1,-1
413,-1,347.63,189.20,14.78,61.93,0.29533,-1,-1,-1
413,-1,271.82,183.76,18.22,64.21,0.17620,-1,-1,-1
413,-1,307.71,203.84,10.31,32.05,0.14483,-1,-1,-1
413,-1,325.74,202.35,10.23,51.21,0.11745,-1,-1,-1
413,-1,219.16,177.10,22.04,85.80,0.10937,-1,-1,-1
413,-1,115.49,207.65,37.30,58.09,0.09206,-1,-1,-1
413,-1,353.84,200.02,7.70,48.23,0.08678,-1,-1,-1
413,-1,311.48,197.41,6.40,29.03,0.07587,-1,-1,-1
413,-1,341.09,204.12,14.26,60.54,0.06030,-1,-1,-1
413,-1,318.47,140.97,34.08,116.69,0.05827,-1,-1,-1
414,-1,177.97,158.23,49.95,144.04,0.99933,-1,-1,-1
414,-1,235.24,161.27,43.17,139.71,0.99845,-1,-1,-1
414,-1,570.81,167.70,67.29,261.65,0.98767,-1,-1,-1
414,-1,323.06,194.65,28.72,71.74,0.93068,-1,-1,-1
414,-1,317.11,198.89,16.43,60.07,0.81817,-1,-1,-1
414,-1,288.08,207.44,10.29,32.92,0.54139,-1,-1,-1
414,-1,295.55,210.92,10.85,29.65,0.48318,-1,-1,-1
414,-1,282.11,205.52,12.55,35.48,0.46740,-1,-1,-1
414,-1,347.33,197.68,7.96,52.48,0.37290,-1,-1,-1
414,-1,314.27,129.10,32.66,128.39,0.33371,-1,-1,-1
414,-1,268.58,199.40,13.35,49.99,0.30250,-1,-1,-1
414,-1,286.80,209.55,22.18,31.89,0.28008,-1,-1,-1
414,-1,600.91,144.35,38.96,262.97,0.27343,-1,-1,-1
414,-1,317.47,201.37,11.13,39.08,0.23542,-1,-1,-1
414,-1,136.04,214.63,10.47,31.91,0.22386,-1,-1,-1
414,-1,276.96,207.98,24.55,33.93,0.21839,-1,-1,-1
414,-1,291.80,208.94,10.54,31.12,0.19179,-1,-1,-1
414,-1,211.70,167.42,22.14,93.88,0.18901,-1,-1,-1
414,-1,232.18,162.62,31.08,66.72,0.16304,-1,-1,-1
414,-1,319.64,207.50,8.16,46.27,0.16018,-1,-1,-1
414,-1,592.22,217.71,43.74,57.13,0.15389,-1,-1,-1
414,-1,591.75,203.80,43.62,160.44,0.13603,-1,-1,-1
414,-1,299.45,210.80,9.81,28.58,0.10222,-1,-1,-1
414,-1,264.13,174.12,15.98,74.89,0.09226,-1,-1,-1
414,-1,226.67,230.00,11.30,17.34,0.08138,-1,-1,-1
414,-1,248.95,167.38,26.75,45.26,0.08115,-1,-1,-1
414,-1,608.26,214.49,31.74,96.31,0.07890,-1,-1,-1
414,-1,296.29,204.33,17.98,36.44,0.05953,-1,-1,-1
414,-1,280.25,211.82,9.98,29.18,0.05894,-1,-1,-1
414,-1,239.08,160.47,30.58,47.99,0.05271,-1,-1,-1
414,-1,273.95,205.63,12.37,38.48,0.05001,-1,-1,-1
415,-1,170.66,158.88,50.51,139.79,0.99919,-1,-1,-1
415,-1,227.60,157.96,44.51,141.69,0.99837,-1,-1,-1
415,-1,556.67,110.94,83.33,308.05,0.99723,-1,-1,-1
415,-1,311.18,192.04,18.85,68.27,0.97205,-1,-1,-1
415,-1,315.41,191.54,27.41,73.77,0.93395,-1,-1,-1
415,-1,271.68,204.57,16.13,36.11,0.75247,-1,-1,-1
415,-1,289.54,212.60,10.74,27.34,0.49697,-1,-1,-1
415,-1,280.70,207.52,9.42,32.61,0.36611,-1,-1,-1
415,-1,265.42,201.46,11.71,43.33,0.29138,-1,-1,-1
415,-1,283.46,209.99,21.74,30.83,0.26349,-1,-1,-1
415,-1,269.23,202.76,11.74,40.45,0.24776,-1,-1,-1
415,-1,310.79,192.85,12.08,38.50,0.24589,-1,-1,-1
415,-1,286.83,210.86,8.80,29.24,0.18009,-1,-1,-1
415,-1,274.83,194.99,19.56,46.92,0.17512,-1,-1,-1
415,-1,581.42,131.71,57.32,177.33,0.16018,-1,-1,-1
415,-1,608.26,135.76,31.74,108.52,0.15425,-1,-1,-1
415,-1,206.70,169.66,18.48,90.92,0.12494,-1,-1,-1
415,-1,297.46,210.34,7.46,27.80,0.11618,-1,-1,-1
415,-1,284.50,212.15,6.72,27.56,0.11499,-1,-1,-1
415,-1,328.09,191.16,17.73,66.35,0.08680,-1,-1,-1
415,-1,126.87,219.98,10.32,27.61,0.05286,-1,-1,-1
416,-1,222.35,163.59,45.39,140.33,0.99896,-1,-1,-1
416,-1,168.83,159.96,50.52,140.70,0.99881,-1,-1,-1
416,-1,545.75,96.87,92.53,332.64,0.99873,-1,-1,-1
416,-1,315.91,195.80,20.82,72.76,0.97692,-1,-1,-1
416,-1,303.44,194.47,20.80,70.13,0.97169,-1,-1,-1
416,-1,283.32,215.03,11.70,27.49,0.55845,-1,-1,-1
416,-1,268.88,210.37,12.80,33.55,0.50631,-1,-1,-1
416,-1,304.47,193.97,16.48,43.02,0.39445,-1,-1,-1
416,-1,118.61,218.57,12.68,33.60,0.36230,-1,-1,-1
416,-1,278.86,214.94,8.04,27.71,0.22563,-1,-1,-1
416,-1,101.35,208.42,19.64,60.97,0.22121,-1,-1,-1
416,-1,115.63,217.47,18.36,55.09,0.21392,-1,-1,-1
416,-1,273.84,213.79,9.25,29.66,0.17691,-1,-1,-1
416,-1,304.00,193.73,11.82,29.08,0.13862,-1,-1,-1
416,-1,272.26,210.28,22.16,33.61,0.12963,-1,-1,-1
416,-1,324.60,199.45,11.78,60.70,0.11004,-1,-1,-1
416,-1,331.79,201.01,6.53,52.51,0.10223,-1,-1,-1
416,-1,259.64,198.49,11.16,53.30,0.10012,-1,-1,-1
416,-1,85.73,207.69,45.86,64.47,0.09188,-1,-1,-1
416,-1,287.63,216.16,9.85,25.44,0.07451,-1,-1,-1
416,-1,222.63,164.11,28.28,57.48,0.06900,-1,-1,-1
416,-1,279.10,200.73,19.42,41.56,0.06650,-1,-1,-1
416,-1,155.55,199.50,24.69,74.08,0.05771,-1,-1,-1
416,-1,265.35,207.71,10.05,37.49,0.05211,-1,-1,-1
417,-1,166.87,164.22,49.95,141.31,0.99905,-1,-1,-1
417,-1,218.16,171.43,45.16,135.80,0.99868,-1,-1,-1
417,-1,547.32,53.71,90.76,392.26,0.99694,-1,-1,-1
417,-1,302.97,195.30,29.54,74.76,0.98928,-1,-1,-1
417,-1,299.67,199.24,20.17,66.01,0.60898,-1,-1,-1
417,-1,279.36,212.90,12.55,33.29,0.60229,-1,-1,-1
417,-1,264.75,209.61,13.74,36.76,0.57829,-1,-1,-1
417,-1,115.34,218.80,13.20,33.46,0.50690,-1,-1,-1
417,-1,584.01,73.37,55.33,294.33,0.24874,-1,-1,-1
417,-1,112.10,219.24,18.60,55.45,0.24717,-1,-1,-1
417,-1,98.26,215.69,20.50,55.25,0.24393,-1,-1,-1
417,-1,287.13,214.02,9.39,29.91,0.22797,-1,-1,-1
417,-1,277.45,215.14,8.64,30.36,0.20125,-1,-1,-1
417,-1,330.92,206.18,9.42,48.32,0.17159,-1,-1,-1
417,-1,273.00,209.73,22.90,36.22,0.16491,-1,-1,-1
417,-1,296.19,144.84,33.22,120.96,0.16193,-1,-1,-1
417,-1,116.46,220.76,11.33,16.07,0.12483,-1,-1,-1
417,-1,297.59,192.44,21.36,36.53,0.10904,-1,-1,-1
417,-1,328.46,205.71,7.03,49.82,0.09653,-1,-1,-1
417,-1,126.07,220.19,10.73,18.62,0.09502,-1,-1,-1
417,-1,273.46,214.64,8.79,30.48,0.09478,-1,-1,-1
417,-1,283.78,207.01,16.37,38.99,0.09240,-1,-1,-1
417,-1,599.06,60.86,30.95,91.69,0.07426,-1,-1,-1
417,-1,115.70,218.16,31.02,57.63,0.06909,-1,-1,-1
417,-1,283.92,215.78,9.84,29.01,0.06601,-1,-1,-1
417,-1,300.51,195.61,13.32,29.01,0.06377,-1,-1,-1
417,-1,317.79,200.43,13.30,60.10,0.05708,-1,-1,-1
417,-1,130.47,218.21,12.45,20.47,0.05459,-1,-1,-1
417,-1,244.85,173.77,19.92,61.53,0.05444,-1,-1,-1
417,-1,209.23,188.98,21.39,61.89,0.05006,-1,-1,-1
418,-1,539.43,31.47,99.73,410.09,0.99955,-1,-1,-1
418,-1,164.70,163.19,51.19,140.41,0.99921,-1,-1,-1
418,-1,212.32,168.69,48.63,135.07,0.99914,-1,-1,-1
418,-1,297.46,196.34,29.93,69.64,0.98880,-1,-1,-1
418,-1,262.13,208.79,11.50,33.58,0.90974,-1,-1,-1
418,-1,274.55,213.77,13.00,27.60,0.81615,-1,-1,-1
418,-1,109.77,217.85,12.78,31.17,0.58394,-1,-1,-1
418,-1,266.29,211.76,10.88,30.37,0.27929,-1,-1,-1
418,-1,254.41,206.78,18.40,37.52,0.26966,-1,-1,-1
418,-1,295.59,193.95,18.80,59.36,0.26463,-1,-1,-1
418,-1,272.37,212.89,8.31,28.58,0.26357,-1,-1,-1
418,-1,107.59,218.65,17.52,44.39,0.17322,-1,-1,-1
418,-1,326.78,205.78,9.59,44.71,0.16613,-1,-1,-1
418,-1,252.30,205.30,11.62,36.19,0.14831,-1,-1,-1
418,-1,284.27,214.28,7.87,26.60,0.12896,-1,-1,-1
418,-1,111.06,216.61,10.30,15.10,0.11587,-1,-1,-1
418,-1,95.72,215.71,25.81,53.73,0.10360,-1,-1,-1
418,-1,595.72,29.74,42.68,101.41,0.09930,-1,-1,-1
418,-1,280.10,205.59,16.06,36.11,0.08429,-1,-1,-1
418,-1,589.25,62.94,20.19,65.72,0.07848,-1,-1,-1
418,-1,281.12,212.44,8.45,27.79,0.07749,-1,-1,-1
418,-1,90.54,213.25,16.97,54.39,0.07740,-1,-1,-1
418,-1,311.24,199.07,18.79,64.59,0.05905,-1,-1,-1
418,-1,296.83,198.52,12.65,27.28,0.05293,-1,-1,-1
418,-1,321.09,204.79,7.92,48.74,0.05025,-1,-1,-1
419,-1,522.85,29.32,115.94,413.67,0.99973,-1,-1,-1
419,-1,161.84,165.79,52.36,138.56,0.99933,-1,-1,-1
419,-1,206.59,172.50,52.61,131.20,0.99888,-1,-1,-1
419,-1,295.04,194.92,32.41,72.23,0.99397,-1,-1,-1
419,-1,260.17,211.66,10.99,31.93,0.89694,-1,-1,-1
419,-1,274.01,214.72,10.83,28.74,0.65367,-1,-1,-1
419,-1,266.86,215.35,8.47,27.53,0.38634,-1,-1,-1
419,-1,263.38,211.98,22.10,31.87,0.21858,-1,-1,-1
419,-1,270.56,215.45,6.76,27.33,0.18496,-1,-1,-1
419,-1,252.04,211.15,10.20,29.36,0.18258,-1,-1,-1
419,-1,273.73,218.77,6.75,23.99,0.17197,-1,-1,-1
419,-1,279.17,214.77,8.67,27.18,0.17140,-1,-1,-1
419,-1,297.15,202.20,14.87,57.51,0.13530,-1,-1,-1
419,-1,282.81,218.98,6.68,21.94,0.11697,-1,-1,-1
419,-1,257.05,212.48,9.64,30.89,0.11078,-1,-1,-1
419,-1,110.17,216.64,8.17,15.14,0.10512,-1,-1,-1
419,-1,109.29,217.86,13.19,32.75,0.07104,-1,-1,-1
419,-1,104.51,214.67,17.22,58.20,0.06849,-1,-1,-1
419,-1,293.96,194.72,10.33,26.04,0.05612,-1,-1,-1
419,-1,84.61,206.68,22.51,65.05,0.05232,-1,-1,-1
420,-1,502.52,18.68,135.89,429.36,0.99921,-1,-1,-1
420,-1,159.45,165.70,46.94,135.06,0.99895,-1,-1,-1
420,-1,204.24,168.00,48.98,130.96,0.99835,-1,-1,-1
420,-1,292.64,198.27,29.04,65.54,0.99259,-1,-1,-1
420,-1,254.25,208.15,11.90,33.57,0.95142,-1,-1,-1
420,-1,266.29,212.79,14.85,28.21,0.70175,-1,-1,-1
420,-1,265.16,211.52,8.43,29.05,0.64743,-1,-1,-1
420,-1,101.09,216.14,13.55,32.95,0.64071,-1,-1,-1
420,-1,532.59,200.44,107.41,248.98,0.51598,-1,-1,-1
420,-1,261.70,210.42,9.29,30.26,0.45555,-1,-1,-1
420,-1,273.45,210.73,9.10,29.74,0.39224,-1,-1,-1
420,-1,246.38,202.68,8.71,31.91,0.39156,-1,-1,-1
420,-1,77.78,213.75,19.53,54.34,0.33406,-1,-1,-1
420,-1,292.78,204.08,12.33,53.05,0.26843,-1,-1,-1
420,-1,98.30,216.46,20.52,46.13,0.24084,-1,-1,-1
420,-1,250.01,206.94,8.01,27.72,0.23532,-1,-1,-1
420,-1,77.89,215.93,10.81,14.26,0.21132,-1,-1,-1
420,-1,277.32,206.91,6.86,31.38,0.20619,-1,-1,-1
420,-1,255.74,211.97,18.65,29.33,0.20021,-1,-1,-1
420,-1,270.20,215.78,8.25,25.38,0.16948,-1,-1,-1
420,-1,528.09,192.47,30.08,83.44,0.14253,-1,-1,-1
420,-1,540.46,257.15,98.69,126.18,0.11927,-1,-1,-1
420,-1,528.08,196.40,36.43,140.99,0.09859,-1,-1,-1
420,-1,196.48,168.36,23.02,77.60,0.07692,-1,-1,-1
420,-1,288.57,204.76,6.74,27.86,0.06363,-1,-1,-1
420,-1,102.63,214.20,9.51,18.32,0.05906,-1,-1,-1
421,-1,472.11,27.09,164.05,404.80,0.99946,-1,-1,-1
421,-1,153.04,166.19,48.88,134.06,0.99865,-1,-1,-1
421,-1,200.75,164.22,45.71,132.56,0.99826,-1,-1,-1
421,-1,282.85,191.67,32.70,73.75,0.99740,-1,-1,-1
421,-1,244.89,207.57,12.89,35.03,0.74525,-1,-1,-1
421,-1,259.77,212.37,11.63,28.66,0.60519,-1,-1,-1
421,-1,186.66,170.51,19.44,76.78,0.59624,-1,-1,-1
421,-1,280.17,196.50,16.65,59.10,0.46012,-1,-1,-1
421,-1,516.46,193.07,25.38,107.69,0.23286,-1,-1,-1
421,-1,253.75,211.56,9.47,29.62,0.22864,-1,-1,-1
421,-1,86.22,214.17,27.79,36.85,0.17146,-1,-1,-1
421,-1,253.19,207.95,23.35,33.10,0.14375,-1,-1,-1
421,-1,247.60,205.56,18.70,36.41,0.12728,-1,-1,-1
421,-1,257.69,209.77,9.45,30.21,0.11018,-1,-1,-1
421,-1,610.86,74.59,29.08,197.43,0.10653,-1,-1,-1
421,-1,277.24,140.48,35.81,121.06,0.09534,-1,-1,-1
421,-1,282.02,197.99,10.92,24.26,0.08138,-1,-1,-1
421,-1,615.44,192.71,23.41,78.55,0.06606,-1,-1,-1
421,-1,238.08,200.77,8.16,34.11,0.06412,-1,-1,-1
421,-1,89.17,213.51,15.12,31.91,0.06393,-1,-1,-1
421,-1,518.84,184.62,32.87,150.91,0.05892,-1,-1,-1
421,-1,250.19,211.71,9.51,30.21,0.05398,-1,-1,-1
421,-1,268.25,212.26,6.96,28.21,0.05366,-1,-1,-1
421,-1,81.46,216.54,26.11,56.98,0.05140,-1,-1,-1
422,-1,465.25,31.04,172.02,413.23,0.99978,-1,-1,-1
422,-1,148.28,162.32,50.75,133.86,0.99841,-1,-1,-1
422,-1,200.12,160.54,42.65,135.20,0.99814,-1,-1,-1
422,-1,276.88,191.48,34.41,72.79,0.99486,-1,-1,-1
422,-1,240.78,204.74,11.80,36.87,0.80505,-1,-1,-1
422,-1,277.14,197.48,16.10,60.05,0.71686,-1,-1,-1
422,-1,254.01,209.01,12.22,29.71,0.69613,-1,-1,-1
422,-1,249.74,207.88,9.43,31.13,0.40838,-1,-1,-1
422,-1,245.51,206.23,20.09,34.83,0.20305,-1,-1,-1
422,-1,277.63,204.05,9.68,47.77,0.18041,-1,-1,-1
422,-1,86.40,209.97,12.18,36.76,0.16773,-1,-1,-1
422,-1,608.01,77.17,29.55,189.42,0.13206,-1,-1,-1
422,-1,304.80,206.68,11.89,41.26,0.11361,-1,-1,-1
422,-1,263.59,208.25,6.91,29.43,0.09221,-1,-1,-1
422,-1,258.97,207.24,8.76,30.70,0.09018,-1,-1,-1
422,-1,197.70,164.68,28.76,73.16,0.08938,-1,-1,-1
422,-1,258.04,218.26,7.98,20.57,0.08650,-1,-1,-1
422,-1,301.53,207.82,10.74,41.03,0.08281,-1,-1,-1
422,-1,337.16,202.03,10.34,34.53,0.08115,-1,-1,-1
422,-1,235.43,203.38,8.64,32.95,0.07839,-1,-1,-1
422,-1,509.61,202.94,22.86,64.99,0.07826,-1,-1,-1
422,-1,291.21,200.76,23.20,56.89,0.06823,-1,-1,-1
422,-1,398.14,209.95,13.67,36.88,0.06051,-1,-1,-1
422,-1,253.02,207.73,7.84,26.58,0.05669,-1,-1,-1
422,-1,584.79,30.80,54.08,231.45,0.05534,-1,-1,-1
422,-1,278.30,194.98,11.78,29.10,0.05467,-1,-1,-1
422,-1,234.50,197.15,17.23,47.77,0.05272,-1,-1,-1
422,-1,58.40,213.59,12.09,15.23,0.05035,-1,-1,-1
423,-1,457.43,39.83,175.43,383.87,0.99978,-1,-1,-1
423,-1,142.62,158.59,48.98,135.00,0.99844,-1,-1,-1
423,-1,197.30,159.51,42.92,134.82,0.99824,-1,-1,-1
423,-1,273.47,191.06,30.90,71.32,0.99698,-1,-1,-1
423,-1,271.27,191.72,17.08,63.19,0.74535,-1,-1,-1
423,-1,248.38,205.35,12.77,32.50,0.63659,-1,-1,-1
423,-1,236.96,203.86,12.50,35.98,0.34157,-1,-1,-1
423,-1,268.27,121.63,32.23,141.94,0.30962,-1,-1,-1
423,-1,244.80,204.93,9.93,33.01,0.30693,-1,-1,-1
423,-1,584.00,59.20,48.26,205.42,0.30419,-1,-1,-1
423,-1,53.81,214.42,21.78,51.05,0.24142,-1,-1,-1
423,-1,78.92,211.98,12.88,32.51,0.15026,-1,-1,-1
423,-1,267.17,119.87,29.65,76.08,0.10931,-1,-1,-1
423,-1,273.32,190.45,12.33,28.53,0.10320,-1,-1,-1
423,-1,25.24,206.21,43.83,67.93,0.09780,-1,-1,-1
423,-1,70.51,213.98,23.23,53.95,0.08314,-1,-1,-1
423,-1,80.53,209.12,8.67,17.68,0.07517,-1,-1,-1
423,-1,195.57,162.29,30.81,74.30,0.06530,-1,-1,-1
423,-1,230.57,199.04,9.12,36.20,0.06471,-1,-1,-1
423,-1,174.98,167.84,19.68,94.63,0.05934,-1,-1,-1
424,-1,443.23,48.55,182.46,389.10,0.99964,-1,-1,-1
424,-1,191.56,160.55,44.32,134.18,0.99855,-1,-1,-1
424,-1,141.68,158.87,46.48,136.19,0.99805,-1,-1,-1
424,-1,267.01,186.05,31.58,73.73,0.99534,-1,-1,-1
424,-1,244.68,206.81,12.45,31.60,0.86050,-1,-1,-1
424,-1,64.81,211.19,29.43,34.20,0.75580,-1,-1,-1
424,-1,233.21,203.55,10.43,35.54,0.64910,-1,-1,-1
424,-1,239.19,205.29,10.23,32.82,0.64472,-1,-1,-1
424,-1,265.70,189.55,17.09,63.95,0.59764,-1,-1,-1
424,-1,251.47,207.29,10.90,29.41,0.43590,-1,-1,-1
424,-1,32.77,206.92,29.33,63.34,0.43584,-1,-1,-1
424,-1,41.47,209.69,17.34,17.26,0.20286,-1,-1,-1
424,-1,60.14,212.71,33.91,57.12,0.14551,-1,-1,-1
424,-1,69.04,210.52,17.80,26.86,0.09478,-1,-1,-1
424,-1,38.44,202.26,26.77,45.05,0.08511,-1,-1,-1
424,-1,159.83,157.19,38.48,130.96,0.08431,-1,-1,-1
424,-1,42.27,210.81,31.57,55.23,0.08311,-1,-1,-1
424,-1,232.22,204.11,9.28,21.54,0.07847,-1,-1,-1
424,-1,243.47,206.04,7.81,25.71,0.07385,-1,-1,-1
424,-1,0.89,199.11,29.42,80.86,0.07307,-1,-1,-1
424,-1,238.12,203.68,7.07,22.04,0.06394,-1,-1,-1
424,-1,260.09,141.24,35.23,113.83,0.06350,-1,-1,-1
424,-1,13.03,204.21,54.83,70.37,0.05909,-1,-1,-1
424,-1,72.34,209.77,11.90,20.14,0.05754,-1,-1,-1
424,-1,193.15,164.81,33.74,73.67,0.05331,-1,-1,-1
424,-1,255.86,201.27,7.78,34.33,0.05286,-1,-1,-1
425,-1,436.94,47.84,174.64,384.06,0.99987,-1,-1,-1
425,-1,135.26,159.91,49.27,130.39,0.99862,-1,-1,-1
425,-1,188.06,159.63,40.44,131.05,0.99833,-1,-1,-1
425,-1,260.24,186.16,28.21,72.52,0.99517,-1,-1,-1
425,-1,235.91,203.32,13.06,32.58,0.91331,-1,-1,-1
425,-1,225.67,203.82,9.76,32.50,0.88242,-1,-1,-1
425,-1,57.63,206.76,31.07,39.04,0.76029,-1,-1,-1
425,-1,258.60,189.59,18.17,62.95,0.70747,-1,-1,-1
425,-1,231.98,204.08,10.17,31.03,0.61581,-1,-1,-1
425,-1,33.15,207.01,23.58,61.07,0.60177,-1,-1,-1
425,-1,244.37,204.41,10.11,29.63,0.22735,-1,-1,-1
425,-1,30.75,207.59,18.35,17.72,0.16841,-1,-1,-1
425,-1,229.34,205.41,7.94,28.47,0.16636,-1,-1,-1
425,-1,25.12,205.12,21.45,65.39,0.16060,-1,-1,-1
425,-1,259.77,202.24,10.06,48.24,0.15809,-1,-1,-1
425,-1,223.87,201.38,18.27,35.19,0.14572,-1,-1,-1
425,-1,36.86,207.48,36.67,62.51,0.13096,-1,-1,-1
425,-1,4.44,198.11,48.27,78.28,0.11089,-1,-1,-1
425,-1,58.86,204.21,35.24,65.36,0.10592,-1,-1,-1
425,-1,62.35,205.79,19.82,27.13,0.10225,-1,-1,-1
425,-1,39.92,215.48,20.45,45.97,0.09736,-1,-1,-1
425,-1,320.58,197.83,12.94,32.72,0.09641,-1,-1,-1
425,-1,97.03,200.58,28.63,66.82,0.07858,-1,-1,-1
425,-1,29.09,209.58,15.61,25.55,0.06195,-1,-1,-1
426,-1,421.67,42.88,180.71,377.52,0.99976,-1,-1,-1
426,-1,183.38,159.33,40.66,128.27,0.99858,-1,-1,-1
426,-1,128.53,158.32,50.93,131.89,0.99855,-1,-1,-1
426,-1,257.21,187.75,25.39,68.87,0.98521,-1,-1,-1
426,-1,221.01,199.86,10.72,35.33,0.91204,-1,-1,-1
426,-1,51.88,203.73,33.41,38.11,0.86059,-1,-1,-1
426,-1,254.90,190.26,16.53,61.35,0.84142,-1,-1,-1
426,-1,230.08,202.15,12.31,30.81,0.82312,-1,-1,-1
426,-1,23.44,207.54,20.63,57.57,0.56726,-1,-1,-1
426,-1,23.82,206.17,17.40,15.59,0.30018,-1,-1,-1
426,-1,254.92,202.77,10.33,46.25,0.27136,-1,-1,-1
426,-1,44.56,202.81,42.40,63.09,0.23376,-1,-1,-1
426,-1,225.53,203.24,8.59,30.68,0.21053,-1,-1,-1
426,-1,241.65,214.34,12.67,18.98,0.17282,-1,-1,-1
426,-1,241.40,205.11,9.56,26.63,0.13967,-1,-1,-1
426,-1,235.68,210.60,8.45,22.99,0.13811,-1,-1,-1
426,-1,605.08,138.59,34.20,129.72,0.12047,-1,-1,-1
426,-1,25.98,204.23,38.51,63.06,0.09843,-1,-1,-1
426,-1,216.34,188.24,14.94,49.33,0.09080,-1,-1,-1
426,-1,54.00,202.83,15.66,22.00,0.08171,-1,-1,-1
426,-1,27.98,205.33,22.30,17.95,0.06173,-1,-1,-1
426,-1,238.67,213.98,7.17,19.83,0.06104,-1,-1,-1
427,-1,412.94,46.60,153.14,367.31,0.99979,-1,-1,-1
427,-1,177.89,156.34,44.14,128.93,0.99902,-1,-1,-1
427,-1,124.35,156.36,50.94,130.33,0.99836,-1,-1,-1
427,-1,247.16,179.68,28.17,74.27,0.99383,-1,-1,-1
427,-1,585.11,81.50,54.15,293.77,0.95024,-1,-1,-1
427,-1,42.21,204.61,35.14,55.08,0.90452,-1,-1,-1
427,-1,225.80,198.99,13.01,31.88,0.88605,-1,-1,-1
427,-1,214.11,196.06,10.50,37.29,0.61406,-1,-1,-1
427,-1,223.33,197.73,9.84,32.55,0.59071,-1,-1,-1
427,-1,16.83,200.52,28.17,62.74,0.51639,-1,-1,-1
427,-1,244.35,125.86,33.77,126.35,0.26744,-1,-1,-1
427,-1,310.42,192.16,12.33,30.89,0.23106,-1,-1,-1
427,-1,211.42,185.72,15.65,51.33,0.11213,-1,-1,-1
427,-1,28.82,201.69,38.27,63.14,0.10637,-1,-1,-1
427,-1,153.79,161.44,22.63,90.79,0.09638,-1,-1,-1
427,-1,17.04,202.41,22.81,21.04,0.07264,-1,-1,-1
427,-1,220.56,188.90,16.48,41.74,0.07254,-1,-1,-1
427,-1,212.89,176.61,9.73,46.80,0.07243,-1,-1,-1
427,-1,85.64,202.59,26.66,53.45,0.06201,-1,-1,-1
427,-1,233.11,198.71,12.11,30.33,0.06063,-1,-1,-1
427,-1,503.22,198.88,50.83,128.74,0.05071,-1,-1,-1
428,-1,406.66,41.18,133.22,361.82,0.99981,-1,-1,-1
428,-1,119.85,156.73,50.90,127.34,0.99908,-1,-1,-1
428,-1,174.08,151.81,42.99,130.16,0.99901,-1,-1,-1
428,-1,555.00,0.84,85.00,479.16,0.99659,-1,-1,-1
428,-1,249.55,178.93,20.74,74.39,0.99023,-1,-1,-1
428,-1,239.60,181.87,18.66,63.27,0.95348,-1,-1,-1
428,-1,32.57,202.98,35.44,57.26,0.85537,-1,-1,-1
428,-1,8.40,205.18,32.73,58.79,0.71103,-1,-1,-1
428,-1,220.46,198.30,11.31,30.33,0.64780,-1,-1,-1
428,-1,217.32,195.92,10.51,32.82,0.44743,-1,-1,-1
428,-1,0.00,241.73,19.19,102.23,0.29861,-1,-1,-1
428,-1,214.89,196.18,21.06,33.14,0.24686,-1,-1,-1
428,-1,438.50,32.72,143.18,432.89,0.23550,-1,-1,-1
428,-1,210.90,187.00,17.62,42.23,0.22256,-1,-1,-1
428,-1,38.53,197.91,31.45,40.60,0.20164,-1,-1,-1
428,-1,2.82,200.17,23.16,60.03,0.18440,-1,-1,-1
428,-1,209.51,190.21,9.68,40.90,0.16813,-1,-1,-1
428,-1,307.87,199.52,9.51,22.46,0.13679,-1,-1,-1
428,-1,41.05,201.23,20.49,26.20,0.12782,-1,-1,-1
428,-1,0.84,195.11,21.40,114.93,0.12452,-1,-1,-1
428,-1,40.25,200.38,15.49,18.66,0.10264,-1,-1,-1
428,-1,214.86,199.75,9.37,29.50,0.08157,-1,-1,-1
428,-1,160.33,172.50,17.24,58.58,0.08131,-1,-1,-1
428,-1,257.14,182.70,12.95,52.51,0.05360,-1,-1,-1
429,-1,398.97,45.45,117.99,355.73,0.99970,-1,-1,-1
429,-1,115.88,153.78,48.55,129.32,0.99909,-1,-1,-1
429,-1,169.44,149.89,45.38,132.49,0.99883,-1,-1,-1
429,-1,479.14,9.13,160.27,461.97,0.99825,-1,-1,-1
429,-1,236.78,180.21,25.35,73.58,0.98596,-1,-1,-1
429,-1,0.53,217.18,29.80,108.06,0.90337,-1,-1,-1
429,-1,213.89,198.99,13.70,31.65,0.89796,-1,-1,-1
429,-1,541.22,6.88,95.97,329.68,0.85327,-1,-1,-1
429,-1,24.70,201.15,33.11,60.94,0.84332,-1,-1,-1
429,-1,211.65,196.86,10.10,33.31,0.53768,-1,-1,-1
429,-1,207.05,190.40,8.84,39.91,0.45260,-1,-1,-1
429,-1,30.72,201.06,24.48,36.77,0.33076,-1,-1,-1
429,-1,216.66,200.46,17.39,28.15,0.23409,-1,-1,-1
429,-1,522.99,130.80,112.80,275.06,0.22731,-1,-1,-1
429,-1,234.07,184.81,16.45,53.03,0.15934,-1,-1,-1
429,-1,249.43,183.79,12.89,61.90,0.12541,-1,-1,-1
429,-1,1.55,192.77,28.07,67.07,0.12490,-1,-1,-1
429,-1,34.65,198.50,12.55,20.01,0.11539,-1,-1,-1
429,-1,574.89,2.52,64.03,219.81,0.11260,-1,-1,-1
429,-1,12.79,201.20,37.76,76.35,0.08635,-1,-1,-1
429,-1,32.13,199.88,17.73,25.62,0.08171,-1,-1,-1
429,-1,74.50,197.59,20.89,58.94,0.06957,-1,-1,-1
429,-1,0.44,252.35,90.78,213.37,0.06868,-1,-1,-1
429,-1,24.30,207.11,48.38,30.67,0.06717,-1,-1,-1
429,-1,246.01,177.16,13.98,16.01,0.06284,-1,-1,-1
429,-1,5.36,207.28,30.75,78.69,0.05964,-1,-1,-1
429,-1,248.05,176.72,13.79,39.22,0.05155,-1,-1,-1
430,-1,374.63,48.68,124.94,343.63,0.99963,-1,-1,-1
430,-1,164.70,153.06,42.29,129.24,0.99869,-1,-1,-1
430,-1,111.38,154.85,48.29,127.18,0.99848,-1,-1,-1
430,-1,440.16,1.13,196.88,460.48,0.99744,-1,-1,-1
430,-1,231.70,180.50,24.81,72.81,0.99133,-1,-1,-1
430,-1,507.66,4.06,129.92,344.64,0.94601,-1,-1,-1
430,-1,0.25,195.49,36.26,134.59,0.84168,-1,-1,-1
430,-1,209.71,198.64,9.77,31.96,0.51805,-1,-1,-1
430,-1,22.40,198.03,26.50,41.03,0.31360,-1,-1,-1
430,-1,206.21,197.03,9.94,33.62,0.29088,-1,-1,-1
430,-1,228.93,182.52,17.04,63.63,0.26744,-1,-1,-1
430,-1,26.87,198.64,13.32,30.12,0.24023,-1,-1,-1
430,-1,201.74,191.72,10.83,39.41,0.21648,-1,-1,-1
430,-1,0.24,229.80,94.54,233.06,0.20700,-1,-1,-1
430,-1,522.44,14.61,65.42,194.65,0.19436,-1,-1,-1
430,-1,202.65,196.37,19.57,35.42,0.11983,-1,-1,-1
430,-1,25.84,196.93,11.36,21.15,0.08141,-1,-1,-1
430,-1,242.37,184.90,14.21,61.10,0.07439,-1,-1,-1
430,-1,546.68,0.00,83.10,192.42,0.07367,-1,-1,-1
430,-1,197.75,169.88,14.88,63.97,0.07087,-1,-1,-1
430,-1,211.61,193.24,18.15,37.35,0.07037,-1,-1,-1
430,-1,153.94,177.18,18.46,56.81,0.06193,-1,-1,-1
431,-1,351.92,51.66,138.15,339.08,0.99936,-1,-1,-1
431,-1,162.92,153.45,42.36,126.87,0.99875,-1,-1,-1
431,-1,108.75,151.24,48.69,127.91,0.99869,-1,-1,-1
431,-1,411.77,0.00,226.98,472.71,0.99813,-1,-1,-1
431,-1,225.78,178.85,27.95,72.63,0.99677,-1,-1,-1
431,-1,0.00,186.00,42.65,148.59,0.96820,-1,-1,-1
431,-1,482.70,4.19,155.91,335.78,0.83333,-1,-1,-1
431,-1,206.78,197.49,10.12,31.23,0.41844,-1,-1,-1
431,-1,200.67,190.05,11.90,38.26,0.32906,-1,-1,-1
431,-1,220.14,114.28,37.74,130.77,0.32728,-1,-1,-1
431,-1,197.87,179.84,10.97,48.62,0.19248,-1,-1,-1
431,-1,222.33,107.30,32.91,55.84,0.18211,-1,-1,-1
431,-1,220.04,181.43,22.10,56.99,0.16893,-1,-1,-1
431,-1,496.38,1.49,95.69,213.81,0.15891,-1,-1,-1
431,-1,210.43,198.92,9.23,27.60,0.12575,-1,-1,-1
431,-1,213.88,199.16,8.57,26.14,0.06928,-1,-1,-1
431,-1,216.33,194.71,8.64,30.23,0.06132,-1,-1,-1
431,-1,3.05,180.49,90.10,219.44,0.06071,-1,-1,-1
432,-1,342.61,55.64,118.81,319.55,0.99939,-1,-1,-1
432,-1,404.41,0.00,232.52,471.89,0.99902,-1,-1,-1
432,-1,105.69,151.22,53.06,128.71,0.99898,-1,-1,-1
432,-1,160.81,155.33,40.43,121.97,0.99864,-1,-1,-1
432,-1,219.58,177.43,31.71,72.18,0.99681,-1,-1,-1
432,-1,0.69,105.93,61.62,205.01,0.64704,-1,-1,-1
432,-1,446.60,0.00,167.11,313.39,0.56436,-1,-1,-1
432,-1,204.39,198.39,11.32,28.61,0.53375,-1,-1,-1
432,-1,197.10,189.62,9.59,36.96,0.23215,-1,-1,-1
432,-1,439.89,0.00,114.56,440.54,0.20526,-1,-1,-1
432,-1,159.75,156.11,29.55,87.00,0.16356,-1,-1,-1
432,-1,95.66,203.51,9.89,28.31,0.14866,-1,-1,-1
432,-1,456.94,4.79,71.35,202.52,0.13016,-1,-1,-1
432,-1,210.13,197.62,9.89,28.32,0.10914,-1,-1,-1
432,-1,156.99,158.55,21.82,70.25,0.09298,-1,-1,-1
432,-1,196.40,191.96,18.02,36.39,0.06433,-1,-1,-1
432,-1,201.48,193.04,21.72,34.05,0.06275,-1,-1,-1
432,-1,96.47,203.56,7.98,15.90,0.05627,-1,-1,-1
432,-1,401.84,249.15,25.52,44.99,0.05542,-1,-1,-1
432,-1,162.38,157.84,33.02,51.27,0.05010,-1,-1,-1
433,-1,412.18,0.00,211.44,472.15,0.99932,-1,-1,-1
433,-1,105.29,152.97,52.42,126.53,0.99913,-1,-1,-1
433,-1,157.63,156.37,43.05,121.92,0.99866,-1,-1,-1
433,-1,338.94,59.29,104.26,308.33,0.99866,-1,-1,-1
433,-1,216.72,176.47,32.86,74.42,0.99151,-1,-1,-1
433,-1,430.76,0.00,159.62,306.46,0.83209,-1,-1,-1
433,-1,0.00,76.28,77.65,240.77,0.72332,-1,-1,-1
433,-1,201.67,198.25,11.56,29.86,0.61179,-1,-1,-1
433,-1,603.98,349.50,34.35,33.84,0.56928,-1,-1,-1
433,-1,0.00,86.78,103.67,363.24,0.32711,-1,-1,-1
433,-1,194.47,192.16,9.86,36.38,0.26211,-1,-1,-1
433,-1,92.17,203.71,10.78,23.27,0.18708,-1,-1,-1
433,-1,156.15,156.94,26.47,68.55,0.18343,-1,-1,-1
433,-1,210.15,199.27,8.56,26.46,0.18132,-1,-1,-1
433,-1,425.33,0.00,99.75,442.51,0.12531,-1,-1,-1
433,-1,288.14,189.83,9.06,28.64,0.07105,-1,-1,-1
433,-1,593.69,236.94,46.31,144.59,0.06994,-1,-1,-1
433,-1,141.00,168.96,17.81,62.39,0.06749,-1,-1,-1
434,-1,99.68,153.24,49.46,126.10,0.99919,-1,-1,-1
434,-1,390.61,0.00,173.34,466.08,0.99833,-1,-1,-1
434,-1,333.76,56.35,82.82,317.44,0.99829,-1,-1,-1
434,-1,151.75,151.84,44.78,124.30,0.99749,-1,-1,-1
434,-1,212.71,178.47,30.49,71.48,0.99514,-1,-1,-1
434,-1,598.51,120.49,41.49,267.90,0.95509,-1,-1,-1
434,-1,194.93,197.40,11.58,31.07,0.67673,-1,-1,-1
434,-1,1.45,66.01,68.53,258.43,0.56178,-1,-1,-1
434,-1,596.91,304.09,42.06,88.42,0.30647,-1,-1,-1
434,-1,0.00,72.21,106.21,377.43,0.23107,-1,-1,-1
434,-1,169.10,162.85,29.01,94.71,0.13220,-1,-1,-1
434,-1,190.44,191.65,9.18,36.06,0.12867,-1,-1,-1
434,-1,224.01,175.63,12.59,14.92,0.11331,-1,-1,-1
434,-1,201.31,196.80,9.03,30.88,0.09749,-1,-1,-1
434,-1,165.91,157.61,30.15,52.31,0.09605,-1,-1,-1
434,-1,209.19,182.42,20.04,62.95,0.06536,-1,-1,-1
434,-1,404.42,0.00,66.28,80.83,0.05701,-1,-1,-1
434,-1,0.92,148.21,74.43,125.25,0.05678,-1,-1,-1
434,-1,603.13,114.70,35.88,157.75,0.05146,-1,-1,-1
435,-1,151.88,148.79,42.47,125.14,0.99894,-1,-1,-1
435,-1,97.22,152.45,49.09,124.80,0.99884,-1,-1,-1
435,-1,337.04,0.00,189.94,468.03,0.99775,-1,-1,-1
435,-1,211.99,175.87,29.40,73.81,0.99527,-1,-1,-1
435,-1,316.08,85.00,75.89,287.45,0.99404,-1,-1,-1
435,-1,595.16,128.87,44.36,260.04,0.99199,-1,-1,-1
435,-1,208.25,180.42,16.35,61.79,0.84108,-1,-1,-1
435,-1,602.18,111.68,36.89,89.94,0.39119,-1,-1,-1
435,-1,1.31,61.54,85.11,302.60,0.36533,-1,-1,-1
435,-1,601.21,115.68,37.85,168.38,0.21959,-1,-1,-1
435,-1,193.89,202.43,9.87,24.72,0.18995,-1,-1,-1
435,-1,341.62,8.33,88.85,341.47,0.18756,-1,-1,-1
435,-1,199.54,197.60,10.22,28.36,0.10969,-1,-1,-1
435,-1,363.87,2.73,140.85,299.29,0.10438,-1,-1,-1
435,-1,0.00,40.29,143.85,410.65,0.09999,-1,-1,-1
435,-1,363.61,0.00,74.14,101.23,0.08154,-1,-1,-1
435,-1,191.11,198.03,16.55,27.88,0.07324,-1,-1,-1
435,-1,188.42,196.03,8.07,31.60,0.05212,-1,-1,-1
435,-1,1.59,151.69,77.19,117.94,0.05121,-1,-1,-1
436,-1,148.11,148.00,45.11,122.44,0.99893,-1,-1,-1
436,-1,290.71,1.00,201.49,474.17,0.99888,-1,-1,-1
436,-1,91.44,151.14,46.61,123.21,0.99861,-1,-1,-1
436,-1,207.67,175.25,29.14,71.51,0.99754,-1,-1,-1
436,-1,586.49,106.23,53.51,287.73,0.98223,-1,-1,-1
436,-1,202.15,178.64,16.52,60.53,0.79606,-1,-1,-1
436,-1,0.00,62.83,105.44,417.13,0.72004,-1,-1,-1
436,-1,188.58,193.55,11.11,30.76,0.69467,-1,-1,-1
436,-1,291.60,133.05,44.07,116.14,0.47689,-1,-1,-1
436,-1,135.96,191.66,10.78,35.78,0.20856,-1,-1,-1
436,-1,138.60,197.74,12.21,30.50,0.19691,-1,-1,-1
436,-1,0.00,82.25,70.97,181.12,0.18408,-1,-1,-1
436,-1,599.81,286.84,39.77,105.41,0.15134,-1,-1,-1
436,-1,203.58,194.71,10.71,43.93,0.11501,-1,-1,-1
436,-1,576.45,116.23,58.80,172.45,0.11160,-1,-1,-1
436,-1,1.78,171.56,71.93,97.04,0.10802,-1,-1,-1
436,-1,199.10,202.78,11.22,35.00,0.08735,-1,-1,-1
436,-1,297.51,5.12,127.02,261.63,0.08682,-1,-1,-1
436,-1,133.46,197.65,9.86,30.87,0.07139,-1,-1,-1
436,-1,172.55,151.66,8.95,15.16,0.06863,-1,-1,-1
436,-1,294.20,23.77,75.91,223.32,0.06734,-1,-1,-1
436,-1,196.64,204.54,12.00,21.39,0.05837,-1,-1,-1
436,-1,182.48,175.23,16.24,51.42,0.05545,-1,-1,-1
436,-1,187.58,190.28,22.69,36.26,0.05410,-1,-1,-1
437,-1,243.88,2.87,233.48,473.53,0.99926,-1,-1,-1
437,-1,89.27,149.60,46.55,123.19,0.99903,-1,-1,-1
437,-1,148.59,149.10,41.27,121.94,0.99873,-1,-1,-1
437,-1,207.58,176.35,27.38,70.96,0.99670,-1,-1,-1
437,-1,597.84,91.02,41.98,307.56,0.99022,-1,-1,-1
437,-1,199.31,180.31,17.00,59.47,0.91449,-1,-1,-1
437,-1,283.45,188.89,17.12,35.94,0.80825,-1,-1,-1
437,-1,0.00,83.97,102.89,376.52,0.62539,-1,-1,-1
437,-1,186.32,192.86,11.03,32.92,0.52524,-1,-1,-1
437,-1,133.19,185.53,10.22,43.61,0.41146,-1,-1,-1
437,-1,1.86,65.49,75.03,245.70,0.31429,-1,-1,-1
437,-1,583.22,106.78,50.97,211.12,0.29651,-1,-1,-1
437,-1,198.97,194.00,10.63,45.05,0.23212,-1,-1,-1
437,-1,310.90,1.20,27.56,62.20,0.18978,-1,-1,-1
437,-1,288.41,1.78,154.27,315.27,0.18124,-1,-1,-1
437,-1,69.88,198.18,18.65,31.07,0.13023,-1,-1,-1
437,-1,128.50,171.71,17.41,57.63,0.10676,-1,-1,-1
437,-1,200.20,125.45,36.38,115.94,0.08267,-1,-1,-1
437,-1,605.92,109.11,31.91,108.75,0.07991,-1,-1,-1
437,-1,613.23,88.81,26.52,174.74,0.07677,-1,-1,-1
437,-1,1.14,149.57,75.91,121.82,0.06759,-1,-1,-1
437,-1,202.57,180.36,10.58,31.13,0.06690,-1,-1,-1
437,-1,135.84,193.99,12.17,35.59,0.05208,-1,-1,-1
437,-1,192.52,195.57,8.73,29.28,0.05153,-1,-1,-1
438,-1,84.40,147.74,46.25,123.97,0.99893,-1,-1,-1
438,-1,145.51,147.68,41.30,122.58,0.99862,-1,-1,-1
438,-1,188.59,3.31,273.18,465.29,0.99808,-1,-1,-1
438,-1,551.95,69.45,88.05,332.42,0.99393,-1,-1,-1
438,-1,200.89,173.55,28.97,70.60,0.99033,-1,-1,-1
438,-1,391.87,131.61,42.29,154.99,0.94386,-1,-1,-1
438,-1,2.82,84.60,76.01,281.42,0.90609,-1,-1,-1
438,-1,195.30,181.04,17.13,57.10,0.74004,-1,-1,-1
438,-1,392.93,135.14,33.73,96.99,0.63987,-1,-1,-1
438,-1,383.47,119.03,16.42,71.58,0.52104,-1,-1,-1
438,-1,207.41,173.49,22.12,39.45,0.42047,-1,-1,-1
438,-1,410.99,169.71,30.98,113.89,0.36757,-1,-1,-1
438,-1,590.64,74.89,49.36,190.31,0.33090,-1,-1,-1
438,-1,128.44,190.51,15.05,36.61,0.30568,-1,-1,-1
438,-1,206.68,171.32,16.54,15.48,0.22165,-1,-1,-1
438,-1,63.26,199.59,14.77,28.99,0.14279,-1,-1,-1
438,-1,393.61,134.26,27.20,53.71,0.12340,-1,-1,-1
438,-1,235.63,1.55,165.91,330.66,0.11126,-1,-1,-1
438,-1,0.26,139.66,76.87,146.40,0.09787,-1,-1,-1
438,-1,553.38,173.92,83.40,173.25,0.09603,-1,-1,-1
438,-1,127.68,175.55,21.43,49.67,0.09370,-1,-1,-1
438,-1,126.56,192.33,10.14,35.23,0.08606,-1,-1,-1
438,-1,192.75,181.07,12.43,44.78,0.06702,-1,-1,-1
438,-1,133.40,194.78,12.58,29.72,0.06104,-1,-1,-1
438,-1,205.38,172.55,21.76,23.99,0.05843,-1,-1,-1
438,-1,379.40,121.72,70.70,280.81,0.05157,-1,-1,-1
439,-1,82.57,146.00,44.83,122.98,0.99887,-1,-1,-1
439,-1,179.55,0.03,263.05,475.98,0.99866,-1,-1,-1
439,-1,143.72,148.05,40.63,122.52,0.99858,-1,-1,-1
439,-1,534.57,78.49,105.43,323.82,0.99656,-1,-1,-1
439,-1,388.45,139.83,44.84,171.81,0.98277,-1,-1,-1
439,-1,344.64,47.33,59.33,318.40,0.92850,-1,-1,-1
439,-1,0.69,83.65,77.82,371.73,0.76734,-1,-1,-1
439,-1,1.56,82.54,64.58,196.02,0.55887,-1,-1,-1
439,-1,583.31,75.10,56.69,203.58,0.52325,-1,-1,-1
439,-1,192.21,0.00,174.43,357.33,0.46181,-1,-1,-1
439,-1,382.57,133.63,37.98,109.45,0.29539,-1,-1,-1
439,-1,123.37,184.70,12.71,42.76,0.27306,-1,-1,-1
439,-1,183.13,10.25,77.85,276.48,0.23375,-1,-1,-1
439,-1,362.13,92.48,49.26,221.56,0.23035,-1,-1,-1
439,-1,349.64,53.38,43.52,151.17,0.17689,-1,-1,-1
439,-1,609.49,86.81,30.51,315.29,0.12357,-1,-1,-1
439,-1,372.62,148.02,49.82,147.21,0.10965,-1,-1,-1
439,-1,323.83,37.16,70.50,255.25,0.07079,-1,-1,-1
439,-1,187.46,172.20,14.68,65.74,0.06990,-1,-1,-1
439,-1,592.38,73.15,46.33,105.42,0.06272,-1,-1,-1
439,-1,350.99,52.93,26.29,75.48,0.06268,-1,-1,-1
439,-1,311.17,31.47,106.50,370.13,0.05527,-1,-1,-1
440,-1,68.07,2.48,340.38,469.78,0.99846,-1,-1,-1
440,-1,525.87,73.12,114.13,330.99,0.99796,-1,-1,-1
440,-1,80.36,144.40,43.86,110.39,0.99204,-1,-1,-1
440,-1,307.81,55.78,81.85,217.81,0.99198,-1,-1,-1
440,-1,375.40,135.87,52.31,169.72,0.98703,-1,-1,-1
440,-1,0.37,80.56,77.08,371.19,0.81951,-1,-1,-1
440,-1,0.55,86.06,67.67,176.41,0.57185,-1,-1,-1
440,-1,105.81,229.78,308.56,246.00,0.26547,-1,-1,-1
440,-1,379.21,137.22,38.50,104.72,0.21387,-1,-1,-1
440,-1,195.95,282.84,207.36,173.84,0.16492,-1,-1,-1
440,-1,6.51,50.41,150.95,413.70,0.10621,-1,-1,-1
440,-1,76.72,74.46,88.15,250.12,0.10334,-1,-1,-1
440,-1,566.71,78.57,70.45,242.28,0.09314,-1,-1,-1
440,-1,338.65,88.24,81.71,221.86,0.08886,-1,-1,-1
440,-1,624.37,120.50,15.24,204.73,0.08036,-1,-1,-1
440,-1,608.11,90.55,31.89,313.79,0.07444,-1,-1,-1
440,-1,79.07,139.04,53.03,182.94,0.07264,-1,-1,-1
440,-1,256.66,39.11,127.86,367.42,0.07061,-1,-1,-1
440,-1,119.94,56.72,48.25,134.96,0.07039,-1,-1,-1
440,-1,360.89,143.32,43.52,136.11,0.06884,-1,-1,-1
441,-1,524.31,82.54,114.53,318.60,0.99823,-1,-1,-1
441,-1,3.15,3.60,330.98,476.40,0.99731,-1,-1,-1
441,-1,370.30,138.71,51.64,176.03,0.99465,-1,-1,-1
441,-1,276.45,68.69,115.82,281.38,0.98352,-1,-1,-1
441,-1,620.48,91.89,19.52,72.96,0.54413,-1,-1,-1
441,-1,240.38,47.23,138.22,391.23,0.51573,-1,-1,-1
441,-1,373.04,137.23,38.23,114.91,0.34093,-1,-1,-1
441,-1,554.09,81.74,84.65,196.04,0.33083,-1,-1,-1
441,-1,614.35,94.43,25.07,217.65,0.29315,-1,-1,-1
441,-1,594.12,86.89,43.86,296.64,0.18112,-1,-1,-1
441,-1,0.00,77.63,38.45,101.85,0.10808,-1,-1,-1
441,-1,0.00,71.63,41.44,402.23,0.10592,-1,-1,-1
441,-1,307.65,109.82,100.89,196.08,0.06697,-1,-1,-1
441,-1,622.35,115.21,17.29,41.13,0.06492,-1,-1,-1
441,-1,350.78,140.31,52.65,170.06,0.05369,-1,-1,-1
441,-1,76.88,290.16,264.90,187.05,0.05347,-1,-1,-1
442,-1,258.51,68.03,127.44,322.68,0.99975,-1,-1,-1
442,-1,526.23,77.17,107.97,315.59,0.99813,-1,-1,-1
442,-1,365.76,135.13,49.88,176.68,0.99635,-1,-1,-1
442,-1,1.07,6.95,250.88,465.04,0.98007,-1,-1,-1
442,-1,610.51,90.90,29.39,206.88,0.90978,-1,-1,-1
442,-1,611.92,82.49,27.23,56.35,0.64561,-1,-1,-1
442,-1,595.89,82.07,44.11,307.21,0.54985,-1,-1,-1
442,-1,624.14,108.69,15.76,190.10,0.52729,-1,-1,-1
442,-1,219.98,84.20,31.80,174.01,0.46493,-1,-1,-1
442,-1,545.70,81.65,81.21,180.36,0.25207,-1,-1,-1
442,-1,613.67,82.06,25.95,128.22,0.17231,-1,-1,-1
442,-1,370.51,137.32,39.94,109.34,0.10078,-1,-1,-1
442,-1,322.19,120.93,92.43,245.95,0.06762,-1,-1,-1
442,-1,4.97,251.35,254.71,220.66,0.06574,-1,-1,-1
443,-1,253.43,62.79,122.39,318.02,0.99971,-1,-1,-1
443,-1,361.76,131.85,47.80,176.39,0.99871,-1,-1,-1
443,-1,518.25,78.93,105.53,303.78,0.99783,-1,-1,-1
443,-1,5.32,3.18,215.96,467.21,0.92722,-1,-1,-1
443,-1,603.95,87.94,36.05,227.22,0.90595,-1,-1,-1
443,-1,177.74,40.71,44.85,221.47,0.90136,-1,-1,-1
443,-1,607.34,84.16,32.20,85.77,0.59322,-1,-1,-1
443,-1,157.22,16.54,57.52,256.11,0.19633,-1,-1,-1
443,-1,202.63,95.16,24.94,93.60,0.18255,-1,-1,-1
443,-1,339.70,141.80,55.42,152.95,0.15182,-1,-1,-1
443,-1,570.16,105.77,65.10,282.27,0.14541,-1,-1,-1
443,-1,364.68,132.36,39.26,103.41,0.13103,-1,-1,-1
443,-1,61.92,0.51,153.45,332.53,0.13042,-1,-1,-1
443,-1,604.90,85.35,31.77,48.23,0.10578,-1,-1,-1
443,-1,587.32,168.32,49.77,179.94,0.07531,-1,-1,-1
443,-1,521.69,75.13,98.26,149.34,0.07238,-1,-1,-1
443,-1,514.44,93.19,63.46,103.88,0.07152,-1,-1,-1
444,-1,249.11,62.02,121.98,317.47,0.99977,-1,-1,-1
444,-1,355.31,138.10,47.57,176.63,0.99771,-1,-1,-1
444,-1,492.61,82.76,119.96,309.61,0.99767,-1,-1,-1
444,-1,145.53,150.75,34.76,124.05,0.99665,-1,-1,-1
444,-1,191.58,179.66,25.80,69.63,0.97348,-1,-1,-1
444,-1,587.34,90.06,52.16,271.73,0.96728,-1,-1,-1
444,-1,557.52,87.62,71.52,306.48,0.94451,-1,-1,-1
444,-1,199.29,176.17,14.17,16.39,0.50230,-1,-1,-1
444,-1,198.16,173.56,19.89,51.27,0.49306,-1,-1,-1
444,-1,0.00,28.47,145.76,356.72,0.36099,-1,-1,-1
444,-1,103.60,75.72,52.08,201.07,0.29507,-1,-1,-1
444,-1,124.06,152.88,50.38,127.14,0.28563,-1,-1,-1
444,-1,156.72,155.75,30.40,71.44,0.28204,-1,-1,-1
444,-1,360.81,137.03,38.36,109.02,0.23211,-1,-1,-1
444,-1,202.60,186.27,14.53,60.15,0.19021,-1,-1,-1
444,-1,593.25,91.36,25.31,45.38,0.10779,-1,-1,-1
444,-1,173.14,171.95,16.02,57.11,0.10276,-1,-1,-1
444,-1,210.08,183.94,8.38,56.12,0.07628,-1,-1,-1
444,-1,189.38,188.42,17.79,56.09,0.07311,-1,-1,-1
444,-1,146.19,155.92,32.81,54.69,0.07011,-1,-1,-1
444,-1,183.20,177.57,22.93,55.66,0.06679,-1,-1,-1
444,-1,192.08,177.29,23.68,33.03,0.06116,-1,-1,-1
445,-1,251.96,60.32,116.42,319.91,0.99983,-1,-1,-1
445,-1,144.14,156.31,38.39,113.91,0.99871,-1,-1,-1
445,-1,356.18,138.09,50.58,178.27,0.99824,-1,-1,-1
445,-1,474.81,81.39,140.89,306.37,0.99597,-1,-1,-1
445,-1,96.99,153.40,37.37,119.56,0.99236,-1,-1,-1
445,-1,190.51,178.48,29.03,69.57,0.98501,-1,-1,-1
445,-1,2.16,12.12,109.37,371.74,0.98435,-1,-1,-1
445,-1,569.35,90.70,70.61,302.16,0.97409,-1,-1,-1
445,-1,178.07,180.79,15.25,49.32,0.22265,-1,-1,-1
445,-1,203.30,178.63,18.21,65.06,0.20526,-1,-1,-1
445,-1,591.02,86.14,41.34,53.06,0.20104,-1,-1,-1
445,-1,509.84,84.03,89.31,221.62,0.20086,-1,-1,-1
445,-1,13.83,0.00,186.18,460.33,0.16042,-1,-1,-1
445,-1,113.14,155.55,24.68,84.45,0.13885,-1,-1,-1
445,-1,202.48,176.89,12.23,15.93,0.13443,-1,-1,-1
445,-1,625.24,104.52,14.68,31.39,0.11935,-1,-1,-1
445,-1,484.40,106.03,82.51,236.39,0.11082,-1,-1,-1
445,-1,181.86,178.83,21.88,54.37,0.09929,-1,-1,-1
445,-1,72.59,149.84,48.96,127.06,0.09876,-1,-1,-1
445,-1,203.76,176.68,15.69,36.30,0.08530,-1,-1,-1
445,-1,585.30,91.80,50.47,200.66,0.08453,-1,-1,-1
445,-1,92.28,153.67,15.83,19.25,0.07482,-1,-1,-1
445,-1,545.26,83.36,78.91,234.39,0.05605,-1,-1,-1
445,-1,124.59,168.36,17.92,63.31,0.05405,-1,-1,-1
446,-1,250.38,55.53,105.98,316.73,0.99972,-1,-1,-1
446,-1,345.46,137.60,59.26,178.61,0.99928,-1,-1,-1
446,-1,467.43,85.07,153.65,305.77,0.99848,-1,-1,-1
446,-1,94.33,152.05,45.47,120.88,0.99830,-1,-1,-1
446,-1,146.03,156.89,40.38,115.73,0.99785,-1,-1,-1
446,-1,579.02,82.03,60.74,295.63,0.99388,-1,-1,-1
446,-1,191.03,179.16,31.03,69.86,0.99268,-1,-1,-1
446,-1,0.69,19.28,98.25,266.25,0.96010,-1,-1,-1
446,-1,204.66,177.57,19.30,64.66,0.64188,-1,-1,-1
446,-1,0.00,21.36,38.93,250.33,0.45853,-1,-1,-1
446,-1,205.19,173.92,12.94,17.40,0.25002,-1,-1,-1
446,-1,180.27,186.54,12.47,43.61,0.20771,-1,-1,-1
446,-1,205.75,176.10,15.85,35.62,0.16396,-1,-1,-1
446,-1,142.21,180.60,13.24,46.89,0.12974,-1,-1,-1
446,-1,1.50,99.84,70.67,178.76,0.10449,-1,-1,-1
446,-1,211.46,182.43,12.04,50.19,0.09276,-1,-1,-1
446,-1,159.99,158.15,27.30,47.66,0.08462,-1,-1,-1
446,-1,333.75,141.23,48.55,145.24,0.05312,-1,-1,-1
447,-1,242.81,61.34,109.10,316.29,0.99965,-1,-1,-1
447,-1,342.65,141.04,61.98,180.04,0.99936,-1,-1,-1
447,-1,474.49,84.60,141.53,312.67,0.99835,-1,-1,-1
447,-1,96.72,154.32,47.45,120.08,0.99814,-1,-1,-1
447,-1,146.18,160.72,40.38,113.23,0.99763,-1,-1,-1
447,-1,574.80,84.33,63.57,276.69,0.99555,-1,-1,-1
447,-1,197.29,181.49,27.27,70.59,0.99008,-1,-1,-1
447,-1,0.00,7.95,102.83,393.92,0.93908,-1,-1,-1
447,-1,191.31,186.69,21.98,58.96,0.48977,-1,-1,-1
447,-1,180.62,194.58,12.70,36.33,0.16656,-1,-1,-1
447,-1,206.08,175.56,11.03,18.31,0.14228,-1,-1,-1
447,-1,115.75,161.71,52.83,111.83,0.13222,-1,-1,-1
447,-1,142.72,163.40,19.15,71.98,0.10934,-1,-1,-1
447,-1,143.73,182.98,11.57,48.30,0.08874,-1,-1,-1
447,-1,209.55,181.23,15.14,38.44,0.08712,-1,-1,-1
447,-1,471.72,108.15,78.96,267.65,0.08340,-1,-1,-1
447,-1,125.91,162.75,21.14,73.56,0.07541,-1,-1,-1
447,-1,570.99,125.30,20.90,19.99,0.06601,-1,-1,-1
447,-1,1.30,8.10,68.93,217.21,0.06105,-1,-1,-1
448,-1,240.58,61.75,103.46,314.55,0.99969,-1,-1,-1
448,-1,341.93,138.89,63.41,180.91,0.99928,-1,-1,-1
448,-1,471.72,81.21,125.51,309.62,0.99880,-1,-1,-1
448,-1,99.39,152.07,45.13,117.38,0.99803,-1,-1,-1
448,-1,147.99,159.08,39.20,109.34,0.99757,-1,-1,-1
448,-1,196.80,180.51,28.52,69.58,0.99162,-1,-1,-1
448,-1,0.00,5.85,98.50,461.72,0.99158,-1,-1,-1
448,-1,561.47,83.10,76.65,302.12,0.98942,-1,-1,-1
448,-1,190.51,182.12,21.97,61.30,0.93765,-1,-1,-1
448,-1,0.60,152.72,64.78,322.56,0.83533,-1,-1,-1
448,-1,145.95,160.19,20.15,80.83,0.31942,-1,-1,-1
448,-1,617.32,110.53,20.28,31.36,0.29396,-1,-1,-1
448,-1,595.73,110.31,44.19,270.61,0.26006,-1,-1,-1
448,-1,208.02,180.64,17.75,48.44,0.20667,-1,-1,-1
448,-1,181.35,188.91,12.88,40.86,0.15225,-1,-1,-1
448,-1,6.56,31.94,104.62,244.64,0.09625,-1,-1,-1
448,-1,183.76,181.44,17.58,53.59,0.09353,-1,-1,-1
448,-1,12.94,195.40,98.36,265.80,0.09317,-1,-1,-1
448,-1,169.47,171.35,22.80,68.21,0.09018,-1,-1,-1
448,-1,147.70,160.83,17.86,41.15,0.06822,-1,-1,-1
448,-1,145.12,173.42,11.61,55.96,0.06592,-1,-1,-1
448,-1,617.11,108.18,22.89,74.08,0.06452,-1,-1,-1
448,-1,128.95,165.41,19.73,65.30,0.06156,-1,-1,-1
449,-1,243.23,66.14,100.03,319.97,0.99966,-1,-1,-1
449,-1,343.89,139.65,59.92,180.20,0.99935,-1,-1,-1
449,-1,473.53,88.16,106.47,299.98,0.99897,-1,-1,-1
449,-1,150.55,158.79,37.66,111.16,0.99839,-1,-1,-1
449,-1,104.08,155.08,44.48,117.91,0.99774,-1,-1,-1
449,-1,0.00,2.86,104.38,466.07,0.99629,-1,-1,-1
449,-1,557.16,86.54,80.65,296.59,0.99441,-1,-1,-1
449,-1,197.32,183.02,31.19,68.90,0.99051,-1,-1,-1
449,-1,598.43,117.89,41.57,263.77,0.55855,-1,-1,-1
449,-1,185.01,193.70,12.05,38.89,0.52039,-1,-1,-1
449,-1,621.60,100.47,18.15,65.01,0.36084,-1,-1,-1
449,-1,196.49,187.02,15.44,58.34,0.28260,-1,-1,-1
449,-1,1.23,182.87,63.58,286.78,0.26250,-1,-1,-1
449,-1,7.60,17.96,110.58,263.00,0.17975,-1,-1,-1
449,-1,179.67,177.15,17.04,58.24,0.13632,-1,-1,-1
449,-1,191.09,193.26,9.13,40.17,0.12031,-1,-1,-1
449,-1,618.82,98.68,21.18,232.17,0.10686,-1,-1,-1
449,-1,245.35,200.18,19.49,46.41,0.09378,-1,-1,-1
449,-1,185.31,189.93,20.38,45.30,0.09066,-1,-1,-1
449,-1,93.66,154.02,15.93,29.18,0.08423,-1,-1,-1
449,-1,171.26,171.48,24.53,77.57,0.07471,-1,-1,-1
449,-1,575.09,87.07,61.96,186.01,0.06290,-1,-1,-1
449,-1,1.49,0.76,46.61,73.00,0.06282,-1,-1,-1
449,-1,19.29,207.65,99.53,254.28,0.05169,-1,-1,-1
450,-1,241.38,64.32,108.61,322.88,0.99970,-1,-1,-1
450,-1,485.76,84.09,106.38,308.26,0.99909,-1,-1,-1
450,-1,158.04,156.57,39.79,114.90,0.99800,-1,-1,-1
450,-1,114.21,159.21,43.60,113.14,0.99761,-1,-1,-1
450,-1,0.00,6.00,107.15,463.28,0.99641,-1,-1,-1
450,-1,345.66,137.88,62.86,176.12,0.99571,-1,-1,-1
450,-1,207.13,182.87,32.50,68.60,0.99464,-1,-1,-1
450,-1,573.15,82.63,65.84,268.50,0.99152,-1,-1,-1
450,-1,236.86,197.54,25.37,48.17,0.54041,-1,-1,-1
450,-1,3.77,222.31,81.38,252.67,0.52592,-1,-1,-1
450,-1,202.40,181.40,22.14,66.18,0.34983,-1,-1,-1
450,-1,568.34,88.96,31.04,57.15,0.30020,-1,-1,-1
450,-1,192.94,192.01,9.62,39.63,0.22346,-1,-1,-1
450,-1,152.76,196.25,9.84,33.88,0.11405,-1,-1,-1
450,-1,156.45,183.64,11.40,47.16,0.10973,-1,-1,-1
450,-1,235.48,206.35,17.57,40.71,0.10597,-1,-1,-1
450,-1,196.61,185.66,18.56,53.14,0.10026,-1,-1,-1
450,-1,243.93,205.18,14.40,37.71,0.09929,-1,-1,-1
450,-1,255.16,201.66,7.66,39.70,0.08230,-1,-1,-1
450,-1,220.31,182.00,21.58,37.43,0.07622,-1,-1,-1
450,-1,192.42,179.46,14.96,59.71,0.05941,-1,-1,-1
450,-1,197.68,194.46,10.41,37.70,0.05593,-1,-1,-1
451,-1,237.14,61.10,114.26,328.86,0.99960,-1,-1,-1
451,-1,485.10,86.32,113.55,312.63,0.99909,-1,-1,-1
451,-1,164.94,160.23,40.64,111.86,0.99850,-1,-1,-1
451,-1,123.41,160.58,42.08,113.34,0.99732,-1,-1,-1
451,-1,348.88,136.52,65.28,182.93,0.99637,-1,-1,-1
451,-1,0.00,10.51,128.63,463.00,0.99629,-1,-1,-1
451,-1,570.87,90.61,68.34,258.42,0.99171,-1,-1,-1
451,-1,214.67,184.97,26.51,67.68,0.97534,-1,-1,-1
451,-1,206.87,189.31,20.51,56.84,0.73660,-1,-1,-1
451,-1,224.99,184.80,19.53,61.51,0.49766,-1,-1,-1
451,-1,225.49,183.01,16.58,27.91,0.36750,-1,-1,-1
451,-1,356.70,139.57,51.41,100.69,0.34875,-1,-1,-1
451,-1,107.98,154.12,18.44,42.60,0.30441,-1,-1,-1
451,-1,554.10,109.96,58.23,258.39,0.27694,-1,-1,-1
451,-1,207.27,193.81,11.13,48.04,0.18391,-1,-1,-1
451,-1,198.32,194.72,8.78,38.77,0.15811,-1,-1,-1
451,-1,236.85,200.95,16.27,41.14,0.13940,-1,-1,-1
451,-1,229.28,197.20,21.84,52.30,0.11706,-1,-1,-1
451,-1,200.74,196.77,9.90,36.73,0.09636,-1,-1,-1
451,-1,230.56,187.70,11.19,38.70,0.08171,-1,-1,-1
451,-1,601.20,42.22,38.80,132.81,0.07566,-1,-1,-1
451,-1,602.30,118.98,36.96,204.37,0.06794,-1,-1,-1
451,-1,394.65,186.52,29.10,109.81,0.05598,-1,-1,-1
452,-1,227.44,60.64,121.89,321.31,0.99969,-1,-1,-1
452,-1,479.40,91.92,129.11,310.30,0.99949,-1,-1,-1
452,-1,173.30,160.77,38.69,111.18,0.99921,-1,-1,-1
452,-1,355.80,136.65,65.00,182.57,0.99695,-1,-1,-1
452,-1,131.39,157.51,44.39,114.09,0.99688,-1,-1,-1
452,-1,0.06,10.12,137.79,454.32,0.99523,-1,-1,-1
452,-1,569.52,84.85,69.68,276.69,0.99067,-1,-1,-1
452,-1,224.32,182.51,21.95,65.46,0.85764,-1,-1,-1
452,-1,215.48,186.18,23.29,59.86,0.84401,-1,-1,-1
452,-1,145.23,160.97,46.73,109.69,0.68416,-1,-1,-1
452,-1,227.71,181.77,15.04,43.36,0.34429,-1,-1,-1
452,-1,229.22,202.62,18.28,49.82,0.20576,-1,-1,-1
452,-1,224.72,183.73,12.65,43.85,0.20171,-1,-1,-1
452,-1,115.07,151.60,20.58,41.84,0.15291,-1,-1,-1
452,-1,0.00,140.73,97.59,331.80,0.11362,-1,-1,-1
452,-1,232.67,180.11,10.52,24.02,0.08454,-1,-1,-1
452,-1,206.48,194.32,9.87,37.39,0.07731,-1,-1,-1
452,-1,114.61,159.55,32.37,123.04,0.05061,-1,-1,-1
453,-1,229.21,53.04,124.89,324.86,0.99984,-1,-1,-1
453,-1,479.97,83.05,147.49,322.40,0.99941,-1,-1,-1
453,-1,182.38,159.44,35.86,110.92,0.99888,-1,-1,-1
453,-1,361.66,136.84,68.84,182.80,0.99743,-1,-1,-1
453,-1,139.31,153.00,43.14,118.12,0.99677,-1,-1,-1
453,-1,4.40,2.28,137.88,471.35,0.99636,-1,-1,-1
453,-1,576.02,79.88,62.44,292.15,0.99164,-1,-1,-1
453,-1,232.67,185.58,23.79,63.91,0.82957,-1,-1,-1
453,-1,222.69,187.70,16.31,53.66,0.57557,-1,-1,-1
453,-1,2.36,230.13,109.57,243.38,0.53172,-1,-1,-1
453,-1,227.91,189.48,11.38,37.97,0.45071,-1,-1,-1
453,-1,158.92,156.41,43.36,112.96,0.40526,-1,-1,-1
453,-1,0.00,10.44,77.81,438.11,0.18438,-1,-1,-1
453,-1,212.10,192.21,11.54,37.70,0.16949,-1,-1,-1
453,-1,123.18,147.62,20.04,39.57,0.13706,-1,-1,-1
453,-1,251.64,184.59,17.01,56.56,0.11987,-1,-1,-1
453,-1,231.18,193.27,18.74,44.43,0.10688,-1,-1,-1
453,-1,232.73,107.09,39.94,139.63,0.10465,-1,-1,-1
453,-1,1.03,5.00,115.30,228.39,0.07267,-1,-1,-1
453,-1,339.58,215.97,15.00,47.11,0.06852,-1,-1,-1
453,-1,605.20,152.71,34.32,202.99,0.06207,-1,-1,-1
454,-1,246.89,59.47,117.10,328.12,0.99984,-1,-1,-1
454,-1,497.95,85.53,121.34,325.04,0.99947,-1,-1,-1
454,-1,365.71,140.91,75.62,183.82,0.99931,-1,-1,-1
454,-1,191.54,163.43,35.51,110.39,0.99837,-1,-1,-1
454,-1,583.77,81.76,54.55,312.98,0.99799,-1,-1,-1
454,-1,5.97,1.85,151.06,474.57,0.99782,-1,-1,-1
454,-1,149.67,157.18,40.29,116.83,0.99582,-1,-1,-1
454,-1,242.43,188.02,22.16,65.87,0.49421,-1,-1,-1
454,-1,12.76,194.13,129.76,275.97,0.23288,-1,-1,-1
454,-1,133.36,152.68,18.86,37.08,0.23229,-1,-1,-1
454,-1,206.79,165.35,22.46,49.56,0.14450,-1,-1,-1
454,-1,251.85,179.44,23.18,72.85,0.07919,-1,-1,-1
454,-1,225.96,193.10,22.31,52.39,0.05778,-1,-1,-1
454,-1,0.77,17.32,60.22,430.80,0.05213,-1,-1,-1
454,-1,241.90,109.78,43.42,141.49,0.05003,-1,-1,-1
455,-1,255.33,56.63,120.21,331.59,0.99974,-1,-1,-1
455,-1,376.92,138.25,71.16,185.46,0.99942,-1,-1,-1
455,-1,498.82,80.51,110.73,313.44,0.99917,-1,-1,-1
455,-1,197.66,160.79,38.42,111.47,0.99913,-1,-1,-1
455,-1,160.83,158.17,37.03,112.81,0.99816,-1,-1,-1
455,-1,5.20,1.84,163.05,474.64,0.99814,-1,-1,-1
455,-1,575.43,82.12,64.57,303.96,0.99296,-1,-1,-1
455,-1,249.13,185.08,19.60,64.78,0.83019,-1,-1,-1
455,-1,3.02,231.97,67.17,236.29,0.54887,-1,-1,-1
455,-1,0.74,41.70,74.87,425.79,0.37580,-1,-1,-1
455,-1,25.56,224.28,113.26,248.21,0.36802,-1,-1,-1
455,-1,240.26,185.20,23.06,63.54,0.35614,-1,-1,-1
455,-1,235.73,188.35,19.02,56.96,0.28412,-1,-1,-1
456,-1,258.16,61.85,120.03,335.96,0.99975,-1,-1,-1
456,-1,378.97,137.17,71.37,186.85,0.99943,-1,-1,-1
456,-1,204.52,160.84,37.96,110.41,0.99929,-1,-1,-1
456,-1,496.08,82.09,111.65,316.99,0.99925,-1,-1,-1
456,-1,0.00,0.00,177.00,472.57,0.99825,-1,-1,-1
456,-1,167.78,159.92,36.08,110.96,0.99455,-1,-1,-1
456,-1,589.15,87.35,50.62,288.26,0.98919,-1,-1,-1
456,-1,255.89,186.73,18.99,66.26,0.90204,-1,-1,-1
456,-1,242.45,190.87,18.34,55.66,0.83795,-1,-1,-1
456,-1,0.10,178.82,73.53,286.16,0.67032,-1,-1,-1
456,-1,247.23,189.63,22.76,61.34,0.29380,-1,-1,-1
456,-1,40.03,222.82,126.09,246.31,0.22468,-1,-1,-1
456,-1,150.87,150.38,14.98,30.70,0.16976,-1,-1,-1
456,-1,270.21,168.89,20.66,76.32,0.10000,-1,-1,-1
456,-1,257.52,126.26,32.53,126.31,0.06340,-1,-1,-1
456,-1,143.66,159.25,39.99,107.29,0.05949,-1,-1,-1
456,-1,238.23,189.71,15.99,44.00,0.05818,-1,-1,-1
457,-1,265.70,67.52,121.58,336.18,0.99982,-1,-1,-1
457,-1,10.02,4.39,184.62,473.61,0.99917,-1,-1,-1
457,-1,488.21,85.33,122.70,323.02,0.99905,-1,-1,-1
457,-1,383.89,137.44,66.84,187.86,0.99901,-1,-1,-1
457,-1,212.09,163.29,38.93,109.24,0.99839,-1,-1,-1
457,-1,178.48,163.96,34.10,111.01,0.99627,-1,-1,-1
457,-1,598.44,94.98,41.56,288.20,0.99558,-1,-1,-1
457,-1,265.29,188.25,16.80,66.02,0.80728,-1,-1,-1
457,-1,247.89,192.78,24.33,57.25,0.79201,-1,-1,-1
457,-1,0.39,66.44,95.09,401.70,0.50612,-1,-1,-1
457,-1,433.15,144.13,17.38,50.42,0.31040,-1,-1,-1
457,-1,433.53,144.19,19.42,91.66,0.30338,-1,-1,-1
457,-1,54.93,205.46,120.02,259.39,0.15293,-1,-1,-1
457,-1,3.59,240.49,84.98,234.72,0.09800,-1,-1,-1
457,-1,263.27,192.78,12.49,56.93,0.08561,-1,-1,-1
457,-1,564.60,103.30,70.62,305.29,0.07951,-1,-1,-1
457,-1,276.03,190.95,9.94,53.31,0.07177,-1,-1,-1
457,-1,209.26,175.67,16.32,77.12,0.06322,-1,-1,-1
458,-1,269.52,52.44,123.57,352.07,0.99979,-1,-1,-1
458,-1,222.09,161.02,35.71,110.31,0.99898,-1,-1,-1
458,-1,13.78,1.64,194.04,473.22,0.99865,-1,-1,-1
458,-1,479.43,85.64,143.81,319.82,0.99800,-1,-1,-1
458,-1,388.99,136.82,64.82,186.61,0.99792,-1,-1,-1
458,-1,187.76,164.05,33.52,96.21,0.98904,-1,-1,-1
458,-1,603.87,84.05,36.13,291.66,0.98521,-1,-1,-1
458,-1,576.77,86.30,55.68,327.98,0.78469,-1,-1,-1
458,-1,217.35,188.03,11.96,60.14,0.59057,-1,-1,-1
458,-1,252.00,190.64,21.03,56.45,0.53970,-1,-1,-1
458,-1,3.88,200.93,99.76,266.50,0.34316,-1,-1,-1
458,-1,269.93,182.65,16.68,71.14,0.24315,-1,-1,-1
458,-1,59.01,177.71,117.94,288.87,0.12658,-1,-1,-1
458,-1,432.91,160.77,27.10,145.83,0.08547,-1,-1,-1
458,-1,217.22,167.87,20.10,83.21,0.07160,-1,-1,-1
458,-1,615.29,231.09,23.65,146.71,0.05408,-1,-1,-1
458,-1,253.96,182.62,30.63,67.04,0.05238,-1,-1,-1
458,-1,271.17,179.36,14.69,17.19,0.05118,-1,-1,-1
459,-1,269.66,58.80,130.24,359.13,0.99974,-1,-1,-1
459,-1,33.65,5.11,189.53,471.67,0.99890,-1,-1,-1
459,-1,398.10,139.34,63.43,192.45,0.99878,-1,-1,-1
459,-1,230.67,169.46,33.21,109.64,0.99859,-1,-1,-1
459,-1,485.89,89.24,147.57,327.82,0.99858,-1,-1,-1
459,-1,600.79,83.43,39.21,289.00,0.96457,-1,-1,-1
459,-1,202.27,172.11,28.31,72.81,0.82450,-1,-1,-1
459,-1,260.86,188.35,18.35,64.89,0.75305,-1,-1,-1
459,-1,273.82,190.68,19.57,71.78,0.69295,-1,-1,-1
459,-1,223.65,188.04,13.94,67.42,0.44063,-1,-1,-1
459,-1,28.51,98.32,95.53,373.71,0.27238,-1,-1,-1
459,-1,82.47,161.16,121.64,310.59,0.22762,-1,-1,-1
459,-1,225.96,215.62,12.68,39.17,0.16833,-1,-1,-1
459,-1,0.40,202.85,38.12,71.71,0.13109,-1,-1,-1
459,-1,257.37,189.88,15.70,54.91,0.11239,-1,-1,-1
459,-1,0.74,204.86,20.81,17.19,0.10785,-1,-1,-1
459,-1,613.52,86.93,26.16,211.76,0.08972,-1,-1,-1
459,-1,13.53,187.83,27.93,33.37,0.08139,-1,-1,-1
459,-1,610.84,222.80,28.46,142.03,0.06812,-1,-1,-1
459,-1,220.57,213.96,14.65,40.81,0.06178,-1,-1,-1
459,-1,546.18,93.12,91.48,266.75,0.06049,-1,-1,-1
459,-1,450.27,144.58,22.55,64.80,0.05957,-1,-1,-1
459,-1,225.66,193.86,9.65,35.65,0.05231,-1,-1,-1
460,-1,271.38,58.79,132.18,348.70,0.99968,-1,-1,-1
460,-1,496.33,87.48,132.59,330.51,0.99916,-1,-1,-1
460,-1,400.18,139.53,59.68,190.03,0.99888,-1,-1,-1
460,-1,35.38,3.19,192.54,472.18,0.99841,-1,-1,-1
460,-1,231.64,169.42,35.58,106.19,0.99832,-1,-1,-1
460,-1,603.97,78.28,35.88,325.04,0.97922,-1,-1,-1
460,-1,208.11,166.19,29.05,88.39,0.92157,-1,-1,-1
460,-1,272.14,191.59,23.85,66.26,0.68191,-1,-1,-1
460,-1,616.85,81.01,23.15,210.38,0.26928,-1,-1,-1
460,-1,262.07,186.54,16.69,63.41,0.25403,-1,-1,-1
460,-1,68.57,167.00,129.86,302.91,0.21583,-1,-1,-1
460,-1,228.89,190.15,10.76,66.33,0.18887,-1,-1,-1
460,-1,452.69,139.25,25.42,70.56,0.17386,-1,-1,-1
460,-1,484.97,127.27,72.55,259.27,0.15177,-1,-1,-1
460,-1,221.39,178.33,18.57,77.95,0.13651,-1,-1,-1
460,-1,446.24,177.24,34.42,129.05,0.13198,-1,-1,-1
460,-1,209.20,166.68,23.23,51.16,0.10980,-1,-1,-1
460,-1,1.19,204.15,36.71,73.99,0.08718,-1,-1,-1
460,-1,220.92,163.94,15.35,32.02,0.05660,-1,-1,-1
461,-1,281.13,56.47,127.09,334.35,0.99986,-1,-1,-1
461,-1,507.15,79.59,107.48,325.50,0.99923,-1,-1,-1
461,-1,44.69,2.34,186.04,462.99,0.99884,-1,-1,-1
461,-1,401.35,141.16,63.76,189.66,0.99831,-1,-1,-1
461,-1,239.77,167.72,33.64,107.20,0.99633,-1,-1,-1
461,-1,603.63,92.72,36.32,288.35,0.98393,-1,-1,-1
461,-1,617.43,81.14,22.34,216.41,0.73710,-1,-1,-1
461,-1,279.66,187.45,23.09,66.82,0.47420,-1,-1,-1
461,-1,266.98,184.90,19.11,63.52,0.45301,-1,-1,-1
461,-1,460.13,134.18,28.94,85.22,0.40166,-1,-1,-1
461,-1,607.70,215.28,32.14,171.73,0.22492,-1,-1,-1
461,-1,83.50,139.07,129.40,330.21,0.21943,-1,-1,-1
461,-1,449.00,159.56,40.44,145.29,0.18740,-1,-1,-1
461,-1,220.07,176.07,25.26,75.12,0.18719,-1,-1,-1
461,-1,450.22,210.38,35.37,82.06,0.12643,-1,-1,-1
461,-1,566.28,83.21,60.63,303.37,0.10853,-1,-1,-1
461,-1,287.18,174.81,19.71,82.77,0.07304,-1,-1,-1
461,-1,263.87,170.15,30.08,84.14,0.06682,-1,-1,-1
461,-1,218.96,165.76,22.70,57.38,0.06098,-1,-1,-1
461,-1,326.71,84.99,15.44,22.57,0.05948,-1,-1,-1
461,-1,624.57,81.89,14.66,47.95,0.05061,-1,-1,-1
462,-1,279.84,53.46,130.59,344.41,0.99986,-1,-1,-1
462,-1,505.49,83.87,110.49,323.81,0.99924,-1,-1,-1
462,-1,399.05,141.36,67.75,192.53,0.99864,-1,-1,-1
462,-1,56.20,0.00,184.23,469.28,0.99814,-1,-1,-1
462,-1,242.60,167.97,33.80,107.66,0.99635,-1,-1,-1
462,-1,590.82,89.95,49.16,292.78,0.94219,-1,-1,-1
462,-1,614.78,90.25,24.48,199.78,0.80494,-1,-1,-1
462,-1,459.96,137.15,32.59,87.08,0.73297,-1,-1,-1
462,-1,452.47,162.10,45.62,156.80,0.44622,-1,-1,-1
462,-1,100.00,162.07,117.01,307.85,0.38434,-1,-1,-1
462,-1,280.38,201.04,19.07,56.59,0.32415,-1,-1,-1
462,-1,9.84,205.94,20.67,17.04,0.23177,-1,-1,-1
462,-1,586.63,240.60,53.23,139.15,0.21888,-1,-1,-1
462,-1,449.97,210.11,35.02,88.80,0.16526,-1,-1,-1
462,-1,268.89,181.63,20.54,69.67,0.13877,-1,-1,-1
462,-1,242.33,168.05,24.93,53.82,0.12643,-1,-1,-1
462,-1,553.58,88.20,75.16,239.95,0.09324,-1,-1,-1
462,-1,582.60,103.13,44.91,170.11,0.07144,-1,-1,-1
462,-1,475.91,137.41,51.42,179.70,0.06705,-1,-1,-1
463,-1,284.40,59.61,116.54,343.24,0.99972,-1,-1,-1
463,-1,395.51,144.52,73.75,195.26,0.99896,-1,-1,-1
463,-1,503.92,90.28,119.86,329.57,0.99891,-1,-1,-1
463,-1,243.84,169.61,34.90,106.77,0.99817,-1,-1,-1
463,-1,51.64,3.00,180.26,475.42,0.99792,-1,-1,-1
463,-1,593.00,89.64,46.32,301.19,0.99028,-1,-1,-1
463,-1,460.92,142.60,35.37,71.55,0.77398,-1,-1,-1
463,-1,283.16,197.77,21.74,63.59,0.63571,-1,-1,-1
463,-1,608.42,92.76,31.12,210.35,0.63282,-1,-1,-1
463,-1,1.44,218.92,38.49,65.13,0.50516,-1,-1,-1
463,-1,272.26,182.59,19.38,76.12,0.47916,-1,-1,-1
463,-1,8.36,209.34,20.51,17.24,0.37072,-1,-1,-1
463,-1,457.62,145.57,39.65,136.92,0.21913,-1,-1,-1
463,-1,254.60,165.14,41.75,103.88,0.14914,-1,-1,-1
463,-1,282.01,112.58,36.06,148.06,0.14911,-1,-1,-1
463,-1,24.41,207.91,26.16,73.94,0.11677,-1,-1,-1
463,-1,616.85,88.21,23.15,149.03,0.09037,-1,-1,-1
463,-1,617.66,88.82,22.34,54.17,0.06021,-1,-1,-1
463,-1,36.22,210.96,13.43,24.46,0.05434,-1,-1,-1
464,-1,280.52,50.38,119.15,355.75,0.99979,-1,-1,-1
464,-1,485.48,97.94,145.18,320.82,0.99948,-1,-1,-1
464,-1,241.66,167.63,34.05,108.62,0.99856,-1,-1,-1
464,-1,43.71,7.22,188.05,472.78,0.99832,-1,-1,-1
464,-1,397.32,143.32,64.43,185.81,0.99714,-1,-1,-1
464,-1,593.10,94.80,46.67,291.76,0.99320,-1,-1,-1
464,-1,461.11,138.07,33.39,80.20,0.73486,-1,-1,-1
464,-1,269.70,193.04,23.51,64.90,0.70405,-1,-1,-1
464,-1,1.51,204.64,21.39,18.64,0.70251,-1,-1,-1
464,-1,1.33,206.02,35.45,76.21,0.43079,-1,-1,-1
464,-1,606.57,87.62,33.43,179.65,0.39964,-1,-1,-1
464,-1,280.35,199.92,22.31,60.12,0.25377,-1,-1,-1
464,-1,453.02,140.76,40.17,141.58,0.16950,-1,-1,-1
464,-1,278.79,110.01,36.35,151.06,0.12417,-1,-1,-1
464,-1,457.97,134.61,56.46,197.98,0.09902,-1,-1,-1
464,-1,268.57,197.39,13.15,56.33,0.08650,-1,-1,-1
464,-1,326.39,91.73,13.15,17.62,0.08430,-1,-1,-1
464,-1,78.61,153.09,138.07,316.59,0.07077,-1,-1,-1
464,-1,284.18,177.20,25.70,78.59,0.05898,-1,-1,-1
465,-1,281.71,52.41,109.94,360.01,0.99978,-1,-1,-1
465,-1,476.71,93.04,146.86,329.04,0.99959,-1,-1,-1
465,-1,240.78,167.85,35.05,107.58,0.99789,-1,-1,-1
465,-1,52.40,0.00,191.02,472.16,0.99787,-1,-1,-1
465,-1,593.72,94.38,45.76,302.73,0.99721,-1,-1,-1
465,-1,394.33,139.66,65.29,186.66,0.99553,-1,-1,-1
465,-1,401.82,141.60,58.33,105.54,0.66929,-1,-1,-1
465,-1,2.15,197.78,29.74,74.42,0.65582,-1,-1,-1
465,-1,271.74,190.30,18.37,66.98,0.65424,-1,-1,-1
465,-1,0.11,199.78,15.93,20.04,0.61830,-1,-1,-1
465,-1,0.14,199.57,17.89,71.07,0.48089,-1,-1,-1
465,-1,459.14,137.41,38.34,76.58,0.30579,-1,-1,-1
465,-1,14.67,180.76,33.03,95.38,0.28764,-1,-1,-1
465,-1,283.48,206.81,18.23,49.40,0.23152,-1,-1,-1
465,-1,285.90,181.74,22.75,72.05,0.21701,-1,-1,-1
465,-1,411.28,143.48,73.74,170.66,0.20091,-1,-1,-1
465,-1,239.52,168.83,21.72,75.14,0.17856,-1,-1,-1
465,-1,22.79,197.65,24.11,29.26,0.14800,-1,-1,-1
465,-1,82.87,174.53,144.88,294.17,0.14036,-1,-1,-1
465,-1,277.59,186.45,17.58,68.67,0.13680,-1,-1,-1
465,-1,448.24,134.01,57.13,186.72,0.10587,-1,-1,-1
465,-1,257.74,177.75,25.88,90.75,0.08605,-1,-1,-1
465,-1,18.99,186.47,32.19,46.11,0.05085,-1,-1,-1
466,-1,279.56,58.34,105.90,348.82,0.99975,-1,-1,-1
466,-1,478.62,97.32,128.75,319.09,0.99968,-1,-1,-1
466,-1,240.80,167.19,37.84,107.42,0.99843,-1,-1,-1
466,-1,54.04,0.00,173.65,478.46,0.99640,-1,-1,-1
466,-1,596.35,97.53,42.56,292.10,0.99584,-1,-1,-1
466,-1,395.00,136.51,64.20,194.05,0.99555,-1,-1,-1
466,-1,0.11,195.64,19.27,80.72,0.47007,-1,-1,-1
466,-1,268.66,193.11,20.53,62.44,0.43191,-1,-1,-1
466,-1,276.72,99.04,37.54,160.41,0.31952,-1,-1,-1
466,-1,0.48,200.57,14.59,24.81,0.27566,-1,-1,-1
466,-1,404.37,141.35,55.89,111.56,0.25460,-1,-1,-1
466,-1,256.11,176.28,28.34,84.88,0.23771,-1,-1,-1
466,-1,462.36,137.19,33.32,66.02,0.22896,-1,-1,-1
466,-1,278.95,205.17,19.00,51.04,0.17487,-1,-1,-1
466,-1,436.66,135.16,59.96,187.12,0.13222,-1,-1,-1
466,-1,46.54,30.00,97.48,425.95,0.10692,-1,-1,-1
466,-1,21.40,189.17,28.51,40.28,0.08747,-1,-1,-1
466,-1,23.61,201.36,11.83,27.51,0.07898,-1,-1,-1
466,-1,10.76,181.53,31.92,91.43,0.07545,-1,-1,-1
466,-1,280.55,178.43,27.00,78.94,0.07315,-1,-1,-1
466,-1,81.44,225.38,158.46,246.58,0.07267,-1,-1,-1
466,-1,468.29,135.27,26.75,39.23,0.05986,-1,-1,-1
467,-1,272.77,61.20,111.59,341.92,0.99976,-1,-1,-1
467,-1,479.12,92.19,110.25,315.13,0.99962,-1,-1,-1
467,-1,243.53,169.74,36.07,105.93,0.99860,-1,-1,-1
467,-1,587.71,81.63,51.51,319.88,0.99855,-1,-1,-1
467,-1,44.84,2.50,183.42,468.16,0.99555,-1,-1,-1
467,-1,398.24,142.99,67.17,187.13,0.99399,-1,-1,-1
467,-1,272.23,199.38,24.92,56.63,0.54668,-1,-1,-1
467,-1,0.73,195.92,22.71,85.66,0.52996,-1,-1,-1
467,-1,92.13,270.30,106.11,200.83,0.44880,-1,-1,-1
467,-1,0.14,201.44,15.27,22.22,0.23958,-1,-1,-1
467,-1,273.43,93.76,35.79,167.59,0.18971,-1,-1,-1
467,-1,12.74,179.68,31.01,99.84,0.17168,-1,-1,-1
467,-1,281.12,97.17,33.25,68.44,0.16193,-1,-1,-1
467,-1,0.02,202.47,17.19,45.45,0.15254,-1,-1,-1
467,-1,270.58,159.59,28.99,103.79,0.13091,-1,-1,-1
467,-1,22.44,199.29,21.08,30.29,0.08125,-1,-1,-1
467,-1,465.62,167.44,29.01,44.31,0.06555,-1,-1,-1
467,-1,2.80,212.80,37.28,69.24,0.06048,-1,-1,-1
467,-1,612.15,231.56,26.98,171.95,0.05017,-1,-1,-1
468,-1,467.64,87.44,106.89,317.89,0.99969,-1,-1,-1
468,-1,263.01,52.03,115.79,347.72,0.99967,-1,-1,-1
468,-1,48.38,0.00,189.68,476.55,0.99890,-1,-1,-1
468,-1,568.00,82.42,72.00,307.08,0.99828,-1,-1,-1
468,-1,241.01,165.00,33.87,108.16,0.99655,-1,-1,-1
468,-1,391.50,139.95,71.48,179.19,0.99462,-1,-1,-1
468,-1,262.62,174.24,29.23,83.31,0.59903,-1,-1,-1
468,-1,272.90,197.78,18.44,56.80,0.23306,-1,-1,-1
468,-1,3.54,182.31,35.74,93.05,0.12993,-1,-1,-1
468,-1,258.49,138.00,39.53,130.48,0.11783,-1,-1,-1
468,-1,467.72,130.45,27.42,63.18,0.10917,-1,-1,-1
468,-1,17.19,176.14,27.55,48.96,0.09785,-1,-1,-1
468,-1,42.65,33.80,110.33,439.08,0.09504,-1,-1,-1
468,-1,70.30,193.89,132.08,276.78,0.09501,-1,-1,-1
468,-1,18.32,196.75,23.37,26.70,0.08984,-1,-1,-1
468,-1,23.07,198.76,12.73,23.40,0.05945,-1,-1,-1
469,-1,255.23,42.69,124.97,355.82,0.99983,-1,-1,-1
469,-1,450.33,80.87,117.78,327.23,0.99906,-1,-1,-1
469,-1,36.62,1.84,202.59,460.43,0.99866,-1,-1,-1
469,-1,557.24,83.32,82.05,305.84,0.99802,-1,-1,-1
469,-1,394.61,139.15,69.19,183.89,0.99288,-1,-1,-1
469,-1,240.66,167.35,33.73,98.89,0.97361,-1,-1,-1
469,-1,427.18,116.39,96.48,263.53,0.60787,-1,-1,-1
469,-1,271.05,192.96,16.19,59.31,0.42225,-1,-1,-1
469,-1,250.84,183.51,31.16,78.23,0.40284,-1,-1,-1
469,-1,75.70,130.26,127.64,338.82,0.22454,-1,-1,-1
469,-1,44.34,43.74,93.48,423.12,0.21987,-1,-1,-1
469,-1,52.32,226.64,91.75,245.32,0.21123,-1,-1,-1
469,-1,239.05,170.66,26.05,60.49,0.15597,-1,-1,-1
469,-1,439.98,147.97,49.40,190.53,0.15493,-1,-1,-1
469,-1,420.61,151.19,53.29,181.75,0.14964,-1,-1,-1
469,-1,565.23,237.72,71.43,144.71,0.12065,-1,-1,-1
469,-1,497.62,96.51,62.11,308.12,0.11850,-1,-1,-1
469,-1,237.30,176.74,21.36,87.83,0.05767,-1,-1,-1
469,-1,243.57,210.80,28.22,56.03,0.05378,-1,-1,-1
470,-1,257.05,40.20,128.63,363.06,0.99978,-1,-1,-1
470,-1,39.92,0.00,206.78,480.00,0.99906,-1,-1,-1
470,-1,436.81,91.74,127.41,316.74,0.99887,-1,-1,-1
470,-1,556.20,84.34,83.01,303.61,0.99749,-1,-1,-1
470,-1,394.38,139.64,69.18,182.14,0.99372,-1,-1,-1
470,-1,246.29,173.24,33.72,97.29,0.90201,-1,-1,-1
470,-1,244.75,164.53,24.43,81.65,0.43624,-1,-1,-1
470,-1,276.74,187.22,11.64,65.24,0.38452,-1,-1,-1
470,-1,270.24,177.97,20.10,81.84,0.16587,-1,-1,-1
470,-1,406.50,138.40,58.05,109.23,0.13217,-1,-1,-1
470,-1,439.11,152.86,49.19,160.83,0.12700,-1,-1,-1
470,-1,242.52,180.07,19.70,86.79,0.12191,-1,-1,-1
470,-1,3.27,179.54,28.38,87.01,0.09570,-1,-1,-1
470,-1,141.59,8.13,106.63,403.36,0.08903,-1,-1,-1
470,-1,250.54,202.60,19.16,65.46,0.08501,-1,-1,-1
470,-1,10.77,193.96,12.84,29.93,0.08332,-1,-1,-1
470,-1,170.61,6.69,69.90,143.57,0.07323,-1,-1,-1
470,-1,571.11,83.69,67.70,133.51,0.05987,-1,-1,-1
470,-1,46.95,166.23,110.29,297.21,0.05734,-1,-1,-1
470,-1,157.04,7.30,87.59,232.64,0.05559,-1,-1,-1
471,-1,259.25,39.98,132.86,363.72,0.99980,-1,-1,-1
471,-1,443.54,93.72,127.34,313.90,0.99900,-1,-1,-1
471,-1,45.99,0.00,210.08,480.00,0.99875,-1,-1,-1
471,-1,550.09,84.05,89.91,306.86,0.99720,-1,-1,-1
471,-1,399.22,134.48,69.12,192.10,0.98237,-1,-1,-1
471,-1,253.71,170.88,29.12,98.51,0.80758,-1,-1,-1
471,-1,412.81,136.59,51.30,103.56,0.66965,-1,-1,-1
471,-1,264.46,177.82,24.80,83.53,0.22776,-1,-1,-1
471,-1,427.20,163.09,44.58,167.08,0.15395,-1,-1,-1
471,-1,365.88,132.16,27.75,126.82,0.08183,-1,-1,-1
471,-1,275.70,185.19,16.47,71.24,0.07962,-1,-1,-1
471,-1,440.12,158.32,50.58,159.46,0.06293,-1,-1,-1
471,-1,270.03,206.89,17.14,46.82,0.05919,-1,-1,-1
471,-1,439.17,258.98,25.96,74.45,0.05664,-1,-1,-1
471,-1,257.85,193.34,17.23,69.60,0.05513,-1,-1,-1
472,-1,263.59,36.37,131.52,370.43,0.99975,-1,-1,-1
472,-1,444.64,86.52,118.32,326.68,0.99952,-1,-1,-1
472,-1,561.25,76.67,78.75,314.74,0.99908,-1,-1,-1
472,-1,47.53,0.00,196.67,480.00,0.99875,-1,-1,-1
472,-1,390.37,131.53,77.51,181.39,0.97913,-1,-1,-1
472,-1,258.42,166.56,28.45,101.90,0.69718,-1,-1,-1
472,-1,117.91,132.62,123.17,341.61,0.26995,-1,-1,-1
472,-1,0.00,193.32,11.27,29.51,0.19517,-1,-1,-1
472,-1,370.92,158.48,25.62,96.96,0.16821,-1,-1,-1
472,-1,272.17,171.98,19.55,83.78,0.15557,-1,-1,-1
472,-1,19.18,174.96,36.90,50.68,0.12319,-1,-1,-1
472,-1,11.16,175.09,43.14,86.57,0.10885,-1,-1,-1
472,-1,557.81,79.52,71.16,161.92,0.10123,-1,-1,-1
472,-1,50.15,67.20,94.84,402.93,0.10100,-1,-1,-1
472,-1,439.24,124.47,54.93,235.85,0.09594,-1,-1,-1
472,-1,425.03,143.40,38.94,193.23,0.08199,-1,-1,-1
472,-1,29.05,183.97,25.95,33.60,0.05216,-1,-1,-1
472,-1,172.20,5.81,86.12,248.10,0.05142,-1,-1,-1
472,-1,263.72,199.88,16.91,65.23,0.05013,-1,-1,-1
473,-1,266.20,27.40,125.20,380.72,0.99980,-1,-1,-1
473,-1,442.43,79.90,110.85,322.06,0.99969,-1,-1,-1
473,-1,52.32,0.00,219.54,477.73,0.99908,-1,-1,-1
473,-1,568.97,68.32,71.03,324.97,0.99904,-1,-1,-1
473,-1,397.79,125.31,66.81,201.53,0.97773,-1,-1,-1
473,-1,4.21,190.33,14.15,25.08,0.15633,-1,-1,-1
473,-1,370.51,142.89,22.19,117.43,0.12276,-1,-1,-1
473,-1,106.20,70.66,128.73,401.64,0.08603,-1,-1,-1
473,-1,45.75,192.80,9.63,21.96,0.08132,-1,-1,-1
473,-1,194.11,91.16,81.15,367.13,0.06279,-1,-1,-1
473,-1,248.68,122.45,23.55,57.14,0.05944,-1,-1,-1
474,-1,271.33,25.28,123.77,389.88,0.99978,-1,-1,-1
474,-1,444.87,75.00,112.21,323.46,0.99971,-1,-1,-1
474,-1,61.73,0.00,213.07,478.82,0.99869,-1,-1,-1
474,-1,552.94,72.42,86.09,316.15,0.99650,-1,-1,-1
474,-1,401.85,129.94,62.65,196.74,0.99094,-1,-1,-1
474,-1,107.73,105.44,137.22,365.27,0.26914,-1,-1,-1
474,-1,601.84,98.47,37.81,294.54,0.24793,-1,-1,-1
474,-1,5.00,183.95,18.61,28.27,0.08710,-1,-1,-1
474,-1,416.71,241.55,36.32,81.59,0.07677,-1,-1,-1
474,-1,618.88,227.93,20.64,166.75,0.07016,-1,-1,-1
474,-1,527.91,89.50,80.79,279.90,0.05507,-1,-1,-1
475,-1,279.41,29.12,117.92,390.33,0.99964,-1,-1,-1
475,-1,449.21,80.70,113.45,321.21,0.99935,-1,-1,-1
475,-1,67.51,0.00,207.89,479.14,0.99820,-1,-1,-1
475,-1,528.00,79.74,112.00,291.85,0.99791,-1,-1,-1
475,-1,406.21,124.92,64.16,201.52,0.99282,-1,-1,-1
475,-1,0.00,192.16,8.52,26.09,0.50600,-1,-1,-1
475,-1,580.29,68.88,59.71,268.37,0.26608,-1,-1,-1
475,-1,0.74,197.28,33.66,61.30,0.22283,-1,-1,-1
475,-1,0.00,194.13,15.73,60.91,0.18051,-1,-1,-1
475,-1,0.00,191.01,13.07,38.80,0.12419,-1,-1,-1
475,-1,534.08,102.59,29.93,50.38,0.11322,-1,-1,-1
475,-1,293.98,81.36,26.33,27.31,0.10220,-1,-1,-1
475,-1,410.63,95.33,101.01,291.83,0.07743,-1,-1,-1
475,-1,121.39,116.18,135.18,353.21,0.07058,-1,-1,-1
475,-1,525.10,100.50,40.90,210.03,0.06777,-1,-1,-1
475,-1,168.60,13.20,119.00,449.74,0.05315,-1,-1,-1
475,-1,12.54,190.52,16.70,24.63,0.05045,-1,-1,-1
476,-1,282.92,45.39,113.72,375.95,0.99951,-1,-1,-1
476,-1,445.83,82.47,128.41,321.09,0.99908,-1,-1,-1
476,-1,81.69,0.00,212.14,476.24,0.99854,-1,-1,-1
476,-1,537.60,71.58,102.40,306.42,0.99832,-1,-1,-1
476,-1,414.86,128.07,56.43,193.81,0.97508,-1,-1,-1
476,-1,0.00,191.71,12.90,34.84,0.82935,-1,-1,-1
476,-1,420.93,133.32,43.58,78.99,0.76333,-1,-1,-1
476,-1,124.77,140.68,130.51,326.02,0.36590,-1,-1,-1
476,-1,0.00,194.33,15.27,75.75,0.31715,-1,-1,-1
476,-1,297.93,84.18,25.91,29.26,0.26398,-1,-1,-1
476,-1,569.90,76.60,63.54,219.39,0.22045,-1,-1,-1
476,-1,420.83,104.00,78.43,275.54,0.14479,-1,-1,-1
476,-1,460.72,95.93,65.71,321.88,0.14103,-1,-1,-1
476,-1,0.84,207.27,15.21,29.13,0.09500,-1,-1,-1
476,-1,0.00,269.54,38.66,119.06,0.09205,-1,-1,-1
476,-1,402.44,127.66,56.94,110.13,0.05631,-1,-1,-1
476,-1,540.45,102.24,31.35,81.24,0.05568,-1,-1,-1
476,-1,539.37,101.55,30.32,39.40,0.05503,-1,-1,-1
476,-1,377.27,154.35,25.06,106.33,0.05167,-1,-1,-1
476,-1,438.20,257.88,29.11,65.02,0.05028,-1,-1,-1
477,-1,282.99,34.99,120.81,386.31,0.99918,-1,-1,-1
477,-1,72.52,0.00,222.30,480.00,0.99910,-1,-1,-1
477,-1,450.78,92.72,121.55,316.19,0.99904,-1,-1,-1
477,-1,544.52,74.41,94.26,302.09,0.99447,-1,-1,-1
477,-1,415.36,129.89,59.59,199.16,0.97341,-1,-1,-1
477,-1,424.13,134.70,40.49,70.64,0.83884,-1,-1,-1
477,-1,540.70,101.21,37.63,79.07,0.76341,-1,-1,-1
477,-1,538.40,101.75,34.85,45.93,0.32107,-1,-1,-1
477,-1,0.00,197.20,9.14,32.91,0.29425,-1,-1,-1
477,-1,11.93,196.45,18.93,25.84,0.27126,-1,-1,-1
477,-1,591.74,128.24,47.95,220.59,0.19009,-1,-1,-1
477,-1,537.21,98.91,45.30,157.88,0.16557,-1,-1,-1
477,-1,378.34,155.07,26.92,106.72,0.11651,-1,-1,-1
477,-1,447.01,133.77,34.77,68.10,0.11355,-1,-1,-1
477,-1,295.81,80.32,29.01,36.48,0.11308,-1,-1,-1
477,-1,403.53,132.00,54.27,125.89,0.10600,-1,-1,-1
477,-1,550.52,99.16,25.06,35.16,0.09461,-1,-1,-1
477,-1,206.48,102.16,90.40,355.08,0.09382,-1,-1,-1
477,-1,372.89,87.26,35.09,170.99,0.08097,-1,-1,-1
477,-1,434.29,259.03,35.78,66.86,0.07839,-1,-1,-1
477,-1,0.14,198.68,7.61,19.52,0.07008,-1,-1,-1
477,-1,0.00,284.82,37.56,112.24,0.06616,-1,-1,-1
477,-1,122.31,91.57,139.45,376.67,0.05580,-1,-1,-1
477,-1,3.99,192.30,22.29,32.24,0.05349,-1,-1,-1
477,-1,431.99,134.31,45.47,97.89,0.05346,-1,-1,-1
478,-1,282.66,31.85,121.98,373.08,0.99965,-1,-1,-1
478,-1,73.63,0.00,225.69,470.54,0.99943,-1,-1,-1
478,-1,438.95,85.41,132.72,328.27,0.99871,-1,-1,-1
478,-1,542.22,69.24,97.78,317.80,0.99749,-1,-1,-1
478,-1,420.87,132.73,42.70,72.07,0.95194,-1,-1,-1
478,-1,413.41,128.23,59.00,196.76,0.93992,-1,-1,-1
478,-1,7.21,193.25,16.57,25.68,0.74454,-1,-1,-1
478,-1,537.25,95.61,38.91,84.80,0.70651,-1,-1,-1
478,-1,535.79,89.37,45.06,158.25,0.28726,-1,-1,-1
478,-1,292.25,81.28,29.14,35.20,0.20515,-1,-1,-1
478,-1,284.51,81.41,36.97,58.78,0.17513,-1,-1,-1
478,-1,437.87,132.11,39.42,77.25,0.15853,-1,-1,-1
478,-1,0.00,280.19,31.29,171.06,0.15710,-1,-1,-1
478,-1,458.06,207.26,67.77,205.49,0.14918,-1,-1,-1
478,-1,143.82,127.72,150.15,351.23,0.13207,-1,-1,-1
478,-1,51.52,183.22,21.03,88.95,0.07565,-1,-1,-1
478,-1,565.87,75.71,68.86,210.73,0.06882,-1,-1,-1
478,-1,1.21,193.55,11.42,26.11,0.06256,-1,-1,-1
478,-1,25.32,194.13,12.71,22.19,0.05529,-1,-1,-1
478,-1,527.15,79.09,73.96,250.91,0.05344,-1,-1,-1
478,-1,376.29,152.59,26.44,104.07,0.05200,-1,-1,-1
479,-1,278.29,41.34,119.72,372.37,0.99972,-1,-1,-1
479,-1,545.84,74.57,94.16,325.75,0.99957,-1,-1,-1
479,-1,438.29,88.89,130.55,319.71,0.99951,-1,-1,-1
479,-1,73.81,0.00,224.48,478.01,0.99892,-1,-1,-1
479,-1,418.83,137.53,40.14,72.12,0.87989,-1,-1,-1
479,-1,407.13,133.72,60.61,186.07,0.87375,-1,-1,-1
479,-1,539.19,102.24,31.10,80.34,0.79445,-1,-1,-1
479,-1,386.17,143.77,69.36,120.43,0.13907,-1,-1,-1
479,-1,539.70,80.36,42.28,128.38,0.07072,-1,-1,-1
479,-1,543.19,104.46,21.38,47.05,0.07016,-1,-1,-1
479,-1,539.90,83.97,34.06,69.49,0.06078,-1,-1,-1
479,-1,139.63,89.62,135.03,383.08,0.05699,-1,-1,-1
480,-1,274.97,31.95,122.99,388.70,0.99978,-1,-1,-1
480,-1,432.41,88.84,128.12,314.71,0.99961,-1,-1,-1
480,-1,547.68,73.26,90.60,335.83,0.99957,-1,-1,-1
480,-1,63.53,0.00,224.50,477.06,0.99837,-1,-1,-1
480,-1,416.93,139.15,40.32,71.24,0.88194,-1,-1,-1
480,-1,0.70,119.86,27.32,227.78,0.78154,-1,-1,-1
480,-1,398.69,130.74,64.53,174.21,0.63851,-1,-1,-1
480,-1,485.24,88.45,117.95,312.70,0.08875,-1,-1,-1
480,-1,403.30,109.52,106.99,267.56,0.08393,-1,-1,-1
480,-1,540.00,103.49,22.17,84.55,0.08360,-1,-1,-1
480,-1,130.50,172.49,156.23,302.35,0.08295,-1,-1,-1
481,-1,424.56,87.05,119.65,312.70,0.99971,-1,-1,-1
481,-1,271.74,25.52,118.43,397.67,0.99953,-1,-1,-1
481,-1,537.57,76.81,97.68,327.81,0.99949,-1,-1,-1
481,-1,66.46,0.19,228.66,462.97,0.99691,-1,-1,-1
481,-1,406.68,128.67,54.02,196.64,0.55823,-1,-1,-1
481,-1,431.19,133.05,22.52,31.70,0.34982,-1,-1,-1
481,-1,405.49,99.20,91.07,273.12,0.24506,-1,-1,-1
481,-1,0.00,113.22,33.45,180.29,0.14082,-1,-1,-1
481,-1,362.19,183.26,21.97,62.34,0.08113,-1,-1,-1
481,-1,418.72,132.74,35.38,75.14,0.08056,-1,-1,-1
481,-1,514.72,108.01,39.39,61.98,0.05788,-1,-1,-1
481,-1,600.44,106.18,39.56,283.53,0.05516,-1,-1,-1
482,-1,413.68,87.13,116.92,313.13,0.99963,-1,-1,-1
482,-1,266.18,27.95,112.00,396.91,0.99957,-1,-1,-1
482,-1,518.14,76.26,112.57,334.26,0.99943,-1,-1,-1
482,-1,48.92,0.00,232.61,479.08,0.99582,-1,-1,-1
482,-1,396.17,123.90,58.21,198.96,0.73901,-1,-1,-1
482,-1,0.84,124.38,33.64,169.97,0.66804,-1,-1,-1
482,-1,407.52,133.41,41.45,125.11,0.47933,-1,-1,-1
482,-1,512.39,105.41,32.14,63.60,0.30471,-1,-1,-1
482,-1,421.90,132.96,26.14,72.90,0.23690,-1,-1,-1
482,-1,412.46,145.65,30.58,57.52,0.18736,-1,-1,-1
482,-1,425.15,132.57,20.94,29.88,0.14463,-1,-1,-1
482,-1,127.31,213.35,118.72,258.53,0.11505,-1,-1,-1
482,-1,28.31,190.01,21.70,57.39,0.06731,-1,-1,-1
483,-1,261.94,44.15,103.78,402.65,0.99934,-1,-1,-1
483,-1,401.30,96.18,120.14,316.15,0.99932,-1,-1,-1
483,-1,508.37,88.20,120.52,334.51,0.99923,-1,-1,-1
483,-1,45.82,0.28,228.50,479.72,0.99875,-1,-1,-1
483,-1,390.29,135.54,54.90,193.17,0.86759,-1,-1,-1
483,-1,281.65,86.18,21.44,16.11,0.60659,-1,-1,-1
483,-1,569.95,96.59,16.60,36.05,0.30680,-1,-1,-1
483,-1,397.77,251.48,32.18,66.40,0.25731,-1,-1,-1
483,-1,124.66,190.72,114.89,283.58,0.25462,-1,-1,-1
483,-1,509.45,85.66,60.22,178.60,0.19902,-1,-1,-1
483,-1,44.54,103.56,102.85,370.35,0.12374,-1,-1,-1
483,-1,0.86,146.06,31.08,170.17,0.08283,-1,-1,-1
483,-1,150.50,2.44,167.08,468.37,0.07240,-1,-1,-1
483,-1,275.97,84.94,26.75,25.94,0.06800,-1,-1,-1
483,-1,380.31,179.63,54.78,111.34,0.05672,-1,-1,-1
483,-1,401.29,145.14,70.25,227.48,0.05053,-1,-1,-1
484,-1,251.74,47.60,102.95,398.16,0.99953,-1,-1,-1
484,-1,400.11,97.47,115.21,317.82,0.99944,-1,-1,-1
484,-1,504.39,86.91,114.42,325.82,0.99926,-1,-1,-1
484,-1,27.37,11.29,252.16,462.51,0.99238,-1,-1,-1
484,-1,557.26,99.09,58.39,167.65,0.57441,-1,-1,-1
484,-1,10.68,112.98,147.17,353.67,0.20331,-1,-1,-1
484,-1,502.19,94.39,40.41,172.34,0.19440,-1,-1,-1
484,-1,502.82,109.11,30.68,84.58,0.17250,-1,-1,-1
484,-1,555.00,90.35,75.12,313.75,0.17192,-1,-1,-1
484,-1,508.60,88.63,59.74,186.26,0.12687,-1,-1,-1
484,-1,505.26,87.90,54.35,111.09,0.12141,-1,-1,-1
484,-1,560.03,97.15,49.56,93.30,0.09894,-1,-1,-1
484,-1,117.95,176.32,138.64,298.65,0.08330,-1,-1,-1
484,-1,391.29,271.42,26.59,36.76,0.08108,-1,-1,-1
484,-1,400.23,143.51,58.73,240.21,0.07747,-1,-1,-1
484,-1,382.63,186.07,38.67,133.95,0.06330,-1,-1,-1
484,-1,52.21,258.31,95.84,214.24,0.05215,-1,-1,-1
485,-1,246.67,45.01,100.29,408.29,0.99946,-1,-1,-1
485,-1,403.12,97.81,105.54,322.25,0.99933,-1,-1,-1
485,-1,507.11,86.67,101.53,319.04,0.99844,-1,-1,-1
485,-1,28.23,6.38,256.02,458.45,0.99367,-1,-1,-1
485,-1,561.41,98.50,56.53,172.06,0.77821,-1,-1,-1
485,-1,29.95,40.74,124.86,425.27,0.49030,-1,-1,-1
485,-1,504.86,85.51,52.78,182.40,0.34146,-1,-1,-1
485,-1,394.52,127.25,53.65,266.39,0.32176,-1,-1,-1
485,-1,563.23,95.70,49.93,96.67,0.28900,-1,-1,-1
485,-1,559.92,103.09,69.09,289.05,0.20525,-1,-1,-1
485,-1,0.00,239.89,32.57,233.98,0.18854,-1,-1,-1
485,-1,42.59,282.49,106.47,191.97,0.15097,-1,-1,-1
485,-1,579.18,94.02,45.75,143.69,0.07582,-1,-1,-1
485,-1,510.92,86.01,81.69,158.05,0.06602,-1,-1,-1
485,-1,505.48,111.83,26.89,81.12,0.06387,-1,-1,-1
485,-1,500.96,102.53,35.57,183.61,0.06185,-1,-1,-1
486,-1,393.46,95.49,106.06,313.30,0.99964,-1,-1,-1
486,-1,242.06,39.62,103.06,394.58,0.99901,-1,-1,-1
486,-1,500.75,87.63,102.55,311.84,0.99864,-1,-1,-1
486,-1,29.23,5.06,249.01,466.56,0.98982,-1,-1,-1
486,-1,561.36,93.72,63.17,196.00,0.84612,-1,-1,-1
486,-1,562.81,90.24,56.95,95.32,0.71636,-1,-1,-1
486,-1,18.54,10.43,141.48,461.13,0.30341,-1,-1,-1
486,-1,0.00,243.12,54.28,231.54,0.20503,-1,-1,-1
486,-1,371.29,106.28,90.72,280.23,0.14539,-1,-1,-1
486,-1,0.01,254.81,34.52,171.92,0.13593,-1,-1,-1
486,-1,111.85,149.33,121.56,327.22,0.11986,-1,-1,-1
486,-1,554.77,97.15,16.87,32.27,0.09439,-1,-1,-1
486,-1,24.83,188.09,113.26,281.59,0.07784,-1,-1,-1
486,-1,368.99,174.55,46.21,154.73,0.06301,-1,-1,-1
486,-1,507.01,82.30,52.48,198.67,0.05679,-1,-1,-1
487,-1,392.47,97.98,101.60,313.73,0.99964,-1,-1,-1
487,-1,487.86,85.13,105.53,326.17,0.99926,-1,-1,-1
487,-1,239.56,35.91,105.31,389.69,0.99914,-1,-1,-1
487,-1,16.79,10.98,265.22,468.85,0.99377,-1,-1,-1
487,-1,557.95,95.23,65.79,192.02,0.84307,-1,-1,-1
487,-1,0.00,239.20,52.82,233.22,0.53550,-1,-1,-1
487,-1,554.73,94.16,60.04,105.68,0.43052,-1,-1,-1
487,-1,0.01,224.51,32.96,202.09,0.33299,-1,-1,-1
487,-1,17.89,85.75,160.65,386.00,0.20937,-1,-1,-1
487,-1,116.01,84.58,147.34,392.17,0.17772,-1,-1,-1
487,-1,160.19,22.74,125.08,404.59,0.14822,-1,-1,-1
487,-1,551.33,100.54,18.20,34.56,0.14523,-1,-1,-1
487,-1,582.13,116.38,53.62,173.08,0.13322,-1,-1,-1
487,-1,34.23,285.19,102.47,193.05,0.10302,-1,-1,-1
487,-1,600.01,176.35,31.09,75.49,0.08675,-1,-1,-1
487,-1,174.27,182.99,113.26,281.28,0.07405,-1,-1,-1
487,-1,119.30,268.90,127.04,205.96,0.07235,-1,-1,-1
487,-1,553.79,93.59,45.95,71.77,0.06880,-1,-1,-1
487,-1,11.27,184.55,116.70,282.63,0.06560,-1,-1,-1
487,-1,527.70,91.48,82.39,141.12,0.05814,-1,-1,-1
488,-1,378.95,98.96,110.83,322.59,0.99930,-1,-1,-1
488,-1,464.39,88.18,136.15,324.82,0.99909,-1,-1,-1
488,-1,241.01,36.81,99.01,383.97,0.99901,-1,-1,-1
488,-1,16.51,5.51,270.33,474.49,0.99689,-1,-1,-1
488,-1,561.14,92.50,74.76,149.98,0.95820,-1,-1,-1
488,-1,551.62,101.34,21.43,43.13,0.42815,-1,-1,-1
488,-1,535.47,92.05,82.22,290.53,0.26809,-1,-1,-1
488,-1,0.00,242.05,60.67,228.46,0.23697,-1,-1,-1
488,-1,119.94,54.76,143.21,421.91,0.21674,-1,-1,-1
488,-1,549.58,111.51,18.18,28.42,0.19966,-1,-1,-1
488,-1,0.05,235.81,37.93,169.96,0.13346,-1,-1,-1
488,-1,552.85,94.48,58.31,76.26,0.11045,-1,-1,-1
488,-1,568.75,94.48,64.76,271.26,0.10106,-1,-1,-1
488,-1,551.58,104.21,28.56,67.36,0.09084,-1,-1,-1
488,-1,546.90,97.74,57.58,148.24,0.07935,-1,-1,-1
488,-1,4.32,145.19,76.18,318.77,0.05288,-1,-1,-1
489,-1,361.16,102.50,130.47,317.26,0.99924,-1,-1,-1
489,-1,452.38,88.18,149.73,323.95,0.99905,-1,-1,-1
489,-1,242.23,32.28,94.42,384.85,0.99795,-1,-1,-1
489,-1,17.83,1.61,259.16,477.07,0.99761,-1,-1,-1
489,-1,556.65,87.27,80.48,135.65,0.96900,-1,-1,-1
489,-1,537.58,104.02,25.01,39.03,0.34933,-1,-1,-1
489,-1,0.00,231.02,69.90,239.31,0.27722,-1,-1,-1
489,-1,549.96,94.85,73.07,231.01,0.22595,-1,-1,-1
489,-1,130.76,0.00,177.39,464.29,0.13110,-1,-1,-1
489,-1,316.25,182.03,21.17,89.06,0.09274,-1,-1,-1
489,-1,9.16,91.11,171.56,376.82,0.08900,-1,-1,-1
489,-1,0.00,225.14,45.98,183.80,0.07824,-1,-1,-1
489,-1,554.60,94.80,20.97,49.95,0.07265,-1,-1,-1
489,-1,519.62,89.95,92.02,136.00,0.06449,-1,-1,-1
489,-1,72.69,113.65,165.05,357.45,0.05677,-1,-1,-1
490,-1,458.37,92.22,130.83,327.76,0.99952,-1,-1,-1
490,-1,367.50,104.28,123.55,319.16,0.99940,-1,-1,-1
490,-1,243.44,40.90,83.18,326.44,0.99602,-1,-1,-1
490,-1,3.62,5.62,286.24,464.59,0.99286,-1,-1,-1
490,-1,563.19,83.60,73.09,133.55,0.94506,-1,-1,-1
490,-1,522.39,102.99,41.91,47.59,0.47358,-1,-1,-1
490,-1,570.40,89.48,65.81,276.35,0.40326,-1,-1,-1
490,-1,575.11,161.33,57.94,142.63,0.32767,-1,-1,-1
490,-1,577.68,186.52,50.52,61.18,0.27896,-1,-1,-1
490,-1,524.93,95.61,53.13,74.32,0.25481,-1,-1,-1
490,-1,551.98,255.79,44.22,56.09,0.18714,-1,-1,-1
490,-1,152.35,0.37,129.83,456.65,0.17465,-1,-1,-1
490,-1,534.82,87.72,61.81,139.65,0.16694,-1,-1,-1
490,-1,111.98,68.19,139.28,406.08,0.13516,-1,-1,-1
490,-1,561.51,221.09,64.97,89.58,0.09108,-1,-1,-1
490,-1,577.61,85.02,46.96,72.81,0.07713,-1,-1,-1
490,-1,339.57,144.49,63.99,178.45,0.06173,-1,-1,-1
491,-1,453.65,94.96,127.96,321.58,0.99955,-1,-1,-1
491,-1,362.61,103.10,125.06,328.74,0.99930,-1,-1,-1
491,-1,15.32,4.87,259.87,467.21,0.99452,-1,-1,-1
491,-1,247.56,35.76,78.55,338.86,0.99039,-1,-1,-1
491,-1,565.00,84.43,72.96,148.86,0.95678,-1,-1,-1
491,-1,520.25,101.69,53.11,59.89,0.62352,-1,-1,-1
491,-1,571.08,163.71,64.07,148.12,0.59256,-1,-1,-1
491,-1,359.22,142.41,46.35,195.55,0.43549,-1,-1,-1
491,-1,570.68,86.99,67.15,303.62,0.36306,-1,-1,-1
491,-1,524.00,101.18,60.82,118.45,0.31216,-1,-1,-1
491,-1,191.25,22.09,124.01,443.60,0.25638,-1,-1,-1
491,-1,576.46,185.07,60.74,80.65,0.20191,-1,-1,-1
491,-1,561.99,201.14,56.68,116.57,0.18011,-1,-1,-1
491,-1,0.00,1.48,136.16,466.93,0.12699,-1,-1,-1
491,-1,540.29,103.82,34.82,73.30,0.11781,-1,-1,-1
491,-1,562.98,90.78,27.19,80.59,0.10868,-1,-1,-1
491,-1,538.98,89.30,76.34,137.34,0.10221,-1,-1,-1
491,-1,368.13,282.41,24.74,51.73,0.07886,-1,-1,-1
491,-1,98.31,125.23,143.81,346.68,0.07179,-1,-1,-1
491,-1,579.80,82.36,56.29,86.57,0.06949,-1,-1,-1
491,-1,1.33,117.00,88.99,350.97,0.06092,-1,-1,-1
492,-1,465.65,90.65,108.95,316.17,0.99961,-1,-1,-1
492,-1,362.23,98.29,120.23,317.11,0.99955,-1,-1,-1
492,-1,1.23,6.22,284.11,464.30,0.99709,-1,-1,-1
492,-1,244.00,42.80,80.84,294.25,0.99343,-1,-1,-1
492,-1,574.70,78.60,63.42,127.66,0.94971,-1,-1,-1
492,-1,567.27,186.31,68.52,124.18,0.72013,-1,-1,-1
492,-1,535.74,91.42,54.12,122.28,0.71579,-1,-1,-1
492,-1,122.53,33.23,175.72,417.62,0.50361,-1,-1,-1
492,-1,577.09,191.17,58.63,64.57,0.37954,-1,-1,-1
492,-1,571.40,92.26,67.01,242.67,0.26254,-1,-1,-1
492,-1,3.24,119.55,177.87,351.04,0.20638,-1,-1,-1
492,-1,527.16,97.50,64.02,204.86,0.15721,-1,-1,-1
492,-1,592.22,77.76,42.17,56.87,0.11157,-1,-1,-1
492,-1,527.41,97.78,51.51,80.06,0.08905,-1,-1,-1
492,-1,198.92,17.34,106.78,333.36,0.07717,-1,-1,-1
492,-1,548.92,177.81,45.94,132.75,0.06929,-1,-1,-1
492,-1,107.67,222.25,118.37,252.86,0.06219,-1,-1,-1
493,-1,366.91,97.32,110.44,317.20,0.99952,-1,-1,-1
493,-1,466.57,89.94,105.70,322.28,0.99941,-1,-1,-1
493,-1,240.74,44.19,86.74,290.05,0.99551,-1,-1,-1
493,-1,6.13,0.00,279.73,468.38,0.99221,-1,-1,-1
493,-1,586.81,76.87,52.73,127.91,0.87072,-1,-1,-1
493,-1,535.14,91.93,56.28,108.16,0.69590,-1,-1,-1
493,-1,548.72,78.82,78.26,126.44,0.49468,-1,-1,-1
493,-1,582.76,81.86,55.44,222.88,0.48731,-1,-1,-1
493,-1,573.36,187.37,64.23,98.17,0.39001,-1,-1,-1
493,-1,120.98,71.61,162.25,305.37,0.25789,-1,-1,-1
493,-1,529.65,95.23,62.42,224.33,0.16210,-1,-1,-1
493,-1,172.76,15.64,145.99,446.21,0.14527,-1,-1,-1
493,-1,558.44,197.62,61.44,121.18,0.14025,-1,-1,-1
493,-1,0.23,4.77,137.98,467.35,0.13966,-1,-1,-1
493,-1,33.21,151.88,197.31,320.65,0.08471,-1,-1,-1
493,-1,601.72,75.45,37.62,80.24,0.07137,-1,-1,-1
493,-1,549.84,88.75,70.30,227.54,0.06870,-1,-1,-1
493,-1,545.73,191.50,51.34,119.41,0.06446,-1,-1,-1
493,-1,591.45,126.51,45.05,69.34,0.05344,-1,-1,-1
494,-1,368.29,97.58,108.73,323.06,0.99965,-1,-1,-1
494,-1,465.63,91.15,101.92,325.21,0.99901,-1,-1,-1
494,-1,237.69,44.85,89.13,342.44,0.99552,-1,-1,-1
494,-1,8.77,6.96,265.60,471.77,0.99271,-1,-1,-1
494,-1,122.89,0.00,184.83,466.01,0.56258,-1,-1,-1
494,-1,378.29,145.66,18.65,29.84,0.29626,-1,-1,-1
494,-1,373.23,141.86,50.00,258.27,0.20498,-1,-1,-1
494,-1,368.31,146.43,29.12,60.99,0.20345,-1,-1,-1
494,-1,2.17,23.21,133.21,452.06,0.14754,-1,-1,-1
494,-1,64.51,131.32,168.38,345.37,0.12845,-1,-1,-1
494,-1,535.93,94.93,54.82,106.21,0.12211,-1,-1,-1
494,-1,334.77,135.30,79.26,249.71,0.11688,-1,-1,-1
494,-1,351.22,145.29,51.11,100.63,0.07735,-1,-1,-1
494,-1,2.13,177.62,96.41,286.96,0.05742,-1,-1,-1
495,-1,364.70,94.29,109.55,321.59,0.99939,-1,-1,-1
495,-1,460.17,87.40,107.38,334.91,0.99872,-1,-1,-1
495,-1,230.36,32.45,105.58,351.02,0.99864,-1,-1,-1
495,-1,8.13,7.49,257.48,471.00,0.98468,-1,-1,-1
495,-1,341.76,134.95,61.68,208.19,0.77903,-1,-1,-1
495,-1,555.00,186.44,84.70,124.16,0.69885,-1,-1,-1
495,-1,0.00,7.17,141.54,457.03,0.64049,-1,-1,-1
495,-1,354.01,139.92,46.30,94.18,0.52936,-1,-1,-1
495,-1,548.40,187.43,52.79,119.29,0.33244,-1,-1,-1
495,-1,576.70,183.24,63.30,86.67,0.31845,-1,-1,-1
495,-1,362.66,146.91,30.40,68.32,0.31108,-1,-1,-1
495,-1,139.92,0.00,177.60,466.34,0.30356,-1,-1,-1
495,-1,533.60,119.19,50.10,186.39,0.26191,-1,-1,-1
495,-1,376.33,144.43,28.47,95.77,0.18373,-1,-1,-1
495,-1,367.15,135.61,47.78,216.48,0.12945,-1,-1,-1
495,-1,369.31,137.29,29.99,62.56,0.11048,-1,-1,-1
495,-1,86.47,107.79,132.23,371.20,0.10934,-1,-1,-1
495,-1,1.79,274.52,107.83,204.46,0.06624,-1,-1,-1
495,-1,224.95,37.99,26.41,52.16,0.05064,-1,-1,-1
496,-1,463.61,90.00,107.20,333.29,0.99945,-1,-1,-1
496,-1,364.54,96.71,113.74,322.13,0.99930,-1,-1,-1
496,-1,229.93,30.45,107.72,354.77,0.99818,-1,-1,-1
496,-1,4.20,4.17,258.27,471.81,0.98735,-1,-1,-1
496,-1,341.92,130.92,62.13,214.17,0.89633,-1,-1,-1
496,-1,365.87,136.92,34.39,84.00,0.84725,-1,-1,-1
496,-1,131.86,9.93,181.70,427.99,0.64145,-1,-1,-1
496,-1,352.12,140.15,51.08,124.18,0.44973,-1,-1,-1
496,-1,0.00,0.00,131.71,464.69,0.40876,-1,-1,-1
496,-1,363.60,159.22,27.85,58.62,0.26606,-1,-1,-1
496,-1,189.30,20.16,94.45,406.35,0.21618,-1,-1,-1
496,-1,3.42,229.86,102.69,234.72,0.16948,-1,-1,-1
496,-1,63.95,201.89,154.64,272.30,0.15288,-1,-1,-1
496,-1,237.75,70.91,14.02,17.66,0.09575,-1,-1,-1
496,-1,17.24,307.20,74.53,170.98,0.07623,-1,-1,-1
497,-1,464.12,87.16,108.71,343.01,0.99961,-1,-1,-1
497,-1,372.78,99.29,105.60,324.95,0.99915,-1,-1,-1
497,-1,228.33,30.50,110.01,357.23,0.99710,-1,-1,-1
497,-1,13.67,10.14,253.55,465.17,0.97897,-1,-1,-1
497,-1,343.27,135.43,60.13,207.01,0.96361,-1,-1,-1
497,-1,358.87,140.01,40.24,108.13,0.77975,-1,-1,-1
497,-1,163.38,11.76,155.50,434.21,0.61696,-1,-1,-1
497,-1,563.61,192.44,74.61,112.47,0.40534,-1,-1,-1
497,-1,4.10,0.00,126.45,480.00,0.38209,-1,-1,-1
497,-1,363.51,159.24,27.97,61.10,0.35054,-1,-1,-1
497,-1,76.88,287.65,132.13,188.52,0.18201,-1,-1,-1
497,-1,552.07,79.65,85.79,133.90,0.18056,-1,-1,-1
497,-1,575.33,183.22,63.54,80.73,0.08701,-1,-1,-1
497,-1,370.65,138.52,32.60,82.64,0.07405,-1,-1,-1
497,-1,67.56,124.73,148.35,347.07,0.07394,-1,-1,-1
497,-1,570.88,186.21,17.74,35.61,0.06788,-1,-1,-1
497,-1,303.92,199.43,25.43,64.65,0.06504,-1,-1,-1
497,-1,377.70,115.59,47.47,275.68,0.06476,-1,-1,-1
497,-1,0.50,107.73,79.53,360.00,0.06333,-1,-1,-1
498,-1,469.71,87.27,100.75,328.70,0.99962,-1,-1,-1
498,-1,371.78,97.99,105.79,326.20,0.99921,-1,-1,-1
498,-1,221.36,25.44,110.36,367.59,0.99687,-1,-1,-1
498,-1,8.53,8.82,264.27,464.93,0.98304,-1,-1,-1
498,-1,340.62,131.68,59.23,208.36,0.94116,-1,-1,-1
498,-1,362.99,139.79,33.93,81.04,0.81298,-1,-1,-1
498,-1,0.00,0.00,123.15,461.30,0.77316,-1,-1,-1
498,-1,164.67,6.38,151.74,457.40,0.62253,-1,-1,-1
498,-1,71.93,265.01,142.45,209.04,0.35952,-1,-1,-1
498,-1,559.57,73.88,78.13,240.78,0.30828,-1,-1,-1
498,-1,377.05,123.24,45.20,272.10,0.16382,-1,-1,-1
498,-1,1.39,281.83,100.57,195.81,0.10969,-1,-1,-1
498,-1,23.61,185.59,178.96,284.41,0.10896,-1,-1,-1
498,-1,344.23,261.70,47.28,70.40,0.10429,-1,-1,-1
498,-1,362.88,140.51,40.24,164.15,0.06845,-1,-1,-1
498,-1,2.80,13.36,56.07,466.64,0.06520,-1,-1,-1
498,-1,357.49,150.50,27.96,81.86,0.06053,-1,-1,-1
498,-1,364.44,168.36,22.51,44.30,0.05815,-1,-1,-1
499,-1,469.48,81.97,107.88,323.85,0.99953,-1,-1,-1
499,-1,377.40,92.67,100.70,323.49,0.99938,-1,-1,-1
499,-1,223.55,30.60,103.63,339.47,0.99558,-1,-1,-1
499,-1,10.56,5.07,274.18,470.66,0.98929,-1,-1,-1
499,-1,342.76,129.73,55.14,217.24,0.97815,-1,-1,-1
499,-1,570.96,76.84,69.04,215.37,0.61815,-1,-1,-1
499,-1,362.09,138.79,34.74,78.84,0.57519,-1,-1,-1
499,-1,67.31,278.82,145.20,196.91,0.44064,-1,-1,-1
499,-1,574.20,201.94,64.54,117.95,0.43300,-1,-1,-1
499,-1,54.21,125.48,184.89,342.58,0.41830,-1,-1,-1
499,-1,2.51,9.55,124.93,470.45,0.39516,-1,-1,-1
499,-1,571.81,187.83,35.72,82.42,0.19929,-1,-1,-1
499,-1,197.81,143.33,121.83,316.82,0.15851,-1,-1,-1
499,-1,146.98,6.96,132.68,430.92,0.14774,-1,-1,-1
499,-1,592.28,188.04,16.67,33.88,0.09814,-1,-1,-1
499,-1,3.42,275.61,90.71,202.21,0.08755,-1,-1,-1
499,-1,375.77,144.94,30.47,73.90,0.07641,-1,-1,-1
499,-1,581.33,192.60,55.29,68.51,0.07370,-1,-1,-1
499,-1,373.41,139.62,27.82,36.32,0.05820,-1,-1,-1
500,-1,470.64,83.01,109.59,329.90,0.99956,-1,-1,-1
500,-1,379.02,92.44,101.13,322.24,0.99931,-1,-1,-1
500,-1,228.66,33.80,92.67,353.06,0.99443,-1,-1,-1
500,-1,4.54,4.72,278.24,471.71,0.98990,-1,-1,-1
500,-1,348.08,132.20,55.70,210.61,0.94296,-1,-1,-1
500,-1,360.88,137.16,34.29,76.04,0.78163,-1,-1,-1
500,-1,584.09,220.27,52.04,97.06,0.75591,-1,-1,-1
500,-1,167.50,11.36,143.87,451.04,0.64954,-1,-1,-1
500,-1,0.00,0.00,130.12,467.45,0.36547,-1,-1,-1
500,-1,344.38,139.43,51.19,110.92,0.23732,-1,-1,-1
500,-1,353.96,253.40,41.74,78.00,0.16926,-1,-1,-1
500,-1,580.05,71.29,59.95,228.91,0.15140,-1,-1,-1
500,-1,83.06,270.21,127.88,204.38,0.11685,-1,-1,-1
500,-1,203.39,28.88,28.41,50.11,0.10426,-1,-1,-1
500,-1,205.15,30.26,21.17,33.61,0.10294,-1,-1,-1
500,-1,239.66,27.00,58.78,78.92,0.09680,-1,-1,-1
500,-1,377.48,145.89,30.76,75.75,0.06773,-1,-1,-1
501,-1,468.20,82.69,117.59,338.50,0.99947,-1,-1,-1
501,-1,374.84,88.30,114.44,327.75,0.99926,-1,-1,-1
501,-1,3.76,0.00,278.18,479.65,0.99172,-1,-1,-1
501,-1,231.81,36.11,90.31,327.98,0.98317,-1,-1,-1
501,-1,352.35,130.27,52.33,216.55,0.95380,-1,-1,-1
501,-1,362.21,134.20,35.18,78.12,0.74016,-1,-1,-1
501,-1,596.33,65.13,43.23,246.11,0.68365,-1,-1,-1
501,-1,199.06,9.26,107.76,444.54,0.57919,-1,-1,-1
501,-1,597.99,75.40,42.01,126.96,0.25221,-1,-1,-1
501,-1,361.85,137.47,43.96,124.50,0.19072,-1,-1,-1
501,-1,356.98,246.11,38.65,95.08,0.15465,-1,-1,-1
501,-1,82.57,317.39,134.59,157.43,0.13256,-1,-1,-1
501,-1,196.90,231.02,124.14,234.71,0.09980,-1,-1,-1
501,-1,601.84,217.74,34.67,96.52,0.09141,-1,-1,-1
501,-1,6.02,12.39,145.84,456.75,0.08957,-1,-1,-1
501,-1,153.83,0.00,122.83,479.33,0.08936,-1,-1,-1
501,-1,181.79,9.22,51.05,45.60,0.07255,-1,-1,-1
501,-1,8.08,3.69,250.63,221.83,0.06312,-1,-1,-1
501,-1,64.15,159.63,205.96,317.26,0.06186,-1,-1,-1
501,-1,207.33,290.13,43.60,120.78,0.05835,-1,-1,-1
502,-1,462.43,90.87,128.12,330.04,0.99930,-1,-1,-1
502,-1,385.82,88.56,117.54,330.45,0.99925,-1,-1,-1
502,-1,8.44,1.84,296.48,467.92,0.99493,-1,-1,-1
502,-1,238.10,35.05,78.16,262.91,0.98913,-1,-1,-1
502,-1,354.06,129.41,58.89,222.67,0.95014,-1,-1,-1
502,-1,359.24,133.69,42.34,89.60,0.78193,-1,-1,-1
502,-1,207.63,5.81,105.68,441.63,0.63740,-1,-1,-1
502,-1,3.33,3.13,154.90,467.41,0.52095,-1,-1,-1
502,-1,245.27,29.18,43.82,65.43,0.35420,-1,-1,-1
502,-1,349.94,229.52,63.10,115.16,0.17790,-1,-1,-1
502,-1,0.37,44.66,59.37,427.19,0.17503,-1,-1,-1
502,-1,360.00,160.26,32.30,57.95,0.15711,-1,-1,-1
502,-1,619.40,224.61,20.16,95.37,0.13167,-1,-1,-1
502,-1,343.70,138.98,55.37,128.92,0.11262,-1,-1,-1
502,-1,101.20,248.81,133.65,226.33,0.09205,-1,-1,-1
502,-1,287.73,74.65,25.08,41.48,0.07352,-1,-1,-1
502,-1,608.98,85.40,31.02,217.43,0.06721,-1,-1,-1
502,-1,13.68,3.07,259.38,247.19,0.05257,-1,-1,-1
503,-1,473.07,78.39,125.81,340.29,0.99924,-1,-1,-1
503,-1,380.18,89.53,127.50,326.09,0.99909,-1,-1,-1
503,-1,11.07,1.93,306.78,464.11,0.98775,-1,-1,-1
503,-1,344.94,127.51,67.15,213.21,0.95861,-1,-1,-1
503,-1,0.00,55.23,45.93,347.90,0.91695,-1,-1,-1
503,-1,238.31,12.42,79.22,307.23,0.87552,-1,-1,-1
503,-1,265.24,40.15,53.07,199.77,0.54493,-1,-1,-1
503,-1,354.44,129.12,51.83,108.09,0.53165,-1,-1,-1
503,-1,204.14,275.99,123.61,194.40,0.51191,-1,-1,-1
503,-1,171.21,0.00,147.66,382.83,0.43945,-1,-1,-1
503,-1,4.51,23.83,113.98,447.62,0.14388,-1,-1,-1
503,-1,247.10,16.38,40.72,66.96,0.13038,-1,-1,-1
503,-1,292.43,68.96,24.61,51.06,0.11396,-1,-1,-1
503,-1,240.92,19.22,65.88,159.32,0.10778,-1,-1,-1
503,-1,329.45,135.94,66.20,149.94,0.05221,-1,-1,-1
503,-1,2.02,91.42,66.93,374.92,0.05044,-1,-1,-1
504,-1,478.82,74.42,122.04,343.30,0.99950,-1,-1,-1
504,-1,390.60,85.14,114.11,332.41,0.99897,-1,-1,-1
504,-1,10.00,3.81,319.79,464.16,0.99015,-1,-1,-1
504,-1,343.77,124.75,68.29,217.34,0.98275,-1,-1,-1
504,-1,288.15,69.87,34.35,127.86,0.67489,-1,-1,-1
504,-1,3.27,50.86,55.06,369.08,0.33274,-1,-1,-1
504,-1,234.16,14.75,90.07,292.37,0.23183,-1,-1,-1
504,-1,261.41,18.27,58.46,169.80,0.13153,-1,-1,-1
504,-1,346.67,108.94,121.39,271.28,0.12922,-1,-1,-1
504,-1,2.47,30.75,143.82,447.27,0.12612,-1,-1,-1
504,-1,277.54,75.16,47.78,197.59,0.12350,-1,-1,-1
504,-1,164.97,12.39,169.68,385.52,0.11528,-1,-1,-1
504,-1,295.84,63.77,26.70,61.38,0.10203,-1,-1,-1
504,-1,57.29,157.59,220.68,316.07,0.09835,-1,-1,-1
504,-1,112.09,275.74,139.37,199.82,0.09223,-1,-1,-1
504,-1,254.77,13.82,33.30,44.18,0.08048,-1,-1,-1
504,-1,209.17,266.41,122.71,198.57,0.07913,-1,-1,-1
505,-1,482.84,75.68,117.55,337.16,0.99980,-1,-1,-1
505,-1,392.80,89.80,107.01,318.64,0.99872,-1,-1,-1
505,-1,344.59,127.75,65.87,221.61,0.99468,-1,-1,-1
505,-1,17.04,2.91,313.50,468.44,0.92165,-1,-1,-1
505,-1,369.69,282.54,39.14,64.50,0.14970,-1,-1,-1
505,-1,340.79,111.20,125.43,284.01,0.14778,-1,-1,-1
505,-1,237.60,15.45,92.83,312.86,0.08320,-1,-1,-1
505,-1,362.40,200.54,51.12,145.43,0.08228,-1,-1,-1
505,-1,298.59,59.43,26.40,141.61,0.06570,-1,-1,-1
505,-1,143.73,95.09,151.26,384.91,0.06530,-1,-1,-1
505,-1,348.94,132.66,54.90,96.62,0.06050,-1,-1,-1
505,-1,368.61,289.45,22.10,44.18,0.05139,-1,-1,-1
506,-1,483.72,73.13,113.54,334.43,0.99959,-1,-1,-1
506,-1,387.62,82.47,97.97,316.39,0.99872,-1,-1,-1
506,-1,342.41,129.02,65.34,217.11,0.99771,-1,-1,-1
506,-1,5.14,8.69,332.42,460.40,0.95529,-1,-1,-1
506,-1,149.52,1.30,195.03,424.97,0.11895,-1,-1,-1
506,-1,359.47,99.04,96.53,277.73,0.10870,-1,-1,-1
506,-1,21.31,84.09,42.75,237.71,0.08322,-1,-1,-1
506,-1,0.02,17.01,175.73,443.17,0.06318,-1,-1,-1
507,-1,484.13,77.26,109.76,340.43,0.99962,-1,-1,-1
507,-1,382.94,87.15,101.20,316.46,0.99916,-1,-1,-1
507,-1,338.58,130.55,68.31,213.40,0.99461,-1,-1,-1
507,-1,18.56,0.56,318.77,476.68,0.98588,-1,-1,-1
507,-1,8.93,88.99,66.03,177.00,0.92581,-1,-1,-1
507,-1,385.98,114.12,50.02,279.93,0.29212,-1,-1,-1
507,-1,7.53,15.58,136.79,408.77,0.24465,-1,-1,-1
507,-1,359.43,254.15,36.40,85.54,0.17798,-1,-1,-1
507,-1,13.98,67.03,75.17,277.43,0.14032,-1,-1,-1
507,-1,190.26,68.71,157.53,396.81,0.11923,-1,-1,-1
507,-1,347.23,216.50,51.44,122.70,0.06264,-1,-1,-1
508,-1,486.25,77.51,108.21,338.47,0.99964,-1,-1,-1
508,-1,374.78,84.89,110.41,321.02,0.99899,-1,-1,-1
508,-1,343.23,127.00,64.33,222.45,0.99505,-1,-1,-1
508,-1,41.07,0.00,296.83,477.09,0.98841,-1,-1,-1
508,-1,1.65,88.77,80.34,206.83,0.90941,-1,-1,-1
508,-1,340.79,125.92,64.98,118.02,0.40203,-1,-1,-1
508,-1,3.72,66.79,123.27,295.28,0.32549,-1,-1,-1
508,-1,380.98,118.08,48.53,265.89,0.17761,-1,-1,-1
508,-1,2.33,32.76,185.91,437.01,0.15416,-1,-1,-1
508,-1,4.02,165.40,54.94,113.40,0.07527,-1,-1,-1
508,-1,249.07,16.26,100.34,306.15,0.07035,-1,-1,-1
508,-1,244.42,291.30,114.49,183.95,0.05336,-1,-1,-1
509,-1,487.60,75.87,109.22,337.26,0.99972,-1,-1,-1
509,-1,367.43,84.16,119.44,320.38,0.99884,-1,-1,-1
509,-1,344.58,120.04,67.09,216.92,0.99027,-1,-1,-1
509,-1,11.46,7.41,331.94,450.75,0.97683,-1,-1,-1
509,-1,7.22,100.04,86.89,223.21,0.80477,-1,-1,-1
509,-1,374.32,113.28,61.64,261.61,0.35431,-1,-1,-1
509,-1,17.57,155.10,57.40,158.66,0.30419,-1,-1,-1
509,-1,3.74,41.87,124.41,312.57,0.24984,-1,-1,-1
509,-1,163.53,0.00,210.98,475.77,0.09171,-1,-1,-1
509,-1,348.43,122.83,59.76,114.08,0.08276,-1,-1,-1
509,-1,12.32,51.55,211.39,316.67,0.05369,-1,-1,-1
510,-1,491.72,81.51,104.37,334.00,0.99974,-1,-1,-1
510,-1,373.29,96.27,112.74,315.80,0.99883,-1,-1,-1
510,-1,4.29,67.16,110.40,265.89,0.99584,-1,-1,-1
510,-1,356.77,126.80,54.36,212.92,0.99174,-1,-1,-1
510,-1,78.13,3.41,288.05,472.59,0.98332,-1,-1,-1
510,-1,10.45,23.89,150.05,413.18,0.58099,-1,-1,-1
510,-1,221.78,47.93,180.64,414.46,0.17889,-1,-1,-1
510,-1,356.13,119.59,48.69,117.28,0.17171,-1,-1,-1
510,-1,350.96,114.15,97.88,264.41,0.14732,-1,-1,-1
510,-1,78.58,16.74,142.26,460.34,0.12219,-1,-1,-1
510,-1,23.14,148.88,71.88,175.29,0.08447,-1,-1,-1
510,-1,96.42,169.72,217.01,301.95,0.07002,-1,-1,-1
511,-1,495.03,79.89,102.23,328.46,0.99962,-1,-1,-1
511,-1,385.31,88.04,101.74,329.47,0.99948,-1,-1,-1
511,-1,5.31,68.95,121.83,287.70,0.99916,-1,-1,-1
511,-1,93.13,0.00,287.40,474.69,0.95670,-1,-1,-1
511,-1,367.39,126.09,41.45,194.62,0.94470,-1,-1,-1
511,-1,27.51,23.14,182.54,434.20,0.72261,-1,-1,-1
511,-1,374.21,110.43,51.23,275.52,0.49427,-1,-1,-1
511,-1,366.44,130.42,45.95,101.58,0.29286,-1,-1,-1
511,-1,186.58,210.50,138.66,261.90,0.26671,-1,-1,-1
511,-1,296.08,250.34,102.15,222.16,0.26017,-1,-1,-1
511,-1,108.79,0.00,139.37,473.32,0.24704,-1,-1,-1
511,-1,18.62,133.69,75.75,201.61,0.19770,-1,-1,-1
511,-1,277.30,4.84,103.42,297.06,0.09202,-1,-1,-1
511,-1,232.31,5.89,173.00,455.63,0.05626,-1,-1,-1
511,-1,80.52,166.13,236.91,305.37,0.05400,-1,-1,-1
512,-1,387.11,95.46,102.49,321.23,0.99949,-1,-1,-1
512,-1,499.32,83.64,106.74,319.80,0.99941,-1,-1,-1
512,-1,22.90,71.07,121.19,269.45,0.99928,-1,-1,-1
512,-1,116.49,0.00,267.47,479.37,0.99507,-1,-1,-1
512,-1,377.67,137.31,31.66,70.23,0.84222,-1,-1,-1
512,-1,312.92,270.67,103.16,200.17,0.81382,-1,-1,-1
512,-1,22.12,131.97,79.49,208.38,0.80574,-1,-1,-1
512,-1,113.53,0.00,137.00,472.41,0.47815,-1,-1,-1
512,-1,376.76,138.51,35.77,160.71,0.31882,-1,-1,-1
512,-1,162.49,204.10,217.01,268.86,0.20151,-1,-1,-1
512,-1,113.22,277.05,108.86,196.60,0.12676,-1,-1,-1
512,-1,19.03,126.07,59.79,68.12,0.11906,-1,-1,-1
512,-1,384.65,133.95,38.05,255.83,0.11710,-1,-1,-1
512,-1,25.66,33.62,168.29,394.41,0.09386,-1,-1,-1
512,-1,19.69,143.57,50.44,162.34,0.07312,-1,-1,-1
512,-1,359.87,132.37,43.96,193.38,0.06899,-1,-1,-1
512,-1,21.06,142.00,45.52,44.54,0.05502,-1,-1,-1
513,-1,502.46,87.56,109.30,325.58,0.99940,-1,-1,-1
513,-1,397.43,95.83,97.69,326.95,0.99921,-1,-1,-1
513,-1,73.62,70.27,101.14,320.37,0.99908,-1,-1,-1
513,-1,8.41,117.46,81.53,233.28,0.99799,-1,-1,-1
513,-1,157.27,0.00,258.77,477.34,0.99465,-1,-1,-1
513,-1,335.11,290.94,99.19,185.62,0.73262,-1,-1,-1
513,-1,273.20,24.12,185.51,444.78,0.42864,-1,-1,-1
513,-1,329.27,147.10,105.12,317.65,0.38440,-1,-1,-1
513,-1,34.61,83.62,93.54,292.16,0.15482,-1,-1,-1
513,-1,118.79,0.00,177.08,469.91,0.14168,-1,-1,-1
513,-1,27.39,200.91,63.83,147.99,0.07586,-1,-1,-1
513,-1,132.29,195.17,231.44,272.73,0.06679,-1,-1,-1
513,-1,372.01,93.15,234.41,311.26,0.06117,-1,-1,-1
514,-1,82.66,71.61,95.60,319.75,0.99966,-1,-1,-1
514,-1,496.77,78.74,116.81,332.63,0.99922,-1,-1,-1
514,-1,5.48,114.32,79.60,240.03,0.99870,-1,-1,-1
514,-1,409.07,93.81,87.64,315.89,0.99842,-1,-1,-1
514,-1,161.15,0.00,266.63,479.62,0.99597,-1,-1,-1
514,-1,363.27,66.53,127.68,401.55,0.46367,-1,-1,-1
514,-1,339.63,276.62,103.31,196.91,0.29742,-1,-1,-1
514,-1,26.39,238.66,50.73,108.70,0.13511,-1,-1,-1
514,-1,499.31,80.88,55.30,162.12,0.11565,-1,-1,-1
514,-1,71.39,202.41,24.97,60.64,0.06562,-1,-1,-1
514,-1,315.58,10.53,122.23,445.76,0.06003,-1,-1,-1
515,-1,94.70,70.06,103.07,332.30,0.99950,-1,-1,-1
515,-1,484.98,86.14,131.54,329.72,0.99924,-1,-1,-1
515,-1,4.34,109.54,70.65,253.59,0.99907,-1,-1,-1
515,-1,427.04,93.57,69.98,192.23,0.99577,-1,-1,-1
515,-1,179.76,0.00,281.93,480.00,0.99076,-1,-1,-1
515,-1,1.32,132.50,32.93,166.69,0.41133,-1,-1,-1
515,-1,386.22,84.40,96.21,202.82,0.30055,-1,-1,-1
515,-1,359.43,65.18,106.07,396.30,0.26211,-1,-1,-1
515,-1,431.45,93.47,41.29,56.45,0.25632,-1,-1,-1
515,-1,503.28,86.44,48.94,175.84,0.09310,-1,-1,-1
515,-1,89.96,192.64,16.79,62.74,0.08240,-1,-1,-1
515,-1,164.25,121.27,41.75,232.12,0.07885,-1,-1,-1
515,-1,491.96,84.40,76.21,235.43,0.07649,-1,-1,-1
515,-1,175.01,10.83,144.53,461.74,0.06574,-1,-1,-1
515,-1,501.22,87.56,123.85,191.33,0.06020,-1,-1,-1
515,-1,286.31,7.18,190.11,301.37,0.05880,-1,-1,-1
516,-1,91.37,79.06,108.09,326.60,0.99940,-1,-1,-1
516,-1,482.83,87.13,135.90,333.96,0.99935,-1,-1,-1
516,-1,2.66,99.72,64.82,273.41,0.99894,-1,-1,-1
516,-1,196.43,0.00,294.84,464.95,0.99505,-1,-1,-1
516,-1,184.84,65.99,62.54,320.58,0.87106,-1,-1,-1
516,-1,461.21,104.99,36.48,164.91,0.84152,-1,-1,-1
516,-1,187.42,25.86,93.56,409.45,0.49215,-1,-1,-1
516,-1,135.20,76.94,115.95,355.60,0.19619,-1,-1,-1
516,-1,253.25,21.96,42.90,45.06,0.19399,-1,-1,-1
516,-1,476.67,116.49,32.65,153.11,0.17077,-1,-1,-1
516,-1,185.59,12.08,156.31,285.10,0.15091,-1,-1,-1
516,-1,469.79,131.52,28.37,107.03,0.13600,-1,-1,-1
516,-1,394.16,18.24,94.54,297.71,0.12728,-1,-1,-1
516,-1,341.04,33.58,156.09,426.14,0.09407,-1,-1,-1
516,-1,489.79,97.02,37.20,164.20,0.08120,-1,-1,-1
516,-1,455.56,97.70,18.82,48.00,0.08038,-1,-1,-1
516,-1,490.30,123.44,24.48,73.27,0.07655,-1,-1,-1
516,-1,449.77,95.08,49.95,265.89,0.07132,-1,-1,-1
516,-1,434.38,93.27,57.02,179.37,0.06421,-1,-1,-1
516,-1,470.48,87.15,61.04,232.19,0.05998,-1,-1,-1
516,-1,46.36,91.34,124.33,304.65,0.05492,-1,-1,-1
516,-1,455.09,97.47,31.06,128.39,0.05344,-1,-1,-1
516,-1,491.94,87.20,82.30,245.67,0.05059,-1,-1,-1
517,-1,94.90,88.49,115.12,314.19,0.99968,-1,-1,-1
517,-1,505.87,90.91,117.81,337.60,0.99943,-1,-1,-1
517,-1,0.78,103.90,53.42,257.93,0.99877,-1,-1,-1
517,-1,203.56,0.00,312.36,470.57,0.99470,-1,-1,-1
517,-1,188.12,72.78,81.78,308.70,0.95746,-1,-1,-1
517,-1,496.10,120.41,26.92,79.69,0.59818,-1,-1,-1
517,-1,252.91,27.21,46.62,49.76,0.40272,-1,-1,-1
517,-1,350.80,41.71,166.99,375.51,0.33733,-1,-1,-1
517,-1,499.41,109.63,29.36,148.37,0.17050,-1,-1,-1
517,-1,158.08,229.22,57.97,144.82,0.12699,-1,-1,-1
517,-1,560.24,117.49,74.34,297.89,0.12087,-1,-1,-1
517,-1,126.36,84.17,135.42,306.58,0.09118,-1,-1,-1
517,-1,203.57,29.73,100.95,377.30,0.08723,-1,-1,-1
517,-1,415.89,60.12,179.96,359.33,0.08334,-1,-1,-1
517,-1,46.52,207.67,11.38,22.46,0.06146,-1,-1,-1
517,-1,503.65,93.31,50.28,144.50,0.05001,-1,-1,-1
518,-1,95.94,85.14,121.98,313.83,0.99950,-1,-1,-1
518,-1,514.14,96.02,112.39,331.87,0.99885,-1,-1,-1
518,-1,189.87,31.92,109.35,350.27,0.99804,-1,-1,-1
518,-1,0.68,100.09,37.89,269.45,0.99232,-1,-1,-1
518,-1,264.24,1.25,277.74,467.53,0.99211,-1,-1,-1
518,-1,387.61,12.20,189.77,439.98,0.51327,-1,-1,-1
518,-1,482.80,97.94,73.38,242.58,0.28230,-1,-1,-1
518,-1,400.19,49.18,141.08,291.64,0.24715,-1,-1,-1
518,-1,0.25,182.66,47.86,148.53,0.14007,-1,-1,-1
518,-1,517.66,99.49,91.38,186.61,0.08881,-1,-1,-1
518,-1,494.54,94.33,57.21,141.25,0.08724,-1,-1,-1
518,-1,290.81,143.69,190.65,326.89,0.06746,-1,-1,-1
518,-1,516.49,93.14,32.43,54.15,0.06307,-1,-1,-1
518,-1,463.91,281.72,114.33,157.66,0.05893,-1,-1,-1
518,-1,166.31,87.27,42.99,58.01,0.05538,-1,-1,-1
518,-1,0.58,107.17,26.81,173.03,0.05166,-1,-1,-1
518,-1,441.05,7.44,89.27,280.47,0.05042,-1,-1,-1
519,-1,186.61,30.99,127.38,404.59,0.99937,-1,-1,-1
519,-1,104.91,78.58,105.27,309.85,0.99928,-1,-1,-1
519,-1,284.45,1.34,283.57,465.33,0.99105,-1,-1,-1
519,-1,144.02,47.36,114.38,362.74,0.51242,-1,-1,-1
519,-1,163.59,149.74,49.08,223.89,0.20385,-1,-1,-1
519,-1,482.08,39.35,124.06,320.07,0.08283,-1,-1,-1
519,-1,461.74,122.38,141.49,331.38,0.05324,-1,-1,-1
519,-1,387.23,24.28,217.19,374.80,0.05224,-1,-1,-1
520,-1,185.65,22.84,129.97,425.81,0.99959,-1,-1,-1
520,-1,120.89,77.07,89.95,307.23,0.99906,-1,-1,-1
520,-1,293.33,0.00,303.14,471.52,0.99216,-1,-1,-1
520,-1,166.42,152.73,45.34,227.33,0.33177,-1,-1,-1
520,-1,453.35,0.19,153.88,459.85,0.12671,-1,-1,-1
520,-1,119.65,230.27,23.45,30.53,0.05712,-1,-1,-1
520,-1,213.75,7.53,215.93,455.63,0.05084,-1,-1,-1
521,-1,188.13,19.31,146.67,432.14,0.99932,-1,-1,-1
521,-1,111.54,80.65,108.50,300.55,0.99688,-1,-1,-1
521,-1,329.62,0.00,289.26,474.39,0.99660,-1,-1,-1
521,-1,324.22,59.28,38.93,206.39,0.27778,-1,-1,-1
521,-1,327.63,54.94,41.45,129.84,0.26174,-1,-1,-1
521,-1,99.07,223.49,36.10,36.38,0.24979,-1,-1,-1
521,-1,305.75,88.09,30.19,189.21,0.21859,-1,-1,-1
521,-1,484.67,0.00,145.19,408.57,0.18759,-1,-1,-1
521,-1,302.64,39.79,52.93,239.00,0.12666,-1,-1,-1
521,-1,307.43,176.26,25.63,96.95,0.11718,-1,-1,-1
521,-1,160.15,117.73,55.57,268.32,0.10977,-1,-1,-1
521,-1,320.96,40.06,67.71,284.71,0.07498,-1,-1,-1
521,-1,330.38,59.76,36.96,62.29,0.06656,-1,-1,-1
522,-1,185.00,19.37,158.52,429.93,0.99937,-1,-1,-1
522,-1,346.66,0.00,261.50,470.52,0.99392,-1,-1,-1
522,-1,110.63,109.16,111.20,276.36,0.98843,-1,-1,-1
522,-1,482.83,1.71,145.61,393.70,0.48341,-1,-1,-1
522,-1,165.56,115.18,60.20,280.25,0.39372,-1,-1,-1
522,-1,101.19,219.27,33.83,45.47,0.38700,-1,-1,-1
522,-1,181.41,88.85,39.73,38.83,0.37423,-1,-1,-1
522,-1,555.58,30.49,80.78,324.53,0.18631,-1,-1,-1
522,-1,117.08,118.48,90.88,167.72,0.13866,-1,-1,-1
522,-1,328.99,54.92,46.20,130.80,0.12051,-1,-1,-1
522,-1,232.29,6.71,212.72,457.16,0.10059,-1,-1,-1
522,-1,519.90,10.75,102.09,278.56,0.07884,-1,-1,-1
522,-1,450.89,100.82,145.95,373.58,0.07654,-1,-1,-1
522,-1,342.20,5.73,101.50,234.86,0.05674,-1,-1,-1
523,-1,189.58,16.62,153.63,430.57,0.99963,-1,-1,-1
523,-1,104.57,90.84,118.44,296.62,0.98882,-1,-1,-1
523,-1,355.28,0.00,269.77,474.22,0.98791,-1,-1,-1
523,-1,167.70,108.56,55.16,287.93,0.31686,-1,-1,-1
523,-1,99.41,210.85,32.70,51.44,0.18602,-1,-1,-1
523,-1,177.71,57.58,105.62,351.44,0.10713,-1,-1,-1
523,-1,233.30,8.52,225.42,451.42,0.09640,-1,-1,-1
523,-1,125.50,160.01,73.57,134.18,0.08766,-1,-1,-1
523,-1,553.65,6.54,84.43,279.94,0.08199,-1,-1,-1
523,-1,157.15,209.04,17.04,80.87,0.06782,-1,-1,-1
523,-1,307.60,0.07,27.74,74.04,0.06516,-1,-1,-1
523,-1,142.65,100.17,66.21,201.16,0.05839,-1,-1,-1
523,-1,319.44,49.69,50.41,228.83,0.05629,-1,-1,-1
523,-1,526.62,0.00,110.40,421.61,0.05381,-1,-1,-1
524,-1,192.05,14.50,151.73,425.30,0.99964,-1,-1,-1
524,-1,99.04,81.45,122.37,304.34,0.99363,-1,-1,-1
524,-1,369.73,3.21,243.32,476.79,0.97039,-1,-1,-1
524,-1,484.39,68.58,152.65,396.64,0.69642,-1,-1,-1
524,-1,123.80,45.87,183.21,371.37,0.54116,-1,-1,-1
524,-1,147.54,188.19,21.73,96.32,0.47614,-1,-1,-1
524,-1,90.60,203.58,39.62,49.76,0.36032,-1,-1,-1
524,-1,577.36,147.26,62.64,318.07,0.23179,-1,-1,-1
524,-1,158.88,95.44,60.46,269.94,0.21563,-1,-1,-1
524,-1,96.52,180.88,18.32,20.83,0.19357,-1,-1,-1
524,-1,132.27,150.35,43.00,135.34,0.18054,-1,-1,-1
524,-1,125.47,108.23,65.46,181.37,0.14183,-1,-1,-1
524,-1,582.97,293.03,57.03,186.97,0.12508,-1,-1,-1
524,-1,312.54,159.72,28.54,117.40,0.12122,-1,-1,-1
524,-1,304.52,0.53,29.24,66.09,0.08478,-1,-1,-1
524,-1,175.89,90.98,46.44,165.40,0.06461,-1,-1,-1
524,-1,309.64,74.73,34.91,198.90,0.05072,-1,-1,-1
525,-1,197.42,21.36,152.05,414.18,0.99948,-1,-1,-1
525,-1,116.14,84.41,106.57,269.48,0.99613,-1,-1,-1
525,-1,387.42,7.77,243.16,471.75,0.98384,-1,-1,-1
525,-1,321.22,42.36,51.44,244.73,0.44940,-1,-1,-1
525,-1,125.76,61.22,161.43,358.79,0.37612,-1,-1,-1
525,-1,147.61,194.04,22.94,92.73,0.20072,-1,-1,-1
525,-1,185.54,83.60,40.82,40.24,0.20016,-1,-1,-1
525,-1,321.07,185.05,30.21,96.24,0.10554,-1,-1,-1
525,-1,128.45,112.97,62.41,177.58,0.09191,-1,-1,-1
525,-1,329.40,38.09,43.36,120.65,0.05813,-1,-1,-1
525,-1,317.31,129.64,37.24,147.45,0.05630,-1,-1,-1
525,-1,48.22,195.48,10.99,26.47,0.05241,-1,-1,-1
525,-1,475.67,117.28,157.24,356.35,0.05092,-1,-1,-1
526,-1,207.71,19.39,153.79,416.04,0.99969,-1,-1,-1
526,-1,136.34,80.32,96.55,268.11,0.99862,-1,-1,-1
526,-1,402.22,3.74,223.53,471.50,0.98872,-1,-1,-1
526,-1,150.17,195.70,24.45,87.17,0.69582,-1,-1,-1
526,-1,167.97,39.54,146.83,358.16,0.32111,-1,-1,-1
526,-1,541.86,44.47,98.14,428.11,0.23315,-1,-1,-1
526,-1,321.93,224.81,14.82,48.95,0.21761,-1,-1,-1
526,-1,321.39,48.04,48.07,228.19,0.18847,-1,-1,-1
526,-1,325.79,171.78,35.67,108.45,0.11524,-1,-1,-1
526,-1,320.99,243.37,12.66,30.03,0.10736,-1,-1,-1
526,-1,516.72,281.94,120.49,195.37,0.05500,-1,-1,-1
527,-1,208.32,13.17,159.82,451.36,0.99950,-1,-1,-1
527,-1,145.69,75.04,90.71,285.83,0.99881,-1,-1,-1
527,-1,401.20,0.00,232.78,477.89,0.98686,-1,-1,-1
527,-1,143.81,173.32,28.14,115.32,0.95065,-1,-1,-1
527,-1,390.40,128.97,41.52,256.62,0.79770,-1,-1,-1
527,-1,537.18,84.25,102.82,392.03,0.38372,-1,-1,-1
527,-1,386.91,100.38,65.94,323.99,0.33068,-1,-1,-1
527,-1,376.51,130.45,52.94,155.01,0.24848,-1,-1,-1
527,-1,325.04,32.89,47.37,253.46,0.16132,-1,-1,-1
527,-1,400.59,29.56,73.74,366.61,0.08460,-1,-1,-1
527,-1,151.69,37.76,139.16,418.03,0.06343,-1,-1,-1
528,-1,214.56,27.08,158.83,414.76,0.99950,-1,-1,-1
528,-1,162.39,91.05,84.65,287.63,0.99874,-1,-1,-1
528,-1,373.44,102.77,96.67,316.95,0.99707,-1,-1,-1
528,-1,130.62,162.32,40.69,139.65,0.99642,-1,-1,-1
528,-1,433.62,0.00,206.38,475.25,0.99521,-1,-1,-1
528,-1,381.47,103.03,82.88,177.54,0.81346,-1,-1,-1
528,-1,156.41,201.28,19.27,57.32,0.14366,-1,-1,-1
528,-1,87.61,207.26,32.62,49.23,0.05029,-1,-1,-1
529,-1,207.46,20.52,164.21,447.52,0.99948,-1,-1,-1
529,-1,126.34,165.63,50.29,147.40,0.99914,-1,-1,-1
529,-1,379.00,110.36,94.62,309.58,0.99878,-1,-1,-1
529,-1,159.80,98.11,86.63,294.71,0.99802,-1,-1,-1
529,-1,451.91,0.00,188.09,476.70,0.99745,-1,-1,-1
529,-1,166.65,199.00,14.60,64.10,0.38667,-1,-1,-1
529,-1,157.62,183.93,21.16,81.29,0.10615,-1,-1,-1
529,-1,203.63,91.55,77.30,318.96,0.07100,-1,-1,-1
530,-1,216.63,20.88,158.27,443.70,0.99965,-1,-1,-1
530,-1,156.14,107.76,93.49,279.24,0.99930,-1,-1,-1
530,-1,378.26,116.06,99.93,313.52,0.99912,-1,-1,-1
530,-1,118.30,162.23,52.33,154.60,0.99896,-1,-1,-1
530,-1,465.77,0.00,174.23,476.47,0.99801,-1,-1,-1
530,-1,166.23,196.15,20.31,70.49,0.36765,-1,-1,-1
530,-1,188.27,36.88,128.19,393.36,0.26898,-1,-1,-1
530,-1,157.93,180.53,21.86,80.66,0.14558,-1,-1,-1
530,-1,208.37,103.20,35.03,41.86,0.11533,-1,-1,-1
530,-1,164.24,197.57,13.07,53.13,0.06520,-1,-1,-1
531,-1,222.05,26.66,158.28,427.69,0.99969,-1,-1,-1
531,-1,380.28,118.94,101.84,308.58,0.99914,-1,-1,-1
531,-1,108.10,159.74,58.92,156.99,0.99875,-1,-1,-1
531,-1,156.80,106.03,93.14,284.15,0.99778,-1,-1,-1
531,-1,478.18,5.79,161.76,473.08,0.99554,-1,-1,-1
531,-1,172.47,176.72,20.17,113.06,0.79389,-1,-1,-1
531,-1,481.92,104.97,24.80,65.10,0.42513,-1,-1,-1
531,-1,161.44,175.99,20.32,93.56,0.21850,-1,-1,-1
531,-1,171.03,51.56,112.19,372.10,0.17786,-1,-1,-1
531,-1,211.99,104.43,35.61,43.10,0.16528,-1,-1,-1
531,-1,475.40,101.89,29.45,98.58,0.14575,-1,-1,-1
531,-1,155.72,182.34,19.58,77.55,0.09148,-1,-1,-1
531,-1,470.35,94.03,64.95,325.59,0.08307,-1,-1,-1
531,-1,168.62,143.09,32.31,146.41,0.05406,-1,-1,-1
532,-1,225.30,25.09,145.62,436.98,0.99959,-1,-1,-1
532,-1,373.90,112.47,102.00,299.82,0.99945,-1,-1,-1
532,-1,89.94,159.53,69.50,163.72,0.99915,-1,-1,-1
532,-1,167.29,102.78,84.29,273.18,0.99871,-1,-1,-1
532,-1,493.45,0.00,143.74,473.04,0.99249,-1,-1,-1
532,-1,166.38,166.57,26.19,122.92,0.96956,-1,-1,-1
532,-1,473.87,98.06,43.61,179.45,0.93786,-1,-1,-1
532,-1,470.36,102.73,57.26,282.40,0.82730,-1,-1,-1
532,-1,157.76,167.82,27.26,99.58,0.50792,-1,-1,-1
532,-1,477.30,64.31,93.69,398.33,0.43404,-1,-1,-1
532,-1,150.29,182.58,21.50,82.85,0.20110,-1,-1,-1
532,-1,207.84,82.84,65.32,306.03,0.15317,-1,-1,-1
532,-1,476.08,102.62,37.32,89.57,0.10574,-1,-1,-1
532,-1,25.08,211.01,10.52,24.25,0.09332,-1,-1,-1
532,-1,1.97,201.98,12.81,39.67,0.09246,-1,-1,-1
532,-1,132.70,168.23,36.75,115.13,0.07588,-1,-1,-1
532,-1,284.20,65.94,170.39,397.35,0.06198,-1,-1,-1
533,-1,216.70,17.86,146.58,444.17,0.99973,-1,-1,-1
533,-1,361.02,106.83,105.32,302.85,0.99913,-1,-1,-1
533,-1,73.57,153.25,73.71,169.12,0.99861,-1,-1,-1
533,-1,170.71,93.09,75.77,271.73,0.99837,-1,-1,-1
533,-1,480.25,0.48,158.21,475.71,0.99006,-1,-1,-1
533,-1,464.92,91.70,54.88,292.18,0.98124,-1,-1,-1
533,-1,149.77,162.48,33.70,121.04,0.96105,-1,-1,-1
533,-1,147.21,166.41,24.48,97.47,0.27656,-1,-1,-1
533,-1,403.72,100.28,48.77,59.21,0.16931,-1,-1,-1
533,-1,479.00,47.07,87.26,397.20,0.15687,-1,-1,-1
533,-1,465.79,91.64,51.42,134.92,0.10410,-1,-1,-1
533,-1,123.52,161.78,43.14,132.76,0.10160,-1,-1,-1
533,-1,523.45,256.68,116.07,219.86,0.08479,-1,-1,-1
533,-1,73.90,193.20,19.58,57.87,0.07155,-1,-1,-1
533,-1,211.36,91.24,32.45,41.76,0.05649,-1,-1,-1
533,-1,164.49,170.96,27.13,111.45,0.05220,-1,-1,-1
534,-1,51.31,146.42,72.34,180.37,0.99932,-1,-1,-1
534,-1,352.15,101.50,102.58,303.31,0.99930,-1,-1,-1
534,-1,204.11,28.23,145.31,420.20,0.99908,-1,-1,-1
534,-1,152.20,90.96,83.93,275.06,0.99775,-1,-1,-1
534,-1,492.52,0.00,146.60,479.17,0.99379,-1,-1,-1
534,-1,451.10,89.41,66.86,313.91,0.99303,-1,-1,-1
534,-1,140.30,156.70,30.42,128.14,0.95034,-1,-1,-1
534,-1,131.59,156.14,33.66,91.99,0.48601,-1,-1,-1
534,-1,417.31,129.63,38.25,224.86,0.17124,-1,-1,-1
534,-1,127.69,168.82,25.19,88.54,0.14874,-1,-1,-1
534,-1,197.09,87.40,42.98,283.10,0.11331,-1,-1,-1
534,-1,529.33,286.39,110.20,187.61,0.08747,-1,-1,-1
534,-1,429.56,131.59,38.98,196.63,0.07848,-1,-1,-1
534,-1,253.39,48.35,158.73,402.86,0.05888,-1,-1,-1
534,-1,426.68,141.67,21.33,34.75,0.05593,-1,-1,-1
535,-1,33.97,138.85,75.33,188.69,0.99934,-1,-1,-1
535,-1,340.17,101.52,107.47,311.43,0.99885,-1,-1,-1
535,-1,185.68,31.35,155.27,419.89,0.99828,-1,-1,-1
535,-1,446.42,89.13,70.97,315.25,0.99785,-1,-1,-1
535,-1,498.45,7.46,141.13,465.48,0.99752,-1,-1,-1
535,-1,138.14,96.53,93.57,276.47,0.97840,-1,-1,-1
535,-1,134.17,206.03,30.47,79.49,0.63444,-1,-1,-1
535,-1,182.31,116.31,53.85,258.27,0.47122,-1,-1,-1
535,-1,133.17,135.81,78.33,152.21,0.37521,-1,-1,-1
535,-1,130.11,177.39,45.41,106.72,0.36005,-1,-1,-1
535,-1,130.80,215.31,23.74,50.28,0.19269,-1,-1,-1
535,-1,322.89,109.93,79.26,281.08,0.16992,-1,-1,-1
535,-1,169.97,78.09,98.18,299.46,0.16513,-1,-1,-1
535,-1,123.60,168.40,27.80,84.97,0.14745,-1,-1,-1
535,-1,414.46,154.99,33.50,209.04,0.09884,-1,-1,-1
535,-1,59.38,148.26,54.28,139.86,0.07738,-1,-1,-1
535,-1,73.61,163.92,31.09,104.12,0.07520,-1,-1,-1
535,-1,262.52,61.44,161.16,396.28,0.07395,-1,-1,-1
535,-1,518.50,288.27,120.55,188.87,0.06963,-1,-1,-1
535,-1,45.14,137.85,58.68,119.97,0.06240,-1,-1,-1
536,-1,24.75,129.71,78.00,203.41,0.99942,-1,-1,-1
536,-1,444.35,89.21,76.74,318.77,0.99904,-1,-1,-1
536,-1,328.64,102.36,114.46,306.60,0.99875,-1,-1,-1
536,-1,185.66,22.20,156.29,420.21,0.99821,-1,-1,-1
536,-1,504.45,9.06,135.55,470.94,0.99706,-1,-1,-1
536,-1,131.58,112.88,94.75,224.60,0.97359,-1,-1,-1
536,-1,123.89,155.91,45.13,125.78,0.90990,-1,-1,-1
536,-1,130.16,139.53,69.22,149.13,0.81337,-1,-1,-1
536,-1,170.11,108.24,69.18,268.35,0.74547,-1,-1,-1
536,-1,117.86,159.42,39.86,89.87,0.34850,-1,-1,-1
536,-1,166.81,47.18,118.14,333.68,0.34681,-1,-1,-1
536,-1,532.68,267.21,107.32,205.38,0.24957,-1,-1,-1
536,-1,327.61,136.07,70.20,244.50,0.22079,-1,-1,-1
536,-1,415.16,150.51,33.65,206.67,0.15294,-1,-1,-1
536,-1,420.52,144.94,23.57,71.43,0.13301,-1,-1,-1
536,-1,417.57,143.74,21.70,19.55,0.09742,-1,-1,-1
536,-1,128.08,157.75,32.15,46.59,0.09463,-1,-1,-1
536,-1,13.10,166.06,27.41,84.06,0.07625,-1,-1,-1
536,-1,64.83,139.23,42.72,121.51,0.06031,-1,-1,-1
537,-1,443.34,84.81,80.58,315.44,0.99934,-1,-1,-1
537,-1,331.11,92.96,111.62,321.28,0.99906,-1,-1,-1
537,-1,172.14,15.73,166.44,430.31,0.99865,-1,-1,-1
537,-1,12.05,115.69,84.74,219.92,0.99850,-1,-1,-1
537,-1,504.43,11.39,135.57,468.61,0.99243,-1,-1,-1
537,-1,121.91,145.75,49.37,137.79,0.98507,-1,-1,-1
537,-1,131.92,112.55,89.32,187.14,0.95263,-1,-1,-1
537,-1,154.12,106.05,81.21,265.92,0.87819,-1,-1,-1
537,-1,136.05,53.80,150.00,337.20,0.61031,-1,-1,-1
537,-1,417.82,138.11,28.61,76.75,0.29269,-1,-1,-1
537,-1,175.94,154.92,48.24,217.39,0.26155,-1,-1,-1
537,-1,125.85,148.71,36.19,92.20,0.21447,-1,-1,-1
537,-1,0.41,155.86,23.23,84.35,0.19291,-1,-1,-1
537,-1,416.45,135.67,27.33,28.15,0.17532,-1,-1,-1
537,-1,412.08,141.66,37.86,219.72,0.14644,-1,-1,-1
537,-1,324.20,144.16,58.93,238.27,0.11256,-1,-1,-1
537,-1,517.80,235.39,120.95,238.62,0.09228,-1,-1,-1
537,-1,60.41,153.18,39.60,103.76,0.06676,-1,-1,-1
537,-1,159.87,135.29,53.87,191.66,0.05018,-1,-1,-1
538,-1,442.33,87.38,85.76,317.50,0.99932,-1,-1,-1
538,-1,6.96,116.73,83.37,226.02,0.99904,-1,-1,-1
538,-1,330.77,92.47,112.41,325.48,0.99858,-1,-1,-1
538,-1,185.29,0.37,166.80,465.22,0.99818,-1,-1,-1
538,-1,516.20,15.34,122.87,455.34,0.99403,-1,-1,-1
538,-1,121.45,144.14,47.13,141.96,0.98609,-1,-1,-1
538,-1,412.55,139.08,39.93,189.71,0.94220,-1,-1,-1
538,-1,128.53,118.44,91.74,182.19,0.93918,-1,-1,-1
538,-1,172.28,119.15,54.40,221.64,0.69854,-1,-1,-1
538,-1,417.47,139.03,30.70,102.03,0.37893,-1,-1,-1
538,-1,169.55,44.43,109.42,302.66,0.19773,-1,-1,-1
538,-1,104.89,158.44,26.31,83.10,0.16403,-1,-1,-1
538,-1,126.90,145.47,36.78,61.21,0.14449,-1,-1,-1
538,-1,398.70,108.88,61.41,268.18,0.12186,-1,-1,-1
538,-1,418.50,137.07,27.55,36.40,0.10415,-1,-1,-1
538,-1,107.75,144.84,45.10,122.27,0.09671,-1,-1,-1
538,-1,0.00,151.82,18.11,79.94,0.09322,-1,-1,-1
538,-1,186.02,223.89,31.07,110.59,0.05822,-1,-1,-1
538,-1,0.00,157.40,11.89,42.24,0.05309,-1,-1,-1
539,-1,447.27,86.55,94.90,319.97,0.99924,-1,-1,-1
539,-1,189.51,2.28,166.69,456.65,0.99908,-1,-1,-1
539,-1,119.15,140.56,48.36,145.72,0.99808,-1,-1,-1
539,-1,1.46,113.67,88.31,226.95,0.99803,-1,-1,-1
539,-1,337.89,84.59,99.97,331.51,0.99763,-1,-1,-1
539,-1,411.28,128.91,50.72,218.10,0.98908,-1,-1,-1
539,-1,155.11,127.18,58.11,166.79,0.98346,-1,-1,-1
539,-1,523.32,0.00,114.97,478.00,0.98048,-1,-1,-1
539,-1,174.76,123.47,56.15,222.43,0.53788,-1,-1,-1
539,-1,415.79,132.37,41.10,131.91,0.32426,-1,-1,-1
539,-1,167.33,69.99,93.79,275.37,0.20748,-1,-1,-1
539,-1,374.63,83.14,43.28,73.07,0.16922,-1,-1,-1
539,-1,429.48,81.47,71.57,307.19,0.14582,-1,-1,-1
539,-1,173.93,176.71,23.23,107.34,0.13213,-1,-1,-1
539,-1,351.58,86.61,78.48,177.59,0.11796,-1,-1,-1
539,-1,135.96,136.96,53.41,148.66,0.11410,-1,-1,-1
539,-1,470.81,16.63,142.78,428.97,0.09983,-1,-1,-1
539,-1,362.59,113.52,91.10,242.42,0.05731,-1,-1,-1
540,-1,453.70,81.60,96.83,329.40,0.99965,-1,-1,-1
540,-1,195.89,3.29,167.72,456.38,0.99939,-1,-1,-1
540,-1,120.66,140.23,52.72,150.39,0.99913,-1,-1,-1
540,-1,0.00,115.86,93.43,237.65,0.99835,-1,-1,-1
540,-1,343.20,92.53,97.86,320.61,0.99833,-1,-1,-1
540,-1,413.19,129.71,49.21,222.74,0.99654,-1,-1,-1
540,-1,167.46,120.20,69.99,234.40,0.98952,-1,-1,-1
540,-1,543.11,16.14,95.96,441.55,0.97819,-1,-1,-1
540,-1,167.09,135.97,41.85,155.19,0.18679,-1,-1,-1
540,-1,423.81,95.76,65.64,288.21,0.17154,-1,-1,-1
540,-1,159.95,153.41,12.19,20.51,0.09896,-1,-1,-1
540,-1,174.34,47.41,98.91,312.90,0.09341,-1,-1,-1
540,-1,427.50,132.13,28.88,47.96,0.05104,-1,-1,-1
541,-1,202.80,6.87,172.75,453.11,0.99950,-1,-1,-1
541,-1,455.61,75.30,108.48,337.61,0.99929,-1,-1,-1
541,-1,119.97,141.34,59.17,152.04,0.99926,-1,-1,-1
541,-1,0.00,108.63,78.02,257.70,0.99916,-1,-1,-1
541,-1,354.05,91.45,91.50,322.37,0.99856,-1,-1,-1
541,-1,420.29,130.10,50.52,226.86,0.99337,-1,-1,-1
541,-1,195.03,129.03,48.52,237.44,0.95822,-1,-1,-1
541,-1,557.76,12.42,81.28,432.52,0.94878,-1,-1,-1
541,-1,191.61,126.38,37.80,178.20,0.89167,-1,-1,-1
541,-1,173.90,161.09,22.21,83.08,0.86011,-1,-1,-1
541,-1,165.92,156.95,15.01,19.87,0.79525,-1,-1,-1
541,-1,176.85,157.38,28.53,123.35,0.72997,-1,-1,-1
541,-1,164.12,154.19,19.19,79.84,0.55306,-1,-1,-1
541,-1,77.06,179.21,18.18,22.84,0.34088,-1,-1,-1
541,-1,409.96,226.89,31.05,110.58,0.23897,-1,-1,-1
541,-1,194.35,57.74,82.85,332.39,0.09776,-1,-1,-1
541,-1,168.79,157.73,13.34,46.37,0.08843,-1,-1,-1
541,-1,3.75,105.29,76.74,136.38,0.05465,-1,-1,-1
541,-1,113.04,187.39,18.00,44.99,0.05328,-1,-1,-1
541,-1,436.54,132.70,30.91,79.48,0.05135,-1,-1,-1
542,-1,105.09,138.05,75.12,163.98,0.99966,-1,-1,-1
542,-1,216.90,7.64,164.00,460.19,0.99934,-1,-1,-1
542,-1,450.37,67.71,119.58,358.84,0.99910,-1,-1,-1
542,-1,366.00,86.68,86.02,329.79,0.99653,-1,-1,-1
542,-1,0.59,103.37,69.94,270.49,0.99486,-1,-1,-1
542,-1,186.53,148.66,31.99,143.18,0.96704,-1,-1,-1
542,-1,583.09,29.26,56.39,409.75,0.93322,-1,-1,-1
542,-1,203.76,132.05,46.82,228.29,0.90076,-1,-1,-1
542,-1,429.24,129.90,52.19,209.49,0.85030,-1,-1,-1
542,-1,196.93,136.73,35.42,156.06,0.77959,-1,-1,-1
542,-1,170.40,155.38,16.33,34.19,0.69405,-1,-1,-1
542,-1,436.83,132.64,38.71,122.75,0.59684,-1,-1,-1
542,-1,179.65,154.80,28.34,116.39,0.53575,-1,-1,-1
542,-1,1.11,99.02,71.54,126.88,0.43168,-1,-1,-1
542,-1,437.48,91.35,76.89,306.26,0.39375,-1,-1,-1
542,-1,385.22,123.00,67.15,212.53,0.33480,-1,-1,-1
542,-1,175.00,156.87,23.05,84.68,0.20727,-1,-1,-1
542,-1,169.79,156.02,16.00,82.34,0.18842,-1,-1,-1
542,-1,487.17,272.34,19.13,51.33,0.11313,-1,-1,-1
542,-1,111.52,188.06,19.75,53.22,0.09777,-1,-1,-1
542,-1,185.85,156.55,14.41,33.86,0.08029,-1,-1,-1
542,-1,197.11,150.84,15.27,25.92,0.07675,-1,-1,-1
542,-1,182.52,156.14,21.08,64.41,0.07410,-1,-1,-1
542,-1,408.41,170.08,51.54,160.64,0.06623,-1,-1,-1
542,-1,180.25,186.64,15.53,55.80,0.06514,-1,-1,-1
542,-1,359.24,114.45,55.25,307.07,0.06483,-1,-1,-1
542,-1,194.40,33.12,100.08,343.90,0.06474,-1,-1,-1
542,-1,184.35,152.47,11.23,31.96,0.05642,-1,-1,-1
543,-1,100.78,142.93,79.57,161.80,0.99966,-1,-1,-1
543,-1,229.22,13.92,162.66,456.44,0.99934,-1,-1,-1
543,-1,444.15,77.23,134.81,351.96,0.99924,-1,-1,-1
543,-1,0.00,93.52,71.40,294.27,0.99593,-1,-1,-1
543,-1,365.25,90.62,89.77,338.44,0.99495,-1,-1,-1
543,-1,187.30,151.24,38.34,143.04,0.98291,-1,-1,-1
543,-1,212.88,137.97,47.12,240.69,0.97901,-1,-1,-1
543,-1,438.51,138.88,43.23,171.59,0.90615,-1,-1,-1
543,-1,170.97,157.22,22.01,87.11,0.77848,-1,-1,-1
543,-1,578.97,6.46,60.58,433.62,0.61068,-1,-1,-1
543,-1,601.02,146.31,38.98,277.24,0.57077,-1,-1,-1
543,-1,434.42,126.39,66.56,261.84,0.54964,-1,-1,-1
543,-1,397.16,105.71,73.51,293.24,0.31253,-1,-1,-1
543,-1,177.16,166.69,21.57,82.72,0.27425,-1,-1,-1
543,-1,173.55,158.49,17.48,42.59,0.24386,-1,-1,-1
543,-1,2.28,91.66,70.96,154.77,0.14930,-1,-1,-1
543,-1,213.14,77.72,80.62,319.92,0.14713,-1,-1,-1
543,-1,219.27,143.02,29.03,166.58,0.13899,-1,-1,-1
543,-1,171.58,156.58,41.50,101.65,0.12033,-1,-1,-1
543,-1,464.92,79.29,53.42,99.55,0.10617,-1,-1,-1
543,-1,193.19,135.82,49.95,179.73,0.08639,-1,-1,-1
543,-1,85.55,182.79,23.67,22.26,0.08262,-1,-1,-1
543,-1,356.73,139.61,60.32,288.82,0.07505,-1,-1,-1
543,-1,494.17,281.93,18.77,43.81,0.06962,-1,-1,-1
543,-1,338.17,206.34,25.51,105.28,0.06195,-1,-1,-1
543,-1,184.97,143.60,98.16,224.64,0.05879,-1,-1,-1
544,-1,100.40,135.39,80.16,168.77,0.99978,-1,-1,-1
544,-1,452.42,79.95,133.80,354.18,0.99938,-1,-1,-1
544,-1,236.07,6.89,173.82,466.25,0.99896,-1,-1,-1
544,-1,187.14,147.24,45.46,149.99,0.99694,-1,-1,-1
544,-1,370.52,93.90,91.87,329.28,0.99125,-1,-1,-1
544,-1,436.39,131.38,51.64,210.45,0.91436,-1,-1,-1
544,-1,0.55,90.71,69.69,294.17,0.91162,-1,-1,-1
544,-1,219.54,147.67,48.73,221.75,0.74558,-1,-1,-1
544,-1,231.36,137.00,29.43,104.50,0.65605,-1,-1,-1
544,-1,175.37,155.20,22.33,85.93,0.63824,-1,-1,-1
544,-1,396.17,115.82,66.17,220.09,0.52752,-1,-1,-1
544,-1,440.77,94.68,81.24,295.21,0.31023,-1,-1,-1
544,-1,182.59,167.55,17.97,78.91,0.26503,-1,-1,-1
544,-1,420.09,216.38,49.35,128.24,0.24859,-1,-1,-1
544,-1,180.76,148.80,30.86,113.03,0.24642,-1,-1,-1
544,-1,597.79,171.23,40.36,140.64,0.16805,-1,-1,-1
544,-1,450.30,130.45,35.27,136.17,0.10394,-1,-1,-1
544,-1,397.93,87.34,43.06,73.23,0.09405,-1,-1,-1
544,-1,41.74,185.32,33.29,69.81,0.09289,-1,-1,-1
544,-1,175.59,149.79,21.25,53.20,0.06737,-1,-1,-1
544,-1,90.49,179.04,22.21,23.71,0.06725,-1,-1,-1
544,-1,220.62,153.23,15.39,84.71,0.05730,-1,-1,-1
545,-1,103.71,133.79,77.33,168.83,0.99972,-1,-1,-1
545,-1,247.60,2.72,168.89,468.44,0.99947,-1,-1,-1
545,-1,458.25,79.17,138.38,360.68,0.99918,-1,-1,-1
545,-1,186.67,148.02,50.98,147.42,0.99580,-1,-1,-1
545,-1,382.49,89.33,85.31,337.40,0.99067,-1,-1,-1
545,-1,228.69,137.67,41.65,223.23,0.95862,-1,-1,-1
545,-1,2.13,100.23,63.52,284.35,0.86718,-1,-1,-1
545,-1,240.47,136.64,26.32,109.92,0.82996,-1,-1,-1
545,-1,443.73,133.54,47.47,218.09,0.76351,-1,-1,-1
545,-1,174.57,152.46,26.18,58.48,0.64013,-1,-1,-1
545,-1,404.99,127.75,62.98,207.61,0.46820,-1,-1,-1
545,-1,457.96,131.00,29.66,44.67,0.39254,-1,-1,-1
545,-1,453.28,131.83,35.53,130.25,0.30485,-1,-1,-1
545,-1,183.15,156.52,24.98,91.05,0.30389,-1,-1,-1
545,-1,233.13,110.77,62.79,245.98,0.24961,-1,-1,-1
545,-1,448.68,99.95,70.43,278.31,0.23383,-1,-1,-1
545,-1,222.78,148.16,18.23,85.96,0.19807,-1,-1,-1
545,-1,404.00,86.17,48.35,74.71,0.19224,-1,-1,-1
545,-1,220.63,147.27,14.04,28.19,0.16493,-1,-1,-1
545,-1,477.21,80.00,120.60,200.07,0.15575,-1,-1,-1
545,-1,180.83,153.37,20.00,27.93,0.10640,-1,-1,-1
545,-1,106.36,188.37,21.08,71.96,0.09160,-1,-1,-1
545,-1,417.16,197.02,52.14,159.42,0.07885,-1,-1,-1
545,-1,401.17,92.05,60.55,163.19,0.07429,-1,-1,-1
545,-1,170.93,151.34,28.22,103.26,0.07040,-1,-1,-1
545,-1,482.83,79.33,51.13,75.99,0.06654,-1,-1,-1
545,-1,55.20,200.00,31.89,56.08,0.06471,-1,-1,-1
545,-1,235.99,52.96,93.68,345.94,0.06393,-1,-1,-1
545,-1,198.23,151.10,12.03,23.42,0.06156,-1,-1,-1
545,-1,39.18,185.10,41.14,76.98,0.06081,-1,-1,-1
545,-1,185.33,149.58,15.96,21.83,0.05489,-1,-1,-1
545,-1,305.48,11.44,24.36,54.97,0.05487,-1,-1,-1
545,-1,240.20,136.59,41.80,165.32,0.05055,-1,-1,-1
545,-1,211.53,147.75,19.79,26.37,0.05040,-1,-1,-1
546,-1,107.75,131.65,76.57,175.60,0.99957,-1,-1,-1
546,-1,247.12,0.87,178.60,474.13,0.99952,-1,-1,-1
546,-1,476.50,72.31,128.92,363.70,0.99939,-1,-1,-1
546,-1,193.04,148.49,51.64,150.72,0.99791,-1,-1,-1
546,-1,383.51,84.63,93.13,339.21,0.98618,-1,-1,-1
546,-1,453.56,123.29,46.31,235.15,0.89116,-1,-1,-1
546,-1,1.38,116.99,54.14,272.66,0.84354,-1,-1,-1
546,-1,246.57,128.49,36.57,220.28,0.78748,-1,-1,-1
546,-1,186.76,154.27,24.67,95.50,0.72035,-1,-1,-1
546,-1,244.82,134.00,32.47,105.14,0.59034,-1,-1,-1
546,-1,190.32,152.52,20.54,40.61,0.53931,-1,-1,-1
546,-1,464.25,129.35,32.13,122.93,0.26816,-1,-1,-1
546,-1,415.14,107.50,59.79,238.81,0.22928,-1,-1,-1
546,-1,413.75,84.70,47.05,89.93,0.18350,-1,-1,-1
546,-1,448.48,202.14,38.77,149.89,0.17458,-1,-1,-1
546,-1,244.65,98.57,69.10,292.15,0.12905,-1,-1,-1
546,-1,410.24,87.97,61.40,156.26,0.12367,-1,-1,-1
546,-1,326.13,0.37,71.13,65.86,0.08009,-1,-1,-1
546,-1,239.26,143.62,18.12,63.81,0.07552,-1,-1,-1
546,-1,345.92,64.32,106.29,380.06,0.07331,-1,-1,-1
546,-1,598.64,163.26,26.69,49.80,0.07139,-1,-1,-1
546,-1,459.66,80.77,78.79,313.87,0.06559,-1,-1,-1
546,-1,6.98,124.65,57.74,159.18,0.05325,-1,-1,-1
546,-1,11.41,126.96,84.28,256.67,0.05278,-1,-1,-1
546,-1,175.25,173.33,23.74,87.79,0.05200,-1,-1,-1
547,-1,248.39,0.00,187.25,474.58,0.99965,-1,-1,-1
547,-1,492.19,67.24,126.01,363.11,0.99956,-1,-1,-1
547,-1,112.35,120.98,69.04,184.83,0.99950,-1,-1,-1
547,-1,193.68,140.07,55.64,161.87,0.99935,-1,-1,-1
547,-1,404.03,77.43,77.22,326.57,0.96484,-1,-1,-1
547,-1,465.72,117.87,43.36,252.80,0.85774,-1,-1,-1
547,-1,249.12,136.79,42.36,210.04,0.75413,-1,-1,-1
547,-1,0.29,150.97,35.77,239.19,0.70511,-1,-1,-1
547,-1,0.55,148.65,32.08,116.12,0.68348,-1,-1,-1
547,-1,472.05,124.43,36.23,118.26,0.61671,-1,-1,-1
547,-1,421.74,76.16,40.65,67.58,0.61038,-1,-1,-1
547,-1,332.45,24.64,139.47,426.88,0.26941,-1,-1,-1
547,-1,421.29,78.98,59.59,189.06,0.24740,-1,-1,-1
547,-1,198.98,150.39,15.82,34.40,0.23625,-1,-1,-1
547,-1,25.57,185.74,21.72,27.08,0.21560,-1,-1,-1
547,-1,477.43,124.39,28.15,36.54,0.21138,-1,-1,-1
547,-1,437.59,100.19,57.93,282.41,0.19148,-1,-1,-1
547,-1,2.59,161.79,68.33,228.52,0.18389,-1,-1,-1
547,-1,185.86,149.62,35.11,106.39,0.13839,-1,-1,-1
547,-1,430.12,126.90,51.03,204.23,0.13346,-1,-1,-1
547,-1,614.43,170.15,13.66,38.97,0.12423,-1,-1,-1
547,-1,103.06,178.88,24.65,71.56,0.12272,-1,-1,-1
547,-1,450.03,206.84,44.21,158.60,0.08433,-1,-1,-1
547,-1,472.30,235.06,33.70,127.30,0.08066,-1,-1,-1
547,-1,444.95,70.39,38.07,87.94,0.07404,-1,-1,-1
547,-1,190.83,150.90,24.79,49.13,0.07110,-1,-1,-1
547,-1,428.90,73.82,52.07,114.98,0.06883,-1,-1,-1
547,-1,232.98,159.60,19.44,82.95,0.06086,-1,-1,-1
547,-1,609.49,164.43,20.12,85.29,0.05507,-1,-1,-1
547,-1,247.74,77.22,77.82,372.39,0.05501,-1,-1,-1
547,-1,593.28,151.13,34.16,99.90,0.05386,-1,-1,-1
547,-1,477.79,100.47,29.65,54.37,0.05035,-1,-1,-1
548,-1,249.48,0.00,188.60,475.72,0.99971,-1,-1,-1
548,-1,114.23,120.83,66.75,187.83,0.99968,-1,-1,-1
548,-1,502.33,61.90,125.69,372.81,0.99852,-1,-1,-1
548,-1,195.62,139.21,58.52,163.32,0.99847,-1,-1,-1
548,-1,476.70,121.72,47.00,245.98,0.98728,-1,-1,-1
548,-1,407.51,80.16,76.21,335.62,0.97023,-1,-1,-1
548,-1,426.01,77.01,53.66,241.21,0.65171,-1,-1,-1
548,-1,33.01,187.09,12.04,22.11,0.59515,-1,-1,-1
548,-1,187.23,150.77,35.95,110.81,0.32604,-1,-1,-1
548,-1,464.93,88.09,89.03,309.63,0.27343,-1,-1,-1
548,-1,480.70,122.64,37.65,114.94,0.24685,-1,-1,-1
548,-1,20.45,183.93,13.32,33.53,0.24400,-1,-1,-1
548,-1,447.88,98.09,59.10,266.34,0.20194,-1,-1,-1
548,-1,346.64,32.05,138.36,402.37,0.19153,-1,-1,-1
548,-1,426.43,80.13,44.41,92.72,0.16933,-1,-1,-1
548,-1,483.88,125.42,31.69,66.55,0.14986,-1,-1,-1
548,-1,239.86,204.54,22.41,41.54,0.09528,-1,-1,-1
548,-1,190.28,185.40,24.20,72.55,0.06555,-1,-1,-1
548,-1,206.54,147.15,14.82,24.87,0.06458,-1,-1,-1
548,-1,174.98,191.78,12.61,27.81,0.06108,-1,-1,-1
548,-1,457.21,204.38,57.44,156.26,0.06066,-1,-1,-1
548,-1,260.25,156.63,38.16,182.35,0.05631,-1,-1,-1
549,-1,250.18,1.51,188.53,465.99,0.99966,-1,-1,-1
549,-1,120.46,118.02,61.90,190.98,0.99962,-1,-1,-1
549,-1,510.65,62.01,118.73,387.63,0.99917,-1,-1,-1
549,-1,195.57,135.95,64.25,167.84,0.99801,-1,-1,-1
549,-1,407.00,71.88,85.82,362.84,0.99254,-1,-1,-1
549,-1,480.24,129.47,50.58,230.02,0.98576,-1,-1,-1
549,-1,37.48,186.82,11.72,27.42,0.71799,-1,-1,-1
549,-1,428.35,77.25,62.92,207.68,0.57253,-1,-1,-1
549,-1,485.18,122.46,43.83,106.88,0.53003,-1,-1,-1
549,-1,248.12,148.72,43.94,100.52,0.38073,-1,-1,-1
549,-1,251.81,151.61,52.19,168.77,0.37352,-1,-1,-1
549,-1,9.44,186.43,11.61,30.04,0.31907,-1,-1,-1
549,-1,24.02,183.01,15.15,43.99,0.20816,-1,-1,-1
549,-1,191.30,148.85,39.92,111.49,0.14782,-1,-1,-1
549,-1,193.29,171.62,25.68,86.39,0.14504,-1,-1,-1
549,-1,39.76,185.72,19.91,29.85,0.10532,-1,-1,-1
549,-1,426.41,67.14,116.71,365.29,0.09369,-1,-1,-1
549,-1,246.45,145.27,16.99,47.74,0.09240,-1,-1,-1
549,-1,449.68,102.33,75.09,272.84,0.09136,-1,-1,-1
549,-1,0.46,182.19,13.44,29.17,0.07920,-1,-1,-1
549,-1,329.60,20.06,121.33,415.47,0.07875,-1,-1,-1
549,-1,51.31,186.86,14.07,26.95,0.06797,-1,-1,-1
549,-1,430.20,78.79,47.97,107.13,0.05361,-1,-1,-1
549,-1,261.07,150.13,14.11,28.80,0.05078,-1,-1,-1
550,-1,110.09,100.54,66.54,199.88,0.99965,-1,-1,-1
550,-1,197.92,113.64,60.00,184.27,0.99957,-1,-1,-1
550,-1,256.04,0.00,192.92,445.86,0.99937,-1,-1,-1
550,-1,525.89,45.71,107.19,399.47,0.99851,-1,-1,-1
550,-1,477.98,107.47,64.74,254.31,0.99518,-1,-1,-1
550,-1,413.95,63.02,75.86,369.49,0.98788,-1,-1,-1
550,-1,434.70,70.15,56.98,201.67,0.85060,-1,-1,-1
550,-1,41.65,175.93,12.79,28.30,0.68048,-1,-1,-1
550,-1,253.33,136.73,55.97,168.96,0.64785,-1,-1,-1
550,-1,14.75,177.26,11.42,30.79,0.32315,-1,-1,-1
550,-1,28.66,172.50,12.42,36.77,0.28344,-1,-1,-1
550,-1,58.39,184.61,11.43,25.58,0.21465,-1,-1,-1
550,-1,3.91,172.24,12.81,28.95,0.16185,-1,-1,-1
550,-1,5.83,173.85,16.36,33.90,0.10546,-1,-1,-1
550,-1,63.90,181.99,36.80,55.84,0.08097,-1,-1,-1
550,-1,484.87,113.59,52.81,133.80,0.07572,-1,-1,-1
550,-1,245.02,199.18,20.52,34.81,0.07356,-1,-1,-1
550,-1,189.58,135.65,35.89,111.91,0.05898,-1,-1,-1
550,-1,48.33,175.07,10.68,30.96,0.05373,-1,-1,-1
550,-1,255.14,29.81,109.94,326.32,0.05228,-1,-1,-1
551,-1,94.24,101.23,77.59,204.06,0.99967,-1,-1,-1
551,-1,192.92,113.36,65.92,183.72,0.99924,-1,-1,-1
551,-1,269.43,0.00,187.33,465.40,0.99924,-1,-1,-1
551,-1,532.32,43.48,106.35,401.81,0.99896,-1,-1,-1
551,-1,482.55,106.68,67.00,247.22,0.99509,-1,-1,-1
551,-1,413.98,67.05,75.35,360.39,0.99394,-1,-1,-1
551,-1,254.49,118.21,59.36,192.55,0.91342,-1,-1,-1
551,-1,432.62,67.69,55.72,217.01,0.80550,-1,-1,-1
551,-1,41.95,174.89,12.03,26.86,0.75447,-1,-1,-1
551,-1,345.49,28.80,131.49,427.35,0.61218,-1,-1,-1
551,-1,249.92,118.29,58.25,106.42,0.57236,-1,-1,-1
551,-1,58.64,180.25,10.89,24.90,0.28987,-1,-1,-1
551,-1,15.00,175.50,10.22,27.26,0.25676,-1,-1,-1
551,-1,543.08,252.56,88.74,194.55,0.23223,-1,-1,-1
551,-1,63.13,173.68,32.80,64.73,0.22321,-1,-1,-1
551,-1,3.85,168.88,12.04,28.20,0.17635,-1,-1,-1
551,-1,81.60,154.06,32.52,90.93,0.17586,-1,-1,-1
551,-1,258.71,123.83,33.38,59.30,0.17188,-1,-1,-1
551,-1,254.93,73.32,80.22,308.84,0.15971,-1,-1,-1
551,-1,192.42,164.36,22.79,74.85,0.12811,-1,-1,-1
551,-1,460.32,201.10,21.44,58.14,0.11633,-1,-1,-1
551,-1,55.49,175.33,11.55,28.61,0.10384,-1,-1,-1
551,-1,250.31,126.36,29.65,56.87,0.08014,-1,-1,-1
551,-1,179.47,181.53,10.39,35.35,0.07954,-1,-1,-1
551,-1,265.16,134.31,14.54,35.38,0.07667,-1,-1,-1
551,-1,27.47,171.31,12.76,34.58,0.06875,-1,-1,-1
551,-1,471.17,120.91,26.30,33.41,0.06303,-1,-1,-1
551,-1,450.44,89.52,94.22,334.64,0.05538,-1,-1,-1
552,-1,79.52,104.41,84.24,210.78,0.99979,-1,-1,-1
552,-1,180.09,115.18,74.52,193.00,0.99978,-1,-1,-1
552,-1,537.07,51.73,102.93,402.85,0.99938,-1,-1,-1
552,-1,256.06,0.00,211.31,460.21,0.99934,-1,-1,-1
552,-1,485.58,112.05,68.25,247.86,0.99367,-1,-1,-1
552,-1,418.99,66.78,59.82,272.46,0.97007,-1,-1,-1
552,-1,39.90,177.04,14.59,32.34,0.82736,-1,-1,-1
552,-1,77.05,164.46,27.71,83.71,0.77335,-1,-1,-1
552,-1,377.61,52.09,99.95,392.12,0.75983,-1,-1,-1
552,-1,459.05,211.71,23.25,59.28,0.58447,-1,-1,-1
552,-1,489.13,118.08,58.72,142.55,0.40876,-1,-1,-1
552,-1,470.25,215.50,38.17,88.89,0.28863,-1,-1,-1
552,-1,62.41,174.69,28.47,64.06,0.28853,-1,-1,-1
552,-1,475.18,130.42,29.55,44.85,0.21811,-1,-1,-1
552,-1,439.23,131.44,41.92,172.58,0.17035,-1,-1,-1
552,-1,258.36,129.16,50.30,209.00,0.15550,-1,-1,-1
552,-1,52.00,185.18,16.65,27.18,0.14540,-1,-1,-1
552,-1,15.17,182.90,9.45,23.85,0.14510,-1,-1,-1
552,-1,68.88,170.33,31.35,59.26,0.12337,-1,-1,-1
552,-1,68.83,179.37,17.68,27.26,0.10352,-1,-1,-1
553,-1,71.12,102.42,84.79,218.12,0.99976,-1,-1,-1
553,-1,170.07,116.42,80.46,196.61,0.99973,-1,-1,-1
553,-1,258.44,0.00,201.41,472.86,0.99945,-1,-1,-1
553,-1,537.15,55.11,101.56,403.17,0.99931,-1,-1,-1
553,-1,492.60,112.74,65.58,244.98,0.99782,-1,-1,-1
553,-1,417.94,74.25,62.56,248.98,0.97867,-1,-1,-1
553,-1,375.70,61.62,106.58,331.10,0.61124,-1,-1,-1
553,-1,471.94,131.32,38.28,109.79,0.56883,-1,-1,-1
553,-1,59.55,167.43,29.46,74.13,0.30691,-1,-1,-1
553,-1,444.44,118.43,22.19,22.21,0.27647,-1,-1,-1
553,-1,254.61,151.05,48.03,105.46,0.22345,-1,-1,-1
553,-1,491.22,117.25,60.08,117.28,0.18808,-1,-1,-1
553,-1,266.19,183.89,27.01,65.56,0.17090,-1,-1,-1
553,-1,477.53,131.85,33.32,43.15,0.16156,-1,-1,-1
553,-1,423.55,67.94,43.57,103.27,0.15514,-1,-1,-1
553,-1,40.07,183.93,14.13,28.01,0.14991,-1,-1,-1
553,-1,442.18,111.34,26.90,38.84,0.12975,-1,-1,-1
553,-1,442.32,118.03,18.48,16.29,0.09843,-1,-1,-1
553,-1,435.68,145.76,45.11,164.47,0.09108,-1,-1,-1
553,-1,544.09,53.74,92.80,209.97,0.08038,-1,-1,-1
553,-1,409.22,74.79,31.48,191.86,0.07077,-1,-1,-1
553,-1,130.18,198.63,21.27,54.50,0.06634,-1,-1,-1
553,-1,457.57,212.82,29.36,63.86,0.06539,-1,-1,-1
553,-1,476.62,128.09,49.42,173.63,0.05778,-1,-1,-1
553,-1,475.25,207.55,35.57,98.00,0.05417,-1,-1,-1
554,-1,66.04,98.85,81.81,228.88,0.99974,-1,-1,-1
554,-1,166.45,115.30,84.91,208.44,0.99970,-1,-1,-1
554,-1,244.54,0.00,200.97,473.91,0.99962,-1,-1,-1
554,-1,544.09,49.61,95.21,401.68,0.99873,-1,-1,-1
554,-1,495.01,113.63,68.82,245.36,0.99837,-1,-1,-1
554,-1,422.34,108.48,53.42,220.63,0.96208,-1,-1,-1
554,-1,394.08,67.05,80.95,351.46,0.77451,-1,-1,-1
554,-1,458.46,217.05,30.64,71.62,0.75604,-1,-1,-1
554,-1,415.65,62.40,30.04,63.84,0.66419,-1,-1,-1
554,-1,415.43,62.82,46.25,84.50,0.62820,-1,-1,-1
554,-1,39.90,182.01,14.38,26.27,0.55641,-1,-1,-1
554,-1,436.41,117.63,27.73,20.43,0.51353,-1,-1,-1
554,-1,56.06,165.95,25.95,81.06,0.39802,-1,-1,-1
554,-1,439.48,138.77,44.26,179.50,0.33446,-1,-1,-1
554,-1,323.99,27.32,146.18,429.15,0.32993,-1,-1,-1
554,-1,404.83,65.96,39.80,241.57,0.29419,-1,-1,-1
554,-1,507.52,84.67,96.23,341.48,0.25961,-1,-1,-1
554,-1,446.50,210.35,37.35,106.82,0.21527,-1,-1,-1
554,-1,411.00,66.59,39.41,156.29,0.17977,-1,-1,-1
554,-1,252.06,142.75,47.36,111.24,0.16744,-1,-1,-1
554,-1,444.63,230.70,23.10,85.07,0.14990,-1,-1,-1
554,-1,432.90,104.58,33.56,33.83,0.12545,-1,-1,-1
554,-1,54.76,180.21,15.55,36.47,0.11674,-1,-1,-1
554,-1,424.96,66.57,54.57,166.31,0.07892,-1,-1,-1
554,-1,556.26,49.45,82.16,166.70,0.07210,-1,-1,-1
554,-1,111.30,173.09,36.26,81.02,0.06710,-1,-1,-1
554,-1,480.08,132.33,33.35,39.82,0.06477,-1,-1,-1
554,-1,52.09,170.38,26.61,48.27,0.06376,-1,-1,-1
554,-1,464.63,144.03,18.29,82.75,0.05837,-1,-1,-1
554,-1,24.25,181.68,13.00,30.38,0.05490,-1,-1,-1
554,-1,457.40,137.72,31.88,130.04,0.05030,-1,-1,-1
554,-1,13.04,183.20,10.55,27.84,0.05005,-1,-1,-1
555,-1,249.73,0.00,196.12,474.80,0.99968,-1,-1,-1
555,-1,166.74,112.63,78.51,210.67,0.99963,-1,-1,-1
555,-1,58.73,91.45,78.64,237.08,0.99927,-1,-1,-1
555,-1,559.67,42.48,79.34,396.54,0.99819,-1,-1,-1
555,-1,500.28,115.83,77.05,246.02,0.99817,-1,-1,-1
555,-1,415.06,96.63,62.24,261.96,0.97215,-1,-1,-1
555,-1,421.81,58.08,24.49,61.13,0.67252,-1,-1,-1
555,-1,436.30,112.90,26.52,22.94,0.65970,-1,-1,-1
555,-1,422.92,62.13,40.42,92.35,0.49710,-1,-1,-1
555,-1,438.17,101.28,48.85,219.87,0.44020,-1,-1,-1
555,-1,464.29,216.11,30.61,68.51,0.34299,-1,-1,-1
555,-1,249.06,165.15,46.52,87.94,0.31656,-1,-1,-1
555,-1,42.74,178.74,15.23,28.65,0.25625,-1,-1,-1
555,-1,413.90,60.69,38.77,147.32,0.16428,-1,-1,-1
555,-1,453.98,177.87,33.67,143.57,0.15042,-1,-1,-1
555,-1,455.26,239.24,17.97,77.48,0.14633,-1,-1,-1
555,-1,428.62,73.08,56.48,99.36,0.12536,-1,-1,-1
555,-1,481.81,134.52,40.38,121.27,0.12530,-1,-1,-1
555,-1,435.69,109.67,28.93,44.84,0.10962,-1,-1,-1
555,-1,498.27,71.81,114.03,341.27,0.10055,-1,-1,-1
555,-1,433.28,85.98,31.25,56.79,0.09429,-1,-1,-1
555,-1,436.33,105.57,48.78,105.60,0.09148,-1,-1,-1
555,-1,443.28,116.08,28.78,21.68,0.08810,-1,-1,-1
555,-1,398.00,70.47,58.65,259.98,0.08634,-1,-1,-1
555,-1,487.80,215.70,32.88,89.23,0.07917,-1,-1,-1
555,-1,437.71,112.49,44.00,52.24,0.06615,-1,-1,-1
556,-1,167.12,110.02,72.62,217.63,0.99972,-1,-1,-1
556,-1,52.39,88.93,74.41,249.37,0.99972,-1,-1,-1
556,-1,251.73,0.00,190.78,474.15,0.99964,-1,-1,-1
556,-1,563.18,44.52,74.95,402.66,0.99808,-1,-1,-1
556,-1,501.17,117.55,80.97,247.66,0.99742,-1,-1,-1
556,-1,415.61,107.21,69.32,265.43,0.99458,-1,-1,-1
556,-1,436.15,113.22,28.18,29.96,0.81131,-1,-1,-1
556,-1,437.61,111.27,46.83,57.60,0.57311,-1,-1,-1
556,-1,167.12,172.47,24.61,86.52,0.49303,-1,-1,-1
556,-1,486.74,130.74,35.85,39.75,0.37661,-1,-1,-1
556,-1,447.78,121.64,39.16,206.54,0.23019,-1,-1,-1
556,-1,435.94,112.09,47.67,129.64,0.18019,-1,-1,-1
556,-1,255.65,170.72,37.54,90.64,0.17357,-1,-1,-1
556,-1,423.72,62.86,17.41,44.20,0.14713,-1,-1,-1
556,-1,484.41,132.65,40.84,142.61,0.12363,-1,-1,-1
556,-1,17.25,186.75,9.01,27.28,0.08287,-1,-1,-1
556,-1,603.05,213.11,36.69,237.82,0.07156,-1,-1,-1
556,-1,382.66,64.02,107.65,358.98,0.07015,-1,-1,-1
556,-1,396.74,106.36,63.67,209.22,0.06934,-1,-1,-1
556,-1,24.62,182.92,13.39,44.09,0.06869,-1,-1,-1
556,-1,564.09,45.08,71.51,183.03,0.06680,-1,-1,-1
556,-1,348.61,0.00,54.30,34.38,0.06321,-1,-1,-1
556,-1,418.12,62.18,37.42,105.74,0.05565,-1,-1,-1
556,-1,411.53,65.13,38.04,157.01,0.05550,-1,-1,-1
556,-1,329.01,15.84,122.69,377.14,0.05185,-1,-1,-1
557,-1,12.66,89.74,99.19,260.88,0.99970,-1,-1,-1
557,-1,259.45,0.00,180.21,474.23,0.99969,-1,-1,-1
557,-1,158.53,108.74,73.82,233.02,0.99938,-1,-1,-1
557,-1,556.80,57.69,82.39,396.86,0.99825,-1,-1,-1
557,-1,511.76,130.44,75.43,260.66,0.99665,-1,-1,-1
557,-1,420.94,117.55,79.80,277.91,0.99528,-1,-1,-1
557,-1,493.17,139.25,37.26,47.65,0.65864,-1,-1,-1
557,-1,259.99,187.22,32.86,79.74,0.30142,-1,-1,-1
557,-1,488.56,142.68,45.18,144.55,0.22184,-1,-1,-1
557,-1,511.44,140.58,19.25,41.37,0.18913,-1,-1,-1
557,-1,435.44,117.85,17.43,35.55,0.16779,-1,-1,-1
557,-1,14.85,204.30,35.45,47.82,0.16179,-1,-1,-1
557,-1,340.98,54.68,145.02,412.27,0.14637,-1,-1,-1
557,-1,502.84,94.36,127.92,338.82,0.12597,-1,-1,-1
557,-1,604.40,231.74,33.12,237.01,0.09815,-1,-1,-1
557,-1,439.41,120.82,56.47,184.72,0.07820,-1,-1,-1
557,-1,374.51,228.71,54.73,235.37,0.06352,-1,-1,-1
558,-1,266.01,0.00,191.63,475.47,0.99968,-1,-1,-1
558,-1,4.76,79.80,98.74,268.58,0.99947,-1,-1,-1
558,-1,154.73,105.58,76.49,234.25,0.99944,-1,-1,-1
558,-1,423.47,111.64,87.51,291.09,0.99686,-1,-1,-1
558,-1,551.14,62.06,87.58,377.71,0.99677,-1,-1,-1
558,-1,517.01,133.86,66.90,238.46,0.99537,-1,-1,-1
558,-1,434.31,113.87,19.64,39.03,0.95642,-1,-1,-1
558,-1,409.59,101.03,44.72,241.82,0.59364,-1,-1,-1
558,-1,514.14,94.16,103.89,322.19,0.46104,-1,-1,-1
558,-1,434.27,118.32,22.18,90.16,0.44186,-1,-1,-1
558,-1,499.58,137.99,31.58,51.05,0.34857,-1,-1,-1
558,-1,1.59,194.93,25.97,53.25,0.23902,-1,-1,-1
558,-1,497.36,135.90,34.42,141.87,0.20503,-1,-1,-1
558,-1,442.87,118.18,60.00,194.75,0.16298,-1,-1,-1
558,-1,262.64,181.52,27.70,82.48,0.13028,-1,-1,-1
558,-1,3.19,165.29,49.35,180.63,0.12043,-1,-1,-1
558,-1,4.16,88.97,41.70,185.15,0.11433,-1,-1,-1
558,-1,512.15,135.88,18.99,38.28,0.08955,-1,-1,-1
558,-1,503.40,132.54,55.48,188.85,0.07666,-1,-1,-1
558,-1,385.36,93.03,85.98,317.39,0.07358,-1,-1,-1
558,-1,347.89,24.02,105.95,405.39,0.05285,-1,-1,-1
558,-1,517.88,131.45,60.64,117.61,0.05216,-1,-1,-1
559,-1,0.00,73.22,100.86,280.70,0.99971,-1,-1,-1
559,-1,269.17,0.00,193.44,472.10,0.99963,-1,-1,-1
559,-1,153.96,95.75,79.63,246.98,0.99953,-1,-1,-1
559,-1,437.75,94.58,101.44,317.12,0.99757,-1,-1,-1
559,-1,570.36,53.06,69.52,373.71,0.99733,-1,-1,-1
559,-1,532.50,125.09,59.02,236.10,0.99605,-1,-1,-1
559,-1,439.27,100.15,33.37,56.90,0.83464,-1,-1,-1
559,-1,540.36,85.83,74.94,316.96,0.82916,-1,-1,-1
559,-1,270.06,197.82,23.67,61.89,0.78551,-1,-1,-1
559,-1,438.37,103.25,34.82,139.22,0.78321,-1,-1,-1
559,-1,419.70,102.27,47.38,206.84,0.59719,-1,-1,-1
559,-1,512.54,130.17,28.34,41.67,0.37501,-1,-1,-1
559,-1,532.84,118.42,60.97,119.91,0.26617,-1,-1,-1
559,-1,505.48,126.19,29.72,33.54,0.19288,-1,-1,-1
559,-1,275.06,229.62,18.18,29.36,0.12465,-1,-1,-1
559,-1,579.18,48.54,59.25,224.34,0.11210,-1,-1,-1
559,-1,523.18,127.06,22.99,50.38,0.10969,-1,-1,-1
559,-1,211.31,202.95,15.68,54.74,0.10607,-1,-1,-1
559,-1,408.44,83.86,70.62,328.22,0.08855,-1,-1,-1
559,-1,0.89,128.52,35.32,123.51,0.08369,-1,-1,-1
559,-1,246.85,202.85,9.36,13.72,0.08004,-1,-1,-1
559,-1,215.72,205.38,10.74,36.93,0.06890,-1,-1,-1
559,-1,1.40,98.93,42.50,202.36,0.06685,-1,-1,-1
559,-1,509.43,128.15,18.22,25.09,0.06340,-1,-1,-1
559,-1,0.52,172.74,25.19,77.25,0.05384,-1,-1,-1
560,-1,267.20,0.00,188.71,468.67,0.99976,-1,-1,-1
560,-1,0.00,73.74,91.29,284.34,0.99970,-1,-1,-1
560,-1,146.40,93.81,84.68,258.46,0.99961,-1,-1,-1
560,-1,572.14,48.99,67.86,376.93,0.99807,-1,-1,-1
560,-1,447.70,84.82,100.71,331.89,0.99789,-1,-1,-1
560,-1,537.23,110.90,55.26,254.50,0.99567,-1,-1,-1
560,-1,438.38,94.52,40.24,89.88,0.93550,-1,-1,-1
560,-1,419.52,93.43,46.04,230.49,0.81312,-1,-1,-1
560,-1,421.80,92.63,80.01,279.79,0.61848,-1,-1,-1
560,-1,207.74,226.67,15.13,34.39,0.45657,-1,-1,-1
560,-1,433.95,98.40,44.73,191.95,0.45292,-1,-1,-1
560,-1,538.67,116.46,54.82,120.15,0.43845,-1,-1,-1
560,-1,272.12,185.86,22.10,72.88,0.29805,-1,-1,-1
560,-1,455.13,138.61,27.57,47.88,0.26045,-1,-1,-1
560,-1,242.28,203.23,13.54,13.60,0.25930,-1,-1,-1
560,-1,415.89,196.67,43.43,136.81,0.23695,-1,-1,-1
560,-1,437.41,96.07,28.08,66.84,0.16391,-1,-1,-1
560,-1,578.95,42.87,59.93,218.83,0.15394,-1,-1,-1
560,-1,542.76,99.26,85.65,304.28,0.08587,-1,-1,-1
560,-1,449.49,92.45,46.79,94.29,0.08453,-1,-1,-1
560,-1,384.77,70.72,81.66,352.86,0.05498,-1,-1,-1
561,-1,251.86,0.00,195.11,468.77,0.99981,-1,-1,-1
561,-1,127.00,79.22,94.49,279.11,0.99964,-1,-1,-1
561,-1,0.00,70.27,72.11,283.60,0.99841,-1,-1,-1
561,-1,565.72,45.14,74.28,380.58,0.99790,-1,-1,-1
561,-1,444.27,70.34,116.64,347.58,0.99625,-1,-1,-1
561,-1,550.21,115.33,36.63,217.83,0.93752,-1,-1,-1
561,-1,424.07,90.38,45.55,212.44,0.91144,-1,-1,-1
561,-1,431.85,85.70,38.91,92.26,0.85307,-1,-1,-1
561,-1,433.40,81.13,70.73,263.18,0.79836,-1,-1,-1
561,-1,408.33,74.72,51.96,264.01,0.45470,-1,-1,-1
561,-1,551.94,110.43,32.73,125.30,0.45189,-1,-1,-1
561,-1,554.07,68.06,57.28,325.05,0.37331,-1,-1,-1
561,-1,414.40,178.69,47.86,151.71,0.18366,-1,-1,-1
561,-1,435.01,101.73,58.05,150.31,0.12518,-1,-1,-1
561,-1,359.02,16.35,92.01,367.53,0.07600,-1,-1,-1
561,-1,555.63,110.89,31.73,51.21,0.06979,-1,-1,-1
561,-1,198.36,186.63,24.73,63.62,0.05513,-1,-1,-1
561,-1,448.95,103.89,56.53,93.65,0.05414,-1,-1,-1
561,-1,119.50,147.91,32.01,101.72,0.05365,-1,-1,-1
562,-1,239.77,0.00,208.60,468.06,0.99974,-1,-1,-1
562,-1,112.92,70.41,95.31,280.44,0.99957,-1,-1,-1
562,-1,564.32,34.98,75.68,392.71,0.99891,-1,-1,-1
562,-1,0.66,83.14,59.93,265.69,0.99761,-1,-1,-1
562,-1,455.62,54.22,115.89,375.61,0.99678,-1,-1,-1
562,-1,414.43,83.21,67.20,258.26,0.95782,-1,-1,-1
562,-1,554.33,109.07,30.14,48.56,0.70252,-1,-1,-1
562,-1,428.86,81.08,38.05,89.59,0.57516,-1,-1,-1
562,-1,428.89,86.57,55.16,122.62,0.39867,-1,-1,-1
562,-1,27.01,204.93,24.93,36.43,0.29018,-1,-1,-1
562,-1,190.01,165.50,21.00,82.52,0.21802,-1,-1,-1
562,-1,546.26,109.04,33.49,241.62,0.19247,-1,-1,-1
562,-1,409.86,82.33,44.38,229.77,0.16471,-1,-1,-1
562,-1,419.46,56.75,111.31,343.21,0.15799,-1,-1,-1
562,-1,431.16,95.20,62.56,183.23,0.14160,-1,-1,-1
562,-1,207.62,184.99,9.65,23.17,0.09614,-1,-1,-1
562,-1,528.65,94.44,43.12,260.50,0.09598,-1,-1,-1
562,-1,93.09,188.80,19.60,42.98,0.08593,-1,-1,-1
562,-1,551.35,106.04,35.05,115.85,0.08438,-1,-1,-1
562,-1,555.79,248.58,26.03,108.36,0.08052,-1,-1,-1
562,-1,374.21,22.63,81.85,315.99,0.07786,-1,-1,-1
563,-1,237.24,0.00,208.87,476.39,0.99983,-1,-1,-1
563,-1,99.17,62.51,99.63,307.89,0.99949,-1,-1,-1
563,-1,570.52,43.53,69.48,408.25,0.99474,-1,-1,-1
563,-1,478.33,44.51,125.32,416.96,0.99337,-1,-1,-1
563,-1,414.88,77.48,62.84,275.55,0.98053,-1,-1,-1
563,-1,432.38,83.21,52.68,168.43,0.58410,-1,-1,-1
563,-1,440.97,78.77,60.89,273.43,0.49748,-1,-1,-1
563,-1,430.55,78.40,46.71,106.39,0.37056,-1,-1,-1
563,-1,0.00,141.03,32.43,205.54,0.37032,-1,-1,-1
563,-1,458.82,55.05,79.44,409.82,0.31731,-1,-1,-1
563,-1,22.63,179.05,15.25,34.46,0.29909,-1,-1,-1
563,-1,88.78,148.62,34.13,107.84,0.26205,-1,-1,-1
563,-1,571.88,40.62,66.07,179.14,0.25979,-1,-1,-1
563,-1,0.16,115.24,18.25,128.53,0.21236,-1,-1,-1
563,-1,518.55,46.04,103.32,302.88,0.17075,-1,-1,-1
563,-1,336.97,3.90,111.46,337.75,0.13879,-1,-1,-1
563,-1,506.81,43.19,61.78,75.41,0.11403,-1,-1,-1
563,-1,0.23,280.53,32.28,75.56,0.10709,-1,-1,-1
563,-1,412.66,60.80,210.61,306.38,0.05650,-1,-1,-1
563,-1,487.34,108.21,41.16,63.03,0.05163,-1,-1,-1
564,-1,239.02,0.00,207.33,478.66,0.99985,-1,-1,-1
564,-1,89.83,56.37,104.62,314.51,0.99955,-1,-1,-1
564,-1,415.74,72.44,73.44,282.09,0.98723,-1,-1,-1
564,-1,480.54,46.97,148.62,414.30,0.98462,-1,-1,-1
564,-1,585.76,55.14,51.52,378.35,0.96076,-1,-1,-1
564,-1,579.81,44.62,59.71,203.48,0.90015,-1,-1,-1
564,-1,493.25,38.62,93.67,134.37,0.49401,-1,-1,-1
564,-1,518.32,37.61,64.59,75.78,0.46181,-1,-1,-1
564,-1,0.00,166.81,12.89,82.17,0.40116,-1,-1,-1
564,-1,501.63,38.73,126.10,245.42,0.29708,-1,-1,-1
564,-1,24.64,180.21,13.04,30.90,0.28264,-1,-1,-1
564,-1,431.55,76.49,57.70,148.22,0.16663,-1,-1,-1
564,-1,625.49,13.61,14.26,84.61,0.12983,-1,-1,-1
564,-1,83.69,141.26,32.27,112.26,0.11447,-1,-1,-1
564,-1,463.97,60.68,93.52,395.22,0.09693,-1,-1,-1
564,-1,0.00,170.74,24.08,187.06,0.09470,-1,-1,-1
564,-1,0.11,311.68,16.05,46.53,0.08741,-1,-1,-1
564,-1,404.71,84.94,45.50,227.18,0.07308,-1,-1,-1
564,-1,434.93,66.80,87.59,336.70,0.05479,-1,-1,-1
564,-1,333.26,4.75,111.84,333.37,0.05302,-1,-1,-1
565,-1,230.45,0.00,202.49,477.50,0.99983,-1,-1,-1
565,-1,75.23,46.79,110.95,337.80,0.99973,-1,-1,-1
565,-1,418.15,68.76,80.92,295.09,0.99809,-1,-1,-1
565,-1,489.58,24.06,142.40,448.37,0.99756,-1,-1,-1
565,-1,567.37,11.81,67.36,445.15,0.84774,-1,-1,-1
565,-1,0.49,179.34,14.31,37.62,0.71922,-1,-1,-1
565,-1,192.38,196.34,10.75,15.07,0.66685,-1,-1,-1
565,-1,507.52,27.03,132.48,169.77,0.52035,-1,-1,-1
565,-1,28.21,184.45,14.68,32.50,0.45202,-1,-1,-1
565,-1,208.78,190.11,8.60,20.80,0.36530,-1,-1,-1
565,-1,607.53,40.79,30.75,76.23,0.33662,-1,-1,-1
565,-1,603.63,66.87,35.04,218.99,0.31962,-1,-1,-1
565,-1,227.78,193.90,9.06,17.91,0.31781,-1,-1,-1
565,-1,594.84,115.69,43.59,315.72,0.31721,-1,-1,-1
565,-1,233.06,186.64,29.42,66.83,0.20847,-1,-1,-1
565,-1,540.84,23.09,94.06,113.11,0.20830,-1,-1,-1
565,-1,24.47,187.57,12.88,29.96,0.12813,-1,-1,-1
565,-1,28.12,190.18,42.89,62.07,0.10894,-1,-1,-1
565,-1,0.22,177.08,8.52,28.15,0.08827,-1,-1,-1
565,-1,506.47,262.29,13.39,41.05,0.08291,-1,-1,-1
565,-1,236.07,146.64,38.28,113.01,0.06712,-1,-1,-1
565,-1,231.21,195.72,7.36,15.34,0.06450,-1,-1,-1
565,-1,67.48,155.31,33.64,105.65,0.06398,-1,-1,-1
566,-1,233.07,0.00,206.72,474.96,0.99983,-1,-1,-1
566,-1,64.32,31.69,122.63,370.69,0.99971,-1,-1,-1
566,-1,417.22,62.90,85.69,305.91,0.99849,-1,-1,-1
566,-1,505.69,14.01,134.31,455.82,0.99686,-1,-1,-1
566,-1,25.96,181.56,22.03,37.96,0.72909,-1,-1,-1
566,-1,0.19,180.43,11.23,35.16,0.41317,-1,-1,-1
566,-1,539.35,0.46,99.51,210.47,0.28916,-1,-1,-1
566,-1,47.94,156.81,47.30,95.48,0.23865,-1,-1,-1
566,-1,193.20,200.20,12.78,13.76,0.21899,-1,-1,-1
566,-1,184.15,190.11,23.88,68.53,0.21588,-1,-1,-1
566,-1,4.49,181.09,11.25,35.27,0.17687,-1,-1,-1
566,-1,475.35,220.84,28.21,82.51,0.17163,-1,-1,-1
566,-1,572.18,5.97,65.95,121.57,0.10540,-1,-1,-1
566,-1,0.49,174.49,12.59,72.54,0.10510,-1,-1,-1
566,-1,33.03,189.67,30.33,59.60,0.09832,-1,-1,-1
566,-1,496.83,73.32,99.88,251.27,0.09820,-1,-1,-1
566,-1,32.05,180.20,24.61,36.90,0.08563,-1,-1,-1
566,-1,31.47,163.64,50.03,89.63,0.06936,-1,-1,-1
566,-1,508.77,233.47,41.46,81.04,0.06647,-1,-1,-1
566,-1,38.01,184.40,26.20,38.48,0.05517,-1,-1,-1
566,-1,173.45,182.65,22.04,73.68,0.05232,-1,-1,-1
567,-1,223.66,0.42,207.67,472.56,0.99982,-1,-1,-1
567,-1,43.58,19.68,132.98,385.57,0.99969,-1,-1,-1
567,-1,421.33,57.14,97.86,326.61,0.99863,-1,-1,-1
567,-1,527.66,55.20,110.21,390.36,0.97221,-1,-1,-1
567,-1,514.75,220.92,47.02,99.41,0.88570,-1,-1,-1
567,-1,0.24,179.88,12.56,73.51,0.74826,-1,-1,-1
567,-1,531.10,249.46,106.51,224.42,0.70480,-1,-1,-1
567,-1,27.38,185.13,18.87,36.80,0.68510,-1,-1,-1
567,-1,532.43,229.82,50.42,110.17,0.50339,-1,-1,-1
567,-1,165.18,182.54,29.90,71.55,0.41546,-1,-1,-1
567,-1,30.17,153.59,54.48,97.10,0.38601,-1,-1,-1
567,-1,170.84,181.52,18.49,36.14,0.38100,-1,-1,-1
567,-1,1.97,181.03,12.45,44.11,0.32194,-1,-1,-1
567,-1,479.43,222.07,34.77,105.26,0.23431,-1,-1,-1
567,-1,29.51,82.93,71.30,168.77,0.15782,-1,-1,-1
567,-1,514.97,25.87,120.10,224.56,0.14178,-1,-1,-1
567,-1,551.50,244.72,29.71,101.30,0.12832,-1,-1,-1
567,-1,175.68,188.60,20.83,27.49,0.11161,-1,-1,-1
567,-1,0.12,181.33,7.98,45.39,0.10008,-1,-1,-1
567,-1,184.98,194.99,26.80,63.81,0.08181,-1,-1,-1
567,-1,206.69,194.84,14.82,19.75,0.07608,-1,-1,-1
567,-1,23.91,184.84,25.14,60.66,0.07369,-1,-1,-1
567,-1,26.17,45.07,101.90,264.41,0.06533,-1,-1,-1
567,-1,337.42,1.31,54.69,20.82,0.05715,-1,-1,-1
567,-1,195.02,198.88,13.78,15.62,0.05682,-1,-1,-1
567,-1,516.29,66.66,78.05,297.74,0.05066,-1,-1,-1
568,-1,25.12,10.04,139.18,408.11,0.99980,-1,-1,-1
568,-1,230.38,0.00,199.86,457.52,0.99950,-1,-1,-1
568,-1,422.89,36.49,116.85,356.04,0.99893,-1,-1,-1
568,-1,537.59,53.21,100.42,309.37,0.99474,-1,-1,-1
568,-1,558.98,53.04,79.34,121.16,0.51999,-1,-1,-1
568,-1,0.07,180.49,10.99,59.24,0.50488,-1,-1,-1
568,-1,536.18,165.75,63.62,184.67,0.31280,-1,-1,-1
568,-1,483.90,44.71,131.81,357.05,0.25725,-1,-1,-1
568,-1,196.86,201.69,12.85,13.73,0.19660,-1,-1,-1
568,-1,2.25,181.04,12.58,42.34,0.19363,-1,-1,-1
568,-1,553.65,135.92,85.39,324.62,0.19048,-1,-1,-1
568,-1,167.58,183.45,24.04,43.07,0.17525,-1,-1,-1
568,-1,229.53,173.19,38.11,94.30,0.12888,-1,-1,-1
568,-1,190.12,197.60,24.78,60.54,0.11565,-1,-1,-1
568,-1,582.38,53.83,54.52,87.78,0.10206,-1,-1,-1
568,-1,609.33,57.46,30.42,90.82,0.10050,-1,-1,-1
568,-1,520.15,224.94,44.21,97.07,0.09284,-1,-1,-1
569,-1,0.00,1.80,150.35,440.70,0.99976,-1,-1,-1
569,-1,207.72,0.00,208.81,468.74,0.99964,-1,-1,-1
569,-1,421.35,19.33,126.52,383.04,0.99953,-1,-1,-1
569,-1,546.86,53.74,92.32,345.81,0.97914,-1,-1,-1
569,-1,583.41,109.50,56.16,317.13,0.82445,-1,-1,-1
569,-1,0.91,11.97,61.69,260.68,0.27912,-1,-1,-1
569,-1,512.66,217.05,25.57,53.88,0.27160,-1,-1,-1
569,-1,218.90,180.52,45.28,86.87,0.21026,-1,-1,-1
569,-1,556.84,50.94,81.65,196.11,0.19973,-1,-1,-1
569,-1,534.14,100.40,67.04,244.01,0.18855,-1,-1,-1
569,-1,199.84,200.07,15.32,13.33,0.18389,-1,-1,-1
569,-1,516.98,214.62,19.72,34.35,0.18101,-1,-1,-1
569,-1,537.01,172.69,49.78,156.43,0.10721,-1,-1,-1
569,-1,214.38,190.63,29.54,73.79,0.09381,-1,-1,-1
569,-1,249.90,178.43,18.09,87.25,0.07306,-1,-1,-1
569,-1,560.45,142.00,43.07,206.61,0.07063,-1,-1,-1
570,-1,199.58,0.00,216.87,466.48,0.99962,-1,-1,-1
570,-1,0.33,0.00,140.26,434.91,0.99944,-1,-1,-1
570,-1,431.12,9.35,120.98,399.95,0.99938,-1,-1,-1
570,-1,557.17,47.46,82.83,358.94,0.99584,-1,-1,-1
570,-1,527.80,213.06,21.36,29.31,0.55451,-1,-1,-1
570,-1,0.17,6.94,50.05,208.66,0.46484,-1,-1,-1
570,-1,0.13,11.04,65.66,326.85,0.29824,-1,-1,-1
570,-1,540.47,200.33,47.26,130.06,0.23408,-1,-1,-1
570,-1,574.59,272.41,64.52,152.34,0.21753,-1,-1,-1
570,-1,547.73,120.11,27.16,92.39,0.11000,-1,-1,-1
570,-1,552.48,51.61,80.90,191.79,0.08965,-1,-1,-1
570,-1,203.00,196.58,12.94,16.12,0.06156,-1,-1,-1
570,-1,583.70,90.70,54.20,252.86,0.06036,-1,-1,-1
570,-1,13.58,0.00,127.83,226.38,0.05629,-1,-1,-1
570,-1,0.48,116.19,36.60,156.10,0.05409,-1,-1,-1
571,-1,0.19,0.00,123.18,453.55,0.99973,-1,-1,-1
571,-1,191.90,0.00,229.70,475.54,0.99971,-1,-1,-1
571,-1,434.90,4.90,120.56,411.74,0.99903,-1,-1,-1
571,-1,566.72,55.72,72.26,357.42,0.99845,-1,-1,-1
571,-1,538.57,219.61,45.01,57.13,0.67811,-1,-1,-1
571,-1,228.27,177.48,30.61,94.68,0.38151,-1,-1,-1
571,-1,541.74,215.24,30.41,39.57,0.13909,-1,-1,-1
571,-1,191.76,187.18,41.98,78.23,0.07095,-1,-1,-1
571,-1,533.35,55.64,47.27,187.81,0.06339,-1,-1,-1
571,-1,425.09,15.15,61.50,239.59,0.05879,-1,-1,-1
572,-1,183.71,0.77,229.22,470.35,0.99972,-1,-1,-1
572,-1,445.44,3.21,140.33,443.30,0.99923,-1,-1,-1
572,-1,0.58,8.16,112.02,449.02,0.99698,-1,-1,-1
572,-1,568.48,58.05,71.52,313.87,0.99128,-1,-1,-1
572,-1,539.83,226.41,64.97,167.40,0.82596,-1,-1,-1
572,-1,227.55,196.61,9.45,17.30,0.57956,-1,-1,-1
572,-1,519.84,33.68,107.74,397.57,0.48003,-1,-1,-1
572,-1,549.27,64.19,71.63,258.79,0.20725,-1,-1,-1
572,-1,584.33,60.74,53.72,165.74,0.18985,-1,-1,-1
572,-1,570.94,212.60,67.45,144.61,0.10125,-1,-1,-1
572,-1,224.41,194.12,23.19,67.54,0.07596,-1,-1,-1
572,-1,190.58,195.53,24.86,63.73,0.06062,-1,-1,-1
573,-1,177.22,1.42,239.57,466.82,0.99971,-1,-1,-1
573,-1,449.95,2.54,172.54,461.44,0.99880,-1,-1,-1
573,-1,1.65,17.59,96.75,449.55,0.99291,-1,-1,-1
573,-1,0.00,21.03,54.23,292.24,0.95678,-1,-1,-1
573,-1,589.19,86.62,50.05,290.90,0.92195,-1,-1,-1
573,-1,548.10,64.17,91.90,332.61,0.55122,-1,-1,-1
573,-1,181.81,185.94,34.14,82.12,0.37867,-1,-1,-1
573,-1,568.60,78.63,57.72,175.04,0.29025,-1,-1,-1
573,-1,535.23,230.95,96.46,166.89,0.07910,-1,-1,-1
573,-1,216.82,198.67,8.53,17.03,0.07470,-1,-1,-1
573,-1,0.47,268.34,96.46,207.46,0.06940,-1,-1,-1
573,-1,604.49,88.20,33.24,49.61,0.05419,-1,-1,-1
574,-1,184.64,0.67,243.08,466.88,0.99972,-1,-1,-1
574,-1,475.35,3.34,159.05,472.84,0.99953,-1,-1,-1
574,-1,182.03,190.20,33.17,81.13,0.76030,-1,-1,-1
574,-1,0.00,230.77,17.84,63.09,0.26310,-1,-1,-1
574,-1,605.51,226.57,33.08,45.31,0.24577,-1,-1,-1
574,-1,14.84,243.20,36.47,25.79,0.22216,-1,-1,-1
574,-1,5.33,242.07,35.31,45.67,0.08267,-1,-1,-1
574,-1,0.00,233.55,54.46,214.68,0.08183,-1,-1,-1
574,-1,452.99,26.03,94.14,283.94,0.08178,-1,-1,-1
574,-1,562.18,71.76,76.18,320.99,0.07973,-1,-1,-1
574,-1,581.01,16.87,57.15,263.76,0.07650,-1,-1,-1
574,-1,416.89,126.77,15.78,84.22,0.07590,-1,-1,-1
574,-1,13.00,243.02,24.45,19.75,0.06131,-1,-1,-1
575,-1,205.06,0.30,233.31,471.50,0.99981,-1,-1,-1
575,-1,474.19,0.91,159.84,467.03,0.99758,-1,-1,-1
575,-1,0.30,182.22,8.47,82.87,0.73868,-1,-1,-1
575,-1,186.22,164.84,32.00,108.27,0.55213,-1,-1,-1
575,-1,594.34,31.02,44.63,253.84,0.42947,-1,-1,-1
575,-1,464.51,13.57,106.26,343.63,0.17331,-1,-1,-1
575,-1,578.83,42.75,57.52,376.73,0.15640,-1,-1,-1
575,-1,517.07,0.00,103.67,255.19,0.10820,-1,-1,-1
575,-1,303.92,0.00,257.83,470.21,0.06427,-1,-1,-1
576,-1,209.02,0.73,237.75,457.30,0.99980,-1,-1,-1
576,-1,484.14,1.27,153.56,464.36,0.99730,-1,-1,-1
576,-1,185.72,203.99,23.14,67.69,0.29636,-1,-1,-1
576,-1,20.24,202.22,18.43,27.83,0.23382,-1,-1,-1
576,-1,191.18,176.57,43.09,98.20,0.12771,-1,-1,-1
576,-1,477.34,13.87,107.22,314.42,0.09494,-1,-1,-1
576,-1,28.30,204.32,10.78,24.55,0.08345,-1,-1,-1
576,-1,43.74,187.08,13.92,14.22,0.08103,-1,-1,-1
576,-1,575.63,25.35,62.90,388.69,0.06449,-1,-1,-1
577,-1,212.46,1.17,238.67,474.89,0.99987,-1,-1,-1
577,-1,491.97,0.00,145.19,475.24,0.99462,-1,-1,-1
577,-1,189.49,194.80,10.33,23.81,0.29434,-1,-1,-1
577,-1,20.18,201.02,16.31,28.00,0.20331,-1,-1,-1
577,-1,7.51,243.18,38.74,26.55,0.17495,-1,-1,-1
577,-1,213.35,148.93,29.54,127.25,0.13097,-1,-1,-1
577,-1,9.57,242.84,24.57,20.45,0.11760,-1,-1,-1
577,-1,538.43,132.97,100.82,341.26,0.10434,-1,-1,-1
577,-1,37.65,193.41,10.34,26.60,0.06231,-1,-1,-1
577,-1,573.33,11.60,65.95,429.18,0.05457,-1,-1,-1
577,-1,38.77,192.86,9.92,9.79,0.05047,-1,-1,-1
578,-1,220.22,1.73,240.53,454.95,0.99987,-1,-1,-1
578,-1,521.10,0.00,116.65,472.66,0.99548,-1,-1,-1
578,-1,509.21,220.62,69.31,162.89,0.81889,-1,-1,-1
578,-1,188.31,201.26,24.75,69.59,0.59266,-1,-1,-1
578,-1,193.25,191.99,10.29,22.71,0.33124,-1,-1,-1
578,-1,9.45,242.03,24.75,21.86,0.23383,-1,-1,-1
578,-1,199.36,195.11,10.28,22.36,0.17626,-1,-1,-1
578,-1,0.00,187.27,10.47,38.86,0.17254,-1,-1,-1
578,-1,178.07,195.13,15.27,35.04,0.14536,-1,-1,-1
578,-1,21.28,199.72,17.55,28.38,0.14157,-1,-1,-1
578,-1,45.35,185.49,15.01,14.96,0.13900,-1,-1,-1
578,-1,7.47,241.11,50.51,29.84,0.12376,-1,-1,-1
578,-1,214.81,203.67,10.87,14.38,0.08926,-1,-1,-1
578,-1,193.69,192.85,19.25,25.04,0.06429,-1,-1,-1
578,-1,39.74,191.97,12.46,9.88,0.06146,-1,-1,-1
578,-1,211.16,195.42,12.58,22.36,0.05677,-1,-1,-1
578,-1,184.34,191.55,18.85,40.12,0.05575,-1,-1,-1
579,-1,225.01,2.23,230.34,475.97,0.99979,-1,-1,-1
579,-1,502.01,80.81,95.44,295.14,0.96904,-1,-1,-1
579,-1,524.84,71.87,36.26,227.25,0.91112,-1,-1,-1
579,-1,525.58,33.43,106.18,396.29,0.88471,-1,-1,-1
579,-1,227.54,155.22,26.53,121.26,0.74992,-1,-1,-1
579,-1,575.22,6.69,62.30,460.27,0.73039,-1,-1,-1
579,-1,592.30,217.42,47.70,259.83,0.33666,-1,-1,-1
579,-1,387.79,1.03,75.17,433.09,0.31229,-1,-1,-1
579,-1,19.88,190.24,16.67,28.81,0.22481,-1,-1,-1
579,-1,215.69,196.01,9.65,14.71,0.15126,-1,-1,-1
579,-1,524.31,68.83,34.16,109.86,0.14475,-1,-1,-1
579,-1,220.22,153.22,21.52,114.71,0.12993,-1,-1,-1
579,-1,210.43,184.31,24.02,80.71,0.09838,-1,-1,-1
579,-1,529.89,68.97,29.50,60.47,0.07334,-1,-1,-1
579,-1,7.51,233.41,40.39,26.42,0.05578,-1,-1,-1
580,-1,236.77,2.14,234.70,476.29,0.99967,-1,-1,-1
580,-1,509.28,65.07,97.82,331.81,0.99872,-1,-1,-1
580,-1,219.60,153.17,38.03,122.78,0.93306,-1,-1,-1
580,-1,573.55,13.42,63.27,398.38,0.69138,-1,-1,-1
580,-1,593.75,222.71,45.75,191.74,0.44011,-1,-1,-1
580,-1,515.68,259.82,15.72,41.50,0.29975,-1,-1,-1
580,-1,590.59,8.81,48.74,248.45,0.24240,-1,-1,-1
580,-1,15.77,189.65,16.10,28.69,0.20159,-1,-1,-1
580,-1,389.75,27.15,77.01,406.66,0.17916,-1,-1,-1
580,-1,514.25,231.42,20.01,76.12,0.17779,-1,-1,-1
580,-1,505.58,213.66,130.46,201.11,0.17491,-1,-1,-1
580,-1,196.06,187.01,9.36,22.59,0.15634,-1,-1,-1
580,-1,186.14,217.42,23.20,47.04,0.11051,-1,-1,-1
580,-1,1.95,232.63,35.07,22.26,0.10651,-1,-1,-1
580,-1,503.79,224.97,43.81,150.17,0.06354,-1,-1,-1
581,-1,254.36,3.78,230.49,453.98,0.99978,-1,-1,-1
581,-1,506.82,71.96,104.01,322.57,0.99884,-1,-1,-1
581,-1,217.32,150.29,47.90,132.44,0.99807,-1,-1,-1
581,-1,555.79,97.74,77.93,272.32,0.86248,-1,-1,-1
581,-1,572.48,109.77,37.24,36.90,0.59817,-1,-1,-1
581,-1,15.45,190.28,13.10,30.89,0.52553,-1,-1,-1
581,-1,1.42,193.11,42.85,166.33,0.46564,-1,-1,-1
581,-1,0.30,176.71,18.59,184.44,0.25477,-1,-1,-1
581,-1,432.87,26.06,59.67,302.05,0.19259,-1,-1,-1
581,-1,575.37,109.10,49.71,125.43,0.19128,-1,-1,-1
581,-1,589.63,105.90,47.59,175.67,0.13904,-1,-1,-1
581,-1,186.16,201.44,24.47,68.10,0.12890,-1,-1,-1
581,-1,573.62,102.80,44.63,62.20,0.08852,-1,-1,-1
581,-1,590.22,105.51,41.49,42.56,0.06961,-1,-1,-1
582,-1,252.77,3.28,238.83,474.52,0.99976,-1,-1,-1
582,-1,211.64,152.49,45.03,134.61,0.99746,-1,-1,-1
582,-1,494.53,74.96,108.22,316.26,0.99675,-1,-1,-1
582,-1,553.85,111.79,82.21,263.09,0.95051,-1,-1,-1
582,-1,0.58,185.31,31.51,180.73,0.63081,-1,-1,-1
582,-1,185.96,205.57,24.77,64.16,0.51132,-1,-1,-1
582,-1,0.00,10.28,75.54,364.94,0.32184,-1,-1,-1
582,-1,569.06,112.23,35.06,35.65,0.30493,-1,-1,-1
582,-1,175.09,196.25,9.66,34.91,0.17970,-1,-1,-1
582,-1,570.50,110.63,49.96,121.29,0.15872,-1,-1,-1
582,-1,6.27,198.68,55.57,165.70,0.13155,-1,-1,-1
582,-1,189.65,228.78,25.20,42.83,0.10366,-1,-1,-1
582,-1,578.13,116.02,53.17,164.68,0.08269,-1,-1,-1
582,-1,207.35,180.51,21.15,92.53,0.07764,-1,-1,-1
582,-1,248.00,173.20,16.85,47.70,0.07437,-1,-1,-1
582,-1,202.03,230.72,14.55,40.85,0.06677,-1,-1,-1
582,-1,445.91,72.48,91.99,293.31,0.06441,-1,-1,-1
583,-1,254.73,3.29,255.82,468.82,0.99975,-1,-1,-1
583,-1,210.44,160.29,53.84,137.55,0.99711,-1,-1,-1
583,-1,482.64,82.89,102.77,314.98,0.99312,-1,-1,-1
583,-1,541.47,118.99,95.06,272.52,0.98024,-1,-1,-1
583,-1,0.00,205.88,45.31,169.97,0.87688,-1,-1,-1
583,-1,0.21,1.46,117.78,336.35,0.82124,-1,-1,-1
583,-1,472.20,194.92,64.81,187.81,0.27056,-1,-1,-1
583,-1,465.28,52.45,68.26,332.96,0.22829,-1,-1,-1
583,-1,566.28,127.62,55.28,198.71,0.22706,-1,-1,-1
583,-1,567.94,122.40,38.61,39.59,0.17797,-1,-1,-1
583,-1,588.48,123.45,49.16,172.07,0.11546,-1,-1,-1
583,-1,187.09,221.28,25.04,56.41,0.11494,-1,-1,-1
583,-1,566.90,122.94,45.75,92.40,0.11080,-1,-1,-1
583,-1,489.99,85.37,59.02,205.13,0.09138,-1,-1,-1
583,-1,192.18,235.76,24.26,46.33,0.08173,-1,-1,-1
583,-1,1.83,12.92,105.73,175.34,0.06669,-1,-1,-1
583,-1,447.41,55.41,178.66,372.82,0.06495,-1,-1,-1
584,-1,274.91,1.65,262.65,478.35,0.99984,-1,-1,-1
584,-1,206.30,160.49,54.69,139.95,0.99572,-1,-1,-1
584,-1,552.13,118.36,67.66,275.74,0.99444,-1,-1,-1
584,-1,489.94,87.28,89.18,321.86,0.99104,-1,-1,-1
584,-1,4.17,99.26,61.33,324.36,0.90824,-1,-1,-1
584,-1,0.14,1.33,93.20,435.75,0.80971,-1,-1,-1
584,-1,0.88,197.19,32.15,232.18,0.29973,-1,-1,-1
584,-1,3.16,3.01,106.05,167.12,0.19597,-1,-1,-1
584,-1,515.83,91.67,50.92,132.24,0.14007,-1,-1,-1
584,-1,444.68,37.01,171.04,380.52,0.11938,-1,-1,-1
584,-1,266.54,170.76,33.19,94.73,0.10457,-1,-1,-1
584,-1,192.20,197.87,10.92,25.34,0.10327,-1,-1,-1
584,-1,560.49,124.80,49.62,109.63,0.08734,-1,-1,-1
584,-1,583.24,111.43,54.55,254.09,0.08664,-1,-1,-1
584,-1,514.26,174.97,119.73,224.00,0.08020,-1,-1,-1
584,-1,240.27,167.78,22.82,67.79,0.07202,-1,-1,-1
584,-1,517.27,87.05,23.50,44.09,0.05903,-1,-1,-1
584,-1,579.63,232.63,59.05,138.40,0.05370,-1,-1,-1
584,-1,187.75,173.58,36.53,114.78,0.05189,-1,-1,-1
585,-1,271.10,2.02,268.42,477.98,0.99964,-1,-1,-1
585,-1,197.69,153.76,59.57,146.04,0.99776,-1,-1,-1
585,-1,546.21,117.99,62.79,248.09,0.98694,-1,-1,-1
585,-1,1.06,33.04,107.68,423.25,0.97538,-1,-1,-1
585,-1,487.07,112.37,109.04,292.25,0.94741,-1,-1,-1
585,-1,1.91,137.44,67.95,309.54,0.88801,-1,-1,-1
585,-1,292.93,161.45,21.54,113.14,0.38039,-1,-1,-1
585,-1,455.15,44.05,117.68,352.11,0.27711,-1,-1,-1
585,-1,268.54,93.98,57.69,172.48,0.21762,-1,-1,-1
585,-1,266.49,171.55,39.36,89.59,0.16147,-1,-1,-1
585,-1,604.11,93.89,33.42,47.10,0.15583,-1,-1,-1
585,-1,562.15,116.62,69.14,200.62,0.14342,-1,-1,-1
585,-1,552.52,119.50,54.23,140.72,0.10447,-1,-1,-1
585,-1,187.72,193.20,12.78,25.40,0.09284,-1,-1,-1
585,-1,611.72,96.81,21.55,36.15,0.07688,-1,-1,-1
585,-1,3.22,9.22,105.33,192.07,0.05640,-1,-1,-1
585,-1,554.54,118.55,36.28,45.38,0.05400,-1,-1,-1
585,-1,167.27,193.02,12.49,33.34,0.05270,-1,-1,-1
586,-1,285.30,0.94,258.81,479.06,0.99987,-1,-1,-1
586,-1,188.03,144.53,69.46,162.14,0.99883,-1,-1,-1
586,-1,527.97,121.72,78.94,261.97,0.99231,-1,-1,-1
586,-1,0.00,35.32,111.20,433.99,0.97874,-1,-1,-1
586,-1,473.88,104.73,129.27,304.95,0.93422,-1,-1,-1
586,-1,0.48,129.31,70.09,343.48,0.65856,-1,-1,-1
586,-1,390.04,10.94,196.75,428.31,0.20704,-1,-1,-1
586,-1,268.45,199.70,11.19,26.85,0.15673,-1,-1,-1
586,-1,592.11,103.87,46.77,212.83,0.12109,-1,-1,-1
586,-1,541.89,124.10,57.27,100.72,0.09887,-1,-1,-1
586,-1,26.87,126.04,67.21,346.01,0.09645,-1,-1,-1
586,-1,296.25,199.36,22.41,82.54,0.08765,-1,-1,-1
586,-1,11.06,162.73,104.68,151.16,0.08066,-1,-1,-1
586,-1,285.94,149.01,37.66,136.73,0.06643,-1,-1,-1
587,-1,280.21,1.22,258.15,461.31,0.99949,-1,-1,-1
587,-1,190.44,145.43,58.89,158.13,0.99931,-1,-1,-1
587,-1,508.66,120.08,86.41,241.45,0.97187,-1,-1,-1
587,-1,463.51,133.04,115.75,257.00,0.94825,-1,-1,-1
587,-1,0.00,12.23,109.36,466.72,0.87718,-1,-1,-1
587,-1,0.00,123.32,68.93,354.01,0.84635,-1,-1,-1
587,-1,530.63,118.99,61.18,116.26,0.48432,-1,-1,-1
587,-1,263.82,185.09,11.22,35.96,0.36361,-1,-1,-1
587,-1,522.32,148.21,70.81,132.11,0.22799,-1,-1,-1
587,-1,278.14,33.34,53.29,271.59,0.17017,-1,-1,-1
587,-1,481.19,219.44,90.66,160.18,0.15041,-1,-1,-1
587,-1,164.69,191.48,17.68,45.06,0.13405,-1,-1,-1
587,-1,163.99,197.07,11.04,29.14,0.12634,-1,-1,-1
587,-1,544.07,217.43,46.55,144.72,0.09578,-1,-1,-1
587,-1,449.89,14.90,92.64,387.35,0.07565,-1,-1,-1
587,-1,587.14,76.47,48.39,237.55,0.05274,-1,-1,-1
588,-1,279.67,1.86,248.03,475.74,0.99975,-1,-1,-1
588,-1,181.91,145.47,59.18,166.81,0.99942,-1,-1,-1
588,-1,515.54,120.14,73.73,239.21,0.99426,-1,-1,-1
588,-1,0.00,47.03,102.71,417.35,0.93788,-1,-1,-1
588,-1,0.00,167.99,62.81,265.50,0.76987,-1,-1,-1
588,-1,450.80,123.72,82.98,258.71,0.75152,-1,-1,-1
588,-1,525.46,123.88,61.70,109.83,0.37142,-1,-1,-1
588,-1,157.24,193.75,17.19,47.24,0.18990,-1,-1,-1
588,-1,10.71,171.35,49.73,160.19,0.10364,-1,-1,-1
588,-1,535.68,189.48,50.83,172.50,0.08671,-1,-1,-1
588,-1,158.58,198.99,11.72,30.95,0.08295,-1,-1,-1
589,-1,251.32,2.06,239.18,462.45,0.99963,-1,-1,-1
589,-1,150.36,144.67,66.93,173.17,0.99874,-1,-1,-1
589,-1,474.66,129.14,91.53,238.81,0.99474,-1,-1,-1
589,-1,0.00,20.72,97.88,444.80,0.97607,-1,-1,-1
589,-1,0.56,189.82,49.05,284.19,0.90058,-1,-1,-1
589,-1,246.38,125.08,60.04,165.40,0.58280,-1,-1,-1
589,-1,267.74,178.94,35.10,109.13,0.41855,-1,-1,-1
589,-1,461.65,152.37,45.46,199.24,0.32878,-1,-1,-1
589,-1,239.58,197.68,13.10,36.06,0.31338,-1,-1,-1
589,-1,136.42,196.41,14.89,37.11,0.29437,-1,-1,-1
589,-1,451.78,132.91,76.10,250.38,0.17252,-1,-1,-1
589,-1,494.97,129.33,65.90,159.75,0.12846,-1,-1,-1
589,-1,281.05,149.47,32.60,168.89,0.05745,-1,-1,-1
589,-1,2.92,21.72,199.23,450.52,0.05468,-1,-1,-1
590,-1,236.86,2.55,249.05,458.78,0.99951,-1,-1,-1
590,-1,140.03,142.92,65.72,176.98,0.99866,-1,-1,-1
590,-1,467.55,127.21,96.40,240.69,0.99630,-1,-1,-1
590,-1,0.69,0.00,101.77,470.29,0.97856,-1,-1,-1
590,-1,256.41,185.53,30.19,97.24,0.82502,-1,-1,-1
590,-1,227.28,149.80,60.67,134.97,0.73290,-1,-1,-1
590,-1,73.82,183.65,17.84,49.28,0.58621,-1,-1,-1
590,-1,0.00,182.84,35.07,292.57,0.56231,-1,-1,-1
590,-1,448.23,171.27,43.14,184.05,0.38740,-1,-1,-1
590,-1,125.08,197.95,12.15,29.11,0.21285,-1,-1,-1
590,-1,121.50,192.36,16.96,46.73,0.20596,-1,-1,-1
590,-1,578.49,91.14,45.42,57.11,0.20352,-1,-1,-1
590,-1,77.13,186.53,10.24,35.31,0.17225,-1,-1,-1
590,-1,266.79,174.80,22.62,95.94,0.17063,-1,-1,-1
590,-1,434.99,85.99,59.22,294.08,0.15623,-1,-1,-1
590,-1,75.68,177.25,24.96,60.41,0.11794,-1,-1,-1
590,-1,264.96,155.05,32.73,148.70,0.11242,-1,-1,-1
590,-1,457.05,137.22,67.62,200.08,0.07982,-1,-1,-1
590,-1,433.27,205.74,35.47,176.77,0.07443,-1,-1,-1
590,-1,127.08,221.72,38.87,84.60,0.07424,-1,-1,-1
590,-1,484.80,123.28,64.53,153.36,0.06372,-1,-1,-1
591,-1,222.22,1.37,243.06,476.93,0.99945,-1,-1,-1
591,-1,120.81,139.75,64.53,182.44,0.99846,-1,-1,-1
591,-1,448.78,118.79,78.88,227.43,0.99296,-1,-1,-1
591,-1,3.96,5.63,108.95,464.92,0.95922,-1,-1,-1
591,-1,237.77,186.59,34.07,93.55,0.41935,-1,-1,-1
591,-1,201.77,120.22,75.64,158.21,0.20887,-1,-1,-1
591,-1,573.69,88.54,40.38,49.21,0.15307,-1,-1,-1
591,-1,462.46,121.78,55.42,119.43,0.13646,-1,-1,-1
591,-1,152.66,145.83,36.44,122.19,0.13227,-1,-1,-1
591,-1,108.76,193.52,17.98,46.88,0.12830,-1,-1,-1
591,-1,415.33,85.20,59.97,298.19,0.09787,-1,-1,-1
591,-1,412.18,199.21,47.64,181.29,0.09609,-1,-1,-1
591,-1,233.96,129.28,51.81,152.99,0.09419,-1,-1,-1
591,-1,434.71,126.89,50.02,181.33,0.08843,-1,-1,-1
591,-1,63.08,186.97,14.22,42.93,0.08047,-1,-1,-1
591,-1,85.70,184.33,19.80,55.10,0.06972,-1,-1,-1
591,-1,189.48,198.35,13.38,21.74,0.05795,-1,-1,-1
591,-1,414.04,287.88,43.94,95.92,0.05752,-1,-1,-1
592,-1,192.98,0.86,257.14,462.26,0.99932,-1,-1,-1
592,-1,106.18,141.69,68.96,194.09,0.99887,-1,-1,-1
592,-1,429.31,122.00,77.13,209.67,0.98672,-1,-1,-1
592,-1,1.59,0.00,116.97,474.51,0.98363,-1,-1,-1
592,-1,223.15,204.70,34.09,86.27,0.78812,-1,-1,-1
592,-1,569.67,97.41,37.33,54.08,0.41830,-1,-1,-1
592,-1,1.65,112.62,90.89,290.46,0.34876,-1,-1,-1
592,-1,401.23,123.02,85.58,259.54,0.26234,-1,-1,-1
592,-1,0.00,269.11,120.49,203.68,0.18299,-1,-1,-1
592,-1,447.35,123.36,53.77,124.61,0.14058,-1,-1,-1
592,-1,422.01,232.50,73.00,132.94,0.07728,-1,-1,-1
592,-1,221.47,181.44,24.09,82.00,0.07433,-1,-1,-1
592,-1,191.18,127.91,66.70,133.37,0.07201,-1,-1,-1
592,-1,180.36,203.26,13.73,22.62,0.06219,-1,-1,-1
592,-1,186.76,56.15,92.15,222.71,0.05782,-1,-1,-1
592,-1,6.58,187.34,65.34,178.91,0.05696,-1,-1,-1
593,-1,200.43,1.91,250.16,475.51,0.99952,-1,-1,-1
593,-1,87.95,131.11,70.29,202.30,0.99888,-1,-1,-1
593,-1,407.22,123.16,80.55,237.26,0.98327,-1,-1,-1
593,-1,0.97,3.16,98.96,466.16,0.97396,-1,-1,-1
593,-1,203.07,179.69,35.65,111.62,0.94957,-1,-1,-1
593,-1,167.55,198.22,12.97,22.62,0.83063,-1,-1,-1
593,-1,425.54,176.83,54.39,174.18,0.54013,-1,-1,-1
593,-1,383.02,149.79,59.57,222.45,0.46601,-1,-1,-1
593,-1,427.84,122.44,53.25,124.92,0.44679,-1,-1,-1
593,-1,1.49,119.27,66.57,244.92,0.29321,-1,-1,-1
593,-1,425.46,233.51,40.12,121.12,0.12372,-1,-1,-1
593,-1,189.68,27.57,70.40,258.88,0.08734,-1,-1,-1
593,-1,203.73,111.73,45.34,179.04,0.07125,-1,-1,-1
593,-1,187.91,164.00,43.24,111.39,0.06957,-1,-1,-1
593,-1,602.70,213.22,34.13,99.93,0.06381,-1,-1,-1
593,-1,397.68,135.75,78.90,126.67,0.06107,-1,-1,-1
593,-1,555.16,91.06,39.50,55.82,0.05279,-1,-1,-1
594,-1,198.96,1.09,242.78,477.13,0.99943,-1,-1,-1
594,-1,71.82,124.77,77.71,212.18,0.99895,-1,-1,-1
594,-1,409.72,120.14,70.24,231.99,0.97260,-1,-1,-1
594,-1,192.92,168.86,39.66,118.96,0.93886,-1,-1,-1
594,-1,1.28,8.10,90.92,468.58,0.89630,-1,-1,-1
594,-1,375.05,130.77,85.71,240.44,0.65508,-1,-1,-1
594,-1,161.08,194.16,13.73,23.05,0.63405,-1,-1,-1
594,-1,368.55,31.36,65.78,343.35,0.39086,-1,-1,-1
594,-1,0.28,145.16,61.57,213.97,0.33647,-1,-1,-1
594,-1,374.68,138.38,37.91,233.03,0.32573,-1,-1,-1
594,-1,426.46,122.64,48.28,163.45,0.32198,-1,-1,-1
594,-1,430.89,168.08,55.62,175.83,0.13930,-1,-1,-1
594,-1,193.19,19.93,74.16,266.09,0.09828,-1,-1,-1
594,-1,195.81,94.75,51.54,193.15,0.08963,-1,-1,-1
594,-1,95.62,135.28,52.53,147.47,0.08209,-1,-1,-1
594,-1,601.19,172.99,38.21,140.15,0.07506,-1,-1,-1
595,-1,193.74,0.00,248.48,479.51,0.99946,-1,-1,-1
595,-1,49.68,118.76,81.47,225.03,0.99868,-1,-1,-1
595,-1,400.08,132.46,63.83,235.39,0.97036,-1,-1,-1
595,-1,185.53,186.05,36.30,108.69,0.90594,-1,-1,-1
595,-1,152.63,199.49,15.51,21.76,0.89394,-1,-1,-1
595,-1,366.19,157.54,47.89,222.63,0.75453,-1,-1,-1
595,-1,368.53,126.22,78.80,249.43,0.66212,-1,-1,-1
595,-1,0.63,41.71,64.77,398.36,0.63949,-1,-1,-1
595,-1,140.11,200.48,10.51,20.99,0.46341,-1,-1,-1
595,-1,563.53,89.23,28.31,60.98,0.44644,-1,-1,-1
595,-1,609.30,192.79,30.47,130.18,0.26276,-1,-1,-1
595,-1,420.17,126.90,25.33,38.24,0.19876,-1,-1,-1
595,-1,143.35,199.67,11.03,21.94,0.19208,-1,-1,-1
595,-1,2.52,128.91,50.93,220.07,0.10895,-1,-1,-1
595,-1,22.04,96.40,84.95,250.53,0.06605,-1,-1,-1
595,-1,416.95,129.71,38.70,132.29,0.06443,-1,-1,-1
595,-1,184.70,191.28,9.87,27.51,0.06084,-1,-1,-1
595,-1,102.02,148.19,39.98,100.15,0.05900,-1,-1,-1
595,-1,137.21,193.62,20.96,29.26,0.05630,-1,-1,-1
595,-1,143.79,195.04,25.49,27.51,0.05328,-1,-1,-1
595,-1,566.46,112.49,23.39,35.93,0.05050,-1,-1,-1
596,-1,200.40,2.93,240.18,463.99,0.99970,-1,-1,-1
596,-1,34.71,114.04,87.32,234.06,0.99817,-1,-1,-1
596,-1,178.10,174.59,38.85,123.33,0.97549,-1,-1,-1
596,-1,398.25,128.05,57.26,238.03,0.96394,-1,-1,-1
596,-1,0.15,48.58,50.83,367.39,0.91251,-1,-1,-1
596,-1,148.42,200.44,15.09,20.50,0.85426,-1,-1,-1
596,-1,362.79,177.23,44.73,206.82,0.64563,-1,-1,-1
596,-1,370.57,129.88,68.90,250.57,0.58010,-1,-1,-1
596,-1,134.85,201.92,10.56,19.31,0.31544,-1,-1,-1
596,-1,609.80,211.61,28.57,112.77,0.28603,-1,-1,-1
596,-1,425.76,178.57,43.69,144.79,0.18247,-1,-1,-1
596,-1,351.31,42.05,73.78,335.65,0.15916,-1,-1,-1
596,-1,7.43,133.14,48.16,209.74,0.12425,-1,-1,-1
596,-1,554.78,91.26,33.79,59.90,0.10426,-1,-1,-1
596,-1,18.44,146.35,23.96,53.01,0.06691,-1,-1,-1
596,-1,140.90,203.41,9.50,18.26,0.06116,-1,-1,-1
596,-1,356.26,221.57,60.93,117.94,0.05394,-1,-1,-1
596,-1,157.40,201.83,9.56,19.22,0.05295,-1,-1,-1
596,-1,183.03,167.08,21.70,74.15,0.05070,-1,-1,-1
597,-1,197.69,0.00,240.91,480.00,0.99936,-1,-1,-1
597,-1,171.37,157.62,40.96,142.31,0.99742,-1,-1,-1
597,-1,25.08,107.76,84.22,245.78,0.99714,-1,-1,-1
597,-1,378.22,124.57,71.18,250.83,0.97835,-1,-1,-1
597,-1,408.33,134.19,35.82,144.80,0.90707,-1,-1,-1
597,-1,0.32,119.10,39.66,241.10,0.88592,-1,-1,-1
597,-1,143.06,198.22,14.47,22.37,0.75613,-1,-1,-1
597,-1,346.35,196.31,57.06,188.08,0.60510,-1,-1,-1
597,-1,200.63,168.04,14.10,36.99,0.32299,-1,-1,-1
597,-1,376.18,131.79,59.91,149.72,0.30911,-1,-1,-1
597,-1,416.51,168.67,40.41,166.38,0.28301,-1,-1,-1
597,-1,198.18,165.94,17.94,66.12,0.26464,-1,-1,-1
597,-1,196.31,170.60,19.18,105.84,0.20552,-1,-1,-1
597,-1,611.68,217.95,27.72,111.14,0.18858,-1,-1,-1
597,-1,173.03,154.28,36.34,79.68,0.15127,-1,-1,-1
597,-1,137.04,200.83,9.29,19.65,0.14699,-1,-1,-1
597,-1,559.17,87.90,30.46,61.28,0.13430,-1,-1,-1
597,-1,407.56,130.87,20.56,35.00,0.13172,-1,-1,-1
597,-1,3.72,128.14,27.14,84.72,0.08255,-1,-1,-1
597,-1,326.18,68.05,99.74,321.68,0.07881,-1,-1,-1
597,-1,129.66,198.37,11.16,21.27,0.07545,-1,-1,-1
597,-1,425.35,207.63,33.33,108.78,0.06297,-1,-1,-1
597,-1,356.31,234.42,72.99,143.49,0.05011,-1,-1,-1
598,-1,194.87,0.00,219.93,461.23,0.99934,-1,-1,-1
598,-1,158.28,155.21,51.97,148.81,0.99932,-1,-1,-1
598,-1,8.24,109.45,93.17,255.40,0.99720,-1,-1,-1
598,-1,375.33,130.05,70.09,232.61,0.98260,-1,-1,-1
598,-1,141.15,201.66,15.31,22.66,0.85715,-1,-1,-1
598,-1,400.35,135.92,41.80,150.75,0.78884,-1,-1,-1
598,-1,614.21,223.06,25.61,119.02,0.60917,-1,-1,-1
598,-1,370.95,151.83,65.33,130.59,0.57066,-1,-1,-1
598,-1,1.10,131.27,30.48,291.99,0.52814,-1,-1,-1
598,-1,411.43,160.15,40.11,154.64,0.37602,-1,-1,-1
598,-1,403.05,131.07,21.73,40.52,0.37120,-1,-1,-1
598,-1,126.38,201.33,12.32,22.85,0.27849,-1,-1,-1
598,-1,404.06,132.68,31.03,84.76,0.25955,-1,-1,-1
598,-1,599.94,154.38,40.06,176.55,0.22328,-1,-1,-1
598,-1,414.78,173.99,28.61,105.79,0.15241,-1,-1,-1
598,-1,63.04,245.63,24.24,43.79,0.09521,-1,-1,-1
598,-1,187.37,168.06,32.72,135.15,0.07195,-1,-1,-1
598,-1,379.03,261.74,64.88,103.22,0.05904,-1,-1,-1
598,-1,344.73,211.48,49.76,174.91,0.05731,-1,-1,-1
598,-1,343.92,115.54,84.78,270.25,0.05630,-1,-1,-1
598,-1,409.69,144.70,25.79,117.30,0.05501,-1,-1,-1
598,-1,556.43,88.00,36.43,66.19,0.05327,-1,-1,-1
599,-1,194.33,0.00,222.68,474.04,0.99961,-1,-1,-1
599,-1,147.82,152.69,63.61,152.03,0.99958,-1,-1,-1
599,-1,1.35,104.61,86.24,267.11,0.99759,-1,-1,-1
599,-1,370.89,124.81,64.34,241.44,0.97930,-1,-1,-1
599,-1,602.38,197.84,37.41,143.02,0.89833,-1,-1,-1
599,-1,139.34,200.74,14.80,23.96,0.83763,-1,-1,-1
599,-1,121.73,197.94,15.82,26.10,0.71422,-1,-1,-1
599,-1,338.04,240.94,46.32,131.21,0.53351,-1,-1,-1
599,-1,593.10,124.89,46.90,199.33,0.40392,-1,-1,-1
599,-1,1.15,126.45,33.09,264.37,0.21380,-1,-1,-1
599,-1,400.00,134.35,35.47,182.93,0.18697,-1,-1,-1
599,-1,354.18,242.42,32.42,90.51,0.09528,-1,-1,-1
599,-1,551.60,86.72,42.78,56.88,0.07256,-1,-1,-1
599,-1,342.21,204.07,87.19,177.62,0.07175,-1,-1,-1
599,-1,352.28,242.68,60.09,106.27,0.07112,-1,-1,-1
599,-1,368.86,232.89,61.90,122.89,0.06686,-1,-1,-1
599,-1,0.73,255.97,28.45,128.28,0.05768,-1,-1,-1
599,-1,340.20,290.79,35.13,87.85,0.05519,-1,-1,-1
600,-1,195.27,0.00,222.16,474.52,0.99961,-1,-1,-1
600,-1,139.91,155.27,65.82,157.69,0.99929,-1,-1,-1
600,-1,1.18,101.15,70.58,272.73,0.98989,-1,-1,-1
600,-1,0.00,103.81,37.43,257.01,0.70698,-1,-1,-1
600,-1,138.57,202.90,11.64,30.06,0.70441,-1,-1,-1
600,-1,15.64,124.79,78.51,199.04,0.52164,-1,-1,-1
600,-1,42.17,179.37,45.01,121.64,0.48925,-1,-1,-1
600,-1,44.26,224.79,35.13,73.48,0.46237,-1,-1,-1
600,-1,605.30,157.42,34.70,186.60,0.44595,-1,-1,-1
600,-1,358.41,172.63,51.90,181.83,0.41704,-1,-1,-1
600,-1,342.41,30.62,80.92,332.27,0.35469,-1,-1,-1
600,-1,123.33,203.61,12.30,22.18,0.17243,-1,-1,-1
600,-1,19.11,140.79,36.47,44.86,0.14461,-1,-1,-1
600,-1,3.15,97.20,64.26,128.92,0.11257,-1,-1,-1
600,-1,370.22,91.12,71.10,259.54,0.08411,-1,-1,-1
600,-1,0.71,307.05,20.39,61.03,0.07374,-1,-1,-1
600,-1,136.17,193.78,19.56,38.38,0.06253,-1,-1,-1
600,-1,576.35,133.42,63.65,221.62,0.06010,-1,-1,-1
600,-1,388.59,144.61,49.93,183.92,0.06004,-1,-1,-1
600,-1,561.91,87.07,35.99,52.66,0.05664,-1,-1,-1
601,-1,191.60,1.54,242.60,466.30,0.99967,-1,-1,-1
601,-1,140.11,153.96,61.92,162.57,0.99920,-1,-1,-1
601,-1,0.28,140.87,56.46,223.71,0.94131,-1,-1,-1
601,-1,1.87,299.05,46.97,73.96,0.79184,-1,-1,-1
601,-1,360.92,190.88,50.89,169.92,0.70907,-1,-1,-1
601,-1,43.41,238.48,33.47,63.69,0.69803,-1,-1,-1
601,-1,42.24,181.86,40.46,119.33,0.69641,-1,-1,-1
601,-1,605.75,132.49,34.25,216.68,0.35897,-1,-1,-1
601,-1,362.94,71.21,69.84,285.00,0.35253,-1,-1,-1
601,-1,124.47,204.09,13.43,22.92,0.32550,-1,-1,-1
601,-1,554.61,83.05,49.94,60.96,0.13216,-1,-1,-1
601,-1,538.96,135.45,101.04,326.99,0.12502,-1,-1,-1
601,-1,5.13,139.88,44.93,80.63,0.11815,-1,-1,-1
601,-1,71.95,208.52,20.28,19.41,0.09500,-1,-1,-1
601,-1,311.86,22.15,115.22,346.90,0.08939,-1,-1,-1
601,-1,116.52,200.27,19.80,26.66,0.06589,-1,-1,-1
601,-1,359.87,234.05,27.59,118.70,0.05980,-1,-1,-1
602,-1,192.98,0.00,237.13,478.22,0.99979,-1,-1,-1
602,-1,141.13,151.60,56.40,163.28,0.99862,-1,-1,-1
602,-1,0.00,130.77,40.73,231.60,0.96066,-1,-1,-1
602,-1,597.66,102.66,42.34,245.16,0.76218,-1,-1,-1
602,-1,355.55,157.94,73.48,201.91,0.51504,-1,-1,-1
602,-1,127.11,205.18,13.01,20.10,0.49827,-1,-1,-1
602,-1,1.31,165.44,24.16,214.42,0.40684,-1,-1,-1
602,-1,0.44,138.62,46.84,115.57,0.28293,-1,-1,-1
602,-1,337.29,32.72,96.73,330.96,0.19150,-1,-1,-1
602,-1,0.17,232.55,18.95,141.94,0.17179,-1,-1,-1
602,-1,563.09,78.40,47.61,57.11,0.13323,-1,-1,-1
602,-1,136.76,210.03,10.41,16.25,0.11364,-1,-1,-1
602,-1,351.47,237.60,51.62,118.95,0.08332,-1,-1,-1
602,-1,0.00,134.96,80.81,189.57,0.06283,-1,-1,-1
602,-1,1.59,219.85,39.83,202.18,0.05291,-1,-1,-1
602,-1,83.42,210.81,9.05,15.21,0.05067,-1,-1,-1
603,-1,195.96,0.00,228.56,474.26,0.99968,-1,-1,-1
603,-1,130.51,151.24,64.02,173.46,0.99937,-1,-1,-1
603,-1,590.49,103.92,49.51,258.28,0.97402,-1,-1,-1
603,-1,0.00,186.39,33.28,284.33,0.92451,-1,-1,-1
603,-1,367.82,238.23,54.25,129.47,0.51755,-1,-1,-1
603,-1,0.52,207.86,20.60,190.75,0.33848,-1,-1,-1
603,-1,195.10,129.58,50.65,236.79,0.30120,-1,-1,-1
603,-1,544.72,94.32,95.28,350.65,0.24885,-1,-1,-1
603,-1,355.02,247.58,42.77,110.44,0.18357,-1,-1,-1
603,-1,360.92,170.16,74.12,201.04,0.12069,-1,-1,-1
603,-1,188.22,40.79,74.02,313.63,0.10928,-1,-1,-1
603,-1,5.82,166.95,68.66,303.76,0.10712,-1,-1,-1
603,-1,73.89,209.91,10.41,17.75,0.10394,-1,-1,-1
603,-1,170.43,171.11,23.83,118.07,0.09315,-1,-1,-1
603,-1,356.73,261.34,28.97,75.02,0.07722,-1,-1,-1
603,-1,329.05,26.39,102.04,338.16,0.06332,-1,-1,-1
603,-1,70.65,209.47,18.85,19.62,0.05907,-1,-1,-1
603,-1,188.65,163.41,42.00,150.64,0.05686,-1,-1,-1
604,-1,128.63,144.30,68.64,184.57,0.99932,-1,-1,-1
604,-1,196.31,0.00,234.37,461.93,0.99917,-1,-1,-1
604,-1,586.68,96.21,53.32,267.81,0.98341,-1,-1,-1
604,-1,0.29,207.20,51.07,230.49,0.97382,-1,-1,-1
604,-1,365.12,192.79,63.29,174.20,0.52200,-1,-1,-1
604,-1,188.28,102.72,57.61,258.40,0.51017,-1,-1,-1
604,-1,168.91,177.28,28.27,105.87,0.15197,-1,-1,-1
604,-1,356.20,40.85,76.07,327.53,0.12546,-1,-1,-1
604,-1,154.05,154.62,44.41,142.56,0.08814,-1,-1,-1
604,-1,194.48,28.34,74.30,345.63,0.08744,-1,-1,-1
604,-1,566.60,75.47,73.40,391.00,0.07241,-1,-1,-1
605,-1,198.24,0.00,207.27,473.61,0.99951,-1,-1,-1
605,-1,129.69,140.93,62.74,186.64,0.99887,-1,-1,-1
605,-1,589.61,92.70,50.39,263.43,0.96379,-1,-1,-1
605,-1,0.00,200.49,64.53,218.44,0.95996,-1,-1,-1
605,-1,197.95,148.67,46.38,225.72,0.66862,-1,-1,-1
605,-1,158.85,152.34,42.95,146.47,0.36765,-1,-1,-1
605,-1,369.21,185.25,49.55,181.46,0.21104,-1,-1,-1
605,-1,549.25,87.29,90.75,372.00,0.15860,-1,-1,-1
605,-1,309.59,0.62,59.70,21.32,0.10129,-1,-1,-1
605,-1,268.55,0.00,37.62,18.23,0.05933,-1,-1,-1
606,-1,122.48,139.16,70.85,183.90,0.99934,-1,-1,-1
606,-1,205.11,0.00,200.97,469.27,0.99903,-1,-1,-1
606,-1,0.00,222.51,67.49,196.56,0.98086,-1,-1,-1
606,-1,594.93,100.55,45.07,237.29,0.94116,-1,-1,-1
606,-1,192.99,95.40,64.21,274.39,0.53111,-1,-1,-1
606,-1,371.96,146.65,47.03,219.04,0.26265,-1,-1,-1
606,-1,157.93,145.67,42.48,146.52,0.07072,-1,-1,-1
606,-1,551.83,78.36,88.17,364.78,0.06361,-1,-1,-1
607,-1,201.78,0.00,201.20,466.36,0.99959,-1,-1,-1
607,-1,114.77,130.85,75.58,195.75,0.99952,-1,-1,-1
607,-1,0.00,182.46,70.17,233.15,0.95826,-1,-1,-1
607,-1,198.58,155.51,57.67,217.10,0.69676,-1,-1,-1
607,-1,373.44,152.85,37.80,192.32,0.55387,-1,-1,-1
607,-1,605.50,115.51,34.50,191.11,0.51984,-1,-1,-1
607,-1,193.58,32.37,84.64,336.16,0.17703,-1,-1,-1
607,-1,141.96,133.99,58.04,152.08,0.07785,-1,-1,-1
607,-1,298.23,0.64,69.75,23.58,0.07582,-1,-1,-1
607,-1,566.95,101.84,72.22,320.92,0.07328,-1,-1,-1
608,-1,199.30,0.00,202.61,469.69,0.99959,-1,-1,-1
608,-1,97.86,130.94,88.06,197.55,0.99883,-1,-1,-1
608,-1,192.21,148.94,57.08,224.26,0.73728,-1,-1,-1
608,-1,0.77,175.02,50.97,160.04,0.53387,-1,-1,-1
608,-1,558.43,199.10,81.57,275.45,0.51350,-1,-1,-1
608,-1,2.49,177.60,68.03,259.01,0.37717,-1,-1,-1
608,-1,188.09,41.42,94.79,333.86,0.16729,-1,-1,-1
608,-1,365.24,145.95,44.85,209.84,0.14345,-1,-1,-1
608,-1,594.63,65.66,45.37,271.55,0.14165,-1,-1,-1
608,-1,31.83,236.54,34.35,70.35,0.13097,-1,-1,-1
608,-1,89.29,205.17,10.84,17.34,0.09731,-1,-1,-1
608,-1,132.98,144.66,59.21,136.58,0.08690,-1,-1,-1
608,-1,83.86,202.86,19.56,19.56,0.05063,-1,-1,-1
609,-1,202.70,0.00,205.94,471.49,0.99954,-1,-1,-1
609,-1,95.45,123.90,91.27,208.89,0.99933,-1,-1,-1
609,-1,1.20,88.99,67.22,276.78,0.77457,-1,-1,-1
609,-1,199.07,125.51,52.46,250.22,0.49784,-1,-1,-1
609,-1,370.79,128.11,63.41,229.59,0.49497,-1,-1,-1
609,-1,194.08,54.75,80.16,311.64,0.37335,-1,-1,-1
609,-1,9.44,148.17,56.82,151.10,0.22802,-1,-1,-1
609,-1,35.88,232.40,34.65,52.76,0.15935,-1,-1,-1
609,-1,575.87,290.78,64.13,188.05,0.14905,-1,-1,-1
609,-1,0.00,233.02,70.74,59.72,0.13988,-1,-1,-1
609,-1,387.66,153.56,49.72,161.27,0.12210,-1,-1,-1
609,-1,135.84,139.49,54.66,144.11,0.10783,-1,-1,-1
609,-1,307.94,0.29,64.91,19.08,0.10114,-1,-1,-1
609,-1,162.36,151.61,44.72,132.66,0.06248,-1,-1,-1
610,-1,88.62,121.95,87.55,220.23,0.99942,-1,-1,-1
610,-1,213.14,0.00,211.09,478.60,0.99931,-1,-1,-1
610,-1,0.39,30.29,72.27,388.23,0.95211,-1,-1,-1
610,-1,177.70,139.18,76.37,237.40,0.85571,-1,-1,-1
610,-1,370.08,124.26,70.23,237.58,0.60287,-1,-1,-1
610,-1,167.33,149.07,36.34,135.08,0.44229,-1,-1,-1
610,-1,172.73,252.94,16.43,27.21,0.34687,-1,-1,-1
610,-1,183.00,146.56,46.20,130.67,0.31686,-1,-1,-1
610,-1,167.97,167.27,27.27,73.95,0.24699,-1,-1,-1
610,-1,199.10,146.90,44.09,191.70,0.23919,-1,-1,-1
610,-1,173.52,167.33,22.14,31.28,0.18802,-1,-1,-1
610,-1,1.81,120.06,71.84,192.14,0.18313,-1,-1,-1
610,-1,152.86,147.54,36.66,147.40,0.17497,-1,-1,-1
610,-1,0.16,25.18,48.03,291.64,0.15344,-1,-1,-1
610,-1,49.85,232.13,21.85,51.64,0.12092,-1,-1,-1
610,-1,196.97,38.47,99.07,337.11,0.09782,-1,-1,-1
610,-1,0.00,125.71,103.93,346.08,0.09314,-1,-1,-1
610,-1,139.87,131.69,41.35,184.19,0.08411,-1,-1,-1
610,-1,168.87,255.77,12.79,24.93,0.07008,-1,-1,-1
610,-1,113.44,124.42,62.55,103.52,0.05664,-1,-1,-1
611,-1,214.75,0.00,214.74,476.19,0.99950,-1,-1,-1
611,-1,89.07,122.98,85.88,227.25,0.99928,-1,-1,-1
611,-1,169.02,148.05,84.90,233.52,0.94158,-1,-1,-1
611,-1,160.29,172.26,35.04,109.89,0.92525,-1,-1,-1
611,-1,0.42,15.97,66.43,332.77,0.89804,-1,-1,-1
611,-1,170.01,172.24,25.94,31.54,0.43897,-1,-1,-1
611,-1,166.42,162.61,45.71,125.60,0.26510,-1,-1,-1
611,-1,165.68,172.08,30.65,62.83,0.26490,-1,-1,-1
611,-1,140.05,158.26,48.62,146.89,0.24035,-1,-1,-1
611,-1,0.14,186.97,20.18,147.46,0.22202,-1,-1,-1
611,-1,53.74,224.17,19.78,64.57,0.13925,-1,-1,-1
611,-1,2.07,165.94,68.55,117.91,0.13239,-1,-1,-1
611,-1,143.61,170.51,50.22,71.98,0.11714,-1,-1,-1
611,-1,0.54,194.67,74.50,270.90,0.10652,-1,-1,-1
611,-1,371.07,64.93,74.53,288.88,0.10333,-1,-1,-1
611,-1,0.32,97.76,24.29,229.23,0.10049,-1,-1,-1
611,-1,18.63,219.94,57.88,69.02,0.08824,-1,-1,-1
612,-1,230.62,0.00,213.46,476.43,0.99963,-1,-1,-1
612,-1,72.67,117.74,92.29,232.24,0.99951,-1,-1,-1
612,-1,158.46,166.69,42.13,123.49,0.99062,-1,-1,-1
612,-1,0.00,13.42,74.33,425.74,0.96839,-1,-1,-1
612,-1,184.16,143.55,78.94,242.17,0.94916,-1,-1,-1
612,-1,404.95,104.25,50.60,207.32,0.30737,-1,-1,-1
612,-1,0.13,190.23,23.49,134.17,0.18849,-1,-1,-1
612,-1,375.14,42.68,78.24,290.86,0.13695,-1,-1,-1
612,-1,50.81,188.53,15.75,31.46,0.12401,-1,-1,-1
612,-1,125.82,137.17,42.84,188.32,0.12309,-1,-1,-1
612,-1,179.96,171.73,25.01,91.39,0.11920,-1,-1,-1
612,-1,11.30,54.42,142.06,317.24,0.07283,-1,-1,-1
612,-1,166.00,149.24,77.04,191.74,0.05872,-1,-1,-1
613,-1,54.84,109.17,104.02,237.06,0.99968,-1,-1,-1
613,-1,232.94,0.00,212.78,476.01,0.99960,-1,-1,-1
613,-1,182.92,111.05,87.88,262.32,0.99797,-1,-1,-1
613,-1,151.01,162.58,45.50,123.70,0.99652,-1,-1,-1
613,-1,0.00,4.91,74.00,465.95,0.98564,-1,-1,-1
613,-1,0.06,203.76,22.10,115.55,0.48635,-1,-1,-1
613,-1,7.49,76.13,128.10,389.37,0.30308,-1,-1,-1
613,-1,395.63,68.24,71.03,269.86,0.17033,-1,-1,-1
613,-1,0.54,20.56,55.64,261.86,0.10741,-1,-1,-1
613,-1,244.04,249.94,20.70,54.54,0.08684,-1,-1,-1
613,-1,0.72,97.43,27.85,225.28,0.07141,-1,-1,-1
613,-1,81.10,177.02,65.61,175.21,0.06471,-1,-1,-1
613,-1,181.30,180.26,13.55,23.55,0.05279,-1,-1,-1
614,-1,179.05,109.10,85.45,256.54,0.99940,-1,-1,-1
614,-1,246.84,0.53,211.71,453.13,0.99932,-1,-1,-1
614,-1,141.51,158.37,42.86,128.55,0.99828,-1,-1,-1
614,-1,47.47,99.29,92.31,258.64,0.99791,-1,-1,-1
614,-1,0.00,28.39,73.04,421.31,0.97112,-1,-1,-1
614,-1,0.43,201.07,24.60,127.85,0.53415,-1,-1,-1
614,-1,0.34,25.45,50.69,289.60,0.35108,-1,-1,-1
614,-1,10.85,87.08,100.88,284.31,0.32627,-1,-1,-1
614,-1,244.87,135.97,30.90,173.06,0.25156,-1,-1,-1
614,-1,102.78,123.82,37.03,135.26,0.22501,-1,-1,-1
614,-1,174.30,178.68,20.39,25.73,0.20418,-1,-1,-1
614,-1,170.13,169.39,27.66,76.16,0.19362,-1,-1,-1
614,-1,338.19,0.82,59.98,22.56,0.09203,-1,-1,-1
614,-1,240.91,206.26,28.15,95.78,0.07552,-1,-1,-1
614,-1,409.62,54.13,74.31,260.28,0.06999,-1,-1,-1
615,-1,258.56,0.00,203.04,475.12,0.99954,-1,-1,-1
615,-1,181.29,111.07,80.52,255.66,0.99946,-1,-1,-1
615,-1,49.89,94.11,80.33,271.60,0.99823,-1,-1,-1
615,-1,136.56,156.80,48.81,130.15,0.99781,-1,-1,-1
615,-1,0.00,16.63,69.62,424.09,0.98897,-1,-1,-1
615,-1,245.81,138.14,32.36,168.44,0.73127,-1,-1,-1
615,-1,97.37,117.13,38.12,145.27,0.65297,-1,-1,-1
615,-1,0.55,192.10,27.42,210.18,0.38695,-1,-1,-1
615,-1,242.84,168.29,25.42,127.66,0.23923,-1,-1,-1
615,-1,0.58,173.41,53.38,286.24,0.23738,-1,-1,-1
615,-1,21.86,58.20,63.11,310.27,0.21254,-1,-1,-1
615,-1,421.91,96.39,63.02,227.22,0.12479,-1,-1,-1
615,-1,259.05,130.64,14.89,26.08,0.06067,-1,-1,-1
615,-1,157.68,157.83,35.09,93.29,0.05893,-1,-1,-1
615,-1,253.02,125.41,47.81,177.86,0.05787,-1,-1,-1
616,-1,272.44,0.00,210.87,474.43,0.99977,-1,-1,-1
616,-1,184.64,110.37,78.73,258.76,0.99940,-1,-1,-1
616,-1,127.48,152.09,52.83,136.66,0.99764,-1,-1,-1
616,-1,47.56,91.49,75.24,253.54,0.99275,-1,-1,-1
616,-1,0.06,6.23,85.82,454.53,0.97703,-1,-1,-1
616,-1,248.49,138.75,36.68,165.33,0.87620,-1,-1,-1
616,-1,264.12,117.54,40.52,193.38,0.85102,-1,-1,-1
616,-1,271.12,111.01,34.53,84.46,0.82793,-1,-1,-1
616,-1,0.00,143.66,56.35,310.58,0.67529,-1,-1,-1
616,-1,257.09,137.30,22.65,23.83,0.62698,-1,-1,-1
616,-1,245.31,149.99,24.16,144.81,0.59271,-1,-1,-1
616,-1,9.13,57.36,104.34,305.72,0.36883,-1,-1,-1
616,-1,436.66,38.32,68.73,276.63,0.34884,-1,-1,-1
616,-1,258.83,179.46,24.13,122.87,0.20660,-1,-1,-1
616,-1,256.61,56.31,112.70,408.93,0.17210,-1,-1,-1
616,-1,254.80,90.38,58.20,274.07,0.17024,-1,-1,-1
616,-1,261.99,29.97,80.65,307.38,0.14556,-1,-1,-1
616,-1,254.97,136.10,24.29,62.88,0.12003,-1,-1,-1
616,-1,362.66,0.57,63.79,23.17,0.08059,-1,-1,-1
616,-1,104.80,110.96,23.00,52.68,0.05674,-1,-1,-1
616,-1,135.31,174.91,31.73,115.52,0.05035,-1,-1,-1
617,-1,280.22,0.00,211.43,473.02,0.99952,-1,-1,-1
617,-1,181.93,107.60,79.37,257.49,0.99911,-1,-1,-1
617,-1,125.77,146.05,57.70,141.26,0.99871,-1,-1,-1
617,-1,46.01,77.78,71.81,202.45,0.98859,-1,-1,-1
617,-1,265.04,105.87,48.78,199.06,0.97821,-1,-1,-1
617,-1,0.54,6.51,79.54,447.36,0.97800,-1,-1,-1
617,-1,251.56,128.66,35.10,169.93,0.95628,-1,-1,-1
617,-1,0.67,131.24,55.49,335.80,0.71726,-1,-1,-1
617,-1,8.98,39.77,100.15,280.63,0.50042,-1,-1,-1
617,-1,243.93,139.96,23.81,136.14,0.27001,-1,-1,-1
617,-1,35.57,68.62,83.82,359.83,0.16669,-1,-1,-1
617,-1,256.97,130.53,23.17,25.08,0.13979,-1,-1,-1
617,-1,272.36,101.41,41.44,119.63,0.12655,-1,-1,-1
617,-1,447.44,39.35,68.46,263.76,0.10371,-1,-1,-1
617,-1,255.00,131.70,26.36,80.96,0.09657,-1,-1,-1
617,-1,261.87,111.87,71.28,300.39,0.07920,-1,-1,-1
617,-1,269.17,66.07,126.17,390.22,0.05240,-1,-1,-1
618,-1,279.83,0.85,233.66,471.59,0.99943,-1,-1,-1
618,-1,181.15,96.28,74.00,267.02,0.99915,-1,-1,-1
618,-1,112.48,139.98,60.68,145.08,0.99879,-1,-1,-1
618,-1,261.60,94.11,55.06,254.44,0.99567,-1,-1,-1
618,-1,0.00,32.33,85.15,434.00,0.98499,-1,-1,-1
618,-1,36.19,56.71,69.49,194.96,0.94961,-1,-1,-1
618,-1,240.54,127.52,36.98,168.95,0.90124,-1,-1,-1
618,-1,247.08,127.25,29.01,102.87,0.49519,-1,-1,-1
618,-1,252.85,115.11,38.39,210.27,0.45141,-1,-1,-1
618,-1,259.97,95.77,77.37,362.69,0.28977,-1,-1,-1
618,-1,253.51,126.16,23.01,25.61,0.25664,-1,-1,-1
618,-1,0.00,13.42,96.65,217.87,0.24330,-1,-1,-1
618,-1,34.58,57.86,56.09,122.64,0.21364,-1,-1,-1
618,-1,54.01,91.77,53.67,132.43,0.13453,-1,-1,-1
618,-1,17.56,45.71,108.20,356.24,0.09639,-1,-1,-1
618,-1,250.29,127.44,25.93,43.99,0.07724,-1,-1,-1
618,-1,138.20,141.45,45.30,135.10,0.07007,-1,-1,-1
618,-1,260.52,62.83,154.10,411.64,0.05861,-1,-1,-1
618,-1,34.19,59.17,39.18,86.87,0.05208,-1,-1,-1
619,-1,273.11,0.63,228.84,471.97,0.99975,-1,-1,-1
619,-1,98.14,137.13,57.39,150.44,0.99903,-1,-1,-1
619,-1,168.76,99.04,76.19,263.47,0.99887,-1,-1,-1
619,-1,257.52,93.97,62.09,248.08,0.99533,-1,-1,-1
619,-1,0.00,10.18,89.55,461.52,0.99205,-1,-1,-1
619,-1,231.34,124.26,41.13,173.82,0.97376,-1,-1,-1
619,-1,0.43,124.33,55.84,351.60,0.77289,-1,-1,-1
619,-1,235.74,105.55,60.70,235.09,0.42402,-1,-1,-1
619,-1,256.70,90.24,91.78,374.15,0.25813,-1,-1,-1
619,-1,0.28,61.65,104.71,250.54,0.13856,-1,-1,-1
619,-1,242.26,143.82,27.97,115.11,0.05979,-1,-1,-1
619,-1,266.86,91.98,35.91,43.86,0.05636,-1,-1,-1
620,-1,268.69,3.05,228.05,473.80,0.99977,-1,-1,-1
620,-1,160.41,97.63,79.99,262.40,0.99920,-1,-1,-1
620,-1,97.01,137.55,54.96,151.52,0.99910,-1,-1,-1
620,-1,257.09,95.40,69.25,260.15,0.99620,-1,-1,-1
620,-1,1.58,5.32,100.49,462.69,0.99592,-1,-1,-1
620,-1,231.72,123.80,39.71,177.63,0.96891,-1,-1,-1
620,-1,242.40,115.90,44.87,226.09,0.32479,-1,-1,-1
620,-1,264.48,89.51,97.57,374.40,0.20065,-1,-1,-1
620,-1,74.17,159.84,78.21,192.60,0.13712,-1,-1,-1
620,-1,251.94,126.56,23.23,23.98,0.08496,-1,-1,-1
620,-1,5.08,166.13,68.76,93.08,0.05175,-1,-1,-1
621,-1,294.15,0.00,199.37,471.44,0.99956,-1,-1,-1
621,-1,165.08,108.23,75.49,257.10,0.99923,-1,-1,-1
621,-1,91.05,141.92,64.05,154.61,0.99917,-1,-1,-1
621,-1,1.74,0.00,106.40,464.48,0.99797,-1,-1,-1
621,-1,253.22,102.66,73.31,262.15,0.99741,-1,-1,-1
621,-1,237.45,132.11,39.61,180.30,0.98722,-1,-1,-1
621,-1,1.93,0.00,81.70,273.18,0.28700,-1,-1,-1
621,-1,89.08,174.27,18.84,87.81,0.22469,-1,-1,-1
621,-1,257.19,136.23,20.86,23.48,0.13092,-1,-1,-1
621,-1,27.26,160.34,80.78,107.00,0.09285,-1,-1,-1
621,-1,299.38,109.74,31.22,39.51,0.07513,-1,-1,-1
621,-1,10.53,73.31,110.71,242.86,0.07450,-1,-1,-1
621,-1,48.41,113.50,104.39,204.74,0.05845,-1,-1,-1
621,-1,90.16,184.84,15.73,31.74,0.05685,-1,-1,-1
622,-1,163.42,114.71,83.73,260.59,0.99937,-1,-1,-1
622,-1,305.48,3.45,189.69,464.14,0.99922,-1,-1,-1
622,-1,95.97,142.97,55.66,162.35,0.99751,-1,-1,-1
622,-1,254.89,113.61,75.23,260.52,0.99716,-1,-1,-1
622,-1,0.55,1.68,119.95,478.32,0.99612,-1,-1,-1
622,-1,240.94,141.89,38.53,174.24,0.93467,-1,-1,-1
622,-1,262.33,143.41,21.04,23.17,0.45888,-1,-1,-1
622,-1,2.84,0.00,94.61,264.53,0.31687,-1,-1,-1
622,-1,265.14,109.56,40.25,49.79,0.11779,-1,-1,-1
622,-1,64.44,126.28,85.31,265.13,0.10674,-1,-1,-1
622,-1,242.13,117.39,46.55,121.66,0.08480,-1,-1,-1
622,-1,101.89,117.59,234.03,236.05,0.06962,-1,-1,-1
622,-1,92.01,190.34,15.00,32.70,0.06493,-1,-1,-1
623,-1,303.22,0.96,199.56,469.18,0.99908,-1,-1,-1
623,-1,161.53,121.90,82.69,258.63,0.99895,-1,-1,-1
623,-1,248.54,118.97,79.48,257.82,0.99752,-1,-1,-1
623,-1,1.71,20.64,108.49,451.53,0.99052,-1,-1,-1
623,-1,90.79,143.32,55.15,163.65,0.96805,-1,-1,-1
623,-1,240.97,150.69,33.99,164.05,0.91518,-1,-1,-1
623,-1,76.28,140.65,77.21,263.56,0.73480,-1,-1,-1
623,-1,243.70,139.35,46.64,214.34,0.21088,-1,-1,-1
623,-1,278.76,1.09,88.90,128.97,0.16881,-1,-1,-1
623,-1,267.95,48.69,87.51,332.25,0.10281,-1,-1,-1
623,-1,32.41,71.25,101.06,304.03,0.06686,-1,-1,-1
623,-1,0.00,89.24,66.69,390.03,0.05182,-1,-1,-1
624,-1,303.24,0.00,196.03,470.18,0.99947,-1,-1,-1
624,-1,158.06,126.43,84.79,257.42,0.99935,-1,-1,-1
624,-1,256.38,117.25,71.09,257.24,0.99777,-1,-1,-1
624,-1,0.00,14.80,106.92,464.25,0.99434,-1,-1,-1
624,-1,90.57,142.65,46.63,136.00,0.99200,-1,-1,-1
624,-1,238.96,145.20,35.24,176.59,0.96349,-1,-1,-1
624,-1,2.88,5.91,97.39,234.66,0.20271,-1,-1,-1
624,-1,55.97,107.70,78.32,214.87,0.16877,-1,-1,-1
624,-1,248.39,125.77,47.45,222.03,0.15767,-1,-1,-1
624,-1,275.62,0.96,98.14,131.14,0.15134,-1,-1,-1
624,-1,226.35,168.43,17.69,121.24,0.11444,-1,-1,-1
624,-1,294.76,117.99,28.46,43.74,0.10770,-1,-1,-1
624,-1,384.11,0.59,67.40,18.29,0.05208,-1,-1,-1
625,-1,297.43,0.14,199.97,473.08,0.99948,-1,-1,-1
625,-1,163.54,120.01,85.45,262.13,0.99925,-1,-1,-1
625,-1,249.72,115.46,79.89,248.96,0.99844,-1,-1,-1
625,-1,0.00,11.51,117.79,468.49,0.99254,-1,-1,-1
625,-1,73.74,120.80,61.48,168.68,0.84419,-1,-1,-1
625,-1,240.81,134.78,37.52,181.46,0.54450,-1,-1,-1
625,-1,91.33,121.94,40.60,123.30,0.44889,-1,-1,-1
625,-1,47.55,83.47,89.59,326.05,0.42415,-1,-1,-1
625,-1,97.37,132.09,32.90,74.21,0.31149,-1,-1,-1
625,-1,293.40,110.75,30.69,42.25,0.18588,-1,-1,-1
625,-1,295.10,114.62,34.61,63.51,0.10432,-1,-1,-1
625,-1,3.16,8.29,88.43,273.73,0.09732,-1,-1,-1
626,-1,168.24,117.11,86.94,254.40,0.99948,-1,-1,-1
626,-1,309.46,0.00,196.28,469.29,0.99886,-1,-1,-1
626,-1,254.24,112.41,74.16,250.34,0.99862,-1,-1,-1
626,-1,0.00,18.77,116.90,449.74,0.99644,-1,-1,-1
626,-1,42.49,52.65,92.63,359.86,0.34459,-1,-1,-1
626,-1,243.98,135.61,35.41,172.03,0.07520,-1,-1,-1
626,-1,303.06,124.07,30.63,194.17,0.07049,-1,-1,-1
627,-1,312.19,1.44,210.14,473.36,0.99977,-1,-1,-1
627,-1,170.85,109.98,84.11,250.08,0.99939,-1,-1,-1
627,-1,257.90,105.42,70.13,252.17,0.99848,-1,-1,-1
627,-1,0.00,7.71,115.78,466.44,0.99225,-1,-1,-1
627,-1,33.44,23.56,114.69,359.70,0.57492,-1,-1,-1
627,-1,306.36,183.64,19.86,102.87,0.13927,-1,-1,-1
627,-1,83.02,164.02,59.60,116.41,0.08502,-1,-1,-1
627,-1,237.22,153.82,32.90,145.35,0.05901,-1,-1,-1
627,-1,276.82,3.21,65.62,153.69,0.05487,-1,-1,-1
628,-1,316.10,0.00,227.60,480.00,0.99965,-1,-1,-1
628,-1,176.37,102.63,84.47,256.88,0.99916,-1,-1,-1
628,-1,258.92,95.37,72.40,261.11,0.99825,-1,-1,-1
628,-1,0.01,6.68,137.76,462.64,0.99758,-1,-1,-1
628,-1,158.54,133.64,42.85,172.88,0.97402,-1,-1,-1
628,-1,173.71,135.20,27.10,65.91,0.95927,-1,-1,-1
628,-1,155.65,135.17,45.53,78.66,0.41729,-1,-1,-1
628,-1,301.51,116.49,33.47,174.61,0.14443,-1,-1,-1
628,-1,242.00,132.65,32.57,156.34,0.14182,-1,-1,-1
628,-1,183.09,143.91,14.80,53.67,0.11168,-1,-1,-1
628,-1,90.13,170.84,65.79,130.45,0.10092,-1,-1,-1
628,-1,154.51,155.23,26.12,53.39,0.07994,-1,-1,-1
628,-1,308.91,194.60,21.36,95.32,0.07730,-1,-1,-1
628,-1,37.14,10.66,126.10,317.57,0.06958,-1,-1,-1
628,-1,162.38,185.80,30.66,119.47,0.06604,-1,-1,-1
628,-1,171.55,138.10,33.89,105.74,0.05744,-1,-1,-1
629,-1,328.67,8.03,251.36,442.76,0.99947,-1,-1,-1
629,-1,182.41,114.54,86.81,252.12,0.99907,-1,-1,-1
629,-1,266.98,113.40,74.61,250.82,0.99762,-1,-1,-1
629,-1,0.00,7.79,150.59,466.75,0.99565,-1,-1,-1
629,-1,161.25,140.03,44.70,168.23,0.97632,-1,-1,-1
629,-1,2.68,4.90,133.57,218.11,0.47172,-1,-1,-1
629,-1,318.63,221.49,21.93,71.21,0.13150,-1,-1,-1
629,-1,165.39,138.07,39.44,83.91,0.13014,-1,-1,-1
629,-1,1.49,1.10,81.35,56.95,0.12907,-1,-1,-1
629,-1,509.38,27.97,81.41,288.47,0.12443,-1,-1,-1
629,-1,301.04,121.37,42.49,181.01,0.09605,-1,-1,-1
629,-1,271.40,140.58,17.04,19.75,0.09569,-1,-1,-1
629,-1,271.76,115.57,69.14,128.06,0.09458,-1,-1,-1
629,-1,247.06,157.47,33.07,136.84,0.07648,-1,-1,-1
629,-1,436.08,8.58,145.45,320.78,0.07533,-1,-1,-1
629,-1,91.21,106.72,79.41,331.77,0.05950,-1,-1,-1
630,-1,339.57,1.59,261.63,476.48,0.99961,-1,-1,-1
630,-1,202.88,115.37,78.16,260.79,0.99932,-1,-1,-1
630,-1,277.82,111.94,76.32,252.26,0.99870,-1,-1,-1
630,-1,0.00,8.00,172.34,465.46,0.99663,-1,-1,-1
630,-1,164.04,138.03,49.91,177.90,0.98508,-1,-1,-1
630,-1,320.34,133.92,35.53,160.06,0.24258,-1,-1,-1
630,-1,281.32,142.11,18.01,23.46,0.24066,-1,-1,-1
630,-1,166.31,122.23,78.42,228.61,0.18626,-1,-1,-1
630,-1,328.58,222.29,23.03,73.50,0.18208,-1,-1,-1
630,-1,269.15,186.13,22.70,111.64,0.14165,-1,-1,-1
630,-1,520.89,30.81,96.72,298.01,0.14129,-1,-1,-1
630,-1,126.71,168.97,66.84,262.30,0.08453,-1,-1,-1
630,-1,151.23,138.40,45.68,165.94,0.07956,-1,-1,-1
630,-1,272.86,122.81,36.35,215.19,0.06966,-1,-1,-1
630,-1,1.65,25.20,93.61,350.61,0.06452,-1,-1,-1
630,-1,183.84,145.90,36.20,124.03,0.06301,-1,-1,-1
630,-1,0.29,199.72,21.22,122.21,0.05635,-1,-1,-1
630,-1,157.62,149.79,49.85,90.44,0.05211,-1,-1,-1
631,-1,347.35,8.39,276.61,454.88,0.99939,-1,-1,-1
631,-1,1.72,8.56,178.48,468.78,0.99904,-1,-1,-1
631,-1,211.55,119.93,75.08,257.60,0.99892,-1,-1,-1
631,-1,285.85,115.35,77.44,247.36,0.99880,-1,-1,-1
631,-1,169.49,132.46,50.84,188.44,0.98692,-1,-1,-1
631,-1,145.11,134.83,63.66,264.12,0.59486,-1,-1,-1
631,-1,281.67,141.05,24.36,90.92,0.39234,-1,-1,-1
631,-1,278.70,142.02,27.85,162.14,0.35291,-1,-1,-1
631,-1,564.59,39.81,64.31,289.05,0.20184,-1,-1,-1
631,-1,168.11,157.64,28.35,74.14,0.17653,-1,-1,-1
631,-1,272.60,203.35,25.66,96.23,0.16904,-1,-1,-1
631,-1,175.94,127.36,69.21,238.24,0.16786,-1,-1,-1
631,-1,285.42,143.81,20.43,26.06,0.14054,-1,-1,-1
631,-1,336.50,207.45,22.48,82.94,0.13676,-1,-1,-1
631,-1,16.71,0.52,93.83,50.84,0.09275,-1,-1,-1
631,-1,331.42,130.83,32.78,156.95,0.07200,-1,-1,-1
631,-1,284.56,144.64,20.99,48.06,0.06995,-1,-1,-1
631,-1,1.40,13.43,68.18,374.02,0.06415,-1,-1,-1
631,-1,166.39,163.50,20.17,52.95,0.05993,-1,-1,-1
631,-1,170.86,133.11,36.43,107.82,0.05678,-1,-1,-1
631,-1,101.33,95.48,116.23,287.70,0.05530,-1,-1,-1
631,-1,592.26,286.57,35.19,61.13,0.05083,-1,-1,-1
632,-1,221.08,120.41,67.37,251.04,0.99932,-1,-1,-1
632,-1,3.72,8.05,206.11,471.95,0.99925,-1,-1,-1
632,-1,353.14,4.44,277.99,454.05,0.99896,-1,-1,-1
632,-1,289.77,117.11,75.50,240.15,0.99886,-1,-1,-1
632,-1,169.61,136.47,52.08,158.41,0.94159,-1,-1,-1
632,-1,286.06,144.01,21.78,24.58,0.37556,-1,-1,-1
632,-1,156.81,128.25,58.84,241.13,0.21332,-1,-1,-1
632,-1,336.42,132.67,31.80,163.03,0.20826,-1,-1,-1
632,-1,273.32,147.01,33.15,163.02,0.20821,-1,-1,-1
632,-1,288.01,120.08,30.19,48.11,0.18706,-1,-1,-1
632,-1,281.49,140.20,23.58,82.89,0.18662,-1,-1,-1
632,-1,559.32,22.34,75.43,321.78,0.15053,-1,-1,-1
632,-1,339.19,178.67,22.74,113.75,0.13350,-1,-1,-1
632,-1,276.03,209.34,26.59,95.49,0.11735,-1,-1,-1
632,-1,283.21,145.01,26.16,47.92,0.10373,-1,-1,-1
632,-1,589.77,256.87,45.38,115.90,0.10171,-1,-1,-1
632,-1,1.29,14.25,78.72,344.88,0.10139,-1,-1,-1
632,-1,261.33,131.48,56.89,204.35,0.09314,-1,-1,-1
632,-1,176.48,136.13,35.86,106.30,0.05529,-1,-1,-1
632,-1,284.33,130.82,46.65,221.19,0.05411,-1,-1,-1
633,-1,299.34,115.76,71.86,242.78,0.99940,-1,-1,-1
633,-1,379.01,0.14,248.17,473.51,0.99934,-1,-1,-1
633,-1,13.86,32.79,194.43,439.54,0.99921,-1,-1,-1
633,-1,224.58,117.68,68.28,252.77,0.99830,-1,-1,-1
633,-1,0.00,85.89,51.42,256.80,0.98374,-1,-1,-1
633,-1,162.95,137.79,57.64,193.80,0.94991,-1,-1,-1
633,-1,176.52,134.63,45.92,130.91,0.60257,-1,-1,-1
633,-1,280.53,138.45,33.51,174.40,0.47448,-1,-1,-1
633,-1,1.72,55.18,75.42,382.62,0.37163,-1,-1,-1
633,-1,580.52,45.99,59.48,305.26,0.26662,-1,-1,-1
633,-1,288.59,144.05,26.18,75.40,0.23211,-1,-1,-1
633,-1,187.61,130.68,42.60,250.14,0.21104,-1,-1,-1
633,-1,135.97,108.98,85.70,329.73,0.20869,-1,-1,-1
633,-1,278.19,196.05,27.85,109.31,0.17182,-1,-1,-1
633,-1,339.90,133.95,32.27,162.61,0.17170,-1,-1,-1
633,-1,292.03,143.31,22.01,24.32,0.12899,-1,-1,-1
633,-1,467.38,5.21,167.01,346.26,0.09448,-1,-1,-1
633,-1,0.00,91.75,39.88,87.35,0.08062,-1,-1,-1
633,-1,597.19,267.99,42.52,84.37,0.07809,-1,-1,-1
633,-1,87.85,21.04,130.57,353.81,0.07061,-1,-1,-1
633,-1,16.05,19.57,144.36,143.74,0.05264,-1,-1,-1
634,-1,403.28,0.00,231.31,476.87,0.99953,-1,-1,-1
634,-1,24.94,2.91,193.47,474.66,0.99952,-1,-1,-1
634,-1,306.34,116.03,72.25,240.45,0.99890,-1,-1,-1
634,-1,235.07,117.85,65.57,244.93,0.99880,-1,-1,-1
634,-1,0.69,63.17,54.79,326.79,0.93463,-1,-1,-1
634,-1,174.93,129.07,57.45,187.92,0.90183,-1,-1,-1
634,-1,285.16,139.10,36.54,168.38,0.84699,-1,-1,-1
634,-1,608.07,183.37,31.93,162.39,0.57030,-1,-1,-1
634,-1,90.55,19.42,144.61,334.43,0.47228,-1,-1,-1
634,-1,189.88,153.75,48.80,211.56,0.40683,-1,-1,-1
634,-1,127.99,98.60,105.67,222.15,0.37398,-1,-1,-1
634,-1,300.49,139.92,20.29,24.96,0.28181,-1,-1,-1
634,-1,294.63,141.14,26.30,94.14,0.26656,-1,-1,-1
634,-1,12.93,90.90,45.46,212.51,0.21187,-1,-1,-1
634,-1,179.59,119.34,93.34,243.34,0.17237,-1,-1,-1
634,-1,286.46,207.58,28.67,97.90,0.13006,-1,-1,-1
634,-1,300.79,137.76,33.22,208.27,0.12787,-1,-1,-1
634,-1,611.10,264.08,28.90,79.99,0.10073,-1,-1,-1
634,-1,188.81,124.50,36.06,87.17,0.07785,-1,-1,-1
634,-1,595.01,52.55,44.33,295.15,0.06673,-1,-1,-1
635,-1,40.60,8.69,183.12,461.13,0.99977,-1,-1,-1
635,-1,411.79,2.95,228.21,476.85,0.99923,-1,-1,-1
635,-1,241.25,117.47,65.41,249.59,0.99917,-1,-1,-1
635,-1,312.91,119.25,71.44,247.80,0.99910,-1,-1,-1
635,-1,293.48,144.34,35.62,169.56,0.75695,-1,-1,-1
635,-1,356.65,140.92,31.74,147.66,0.45746,-1,-1,-1
635,-1,306.49,131.34,25.69,33.69,0.24503,-1,-1,-1
635,-1,0.67,324.89,25.80,91.92,0.18801,-1,-1,-1
635,-1,105.11,9.90,129.00,328.67,0.17334,-1,-1,-1
635,-1,308.50,114.80,31.36,52.11,0.11770,-1,-1,-1
635,-1,620.83,197.06,19.16,125.78,0.10488,-1,-1,-1
635,-1,306.53,135.37,36.75,205.88,0.07584,-1,-1,-1
635,-1,362.26,143.62,14.01,16.64,0.06674,-1,-1,-1
635,-1,355.31,136.68,30.61,53.44,0.06301,-1,-1,-1
635,-1,301.29,154.29,24.66,120.28,0.06124,-1,-1,-1
635,-1,310.07,123.67,24.38,28.93,0.05567,-1,-1,-1
635,-1,604.75,101.20,34.87,206.18,0.05308,-1,-1,-1
636,-1,45.56,4.50,190.71,474.54,0.99965,-1,-1,-1
636,-1,418.18,1.69,219.31,469.81,0.99946,-1,-1,-1
636,-1,238.19,117.72,67.27,241.94,0.99924,-1,-1,-1
636,-1,312.73,120.58,70.06,236.52,0.99899,-1,-1,-1
636,-1,295.50,140.13,32.84,166.33,0.92680,-1,-1,-1
636,-1,356.87,138.11,29.44,149.52,0.68160,-1,-1,-1
636,-1,300.81,142.00,24.89,105.26,0.28022,-1,-1,-1
636,-1,610.51,94.11,29.00,202.81,0.23350,-1,-1,-1
636,-1,304.03,124.53,42.12,207.94,0.15396,-1,-1,-1
636,-1,292.56,193.91,28.34,109.78,0.12316,-1,-1,-1
636,-1,305.03,142.76,22.28,24.01,0.12156,-1,-1,-1
636,-1,74.20,5.94,153.44,245.07,0.09525,-1,-1,-1
636,-1,356.25,141.04,28.53,49.72,0.09197,-1,-1,-1
636,-1,192.97,112.06,66.43,275.73,0.06989,-1,-1,-1
636,-1,404.95,174.99,28.35,63.05,0.06873,-1,-1,-1
636,-1,358.40,143.96,18.12,25.07,0.05598,-1,-1,-1
636,-1,112.28,26.76,134.45,377.15,0.05109,-1,-1,-1
636,-1,564.27,43.76,73.34,373.10,0.05087,-1,-1,-1
637,-1,60.96,5.30,178.56,469.81,0.99968,-1,-1,-1
637,-1,412.85,4.23,224.78,471.87,0.99939,-1,-1,-1
637,-1,240.48,113.51,66.63,242.54,0.99849,-1,-1,-1
637,-1,307.54,117.31,75.49,228.37,0.99836,-1,-1,-1
637,-1,291.07,148.52,35.12,155.66,0.80939,-1,-1,-1
637,-1,399.76,158.63,36.38,76.49,0.21418,-1,-1,-1
637,-1,303.07,141.66,24.89,23.58,0.19571,-1,-1,-1
637,-1,353.51,130.40,31.49,158.54,0.16866,-1,-1,-1
637,-1,260.50,118.67,75.73,216.70,0.12673,-1,-1,-1
637,-1,304.98,115.39,34.26,50.41,0.12333,-1,-1,-1
637,-1,358.26,201.38,16.14,87.42,0.09429,-1,-1,-1
637,-1,173.61,33.42,80.64,385.05,0.07334,-1,-1,-1
638,-1,71.25,2.54,169.27,465.09,0.99974,-1,-1,-1
638,-1,247.67,116.87,60.37,230.70,0.99928,-1,-1,-1
638,-1,417.68,2.40,218.70,477.60,0.99924,-1,-1,-1
638,-1,311.07,112.20,73.26,228.42,0.99849,-1,-1,-1
638,-1,292.88,137.62,35.31,166.07,0.93914,-1,-1,-1
638,-1,304.40,140.03,24.59,23.66,0.46636,-1,-1,-1
638,-1,400.42,172.35,34.41,62.57,0.32267,-1,-1,-1
638,-1,301.63,116.82,49.74,194.11,0.22699,-1,-1,-1
638,-1,291.62,201.25,30.24,101.93,0.20519,-1,-1,-1
638,-1,358.25,210.71,17.65,76.98,0.18070,-1,-1,-1
638,-1,353.72,131.00,33.38,155.00,0.16947,-1,-1,-1
638,-1,305.75,116.26,30.51,47.94,0.11790,-1,-1,-1
638,-1,302.35,141.07,25.12,103.79,0.09304,-1,-1,-1
638,-1,416.59,185.03,20.49,49.38,0.06947,-1,-1,-1
638,-1,302.17,141.60,27.41,43.59,0.06790,-1,-1,-1
638,-1,208.00,126.64,51.38,178.37,0.05864,-1,-1,-1
639,-1,65.23,1.23,176.60,473.61,0.99974,-1,-1,-1
639,-1,245.87,116.58,61.50,230.75,0.99943,-1,-1,-1
639,-1,308.64,110.23,71.24,237.51,0.99910,-1,-1,-1
639,-1,396.77,3.10,241.62,475.62,0.99898,-1,-1,-1
639,-1,302.29,138.27,25.23,23.60,0.57537,-1,-1,-1
639,-1,292.52,136.85,33.95,160.60,0.46551,-1,-1,-1
639,-1,291.49,200.10,29.50,95.17,0.40383,-1,-1,-1
639,-1,302.37,119.80,27.90,41.76,0.37076,-1,-1,-1
639,-1,305.57,116.49,23.65,28.68,0.34216,-1,-1,-1
639,-1,46.75,179.59,70.23,192.52,0.27649,-1,-1,-1
639,-1,301.82,113.98,50.49,200.81,0.16712,-1,-1,-1
639,-1,415.78,183.43,18.63,50.89,0.16662,-1,-1,-1
639,-1,397.86,171.17,18.04,58.03,0.14353,-1,-1,-1
639,-1,306.63,112.38,39.06,49.97,0.10959,-1,-1,-1
639,-1,356.30,135.68,29.63,133.99,0.09667,-1,-1,-1
639,-1,434.16,197.41,20.32,40.70,0.06564,-1,-1,-1
639,-1,300.57,139.85,27.21,46.58,0.06407,-1,-1,-1
639,-1,183.24,31.12,71.42,379.95,0.06068,-1,-1,-1
639,-1,299.44,139.86,26.89,87.00,0.05955,-1,-1,-1
639,-1,400.70,177.19,28.14,56.18,0.05708,-1,-1,-1
639,-1,204.59,153.36,58.52,229.34,0.05693,-1,-1,-1
640,-1,407.19,2.26,231.44,475.26,0.99912,-1,-1,-1
640,-1,302.47,111.89,72.48,238.12,0.99911,-1,-1,-1
640,-1,37.08,11.95,208.65,453.31,0.99849,-1,-1,-1
640,-1,242.25,118.03,62.16,232.72,0.99835,-1,-1,-1
640,-1,410.09,188.29,17.77,46.14,0.67363,-1,-1,-1
640,-1,282.31,202.29,33.78,93.50,0.67226,-1,-1,-1
640,-1,297.21,138.34,23.47,24.21,0.65180,-1,-1,-1
640,-1,28.62,56.28,150.16,332.12,0.63122,-1,-1,-1
640,-1,431.66,197.38,18.40,42.91,0.54363,-1,-1,-1
640,-1,288.35,136.43,31.93,160.22,0.46212,-1,-1,-1
640,-1,295.30,137.62,26.13,78.45,0.21465,-1,-1,-1
640,-1,19.75,165.54,100.29,225.39,0.19402,-1,-1,-1
640,-1,503.58,309.05,24.43,76.57,0.12546,-1,-1,-1
640,-1,429.90,137.98,30.03,174.29,0.08962,-1,-1,-1
640,-1,403.65,180.71,19.38,52.47,0.07774,-1,-1,-1
640,-1,297.37,120.50,29.50,43.17,0.06052,-1,-1,-1
640,-1,392.48,186.56,10.92,43.66,0.05420,-1,-1,-1
640,-1,44.98,126.95,68.09,174.13,0.05208,-1,-1,-1
641,-1,406.14,2.55,231.81,477.45,0.99968,-1,-1,-1
641,-1,297.46,118.87,72.67,231.84,0.99935,-1,-1,-1
641,-1,235.72,119.44,61.91,236.54,0.99843,-1,-1,-1
641,-1,32.50,13.84,209.67,449.01,0.99831,-1,-1,-1
641,-1,6.95,60.61,119.22,321.50,0.98055,-1,-1,-1
641,-1,5.51,66.37,90.44,214.59,0.77956,-1,-1,-1
641,-1,4.06,69.77,66.23,329.43,0.70376,-1,-1,-1
641,-1,282.67,141.78,33.15,156.58,0.54320,-1,-1,-1
641,-1,287.87,141.90,26.87,81.17,0.45718,-1,-1,-1
641,-1,42.13,62.87,46.05,80.55,0.40396,-1,-1,-1
641,-1,31.88,65.16,58.85,154.67,0.39520,-1,-1,-1
641,-1,289.88,140.70,23.56,23.89,0.19265,-1,-1,-1
641,-1,5.18,83.47,57.90,142.30,0.18858,-1,-1,-1
641,-1,383.42,165.97,20.36,66.92,0.15526,-1,-1,-1
641,-1,39.19,66.70,69.84,247.31,0.15319,-1,-1,-1
641,-1,276.71,203.14,33.68,91.66,0.12361,-1,-1,-1
641,-1,389.79,169.25,26.75,66.54,0.12146,-1,-1,-1
641,-1,2.48,157.62,46.65,242.82,0.11246,-1,-1,-1
641,-1,385.92,165.80,12.45,36.92,0.07992,-1,-1,-1
641,-1,424.68,246.24,103.69,230.30,0.06193,-1,-1,-1
641,-1,409.04,150.99,33.17,85.83,0.05452,-1,-1,-1
641,-1,97.19,147.23,139.72,320.50,0.05324,-1,-1,-1
642,-1,406.43,1.13,227.28,477.03,0.99963,-1,-1,-1
642,-1,295.44,122.42,72.73,229.99,0.99933,-1,-1,-1
642,-1,23.00,20.05,215.79,453.03,0.99903,-1,-1,-1
642,-1,233.56,123.47,59.19,240.50,0.99639,-1,-1,-1
642,-1,1.57,47.02,97.70,333.97,0.98217,-1,-1,-1
642,-1,277.00,143.70,35.33,156.82,0.51944,-1,-1,-1
642,-1,285.62,143.97,23.16,24.44,0.51630,-1,-1,-1
642,-1,2.21,57.27,79.31,180.22,0.42737,-1,-1,-1
642,-1,0.49,74.65,38.51,335.48,0.29678,-1,-1,-1
642,-1,402.91,194.23,16.20,42.57,0.25128,-1,-1,-1
642,-1,281.22,200.46,27.91,96.51,0.20523,-1,-1,-1
642,-1,284.09,143.88,27.60,76.61,0.18879,-1,-1,-1
642,-1,0.85,57.30,40.55,148.03,0.14029,-1,-1,-1
642,-1,388.95,191.72,27.25,45.04,0.13368,-1,-1,-1
642,-1,382.66,197.26,24.48,38.21,0.09491,-1,-1,-1
642,-1,252.57,136.22,49.14,190.87,0.08133,-1,-1,-1
642,-1,338.91,139.11,31.80,129.48,0.05528,-1,-1,-1
642,-1,211.58,135.69,44.49,204.35,0.05297,-1,-1,-1
643,-1,405.55,0.64,226.97,479.36,0.99961,-1,-1,-1
643,-1,295.68,121.46,70.55,223.42,0.99923,-1,-1,-1
643,-1,33.65,3.68,204.66,472.58,0.99906,-1,-1,-1
643,-1,226.42,125.19,65.84,237.24,0.99470,-1,-1,-1
643,-1,0.00,33.80,87.29,311.01,0.97278,-1,-1,-1
643,-1,270.74,143.70,40.63,154.55,0.88769,-1,-1,-1
643,-1,279.97,145.65,29.83,81.80,0.73847,-1,-1,-1
643,-1,394.85,184.43,20.50,51.35,0.55001,-1,-1,-1
643,-1,249.05,130.13,57.07,203.98,0.37089,-1,-1,-1
643,-1,76.36,94.13,16.26,26.49,0.33134,-1,-1,-1
643,-1,6.85,21.31,131.84,407.22,0.30615,-1,-1,-1
643,-1,284.39,189.91,23.13,107.29,0.20246,-1,-1,-1
643,-1,198.82,107.72,81.93,291.09,0.20103,-1,-1,-1
643,-1,59.96,84.65,52.30,176.08,0.19972,-1,-1,-1
643,-1,281.77,144.77,22.32,23.84,0.14964,-1,-1,-1
643,-1,402.20,194.09,20.61,44.15,0.09920,-1,-1,-1
643,-1,271.02,195.53,29.02,97.44,0.08448,-1,-1,-1
643,-1,418.52,209.26,9.68,28.58,0.06537,-1,-1,-1
643,-1,409.40,191.65,19.37,45.78,0.06126,-1,-1,-1
643,-1,415.65,199.32,10.91,37.90,0.05549,-1,-1,-1
644,-1,399.59,1.79,231.42,478.21,0.99952,-1,-1,-1
644,-1,293.30,122.44,66.27,224.32,0.99930,-1,-1,-1
644,-1,35.64,17.03,196.35,451.29,0.99923,-1,-1,-1
644,-1,222.59,127.35,62.98,240.48,0.99827,-1,-1,-1
644,-1,0.60,38.39,54.83,261.13,0.98327,-1,-1,-1
644,-1,276.84,150.78,26.48,151.58,0.96719,-1,-1,-1
644,-1,3.96,44.77,91.25,274.73,0.85484,-1,-1,-1
644,-1,391.71,186.00,21.51,54.63,0.40837,-1,-1,-1
644,-1,400.34,198.33,13.21,40.28,0.21623,-1,-1,-1
644,-1,380.72,165.69,36.72,78.06,0.19567,-1,-1,-1
644,-1,4.79,25.46,152.07,329.97,0.17479,-1,-1,-1
644,-1,277.16,149.79,22.16,23.66,0.16439,-1,-1,-1
644,-1,204.84,138.87,40.55,262.59,0.16198,-1,-1,-1
644,-1,284.14,132.50,41.85,199.64,0.13795,-1,-1,-1
644,-1,91.76,164.44,16.47,62.29,0.13790,-1,-1,-1
644,-1,277.07,150.84,23.99,73.14,0.08010,-1,-1,-1
644,-1,28.40,108.08,75.72,196.27,0.05778,-1,-1,-1
644,-1,264.15,195.44,23.24,101.89,0.05426,-1,-1,-1
645,-1,39.19,12.87,187.57,453.42,0.99962,-1,-1,-1
645,-1,287.05,121.28,68.66,227.95,0.99926,-1,-1,-1
645,-1,394.96,1.95,241.73,476.49,0.99918,-1,-1,-1
645,-1,222.67,126.21,59.69,215.60,0.99716,-1,-1,-1
645,-1,269.61,148.14,30.66,154.74,0.88671,-1,-1,-1
645,-1,380.87,195.96,26.89,43.95,0.57984,-1,-1,-1
645,-1,270.63,149.65,25.46,92.40,0.44086,-1,-1,-1
645,-1,593.61,174.86,44.79,211.98,0.29971,-1,-1,-1
645,-1,273.21,128.58,52.76,201.62,0.27725,-1,-1,-1
645,-1,271.07,148.71,20.94,23.66,0.21927,-1,-1,-1
645,-1,0.27,111.34,27.22,161.52,0.16794,-1,-1,-1
645,-1,202.34,144.47,38.57,211.00,0.13517,-1,-1,-1
645,-1,598.42,15.47,39.95,323.55,0.09874,-1,-1,-1
645,-1,209.68,129.49,44.02,176.27,0.09872,-1,-1,-1
645,-1,282.40,175.59,23.41,122.50,0.07312,-1,-1,-1
646,-1,62.41,2.75,157.78,467.93,0.99981,-1,-1,-1
646,-1,283.94,123.02,66.75,226.79,0.99952,-1,-1,-1
646,-1,221.05,122.81,51.04,202.63,0.99398,-1,-1,-1
646,-1,390.98,0.00,245.83,477.28,0.99291,-1,-1,-1
646,-1,261.83,149.92,33.21,137.22,0.94723,-1,-1,-1
646,-1,195.09,133.49,43.65,143.94,0.28140,-1,-1,-1
646,-1,374.30,170.06,33.09,73.08,0.23685,-1,-1,-1
646,-1,590.39,16.06,47.98,336.07,0.16546,-1,-1,-1
646,-1,183.86,126.19,101.03,201.51,0.09046,-1,-1,-1
646,-1,106.39,2.10,66.43,60.28,0.08242,-1,-1,-1
646,-1,385.90,164.99,28.67,73.73,0.07606,-1,-1,-1
646,-1,265.42,147.30,22.66,24.57,0.05740,-1,-1,-1
646,-1,116.53,12.13,113.25,351.79,0.05561,-1,-1,-1
647,-1,61.58,4.02,158.89,471.62,0.99976,-1,-1,-1
647,-1,278.53,127.12,67.41,224.75,0.99915,-1,-1,-1
647,-1,216.62,128.67,51.37,206.36,0.99604,-1,-1,-1
647,-1,388.26,2.63,247.73,476.48,0.99396,-1,-1,-1
647,-1,257.25,149.52,33.11,158.48,0.96198,-1,-1,-1
647,-1,376.55,192.38,22.30,52.66,0.74190,-1,-1,-1
647,-1,237.25,135.47,47.77,191.74,0.62029,-1,-1,-1
647,-1,260.31,147.81,23.02,25.64,0.42995,-1,-1,-1
647,-1,40.00,204.90,22.48,20.38,0.42307,-1,-1,-1
647,-1,20.38,203.24,23.04,20.42,0.09977,-1,-1,-1
647,-1,283.02,154.33,13.93,20.20,0.07736,-1,-1,-1
647,-1,196.72,157.52,30.12,92.22,0.06739,-1,-1,-1
647,-1,66.09,205.01,12.27,20.09,0.06368,-1,-1,-1
648,-1,67.48,1.87,153.28,478.13,0.99972,-1,-1,-1
648,-1,276.71,133.26,65.34,225.19,0.99876,-1,-1,-1
648,-1,215.47,132.91,51.23,195.51,0.99674,-1,-1,-1
648,-1,394.10,1.54,242.36,478.46,0.99597,-1,-1,-1
648,-1,257.82,154.26,31.86,154.35,0.96811,-1,-1,-1
648,-1,372.14,194.15,27.30,52.22,0.32492,-1,-1,-1
648,-1,259.97,150.77,21.45,24.62,0.19769,-1,-1,-1
648,-1,317.51,148.28,30.62,114.38,0.10262,-1,-1,-1
648,-1,604.76,15.91,33.56,341.71,0.10106,-1,-1,-1
648,-1,505.24,14.48,131.54,422.62,0.08535,-1,-1,-1
649,-1,59.88,5.58,162.13,469.48,0.99965,-1,-1,-1
649,-1,273.39,131.84,68.45,221.89,0.99925,-1,-1,-1
649,-1,392.92,4.55,242.24,466.05,0.99768,-1,-1,-1
649,-1,214.50,138.14,54.27,209.45,0.99705,-1,-1,-1
649,-1,256.32,157.54,29.64,142.58,0.93841,-1,-1,-1
649,-1,258.73,156.22,22.14,24.27,0.35396,-1,-1,-1
649,-1,371.13,198.64,31.60,48.12,0.22582,-1,-1,-1
649,-1,261.06,141.52,43.38,195.55,0.20595,-1,-1,-1
649,-1,185.54,141.10,47.97,214.85,0.10462,-1,-1,-1
649,-1,198.99,235.90,48.40,123.35,0.08514,-1,-1,-1
649,-1,9.62,212.70,47.05,63.06,0.06105,-1,-1,-1
650,-1,57.19,4.71,160.72,469.94,0.99964,-1,-1,-1
650,-1,399.15,1.08,238.15,478.92,0.99910,-1,-1,-1
650,-1,269.73,129.54,69.67,219.81,0.99899,-1,-1,-1
650,-1,209.57,135.74,58.92,219.66,0.99598,-1,-1,-1
650,-1,253.66,155.60,29.76,150.70,0.58047,-1,-1,-1
650,-1,6.26,191.17,38.59,36.52,0.30608,-1,-1,-1
650,-1,193.06,190.61,55.57,159.75,0.23417,-1,-1,-1
650,-1,229.45,132.49,70.47,213.99,0.19324,-1,-1,-1
650,-1,4.11,182.43,43.91,97.86,0.18993,-1,-1,-1
650,-1,1.07,169.34,33.84,59.00,0.14013,-1,-1,-1
650,-1,195.72,255.96,42.85,105.39,0.10892,-1,-1,-1
650,-1,254.23,157.24,21.84,22.36,0.10079,-1,-1,-1
650,-1,376.39,192.15,22.58,53.65,0.08162,-1,-1,-1
650,-1,267.17,146.35,35.57,199.67,0.05818,-1,-1,-1
650,-1,241.63,145.77,35.73,189.90,0.05694,-1,-1,-1
650,-1,316.35,152.39,14.25,21.93,0.05076,-1,-1,-1
651,-1,44.98,2.10,166.64,464.78,0.99958,-1,-1,-1
651,-1,258.91,122.31,75.58,222.26,0.99920,-1,-1,-1
651,-1,392.63,2.15,245.07,476.90,0.99897,-1,-1,-1
651,-1,206.22,127.30,54.38,217.54,0.99832,-1,-1,-1
651,-1,247.17,151.10,26.32,106.91,0.61650,-1,-1,-1
651,-1,367.98,187.69,24.64,51.34,0.48176,-1,-1,-1
651,-1,246.75,149.75,22.24,21.98,0.30595,-1,-1,-1
651,-1,0.91,188.77,29.55,30.78,0.24977,-1,-1,-1
651,-1,55.03,203.51,19.81,16.71,0.20825,-1,-1,-1
651,-1,251.21,145.82,27.79,177.00,0.20355,-1,-1,-1
651,-1,392.64,203.40,16.28,40.14,0.12878,-1,-1,-1
651,-1,329.93,186.01,9.75,46.27,0.07719,-1,-1,-1
651,-1,360.66,182.65,23.22,55.57,0.06833,-1,-1,-1
651,-1,179.24,187.38,47.81,147.85,0.05220,-1,-1,-1
652,-1,43.01,2.89,168.04,470.86,0.99965,-1,-1,-1
652,-1,260.91,125.53,72.00,224.70,0.99940,-1,-1,-1
652,-1,382.59,3.76,247.15,472.37,0.99879,-1,-1,-1
652,-1,201.24,131.07,59.78,221.45,0.99824,-1,-1,-1
652,-1,365.32,190.73,26.36,54.84,0.73156,-1,-1,-1
652,-1,244.84,148.56,29.52,149.26,0.24486,-1,-1,-1
652,-1,403.72,239.19,15.94,89.09,0.12291,-1,-1,-1
652,-1,351.76,186.52,25.89,56.89,0.10871,-1,-1,-1
652,-1,242.87,160.49,20.56,123.35,0.09245,-1,-1,-1
652,-1,242.29,153.42,24.10,21.01,0.07844,-1,-1,-1
652,-1,253.82,147.77,32.66,192.80,0.05875,-1,-1,-1
652,-1,243.78,154.52,26.57,86.83,0.05383,-1,-1,-1
653,-1,42.17,8.35,168.60,466.30,0.99965,-1,-1,-1
653,-1,392.36,1.89,244.64,474.01,0.99963,-1,-1,-1
653,-1,261.34,135.72,69.02,225.12,0.99941,-1,-1,-1
653,-1,204.99,138.91,54.40,219.05,0.99747,-1,-1,-1
653,-1,240.69,157.41,34.90,150.32,0.58316,-1,-1,-1
653,-1,363.58,198.25,27.33,54.38,0.42275,-1,-1,-1
653,-1,398.61,224.85,19.06,106.32,0.26733,-1,-1,-1
653,-1,399.64,264.85,15.37,61.61,0.25377,-1,-1,-1
653,-1,242.49,156.88,22.22,22.28,0.24670,-1,-1,-1
653,-1,242.89,159.80,24.60,96.09,0.15375,-1,-1,-1
653,-1,379.73,212.17,15.52,41.54,0.13554,-1,-1,-1
653,-1,588.94,23.73,48.77,323.92,0.08935,-1,-1,-1
653,-1,258.63,7.36,90.76,118.25,0.08404,-1,-1,-1
653,-1,389.45,213.46,28.87,41.70,0.08276,-1,-1,-1
653,-1,397.82,134.40,38.42,197.83,0.07485,-1,-1,-1
653,-1,372.66,208.24,28.63,45.59,0.06895,-1,-1,-1
653,-1,249.95,167.22,27.61,82.74,0.06600,-1,-1,-1
653,-1,115.85,4.79,60.82,84.31,0.05386,-1,-1,-1
653,-1,256.78,149.33,35.34,206.79,0.05174,-1,-1,-1
654,-1,44.94,0.00,167.46,480.00,0.99963,-1,-1,-1
654,-1,379.04,1.68,250.46,466.13,0.99940,-1,-1,-1
654,-1,258.43,129.79,71.58,226.55,0.99884,-1,-1,-1
654,-1,200.14,135.96,56.46,218.05,0.99517,-1,-1,-1
654,-1,238.39,151.38,36.96,149.68,0.76515,-1,-1,-1
654,-1,362.29,192.93,28.71,53.94,0.35654,-1,-1,-1
654,-1,350.56,188.01,25.67,56.27,0.22272,-1,-1,-1
654,-1,20.99,199.97,21.80,24.57,0.16208,-1,-1,-1
654,-1,585.40,18.36,53.81,312.04,0.13910,-1,-1,-1
654,-1,240.68,165.98,20.68,133.35,0.08155,-1,-1,-1
654,-1,82.90,5.29,131.78,280.19,0.07557,-1,-1,-1
654,-1,178.75,116.15,37.64,231.91,0.06692,-1,-1,-1
654,-1,366.90,201.18,16.52,44.17,0.05793,-1,-1,-1
654,-1,160.20,28.35,58.25,334.12,0.05517,-1,-1,-1
655,-1,42.11,0.00,174.00,474.32,0.99970,-1,-1,-1
655,-1,382.27,0.65,244.18,467.17,0.99957,-1,-1,-1
655,-1,262.49,131.14,70.68,217.58,0.99922,-1,-1,-1
655,-1,202.85,137.42,57.26,217.93,0.99568,-1,-1,-1
655,-1,239.49,154.78,37.10,150.33,0.76552,-1,-1,-1
655,-1,363.41,191.58,28.93,53.20,0.60028,-1,-1,-1
655,-1,351.94,183.28,32.48,60.14,0.41855,-1,-1,-1
655,-1,374.75,195.27,22.85,50.94,0.21616,-1,-1,-1
655,-1,72.99,165.72,33.34,139.16,0.08692,-1,-1,-1
655,-1,381.25,93.08,92.38,367.71,0.08144,-1,-1,-1
655,-1,81.52,154.12,35.99,161.94,0.07615,-1,-1,-1
655,-1,174.56,165.14,51.36,192.38,0.07452,-1,-1,-1
655,-1,382.61,195.34,22.73,51.99,0.05938,-1,-1,-1
655,-1,382.12,172.31,44.27,156.72,0.05158,-1,-1,-1
655,-1,303.27,151.67,33.22,119.00,0.05158,-1,-1,-1
656,-1,266.34,130.28,68.93,214.52,0.99950,-1,-1,-1
656,-1,377.46,0.00,250.73,475.04,0.99920,-1,-1,-1
656,-1,30.18,0.00,191.48,474.51,0.99871,-1,-1,-1
656,-1,211.42,138.77,48.14,214.54,0.99623,-1,-1,-1
656,-1,241.33,155.61,36.15,148.85,0.63381,-1,-1,-1
656,-1,365.78,191.95,29.34,53.36,0.27612,-1,-1,-1
656,-1,467.55,313.76,31.32,74.06,0.25135,-1,-1,-1
656,-1,372.07,64.10,99.91,370.56,0.22950,-1,-1,-1
656,-1,386.50,119.56,60.27,126.69,0.12035,-1,-1,-1
656,-1,258.76,150.86,30.82,186.84,0.10884,-1,-1,-1
656,-1,162.72,72.42,66.95,285.24,0.09388,-1,-1,-1
656,-1,350.66,197.30,22.79,44.45,0.09103,-1,-1,-1
656,-1,375.78,123.92,71.92,220.95,0.07727,-1,-1,-1
656,-1,356.15,196.17,27.20,47.67,0.06158,-1,-1,-1
656,-1,189.29,126.37,50.79,225.49,0.06020,-1,-1,-1
656,-1,174.45,174.48,48.72,183.79,0.05992,-1,-1,-1
656,-1,90.26,145.41,125.32,329.46,0.05661,-1,-1,-1
657,-1,365.32,4.02,259.68,471.99,0.99964,-1,-1,-1
657,-1,268.79,121.84,67.35,216.65,0.99926,-1,-1,-1
657,-1,29.65,3.95,192.38,464.96,0.99812,-1,-1,-1
657,-1,215.88,128.86,46.88,205.90,0.99425,-1,-1,-1
657,-1,250.67,158.02,24.34,77.55,0.72236,-1,-1,-1
657,-1,80.78,156.49,29.37,148.64,0.45815,-1,-1,-1
657,-1,247.56,153.14,31.51,139.39,0.39689,-1,-1,-1
657,-1,607.37,46.17,31.02,219.03,0.32942,-1,-1,-1
657,-1,395.04,91.91,55.93,146.93,0.20803,-1,-1,-1
657,-1,366.09,179.91,39.44,58.53,0.17070,-1,-1,-1
657,-1,589.30,10.43,47.65,409.32,0.14204,-1,-1,-1
657,-1,243.89,150.85,19.02,91.22,0.11624,-1,-1,-1
657,-1,258.68,179.47,23.23,111.37,0.09512,-1,-1,-1
657,-1,85.53,124.51,126.09,349.11,0.09476,-1,-1,-1
657,-1,13.02,26.55,165.11,275.78,0.08488,-1,-1,-1
657,-1,0.23,190.49,14.97,26.25,0.06645,-1,-1,-1
657,-1,310.54,142.06,30.76,104.90,0.06543,-1,-1,-1
657,-1,309.92,140.54,18.03,22.95,0.06487,-1,-1,-1
657,-1,355.84,200.70,23.15,35.12,0.06352,-1,-1,-1
658,-1,382.06,0.05,252.23,478.52,0.99973,-1,-1,-1
658,-1,275.04,116.64,69.02,215.84,0.99951,-1,-1,-1
658,-1,44.17,6.89,181.39,454.81,0.99862,-1,-1,-1
658,-1,221.19,126.85,48.90,207.37,0.99543,-1,-1,-1
658,-1,81.43,177.37,27.75,123.44,0.52823,-1,-1,-1
658,-1,250.92,153.17,32.19,142.32,0.37188,-1,-1,-1
658,-1,261.47,168.54,21.23,64.35,0.33582,-1,-1,-1
658,-1,66.04,149.21,45.91,152.50,0.33529,-1,-1,-1
658,-1,254.96,153.79,19.61,80.71,0.26706,-1,-1,-1
658,-1,363.41,176.15,39.29,59.90,0.21927,-1,-1,-1
658,-1,391.26,187.86,16.39,48.48,0.19811,-1,-1,-1
658,-1,393.33,103.05,55.59,118.25,0.17549,-1,-1,-1
658,-1,362.32,186.92,24.65,47.56,0.13565,-1,-1,-1
658,-1,482.64,313.46,24.93,69.37,0.12630,-1,-1,-1
658,-1,589.31,9.88,46.84,408.99,0.11969,-1,-1,-1
658,-1,377.52,187.20,32.82,49.95,0.10701,-1,-1,-1
658,-1,267.54,175.65,13.91,48.32,0.09436,-1,-1,-1
658,-1,33.32,80.42,97.02,220.09,0.07399,-1,-1,-1
658,-1,201.34,129.69,49.08,198.01,0.06993,-1,-1,-1
658,-1,604.71,18.73,32.96,257.79,0.06681,-1,-1,-1
658,-1,485.40,336.81,19.83,42.69,0.06635,-1,-1,-1
658,-1,364.38,110.25,61.57,124.70,0.06116,-1,-1,-1
658,-1,260.55,166.21,13.98,50.99,0.06042,-1,-1,-1
658,-1,367.28,164.46,39.06,44.30,0.05176,-1,-1,-1
658,-1,32.31,161.45,70.27,130.28,0.05100,-1,-1,-1
659,-1,283.12,116.78,67.63,216.13,0.99966,-1,-1,-1
659,-1,378.53,0.00,246.09,479.39,0.99959,-1,-1,-1
659,-1,61.14,8.58,168.72,466.78,0.99941,-1,-1,-1
659,-1,223.89,128.09,50.38,202.28,0.99668,-1,-1,-1
659,-1,372.48,105.73,49.02,123.59,0.57859,-1,-1,-1
659,-1,204.31,140.35,38.23,205.21,0.22168,-1,-1,-1
659,-1,387.75,219.34,43.25,99.27,0.17938,-1,-1,-1
659,-1,256.20,157.31,32.40,126.22,0.12037,-1,-1,-1
659,-1,602.44,0.00,34.66,291.97,0.11334,-1,-1,-1
659,-1,63.13,151.09,60.99,154.46,0.06951,-1,-1,-1
659,-1,233.27,184.18,28.03,143.71,0.06404,-1,-1,-1
659,-1,81.32,205.09,43.15,102.45,0.05802,-1,-1,-1
659,-1,269.49,182.74,19.64,88.21,0.05610,-1,-1,-1
660,-1,66.46,7.04,162.50,459.79,0.99973,-1,-1,-1
660,-1,372.29,1.39,244.25,478.58,0.99972,-1,-1,-1
660,-1,276.20,127.84,66.77,216.14,0.99963,-1,-1,-1
660,-1,220.21,137.40,52.76,189.87,0.99401,-1,-1,-1
660,-1,266.93,185.80,17.75,81.71,0.30603,-1,-1,-1
660,-1,365.81,91.15,43.54,122.24,0.18702,-1,-1,-1
660,-1,203.29,146.26,42.37,200.42,0.16520,-1,-1,-1
660,-1,64.58,163.56,45.35,151.33,0.13737,-1,-1,-1
660,-1,368.85,100.96,36.03,54.43,0.12124,-1,-1,-1
660,-1,202.16,164.43,25.20,84.86,0.10734,-1,-1,-1
660,-1,194.58,141.32,36.46,131.03,0.06684,-1,-1,-1
660,-1,241.70,155.27,36.88,147.92,0.06504,-1,-1,-1
660,-1,196.19,188.62,22.26,79.40,0.06492,-1,-1,-1
660,-1,597.30,6.84,39.83,265.83,0.06087,-1,-1,-1
660,-1,51.67,163.66,34.89,139.79,0.05383,-1,-1,-1
660,-1,389.67,74.74,86.23,383.67,0.05336,-1,-1,-1
661,-1,373.62,6.98,255.52,472.45,0.99958,-1,-1,-1
661,-1,275.65,129.09,67.56,213.76,0.99957,-1,-1,-1
661,-1,83.19,2.42,149.07,474.90,0.99935,-1,-1,-1
661,-1,38.94,146.00,60.21,170.31,0.99169,-1,-1,-1
661,-1,220.73,138.71,53.05,181.52,0.99111,-1,-1,-1
661,-1,595.07,19.84,43.47,241.70,0.51375,-1,-1,-1
661,-1,211.46,153.60,40.47,197.20,0.33888,-1,-1,-1
661,-1,33.11,190.47,18.80,36.58,0.29940,-1,-1,-1
661,-1,267.75,190.18,12.85,49.05,0.21476,-1,-1,-1
661,-1,203.65,146.02,36.37,117.42,0.15554,-1,-1,-1
661,-1,209.60,144.36,52.63,124.70,0.15273,-1,-1,-1
661,-1,239.20,157.15,40.01,145.48,0.13173,-1,-1,-1
661,-1,198.91,158.90,27.23,94.93,0.09356,-1,-1,-1
661,-1,267.06,187.26,16.62,77.17,0.09009,-1,-1,-1
661,-1,315.05,143.67,24.96,76.88,0.05066,-1,-1,-1
662,-1,271.56,129.50,68.22,211.41,0.99964,-1,-1,-1
662,-1,85.23,0.00,141.06,480.00,0.99963,-1,-1,-1
662,-1,382.59,5.48,246.22,465.08,0.99946,-1,-1,-1
662,-1,22.84,130.00,77.52,199.90,0.99930,-1,-1,-1
662,-1,222.67,139.58,46.02,153.89,0.99173,-1,-1,-1
662,-1,393.91,182.56,32.72,169.94,0.36409,-1,-1,-1
662,-1,576.36,9.88,60.84,306.85,0.28776,-1,-1,-1
662,-1,249.04,183.99,29.01,101.84,0.24975,-1,-1,-1
662,-1,382.63,195.03,17.21,44.86,0.24714,-1,-1,-1
662,-1,210.86,161.19,44.53,189.37,0.23984,-1,-1,-1
662,-1,263.20,189.44,13.74,45.04,0.18208,-1,-1,-1
662,-1,382.62,69.44,73.82,267.56,0.12361,-1,-1,-1
662,-1,389.29,191.26,29.35,86.85,0.09611,-1,-1,-1
662,-1,387.46,189.89,21.54,52.27,0.09005,-1,-1,-1
662,-1,201.21,147.33,42.66,112.46,0.07608,-1,-1,-1
662,-1,395.61,141.25,47.85,221.11,0.07368,-1,-1,-1
662,-1,19.46,196.82,29.94,29.11,0.05651,-1,-1,-1
663,-1,28.26,128.41,74.46,207.96,0.99973,-1,-1,-1
663,-1,272.46,131.62,66.54,203.57,0.99958,-1,-1,-1
663,-1,90.44,3.91,141.92,471.00,0.99910,-1,-1,-1
663,-1,396.61,3.88,238.58,475.06,0.99883,-1,-1,-1
663,-1,223.28,138.82,50.11,167.16,0.99210,-1,-1,-1
663,-1,398.80,197.45,33.78,151.90,0.48818,-1,-1,-1
663,-1,206.52,152.11,55.67,193.64,0.19682,-1,-1,-1
663,-1,594.53,10.70,43.20,313.59,0.16583,-1,-1,-1
663,-1,246.09,165.55,30.28,133.10,0.11872,-1,-1,-1
663,-1,86.14,282.81,24.01,50.88,0.11276,-1,-1,-1
663,-1,4.63,188.22,37.15,36.60,0.10749,-1,-1,-1
663,-1,238.35,131.14,78.00,200.07,0.07474,-1,-1,-1
663,-1,192.29,140.65,47.25,159.55,0.06366,-1,-1,-1
663,-1,89.12,237.24,21.96,94.04,0.06064,-1,-1,-1
663,-1,311.32,143.95,27.38,82.62,0.06039,-1,-1,-1
663,-1,600.46,155.03,36.66,107.73,0.05200,-1,-1,-1
664,-1,92.44,12.84,140.02,444.98,0.99984,-1,-1,-1
664,-1,272.67,131.65,70.58,206.15,0.99965,-1,-1,-1
664,-1,12.27,127.14,87.84,211.66,0.99948,-1,-1,-1
664,-1,398.21,3.68,239.58,475.51,0.99863,-1,-1,-1
664,-1,222.82,137.02,51.50,160.68,0.99694,-1,-1,-1
664,-1,402.49,226.47,36.92,128.84,0.76348,-1,-1,-1
664,-1,604.10,33.90,35.09,212.02,0.27325,-1,-1,-1
664,-1,1.17,171.06,31.24,56.50,0.15712,-1,-1,-1
664,-1,389.23,247.62,25.42,37.11,0.08177,-1,-1,-1
664,-1,80.44,161.78,29.75,173.75,0.06262,-1,-1,-1
664,-1,200.01,144.54,47.90,126.46,0.05614,-1,-1,-1
665,-1,277.99,126.22,69.02,208.90,0.99971,-1,-1,-1
665,-1,15.32,113.36,83.04,230.50,0.99914,-1,-1,-1
665,-1,89.38,10.90,142.65,460.05,0.99904,-1,-1,-1
665,-1,226.89,134.02,50.68,164.70,0.99813,-1,-1,-1
665,-1,401.75,2.76,235.62,474.60,0.99728,-1,-1,-1
665,-1,80.31,130.25,34.34,205.28,0.92447,-1,-1,-1
665,-1,407.11,207.00,42.82,147.29,0.83946,-1,-1,-1
665,-1,81.39,153.89,29.59,106.56,0.39695,-1,-1,-1
665,-1,388.91,188.84,21.43,49.85,0.14035,-1,-1,-1
665,-1,398.61,88.82,61.08,269.37,0.09598,-1,-1,-1
665,-1,211.70,145.34,45.52,127.44,0.06549,-1,-1,-1
665,-1,341.97,177.35,10.14,39.50,0.06405,-1,-1,-1
666,-1,82.92,10.90,150.59,448.35,0.99975,-1,-1,-1
666,-1,277.70,125.82,70.38,208.79,0.99964,-1,-1,-1
666,-1,5.09,103.04,87.54,244.59,0.99943,-1,-1,-1
666,-1,408.81,1.33,228.08,478.67,0.99919,-1,-1,-1
666,-1,228.28,131.12,50.15,168.40,0.99745,-1,-1,-1
666,-1,77.09,147.55,39.93,186.05,0.89977,-1,-1,-1
666,-1,401.76,183.29,52.34,178.18,0.83799,-1,-1,-1
666,-1,395.10,75.40,66.35,279.79,0.29031,-1,-1,-1
666,-1,255.18,157.21,29.27,130.55,0.12608,-1,-1,-1
666,-1,79.62,145.42,23.50,33.95,0.12493,-1,-1,-1
666,-1,389.91,185.60,19.35,49.12,0.05286,-1,-1,-1
667,-1,281.19,127.42,68.99,208.55,0.99968,-1,-1,-1
667,-1,0.89,95.65,77.71,252.32,0.99938,-1,-1,-1
667,-1,415.47,1.88,223.11,478.12,0.99922,-1,-1,-1
667,-1,88.45,11.37,148.70,455.11,0.99890,-1,-1,-1
667,-1,232.14,135.21,48.70,168.28,0.99682,-1,-1,-1
667,-1,72.67,88.09,50.67,261.27,0.99295,-1,-1,-1
667,-1,74.49,97.47,37.35,144.83,0.33770,-1,-1,-1
667,-1,393.20,110.77,84.03,254.41,0.25523,-1,-1,-1
667,-1,390.24,137.58,76.28,130.78,0.19716,-1,-1,-1
667,-1,215.85,123.25,66.51,255.36,0.16484,-1,-1,-1
667,-1,56.79,104.72,33.48,190.37,0.07478,-1,-1,-1
667,-1,80.18,96.35,30.35,83.93,0.06011,-1,-1,-1
667,-1,74.47,34.30,93.77,343.41,0.05529,-1,-1,-1
667,-1,280.99,182.14,17.28,97.34,0.05004,-1,-1,-1
668,-1,284.68,130.19,67.85,203.64,0.99964,-1,-1,-1
668,-1,1.23,98.73,73.74,256.22,0.99952,-1,-1,-1
668,-1,105.63,9.52,140.21,458.17,0.99944,-1,-1,-1
668,-1,69.36,90.69,54.74,265.65,0.99748,-1,-1,-1
668,-1,436.66,4.32,201.13,467.10,0.99742,-1,-1,-1
668,-1,237.90,140.94,45.96,162.82,0.99410,-1,-1,-1
668,-1,389.42,98.58,88.32,228.46,0.96078,-1,-1,-1
668,-1,71.99,94.18,46.21,132.58,0.45803,-1,-1,-1
668,-1,59.27,127.66,14.68,25.73,0.37935,-1,-1,-1
668,-1,391.75,69.49,157.09,393.57,0.16799,-1,-1,-1
668,-1,282.78,194.59,19.63,83.11,0.14532,-1,-1,-1
668,-1,405.10,102.61,62.36,137.12,0.08909,-1,-1,-1
668,-1,382.78,177.26,26.92,59.34,0.07797,-1,-1,-1
668,-1,131.90,16.68,111.41,273.27,0.07627,-1,-1,-1
668,-1,222.11,144.43,52.76,209.02,0.06197,-1,-1,-1
669,-1,0.44,88.92,62.13,264.19,0.99957,-1,-1,-1
669,-1,103.46,2.35,143.21,457.64,0.99954,-1,-1,-1
669,-1,287.22,125.81,66.08,201.97,0.99950,-1,-1,-1
669,-1,59.47,89.52,65.47,269.18,0.99647,-1,-1,-1
669,-1,444.08,2.96,194.89,464.37,0.99622,-1,-1,-1
669,-1,383.91,98.43,108.59,258.58,0.98950,-1,-1,-1
669,-1,238.52,134.47,49.04,170.87,0.98808,-1,-1,-1
669,-1,45.68,119.96,17.96,30.99,0.37430,-1,-1,-1
669,-1,399.29,104.81,82.77,163.82,0.16921,-1,-1,-1
669,-1,208.67,136.43,82.66,224.50,0.11918,-1,-1,-1
669,-1,284.69,186.65,18.94,89.65,0.09365,-1,-1,-1
669,-1,133.86,5.91,114.25,198.78,0.08004,-1,-1,-1
669,-1,275.26,155.47,28.16,121.88,0.05331,-1,-1,-1
670,-1,86.29,8.33,164.94,445.33,0.99920,-1,-1,-1
670,-1,287.40,123.98,65.67,201.41,0.99904,-1,-1,-1
670,-1,0.32,94.90,54.24,264.36,0.99815,-1,-1,-1
670,-1,430.75,6.15,208.39,468.37,0.99639,-1,-1,-1
670,-1,49.09,82.20,75.12,273.86,0.99623,-1,-1,-1
670,-1,244.02,131.92,45.58,187.22,0.99547,-1,-1,-1
670,-1,383.69,97.01,108.54,264.09,0.98765,-1,-1,-1
670,-1,252.37,126.19,72.30,196.93,0.26201,-1,-1,-1
670,-1,51.30,23.26,125.24,366.13,0.24404,-1,-1,-1
670,-1,399.62,71.54,142.98,387.26,0.22906,-1,-1,-1
670,-1,295.73,141.81,13.31,22.95,0.20502,-1,-1,-1
670,-1,212.94,130.63,67.24,218.84,0.14372,-1,-1,-1
670,-1,399.79,104.08,88.05,145.01,0.13945,-1,-1,-1
670,-1,128.20,186.63,18.78,89.34,0.13472,-1,-1,-1
670,-1,2.31,100.31,59.55,135.68,0.10997,-1,-1,-1
670,-1,17.50,105.37,36.43,62.96,0.07747,-1,-1,-1
670,-1,350.54,165.50,19.28,65.31,0.06848,-1,-1,-1
670,-1,356.75,163.66,12.64,47.07,0.06225,-1,-1,-1
671,-1,289.33,129.17,64.32,202.57,0.99936,-1,-1,-1
671,-1,449.82,1.68,190.18,473.98,0.99726,-1,-1,-1
671,-1,246.66,139.20,44.10,190.29,0.99645,-1,-1,-1
671,-1,385.02,106.81,106.98,268.89,0.99574,-1,-1,-1
671,-1,85.04,25.05,173.29,432.76,0.99558,-1,-1,-1
671,-1,0.00,116.38,45.22,258.02,0.99430,-1,-1,-1
671,-1,40.47,84.69,83.20,292.30,0.99272,-1,-1,-1
671,-1,21.24,124.99,22.69,57.36,0.31923,-1,-1,-1
671,-1,260.40,132.18,72.38,196.38,0.22551,-1,-1,-1
671,-1,390.01,113.52,88.59,151.47,0.18094,-1,-1,-1
671,-1,116.16,95.61,34.56,184.43,0.17926,-1,-1,-1
671,-1,1.66,126.72,46.46,101.32,0.15704,-1,-1,-1
671,-1,425.36,110.85,97.07,279.92,0.14452,-1,-1,-1
671,-1,15.59,111.55,80.46,245.01,0.11030,-1,-1,-1
671,-1,65.33,92.09,83.67,203.01,0.09680,-1,-1,-1
671,-1,231.95,142.49,31.93,187.43,0.09228,-1,-1,-1
671,-1,1.16,224.18,35.39,145.40,0.07094,-1,-1,-1
671,-1,566.31,247.43,69.56,226.16,0.06628,-1,-1,-1
671,-1,355.63,169.42,14.21,57.23,0.06378,-1,-1,-1
671,-1,4.61,148.79,53.36,164.86,0.06358,-1,-1,-1
671,-1,431.37,48.37,125.02,413.15,0.06059,-1,-1,-1
671,-1,107.99,214.88,29.96,42.97,0.05376,-1,-1,-1
671,-1,461.22,135.74,16.33,20.11,0.05197,-1,-1,-1
672,-1,290.43,139.74,63.83,199.91,0.99941,-1,-1,-1
672,-1,90.61,36.49,165.78,434.74,0.99895,-1,-1,-1
672,-1,381.73,125.91,118.64,268.24,0.99857,-1,-1,-1
672,-1,19.61,79.38,92.30,322.58,0.99810,-1,-1,-1
672,-1,465.99,1.26,173.80,466.49,0.99718,-1,-1,-1
672,-1,248.47,150.79,41.80,180.64,0.99638,-1,-1,-1
672,-1,0.02,129.55,29.39,88.49,0.57024,-1,-1,-1
672,-1,81.33,142.13,58.65,153.29,0.31012,-1,-1,-1
672,-1,464.29,122.61,48.05,219.12,0.26380,-1,-1,-1
672,-1,54.96,81.48,93.72,255.19,0.21265,-1,-1,-1
672,-1,0.00,154.07,29.98,224.60,0.15457,-1,-1,-1
672,-1,0.59,301.72,19.90,82.84,0.12982,-1,-1,-1
672,-1,385.02,48.58,168.58,397.96,0.12575,-1,-1,-1
672,-1,90.44,139.25,27.76,69.14,0.11501,-1,-1,-1
672,-1,473.88,242.29,160.37,223.31,0.10346,-1,-1,-1
672,-1,106.90,138.36,38.32,152.77,0.09276,-1,-1,-1
672,-1,231.71,158.12,34.71,147.11,0.09008,-1,-1,-1
672,-1,26.16,236.76,68.53,167.79,0.08318,-1,-1,-1
672,-1,284.79,197.80,17.83,95.79,0.07730,-1,-1,-1
672,-1,356.60,181.95,13.05,58.62,0.07649,-1,-1,-1
672,-1,462.42,42.37,105.47,390.10,0.07572,-1,-1,-1
672,-1,68.81,310.11,21.30,60.07,0.07498,-1,-1,-1
672,-1,4.36,124.68,40.55,107.99,0.07051,-1,-1,-1
673,-1,5.28,52.98,108.65,349.99,0.99934,-1,-1,-1
673,-1,295.73,130.03,60.18,201.97,0.99920,-1,-1,-1
673,-1,90.04,29.19,163.80,447.87,0.99919,-1,-1,-1
673,-1,396.05,111.46,98.09,267.19,0.99910,-1,-1,-1
673,-1,466.91,0.44,172.23,476.64,0.99801,-1,-1,-1
673,-1,253.15,141.20,43.80,180.79,0.99636,-1,-1,-1
673,-1,77.38,126.61,44.06,136.06,0.57257,-1,-1,-1
673,-1,246.01,144.41,16.07,50.82,0.43351,-1,-1,-1
673,-1,232.76,150.76,32.07,160.30,0.23572,-1,-1,-1
673,-1,76.04,69.98,78.80,215.60,0.15740,-1,-1,-1
673,-1,245.31,144.26,15.77,26.95,0.14444,-1,-1,-1
673,-1,223.45,157.95,49.14,202.94,0.12405,-1,-1,-1
673,-1,95.43,115.77,52.05,149.00,0.12203,-1,-1,-1
673,-1,474.51,84.09,70.16,284.73,0.11773,-1,-1,-1
673,-1,120.30,95.30,29.95,185.38,0.10100,-1,-1,-1
673,-1,86.48,121.95,31.37,86.23,0.09183,-1,-1,-1
673,-1,593.71,250.83,44.85,227.16,0.08991,-1,-1,-1
673,-1,468.74,118.93,42.79,210.42,0.08363,-1,-1,-1
673,-1,287.46,187.31,20.40,93.39,0.08083,-1,-1,-1
673,-1,489.20,107.06,49.50,77.48,0.07594,-1,-1,-1
673,-1,249.82,157.71,10.21,32.52,0.06994,-1,-1,-1
673,-1,240.60,145.45,39.59,163.23,0.05532,-1,-1,-1
674,-1,291.71,127.20,58.09,195.38,0.99896,-1,-1,-1
674,-1,0.39,33.81,109.33,374.30,0.99826,-1,-1,-1
674,-1,465.19,1.27,174.81,470.60,0.99813,-1,-1,-1
674,-1,386.95,101.73,107.74,265.71,0.99742,-1,-1,-1
674,-1,82.07,12.29,164.62,463.77,0.99735,-1,-1,-1
674,-1,246.15,138.07,48.20,181.62,0.99637,-1,-1,-1
674,-1,471.33,107.83,45.08,204.96,0.80554,-1,-1,-1
674,-1,240.93,139.19,18.50,36.71,0.73149,-1,-1,-1
674,-1,226.17,142.08,32.08,138.06,0.68383,-1,-1,-1
674,-1,77.68,121.56,61.05,168.36,0.44901,-1,-1,-1
674,-1,127.20,201.58,27.02,89.74,0.31372,-1,-1,-1
674,-1,125.16,207.15,14.73,60.95,0.27832,-1,-1,-1
674,-1,239.39,140.38,19.48,70.08,0.22643,-1,-1,-1
674,-1,219.79,129.22,37.79,228.69,0.16616,-1,-1,-1
674,-1,103.90,95.22,44.05,187.81,0.15931,-1,-1,-1
674,-1,481.71,102.72,35.70,80.55,0.13849,-1,-1,-1
674,-1,457.23,86.24,71.01,293.63,0.13043,-1,-1,-1
674,-1,37.93,93.46,84.54,197.74,0.10756,-1,-1,-1
674,-1,460.78,111.01,39.51,194.88,0.09014,-1,-1,-1
674,-1,326.28,140.66,25.81,64.20,0.06776,-1,-1,-1
674,-1,225.43,126.70,60.74,237.30,0.06115,-1,-1,-1
675,-1,103.00,14.09,135.99,454.45,0.99980,-1,-1,-1
675,-1,0.02,27.93,85.22,402.29,0.99859,-1,-1,-1
675,-1,286.02,130.86,57.40,192.52,0.99851,-1,-1,-1
675,-1,381.22,111.68,99.72,261.63,0.99848,-1,-1,-1
675,-1,461.56,0.08,178.44,470.55,0.99832,-1,-1,-1
675,-1,234.88,139.02,57.27,191.94,0.99328,-1,-1,-1
675,-1,589.21,277.51,49.92,199.67,0.35854,-1,-1,-1
675,-1,233.46,142.37,18.11,44.66,0.33610,-1,-1,-1
675,-1,63.47,202.64,29.29,76.28,0.33043,-1,-1,-1
675,-1,69.96,196.17,23.47,29.09,0.27654,-1,-1,-1
675,-1,93.70,200.24,43.02,95.16,0.26661,-1,-1,-1
675,-1,464.17,107.49,37.57,162.47,0.21175,-1,-1,-1
675,-1,70.94,200.19,14.30,22.98,0.16476,-1,-1,-1
675,-1,471.29,113.91,43.66,194.20,0.10095,-1,-1,-1
675,-1,221.25,153.92,29.58,109.43,0.09888,-1,-1,-1
675,-1,354.97,163.06,14.26,64.17,0.09263,-1,-1,-1
675,-1,391.33,107.99,72.21,154.37,0.08917,-1,-1,-1
675,-1,220.79,196.21,36.25,161.63,0.08662,-1,-1,-1
675,-1,451.82,105.05,56.28,235.99,0.08183,-1,-1,-1
675,-1,104.53,158.72,39.54,142.55,0.07399,-1,-1,-1
675,-1,4.13,196.74,80.10,69.58,0.06999,-1,-1,-1
675,-1,8.01,167.83,68.49,248.53,0.05399,-1,-1,-1
675,-1,56.44,197.41,23.07,76.88,0.05256,-1,-1,-1
675,-1,465.21,72.38,76.25,388.90,0.05241,-1,-1,-1
676,-1,101.97,20.81,136.22,448.35,0.99970,-1,-1,-1
676,-1,279.92,135.68,59.67,192.39,0.99844,-1,-1,-1
676,-1,374.02,112.30,100.35,264.34,0.99808,-1,-1,-1
676,-1,456.92,4.36,183.08,462.14,0.99771,-1,-1,-1
676,-1,237.69,142.28,49.22,190.91,0.99601,-1,-1,-1
676,-1,0.31,17.82,70.03,429.57,0.99302,-1,-1,-1
676,-1,230.20,148.41,18.96,37.73,0.57378,-1,-1,-1
676,-1,0.27,22.46,69.34,181.89,0.53802,-1,-1,-1
676,-1,219.65,150.85,29.18,117.57,0.52085,-1,-1,-1
676,-1,90.91,213.77,19.31,47.71,0.32093,-1,-1,-1
676,-1,451.05,118.20,60.89,165.70,0.31153,-1,-1,-1
676,-1,103.46,200.34,26.69,88.68,0.29055,-1,-1,-1
676,-1,382.26,114.69,78.45,158.03,0.22329,-1,-1,-1
676,-1,580.83,279.87,57.51,194.80,0.14276,-1,-1,-1
676,-1,114.60,23.79,125.17,224.44,0.10889,-1,-1,-1
676,-1,448.56,76.28,94.36,386.91,0.06296,-1,-1,-1
676,-1,49.08,193.64,36.33,92.37,0.05565,-1,-1,-1
676,-1,214.49,157.27,42.34,178.26,0.05305,-1,-1,-1
676,-1,282.76,141.74,14.12,37.53,0.05217,-1,-1,-1
677,-1,91.72,14.81,149.67,450.21,0.99974,-1,-1,-1
677,-1,282.25,134.75,65.17,194.34,0.99899,-1,-1,-1
677,-1,444.39,1.88,195.07,472.92,0.99898,-1,-1,-1
677,-1,377.03,112.10,100.27,269.20,0.99711,-1,-1,-1
677,-1,238.74,141.94,51.48,194.50,0.99518,-1,-1,-1
677,-1,0.33,35.48,66.87,396.21,0.97538,-1,-1,-1
677,-1,95.72,194.75,36.02,118.25,0.50770,-1,-1,-1
677,-1,33.82,181.19,25.79,43.00,0.46471,-1,-1,-1
677,-1,66.80,197.84,14.26,24.64,0.36875,-1,-1,-1
677,-1,394.95,115.55,76.84,169.86,0.31687,-1,-1,-1
677,-1,234.23,151.18,17.27,52.59,0.27501,-1,-1,-1
677,-1,92.58,201.50,22.08,60.13,0.26678,-1,-1,-1
677,-1,219.92,152.15,31.96,126.36,0.16265,-1,-1,-1
677,-1,458.06,132.17,47.00,158.38,0.12001,-1,-1,-1
677,-1,0.39,33.81,51.19,232.03,0.11699,-1,-1,-1
677,-1,321.00,156.89,15.86,25.99,0.09023,-1,-1,-1
677,-1,440.40,110.06,115.76,250.90,0.08650,-1,-1,-1
677,-1,6.41,160.82,62.43,173.16,0.08420,-1,-1,-1
677,-1,421.85,114.22,34.11,41.08,0.07602,-1,-1,-1
677,-1,14.56,252.64,21.45,69.14,0.07548,-1,-1,-1
677,-1,59.11,195.69,24.46,29.49,0.06165,-1,-1,-1
677,-1,88.51,215.68,20.37,47.54,0.05788,-1,-1,-1
677,-1,236.55,156.77,12.32,28.04,0.05781,-1,-1,-1
677,-1,281.52,140.49,60.59,94.04,0.05753,-1,-1,-1
677,-1,11.97,74.74,59.17,228.48,0.05589,-1,-1,-1
677,-1,92.18,195.84,22.68,31.71,0.05097,-1,-1,-1
677,-1,89.07,196.19,30.73,93.90,0.05041,-1,-1,-1
678,-1,96.17,7.75,143.58,454.66,0.99971,-1,-1,-1
678,-1,278.96,132.18,63.29,195.72,0.99904,-1,-1,-1
678,-1,368.48,110.91,107.95,267.53,0.99878,-1,-1,-1
678,-1,465.67,2.57,172.07,477.43,0.99669,-1,-1,-1
678,-1,236.68,140.11,47.59,191.89,0.99647,-1,-1,-1
678,-1,1.07,185.35,46.13,138.22,0.95767,-1,-1,-1
678,-1,87.54,169.39,41.02,140.14,0.91994,-1,-1,-1
678,-1,23.67,179.67,29.57,43.82,0.91453,-1,-1,-1
678,-1,51.12,194.32,24.52,28.89,0.50863,-1,-1,-1
678,-1,32.45,179.95,22.65,28.96,0.44539,-1,-1,-1
678,-1,62.05,195.12,14.98,27.02,0.28027,-1,-1,-1
678,-1,77.07,193.00,21.28,64.33,0.22451,-1,-1,-1
678,-1,453.21,120.03,37.72,38.36,0.18964,-1,-1,-1
678,-1,460.00,100.61,74.33,269.73,0.16790,-1,-1,-1
678,-1,354.61,169.30,13.38,60.08,0.13825,-1,-1,-1
678,-1,477.04,132.42,19.75,21.02,0.13316,-1,-1,-1
678,-1,33.17,179.24,18.39,16.85,0.13045,-1,-1,-1
678,-1,454.78,123.25,49.85,196.53,0.10776,-1,-1,-1
678,-1,46.41,197.56,36.78,66.65,0.10329,-1,-1,-1
678,-1,21.60,184.22,31.74,77.12,0.08957,-1,-1,-1
678,-1,0.36,94.42,31.33,226.64,0.08219,-1,-1,-1
678,-1,160.09,54.40,86.60,364.26,0.08190,-1,-1,-1
678,-1,470.92,118.94,14.40,33.13,0.08127,-1,-1,-1
678,-1,99.53,199.06,26.27,113.74,0.06776,-1,-1,-1
678,-1,229.73,146.23,19.07,41.92,0.06597,-1,-1,-1
678,-1,216.74,143.87,45.71,167.29,0.05592,-1,-1,-1
678,-1,0.03,154.10,23.34,62.88,0.05547,-1,-1,-1
679,-1,98.18,28.69,143.63,438.22,0.99954,-1,-1,-1
679,-1,368.78,117.74,104.46,268.74,0.99881,-1,-1,-1
679,-1,278.02,140.05,62.23,191.89,0.99870,-1,-1,-1
679,-1,234.90,149.79,48.04,190.69,0.99567,-1,-1,-1
679,-1,466.56,15.18,170.69,454.31,0.99205,-1,-1,-1
679,-1,79.82,151.98,46.56,161.79,0.97455,-1,-1,-1
679,-1,21.26,184.22,35.06,42.71,0.97259,-1,-1,-1
679,-1,231.61,151.29,19.42,42.36,0.79325,-1,-1,-1
679,-1,19.54,185.12,37.65,85.49,0.46682,-1,-1,-1
679,-1,57.10,198.86,20.18,27.95,0.40237,-1,-1,-1
679,-1,442.96,126.93,20.90,35.05,0.35663,-1,-1,-1
679,-1,1.91,201.53,17.23,26.81,0.34746,-1,-1,-1
679,-1,232.88,151.38,18.62,22.01,0.33574,-1,-1,-1
679,-1,32.66,182.61,26.36,35.25,0.31623,-1,-1,-1
679,-1,218.61,153.18,42.56,162.77,0.28898,-1,-1,-1
679,-1,446.70,105.49,84.73,258.06,0.28472,-1,-1,-1
679,-1,0.62,178.35,19.79,49.99,0.11320,-1,-1,-1
679,-1,33.75,182.84,21.01,20.03,0.10101,-1,-1,-1
679,-1,66.45,201.26,11.46,25.72,0.08021,-1,-1,-1
679,-1,358.72,167.50,10.92,46.50,0.05338,-1,-1,-1
679,-1,0.58,190.35,17.67,27.70,0.05174,-1,-1,-1
680,-1,101.73,35.27,138.24,433.93,0.99953,-1,-1,-1
680,-1,366.01,114.62,108.92,276.45,0.99884,-1,-1,-1
680,-1,276.93,145.91,63.69,191.96,0.99867,-1,-1,-1
680,-1,467.86,0.00,169.29,477.51,0.99775,-1,-1,-1
680,-1,75.80,142.11,48.88,177.35,0.99645,-1,-1,-1
680,-1,234.32,153.90,49.82,191.12,0.99419,-1,-1,-1
680,-1,24.42,185.24,34.77,46.16,0.89765,-1,-1,-1
680,-1,23.05,184.90,45.20,107.75,0.79180,-1,-1,-1
680,-1,231.58,155.31,20.27,41.22,0.60587,-1,-1,-1
680,-1,441.09,129.71,26.78,41.93,0.29684,-1,-1,-1
680,-1,0.56,201.93,17.03,31.09,0.19905,-1,-1,-1
680,-1,273.50,211.76,19.40,82.77,0.15055,-1,-1,-1
680,-1,30.98,183.92,25.92,27.17,0.14380,-1,-1,-1
680,-1,217.87,157.92,39.62,157.79,0.13341,-1,-1,-1
680,-1,233.52,154.58,16.40,21.59,0.09834,-1,-1,-1
680,-1,1.52,190.04,23.41,42.93,0.08727,-1,-1,-1
680,-1,279.14,150.29,19.52,59.25,0.07491,-1,-1,-1
680,-1,273.83,148.30,32.83,159.74,0.06336,-1,-1,-1
680,-1,153.65,76.44,97.31,338.38,0.05789,-1,-1,-1
680,-1,404.46,118.04,98.63,258.62,0.05641,-1,-1,-1
680,-1,0.25,188.66,27.00,134.75,0.05579,-1,-1,-1
681,-1,98.76,38.09,139.67,431.97,0.99936,-1,-1,-1
681,-1,361.95,111.70,107.94,279.22,0.99900,-1,-1,-1
681,-1,274.77,141.76,63.61,186.67,0.99890,-1,-1,-1
681,-1,468.64,7.67,169.87,461.54,0.99755,-1,-1,-1
681,-1,60.57,129.52,62.28,197.56,0.99691,-1,-1,-1
681,-1,229.12,150.35,50.95,183.96,0.99499,-1,-1,-1
681,-1,20.27,180.48,41.31,50.55,0.94116,-1,-1,-1
681,-1,15.43,184.75,49.97,94.80,0.82743,-1,-1,-1
681,-1,436.79,128.40,33.03,50.56,0.39715,-1,-1,-1
681,-1,270.63,156.67,25.96,142.57,0.31165,-1,-1,-1
681,-1,229.41,152.54,16.19,36.02,0.17870,-1,-1,-1
681,-1,121.42,38.66,113.08,223.37,0.14953,-1,-1,-1
681,-1,280.84,155.30,13.83,47.93,0.13741,-1,-1,-1
681,-1,0.43,179.79,16.84,53.02,0.12356,-1,-1,-1
681,-1,59.67,150.73,35.77,138.27,0.09289,-1,-1,-1
681,-1,67.02,111.51,88.20,299.86,0.08159,-1,-1,-1
681,-1,0.46,205.67,18.47,27.32,0.08045,-1,-1,-1
681,-1,438.14,125.13,44.88,128.45,0.06446,-1,-1,-1
681,-1,6.36,209.00,46.57,69.38,0.06425,-1,-1,-1
681,-1,272.81,145.85,41.10,146.24,0.05867,-1,-1,-1
681,-1,217.65,156.84,31.13,163.41,0.05535,-1,-1,-1
681,-1,356.10,160.03,14.15,60.46,0.05375,-1,-1,-1
682,-1,96.52,29.82,139.64,439.56,0.99931,-1,-1,-1
682,-1,272.02,137.33,63.35,191.79,0.99885,-1,-1,-1
682,-1,354.09,109.45,105.36,277.30,0.99868,-1,-1,-1
682,-1,48.48,126.45,71.98,198.70,0.99806,-1,-1,-1
682,-1,472.85,3.54,165.96,464.44,0.99767,-1,-1,-1
682,-1,228.55,146.71,47.35,181.94,0.99612,-1,-1,-1
682,-1,16.80,178.11,33.34,48.76,0.97290,-1,-1,-1
682,-1,440.77,124.66,28.10,43.41,0.70807,-1,-1,-1
682,-1,226.88,145.05,16.44,36.96,0.29808,-1,-1,-1
682,-1,266.84,211.73,20.44,77.65,0.27817,-1,-1,-1
682,-1,24.36,177.42,27.50,31.70,0.27188,-1,-1,-1
682,-1,503.62,201.26,135.77,271.96,0.25241,-1,-1,-1
682,-1,28.69,177.63,21.20,20.04,0.21033,-1,-1,-1
682,-1,11.06,177.45,43.42,77.08,0.16073,-1,-1,-1
682,-1,434.66,118.05,36.68,91.45,0.15130,-1,-1,-1
682,-1,217.69,147.24,28.91,172.46,0.14081,-1,-1,-1
682,-1,13.73,190.12,14.76,36.10,0.10938,-1,-1,-1
682,-1,1.29,175.41,17.56,52.29,0.08937,-1,-1,-1
682,-1,459.64,123.23,31.11,77.65,0.07184,-1,-1,-1
682,-1,448.90,120.05,45.40,106.76,0.07164,-1,-1,-1
682,-1,433.50,128.92,35.86,186.63,0.06372,-1,-1,-1
682,-1,11.19,189.52,29.55,39.40,0.05757,-1,-1,-1
682,-1,107.37,232.64,17.20,69.80,0.05721,-1,-1,-1
682,-1,60.48,105.51,117.70,300.97,0.05416,-1,-1,-1
683,-1,95.99,27.54,144.70,444.44,0.99928,-1,-1,-1
683,-1,347.77,109.06,111.96,275.65,0.99904,-1,-1,-1
683,-1,484.91,12.21,153.11,449.32,0.99846,-1,-1,-1
683,-1,270.70,137.98,63.35,190.86,0.99842,-1,-1,-1
683,-1,43.41,125.87,70.37,225.73,0.99754,-1,-1,-1
683,-1,230.83,146.61,43.14,181.37,0.99672,-1,-1,-1
683,-1,15.54,177.79,33.31,50.35,0.98055,-1,-1,-1
683,-1,443.36,125.74,25.97,46.55,0.54222,-1,-1,-1
683,-1,8.11,183.63,17.19,42.92,0.22064,-1,-1,-1
683,-1,440.13,129.27,34.11,168.85,0.15731,-1,-1,-1
683,-1,0.96,177.41,17.65,49.96,0.13991,-1,-1,-1
683,-1,460.93,126.34,33.59,87.89,0.12760,-1,-1,-1
683,-1,210.12,138.69,34.56,222.87,0.11898,-1,-1,-1
683,-1,439.31,122.74,31.11,83.52,0.08915,-1,-1,-1
683,-1,262.68,148.49,28.80,147.41,0.08811,-1,-1,-1
683,-1,270.88,148.38,23.06,67.34,0.08311,-1,-1,-1
683,-1,353.33,168.60,14.41,66.76,0.06362,-1,-1,-1
683,-1,22.58,142.98,70.69,176.64,0.05793,-1,-1,-1
684,-1,91.52,16.02,149.83,450.38,0.99946,-1,-1,-1
684,-1,345.65,111.63,107.84,276.37,0.99943,-1,-1,-1
684,-1,269.19,137.01,65.94,190.76,0.99865,-1,-1,-1
684,-1,493.96,9.12,145.12,451.08,0.99685,-1,-1,-1
684,-1,25.02,111.85,91.35,234.63,0.99680,-1,-1,-1
684,-1,230.43,142.20,41.68,185.86,0.99198,-1,-1,-1
684,-1,443.74,120.11,29.38,44.38,0.74702,-1,-1,-1
684,-1,440.81,120.84,36.35,170.64,0.48866,-1,-1,-1
684,-1,443.34,111.63,31.34,91.50,0.33289,-1,-1,-1
684,-1,85.66,241.12,51.12,75.25,0.30585,-1,-1,-1
684,-1,214.59,145.55,31.11,208.33,0.24287,-1,-1,-1
684,-1,268.58,141.05,26.46,62.13,0.18063,-1,-1,-1
684,-1,81.10,128.33,55.67,187.23,0.11026,-1,-1,-1
684,-1,262.47,211.59,21.23,77.00,0.09755,-1,-1,-1
684,-1,12.28,180.37,31.55,52.97,0.08471,-1,-1,-1
684,-1,258.82,146.11,30.89,152.68,0.08422,-1,-1,-1
684,-1,207.60,130.42,62.55,233.84,0.07780,-1,-1,-1
684,-1,270.48,158.28,16.58,43.73,0.07470,-1,-1,-1
684,-1,308.46,144.80,30.33,138.16,0.07067,-1,-1,-1
684,-1,11.01,180.37,38.27,93.90,0.06607,-1,-1,-1
684,-1,13.23,160.02,41.32,80.98,0.06457,-1,-1,-1
684,-1,21.45,134.41,51.43,168.59,0.06248,-1,-1,-1
684,-1,55.89,89.60,94.92,261.42,0.05104,-1,-1,-1
685,-1,344.89,110.91,115.57,279.60,0.99924,-1,-1,-1
685,-1,272.83,137.62,62.74,184.54,0.99891,-1,-1,-1
685,-1,90.07,19.68,155.64,437.23,0.99888,-1,-1,-1
685,-1,493.38,8.02,144.75,459.95,0.99827,-1,-1,-1
685,-1,29.21,108.50,67.68,233.64,0.99479,-1,-1,-1
685,-1,229.84,144.51,43.14,179.76,0.98520,-1,-1,-1
685,-1,446.08,116.68,30.43,51.99,0.80938,-1,-1,-1
685,-1,51.09,122.54,83.50,223.67,0.77084,-1,-1,-1
685,-1,444.24,116.07,38.38,157.06,0.70280,-1,-1,-1
685,-1,465.96,114.29,55.54,155.70,0.51832,-1,-1,-1
685,-1,439.69,117.13,40.02,85.49,0.30928,-1,-1,-1
685,-1,269.46,139.79,30.75,65.81,0.26493,-1,-1,-1
685,-1,206.85,144.59,59.20,201.61,0.24343,-1,-1,-1
685,-1,425.96,121.01,26.26,45.19,0.22968,-1,-1,-1
685,-1,241.31,138.71,68.07,187.52,0.16178,-1,-1,-1
685,-1,316.43,156.04,19.41,127.91,0.14753,-1,-1,-1
685,-1,268.66,160.31,23.93,44.20,0.10873,-1,-1,-1
685,-1,426.24,134.51,20.16,27.89,0.10684,-1,-1,-1
685,-1,263.78,141.80,32.17,147.21,0.07732,-1,-1,-1
685,-1,35.80,89.67,139.19,303.72,0.07183,-1,-1,-1
685,-1,431.96,134.34,46.88,188.97,0.06624,-1,-1,-1
685,-1,432.94,120.22,33.05,43.58,0.06403,-1,-1,-1
685,-1,22.45,131.24,38.55,169.60,0.05952,-1,-1,-1
685,-1,250.31,145.91,33.46,145.28,0.05784,-1,-1,-1
685,-1,438.78,124.12,14.13,39.32,0.05743,-1,-1,-1
685,-1,221.89,157.58,22.30,88.82,0.05578,-1,-1,-1
685,-1,448.40,116.12,25.36,30.25,0.05265,-1,-1,-1
686,-1,342.01,110.68,120.58,278.46,0.99910,-1,-1,-1
686,-1,82.13,11.66,161.30,458.36,0.99908,-1,-1,-1
686,-1,270.20,135.97,59.94,186.78,0.99848,-1,-1,-1
686,-1,6.89,94.26,90.87,257.58,0.99751,-1,-1,-1
686,-1,506.10,0.00,130.90,472.99,0.99483,-1,-1,-1
686,-1,226.23,141.36,44.63,187.65,0.98159,-1,-1,-1
686,-1,449.71,111.91,27.88,42.59,0.71943,-1,-1,-1
686,-1,206.36,147.23,52.27,195.73,0.65214,-1,-1,-1
686,-1,98.69,103.45,37.77,186.38,0.57766,-1,-1,-1
686,-1,479.18,116.64,52.80,137.25,0.36132,-1,-1,-1
686,-1,62.65,96.17,78.33,235.02,0.35232,-1,-1,-1
686,-1,267.68,141.13,24.57,63.49,0.23418,-1,-1,-1
686,-1,314.26,156.03,22.05,113.86,0.21365,-1,-1,-1
686,-1,442.80,111.76,37.85,71.30,0.18694,-1,-1,-1
686,-1,436.86,116.41,37.51,44.22,0.18327,-1,-1,-1
686,-1,315.01,153.67,18.01,62.15,0.17752,-1,-1,-1
686,-1,106.49,176.05,24.28,107.87,0.17213,-1,-1,-1
686,-1,243.37,143.63,34.46,159.62,0.16109,-1,-1,-1
686,-1,429.99,126.68,23.97,32.00,0.15479,-1,-1,-1
686,-1,242.20,135.47,66.35,189.88,0.13092,-1,-1,-1
686,-1,315.92,157.90,14.74,21.62,0.11180,-1,-1,-1
686,-1,263.31,141.15,33.08,148.44,0.10913,-1,-1,-1
686,-1,236.87,145.69,30.70,127.06,0.09088,-1,-1,-1
686,-1,42.34,219.77,49.28,134.25,0.08653,-1,-1,-1
686,-1,448.62,114.69,46.51,138.79,0.08094,-1,-1,-1
686,-1,433.16,117.84,53.03,97.39,0.07139,-1,-1,-1
686,-1,428.76,130.29,15.52,27.96,0.06340,-1,-1,-1
686,-1,436.77,155.25,50.45,168.04,0.06173,-1,-1,-1
686,-1,357.00,156.53,13.79,46.04,0.06052,-1,-1,-1
687,-1,75.18,16.65,166.13,456.04,0.99937,-1,-1,-1
687,-1,349.17,108.86,107.75,286.44,0.99929,-1,-1,-1
687,-1,494.08,0.00,143.99,470.96,0.99895,-1,-1,-1
687,-1,2.82,83.63,86.20,282.30,0.99805,-1,-1,-1
687,-1,269.83,134.03,60.78,182.46,0.99805,-1,-1,-1
687,-1,231.79,143.10,40.21,176.07,0.98993,-1,-1,-1
687,-1,315.76,153.96,32.06,132.74,0.72831,-1,-1,-1
687,-1,451.34,111.86,31.45,67.18,0.65993,-1,-1,-1
687,-1,463.69,100.84,52.26,131.04,0.62178,-1,-1,-1
687,-1,482.03,90.10,62.18,154.24,0.61136,-1,-1,-1
687,-1,204.68,135.68,64.36,203.65,0.60212,-1,-1,-1
687,-1,448.15,110.09,45.57,131.68,0.42940,-1,-1,-1
687,-1,93.20,111.72,42.95,165.65,0.22729,-1,-1,-1
687,-1,428.09,122.67,25.54,35.85,0.20095,-1,-1,-1
687,-1,434.73,121.87,36.82,182.49,0.19166,-1,-1,-1
687,-1,433.43,108.38,49.37,105.63,0.18928,-1,-1,-1
687,-1,453.74,111.38,26.31,39.61,0.17882,-1,-1,-1
687,-1,41.83,102.77,81.19,232.94,0.16143,-1,-1,-1
687,-1,60.95,223.51,67.09,101.30,0.14853,-1,-1,-1
687,-1,1.72,124.41,43.58,227.56,0.13872,-1,-1,-1
687,-1,318.25,159.00,14.69,30.52,0.13435,-1,-1,-1
687,-1,20.90,219.61,112.10,142.20,0.12502,-1,-1,-1
687,-1,267.40,159.73,17.69,42.72,0.10872,-1,-1,-1
687,-1,317.61,165.61,56.77,165.39,0.10730,-1,-1,-1
687,-1,317.18,157.36,16.13,57.44,0.10612,-1,-1,-1
687,-1,431.57,115.67,29.70,73.49,0.09876,-1,-1,-1
687,-1,253.89,141.40,30.51,148.90,0.09655,-1,-1,-1
687,-1,57.20,67.51,94.91,238.65,0.08637,-1,-1,-1
687,-1,266.10,140.06,24.05,59.93,0.06599,-1,-1,-1
687,-1,439.88,126.42,17.42,35.08,0.06463,-1,-1,-1
687,-1,436.93,112.27,29.22,53.45,0.06431,-1,-1,-1
687,-1,357.29,152.07,15.76,60.10,0.05620,-1,-1,-1
688,-1,350.34,104.01,101.35,273.75,0.99938,-1,-1,-1
688,-1,479.80,5.62,158.24,459.93,0.99816,-1,-1,-1
688,-1,60.51,17.43,173.96,462.40,0.99745,-1,-1,-1
688,-1,266.01,132.70,61.18,179.73,0.99464,-1,-1,-1
688,-1,0.22,73.97,91.73,279.86,0.99279,-1,-1,-1
688,-1,228.99,139.76,38.89,149.77,0.98023,-1,-1,-1
688,-1,310.28,148.33,38.18,138.67,0.90916,-1,-1,-1
688,-1,21.28,236.96,90.01,129.60,0.71492,-1,-1,-1
688,-1,425.59,124.51,21.01,32.53,0.50567,-1,-1,-1
688,-1,87.77,110.29,43.75,184.67,0.49605,-1,-1,-1
688,-1,262.29,151.04,20.64,116.51,0.47304,-1,-1,-1
688,-1,262.58,132.15,36.89,159.19,0.36441,-1,-1,-1
688,-1,19.57,46.15,149.27,376.75,0.29704,-1,-1,-1
688,-1,450.21,107.80,30.73,79.21,0.29399,-1,-1,-1
688,-1,472.88,101.91,37.55,130.81,0.27670,-1,-1,-1
688,-1,64.16,86.95,84.32,219.06,0.26397,-1,-1,-1
688,-1,444.37,106.05,42.01,133.19,0.25937,-1,-1,-1
688,-1,189.03,134.85,73.70,228.55,0.22342,-1,-1,-1
688,-1,0.95,83.98,31.97,248.40,0.19010,-1,-1,-1
688,-1,94.09,193.85,34.24,97.11,0.18565,-1,-1,-1
688,-1,452.94,107.98,24.59,40.61,0.17152,-1,-1,-1
688,-1,262.42,152.26,18.21,47.37,0.17070,-1,-1,-1
688,-1,201.25,133.52,40.07,160.76,0.16882,-1,-1,-1
688,-1,427.66,112.84,29.46,49.41,0.15710,-1,-1,-1
688,-1,45.83,98.00,74.60,224.35,0.14518,-1,-1,-1
688,-1,248.82,138.30,30.83,150.45,0.11166,-1,-1,-1
688,-1,312.62,154.12,61.28,168.72,0.10238,-1,-1,-1
688,-1,435.06,123.17,17.58,35.75,0.09509,-1,-1,-1
688,-1,426.98,119.05,35.88,180.12,0.08069,-1,-1,-1
688,-1,354.66,155.68,14.42,44.17,0.07734,-1,-1,-1
688,-1,435.32,101.03,39.04,71.74,0.07542,-1,-1,-1
688,-1,422.46,118.81,26.87,53.04,0.07534,-1,-1,-1
688,-1,210.10,156.50,29.18,105.62,0.07427,-1,-1,-1
688,-1,476.35,90.53,69.11,125.32,0.07355,-1,-1,-1
688,-1,262.54,131.71,25.76,70.44,0.07218,-1,-1,-1
688,-1,313.71,150.88,17.79,58.52,0.06014,-1,-1,-1
688,-1,100.26,105.14,46.71,175.82,0.05660,-1,-1,-1
688,-1,101.51,223.75,29.75,65.43,0.05431,-1,-1,-1
689,-1,77.63,24.47,154.36,449.80,0.99931,-1,-1,-1
689,-1,351.89,103.61,96.58,275.49,0.99931,-1,-1,-1
689,-1,477.55,0.00,158.63,470.28,0.99852,-1,-1,-1
689,-1,264.66,131.00,57.92,185.33,0.99817,-1,-1,-1
689,-1,226.58,140.22,40.32,177.24,0.99289,-1,-1,-1
689,-1,0.00,66.37,90.86,308.11,0.97848,-1,-1,-1
689,-1,308.94,152.50,36.17,137.02,0.95947,-1,-1,-1
689,-1,473.17,101.83,42.47,133.12,0.91387,-1,-1,-1
689,-1,443.12,105.66,45.73,141.99,0.80978,-1,-1,-1
689,-1,76.05,129.81,56.43,168.46,0.50278,-1,-1,-1
689,-1,448.91,104.56,32.70,58.96,0.49112,-1,-1,-1
689,-1,6.43,213.19,92.31,159.47,0.44192,-1,-1,-1
689,-1,428.18,131.34,15.83,29.18,0.32670,-1,-1,-1
689,-1,74.38,169.21,26.49,105.10,0.27647,-1,-1,-1
689,-1,431.15,112.95,24.24,46.02,0.25370,-1,-1,-1
689,-1,433.62,106.14,48.46,80.40,0.24927,-1,-1,-1
689,-1,96.63,103.83,41.17,184.84,0.22221,-1,-1,-1
689,-1,5.67,79.13,69.35,185.81,0.17290,-1,-1,-1
689,-1,107.18,180.88,25.19,92.38,0.13062,-1,-1,-1
689,-1,77.66,168.05,23.87,55.20,0.12796,-1,-1,-1
689,-1,314.97,175.21,51.73,140.50,0.12042,-1,-1,-1
689,-1,419.88,133.74,19.89,22.11,0.09938,-1,-1,-1
689,-1,314.88,153.34,19.06,39.09,0.09797,-1,-1,-1
689,-1,459.66,87.22,67.06,172.70,0.09734,-1,-1,-1
689,-1,431.29,112.67,36.77,156.36,0.09587,-1,-1,-1
689,-1,191.23,139.18,53.68,225.50,0.09330,-1,-1,-1
689,-1,436.66,104.95,31.37,50.95,0.09319,-1,-1,-1
689,-1,34.55,95.61,89.76,202.59,0.08846,-1,-1,-1
689,-1,451.58,113.69,28.61,97.01,0.08606,-1,-1,-1
689,-1,425.89,125.59,24.44,45.25,0.08599,-1,-1,-1
689,-1,248.95,147.95,28.33,145.37,0.08313,-1,-1,-1
689,-1,478.47,99.68,31.26,75.32,0.07510,-1,-1,-1
689,-1,427.29,109.04,37.12,68.90,0.07312,-1,-1,-1
689,-1,438.29,123.42,15.98,34.57,0.07168,-1,-1,-1
689,-1,486.52,100.68,61.98,150.81,0.06760,-1,-1,-1
689,-1,61.89,229.12,19.55,45.32,0.06519,-1,-1,-1
689,-1,262.10,149.98,17.98,133.77,0.06350,-1,-1,-1
689,-1,425.12,103.30,58.80,210.49,0.06016,-1,-1,-1
690,-1,88.73,24.06,144.65,449.85,0.99943,-1,-1,-1
690,-1,348.70,102.05,101.04,276.98,0.99908,-1,-1,-1
690,-1,261.39,130.56,58.44,189.00,0.99875,-1,-1,-1
690,-1,459.90,0.00,176.14,478.65,0.99222,-1,-1,-1
690,-1,225.36,140.48,39.16,183.83,0.99216,-1,-1,-1
690,-1,308.70,153.61,43.79,141.46,0.98620,-1,-1,-1
690,-1,0.00,90.13,73.68,286.57,0.98601,-1,-1,-1
690,-1,66.39,143.25,50.23,161.38,0.91421,-1,-1,-1
690,-1,473.86,104.08,43.11,137.19,0.87955,-1,-1,-1
690,-1,447.56,106.01,37.12,137.69,0.77056,-1,-1,-1
690,-1,451.86,104.60,30.94,47.64,0.68045,-1,-1,-1
690,-1,82.96,133.64,50.51,163.81,0.51974,-1,-1,-1
690,-1,72.90,142.89,31.51,109.55,0.34197,-1,-1,-1
690,-1,430.20,111.04,24.92,48.63,0.27618,-1,-1,-1
690,-1,434.43,101.53,47.79,67.37,0.25684,-1,-1,-1
690,-1,208.92,143.08,40.93,211.40,0.24960,-1,-1,-1
690,-1,53.97,225.75,23.20,63.40,0.23916,-1,-1,-1
690,-1,248.06,166.99,25.56,119.35,0.14934,-1,-1,-1
690,-1,482.21,103.73,59.60,149.87,0.11459,-1,-1,-1
690,-1,255.29,137.11,32.33,167.73,0.11390,-1,-1,-1
690,-1,450.02,101.02,42.14,81.84,0.11146,-1,-1,-1
690,-1,432.43,116.13,34.93,174.92,0.09500,-1,-1,-1
690,-1,3.26,90.23,59.98,144.92,0.09103,-1,-1,-1
690,-1,480.71,106.27,31.34,92.19,0.08755,-1,-1,-1
690,-1,68.29,79.89,80.95,223.30,0.07809,-1,-1,-1
690,-1,25.24,248.50,24.96,20.77,0.07443,-1,-1,-1
690,-1,78.34,142.55,25.56,64.12,0.07292,-1,-1,-1
690,-1,407.97,96.20,65.02,236.93,0.06380,-1,-1,-1
690,-1,312.14,153.20,65.30,169.04,0.05873,-1,-1,-1
690,-1,0.75,93.51,40.14,243.23,0.05662,-1,-1,-1
690,-1,397.49,99.59,56.69,64.89,0.05577,-1,-1,-1
690,-1,426.27,109.26,40.24,72.39,0.05570,-1,-1,-1
690,-1,248.96,135.58,13.53,34.97,0.05506,-1,-1,-1
690,-1,470.88,159.08,53.81,96.11,0.05445,-1,-1,-1
690,-1,317.65,129.19,96.21,237.18,0.05222,-1,-1,-1
690,-1,260.28,157.83,18.35,123.94,0.05113,-1,-1,-1
691,-1,101.25,21.28,134.81,451.19,0.99976,-1,-1,-1
691,-1,258.84,135.09,59.67,186.78,0.99883,-1,-1,-1
691,-1,56.14,133.08,54.18,177.22,0.99861,-1,-1,-1
691,-1,344.98,100.95,102.83,280.06,0.99837,-1,-1,-1
691,-1,469.97,0.00,169.58,477.61,0.99566,-1,-1,-1
691,-1,310.57,154.45,47.19,143.76,0.99532,-1,-1,-1
691,-1,226.90,145.49,34.91,145.00,0.97324,-1,-1,-1
691,-1,0.19,85.79,55.80,206.21,0.97216,-1,-1,-1
691,-1,468.72,96.42,60.19,152.04,0.71823,-1,-1,-1
691,-1,456.66,103.18,28.27,46.49,0.70656,-1,-1,-1
691,-1,430.38,110.42,25.78,50.96,0.58951,-1,-1,-1
691,-1,451.86,101.65,39.21,149.43,0.56220,-1,-1,-1
691,-1,0.59,249.05,44.06,139.39,0.37273,-1,-1,-1
691,-1,420.52,106.47,53.31,236.78,0.26807,-1,-1,-1
691,-1,434.08,100.86,42.66,63.04,0.26492,-1,-1,-1
691,-1,0.78,154.58,65.01,237.08,0.26265,-1,-1,-1
691,-1,213.76,141.65,40.12,202.51,0.17908,-1,-1,-1
691,-1,107.39,113.12,30.13,182.73,0.15296,-1,-1,-1
691,-1,320.14,147.54,78.17,217.76,0.15185,-1,-1,-1
691,-1,353.53,101.72,86.00,167.22,0.14579,-1,-1,-1
691,-1,451.95,105.47,30.11,84.20,0.14293,-1,-1,-1
691,-1,255.16,157.85,21.24,117.01,0.12036,-1,-1,-1
691,-1,77.05,134.26,46.34,163.14,0.11950,-1,-1,-1
691,-1,473.86,29.52,93.74,235.94,0.11578,-1,-1,-1
691,-1,252.07,139.30,34.89,159.89,0.10944,-1,-1,-1
691,-1,228.05,143.21,25.56,32.15,0.09457,-1,-1,-1
691,-1,78.09,214.76,30.17,98.61,0.07613,-1,-1,-1
691,-1,241.86,160.74,24.87,119.44,0.05472,-1,-1,-1
692,-1,107.83,26.38,127.35,448.86,0.99968,-1,-1,-1
692,-1,47.41,131.51,69.63,185.28,0.99915,-1,-1,-1
692,-1,344.34,100.73,102.43,286.17,0.99892,-1,-1,-1
692,-1,258.93,138.69,59.06,185.86,0.99838,-1,-1,-1
692,-1,493.65,2.04,144.70,460.09,0.99731,-1,-1,-1
692,-1,311.00,151.56,49.95,148.61,0.99387,-1,-1,-1
692,-1,227.36,151.44,33.93,140.79,0.95934,-1,-1,-1
692,-1,0.66,104.62,47.11,182.72,0.54249,-1,-1,-1
692,-1,467.95,88.57,58.25,153.69,0.49594,-1,-1,-1
692,-1,459.57,103.19,20.35,19.77,0.28961,-1,-1,-1
692,-1,420.87,115.36,54.09,240.54,0.27169,-1,-1,-1
692,-1,72.74,142.10,50.30,151.87,0.22534,-1,-1,-1
692,-1,315.61,151.68,71.00,203.71,0.21372,-1,-1,-1
692,-1,253.37,161.49,21.36,120.95,0.17120,-1,-1,-1
692,-1,435.33,110.43,36.05,48.15,0.15275,-1,-1,-1
692,-1,90.90,166.80,27.60,116.40,0.13696,-1,-1,-1
692,-1,33.12,162.23,21.54,45.12,0.12323,-1,-1,-1
692,-1,449.19,106.81,28.35,56.87,0.12130,-1,-1,-1
692,-1,36.04,225.42,22.98,67.81,0.11575,-1,-1,-1
692,-1,229.72,146.95,23.57,30.76,0.10548,-1,-1,-1
692,-1,431.75,111.91,23.33,47.54,0.09610,-1,-1,-1
692,-1,211.12,146.55,37.80,186.94,0.09208,-1,-1,-1
692,-1,460.22,106.05,12.91,20.88,0.08632,-1,-1,-1
692,-1,254.80,140.01,37.36,163.44,0.07942,-1,-1,-1
692,-1,102.93,174.07,26.32,114.70,0.07931,-1,-1,-1
692,-1,255.77,152.84,21.19,68.42,0.05965,-1,-1,-1
692,-1,312.80,143.24,12.16,29.48,0.05229,-1,-1,-1
693,-1,111.49,18.33,130.69,448.22,0.99948,-1,-1,-1
693,-1,262.26,132.00,56.60,186.85,0.99887,-1,-1,-1
693,-1,455.90,0.00,181.38,466.89,0.99701,-1,-1,-1
693,-1,338.88,97.60,118.54,284.32,0.99668,-1,-1,-1
693,-1,45.25,125.33,64.69,195.78,0.99640,-1,-1,-1
693,-1,315.83,143.24,51.78,147.80,0.99140,-1,-1,-1
693,-1,229.25,145.49,34.04,126.98,0.91401,-1,-1,-1
693,-1,30.79,160.43,23.55,32.52,0.88082,-1,-1,-1
693,-1,0.00,117.24,40.10,164.69,0.86736,-1,-1,-1
693,-1,105.21,148.37,27.01,143.31,0.83478,-1,-1,-1
693,-1,27.08,224.14,25.19,69.95,0.67270,-1,-1,-1
693,-1,221.92,142.59,49.52,181.09,0.66342,-1,-1,-1
693,-1,389.30,118.62,88.22,260.22,0.42625,-1,-1,-1
693,-1,27.20,157.86,28.61,53.79,0.38502,-1,-1,-1
693,-1,254.43,162.32,19.40,110.91,0.38437,-1,-1,-1
693,-1,16.83,141.62,38.92,146.58,0.35460,-1,-1,-1
693,-1,3.39,219.35,27.24,37.22,0.29611,-1,-1,-1
693,-1,210.70,140.35,39.11,184.72,0.27222,-1,-1,-1
693,-1,230.88,139.99,21.61,33.80,0.27007,-1,-1,-1
693,-1,350.29,100.07,91.87,182.79,0.25687,-1,-1,-1
693,-1,2.39,217.01,26.99,70.84,0.15320,-1,-1,-1
693,-1,314.58,120.59,84.67,189.50,0.11830,-1,-1,-1
693,-1,194.67,141.04,76.16,270.90,0.07939,-1,-1,-1
693,-1,454.12,95.06,65.55,162.99,0.07723,-1,-1,-1
693,-1,100.29,163.23,25.53,104.99,0.07187,-1,-1,-1
693,-1,0.00,111.33,30.58,110.37,0.05876,-1,-1,-1
693,-1,211.45,150.25,26.97,83.51,0.05426,-1,-1,-1
694,-1,113.75,12.52,130.26,452.03,0.99950,-1,-1,-1
694,-1,430.00,0.00,209.14,473.35,0.99900,-1,-1,-1
694,-1,22.92,125.57,79.62,196.61,0.99867,-1,-1,-1
694,-1,339.50,95.35,114.17,284.81,0.99789,-1,-1,-1
694,-1,262.52,127.68,57.92,183.65,0.99782,-1,-1,-1
694,-1,100.48,145.31,34.54,148.18,0.99403,-1,-1,-1
694,-1,317.58,132.31,50.04,149.60,0.98663,-1,-1,-1
694,-1,219.99,137.52,47.95,186.69,0.93578,-1,-1,-1
694,-1,15.57,222.43,27.64,77.77,0.65692,-1,-1,-1
694,-1,14.94,156.64,32.54,115.05,0.57856,-1,-1,-1
694,-1,20.02,145.46,46.57,165.09,0.52509,-1,-1,-1
694,-1,15.25,162.04,27.54,65.49,0.41900,-1,-1,-1
694,-1,255.96,155.42,19.94,112.69,0.40310,-1,-1,-1
694,-1,230.88,138.08,31.88,123.64,0.31767,-1,-1,-1
694,-1,257.72,148.27,19.24,58.89,0.29099,-1,-1,-1
694,-1,320.39,125.25,71.79,222.22,0.21860,-1,-1,-1
694,-1,66.18,211.84,32.37,93.17,0.20473,-1,-1,-1
694,-1,195.27,129.09,80.01,277.19,0.16150,-1,-1,-1
694,-1,390.03,106.52,80.36,269.36,0.14830,-1,-1,-1
694,-1,12.26,216.32,15.76,24.68,0.13440,-1,-1,-1
694,-1,431.54,28.37,111.06,316.57,0.11766,-1,-1,-1
694,-1,23.05,161.01,30.51,80.50,0.10104,-1,-1,-1
694,-1,443.85,108.77,86.98,136.08,0.08037,-1,-1,-1
694,-1,96.85,152.95,24.90,102.89,0.06770,-1,-1,-1
694,-1,243.01,143.07,37.21,172.69,0.06573,-1,-1,-1
694,-1,20.01,172.66,19.14,46.57,0.06335,-1,-1,-1
694,-1,43.47,122.69,55.39,117.04,0.06226,-1,-1,-1
694,-1,17.00,157.08,31.51,43.29,0.05971,-1,-1,-1
694,-1,67.14,131.28,62.09,175.23,0.05028,-1,-1,-1
695,-1,117.48,19.50,130.72,442.51,0.99938,-1,-1,-1
695,-1,10.05,120.23,82.48,209.52,0.99932,-1,-1,-1
695,-1,327.54,96.80,113.05,279.23,0.99850,-1,-1,-1
695,-1,261.47,126.27,56.51,180.15,0.99756,-1,-1,-1
695,-1,428.89,12.61,209.95,466.36,0.99725,-1,-1,-1
695,-1,92.33,139.81,45.70,150.47,0.99613,-1,-1,-1
695,-1,320.00,131.67,50.05,142.71,0.94460,-1,-1,-1
695,-1,213.77,130.22,49.03,181.77,0.83490,-1,-1,-1
695,-1,254.72,148.62,20.28,118.22,0.60783,-1,-1,-1
695,-1,235.42,134.37,24.14,106.76,0.56754,-1,-1,-1
695,-1,58.32,210.98,32.01,92.96,0.56632,-1,-1,-1
695,-1,255.58,155.28,16.08,53.55,0.51400,-1,-1,-1
695,-1,197.06,105.61,70.16,275.43,0.45508,-1,-1,-1
695,-1,3.91,226.42,25.83,80.55,0.36620,-1,-1,-1
695,-1,317.04,126.03,23.04,60.21,0.19552,-1,-1,-1
695,-1,312.16,133.84,33.99,128.29,0.18064,-1,-1,-1
695,-1,111.06,159.21,29.31,123.20,0.15575,-1,-1,-1
695,-1,12.54,233.13,44.88,94.22,0.15320,-1,-1,-1
695,-1,392.77,110.65,74.76,260.24,0.10572,-1,-1,-1
695,-1,6.81,164.23,54.03,162.16,0.09729,-1,-1,-1
695,-1,243.08,154.42,20.87,78.11,0.09016,-1,-1,-1
695,-1,257.11,132.96,24.45,76.27,0.06625,-1,-1,-1
695,-1,317.44,140.12,24.99,80.99,0.06501,-1,-1,-1
695,-1,322.86,143.72,37.40,84.82,0.05902,-1,-1,-1
695,-1,234.88,133.18,12.42,29.78,0.05677,-1,-1,-1
695,-1,426.28,28.21,182.27,264.30,0.05206,-1,-1,-1
696,-1,328.71,99.06,107.00,278.28,0.99924,-1,-1,-1
696,-1,119.33,20.64,144.43,447.97,0.99923,-1,-1,-1
696,-1,3.24,121.93,86.71,217.54,0.99901,-1,-1,-1
696,-1,444.06,15.96,195.94,449.21,0.99861,-1,-1,-1
696,-1,261.46,130.31,60.99,185.20,0.99801,-1,-1,-1
696,-1,92.51,142.72,42.67,153.77,0.99446,-1,-1,-1
696,-1,113.30,163.72,35.73,141.51,0.81022,-1,-1,-1
696,-1,327.45,132.15,44.93,109.68,0.77659,-1,-1,-1
696,-1,0.00,235.01,19.80,86.03,0.52339,-1,-1,-1
696,-1,258.16,145.12,28.02,145.47,0.51584,-1,-1,-1
696,-1,342.91,136.30,30.76,84.87,0.37799,-1,-1,-1
696,-1,8.61,220.92,75.92,114.71,0.26671,-1,-1,-1
696,-1,257.54,157.36,20.32,94.85,0.22185,-1,-1,-1
696,-1,184.97,53.29,85.18,348.95,0.21356,-1,-1,-1
696,-1,329.17,131.21,52.06,192.65,0.17931,-1,-1,-1
696,-1,216.25,120.88,47.71,197.85,0.16497,-1,-1,-1
696,-1,352.06,136.46,22.57,58.03,0.13994,-1,-1,-1
696,-1,314.39,136.92,35.18,118.14,0.13592,-1,-1,-1
696,-1,356.97,135.20,16.34,22.47,0.12391,-1,-1,-1
696,-1,438.32,149.47,32.35,95.05,0.10838,-1,-1,-1
696,-1,453.88,96.42,59.93,157.17,0.09805,-1,-1,-1
696,-1,318.81,144.87,22.69,88.12,0.08405,-1,-1,-1
696,-1,268.52,157.55,21.11,147.76,0.05571,-1,-1,-1
696,-1,440.94,117.44,47.31,127.80,0.05221,-1,-1,-1
696,-1,257.85,159.49,16.48,56.95,0.05136,-1,-1,-1
697,-1,125.43,36.62,138.75,424.07,0.99904,-1,-1,-1
697,-1,325.05,91.36,109.96,289.90,0.99881,-1,-1,-1
697,-1,4.54,114.77,81.10,231.85,0.99852,-1,-1,-1
697,-1,265.62,131.08,59.36,187.52,0.99801,-1,-1,-1
697,-1,470.54,4.38,168.96,466.23,0.99788,-1,-1,-1
697,-1,94.51,143.13,37.78,154.36,0.99355,-1,-1,-1
697,-1,114.63,169.45,45.39,143.34,0.95905,-1,-1,-1
697,-1,360.80,132.56,17.06,21.85,0.51656,-1,-1,-1
697,-1,460.77,99.74,57.61,153.46,0.48270,-1,-1,-1
697,-1,259.76,161.13,19.47,111.31,0.46955,-1,-1,-1
697,-1,440.77,43.70,89.37,223.95,0.23155,-1,-1,-1
697,-1,356.82,131.40,21.17,36.35,0.11871,-1,-1,-1
697,-1,455.06,111.03,54.29,92.69,0.11675,-1,-1,-1
697,-1,439.82,109.07,63.12,131.53,0.10967,-1,-1,-1
697,-1,319.68,131.01,30.02,114.12,0.10604,-1,-1,-1
697,-1,260.33,162.45,16.02,55.48,0.09368,-1,-1,-1
697,-1,109.02,148.61,65.74,240.33,0.08819,-1,-1,-1
697,-1,101.70,152.05,46.13,173.84,0.08107,-1,-1,-1
697,-1,0.00,156.72,18.17,84.30,0.06880,-1,-1,-1
697,-1,331.90,111.19,44.03,119.18,0.06212,-1,-1,-1
697,-1,330.20,139.56,29.55,86.24,0.06033,-1,-1,-1
697,-1,438.08,22.46,151.32,310.67,0.05970,-1,-1,-1
697,-1,1.56,133.49,35.73,201.15,0.05486,-1,-1,-1
697,-1,118.57,179.10,39.73,76.51,0.05201,-1,-1,-1
698,-1,320.65,90.72,110.47,285.47,0.99936,-1,-1,-1
698,-1,135.63,21.57,130.46,435.05,0.99923,-1,-1,-1
698,-1,0.52,104.21,78.56,238.53,0.99836,-1,-1,-1
698,-1,265.83,132.06,57.63,182.54,0.99834,-1,-1,-1
698,-1,104.75,162.40,55.22,173.76,0.99773,-1,-1,-1
698,-1,461.19,13.94,176.70,455.33,0.99707,-1,-1,-1
698,-1,85.94,140.02,44.28,120.31,0.96955,-1,-1,-1
698,-1,87.95,138.95,41.71,62.13,0.29905,-1,-1,-1
698,-1,95.88,138.09,24.86,153.01,0.17509,-1,-1,-1
698,-1,103.25,157.04,33.82,74.99,0.14008,-1,-1,-1
698,-1,231.48,98.72,40.55,242.39,0.10493,-1,-1,-1
698,-1,84.67,143.06,64.13,168.00,0.09133,-1,-1,-1
698,-1,162.60,31.08,106.22,224.35,0.06204,-1,-1,-1
699,-1,144.30,29.22,123.89,427.26,0.99973,-1,-1,-1
699,-1,320.90,95.06,108.67,287.55,0.99939,-1,-1,-1
699,-1,266.78,139.00,54.42,179.17,0.99775,-1,-1,-1
699,-1,461.93,7.44,173.65,472.56,0.99715,-1,-1,-1
699,-1,94.30,160.42,61.02,188.16,0.99699,-1,-1,-1
699,-1,0.04,111.56,71.75,239.23,0.99634,-1,-1,-1
699,-1,82.71,141.94,43.34,123.78,0.96838,-1,-1,-1
699,-1,43.17,152.74,37.84,123.00,0.27319,-1,-1,-1
699,-1,13.29,126.82,67.88,155.31,0.17946,-1,-1,-1
699,-1,0.13,117.73,35.45,232.66,0.10755,-1,-1,-1
699,-1,3.81,183.48,50.65,165.98,0.08183,-1,-1,-1
699,-1,232.96,138.03,42.41,222.02,0.06299,-1,-1,-1
699,-1,77.91,149.19,34.95,84.17,0.05218,-1,-1,-1
700,-1,145.80,39.54,131.22,414.86,0.99954,-1,-1,-1
700,-1,320.79,110.30,112.15,280.63,0.99945,-1,-1,-1
700,-1,459.67,1.91,177.72,470.29,0.99716,-1,-1,-1
700,-1,274.08,144.06,49.02,177.17,0.99599,-1,-1,-1
700,-1,89.65,166.29,59.98,193.04,0.99361,-1,-1,-1
700,-1,0.00,111.36,54.97,255.90,0.99020,-1,-1,-1
700,-1,43.29,164.30,35.89,118.35,0.98093,-1,-1,-1
700,-1,83.78,150.37,35.61,88.38,0.94342,-1,-1,-1
700,-1,130.39,135.89,45.45,197.74,0.93526,-1,-1,-1
700,-1,135.01,141.77,26.28,79.61,0.86715,-1,-1,-1
700,-1,108.37,149.66,17.63,26.83,0.57962,-1,-1,-1
700,-1,85.81,150.93,38.65,153.31,0.49658,-1,-1,-1
700,-1,10.70,136.40,58.44,180.15,0.45939,-1,-1,-1
700,-1,0.14,168.91,26.58,195.02,0.32834,-1,-1,-1
700,-1,42.95,163.05,29.59,66.99,0.12952,-1,-1,-1
700,-1,107.41,150.21,28.32,38.59,0.12068,-1,-1,-1
700,-1,107.60,156.13,40.38,74.09,0.11762,-1,-1,-1
700,-1,93.22,150.43,30.97,50.50,0.09541,-1,-1,-1
700,-1,132.71,93.70,74.14,286.46,0.08735,-1,-1,-1
700,-1,25.40,161.12,38.52,94.19,0.06982,-1,-1,-1
700,-1,298.80,127.07,86.01,221.92,0.06809,-1,-1,-1
700,-1,123.31,149.47,32.43,74.42,0.06116,-1,-1,-1
700,-1,300.33,157.51,55.69,167.36,0.05461,-1,-1,-1
701,-1,307.13,95.78,123.86,296.88,0.99920,-1,-1,-1
701,-1,131.06,29.89,147.75,420.34,0.99814,-1,-1,-1
701,-1,450.60,0.34,187.90,477.49,0.99782,-1,-1,-1
701,-1,72.81,160.32,64.08,197.72,0.99676,-1,-1,-1
701,-1,272.48,135.76,47.02,164.65,0.99182,-1,-1,-1
701,-1,22.71,149.63,49.17,153.15,0.98489,-1,-1,-1
701,-1,119.55,126.10,51.85,195.75,0.96885,-1,-1,-1
701,-1,0.00,144.98,29.74,207.29,0.91479,-1,-1,-1
701,-1,123.70,131.53,34.57,81.87,0.87644,-1,-1,-1
701,-1,98.99,137.70,18.21,26.73,0.84698,-1,-1,-1
701,-1,71.85,136.99,31.16,62.77,0.76886,-1,-1,-1
701,-1,3.25,155.00,50.55,182.54,0.47072,-1,-1,-1
701,-1,29.74,152.36,38.22,64.34,0.39385,-1,-1,-1
701,-1,79.28,136.98,22.16,41.12,0.31750,-1,-1,-1
701,-1,70.97,137.94,53.77,78.75,0.22270,-1,-1,-1
701,-1,90.62,136.77,28.59,48.71,0.15579,-1,-1,-1
701,-1,286.31,110.99,93.52,231.09,0.10925,-1,-1,-1
701,-1,241.03,131.67,44.21,219.58,0.10475,-1,-1,-1
701,-1,313.88,103.49,41.14,125.99,0.07177,-1,-1,-1
701,-1,258.49,124.52,78.66,206.83,0.06754,-1,-1,-1
701,-1,0.12,140.79,31.45,91.58,0.05667,-1,-1,-1
702,-1,117.28,33.91,161.46,425.79,0.99936,-1,-1,-1
702,-1,300.90,103.38,120.40,286.85,0.99933,-1,-1,-1
702,-1,55.45,159.16,70.07,213.06,0.99784,-1,-1,-1
702,-1,454.77,0.00,180.10,475.78,0.99498,-1,-1,-1
702,-1,11.75,149.00,51.83,159.00,0.99400,-1,-1,-1
702,-1,268.56,136.76,46.14,159.06,0.98670,-1,-1,-1
702,-1,111.82,124.44,48.36,206.18,0.96536,-1,-1,-1
702,-1,61.61,130.58,33.72,62.70,0.84997,-1,-1,-1
702,-1,114.77,127.84,38.83,84.16,0.84382,-1,-1,-1
702,-1,91.15,135.73,21.28,21.25,0.75546,-1,-1,-1
702,-1,383.32,119.69,43.31,109.68,0.73854,-1,-1,-1
702,-1,0.12,175.50,24.73,109.95,0.66761,-1,-1,-1
702,-1,384.34,118.59,45.64,204.99,0.38434,-1,-1,-1
702,-1,445.27,110.79,43.77,138.59,0.35443,-1,-1,-1
702,-1,18.48,146.78,40.05,44.13,0.31262,-1,-1,-1
702,-1,65.87,130.55,25.97,39.49,0.24387,-1,-1,-1
702,-1,0.48,224.30,22.39,38.39,0.24212,-1,-1,-1
702,-1,266.27,133.23,74.12,210.47,0.18722,-1,-1,-1
702,-1,247.61,122.41,65.27,219.94,0.17766,-1,-1,-1
702,-1,60.55,144.07,55.27,78.52,0.16545,-1,-1,-1
702,-1,61.86,154.15,28.27,62.50,0.15664,-1,-1,-1
702,-1,15.87,149.34,47.28,85.48,0.15443,-1,-1,-1
702,-1,236.05,101.76,43.94,224.19,0.14890,-1,-1,-1
702,-1,430.32,102.01,46.29,133.89,0.14166,-1,-1,-1
702,-1,82.30,133.48,30.15,31.33,0.10685,-1,-1,-1
702,-1,207.10,55.80,71.40,319.89,0.06625,-1,-1,-1
702,-1,67.43,167.37,19.65,42.43,0.06610,-1,-1,-1
702,-1,100.31,135.67,25.77,72.13,0.05838,-1,-1,-1
702,-1,5.35,204.67,31.65,95.53,0.05612,-1,-1,-1
702,-1,41.00,136.13,49.16,70.36,0.05102,-1,-1,-1
703,-1,108.72,46.38,170.59,419.15,0.99908,-1,-1,-1
703,-1,308.21,102.90,105.41,280.77,0.99906,-1,-1,-1
703,-1,46.15,153.63,76.19,233.31,0.99882,-1,-1,-1
703,-1,437.96,2.20,197.63,477.60,0.99789,-1,-1,-1
703,-1,267.29,138.17,48.09,163.05,0.98699,-1,-1,-1
703,-1,2.07,148.20,58.21,161.61,0.98603,-1,-1,-1
703,-1,385.21,121.69,46.79,185.22,0.95651,-1,-1,-1
703,-1,89.19,137.64,22.30,19.56,0.91548,-1,-1,-1
703,-1,112.27,129.43,42.13,96.26,0.91260,-1,-1,-1
703,-1,110.54,130.83,47.69,184.85,0.91025,-1,-1,-1
703,-1,52.59,129.62,38.73,62.47,0.79767,-1,-1,-1
703,-1,442.13,114.22,47.88,136.33,0.46250,-1,-1,-1
703,-1,11.01,142.75,78.51,208.91,0.32365,-1,-1,-1
703,-1,256.21,134.39,74.11,235.98,0.30690,-1,-1,-1
703,-1,246.21,142.61,39.69,224.20,0.15487,-1,-1,-1
703,-1,387.33,120.02,42.58,86.18,0.14132,-1,-1,-1
703,-1,61.48,130.92,38.50,40.54,0.13460,-1,-1,-1
703,-1,11.38,149.82,49.14,90.92,0.12447,-1,-1,-1
703,-1,86.57,134.95,29.90,43.61,0.09430,-1,-1,-1
703,-1,125.42,126.00,58.41,208.50,0.08041,-1,-1,-1
703,-1,314.15,129.04,33.38,92.40,0.07183,-1,-1,-1
703,-1,311.16,103.60,48.49,131.73,0.06180,-1,-1,-1
703,-1,88.22,132.41,44.08,89.83,0.06082,-1,-1,-1
703,-1,113.89,246.35,25.34,95.51,0.06038,-1,-1,-1
703,-1,265.38,106.09,108.06,254.42,0.05904,-1,-1,-1
703,-1,71.12,135.94,70.43,226.91,0.05901,-1,-1,-1
703,-1,112.56,99.50,92.71,267.92,0.05653,-1,-1,-1
703,-1,425.41,108.73,35.47,138.41,0.05227,-1,-1,-1
703,-1,14.89,146.99,38.99,55.31,0.05078,-1,-1,-1
704,-1,124.59,46.69,152.52,425.25,0.99895,-1,-1,-1
704,-1,26.54,153.23,82.69,239.76,0.99853,-1,-1,-1
704,-1,305.31,101.07,104.82,266.19,0.99824,-1,-1,-1
704,-1,430.99,2.70,205.56,467.69,0.99776,-1,-1,-1
704,-1,93.25,118.45,65.10,233.78,0.99767,-1,-1,-1
704,-1,380.07,111.18,72.25,221.76,0.99349,-1,-1,-1
704,-1,264.55,141.47,47.28,163.21,0.98733,-1,-1,-1
704,-1,0.31,147.43,51.33,166.88,0.97643,-1,-1,-1
704,-1,88.85,136.43,19.94,17.10,0.87408,-1,-1,-1
704,-1,45.40,124.97,39.37,38.86,0.78656,-1,-1,-1
704,-1,45.42,124.94,52.82,64.97,0.28357,-1,-1,-1
704,-1,433.21,106.98,47.25,63.18,0.20256,-1,-1,-1
704,-1,85.15,134.34,27.04,74.12,0.19101,-1,-1,-1
704,-1,266.47,129.33,88.27,230.23,0.18190,-1,-1,-1
704,-1,315.07,121.19,29.74,82.76,0.17743,-1,-1,-1
704,-1,82.66,135.25,27.25,26.17,0.14789,-1,-1,-1
704,-1,2.17,148.28,54.26,80.93,0.14733,-1,-1,-1
704,-1,98.53,122.39,55.71,129.29,0.13089,-1,-1,-1
704,-1,250.22,148.51,44.41,220.82,0.10501,-1,-1,-1
704,-1,431.79,97.80,57.43,154.86,0.09283,-1,-1,-1
704,-1,309.72,98.77,46.41,137.04,0.09008,-1,-1,-1
705,-1,420.01,0.00,215.72,478.63,0.99933,-1,-1,-1
705,-1,295.42,93.90,102.70,281.87,0.99921,-1,-1,-1
705,-1,6.14,147.89,91.65,255.65,0.99909,-1,-1,-1
705,-1,134.98,49.11,137.59,417.67,0.99836,-1,-1,-1
705,-1,80.25,116.04,72.07,237.66,0.99728,-1,-1,-1
705,-1,382.36,108.50,63.47,213.12,0.99029,-1,-1,-1
705,-1,260.75,138.58,49.04,170.18,0.98895,-1,-1,-1
705,-1,1.85,145.28,39.20,88.77,0.90814,-1,-1,-1
705,-1,32.59,119.88,43.89,34.45,0.89702,-1,-1,-1
705,-1,0.28,144.38,37.64,163.48,0.56774,-1,-1,-1
705,-1,423.29,95.73,59.43,156.98,0.29963,-1,-1,-1
705,-1,82.89,131.28,20.14,17.40,0.28293,-1,-1,-1
705,-1,263.77,113.86,99.13,258.45,0.25460,-1,-1,-1
705,-1,27.02,118.25,32.20,33.03,0.24851,-1,-1,-1
705,-1,78.03,132.17,25.53,53.42,0.16564,-1,-1,-1
705,-1,1.87,145.37,34.10,47.64,0.13891,-1,-1,-1
705,-1,345.23,95.88,79.00,249.10,0.09022,-1,-1,-1
705,-1,29.10,121.02,54.34,60.43,0.08943,-1,-1,-1
705,-1,22.32,115.94,50.66,92.53,0.08149,-1,-1,-1
705,-1,248.80,146.96,46.37,207.75,0.06151,-1,-1,-1
705,-1,431.47,103.16,43.42,66.63,0.06031,-1,-1,-1
705,-1,314.66,120.04,26.64,55.38,0.05111,-1,-1,-1
706,-1,399.61,2.51,235.80,470.41,0.99965,-1,-1,-1
706,-1,135.99,38.20,132.45,435.23,0.99931,-1,-1,-1
706,-1,302.63,98.21,90.13,280.06,0.99913,-1,-1,-1
706,-1,57.59,103.28,84.45,258.81,0.99836,-1,-1,-1
706,-1,0.44,141.04,76.96,280.44,0.99836,-1,-1,-1
706,-1,381.40,99.20,53.86,236.49,0.99214,-1,-1,-1
706,-1,257.85,142.12,46.88,165.27,0.94620,-1,-1,-1
706,-1,19.27,114.14,29.76,30.37,0.83552,-1,-1,-1
706,-1,271.10,111.76,92.72,241.96,0.30149,-1,-1,-1
706,-1,0.10,144.35,23.02,50.80,0.24702,-1,-1,-1
706,-1,250.18,128.86,78.40,206.54,0.16246,-1,-1,-1
706,-1,337.20,99.24,76.25,261.83,0.15406,-1,-1,-1
706,-1,10.43,113.68,50.26,43.21,0.11034,-1,-1,-1
706,-1,258.14,141.11,31.91,84.31,0.10834,-1,-1,-1
706,-1,405.87,101.52,52.49,164.34,0.08092,-1,-1,-1
706,-1,4.07,141.67,70.26,111.00,0.07580,-1,-1,-1
706,-1,399.22,43.75,66.98,287.70,0.07560,-1,-1,-1
706,-1,238.93,135.09,38.14,131.16,0.06313,-1,-1,-1
706,-1,2.33,140.45,20.52,23.94,0.06030,-1,-1,-1
707,-1,389.10,2.69,248.65,473.37,0.99932,-1,-1,-1
707,-1,133.27,37.67,129.94,412.64,0.99918,-1,-1,-1
707,-1,36.79,103.42,97.14,268.75,0.99893,-1,-1,-1
707,-1,0.00,127.62,64.27,304.91,0.99865,-1,-1,-1
707,-1,293.68,97.08,97.63,284.28,0.99863,-1,-1,-1
707,-1,375.45,104.15,60.05,240.70,0.96020,-1,-1,-1
707,-1,252.71,140.22,47.48,161.73,0.94357,-1,-1,-1
707,-1,1.74,112.54,34.49,30.05,0.90765,-1,-1,-1
707,-1,404.40,100.79,45.24,88.21,0.56969,-1,-1,-1
707,-1,382.08,104.28,57.19,98.41,0.44805,-1,-1,-1
707,-1,376.70,103.13,46.37,74.89,0.23344,-1,-1,-1
707,-1,238.76,135.52,64.66,243.92,0.20012,-1,-1,-1
707,-1,132.94,149.12,27.70,98.72,0.19886,-1,-1,-1
707,-1,398.61,107.68,58.03,149.07,0.19818,-1,-1,-1
707,-1,330.13,102.67,85.36,268.46,0.17727,-1,-1,-1
707,-1,404.43,2.00,235.04,247.48,0.14586,-1,-1,-1
707,-1,10.23,126.02,88.51,255.45,0.12458,-1,-1,-1
707,-1,0.15,111.34,47.43,57.84,0.11249,-1,-1,-1
707,-1,265.41,144.76,91.64,219.26,0.09671,-1,-1,-1
707,-1,0.03,119.83,56.51,104.43,0.09210,-1,-1,-1
707,-1,396.29,102.86,30.82,67.64,0.08324,-1,-1,-1
707,-1,211.53,103.28,82.71,326.09,0.05086,-1,-1,-1
708,-1,367.76,1.08,267.35,474.78,0.99932,-1,-1,-1
708,-1,128.88,30.43,131.79,420.68,0.99917,-1,-1,-1
708,-1,17.78,96.87,104.84,293.81,0.99904,-1,-1,-1
708,-1,279.07,94.84,104.08,289.12,0.99842,-1,-1,-1
708,-1,0.16,127.89,44.30,305.03,0.96775,-1,-1,-1
708,-1,250.89,139.32,44.49,127.37,0.95817,-1,-1,-1
708,-1,0.00,134.47,40.52,149.24,0.63843,-1,-1,-1
708,-1,0.00,130.59,35.59,86.75,0.33446,-1,-1,-1
708,-1,1.20,126.66,30.36,52.86,0.27058,-1,-1,-1
708,-1,319.49,93.55,103.49,283.19,0.11797,-1,-1,-1
708,-1,252.46,128.17,86.95,222.99,0.11016,-1,-1,-1
708,-1,372.38,58.17,77.75,288.80,0.10355,-1,-1,-1
708,-1,0.67,166.00,83.71,275.62,0.10148,-1,-1,-1
708,-1,614.05,8.28,25.12,267.69,0.09897,-1,-1,-1
708,-1,239.35,141.21,36.43,115.34,0.06857,-1,-1,-1
708,-1,236.46,135.88,64.37,228.75,0.06808,-1,-1,-1
709,-1,360.03,2.48,260.10,477.52,0.99954,-1,-1,-1
709,-1,3.66,87.66,103.04,317.37,0.99921,-1,-1,-1
709,-1,128.34,30.72,132.70,425.21,0.99914,-1,-1,-1
709,-1,273.37,97.19,105.28,286.11,0.99869,-1,-1,-1
709,-1,248.92,142.39,43.81,122.75,0.98317,-1,-1,-1
709,-1,0.00,165.80,36.58,281.17,0.86907,-1,-1,-1
709,-1,0.37,190.29,20.59,97.48,0.33358,-1,-1,-1
709,-1,365.83,55.51,82.49,332.31,0.33158,-1,-1,-1
709,-1,0.19,155.22,20.76,208.51,0.20305,-1,-1,-1
709,-1,621.94,23.72,18.03,247.84,0.18313,-1,-1,-1
709,-1,109.85,203.75,9.93,28.48,0.18084,-1,-1,-1
709,-1,256.25,115.40,83.56,236.61,0.15187,-1,-1,-1
709,-1,139.55,201.87,9.75,26.18,0.13206,-1,-1,-1
709,-1,40.59,127.93,60.36,239.30,0.08666,-1,-1,-1
709,-1,623.20,45.54,16.01,123.20,0.08045,-1,-1,-1
709,-1,367.05,92.20,68.58,197.81,0.07970,-1,-1,-1
709,-1,2.20,117.76,36.55,191.31,0.05348,-1,-1,-1
710,-1,3.34,78.55,99.61,320.17,0.99964,-1,-1,-1
710,-1,337.63,1.60,286.21,475.14,0.99946,-1,-1,-1
710,-1,127.94,28.34,133.17,432.18,0.99908,-1,-1,-1
710,-1,270.96,93.52,109.67,290.23,0.99586,-1,-1,-1
710,-1,247.24,139.70,41.22,118.56,0.97091,-1,-1,-1
710,-1,58.28,117.39,18.74,15.85,0.43685,-1,-1,-1
710,-1,109.45,201.88,9.82,29.92,0.29794,-1,-1,-1
710,-1,139.33,200.85,9.35,28.04,0.27815,-1,-1,-1
710,-1,82.71,206.01,13.19,33.40,0.24277,-1,-1,-1
710,-1,226.45,139.47,47.01,129.82,0.17046,-1,-1,-1
710,-1,251.68,153.23,88.93,213.32,0.12049,-1,-1,-1
710,-1,287.19,99.58,67.75,154.86,0.11476,-1,-1,-1
710,-1,0.00,73.58,38.77,370.55,0.09641,-1,-1,-1
710,-1,181.01,56.41,82.48,301.33,0.08415,-1,-1,-1
710,-1,136.93,194.65,9.44,31.42,0.07025,-1,-1,-1
710,-1,212.79,111.12,50.31,162.50,0.06557,-1,-1,-1
710,-1,132.62,202.10,8.82,22.56,0.05365,-1,-1,-1
710,-1,297.49,68.04,177.87,328.55,0.05121,-1,-1,-1
711,-1,294.18,4.40,312.66,470.06,0.99948,-1,-1,-1
711,-1,121.50,38.28,135.30,417.55,0.99920,-1,-1,-1
711,-1,0.26,63.40,93.29,327.94,0.99912,-1,-1,-1
711,-1,245.90,139.55,40.50,118.65,0.98809,-1,-1,-1
711,-1,263.38,103.73,111.38,275.95,0.98225,-1,-1,-1
711,-1,60.91,117.83,37.20,134.95,0.42122,-1,-1,-1
711,-1,138.07,204.53,10.72,29.00,0.37337,-1,-1,-1
711,-1,310.09,91.27,30.90,40.24,0.35931,-1,-1,-1
711,-1,81.70,205.39,13.42,33.12,0.29373,-1,-1,-1
711,-1,131.19,199.56,8.02,35.41,0.27078,-1,-1,-1
711,-1,52.98,128.27,42.39,192.87,0.25637,-1,-1,-1
711,-1,49.75,111.99,21.23,20.60,0.20951,-1,-1,-1
711,-1,132.79,199.30,15.29,39.78,0.19501,-1,-1,-1
711,-1,570.30,25.45,51.60,210.05,0.11833,-1,-1,-1
711,-1,76.76,139.88,20.45,97.95,0.11374,-1,-1,-1
711,-1,304.32,89.67,40.78,75.23,0.10081,-1,-1,-1
711,-1,174.09,51.06,82.54,322.53,0.09976,-1,-1,-1
711,-1,220.10,110.14,36.77,153.40,0.09549,-1,-1,-1
711,-1,280.96,69.53,176.21,312.92,0.09408,-1,-1,-1
711,-1,109.80,201.72,9.46,29.39,0.09232,-1,-1,-1
711,-1,293.30,100.45,68.29,130.61,0.08020,-1,-1,-1
711,-1,132.40,198.49,7.64,22.54,0.07791,-1,-1,-1
711,-1,295.10,110.90,20.01,42.81,0.06254,-1,-1,-1
711,-1,86.89,202.95,10.35,34.88,0.06137,-1,-1,-1
711,-1,300.21,115.92,15.29,28.35,0.05752,-1,-1,-1
711,-1,240.81,126.59,99.36,232.76,0.05559,-1,-1,-1
711,-1,271.86,117.86,43.70,128.12,0.05247,-1,-1,-1
711,-1,113.85,196.59,24.31,44.56,0.05243,-1,-1,-1
712,-1,120.94,39.02,128.83,427.89,0.99968,-1,-1,-1
712,-1,294.62,6.13,302.57,463.42,0.99907,-1,-1,-1
712,-1,0.75,33.82,73.13,373.45,0.99635,-1,-1,-1
712,-1,250.16,105.11,123.21,272.28,0.98169,-1,-1,-1
712,-1,242.91,143.46,41.55,113.58,0.97252,-1,-1,-1
712,-1,31.99,107.43,52.71,218.83,0.96193,-1,-1,-1
712,-1,52.46,118.04,40.16,159.67,0.76665,-1,-1,-1
712,-1,63.19,129.59,31.24,111.90,0.41195,-1,-1,-1
712,-1,79.87,205.42,12.94,33.56,0.36847,-1,-1,-1
712,-1,563.99,27.78,71.92,245.37,0.27998,-1,-1,-1
712,-1,241.83,132.68,61.12,175.59,0.23834,-1,-1,-1
712,-1,107.87,200.58,8.93,30.18,0.21869,-1,-1,-1
712,-1,77.86,162.49,17.14,74.86,0.13913,-1,-1,-1
712,-1,45.86,107.10,19.83,27.27,0.11822,-1,-1,-1
712,-1,284.60,130.56,24.90,58.32,0.10487,-1,-1,-1
712,-1,226.91,138.91,31.73,126.88,0.10290,-1,-1,-1
712,-1,85.96,198.49,9.28,36.99,0.10170,-1,-1,-1
712,-1,224.86,143.22,54.16,171.81,0.08410,-1,-1,-1
712,-1,306.85,90.29,27.73,28.45,0.08140,-1,-1,-1
712,-1,74.23,209.28,13.89,26.97,0.08038,-1,-1,-1
712,-1,240.58,21.43,185.94,388.39,0.07785,-1,-1,-1
712,-1,1.50,139.38,46.46,263.85,0.07732,-1,-1,-1
712,-1,268.85,122.44,41.46,116.67,0.05376,-1,-1,-1
713,-1,119.56,34.94,130.71,429.09,0.99960,-1,-1,-1
713,-1,323.52,8.16,277.48,462.69,0.99847,-1,-1,-1
713,-1,253.63,97.18,117.52,274.78,0.99619,-1,-1,-1
713,-1,0.76,28.60,86.29,314.74,0.98884,-1,-1,-1
713,-1,244.02,144.23,38.82,101.86,0.95115,-1,-1,-1
713,-1,35.57,99.72,53.54,210.42,0.88099,-1,-1,-1
713,-1,81.46,192.50,12.10,43.97,0.81340,-1,-1,-1
713,-1,0.55,11.17,53.86,444.32,0.79593,-1,-1,-1
713,-1,271.13,91.51,91.24,153.30,0.49137,-1,-1,-1
713,-1,107.14,200.34,9.38,26.42,0.27218,-1,-1,-1
713,-1,222.77,131.94,33.32,129.41,0.22948,-1,-1,-1
713,-1,336.65,44.52,65.32,349.92,0.22493,-1,-1,-1
713,-1,0.50,35.16,40.60,281.69,0.20610,-1,-1,-1
713,-1,577.27,37.02,62.73,240.35,0.16255,-1,-1,-1
713,-1,308.05,84.48,30.70,49.86,0.15300,-1,-1,-1
713,-1,320.47,36.26,146.47,428.69,0.14109,-1,-1,-1
713,-1,244.50,116.26,77.97,239.72,0.11889,-1,-1,-1
713,-1,76.25,201.90,13.56,35.39,0.11249,-1,-1,-1
713,-1,278.08,89.97,62.56,107.19,0.10949,-1,-1,-1
713,-1,207.10,84.08,42.07,221.56,0.09083,-1,-1,-1
713,-1,175.88,46.57,78.49,298.86,0.06475,-1,-1,-1
713,-1,88.20,194.81,8.71,35.53,0.05731,-1,-1,-1
713,-1,0.44,117.14,30.22,325.41,0.05559,-1,-1,-1
713,-1,84.23,184.26,12.22,47.64,0.05520,-1,-1,-1
713,-1,0.57,312.29,11.02,133.11,0.05508,-1,-1,-1
713,-1,308.12,90.33,54.78,68.06,0.05497,-1,-1,-1
713,-1,76.58,156.33,17.11,80.47,0.05474,-1,-1,-1
713,-1,293.20,84.01,49.43,77.10,0.05241,-1,-1,-1
714,-1,113.46,34.76,137.61,403.49,0.99969,-1,-1,-1
714,-1,337.64,6.06,284.12,472.53,0.99838,-1,-1,-1
714,-1,20.98,92.06,73.22,242.43,0.99811,-1,-1,-1
714,-1,262.51,92.01,108.00,288.52,0.99775,-1,-1,-1
714,-1,246.34,143.26,39.51,101.04,0.98359,-1,-1,-1
714,-1,6.01,88.67,55.55,225.95,0.90206,-1,-1,-1
714,-1,82.44,188.44,16.45,48.60,0.79984,-1,-1,-1
714,-1,579.54,20.04,56.73,284.22,0.68382,-1,-1,-1
714,-1,0.88,85.69,36.11,193.95,0.63778,-1,-1,-1
714,-1,604.65,19.72,35.29,257.15,0.43684,-1,-1,-1
714,-1,244.14,142.85,50.62,174.95,0.20677,-1,-1,-1
714,-1,111.42,198.02,31.35,66.17,0.12521,-1,-1,-1
714,-1,111.53,197.75,9.77,23.93,0.10160,-1,-1,-1
714,-1,255.64,98.78,95.22,145.81,0.09448,-1,-1,-1
714,-1,334.70,38.34,153.57,421.30,0.06882,-1,-1,-1
714,-1,306.94,77.38,83.64,293.60,0.06847,-1,-1,-1
714,-1,236.42,124.25,80.72,243.17,0.06822,-1,-1,-1
715,-1,114.78,32.27,140.67,401.67,0.99938,-1,-1,-1
715,-1,21.01,87.38,80.30,240.84,0.99860,-1,-1,-1
715,-1,277.25,99.04,92.03,284.61,0.99829,-1,-1,-1
715,-1,325.36,6.08,295.33,470.33,0.99815,-1,-1,-1
715,-1,249.94,139.03,38.38,103.60,0.99307,-1,-1,-1
715,-1,90.85,187.46,14.42,48.53,0.90268,-1,-1,-1
715,-1,0.01,79.14,51.78,216.39,0.90255,-1,-1,-1
715,-1,499.91,256.16,85.33,182.30,0.42059,-1,-1,-1
715,-1,1.33,115.31,24.28,153.07,0.27533,-1,-1,-1
715,-1,96.59,191.24,9.38,40.05,0.24972,-1,-1,-1
715,-1,250.90,134.84,52.69,199.16,0.22258,-1,-1,-1
715,-1,26.86,98.17,12.94,28.18,0.21718,-1,-1,-1
715,-1,295.90,47.27,170.42,401.54,0.17636,-1,-1,-1
715,-1,1.15,81.47,34.06,54.49,0.13702,-1,-1,-1
715,-1,497.53,36.13,100.35,397.31,0.13318,-1,-1,-1
715,-1,323.52,67.42,90.13,288.45,0.08730,-1,-1,-1
715,-1,226.55,136.03,61.18,198.87,0.08493,-1,-1,-1
715,-1,591.13,146.76,47.85,141.94,0.07056,-1,-1,-1
715,-1,16.12,91.73,50.01,192.55,0.05880,-1,-1,-1
715,-1,0.34,82.35,40.11,123.64,0.05611,-1,-1,-1
716,-1,320.65,6.02,316.47,473.29,0.99953,-1,-1,-1
716,-1,109.85,33.93,143.22,393.67,0.99948,-1,-1,-1
716,-1,24.36,85.60,79.44,249.26,0.99866,-1,-1,-1
716,-1,269.01,91.15,104.96,292.92,0.99712,-1,-1,-1
716,-1,255.15,141.43,37.73,99.81,0.99079,-1,-1,-1
716,-1,515.11,236.91,115.65,215.99,0.71595,-1,-1,-1
716,-1,6.52,85.01,61.73,246.73,0.68911,-1,-1,-1
716,-1,495.98,30.90,133.65,427.56,0.60826,-1,-1,-1
716,-1,98.41,192.64,11.09,44.78,0.60201,-1,-1,-1
716,-1,82.82,208.19,18.53,30.74,0.39537,-1,-1,-1
716,-1,1.09,85.54,48.33,184.03,0.38377,-1,-1,-1
716,-1,251.56,138.33,49.50,179.20,0.34493,-1,-1,-1
716,-1,83.93,196.97,24.71,42.59,0.16840,-1,-1,-1
716,-1,324.34,34.90,106.64,364.88,0.09896,-1,-1,-1
716,-1,174.79,60.60,90.47,357.97,0.08751,-1,-1,-1
716,-1,277.48,32.02,184.02,428.12,0.08029,-1,-1,-1
716,-1,24.40,91.43,22.56,75.32,0.07645,-1,-1,-1
716,-1,105.31,196.84,12.18,34.00,0.06645,-1,-1,-1
716,-1,102.46,195.06,9.69,39.70,0.06632,-1,-1,-1
716,-1,207.71,91.39,52.53,206.02,0.06120,-1,-1,-1
716,-1,92.15,175.76,17.95,61.66,0.05413,-1,-1,-1
717,-1,7.66,81.03,99.88,263.53,0.99950,-1,-1,-1
717,-1,104.90,41.39,151.72,389.49,0.99913,-1,-1,-1
717,-1,273.44,89.55,114.83,307.38,0.99885,-1,-1,-1
717,-1,340.96,7.00,299.04,467.23,0.99775,-1,-1,-1
717,-1,260.55,142.90,39.68,100.84,0.98748,-1,-1,-1
717,-1,531.86,245.75,105.49,209.07,0.82863,-1,-1,-1
717,-1,495.07,31.27,138.96,417.01,0.27472,-1,-1,-1
717,-1,236.29,138.87,64.05,202.81,0.22128,-1,-1,-1
717,-1,6.65,95.85,36.85,180.49,0.15800,-1,-1,-1
717,-1,239.16,140.17,49.79,101.52,0.12549,-1,-1,-1
717,-1,224.19,125.83,42.14,126.65,0.11528,-1,-1,-1
717,-1,295.69,93.54,87.00,162.49,0.10635,-1,-1,-1
717,-1,197.47,62.11,166.54,359.20,0.09152,-1,-1,-1
717,-1,304.35,35.87,151.56,400.31,0.08030,-1,-1,-1
717,-1,334.99,85.85,90.66,304.26,0.05786,-1,-1,-1
718,-1,4.44,78.75,104.14,286.60,0.99942,-1,-1,-1
718,-1,102.13,52.49,161.76,398.93,0.99887,-1,-1,-1
718,-1,286.50,96.43,102.21,298.62,0.99883,-1,-1,-1
718,-1,358.75,4.85,279.91,467.45,0.99878,-1,-1,-1
718,-1,266.95,148.85,38.39,102.16,0.99288,-1,-1,-1
718,-1,110.22,197.56,14.13,37.52,0.62211,-1,-1,-1
718,-1,558.65,11.32,78.56,418.59,0.52411,-1,-1,-1
718,-1,510.34,302.02,116.34,135.30,0.34481,-1,-1,-1
718,-1,2.90,101.00,34.25,171.43,0.31723,-1,-1,-1
718,-1,240.11,151.57,32.45,105.59,0.25837,-1,-1,-1
718,-1,3.31,81.12,69.58,215.04,0.24707,-1,-1,-1
718,-1,91.58,149.62,18.16,91.79,0.19715,-1,-1,-1
718,-1,50.32,79.72,18.50,32.87,0.17248,-1,-1,-1
718,-1,576.43,151.05,61.74,266.65,0.14108,-1,-1,-1
718,-1,253.52,161.42,17.08,75.37,0.11275,-1,-1,-1
718,-1,260.51,149.08,50.76,165.88,0.10082,-1,-1,-1
718,-1,556.87,255.31,71.71,177.34,0.09818,-1,-1,-1
718,-1,177.00,66.01,173.66,385.05,0.06862,-1,-1,-1
718,-1,0.09,120.71,19.30,128.69,0.05349,-1,-1,-1
719,-1,2.65,74.64,109.95,295.26,0.99957,-1,-1,-1
719,-1,101.72,59.88,150.40,388.72,0.99949,-1,-1,-1
719,-1,373.94,3.40,257.83,475.53,0.99935,-1,-1,-1
719,-1,292.05,101.97,100.76,288.19,0.99899,-1,-1,-1
719,-1,271.75,149.74,37.02,107.89,0.98733,-1,-1,-1
719,-1,114.54,199.09,14.21,37.72,0.66297,-1,-1,-1
719,-1,252.11,169.17,23.52,83.54,0.65940,-1,-1,-1
719,-1,236.74,158.73,38.84,125.65,0.26431,-1,-1,-1
719,-1,262.05,149.38,58.51,204.95,0.21087,-1,-1,-1
719,-1,3.23,80.65,56.45,201.72,0.20989,-1,-1,-1
719,-1,91.59,143.62,21.87,99.58,0.12910,-1,-1,-1
719,-1,251.21,159.97,47.70,100.50,0.10584,-1,-1,-1
719,-1,261.24,171.26,24.05,86.18,0.08720,-1,-1,-1
719,-1,254.27,129.34,29.24,48.03,0.06968,-1,-1,-1
719,-1,2.72,117.25,30.80,164.46,0.05995,-1,-1,-1
719,-1,160.21,89.94,110.17,344.20,0.05622,-1,-1,-1
719,-1,369.85,102.19,37.22,226.14,0.05576,-1,-1,-1
720,-1,6.97,71.86,106.29,313.30,0.99970,-1,-1,-1
720,-1,110.75,59.20,153.35,403.40,0.99964,-1,-1,-1
720,-1,298.36,93.86,97.99,297.20,0.99923,-1,-1,-1
720,-1,387.25,7.20,251.41,472.80,0.99664,-1,-1,-1
720,-1,277.91,149.11,37.44,113.12,0.98917,-1,-1,-1
720,-1,256.46,164.59,24.11,88.96,0.92772,-1,-1,-1
720,-1,120.49,200.92,10.95,29.79,0.82538,-1,-1,-1
720,-1,244.92,156.83,21.81,104.47,0.60330,-1,-1,-1
720,-1,598.35,262.93,41.65,139.91,0.55106,-1,-1,-1
720,-1,241.09,154.73,37.61,122.22,0.51436,-1,-1,-1
720,-1,259.18,129.76,28.06,47.13,0.20622,-1,-1,-1
720,-1,107.14,197.62,10.25,47.86,0.18313,-1,-1,-1
720,-1,278.05,158.94,51.55,176.92,0.12166,-1,-1,-1
720,-1,1.89,102.02,33.42,177.84,0.10474,-1,-1,-1
720,-1,97.74,190.70,20.33,57.23,0.09121,-1,-1,-1
720,-1,231.32,145.96,36.37,150.28,0.08177,-1,-1,-1
720,-1,272.47,130.18,16.13,43.39,0.08106,-1,-1,-1
720,-1,114.94,200.39,10.21,29.45,0.06060,-1,-1,-1
720,-1,239.01,139.26,50.16,220.43,0.06029,-1,-1,-1
720,-1,371.44,98.97,40.38,231.37,0.05871,-1,-1,-1
721,-1,3.16,50.65,110.00,338.64,0.99975,-1,-1,-1
721,-1,113.32,50.20,142.63,386.04,0.99971,-1,-1,-1
721,-1,296.50,93.55,105.74,292.46,0.99880,-1,-1,-1
721,-1,381.55,4.38,256.81,473.11,0.99792,-1,-1,-1
721,-1,279.67,149.00,39.40,128.94,0.93534,-1,-1,-1
721,-1,247.04,152.93,36.04,117.73,0.91603,-1,-1,-1
721,-1,107.47,197.96,14.51,43.87,0.85297,-1,-1,-1
721,-1,262.73,166.33,23.03,115.61,0.81152,-1,-1,-1
721,-1,275.69,147.82,74.95,223.34,0.63450,-1,-1,-1
721,-1,84.41,215.15,23.32,39.31,0.43614,-1,-1,-1
721,-1,111.58,199.86,16.41,42.60,0.29649,-1,-1,-1
721,-1,267.73,168.82,17.75,60.88,0.28500,-1,-1,-1
721,-1,237.51,144.50,48.36,185.08,0.18399,-1,-1,-1
721,-1,86.79,180.92,23.29,72.76,0.17106,-1,-1,-1
721,-1,255.64,161.92,46.38,116.93,0.16347,-1,-1,-1
721,-1,124.38,199.68,6.97,22.65,0.13210,-1,-1,-1
721,-1,241.80,167.87,24.42,83.96,0.11443,-1,-1,-1
721,-1,233.16,148.05,33.54,160.79,0.09238,-1,-1,-1
721,-1,121.19,199.30,7.20,23.31,0.08608,-1,-1,-1
721,-1,289.29,149.64,32.11,76.52,0.07971,-1,-1,-1
721,-1,33.80,44.88,174.20,393.99,0.06982,-1,-1,-1
721,-1,82.51,220.20,11.59,33.36,0.06221,-1,-1,-1
721,-1,369.66,75.09,64.07,297.11,0.05700,-1,-1,-1
721,-1,116.06,198.45,9.05,32.71,0.05644,-1,-1,-1
721,-1,384.69,38.99,255.31,228.23,0.05109,-1,-1,-1
721,-1,85.31,128.27,28.76,127.40,0.05103,-1,-1,-1
722,-1,3.51,39.44,106.31,354.85,0.99968,-1,-1,-1
722,-1,124.41,47.74,134.91,392.02,0.99966,-1,-1,-1
722,-1,402.17,0.27,232.40,479.73,0.99877,-1,-1,-1
722,-1,293.54,94.08,114.08,285.35,0.99822,-1,-1,-1
722,-1,109.47,198.56,16.43,45.22,0.98016,-1,-1,-1
722,-1,287.98,149.29,36.30,101.10,0.97845,-1,-1,-1
722,-1,249.31,154.88,39.77,150.22,0.93941,-1,-1,-1
722,-1,84.12,211.63,21.11,44.83,0.88728,-1,-1,-1
722,-1,266.99,166.56,23.73,130.54,0.72229,-1,-1,-1
722,-1,286.69,142.89,76.70,225.82,0.68472,-1,-1,-1
722,-1,129.08,199.69,7.06,27.07,0.41589,-1,-1,-1
722,-1,123.15,192.65,32.69,76.35,0.37603,-1,-1,-1
722,-1,240.30,156.90,30.64,155.07,0.24034,-1,-1,-1
722,-1,107.56,196.13,12.25,42.77,0.23841,-1,-1,-1
722,-1,122.15,199.34,7.83,24.48,0.21436,-1,-1,-1
722,-1,271.79,169.86,17.79,48.31,0.18487,-1,-1,-1
722,-1,126.43,199.38,7.58,23.73,0.17375,-1,-1,-1
722,-1,105.84,191.84,9.13,42.00,0.15993,-1,-1,-1
722,-1,86.13,189.07,23.41,69.67,0.15312,-1,-1,-1
722,-1,341.88,24.33,215.75,441.83,0.13881,-1,-1,-1
722,-1,281.22,160.05,58.25,135.77,0.10463,-1,-1,-1
722,-1,0.87,55.72,34.02,195.83,0.10116,-1,-1,-1
722,-1,116.37,199.22,10.67,32.24,0.08659,-1,-1,-1
722,-1,265.96,143.09,56.77,180.05,0.07583,-1,-1,-1
722,-1,124.37,200.96,6.98,16.80,0.07363,-1,-1,-1
722,-1,107.41,190.53,9.83,30.96,0.07083,-1,-1,-1
722,-1,227.68,117.86,31.96,172.93,0.07041,-1,-1,-1
722,-1,346.37,89.80,89.25,291.06,0.06700,-1,-1,-1
722,-1,241.31,172.82,23.12,92.56,0.05933,-1,-1,-1
722,-1,253.06,154.66,28.78,85.64,0.05913,-1,-1,-1
722,-1,94.83,207.95,13.86,48.02,0.05773,-1,-1,-1
722,-1,157.67,204.89,6.91,17.80,0.05135,-1,-1,-1
723,-1,136.21,47.14,124.83,389.23,0.99978,-1,-1,-1
723,-1,1.83,38.34,108.47,368.51,0.99978,-1,-1,-1
723,-1,388.37,1.28,250.70,477.39,0.99916,-1,-1,-1
723,-1,300.71,103.00,109.97,286.99,0.99726,-1,-1,-1
723,-1,295.98,152.99,33.58,97.37,0.98304,-1,-1,-1
723,-1,254.80,162.68,39.55,145.87,0.96870,-1,-1,-1
723,-1,118.17,201.70,15.22,44.31,0.95159,-1,-1,-1
723,-1,98.51,208.44,17.01,49.34,0.85017,-1,-1,-1
723,-1,91.20,213.74,20.36,45.23,0.64365,-1,-1,-1
723,-1,87.78,222.87,17.39,36.50,0.61068,-1,-1,-1
723,-1,276.75,168.50,21.40,80.63,0.60041,-1,-1,-1
723,-1,118.49,215.38,10.89,30.71,0.37474,-1,-1,-1
723,-1,289.65,162.76,84.97,189.85,0.36489,-1,-1,-1
723,-1,276.90,164.79,21.92,45.68,0.35290,-1,-1,-1
723,-1,136.59,200.66,7.66,42.83,0.21556,-1,-1,-1
723,-1,105.23,212.09,12.96,39.67,0.19559,-1,-1,-1
723,-1,122.06,199.73,11.94,32.77,0.19209,-1,-1,-1
723,-1,289.92,158.38,43.65,173.23,0.15348,-1,-1,-1
723,-1,412.37,0.60,227.63,259.72,0.14758,-1,-1,-1
723,-1,103.59,198.27,24.80,51.27,0.12743,-1,-1,-1
723,-1,126.11,202.25,10.26,32.92,0.11715,-1,-1,-1
723,-1,137.11,194.44,22.36,53.64,0.11172,-1,-1,-1
723,-1,113.95,215.72,9.04,31.16,0.10153,-1,-1,-1
723,-1,345.53,104.41,86.89,293.17,0.08889,-1,-1,-1
723,-1,330.79,193.63,71.87,200.76,0.08772,-1,-1,-1
723,-1,80.68,201.80,27.64,57.34,0.08290,-1,-1,-1
723,-1,0.00,41.65,30.45,183.07,0.07572,-1,-1,-1
723,-1,244.33,180.17,18.11,70.15,0.07314,-1,-1,-1
723,-1,381.17,37.22,121.12,418.78,0.07134,-1,-1,-1
723,-1,272.20,166.94,31.34,135.45,0.07109,-1,-1,-1
723,-1,135.69,199.93,6.51,31.83,0.07034,-1,-1,-1
723,-1,242.14,153.50,27.64,151.26,0.07014,-1,-1,-1
723,-1,160.57,192.38,9.09,37.17,0.06067,-1,-1,-1
723,-1,266.52,160.07,30.58,67.63,0.05810,-1,-1,-1
723,-1,105.38,199.34,14.72,39.24,0.05225,-1,-1,-1
724,-1,145.24,58.02,119.35,382.85,0.99979,-1,-1,-1
724,-1,3.23,26.64,104.61,384.34,0.99973,-1,-1,-1
724,-1,391.91,0.81,245.19,475.06,0.99859,-1,-1,-1
724,-1,303.94,103.58,108.34,286.86,0.99793,-1,-1,-1
724,-1,93.23,192.65,21.14,66.98,0.99283,-1,-1,-1
724,-1,259.39,161.13,39.79,150.53,0.98451,-1,-1,-1
724,-1,298.15,153.07,33.83,104.22,0.98206,-1,-1,-1
724,-1,139.44,200.14,12.49,47.02,0.95215,-1,-1,-1
724,-1,121.10,202.00,14.42,45.37,0.91549,-1,-1,-1
724,-1,279.97,165.71,20.91,89.12,0.47528,-1,-1,-1
724,-1,132.85,194.01,22.85,50.53,0.34900,-1,-1,-1
724,-1,125.68,217.60,7.23,28.89,0.31329,-1,-1,-1
724,-1,118.89,218.73,8.96,28.48,0.30083,-1,-1,-1
724,-1,130.00,190.53,14.12,42.66,0.23637,-1,-1,-1
724,-1,287.71,158.14,85.53,208.01,0.22779,-1,-1,-1
724,-1,281.32,129.09,27.07,51.54,0.20203,-1,-1,-1
724,-1,38.52,1.25,45.58,92.82,0.19536,-1,-1,-1
724,-1,149.12,214.70,7.12,22.16,0.17062,-1,-1,-1
724,-1,244.15,159.31,39.66,153.82,0.16641,-1,-1,-1
724,-1,114.81,195.66,16.67,51.05,0.16462,-1,-1,-1
724,-1,143.73,199.09,11.70,40.74,0.13735,-1,-1,-1
724,-1,275.48,160.17,24.61,42.66,0.13655,-1,-1,-1
724,-1,244.92,161.73,19.24,91.13,0.13592,-1,-1,-1
724,-1,125.39,194.51,13.41,42.43,0.13077,-1,-1,-1
724,-1,285.77,154.59,39.89,143.39,0.11249,-1,-1,-1
724,-1,124.62,192.56,21.33,55.40,0.10385,-1,-1,-1
724,-1,103.84,197.34,16.81,58.12,0.10184,-1,-1,-1
724,-1,280.89,165.73,18.06,29.04,0.08436,-1,-1,-1
724,-1,139.09,197.69,10.10,32.96,0.07169,-1,-1,-1
724,-1,108.85,199.34,10.01,38.59,0.07008,-1,-1,-1
724,-1,130.74,190.80,13.35,21.03,0.05989,-1,-1,-1
724,-1,165.11,54.62,100.80,235.19,0.05974,-1,-1,-1
725,-1,149.51,54.14,116.94,386.96,0.99965,-1,-1,-1
725,-1,1.29,10.81,96.18,408.62,0.99949,-1,-1,-1
725,-1,392.16,3.81,247.38,473.31,0.99916,-1,-1,-1
725,-1,311.98,100.08,101.65,289.11,0.99778,-1,-1,-1
725,-1,257.93,157.74,44.53,151.21,0.99592,-1,-1,-1
725,-1,92.26,187.47,23.32,69.37,0.99511,-1,-1,-1
725,-1,141.90,197.23,13.56,46.33,0.98771,-1,-1,-1
725,-1,296.09,154.84,37.11,121.79,0.94679,-1,-1,-1
725,-1,125.45,200.12,12.98,42.65,0.94640,-1,-1,-1
725,-1,294.30,145.51,89.15,227.14,0.30096,-1,-1,-1
725,-1,121.13,200.54,11.66,43.03,0.24067,-1,-1,-1
725,-1,280.96,153.84,36.14,142.34,0.22550,-1,-1,-1
725,-1,132.74,198.37,10.28,33.44,0.19603,-1,-1,-1
725,-1,119.07,196.10,25.46,47.41,0.18271,-1,-1,-1
725,-1,399.36,61.91,59.74,345.29,0.15226,-1,-1,-1
725,-1,280.39,158.48,20.75,35.75,0.14742,-1,-1,-1
725,-1,294.35,151.81,57.71,174.50,0.14226,-1,-1,-1
725,-1,133.28,195.97,16.67,46.92,0.12175,-1,-1,-1
725,-1,284.40,157.67,19.73,57.05,0.10371,-1,-1,-1
725,-1,239.88,154.87,33.74,149.92,0.09139,-1,-1,-1
725,-1,412.83,1.82,227.17,249.07,0.09028,-1,-1,-1
725,-1,336.21,219.44,68.57,168.57,0.08912,-1,-1,-1
725,-1,359.97,96.13,71.86,285.63,0.08493,-1,-1,-1
725,-1,112.96,193.22,16.65,50.59,0.07744,-1,-1,-1
725,-1,280.68,159.53,23.57,93.50,0.06529,-1,-1,-1
725,-1,137.14,196.19,9.98,36.91,0.06487,-1,-1,-1
725,-1,89.67,195.70,13.37,55.59,0.06456,-1,-1,-1
725,-1,387.70,106.78,32.62,74.06,0.06439,-1,-1,-1
725,-1,146.89,198.41,10.36,37.74,0.06388,-1,-1,-1
725,-1,300.76,154.94,30.39,69.55,0.06070,-1,-1,-1
725,-1,106.78,199.45,12.73,49.42,0.05556,-1,-1,-1
725,-1,0.76,26.73,35.36,339.13,0.05490,-1,-1,-1
726,-1,400.07,0.76,239.93,479.24,0.99955,-1,-1,-1
726,-1,155.74,65.47,113.05,379.11,0.99952,-1,-1,-1
726,-1,1.37,6.42,90.06,417.25,0.99899,-1,-1,-1
726,-1,312.17,102.36,102.31,286.77,0.99795,-1,-1,-1
726,-1,92.06,188.44,28.00,71.17,0.99678,-1,-1,-1
726,-1,262.69,154.83,44.08,152.46,0.99627,-1,-1,-1
726,-1,143.91,198.15,14.56,48.51,0.96488,-1,-1,-1
726,-1,302.23,153.67,36.42,101.66,0.90065,-1,-1,-1
726,-1,129.24,198.16,12.24,47.64,0.89702,-1,-1,-1
726,-1,292.66,141.55,81.26,234.50,0.63860,-1,-1,-1
726,-1,110.94,203.60,13.44,41.23,0.59128,-1,-1,-1
726,-1,129.91,195.74,26.26,50.31,0.52254,-1,-1,-1
726,-1,137.49,194.99,12.85,50.83,0.47119,-1,-1,-1
726,-1,238.89,158.87,36.50,145.62,0.23730,-1,-1,-1
726,-1,130.53,214.67,8.23,31.12,0.22156,-1,-1,-1
726,-1,119.39,201.40,27.20,44.69,0.16310,-1,-1,-1
726,-1,325.94,99.43,79.11,168.55,0.15592,-1,-1,-1
726,-1,1.32,9.23,40.38,59.54,0.15465,-1,-1,-1
726,-1,0.54,24.16,41.13,336.13,0.12545,-1,-1,-1
726,-1,156.24,221.64,6.98,13.71,0.12237,-1,-1,-1
726,-1,125.21,207.23,11.02,38.58,0.11203,-1,-1,-1
726,-1,387.96,101.05,30.86,73.04,0.10979,-1,-1,-1
726,-1,246.29,171.92,23.66,109.17,0.09817,-1,-1,-1
726,-1,290.77,159.83,36.06,142.67,0.09370,-1,-1,-1
726,-1,160.26,66.71,108.80,191.48,0.09014,-1,-1,-1
726,-1,1.06,12.64,43.50,168.51,0.08855,-1,-1,-1
726,-1,3.57,8.28,80.57,230.20,0.08367,-1,-1,-1
726,-1,134.10,197.48,11.16,31.86,0.07572,-1,-1,-1
726,-1,387.35,106.00,38.67,196.79,0.07220,-1,-1,-1
726,-1,307.91,139.85,52.82,109.31,0.05176,-1,-1,-1
726,-1,238.56,214.94,26.85,90.79,0.05018,-1,-1,-1
727,-1,157.60,61.86,112.40,381.71,0.99962,-1,-1,-1
727,-1,0.16,4.43,84.57,426.45,0.99947,-1,-1,-1
727,-1,393.47,0.00,246.53,476.87,0.99900,-1,-1,-1
727,-1,312.50,92.62,100.55,294.63,0.99797,-1,-1,-1
727,-1,265.15,153.31,43.78,149.10,0.99485,-1,-1,-1
727,-1,93.40,186.08,27.29,71.70,0.99438,-1,-1,-1
727,-1,146.74,195.56,12.46,47.38,0.97107,-1,-1,-1
727,-1,305.66,149.50,37.05,101.71,0.96816,-1,-1,-1
727,-1,129.32,196.48,13.96,45.14,0.95628,-1,-1,-1
727,-1,135.27,195.76,12.31,45.77,0.73533,-1,-1,-1
727,-1,111.13,196.81,14.38,45.46,0.58230,-1,-1,-1
727,-1,140.08,194.86,12.06,47.80,0.51532,-1,-1,-1
727,-1,293.68,149.67,42.70,145.38,0.47728,-1,-1,-1
727,-1,290.90,130.21,79.02,244.11,0.37746,-1,-1,-1
727,-1,326.49,95.21,81.89,178.22,0.35406,-1,-1,-1
727,-1,114.82,193.56,17.58,49.28,0.26616,-1,-1,-1
727,-1,234.01,140.41,40.68,163.13,0.24559,-1,-1,-1
727,-1,124.00,196.77,13.86,44.79,0.23601,-1,-1,-1
727,-1,389.33,106.82,24.03,59.35,0.16835,-1,-1,-1
727,-1,394.91,110.20,39.91,212.96,0.11667,-1,-1,-1
727,-1,394.81,71.76,58.90,306.24,0.11000,-1,-1,-1
727,-1,366.43,100.70,62.69,274.50,0.10374,-1,-1,-1
727,-1,0.30,3.66,76.39,186.54,0.10111,-1,-1,-1
727,-1,136.69,197.04,9.93,28.17,0.10053,-1,-1,-1
727,-1,132.60,196.94,10.16,29.48,0.09165,-1,-1,-1
727,-1,336.40,93.53,67.19,101.06,0.08178,-1,-1,-1
727,-1,247.71,165.25,23.76,109.74,0.07599,-1,-1,-1
727,-1,163.83,206.68,11.21,26.33,0.06985,-1,-1,-1
727,-1,153.36,197.15,8.31,37.58,0.06822,-1,-1,-1
727,-1,124.20,195.34,32.52,46.44,0.06629,-1,-1,-1
727,-1,148.24,196.81,20.29,38.66,0.06262,-1,-1,-1
727,-1,88.54,193.31,21.01,62.12,0.05011,-1,-1,-1
728,-1,155.61,58.79,109.37,386.71,0.99953,-1,-1,-1
728,-1,400.11,0.88,236.25,479.12,0.99949,-1,-1,-1
728,-1,314.98,91.95,98.19,289.82,0.99825,-1,-1,-1
728,-1,88.68,186.05,24.79,72.56,0.99579,-1,-1,-1
728,-1,264.55,151.51,43.54,153.72,0.99299,-1,-1,-1
728,-1,142.52,194.29,14.22,49.24,0.98844,-1,-1,-1
728,-1,0.00,23.35,66.11,398.28,0.98441,-1,-1,-1
728,-1,123.90,196.23,16.48,47.57,0.95707,-1,-1,-1
728,-1,109.56,194.32,14.59,49.22,0.92160,-1,-1,-1
728,-1,304.48,148.37,33.89,90.16,0.91773,-1,-1,-1
728,-1,132.27,195.16,13.41,47.75,0.68923,-1,-1,-1
728,-1,112.50,195.10,21.01,45.85,0.63953,-1,-1,-1
728,-1,277.40,148.35,49.98,160.65,0.43657,-1,-1,-1
728,-1,286.42,137.92,80.00,230.23,0.35413,-1,-1,-1
728,-1,118.30,195.46,11.18,39.77,0.34504,-1,-1,-1
728,-1,101.16,189.37,20.65,65.72,0.24154,-1,-1,-1
728,-1,43.18,198.80,21.90,83.53,0.21935,-1,-1,-1
728,-1,242.96,164.72,25.67,98.72,0.12748,-1,-1,-1
728,-1,110.04,190.78,11.46,16.84,0.12656,-1,-1,-1
728,-1,326.92,95.45,76.19,136.44,0.11442,-1,-1,-1
728,-1,127.11,198.24,10.48,35.40,0.11057,-1,-1,-1
728,-1,234.97,135.09,35.64,163.44,0.10759,-1,-1,-1
728,-1,135.41,197.24,7.56,28.02,0.08952,-1,-1,-1
728,-1,157.45,195.57,16.09,41.99,0.06911,-1,-1,-1
728,-1,606.06,24.80,31.19,254.35,0.05918,-1,-1,-1
728,-1,297.84,153.86,50.74,155.96,0.05427,-1,-1,-1
728,-1,109.11,195.16,12.91,25.93,0.05399,-1,-1,-1
729,-1,156.75,55.07,108.78,370.60,0.99954,-1,-1,-1
729,-1,393.73,2.85,242.93,477.15,0.99899,-1,-1,-1
729,-1,312.16,93.45,99.39,291.19,0.99872,-1,-1,-1
729,-1,83.81,186.22,24.76,71.44,0.99595,-1,-1,-1
729,-1,263.84,152.48,43.11,150.65,0.99391,-1,-1,-1
729,-1,140.86,194.77,14.04,48.38,0.99121,-1,-1,-1
729,-1,121.30,195.17,16.82,47.09,0.97698,-1,-1,-1
729,-1,304.85,149.45,27.01,80.35,0.95672,-1,-1,-1
729,-1,107.31,193.78,19.36,48.56,0.83929,-1,-1,-1
729,-1,0.04,35.66,40.79,380.88,0.79641,-1,-1,-1
729,-1,115.02,197.30,16.76,44.17,0.55822,-1,-1,-1
729,-1,131.04,195.82,12.44,45.71,0.49922,-1,-1,-1
729,-1,271.31,148.33,58.79,168.68,0.33516,-1,-1,-1
729,-1,143.67,197.00,20.75,46.15,0.27728,-1,-1,-1
729,-1,138.73,194.91,10.34,45.40,0.25601,-1,-1,-1
729,-1,242.15,162.85,24.77,99.28,0.24300,-1,-1,-1
729,-1,110.67,196.14,10.32,41.88,0.21232,-1,-1,-1
729,-1,284.99,147.14,95.75,229.70,0.14297,-1,-1,-1
729,-1,285.37,166.00,64.15,161.59,0.13502,-1,-1,-1
729,-1,132.79,196.18,8.10,32.93,0.10526,-1,-1,-1
729,-1,166.56,199.85,6.53,22.66,0.09312,-1,-1,-1
729,-1,93.59,188.32,24.83,61.77,0.08893,-1,-1,-1
729,-1,228.81,143.53,39.66,179.73,0.08752,-1,-1,-1
729,-1,100.85,196.41,39.03,46.30,0.08428,-1,-1,-1
729,-1,299.99,149.94,38.71,111.66,0.07331,-1,-1,-1
729,-1,115.02,194.94,9.58,38.48,0.06508,-1,-1,-1
729,-1,164.50,190.33,7.59,25.01,0.06498,-1,-1,-1
729,-1,4.67,0.00,62.23,450.12,0.06188,-1,-1,-1
730,-1,157.71,64.80,110.52,357.75,0.99966,-1,-1,-1
730,-1,371.58,8.55,262.22,467.25,0.99836,-1,-1,-1
730,-1,80.97,190.31,28.29,75.46,0.99772,-1,-1,-1
730,-1,307.71,106.73,106.72,291.29,0.99623,-1,-1,-1
730,-1,264.56,161.07,46.14,151.79,0.99209,-1,-1,-1
730,-1,122.86,200.63,14.11,48.49,0.97251,-1,-1,-1
730,-1,107.83,198.32,19.31,51.06,0.96747,-1,-1,-1
730,-1,305.13,156.69,29.84,71.18,0.92955,-1,-1,-1
730,-1,140.05,201.90,13.42,44.85,0.90727,-1,-1,-1
730,-1,276.29,159.72,57.73,166.75,0.40928,-1,-1,-1
730,-1,131.32,200.51,11.58,47.84,0.28333,-1,-1,-1
730,-1,0.12,332.33,18.02,122.11,0.24548,-1,-1,-1
730,-1,322.30,103.15,85.75,138.68,0.21373,-1,-1,-1
730,-1,610.71,165.08,29.29,147.39,0.20855,-1,-1,-1
730,-1,143.30,216.58,17.27,33.52,0.19656,-1,-1,-1
730,-1,144.38,201.37,9.14,28.52,0.19195,-1,-1,-1
730,-1,138.55,201.11,8.32,30.89,0.15231,-1,-1,-1
730,-1,136.44,200.41,9.48,48.48,0.14757,-1,-1,-1
730,-1,128.00,200.15,9.76,32.53,0.12524,-1,-1,-1
730,-1,134.41,200.94,9.19,29.31,0.09396,-1,-1,-1
730,-1,128.09,198.39,9.70,10.88,0.09047,-1,-1,-1
730,-1,131.63,200.05,8.03,27.35,0.08615,-1,-1,-1
730,-1,311.09,161.39,32.39,83.68,0.08581,-1,-1,-1
730,-1,316.03,157.42,17.38,20.67,0.08403,-1,-1,-1
730,-1,161.24,193.53,8.51,28.79,0.08393,-1,-1,-1
730,-1,294.29,153.19,39.91,123.93,0.07526,-1,-1,-1
730,-1,144.17,203.01,24.11,46.57,0.07510,-1,-1,-1
730,-1,565.65,1.35,70.31,430.07,0.07356,-1,-1,-1
730,-1,306.70,156.90,26.85,28.50,0.07028,-1,-1,-1
730,-1,140.78,201.60,8.92,26.68,0.06992,-1,-1,-1
730,-1,113.99,194.01,8.42,13.10,0.06709,-1,-1,-1
730,-1,242.24,171.57,23.18,82.19,0.06476,-1,-1,-1
730,-1,127.85,198.61,20.23,40.03,0.05782,-1,-1,-1
730,-1,114.61,208.28,16.00,39.90,0.05392,-1,-1,-1
731,-1,159.36,67.45,113.82,364.64,0.99957,-1,-1,-1
731,-1,77.41,193.56,29.41,76.52,0.99837,-1,-1,-1
731,-1,346.17,5.60,287.91,470.48,0.99712,-1,-1,-1
731,-1,307.08,123.03,111.90,283.57,0.99307,-1,-1,-1
731,-1,267.17,165.89,41.91,145.63,0.99247,-1,-1,-1
731,-1,122.25,205.21,16.07,47.92,0.97690,-1,-1,-1
731,-1,311.78,162.38,32.33,70.74,0.89666,-1,-1,-1
731,-1,145.11,196.86,33.36,103.63,0.68143,-1,-1,-1
731,-1,111.58,204.52,14.28,46.43,0.63914,-1,-1,-1
731,-1,140.04,202.14,10.66,34.65,0.45938,-1,-1,-1
731,-1,112.53,227.22,14.44,25.98,0.37068,-1,-1,-1
731,-1,140.87,206.42,23.05,49.80,0.33330,-1,-1,-1
731,-1,313.34,58.12,169.61,399.30,0.32748,-1,-1,-1
731,-1,134.00,202.78,10.89,33.82,0.25729,-1,-1,-1
731,-1,156.99,190.94,13.86,41.46,0.25211,-1,-1,-1
731,-1,280.35,163.06,64.07,205.98,0.21736,-1,-1,-1
731,-1,128.80,205.16,14.61,46.77,0.18125,-1,-1,-1
731,-1,156.40,180.93,19.14,112.95,0.18068,-1,-1,-1
731,-1,273.90,179.29,50.25,159.88,0.17490,-1,-1,-1
731,-1,137.04,203.02,19.06,39.82,0.15068,-1,-1,-1
731,-1,153.77,179.66,18.58,64.22,0.12169,-1,-1,-1
731,-1,317.48,112.71,90.34,162.34,0.10848,-1,-1,-1
731,-1,115.08,207.08,18.47,44.96,0.10199,-1,-1,-1
731,-1,302.22,158.63,49.00,168.14,0.09326,-1,-1,-1
731,-1,244.70,183.68,25.41,75.41,0.08998,-1,-1,-1
731,-1,140.49,201.48,9.19,14.06,0.07010,-1,-1,-1
731,-1,145.80,202.93,9.07,30.26,0.06762,-1,-1,-1
731,-1,146.91,192.58,24.07,64.71,0.06691,-1,-1,-1
731,-1,238.35,141.01,33.60,163.28,0.06656,-1,-1,-1
731,-1,151.79,206.66,8.37,24.52,0.05999,-1,-1,-1
731,-1,156.04,204.60,11.59,28.38,0.05728,-1,-1,-1
731,-1,489.58,0.00,146.77,460.57,0.05126,-1,-1,-1
732,-1,154.34,72.26,113.27,361.84,0.99938,-1,-1,-1
732,-1,76.67,193.18,27.59,78.20,0.99869,-1,-1,-1
732,-1,308.24,110.74,109.24,301.47,0.99765,-1,-1,-1
732,-1,369.35,8.85,265.52,458.31,0.99726,-1,-1,-1
732,-1,267.66,167.46,42.15,146.41,0.99239,-1,-1,-1
732,-1,116.31,205.30,20.12,50.65,0.97727,-1,-1,-1
732,-1,141.88,199.32,32.57,102.24,0.88378,-1,-1,-1
732,-1,311.19,163.35,33.58,80.55,0.87173,-1,-1,-1
732,-1,238.99,161.83,31.69,143.01,0.55624,-1,-1,-1
732,-1,139.99,205.75,11.90,32.97,0.45101,-1,-1,-1
732,-1,275.81,163.70,59.23,182.71,0.39614,-1,-1,-1
732,-1,111.97,214.74,16.77,39.86,0.29699,-1,-1,-1
732,-1,305.77,170.67,24.24,82.82,0.19631,-1,-1,-1
732,-1,333.99,28.98,174.94,430.27,0.16424,-1,-1,-1
732,-1,150.50,138.47,32.96,170.07,0.13179,-1,-1,-1
732,-1,317.46,112.39,91.68,170.01,0.12727,-1,-1,-1
732,-1,323.28,163.73,18.30,21.31,0.12051,-1,-1,-1
732,-1,145.11,203.43,9.17,32.42,0.12014,-1,-1,-1
732,-1,133.07,205.68,7.76,29.55,0.11054,-1,-1,-1
732,-1,250.47,170.35,20.20,98.22,0.09042,-1,-1,-1
732,-1,305.35,165.85,41.38,130.25,0.08257,-1,-1,-1
732,-1,137.74,204.89,19.98,54.98,0.07874,-1,-1,-1
732,-1,156.48,219.22,16.68,75.21,0.06774,-1,-1,-1
732,-1,315.81,163.87,27.86,42.01,0.06769,-1,-1,-1
732,-1,258.61,175.61,10.63,41.25,0.06457,-1,-1,-1
732,-1,239.38,199.11,20.61,102.31,0.06064,-1,-1,-1
732,-1,124.64,203.47,13.05,44.26,0.05862,-1,-1,-1
732,-1,606.72,21.42,30.79,271.11,0.05365,-1,-1,-1
733,-1,142.97,82.34,119.03,370.51,0.99937,-1,-1,-1
733,-1,63.76,194.29,34.43,81.37,0.99872,-1,-1,-1
733,-1,391.92,5.19,246.84,473.82,0.99658,-1,-1,-1
733,-1,307.13,110.24,112.58,301.45,0.99597,-1,-1,-1
733,-1,266.51,166.09,40.64,134.33,0.98881,-1,-1,-1
733,-1,113.53,204.34,21.40,54.17,0.97262,-1,-1,-1
733,-1,314.97,163.69,30.05,67.52,0.94611,-1,-1,-1
733,-1,142.07,194.66,27.03,120.05,0.90333,-1,-1,-1
733,-1,249.11,167.71,19.79,58.27,0.85843,-1,-1,-1
733,-1,238.72,163.80,35.56,137.40,0.67836,-1,-1,-1
733,-1,133.33,203.46,19.40,69.42,0.61662,-1,-1,-1
733,-1,135.59,203.19,13.10,44.62,0.49099,-1,-1,-1
733,-1,143.40,135.06,35.39,186.58,0.41591,-1,-1,-1
733,-1,242.28,165.91,25.03,85.07,0.22262,-1,-1,-1
733,-1,110.27,213.92,18.19,42.47,0.20046,-1,-1,-1
733,-1,269.37,164.65,69.86,179.20,0.19320,-1,-1,-1
733,-1,125.92,203.72,13.08,41.83,0.17856,-1,-1,-1
733,-1,132.64,205.41,9.27,36.46,0.15679,-1,-1,-1
733,-1,247.40,168.13,42.57,149.45,0.13724,-1,-1,-1
733,-1,314.26,172.69,18.54,57.57,0.08943,-1,-1,-1
733,-1,255.64,167.59,14.07,28.42,0.08713,-1,-1,-1
733,-1,303.20,198.30,12.86,56.39,0.08302,-1,-1,-1
733,-1,377.60,43.12,82.15,404.16,0.08119,-1,-1,-1
733,-1,316.30,114.01,92.10,166.53,0.07830,-1,-1,-1
733,-1,256.02,178.91,25.00,103.17,0.07783,-1,-1,-1
733,-1,257.32,178.44,12.47,40.29,0.06866,-1,-1,-1
733,-1,235.45,204.22,25.74,99.08,0.05817,-1,-1,-1
733,-1,224.24,152.61,38.31,165.29,0.05787,-1,-1,-1
733,-1,594.20,39.34,41.12,245.95,0.05698,-1,-1,-1
733,-1,276.14,173.97,106.73,245.36,0.05261,-1,-1,-1
733,-1,307.89,162.58,37.41,110.62,0.05034,-1,-1,-1
734,-1,135.73,90.22,129.02,370.40,0.99937,-1,-1,-1
734,-1,62.34,199.80,33.43,80.21,0.99863,-1,-1,-1
734,-1,396.52,0.54,242.15,476.75,0.99765,-1,-1,-1
734,-1,315.78,120.02,105.32,291.43,0.99687,-1,-1,-1
734,-1,266.39,170.99,40.53,129.23,0.98671,-1,-1,-1
734,-1,111.81,210.23,22.68,51.62,0.98260,-1,-1,-1
734,-1,235.45,172.25,37.33,132.15,0.90967,-1,-1,-1
734,-1,315.01,168.52,26.98,76.89,0.87211,-1,-1,-1
734,-1,137.31,189.43,32.43,134.85,0.85575,-1,-1,-1
734,-1,303.36,206.81,15.12,49.73,0.65271,-1,-1,-1
734,-1,243.72,170.87,25.29,70.71,0.58181,-1,-1,-1
734,-1,60.90,223.24,12.35,49.62,0.31108,-1,-1,-1
734,-1,120.34,211.49,21.06,58.92,0.27091,-1,-1,-1
734,-1,288.36,170.92,55.06,176.53,0.22303,-1,-1,-1
734,-1,130.72,204.40,15.78,82.76,0.16394,-1,-1,-1
734,-1,231.40,224.10,28.17,85.08,0.15232,-1,-1,-1
734,-1,52.00,220.94,12.73,24.27,0.14344,-1,-1,-1
734,-1,326.81,41.59,233.48,420.92,0.13666,-1,-1,-1
734,-1,277.23,171.78,50.51,140.59,0.13261,-1,-1,-1
734,-1,325.51,117.36,86.97,158.03,0.12944,-1,-1,-1
734,-1,243.22,169.34,25.13,35.32,0.10717,-1,-1,-1
734,-1,315.61,179.60,16.10,55.55,0.10352,-1,-1,-1
734,-1,292.28,199.11,26.94,92.38,0.08073,-1,-1,-1
734,-1,121.72,214.08,14.52,38.08,0.07234,-1,-1,-1
734,-1,244.02,171.93,48.14,117.16,0.07148,-1,-1,-1
734,-1,325.82,167.47,14.74,21.19,0.06517,-1,-1,-1
734,-1,132.75,216.61,11.42,43.17,0.05881,-1,-1,-1
734,-1,131.07,218.19,8.93,29.41,0.05318,-1,-1,-1
734,-1,290.20,157.58,90.36,256.52,0.05227,-1,-1,-1
735,-1,128.41,86.39,144.98,367.10,0.99785,-1,-1,-1
735,-1,59.87,197.44,30.74,78.97,0.99726,-1,-1,-1
735,-1,397.12,3.48,242.88,474.34,0.99717,-1,-1,-1
735,-1,305.56,110.87,115.33,287.96,0.99423,-1,-1,-1
735,-1,265.16,167.60,41.01,142.01,0.99295,-1,-1,-1
735,-1,125.96,163.74,44.44,156.88,0.87157,-1,-1,-1
735,-1,303.19,201.62,15.23,53.21,0.82698,-1,-1,-1
735,-1,235.77,164.44,36.58,131.46,0.80872,-1,-1,-1
735,-1,242.37,162.66,26.60,64.51,0.75183,-1,-1,-1
735,-1,111.71,201.90,17.16,55.82,0.71469,-1,-1,-1
735,-1,133.90,225.63,31.96,90.99,0.51828,-1,-1,-1
735,-1,316.93,161.30,26.67,68.47,0.27311,-1,-1,-1
735,-1,321.54,30.33,229.52,426.34,0.25370,-1,-1,-1
735,-1,55.20,203.63,19.50,70.73,0.16128,-1,-1,-1
735,-1,120.89,200.76,20.53,90.76,0.13971,-1,-1,-1
735,-1,240.04,159.38,59.79,149.99,0.11158,-1,-1,-1
735,-1,117.26,200.66,9.12,14.90,0.08946,-1,-1,-1
735,-1,281.44,77.79,185.36,368.74,0.08040,-1,-1,-1
735,-1,84.10,219.11,10.93,24.98,0.07482,-1,-1,-1
735,-1,325.51,162.31,14.68,22.31,0.07141,-1,-1,-1
735,-1,277.04,172.39,54.05,155.31,0.06082,-1,-1,-1
735,-1,95.17,197.65,14.53,13.19,0.05846,-1,-1,-1
735,-1,297.80,195.65,23.98,88.23,0.05575,-1,-1,-1
735,-1,120.08,94.99,104.94,262.25,0.05531,-1,-1,-1
735,-1,56.15,214.63,10.43,56.55,0.05497,-1,-1,-1
736,-1,306.72,102.47,108.54,293.45,0.99860,-1,-1,-1
736,-1,52.55,191.18,31.93,83.31,0.99860,-1,-1,-1
736,-1,134.06,77.29,130.65,369.49,0.99837,-1,-1,-1
736,-1,388.73,2.71,250.34,472.36,0.99802,-1,-1,-1
736,-1,117.57,143.15,50.82,177.34,0.99587,-1,-1,-1
736,-1,264.64,166.47,40.33,143.61,0.98881,-1,-1,-1
736,-1,240.03,159.97,30.60,107.89,0.95855,-1,-1,-1
736,-1,302.65,199.78,17.61,50.53,0.63429,-1,-1,-1
736,-1,229.89,163.09,43.91,148.03,0.38999,-1,-1,-1
736,-1,118.20,117.64,78.66,256.74,0.12181,-1,-1,-1
736,-1,293.07,176.82,72.19,207.45,0.11141,-1,-1,-1
736,-1,110.60,190.48,22.60,96.43,0.09473,-1,-1,-1
736,-1,110.39,151.85,30.54,143.37,0.08806,-1,-1,-1
736,-1,246.10,157.82,47.30,166.30,0.08129,-1,-1,-1
736,-1,332.62,35.04,138.69,405.69,0.06892,-1,-1,-1
736,-1,296.80,191.83,24.22,76.87,0.06582,-1,-1,-1
736,-1,130.53,216.68,35.16,99.93,0.06412,-1,-1,-1
736,-1,263.50,176.68,23.58,129.90,0.06290,-1,-1,-1
736,-1,228.70,181.31,27.91,117.51,0.06131,-1,-1,-1
736,-1,325.05,161.49,12.28,20.32,0.06120,-1,-1,-1
737,-1,301.73,104.98,113.32,292.81,0.99913,-1,-1,-1
737,-1,144.42,72.69,114.41,353.77,0.99897,-1,-1,-1
737,-1,107.53,136.89,55.84,186.92,0.99856,-1,-1,-1
737,-1,393.44,4.40,246.56,474.06,0.99848,-1,-1,-1
737,-1,46.32,189.00,30.69,83.18,0.99812,-1,-1,-1
737,-1,258.24,165.91,46.81,144.47,0.99436,-1,-1,-1
737,-1,237.17,158.85,32.40,99.36,0.95913,-1,-1,-1
737,-1,302.35,201.62,16.49,45.06,0.71182,-1,-1,-1
737,-1,261.74,172.68,14.36,17.26,0.26304,-1,-1,-1
737,-1,228.31,161.13,40.27,155.00,0.23728,-1,-1,-1
737,-1,324.21,161.99,11.84,22.16,0.13315,-1,-1,-1
737,-1,103.32,139.93,30.20,149.01,0.13065,-1,-1,-1
737,-1,290.64,168.39,72.63,204.53,0.06606,-1,-1,-1
738,-1,145.53,75.82,106.66,352.00,0.99910,-1,-1,-1
738,-1,101.59,134.35,59.56,195.23,0.99895,-1,-1,-1
738,-1,296.08,109.34,115.83,292.07,0.99866,-1,-1,-1
738,-1,392.43,2.86,246.37,473.71,0.99821,-1,-1,-1
738,-1,42.60,186.26,31.13,86.19,0.99815,-1,-1,-1
738,-1,256.61,164.48,48.45,145.18,0.99358,-1,-1,-1
738,-1,236.98,158.75,32.04,98.49,0.95983,-1,-1,-1
738,-1,302.09,198.93,15.77,46.64,0.61443,-1,-1,-1
738,-1,321.19,161.71,13.62,25.05,0.28357,-1,-1,-1
738,-1,288.80,174.71,75.50,197.20,0.27170,-1,-1,-1
738,-1,227.93,158.08,39.33,163.37,0.23078,-1,-1,-1
738,-1,316.83,160.16,21.90,59.75,0.09699,-1,-1,-1
738,-1,238.40,154.74,30.54,54.33,0.05611,-1,-1,-1
739,-1,141.72,81.28,108.31,336.24,0.99946,-1,-1,-1
739,-1,92.35,133.37,63.31,196.47,0.99945,-1,-1,-1
739,-1,390.46,0.00,240.67,476.86,0.99887,-1,-1,-1
739,-1,36.67,184.68,29.98,86.72,0.99853,-1,-1,-1
739,-1,293.30,112.14,114.46,285.58,0.99692,-1,-1,-1
739,-1,253.38,163.70,53.53,143.85,0.99513,-1,-1,-1
739,-1,235.74,156.86,31.16,89.59,0.96599,-1,-1,-1
739,-1,302.04,200.24,15.73,45.79,0.49114,-1,-1,-1
739,-1,321.70,161.39,14.09,23.38,0.23466,-1,-1,-1
739,-1,183.09,127.00,81.46,268.47,0.16527,-1,-1,-1
739,-1,225.47,150.74,42.15,182.55,0.12080,-1,-1,-1
740,-1,85.03,129.86,67.32,210.93,0.99971,-1,-1,-1
740,-1,142.43,87.45,102.86,340.41,0.99966,-1,-1,-1
740,-1,392.70,1.89,242.27,475.28,0.99900,-1,-1,-1
740,-1,301.54,108.74,105.69,296.39,0.99885,-1,-1,-1
740,-1,30.81,183.59,34.19,89.56,0.99773,-1,-1,-1
740,-1,251.49,161.29,58.74,145.19,0.99458,-1,-1,-1
740,-1,236.75,160.40,31.95,127.12,0.97647,-1,-1,-1
740,-1,1.03,195.35,18.50,82.02,0.29602,-1,-1,-1
740,-1,323.30,161.12,14.61,19.59,0.23910,-1,-1,-1
740,-1,304.33,199.06,16.44,47.77,0.22363,-1,-1,-1
740,-1,95.67,197.54,49.55,140.53,0.15267,-1,-1,-1
740,-1,5.82,211.74,13.48,51.89,0.13272,-1,-1,-1
740,-1,389.91,43.89,93.81,377.24,0.10116,-1,-1,-1
740,-1,12.26,200.50,22.02,59.85,0.09461,-1,-1,-1
740,-1,283.71,153.92,84.06,227.54,0.06824,-1,-1,-1
740,-1,316.66,163.72,22.91,60.61,0.06636,-1,-1,-1
740,-1,6.46,197.43,19.34,71.39,0.06459,-1,-1,-1
740,-1,346.67,90.36,90.82,314.28,0.06448,-1,-1,-1
741,-1,142.71,82.38,100.93,345.71,0.99959,-1,-1,-1
741,-1,73.24,121.93,79.93,220.03,0.99905,-1,-1,-1
741,-1,386.31,4.08,248.72,459.68,0.99905,-1,-1,-1
741,-1,297.78,104.68,108.04,293.89,0.99854,-1,-1,-1
741,-1,28.16,180.42,30.82,89.23,0.99819,-1,-1,-1
741,-1,251.85,159.76,56.24,143.97,0.99600,-1,-1,-1
741,-1,235.17,152.07,32.58,134.82,0.98252,-1,-1,-1
741,-1,0.10,193.09,17.49,73.25,0.90565,-1,-1,-1
741,-1,303.34,194.22,16.93,50.31,0.32299,-1,-1,-1
741,-1,418.95,2.09,220.52,259.21,0.20881,-1,-1,-1
741,-1,370.82,93.84,67.62,302.56,0.14479,-1,-1,-1
741,-1,399.69,95.33,55.55,182.02,0.13823,-1,-1,-1
741,-1,386.79,34.63,71.41,370.83,0.11817,-1,-1,-1
741,-1,236.96,161.63,29.48,72.40,0.09767,-1,-1,-1
741,-1,4.08,195.66,16.05,52.17,0.09109,-1,-1,-1
741,-1,244.53,190.04,26.13,102.29,0.07994,-1,-1,-1
741,-1,6.37,196.81,24.76,61.81,0.07491,-1,-1,-1
741,-1,274.62,128.48,99.78,220.45,0.07311,-1,-1,-1
741,-1,305.44,197.35,14.74,28.62,0.05809,-1,-1,-1
741,-1,211.40,140.45,38.17,181.88,0.05514,-1,-1,-1
741,-1,0.00,203.92,8.49,64.32,0.05208,-1,-1,-1
742,-1,141.91,87.77,100.35,339.14,0.99967,-1,-1,-1
742,-1,64.13,115.19,83.49,227.43,0.99947,-1,-1,-1
742,-1,381.89,2.22,248.30,477.78,0.99911,-1,-1,-1
742,-1,21.04,179.99,32.97,89.61,0.99759,-1,-1,-1
742,-1,302.60,100.98,102.51,284.10,0.99749,-1,-1,-1
742,-1,260.84,162.88,48.11,141.13,0.99543,-1,-1,-1
742,-1,236.91,154.38,31.35,130.25,0.98838,-1,-1,-1
742,-1,0.09,180.41,18.00,76.79,0.81050,-1,-1,-1
742,-1,247.61,159.32,38.59,136.12,0.42969,-1,-1,-1
742,-1,254.71,173.48,19.66,111.53,0.18630,-1,-1,-1
742,-1,6.84,185.55,16.96,56.05,0.11360,-1,-1,-1
742,-1,353.84,98.32,80.52,318.20,0.10898,-1,-1,-1
742,-1,265.09,164.45,66.12,187.15,0.08492,-1,-1,-1
742,-1,236.35,152.36,18.51,19.78,0.07663,-1,-1,-1
742,-1,44.99,201.25,12.66,34.56,0.07277,-1,-1,-1
742,-1,392.87,33.36,78.32,378.66,0.07190,-1,-1,-1
742,-1,212.21,138.31,36.75,188.46,0.06940,-1,-1,-1
742,-1,281.94,170.06,79.55,209.64,0.05444,-1,-1,-1
743,-1,393.32,1.44,241.65,476.64,0.99969,-1,-1,-1
743,-1,144.80,85.98,99.39,326.61,0.99960,-1,-1,-1
743,-1,47.68,103.93,97.44,239.13,0.99949,-1,-1,-1
743,-1,299.54,101.46,104.35,289.40,0.99799,-1,-1,-1
743,-1,13.05,173.51,32.99,96.92,0.99456,-1,-1,-1
743,-1,261.72,163.72,48.09,138.82,0.99304,-1,-1,-1
743,-1,237.50,152.36,32.47,131.33,0.98250,-1,-1,-1
743,-1,0.00,178.26,15.95,74.35,0.90504,-1,-1,-1
743,-1,136.03,160.32,25.50,136.95,0.78499,-1,-1,-1
743,-1,250.85,160.32,38.08,135.26,0.41282,-1,-1,-1
743,-1,236.15,150.13,18.94,20.48,0.23284,-1,-1,-1
743,-1,392.10,112.56,57.88,200.90,0.21603,-1,-1,-1
743,-1,388.60,14.87,104.98,450.08,0.17598,-1,-1,-1
743,-1,0.34,175.64,12.13,18.40,0.16931,-1,-1,-1
743,-1,221.51,152.48,39.08,171.97,0.12146,-1,-1,-1
743,-1,3.25,179.01,13.85,30.44,0.10998,-1,-1,-1
743,-1,6.03,180.09,14.06,53.15,0.09784,-1,-1,-1
743,-1,380.68,69.74,62.83,336.21,0.08995,-1,-1,-1
743,-1,248.03,178.17,25.81,102.97,0.08774,-1,-1,-1
743,-1,28.85,176.93,39.55,113.03,0.07659,-1,-1,-1
744,-1,136.52,82.36,110.41,317.62,0.99965,-1,-1,-1
744,-1,40.00,95.84,97.54,254.28,0.99958,-1,-1,-1
744,-1,375.39,2.29,252.33,476.51,0.99944,-1,-1,-1
744,-1,299.49,99.74,99.51,294.12,0.99901,-1,-1,-1
744,-1,8.72,172.32,36.33,100.97,0.99039,-1,-1,-1
744,-1,263.19,161.77,48.34,142.32,0.98995,-1,-1,-1
744,-1,240.50,152.18,30.35,138.17,0.98870,-1,-1,-1
744,-1,127.23,137.66,41.09,166.59,0.92092,-1,-1,-1
744,-1,0.10,175.42,15.72,61.36,0.74894,-1,-1,-1
744,-1,17.46,173.85,39.43,125.59,0.51839,-1,-1,-1
744,-1,248.13,153.91,39.75,143.20,0.39644,-1,-1,-1
744,-1,0.55,175.48,14.34,19.11,0.27847,-1,-1,-1
744,-1,272.78,161.12,57.80,175.28,0.21668,-1,-1,-1
744,-1,238.58,149.47,19.44,21.37,0.17203,-1,-1,-1
744,-1,225.69,150.94,34.22,168.02,0.15625,-1,-1,-1
744,-1,252.90,175.80,26.53,105.01,0.14458,-1,-1,-1
744,-1,381.54,28.62,63.69,331.25,0.12112,-1,-1,-1
744,-1,383.20,109.78,52.89,197.43,0.10153,-1,-1,-1
744,-1,278.23,131.62,78.84,252.86,0.08064,-1,-1,-1
744,-1,123.10,95.70,73.31,228.59,0.07314,-1,-1,-1
744,-1,10.61,173.79,11.37,35.33,0.07082,-1,-1,-1
744,-1,8.30,161.62,70.14,180.12,0.07023,-1,-1,-1
744,-1,0.00,170.98,9.49,20.84,0.06982,-1,-1,-1
744,-1,253.57,146.55,24.72,65.64,0.06665,-1,-1,-1
744,-1,0.19,222.58,14.85,32.13,0.06190,-1,-1,-1
744,-1,302.17,99.42,86.24,149.58,0.05933,-1,-1,-1
744,-1,314.10,18.35,135.85,405.88,0.05639,-1,-1,-1
744,-1,217.10,125.58,31.68,202.27,0.05389,-1,-1,-1
744,-1,3.84,179.52,15.55,22.44,0.05216,-1,-1,-1
745,-1,24.31,93.06,101.33,261.24,0.99953,-1,-1,-1
745,-1,365.23,3.35,257.70,463.90,0.99944,-1,-1,-1
745,-1,151.11,79.09,99.24,323.27,0.99938,-1,-1,-1
745,-1,300.14,103.31,102.47,290.39,0.99845,-1,-1,-1
745,-1,120.83,131.37,50.00,177.88,0.99223,-1,-1,-1
745,-1,266.08,160.64,46.43,136.76,0.99081,-1,-1,-1
745,-1,242.42,151.40,32.29,136.11,0.97998,-1,-1,-1
745,-1,6.26,169.17,35.76,154.91,0.96319,-1,-1,-1
745,-1,9.20,139.63,69.66,212.48,0.40627,-1,-1,-1
745,-1,41.15,91.21,83.72,150.13,0.31760,-1,-1,-1
745,-1,0.50,176.17,14.70,55.07,0.25981,-1,-1,-1
745,-1,128.32,86.83,82.04,260.16,0.21752,-1,-1,-1
745,-1,6.68,172.03,32.44,82.50,0.21391,-1,-1,-1
745,-1,346.32,99.11,37.24,53.74,0.20896,-1,-1,-1
745,-1,228.80,147.91,40.59,164.35,0.15724,-1,-1,-1
745,-1,329.11,99.24,54.95,73.50,0.12504,-1,-1,-1
745,-1,247.82,156.47,51.47,135.43,0.11733,-1,-1,-1
745,-1,316.64,22.81,148.22,406.06,0.10072,-1,-1,-1
745,-1,309.40,103.30,80.49,163.50,0.09554,-1,-1,-1
745,-1,4.26,175.46,14.25,34.32,0.09492,-1,-1,-1
745,-1,2.04,170.04,22.87,59.56,0.08703,-1,-1,-1
745,-1,263.43,168.83,24.14,120.71,0.06967,-1,-1,-1
745,-1,96.53,105.54,37.82,126.31,0.06651,-1,-1,-1
745,-1,273.57,160.01,58.88,184.71,0.05953,-1,-1,-1
745,-1,22.28,240.56,81.70,114.69,0.05806,-1,-1,-1
745,-1,368.53,11.69,75.92,343.68,0.05361,-1,-1,-1
745,-1,126.38,121.38,49.41,116.79,0.05351,-1,-1,-1
746,-1,4.56,90.79,118.56,285.86,0.99950,-1,-1,-1
746,-1,161.41,82.97,91.70,325.00,0.99948,-1,-1,-1
746,-1,367.82,7.14,265.52,471.71,0.99871,-1,-1,-1
746,-1,114.17,128.98,62.65,186.34,0.99809,-1,-1,-1
746,-1,302.57,107.89,106.14,298.03,0.99589,-1,-1,-1
746,-1,267.86,159.37,48.78,138.22,0.98205,-1,-1,-1
746,-1,249.03,154.47,31.02,131.98,0.95757,-1,-1,-1
746,-1,0.21,150.80,36.44,195.91,0.78556,-1,-1,-1
746,-1,116.84,188.28,11.45,60.28,0.51247,-1,-1,-1
746,-1,260.82,166.23,27.65,123.16,0.49496,-1,-1,-1
746,-1,350.73,106.01,34.73,52.29,0.47311,-1,-1,-1
746,-1,26.00,91.00,92.37,167.89,0.37094,-1,-1,-1
746,-1,312.07,108.26,85.47,142.92,0.25776,-1,-1,-1
746,-1,335.68,104.50,50.03,83.51,0.22188,-1,-1,-1
746,-1,111.34,172.09,18.49,77.11,0.20868,-1,-1,-1
746,-1,5.55,158.14,31.58,103.22,0.18537,-1,-1,-1
746,-1,310.68,64.17,167.27,387.40,0.16863,-1,-1,-1
746,-1,238.16,170.31,23.00,86.66,0.14640,-1,-1,-1
746,-1,232.42,157.38,36.08,150.65,0.12500,-1,-1,-1
746,-1,364.81,64.97,80.23,344.12,0.12011,-1,-1,-1
746,-1,242.64,157.89,28.95,102.26,0.08321,-1,-1,-1
746,-1,136.00,98.88,81.88,270.23,0.06631,-1,-1,-1
746,-1,111.37,186.20,15.39,44.28,0.05666,-1,-1,-1
746,-1,249.02,150.48,17.51,22.77,0.05466,-1,-1,-1
746,-1,279.11,161.75,54.30,165.94,0.05293,-1,-1,-1
746,-1,252.34,164.60,26.23,74.43,0.05221,-1,-1,-1
746,-1,351.07,109.79,49.79,71.65,0.05121,-1,-1,-1
747,-1,1.04,82.55,110.72,294.79,0.99937,-1,-1,-1
747,-1,161.36,82.38,97.38,328.03,0.99933,-1,-1,-1
747,-1,302.85,106.64,110.57,297.04,0.99910,-1,-1,-1
747,-1,114.52,125.65,62.76,191.11,0.99848,-1,-1,-1
747,-1,383.66,11.25,253.70,462.75,0.99817,-1,-1,-1
747,-1,270.74,157.50,48.57,132.98,0.97640,-1,-1,-1
747,-1,250.21,155.25,31.35,112.53,0.95277,-1,-1,-1
747,-1,571.38,45.10,67.62,412.54,0.27225,-1,-1,-1
747,-1,7.82,87.96,97.36,161.70,0.24150,-1,-1,-1
747,-1,252.28,151.59,16.66,20.62,0.19485,-1,-1,-1
747,-1,240.96,169.25,23.50,82.69,0.15113,-1,-1,-1
747,-1,259.89,172.22,24.91,108.45,0.14082,-1,-1,-1
747,-1,353.97,103.40,31.83,48.52,0.11161,-1,-1,-1
747,-1,1.01,98.06,34.43,258.51,0.11006,-1,-1,-1
747,-1,516.49,26.52,116.53,446.30,0.09948,-1,-1,-1
747,-1,258.84,161.55,38.88,140.78,0.09121,-1,-1,-1
747,-1,575.67,184.64,59.03,221.74,0.06783,-1,-1,-1
747,-1,280.61,170.22,51.56,161.62,0.06420,-1,-1,-1
747,-1,84.45,152.09,27.71,90.18,0.06193,-1,-1,-1
747,-1,237.44,158.23,34.00,139.25,0.06087,-1,-1,-1
747,-1,359.75,108.37,70.05,287.08,0.05689,-1,-1,-1
748,-1,306.81,109.81,104.57,294.82,0.99944,-1,-1,-1
748,-1,165.74,87.81,96.43,327.58,0.99943,-1,-1,-1
748,-1,2.19,72.08,93.32,311.65,0.99938,-1,-1,-1
748,-1,113.67,119.81,64.13,199.92,0.99932,-1,-1,-1
748,-1,382.77,4.10,250.42,473.53,0.99744,-1,-1,-1
748,-1,275.25,162.02,48.45,133.70,0.97978,-1,-1,-1
748,-1,250.15,154.58,37.62,117.63,0.97172,-1,-1,-1
748,-1,91.39,191.96,23.24,57.04,0.80250,-1,-1,-1
748,-1,0.84,74.24,90.28,160.18,0.48362,-1,-1,-1
748,-1,264.36,160.35,34.67,137.02,0.37655,-1,-1,-1
748,-1,98.96,191.79,15.66,39.09,0.26500,-1,-1,-1
748,-1,254.23,151.89,32.33,70.76,0.13733,-1,-1,-1
748,-1,0.00,141.39,36.10,239.92,0.10338,-1,-1,-1
748,-1,234.26,148.24,37.54,124.74,0.08960,-1,-1,-1
748,-1,1.76,191.14,60.75,197.30,0.05255,-1,-1,-1
749,-1,106.76,118.53,69.32,214.65,0.99935,-1,-1,-1
749,-1,167.22,92.07,101.78,332.71,0.99907,-1,-1,-1
749,-1,310.51,107.39,101.98,292.18,0.99898,-1,-1,-1
749,-1,0.22,62.18,83.13,333.73,0.99817,-1,-1,-1
749,-1,388.99,4.08,245.53,474.15,0.99368,-1,-1,-1
749,-1,273.63,166.22,54.40,135.57,0.97089,-1,-1,-1
749,-1,250.51,156.59,39.27,104.64,0.88645,-1,-1,-1
749,-1,0.90,208.42,62.09,186.05,0.52239,-1,-1,-1
749,-1,243.77,148.38,45.10,188.51,0.51529,-1,-1,-1
749,-1,94.23,199.16,14.04,53.53,0.40984,-1,-1,-1
749,-1,325.54,63.68,139.18,370.57,0.23469,-1,-1,-1
749,-1,362.69,93.98,90.56,265.09,0.05404,-1,-1,-1
750,-1,109.58,113.07,68.67,220.00,0.99961,-1,-1,-1
750,-1,171.25,95.09,97.79,330.81,0.99926,-1,-1,-1
750,-1,322.04,108.07,98.71,279.80,0.99827,-1,-1,-1
750,-1,0.00,40.96,77.28,374.18,0.99811,-1,-1,-1
750,-1,381.40,5.19,249.27,467.62,0.99766,-1,-1,-1
750,-1,283.97,164.47,52.35,136.02,0.98791,-1,-1,-1
750,-1,256.44,151.28,43.11,146.60,0.98325,-1,-1,-1
750,-1,0.00,62.18,81.90,176.77,0.58538,-1,-1,-1
750,-1,247.84,150.03,39.46,194.98,0.18432,-1,-1,-1
750,-1,1.02,218.92,35.17,194.52,0.16518,-1,-1,-1
750,-1,391.52,91.74,71.41,261.63,0.11164,-1,-1,-1
750,-1,338.97,59.15,145.55,372.66,0.09215,-1,-1,-1
750,-1,0.59,136.59,49.47,269.23,0.07326,-1,-1,-1
750,-1,291.07,166.04,63.73,201.60,0.06777,-1,-1,-1
750,-1,246.36,152.26,82.91,191.38,0.05645,-1,-1,-1
751,-1,104.18,105.25,80.49,223.84,0.99956,-1,-1,-1
751,-1,325.32,96.26,101.82,292.25,0.99953,-1,-1,-1
751,-1,177.92,89.74,102.56,315.75,0.99942,-1,-1,-1
751,-1,399.62,7.23,228.70,461.06,0.99604,-1,-1,-1
751,-1,0.00,24.54,79.46,376.88,0.99093,-1,-1,-1
751,-1,295.22,160.56,46.55,140.39,0.98975,-1,-1,-1
751,-1,262.55,148.48,45.27,133.25,0.98097,-1,-1,-1
751,-1,38.79,153.04,20.47,103.52,0.35583,-1,-1,-1
751,-1,0.46,186.50,39.37,211.25,0.33875,-1,-1,-1
751,-1,101.71,217.12,14.25,31.64,0.21031,-1,-1,-1
751,-1,12.21,44.59,67.71,216.90,0.17283,-1,-1,-1
751,-1,248.74,147.74,37.23,179.03,0.14887,-1,-1,-1
751,-1,303.10,173.35,53.98,154.89,0.13369,-1,-1,-1
751,-1,274.82,163.21,52.85,128.39,0.10597,-1,-1,-1
751,-1,331.07,41.10,160.20,399.81,0.09006,-1,-1,-1
751,-1,282.62,170.27,26.59,116.62,0.08664,-1,-1,-1
751,-1,234.15,135.58,76.02,170.18,0.08468,-1,-1,-1
751,-1,398.18,64.38,65.84,295.41,0.07186,-1,-1,-1
751,-1,39.70,198.68,21.93,58.45,0.06684,-1,-1,-1
752,-1,94.13,97.10,87.03,236.69,0.99976,-1,-1,-1
752,-1,184.59,82.25,98.89,307.26,0.99963,-1,-1,-1
752,-1,326.55,103.19,107.13,290.40,0.99900,-1,-1,-1
752,-1,423.01,4.53,208.59,471.99,0.99397,-1,-1,-1
752,-1,270.53,152.44,41.43,130.23,0.98857,-1,-1,-1
752,-1,303.48,160.80,45.38,122.74,0.94521,-1,-1,-1
752,-1,1.52,36.86,79.42,232.41,0.83060,-1,-1,-1
752,-1,25.05,145.90,53.66,111.01,0.53379,-1,-1,-1
752,-1,307.31,154.90,66.31,213.47,0.44968,-1,-1,-1
752,-1,280.86,159.70,50.62,120.52,0.22079,-1,-1,-1
752,-1,23.19,160.81,29.45,94.36,0.17470,-1,-1,-1
752,-1,290.87,172.57,27.53,111.15,0.14470,-1,-1,-1
752,-1,1.28,62.05,40.49,338.03,0.13699,-1,-1,-1
752,-1,0.68,270.43,22.25,127.84,0.08908,-1,-1,-1
752,-1,1.22,193.95,30.95,207.72,0.08531,-1,-1,-1
752,-1,279.64,154.05,65.12,190.73,0.05706,-1,-1,-1
753,-1,91.08,93.31,87.99,249.34,0.99972,-1,-1,-1
753,-1,186.42,77.79,97.40,311.31,0.99957,-1,-1,-1
753,-1,331.37,102.67,109.23,284.97,0.99896,-1,-1,-1
753,-1,415.75,10.88,215.37,462.35,0.99788,-1,-1,-1
753,-1,274.28,146.51,40.98,141.57,0.97558,-1,-1,-1
753,-1,0.46,84.15,73.82,187.95,0.96267,-1,-1,-1
753,-1,306.87,161.73,45.53,116.54,0.95725,-1,-1,-1
753,-1,38.15,169.15,41.39,86.86,0.78901,-1,-1,-1
753,-1,50.15,172.92,25.12,66.46,0.45353,-1,-1,-1
753,-1,5.28,161.38,29.61,102.13,0.31617,-1,-1,-1
753,-1,159.31,188.29,21.61,49.78,0.25742,-1,-1,-1
753,-1,0.00,145.96,24.67,125.99,0.25053,-1,-1,-1
753,-1,47.63,171.52,21.12,34.23,0.24110,-1,-1,-1
753,-1,307.45,160.61,66.80,195.46,0.19692,-1,-1,-1
753,-1,14.30,192.14,29.78,63.82,0.18797,-1,-1,-1
753,-1,7.53,173.76,27.91,38.24,0.14140,-1,-1,-1
753,-1,17.61,157.73,53.43,98.30,0.13841,-1,-1,-1
753,-1,294.01,162.17,43.91,132.57,0.10192,-1,-1,-1
753,-1,28.12,192.91,25.93,61.94,0.09196,-1,-1,-1
753,-1,373.98,21.76,170.90,426.62,0.05861,-1,-1,-1
753,-1,340.86,97.33,88.98,166.73,0.05496,-1,-1,-1
754,-1,76.22,89.01,104.06,262.15,0.99958,-1,-1,-1
754,-1,196.30,84.57,96.20,298.94,0.99957,-1,-1,-1
754,-1,411.99,2.76,223.28,470.47,0.99651,-1,-1,-1
754,-1,336.79,107.25,112.91,290.96,0.99409,-1,-1,-1
754,-1,318.87,161.90,40.38,112.81,0.98840,-1,-1,-1
754,-1,31.19,167.36,37.13,87.11,0.98498,-1,-1,-1
754,-1,282.31,150.84,39.92,130.61,0.98280,-1,-1,-1
754,-1,52.60,172.48,45.34,79.61,0.95858,-1,-1,-1
754,-1,0.00,179.40,22.30,96.27,0.93121,-1,-1,-1
754,-1,168.00,192.59,18.76,45.65,0.90259,-1,-1,-1
754,-1,1.13,144.54,32.62,125.76,0.84251,-1,-1,-1
754,-1,56.60,175.21,22.96,67.25,0.31171,-1,-1,-1
754,-1,8.19,158.41,37.14,97.68,0.29096,-1,-1,-1
754,-1,294.95,153.73,62.71,145.47,0.19173,-1,-1,-1
754,-1,341.82,104.73,97.79,171.20,0.16848,-1,-1,-1
754,-1,19.33,157.99,83.18,101.54,0.16243,-1,-1,-1
754,-1,364.78,99.69,144.31,300.34,0.14739,-1,-1,-1
754,-1,160.66,169.40,26.81,73.04,0.10518,-1,-1,-1
754,-1,476.80,144.32,161.14,329.59,0.09565,-1,-1,-1
754,-1,22.19,174.68,33.93,80.89,0.09371,-1,-1,-1
754,-1,276.03,152.43,62.39,197.59,0.08544,-1,-1,-1
754,-1,313.89,152.61,72.90,200.36,0.07695,-1,-1,-1
754,-1,308.38,173.63,24.52,102.63,0.05458,-1,-1,-1
755,-1,68.98,83.54,111.49,271.73,0.99968,-1,-1,-1
755,-1,199.06,82.96,98.07,305.50,0.99957,-1,-1,-1
755,-1,336.79,100.32,110.48,296.77,0.99908,-1,-1,-1
755,-1,428.29,7.84,208.03,457.82,0.99603,-1,-1,-1
755,-1,33.28,164.43,40.65,90.71,0.99399,-1,-1,-1
755,-1,286.43,151.45,39.61,142.35,0.98101,-1,-1,-1
755,-1,170.70,191.52,19.38,45.19,0.97564,-1,-1,-1
755,-1,325.69,161.16,38.73,100.48,0.97408,-1,-1,-1
755,-1,0.26,155.23,32.48,117.78,0.97107,-1,-1,-1
755,-1,61.50,156.45,39.54,96.69,0.90728,-1,-1,-1
755,-1,152.21,189.21,24.57,55.04,0.32412,-1,-1,-1
755,-1,58.66,165.94,20.05,71.24,0.21737,-1,-1,-1
755,-1,314.07,179.40,21.23,96.60,0.20268,-1,-1,-1
755,-1,196.29,194.70,18.09,50.60,0.18165,-1,-1,-1
755,-1,7.20,160.35,33.33,78.92,0.14781,-1,-1,-1
755,-1,312.41,161.29,34.17,123.93,0.13515,-1,-1,-1
755,-1,321.78,159.44,56.72,157.35,0.10313,-1,-1,-1
755,-1,64.74,171.19,12.06,58.81,0.07505,-1,-1,-1
755,-1,263.53,146.00,65.35,211.79,0.06372,-1,-1,-1
755,-1,345.14,99.79,94.76,173.72,0.05231,-1,-1,-1
756,-1,68.08,82.48,105.50,283.32,0.99977,-1,-1,-1
756,-1,208.51,89.92,90.84,304.32,0.99939,-1,-1,-1
756,-1,343.22,96.70,107.07,294.45,0.99905,-1,-1,-1
756,-1,451.63,3.85,187.32,462.21,0.99675,-1,-1,-1
756,-1,38.70,166.64,38.49,91.37,0.99116,-1,-1,-1
756,-1,292.67,146.61,39.59,140.79,0.99112,-1,-1,-1
756,-1,0.03,158.02,29.95,121.18,0.99079,-1,-1,-1
756,-1,178.25,191.98,19.61,46.56,0.98843,-1,-1,-1
756,-1,337.34,159.32,30.98,93.31,0.84144,-1,-1,-1
756,-1,56.28,162.68,40.48,94.37,0.49948,-1,-1,-1
756,-1,201.26,201.49,14.49,45.00,0.44128,-1,-1,-1
756,-1,211.79,203.99,12.68,41.82,0.37280,-1,-1,-1
756,-1,197.31,202.92,7.62,27.05,0.28565,-1,-1,-1
756,-1,168.78,195.28,14.15,29.70,0.22687,-1,-1,-1
756,-1,204.32,197.44,19.57,58.43,0.22566,-1,-1,-1
756,-1,152.04,165.57,22.35,82.17,0.19449,-1,-1,-1
756,-1,324.04,163.53,36.56,117.37,0.13938,-1,-1,-1
756,-1,68.60,128.69,33.54,130.41,0.12311,-1,-1,-1
756,-1,197.53,202.59,11.26,38.57,0.11461,-1,-1,-1
756,-1,193.22,197.37,9.22,34.32,0.09278,-1,-1,-1
756,-1,452.42,35.00,187.56,231.81,0.09109,-1,-1,-1
756,-1,321.37,179.29,22.97,99.58,0.09076,-1,-1,-1
756,-1,325.61,157.78,53.43,153.84,0.06663,-1,-1,-1
756,-1,455.44,47.53,59.99,348.61,0.06180,-1,-1,-1
756,-1,389.61,91.52,33.38,54.07,0.05988,-1,-1,-1
756,-1,352.85,97.76,92.26,157.17,0.05388,-1,-1,-1
756,-1,327.74,126.35,80.52,240.72,0.05355,-1,-1,-1
757,-1,52.20,62.94,118.24,315.86,0.99983,-1,-1,-1
757,-1,203.91,89.46,100.18,303.83,0.99963,-1,-1,-1
757,-1,341.70,92.52,107.58,296.05,0.99937,-1,-1,-1
757,-1,296.48,144.06,37.65,137.83,0.99158,-1,-1,-1
757,-1,472.95,0.43,163.64,470.79,0.98205,-1,-1,-1
757,-1,0.53,157.42,21.76,120.01,0.97735,-1,-1,-1
757,-1,183.91,194.83,18.36,43.25,0.93998,-1,-1,-1
757,-1,341.40,160.77,27.88,78.66,0.89274,-1,-1,-1
757,-1,42.11,158.12,37.70,96.64,0.81530,-1,-1,-1
757,-1,205.37,175.88,23.56,100.04,0.79088,-1,-1,-1
757,-1,330.11,158.66,38.68,115.02,0.57773,-1,-1,-1
757,-1,323.18,174.93,22.21,97.86,0.47614,-1,-1,-1
757,-1,46.34,167.90,21.42,71.14,0.43676,-1,-1,-1
757,-1,476.07,24.86,129.15,281.10,0.23470,-1,-1,-1
757,-1,197.97,184.76,20.84,61.38,0.17794,-1,-1,-1
757,-1,48.84,174.53,15.99,46.95,0.14524,-1,-1,-1
757,-1,197.26,195.66,14.01,48.21,0.11681,-1,-1,-1
757,-1,0.37,169.63,10.68,105.05,0.10402,-1,-1,-1
757,-1,188.26,191.00,25.16,49.63,0.10032,-1,-1,-1
757,-1,322.83,136.70,64.23,190.67,0.08442,-1,-1,-1
758,-1,46.97,51.60,112.89,328.00,0.99986,-1,-1,-1
758,-1,342.57,89.31,108.61,295.68,0.99939,-1,-1,-1
758,-1,214.62,90.41,90.60,298.55,0.99914,-1,-1,-1
758,-1,198.24,160.55,29.54,117.31,0.98787,-1,-1,-1
758,-1,298.97,143.80,37.51,139.70,0.98316,-1,-1,-1
758,-1,487.01,0.43,149.40,470.29,0.97818,-1,-1,-1
758,-1,342.72,159.64,26.29,75.49,0.86859,-1,-1,-1
758,-1,189.03,160.89,31.73,90.96,0.45830,-1,-1,-1
758,-1,183.31,187.58,20.05,50.46,0.39822,-1,-1,-1
758,-1,329.27,158.79,41.47,131.40,0.24961,-1,-1,-1
758,-1,319.99,179.51,24.66,98.02,0.24400,-1,-1,-1
758,-1,0.00,153.31,14.39,80.45,0.21577,-1,-1,-1
758,-1,428.25,115.36,59.28,249.54,0.11454,-1,-1,-1
758,-1,312.30,156.02,42.15,130.66,0.06373,-1,-1,-1
758,-1,134.97,175.94,25.66,73.89,0.06004,-1,-1,-1
758,-1,301.27,142.29,32.40,49.00,0.05264,-1,-1,-1
758,-1,395.99,67.96,217.66,406.78,0.05189,-1,-1,-1
759,-1,21.81,41.26,130.84,342.15,0.99986,-1,-1,-1
759,-1,204.90,86.92,106.82,296.54,0.99955,-1,-1,-1
759,-1,346.55,88.13,104.49,302.81,0.99889,-1,-1,-1
759,-1,498.68,2.68,136.05,470.07,0.98108,-1,-1,-1
759,-1,300.40,150.61,36.25,131.48,0.97720,-1,-1,-1
759,-1,182.72,163.33,39.05,82.73,0.97042,-1,-1,-1
759,-1,342.40,161.97,27.14,72.11,0.90515,-1,-1,-1
759,-1,138.40,182.42,18.63,67.02,0.80922,-1,-1,-1
759,-1,184.04,179.42,45.27,99.64,0.44473,-1,-1,-1
759,-1,317.05,163.89,30.15,111.62,0.41078,-1,-1,-1
759,-1,325.74,160.44,50.14,147.70,0.28384,-1,-1,-1
759,-1,510.76,56.62,108.45,259.26,0.27527,-1,-1,-1
759,-1,329.21,182.46,14.27,28.08,0.15391,-1,-1,-1
759,-1,325.03,177.93,21.08,75.12,0.13800,-1,-1,-1
759,-1,198.07,166.58,34.86,95.50,0.11945,-1,-1,-1
759,-1,421.49,130.89,63.19,220.92,0.10578,-1,-1,-1
759,-1,188.20,238.92,38.74,44.21,0.09392,-1,-1,-1
759,-1,563.92,0.00,76.08,467.62,0.09352,-1,-1,-1
759,-1,281.10,138.14,44.29,170.63,0.09037,-1,-1,-1
759,-1,180.53,177.61,28.60,61.10,0.08954,-1,-1,-1
759,-1,342.98,169.50,12.85,64.20,0.06416,-1,-1,-1
759,-1,493.07,104.44,51.72,165.61,0.05918,-1,-1,-1
759,-1,519.24,168.43,78.58,126.73,0.05076,-1,-1,-1
760,-1,1.65,26.66,140.00,366.39,0.99985,-1,-1,-1
760,-1,341.43,87.69,113.65,310.32,0.99933,-1,-1,-1
760,-1,199.03,79.79,107.25,306.11,0.99922,-1,-1,-1
760,-1,132.08,179.89,24.18,68.87,0.99657,-1,-1,-1
760,-1,181.19,161.04,45.49,118.98,0.99263,-1,-1,-1
760,-1,514.22,1.53,123.75,470.46,0.99135,-1,-1,-1
760,-1,304.52,153.87,31.63,128.40,0.95274,-1,-1,-1
760,-1,342.78,160.26,27.43,73.86,0.91770,-1,-1,-1
760,-1,205.67,165.15,31.52,102.48,0.70548,-1,-1,-1
760,-1,322.64,175.53,24.40,89.63,0.49206,-1,-1,-1
760,-1,326.17,161.17,38.18,96.42,0.34688,-1,-1,-1
760,-1,286.51,139.67,40.87,165.34,0.23449,-1,-1,-1
760,-1,191.29,165.90,28.53,92.52,0.10880,-1,-1,-1
760,-1,326.97,169.22,24.01,70.91,0.10869,-1,-1,-1
760,-1,313.03,154.18,45.65,135.85,0.08934,-1,-1,-1
760,-1,318.97,139.35,64.58,187.75,0.07732,-1,-1,-1
760,-1,169.52,189.03,17.34,42.53,0.05661,-1,-1,-1
760,-1,334.34,172.43,29.15,57.44,0.05424,-1,-1,-1
761,-1,1.40,7.41,115.89,388.22,0.99968,-1,-1,-1
761,-1,190.69,82.58,121.18,297.19,0.99930,-1,-1,-1
761,-1,343.66,91.40,114.49,307.66,0.99910,-1,-1,-1
761,-1,499.96,20.04,136.74,441.78,0.99633,-1,-1,-1
761,-1,129.96,177.76,25.50,70.89,0.99214,-1,-1,-1
761,-1,179.26,158.69,47.49,121.77,0.98933,-1,-1,-1
761,-1,104.41,179.25,22.49,67.85,0.98232,-1,-1,-1
761,-1,305.65,151.08,33.22,131.04,0.92688,-1,-1,-1
761,-1,349.82,162.39,22.73,67.56,0.84332,-1,-1,-1
761,-1,206.85,160.63,29.38,113.10,0.65672,-1,-1,-1
761,-1,332.16,160.68,41.19,91.47,0.61975,-1,-1,-1
761,-1,321.34,169.86,30.77,103.10,0.42980,-1,-1,-1
761,-1,125.33,183.39,12.21,42.23,0.29884,-1,-1,-1
761,-1,320.25,159.60,55.02,139.22,0.27415,-1,-1,-1
761,-1,293.15,142.54,36.18,158.77,0.24103,-1,-1,-1
761,-1,117.00,177.75,28.99,71.11,0.20537,-1,-1,-1
761,-1,182.44,163.19,29.25,95.85,0.18784,-1,-1,-1
761,-1,91.31,177.15,21.94,75.44,0.18600,-1,-1,-1
761,-1,296.59,172.03,18.80,122.57,0.12083,-1,-1,-1
761,-1,162.23,197.19,18.10,33.81,0.11609,-1,-1,-1
761,-1,128.36,181.16,12.22,55.25,0.11251,-1,-1,-1
761,-1,330.81,166.68,27.02,65.74,0.09098,-1,-1,-1
761,-1,74.55,166.03,42.14,92.50,0.08683,-1,-1,-1
761,-1,285.08,126.19,32.29,179.46,0.06666,-1,-1,-1
761,-1,113.60,180.92,13.57,53.97,0.06488,-1,-1,-1
761,-1,409.16,102.50,70.15,255.98,0.05924,-1,-1,-1
761,-1,180.84,116.44,97.96,213.49,0.05105,-1,-1,-1
762,-1,184.80,77.86,131.46,301.62,0.99946,-1,-1,-1
762,-1,340.49,84.14,118.04,316.41,0.99925,-1,-1,-1
762,-1,0.00,1.15,105.47,405.91,0.99911,-1,-1,-1
762,-1,489.69,5.79,149.45,453.73,0.99367,-1,-1,-1
762,-1,129.25,175.10,26.37,70.91,0.99138,-1,-1,-1
762,-1,82.66,171.79,39.01,81.27,0.97615,-1,-1,-1
762,-1,177.50,155.40,43.53,119.49,0.97584,-1,-1,-1
762,-1,107.08,173.91,19.60,70.93,0.96421,-1,-1,-1
762,-1,308.90,151.51,30.78,124.31,0.90211,-1,-1,-1
762,-1,195.83,150.42,43.77,120.49,0.71942,-1,-1,-1
762,-1,299.51,148.97,17.83,142.45,0.36297,-1,-1,-1
762,-1,351.31,158.04,24.66,69.50,0.31752,-1,-1,-1
762,-1,330.71,163.66,41.02,96.60,0.21110,-1,-1,-1
762,-1,125.22,180.27,11.26,41.41,0.17319,-1,-1,-1
762,-1,322.63,151.53,61.12,178.88,0.16403,-1,-1,-1
762,-1,107.90,175.27,18.02,36.62,0.15820,-1,-1,-1
762,-1,326.59,172.25,27.50,88.99,0.12036,-1,-1,-1
762,-1,123.88,176.04,16.84,65.81,0.10367,-1,-1,-1
762,-1,408.94,106.77,88.26,274.39,0.09828,-1,-1,-1
762,-1,139.18,179.30,15.89,57.86,0.08856,-1,-1,-1
762,-1,173.28,161.73,29.98,76.91,0.08736,-1,-1,-1
762,-1,179.48,217.50,33.75,59.60,0.08669,-1,-1,-1
762,-1,310.98,147.97,28.04,66.04,0.08221,-1,-1,-1
762,-1,397.84,24.31,196.79,442.26,0.08179,-1,-1,-1
762,-1,92.11,168.36,19.20,24.25,0.07921,-1,-1,-1
762,-1,116.02,175.57,12.16,45.25,0.07747,-1,-1,-1
762,-1,289.88,119.81,30.17,176.29,0.07564,-1,-1,-1
762,-1,306.67,141.28,51.26,167.45,0.06512,-1,-1,-1
762,-1,109.63,173.78,14.93,16.31,0.05683,-1,-1,-1
762,-1,319.34,149.68,17.64,27.98,0.05518,-1,-1,-1
763,-1,340.05,82.20,114.51,314.07,0.99955,-1,-1,-1
763,-1,179.54,75.29,137.65,307.61,0.99871,-1,-1,-1
763,-1,460.39,9.46,176.40,447.89,0.99614,-1,-1,-1
763,-1,0.00,18.98,85.87,380.88,0.99565,-1,-1,-1
763,-1,78.74,159.66,41.45,84.46,0.99323,-1,-1,-1
763,-1,124.89,164.90,24.29,72.37,0.99231,-1,-1,-1
763,-1,52.88,150.33,32.33,95.66,0.98901,-1,-1,-1
763,-1,165.13,145.21,41.01,114.50,0.97991,-1,-1,-1
763,-1,307.42,139.19,32.02,123.52,0.96370,-1,-1,-1
763,-1,175.51,146.18,57.54,114.13,0.89847,-1,-1,-1
763,-1,103.96,166.36,18.99,56.53,0.80897,-1,-1,-1
763,-1,207.05,153.28,29.16,106.24,0.68613,-1,-1,-1
763,-1,460.37,21.98,96.76,316.63,0.49477,-1,-1,-1
763,-1,71.47,153.34,20.54,78.17,0.36252,-1,-1,-1
763,-1,4.12,21.81,64.03,235.42,0.25407,-1,-1,-1
763,-1,151.98,174.28,17.17,46.05,0.23610,-1,-1,-1
763,-1,328.10,164.67,27.55,84.52,0.22685,-1,-1,-1
763,-1,74.96,154.50,17.03,40.94,0.19787,-1,-1,-1
763,-1,113.71,168.43,11.35,40.71,0.15747,-1,-1,-1
763,-1,79.64,158.59,21.62,68.59,0.11683,-1,-1,-1
763,-1,158.59,150.64,34.70,88.46,0.11640,-1,-1,-1
763,-1,93.09,156.72,10.76,16.85,0.11590,-1,-1,-1
763,-1,354.81,147.28,24.33,68.98,0.10286,-1,-1,-1
763,-1,78.06,156.08,14.30,19.64,0.10156,-1,-1,-1
763,-1,295.24,121.56,33.98,152.17,0.09406,-1,-1,-1
763,-1,108.91,166.81,13.32,40.10,0.09013,-1,-1,-1
763,-1,142.88,200.12,11.54,30.58,0.08641,-1,-1,-1
763,-1,297.55,151.13,19.77,117.93,0.07557,-1,-1,-1
763,-1,80.36,157.53,13.66,32.78,0.07312,-1,-1,-1
763,-1,207.15,98.88,42.12,159.35,0.07149,-1,-1,-1
763,-1,279.78,106.13,35.86,193.20,0.07122,-1,-1,-1
763,-1,207.46,71.20,180.60,328.17,0.06317,-1,-1,-1
763,-1,300.05,127.45,47.90,176.52,0.05927,-1,-1,-1
763,-1,118.27,172.24,9.60,38.69,0.05754,-1,-1,-1
764,-1,345.54,82.72,110.98,296.22,0.99929,-1,-1,-1
764,-1,203.83,81.48,113.00,306.41,0.99898,-1,-1,-1
764,-1,159.64,148.73,40.60,126.05,0.99795,-1,-1,-1
764,-1,50.50,152.74,42.88,97.50,0.99627,-1,-1,-1
764,-1,84.27,162.96,40.51,85.73,0.99483,-1,-1,-1
764,-1,460.43,9.17,175.59,437.86,0.99261,-1,-1,-1
764,-1,123.42,168.62,25.53,74.06,0.99025,-1,-1,-1
764,-1,194.89,151.76,37.48,111.48,0.98796,-1,-1,-1
764,-1,0.00,23.89,63.94,398.89,0.97280,-1,-1,-1
764,-1,306.68,140.43,38.56,136.34,0.95546,-1,-1,-1
764,-1,0.18,31.72,40.70,228.97,0.93109,-1,-1,-1
764,-1,66.62,158.19,44.91,93.97,0.81892,-1,-1,-1
764,-1,0.13,212.54,67.10,191.79,0.75417,-1,-1,-1
764,-1,365.63,152.67,11.78,19.43,0.26098,-1,-1,-1
764,-1,104.88,165.77,20.41,58.20,0.21642,-1,-1,-1
764,-1,294.93,123.70,35.60,144.22,0.12797,-1,-1,-1
764,-1,325.39,153.57,34.52,100.10,0.12554,-1,-1,-1
764,-1,113.60,171.86,12.86,41.41,0.12475,-1,-1,-1
764,-1,207.44,139.40,39.39,127.92,0.12415,-1,-1,-1
764,-1,191.11,159.38,25.29,96.06,0.10122,-1,-1,-1
764,-1,79.86,160.56,23.59,78.97,0.09859,-1,-1,-1
764,-1,147.69,184.74,16.77,39.17,0.09471,-1,-1,-1
764,-1,110.69,170.93,12.01,36.12,0.07903,-1,-1,-1
764,-1,465.55,74.62,94.78,287.59,0.07226,-1,-1,-1
764,-1,353.51,152.43,24.95,68.76,0.07096,-1,-1,-1
764,-1,320.17,154.10,56.05,158.10,0.06604,-1,-1,-1
764,-1,495.24,174.73,56.54,188.03,0.05729,-1,-1,-1
765,-1,350.04,88.77,116.45,293.62,0.99949,-1,-1,-1
765,-1,212.27,87.95,106.01,300.10,0.99944,-1,-1,-1
765,-1,146.14,152.81,54.56,128.12,0.99895,-1,-1,-1
765,-1,460.99,6.01,173.70,437.80,0.99624,-1,-1,-1
765,-1,197.57,156.80,34.69,104.08,0.99337,-1,-1,-1
765,-1,54.59,160.64,40.03,96.53,0.99309,-1,-1,-1
765,-1,311.09,147.04,33.15,120.30,0.99109,-1,-1,-1
765,-1,126.60,174.65,23.54,73.42,0.98867,-1,-1,-1
765,-1,86.74,169.23,38.51,84.01,0.98793,-1,-1,-1
765,-1,0.49,352.65,28.30,89.26,0.93757,-1,-1,-1
765,-1,210.18,146.15,36.65,122.85,0.42945,-1,-1,-1
765,-1,78.45,164.70,25.24,77.14,0.42062,-1,-1,-1
765,-1,101.92,168.92,38.65,81.35,0.25687,-1,-1,-1
765,-1,497.42,179.12,71.56,191.33,0.17785,-1,-1,-1
765,-1,98.86,170.36,24.55,64.33,0.12456,-1,-1,-1
765,-1,297.66,135.38,32.16,128.44,0.11294,-1,-1,-1
765,-1,482.25,53.99,92.89,312.97,0.08140,-1,-1,-1
765,-1,320.64,149.69,37.93,113.07,0.07353,-1,-1,-1
765,-1,50.14,162.97,15.58,19.29,0.05803,-1,-1,-1
765,-1,102.32,168.36,17.71,24.34,0.05056,-1,-1,-1
766,-1,220.94,86.99,98.55,299.87,0.99960,-1,-1,-1
766,-1,344.20,87.50,122.45,293.29,0.99947,-1,-1,-1
766,-1,136.18,153.59,59.56,130.52,0.99929,-1,-1,-1
766,-1,459.36,3.62,177.91,452.53,0.99727,-1,-1,-1
766,-1,199.04,156.44,34.04,117.99,0.99684,-1,-1,-1
766,-1,53.43,161.97,44.77,97.45,0.99463,-1,-1,-1
766,-1,310.64,148.08,32.04,122.71,0.98751,-1,-1,-1
766,-1,124.42,175.17,22.54,74.34,0.98317,-1,-1,-1
766,-1,97.32,169.25,25.90,86.79,0.98315,-1,-1,-1
766,-1,73.47,164.30,27.06,90.38,0.68424,-1,-1,-1
766,-1,83.66,169.34,21.00,79.69,0.44768,-1,-1,-1
766,-1,53.38,169.72,24.72,83.66,0.22991,-1,-1,-1
766,-1,336.42,179.69,27.56,72.15,0.22749,-1,-1,-1
766,-1,321.09,160.27,37.14,113.65,0.21675,-1,-1,-1
766,-1,117.10,173.63,21.02,72.65,0.12945,-1,-1,-1
766,-1,193.18,196.09,11.15,40.77,0.12905,-1,-1,-1
766,-1,330.78,171.07,20.92,90.16,0.10163,-1,-1,-1
766,-1,296.01,133.53,31.43,138.01,0.07491,-1,-1,-1
766,-1,302.78,157.31,21.63,88.52,0.07420,-1,-1,-1
766,-1,218.07,175.71,26.26,93.91,0.07405,-1,-1,-1
766,-1,301.50,129.30,47.94,171.82,0.07342,-1,-1,-1
766,-1,311.18,140.99,16.45,27.42,0.05194,-1,-1,-1
767,-1,226.38,78.38,88.99,291.31,0.99940,-1,-1,-1
767,-1,126.98,151.46,59.10,130.96,0.99922,-1,-1,-1
767,-1,340.71,84.06,124.80,307.70,0.99918,-1,-1,-1
767,-1,189.84,151.42,41.68,124.63,0.99861,-1,-1,-1
767,-1,50.27,158.59,41.05,98.64,0.99729,-1,-1,-1
767,-1,460.11,4.45,177.13,463.94,0.99604,-1,-1,-1
767,-1,89.41,164.86,27.69,88.61,0.97662,-1,-1,-1
767,-1,114.12,169.41,23.51,78.27,0.93210,-1,-1,-1
767,-1,306.03,147.90,36.52,126.80,0.85167,-1,-1,-1
767,-1,96.05,166.72,39.12,85.56,0.59207,-1,-1,-1
767,-1,530.62,108.52,106.94,369.65,0.31337,-1,-1,-1
767,-1,301.76,151.29,21.89,89.73,0.26806,-1,-1,-1
767,-1,298.44,140.89,29.76,145.12,0.20965,-1,-1,-1
767,-1,116.21,169.50,20.76,29.00,0.19318,-1,-1,-1
767,-1,85.38,166.89,19.01,76.66,0.16020,-1,-1,-1
767,-1,488.62,46.60,101.09,336.27,0.14348,-1,-1,-1
767,-1,289.34,121.54,31.02,123.41,0.12530,-1,-1,-1
767,-1,97.12,163.18,17.51,27.62,0.11915,-1,-1,-1
767,-1,322.47,163.00,27.12,91.87,0.11548,-1,-1,-1
767,-1,301.09,137.79,60.26,180.58,0.08700,-1,-1,-1
767,-1,125.75,186.00,12.65,52.97,0.08681,-1,-1,-1
767,-1,93.47,164.38,21.74,54.01,0.07960,-1,-1,-1
767,-1,323.13,144.48,69.91,201.00,0.07865,-1,-1,-1
767,-1,125.50,178.10,20.67,65.60,0.07013,-1,-1,-1
767,-1,493.59,177.50,40.58,161.89,0.06448,-1,-1,-1
767,-1,187.94,168.20,19.39,75.68,0.05216,-1,-1,-1
768,-1,336.49,91.37,120.55,295.06,0.99922,-1,-1,-1
768,-1,224.90,83.04,86.52,292.41,0.99918,-1,-1,-1
768,-1,119.08,152.72,59.83,132.11,0.99897,-1,-1,-1
768,-1,186.57,153.00,41.85,128.93,0.99877,-1,-1,-1
768,-1,46.04,156.68,43.87,102.32,0.99653,-1,-1,-1
768,-1,462.21,7.20,175.48,472.80,0.99380,-1,-1,-1
768,-1,88.07,165.35,33.25,91.94,0.97381,-1,-1,-1
768,-1,106.77,168.00,23.70,84.48,0.87353,-1,-1,-1
768,-1,308.39,151.48,26.18,124.89,0.66246,-1,-1,-1
768,-1,82.69,168.00,19.14,80.27,0.41181,-1,-1,-1
768,-1,294.65,140.92,33.83,157.01,0.30398,-1,-1,-1
768,-1,91.77,158.51,49.76,110.85,0.20263,-1,-1,-1
768,-1,300.93,153.66,19.43,105.13,0.19524,-1,-1,-1
768,-1,332.81,176.09,21.93,68.30,0.17143,-1,-1,-1
768,-1,113.98,170.89,25.78,79.16,0.12723,-1,-1,-1
768,-1,527.13,177.72,106.06,299.66,0.09803,-1,-1,-1
768,-1,109.73,171.63,21.64,23.72,0.09420,-1,-1,-1
768,-1,182.49,202.15,11.27,35.97,0.09415,-1,-1,-1
768,-1,70.91,161.03,27.78,92.81,0.06461,-1,-1,-1
768,-1,323.62,180.00,24.06,73.85,0.05031,-1,-1,-1
769,-1,225.62,81.10,88.16,291.93,0.99943,-1,-1,-1
769,-1,181.98,154.79,46.03,129.13,0.99905,-1,-1,-1
769,-1,109.23,153.09,55.03,131.76,0.99886,-1,-1,-1
769,-1,333.71,92.01,116.45,300.80,0.99883,-1,-1,-1
769,-1,470.94,9.54,165.54,455.53,0.99687,-1,-1,-1
769,-1,46.12,156.22,43.12,103.59,0.99544,-1,-1,-1
769,-1,85.77,164.69,33.03,94.37,0.97448,-1,-1,-1
769,-1,104.84,170.42,23.60,87.83,0.74878,-1,-1,-1
769,-1,300.11,153.15,18.41,94.26,0.42322,-1,-1,-1
769,-1,80.35,169.10,19.58,81.45,0.41915,-1,-1,-1
769,-1,308.51,158.50,22.28,101.68,0.26082,-1,-1,-1
769,-1,294.55,136.20,29.51,152.35,0.21715,-1,-1,-1
769,-1,68.32,164.31,39.62,97.16,0.17612,-1,-1,-1
769,-1,329.91,179.66,23.69,66.60,0.10943,-1,-1,-1
770,-1,225.41,81.72,88.78,293.29,0.99953,-1,-1,-1
770,-1,180.73,151.21,45.58,133.60,0.99902,-1,-1,-1
770,-1,337.85,86.42,113.26,302.35,0.99872,-1,-1,-1
770,-1,50.49,156.94,40.03,102.60,0.99573,-1,-1,-1
770,-1,108.10,152.88,48.07,127.11,0.99472,-1,-1,-1
770,-1,467.63,3.79,170.45,459.38,0.99417,-1,-1,-1
770,-1,86.48,169.68,27.41,86.68,0.93835,-1,-1,-1
770,-1,100.62,165.23,28.84,88.86,0.92257,-1,-1,-1
770,-1,306.11,152.62,29.52,119.95,0.70192,-1,-1,-1
770,-1,328.44,177.11,21.72,71.63,0.61693,-1,-1,-1
770,-1,70.84,162.97,34.92,98.67,0.60748,-1,-1,-1
770,-1,83.84,171.00,19.25,66.02,0.43186,-1,-1,-1
770,-1,489.37,143.90,99.39,293.16,0.30010,-1,-1,-1
770,-1,475.96,10.12,141.37,263.14,0.29983,-1,-1,-1
770,-1,293.06,134.44,27.94,163.01,0.29532,-1,-1,-1
770,-1,301.43,145.72,21.92,121.98,0.27541,-1,-1,-1
770,-1,103.73,166.58,18.41,25.78,0.19342,-1,-1,-1
770,-1,85.40,170.70,14.51,41.04,0.17228,-1,-1,-1
770,-1,90.63,174.35,18.42,51.82,0.16406,-1,-1,-1
770,-1,331.84,171.06,26.45,66.04,0.09658,-1,-1,-1
770,-1,315.28,177.16,24.95,96.68,0.09347,-1,-1,-1
770,-1,97.94,167.81,22.84,49.43,0.09223,-1,-1,-1
770,-1,322.30,145.30,95.42,207.85,0.07309,-1,-1,-1
770,-1,351.27,94.03,87.82,160.28,0.07285,-1,-1,-1
770,-1,209.04,157.57,18.36,75.74,0.05606,-1,-1,-1
771,-1,170.36,148.84,47.48,137.99,0.99952,-1,-1,-1
771,-1,220.04,89.44,91.40,290.60,0.99939,-1,-1,-1
771,-1,327.74,86.71,114.22,296.52,0.99901,-1,-1,-1
771,-1,496.91,4.80,140.87,461.81,0.99727,-1,-1,-1
771,-1,45.46,154.15,43.17,109.19,0.99704,-1,-1,-1
771,-1,95.24,151.79,43.13,129.80,0.99139,-1,-1,-1
771,-1,81.57,159.18,30.06,99.22,0.89816,-1,-1,-1
771,-1,300.28,146.58,30.12,122.32,0.84623,-1,-1,-1
771,-1,292.90,141.24,27.44,148.63,0.51479,-1,-1,-1
771,-1,319.50,177.99,19.94,83.02,0.47560,-1,-1,-1
771,-1,496.73,154.51,86.19,297.28,0.40613,-1,-1,-1
771,-1,302.75,149.55,23.84,73.59,0.25529,-1,-1,-1
771,-1,288.09,236.87,29.34,57.18,0.19670,-1,-1,-1
771,-1,526.29,41.60,44.96,75.53,0.17369,-1,-1,-1
771,-1,501.75,25.05,103.29,281.26,0.15685,-1,-1,-1
771,-1,311.11,164.41,23.95,105.88,0.13024,-1,-1,-1
771,-1,110.37,152.49,30.81,96.51,0.11415,-1,-1,-1
771,-1,509.67,41.17,61.77,200.02,0.10090,-1,-1,-1
771,-1,315.88,149.82,75.17,215.44,0.09881,-1,-1,-1
771,-1,322.68,179.12,14.67,53.44,0.08493,-1,-1,-1
771,-1,109.95,153.97,29.88,45.93,0.08136,-1,-1,-1
771,-1,326.14,181.19,21.85,72.66,0.07616,-1,-1,-1
771,-1,77.21,164.21,18.71,85.74,0.06990,-1,-1,-1
771,-1,303.49,238.03,12.53,42.82,0.06988,-1,-1,-1
771,-1,496.11,207.56,49.16,149.33,0.05833,-1,-1,-1
772,-1,214.55,92.95,97.31,287.18,0.99952,-1,-1,-1
772,-1,163.74,141.20,51.44,144.97,0.99935,-1,-1,-1
772,-1,326.44,85.50,114.45,289.44,0.99816,-1,-1,-1
772,-1,84.90,150.44,47.95,132.95,0.99800,-1,-1,-1
772,-1,42.57,152.15,40.16,110.87,0.99741,-1,-1,-1
772,-1,503.64,6.94,136.29,456.99,0.99239,-1,-1,-1
772,-1,503.50,26.34,95.88,304.60,0.76156,-1,-1,-1
772,-1,486.39,235.75,79.57,214.24,0.64964,-1,-1,-1
772,-1,72.97,153.48,28.86,105.14,0.49158,-1,-1,-1
772,-1,302.82,150.48,22.34,121.44,0.47659,-1,-1,-1
772,-1,82.48,161.64,30.10,96.73,0.38086,-1,-1,-1
772,-1,284.84,134.95,29.74,163.20,0.34030,-1,-1,-1
772,-1,514.10,36.76,59.03,85.80,0.15148,-1,-1,-1
772,-1,504.96,209.17,20.44,31.73,0.14568,-1,-1,-1
772,-1,308.48,163.68,24.40,101.78,0.12755,-1,-1,-1
772,-1,513.43,42.05,67.11,201.02,0.10224,-1,-1,-1
772,-1,269.70,106.03,54.14,205.86,0.06894,-1,-1,-1
772,-1,67.48,186.17,25.73,71.51,0.06767,-1,-1,-1
772,-1,316.25,122.37,77.17,220.77,0.06230,-1,-1,-1
772,-1,286.24,235.64,28.87,47.40,0.06168,-1,-1,-1
772,-1,547.33,7.27,92.67,332.02,0.05282,-1,-1,-1
772,-1,525.26,195.60,44.85,111.14,0.05162,-1,-1,-1
772,-1,388.05,17.60,216.63,446.85,0.05112,-1,-1,-1
773,-1,152.03,137.98,58.08,149.65,0.99955,-1,-1,-1
773,-1,68.48,148.10,56.89,136.86,0.99926,-1,-1,-1
773,-1,212.68,91.20,95.57,281.95,0.99919,-1,-1,-1
773,-1,327.74,83.17,108.72,295.21,0.99864,-1,-1,-1
773,-1,39.27,152.64,41.26,105.32,0.99551,-1,-1,-1
773,-1,496.07,13.94,138.43,457.51,0.98281,-1,-1,-1
773,-1,502.61,37.01,107.24,267.88,0.91771,-1,-1,-1
773,-1,48.91,152.07,49.76,113.95,0.81073,-1,-1,-1
773,-1,499.40,208.46,27.29,34.20,0.46622,-1,-1,-1
773,-1,541.16,25.29,96.24,335.49,0.43836,-1,-1,-1
773,-1,340.43,84.69,88.50,169.51,0.38566,-1,-1,-1
773,-1,516.39,36.95,59.99,225.55,0.32882,-1,-1,-1
773,-1,278.44,116.78,33.96,184.00,0.28270,-1,-1,-1
773,-1,65.11,168.63,24.48,82.41,0.27924,-1,-1,-1
773,-1,258.77,107.24,50.39,165.44,0.09041,-1,-1,-1
773,-1,211.93,138.86,30.81,145.72,0.06956,-1,-1,-1
773,-1,26.88,150.85,112.91,116.46,0.06035,-1,-1,-1
773,-1,71.86,201.73,15.77,49.19,0.05375,-1,-1,-1
774,-1,155.65,138.30,50.05,152.31,0.99948,-1,-1,-1
774,-1,215.34,89.64,96.09,273.05,0.99941,-1,-1,-1
774,-1,328.20,83.83,106.23,298.21,0.99893,-1,-1,-1
774,-1,66.63,151.53,54.90,134.48,0.99809,-1,-1,-1
774,-1,41.91,153.13,43.57,104.58,0.99209,-1,-1,-1
774,-1,505.32,12.05,130.01,456.44,0.98021,-1,-1,-1
774,-1,498.33,27.41,108.29,300.58,0.92263,-1,-1,-1
774,-1,308.26,171.80,27.62,99.30,0.59763,-1,-1,-1
774,-1,92.59,160.31,31.29,96.78,0.55225,-1,-1,-1
774,-1,213.80,136.96,29.18,150.56,0.30651,-1,-1,-1
774,-1,220.00,203.39,19.25,82.64,0.26570,-1,-1,-1
774,-1,184.40,151.49,20.55,91.14,0.20906,-1,-1,-1
774,-1,101.40,179.80,20.32,64.59,0.13100,-1,-1,-1
774,-1,515.19,26.69,75.22,195.88,0.12604,-1,-1,-1
774,-1,311.46,172.19,21.03,40.72,0.10795,-1,-1,-1
774,-1,277.60,119.29,35.15,184.98,0.10661,-1,-1,-1
774,-1,316.41,175.99,23.60,71.10,0.09645,-1,-1,-1
774,-1,554.32,12.00,85.37,309.61,0.05380,-1,-1,-1
775,-1,214.71,88.77,96.86,271.52,0.99953,-1,-1,-1
775,-1,151.53,138.68,50.23,157.98,0.99950,-1,-1,-1
775,-1,325.53,87.70,107.58,298.19,0.99906,-1,-1,-1
775,-1,69.44,151.12,52.95,133.59,0.99386,-1,-1,-1
775,-1,41.00,151.73,47.42,114.58,0.98981,-1,-1,-1
775,-1,474.92,13.24,144.65,443.40,0.98793,-1,-1,-1
775,-1,533.83,14.11,105.55,354.64,0.83032,-1,-1,-1
775,-1,479.71,20.08,112.55,275.09,0.81127,-1,-1,-1
775,-1,316.59,178.24,20.72,56.75,0.47808,-1,-1,-1
775,-1,94.48,166.52,31.55,90.59,0.37261,-1,-1,-1
775,-1,181.85,154.87,21.39,89.20,0.16716,-1,-1,-1
775,-1,314.10,176.67,18.80,40.41,0.11593,-1,-1,-1
775,-1,40.48,172.91,32.24,84.11,0.10926,-1,-1,-1
775,-1,446.36,73.66,115.21,346.93,0.10272,-1,-1,-1
775,-1,550.99,119.57,86.64,339.47,0.09703,-1,-1,-1
775,-1,217.21,224.83,22.58,63.67,0.09635,-1,-1,-1
775,-1,559.94,3.24,79.45,236.56,0.08734,-1,-1,-1
775,-1,513.21,110.31,116.99,203.46,0.08699,-1,-1,-1
775,-1,311.55,172.24,22.56,82.62,0.08648,-1,-1,-1
775,-1,214.82,135.81,31.80,148.66,0.08249,-1,-1,-1
775,-1,379.96,88.70,43.79,58.94,0.06003,-1,-1,-1
775,-1,334.56,91.72,93.44,159.57,0.05805,-1,-1,-1
775,-1,578.67,135.45,59.20,199.57,0.05801,-1,-1,-1
776,-1,212.69,91.10,97.89,274.77,0.99972,-1,-1,-1
776,-1,145.29,138.43,52.68,162.21,0.99955,-1,-1,-1
776,-1,325.98,89.51,104.71,305.70,0.99828,-1,-1,-1
776,-1,34.98,153.68,60.20,135.15,0.99487,-1,-1,-1
776,-1,87.43,163.60,39.23,102.47,0.99227,-1,-1,-1
776,-1,440.75,12.98,157.02,444.41,0.98367,-1,-1,-1
776,-1,531.78,15.44,107.89,354.29,0.95715,-1,-1,-1
776,-1,61.37,156.67,55.47,117.70,0.94258,-1,-1,-1
776,-1,489.91,82.06,142.24,385.25,0.32363,-1,-1,-1
776,-1,324.43,96.75,101.16,151.91,0.24371,-1,-1,-1
776,-1,215.10,195.70,27.04,102.94,0.23247,-1,-1,-1
776,-1,352.08,87.63,139.01,324.93,0.20854,-1,-1,-1
776,-1,102.51,164.03,19.49,32.56,0.19279,-1,-1,-1
776,-1,70.01,160.83,27.74,100.31,0.17627,-1,-1,-1
776,-1,34.69,193.01,27.13,74.36,0.16558,-1,-1,-1
776,-1,32.54,162.76,39.60,87.37,0.15998,-1,-1,-1
776,-1,140.31,191.40,11.57,33.48,0.15499,-1,-1,-1
776,-1,321.99,81.98,27.89,83.66,0.13749,-1,-1,-1
776,-1,303.77,112.07,62.59,233.76,0.12852,-1,-1,-1
776,-1,382.18,92.26,34.55,54.45,0.12440,-1,-1,-1
776,-1,314.23,177.15,22.50,66.91,0.11255,-1,-1,-1
776,-1,468.88,25.03,115.51,207.15,0.11080,-1,-1,-1
776,-1,410.46,184.86,120.64,245.58,0.10236,-1,-1,-1
776,-1,80.31,168.96,29.72,91.15,0.10045,-1,-1,-1
776,-1,132.12,186.48,19.24,37.61,0.09486,-1,-1,-1
776,-1,178.41,171.18,23.13,77.00,0.08251,-1,-1,-1
776,-1,168.07,145.47,33.05,105.58,0.06618,-1,-1,-1
776,-1,211.22,141.08,34.46,153.42,0.06405,-1,-1,-1
776,-1,45.92,156.01,28.84,43.97,0.05749,-1,-1,-1
777,-1,209.64,94.58,102.54,269.34,0.99964,-1,-1,-1
777,-1,139.25,136.92,52.29,169.53,0.99957,-1,-1,-1
777,-1,328.55,93.74,103.19,300.17,0.99868,-1,-1,-1
777,-1,37.49,151.90,51.03,140.11,0.99332,-1,-1,-1
777,-1,430.87,23.13,139.13,392.14,0.98675,-1,-1,-1
777,-1,87.75,165.41,40.12,97.43,0.98000,-1,-1,-1
777,-1,523.07,18.88,116.37,401.80,0.97049,-1,-1,-1
777,-1,62.72,156.53,59.39,120.46,0.87211,-1,-1,-1
777,-1,209.03,150.78,36.63,149.94,0.47039,-1,-1,-1
777,-1,166.52,147.69,30.24,106.35,0.43971,-1,-1,-1
777,-1,79.14,170.99,28.76,90.81,0.42633,-1,-1,-1
777,-1,359.34,67.21,151.29,361.58,0.41389,-1,-1,-1
777,-1,328.63,97.12,95.88,157.59,0.34961,-1,-1,-1
777,-1,401.98,157.10,149.64,266.94,0.31461,-1,-1,-1
777,-1,102.16,163.79,17.36,32.76,0.26193,-1,-1,-1
777,-1,35.58,167.46,33.76,88.57,0.20690,-1,-1,-1
777,-1,313.31,171.30,20.46,78.55,0.14906,-1,-1,-1
777,-1,381.23,95.06,34.55,53.29,0.13571,-1,-1,-1
777,-1,493.45,25.91,107.41,300.66,0.11838,-1,-1,-1
777,-1,472.88,196.19,82.81,212.78,0.11638,-1,-1,-1
777,-1,260.36,99.25,51.82,154.15,0.09369,-1,-1,-1
777,-1,121.50,196.07,19.72,28.82,0.08475,-1,-1,-1
777,-1,500.49,162.75,122.88,296.80,0.07187,-1,-1,-1
777,-1,22.73,160.01,36.63,84.82,0.06674,-1,-1,-1
777,-1,206.04,126.69,23.28,85.21,0.05613,-1,-1,-1
777,-1,135.31,196.59,10.85,28.25,0.05577,-1,-1,-1
778,-1,136.32,135.16,58.09,175.50,0.99960,-1,-1,-1
778,-1,204.70,100.43,112.53,268.86,0.99911,-1,-1,-1
778,-1,29.57,153.11,57.99,142.33,0.99839,-1,-1,-1
778,-1,94.73,164.69,36.36,101.64,0.99706,-1,-1,-1
778,-1,328.19,90.34,104.42,311.05,0.99484,-1,-1,-1
778,-1,413.08,10.18,150.52,447.02,0.99463,-1,-1,-1
778,-1,515.06,17.87,124.94,426.42,0.98640,-1,-1,-1
778,-1,204.85,135.85,45.91,177.25,0.90937,-1,-1,-1
778,-1,71.84,164.92,19.84,96.08,0.57077,-1,-1,-1
778,-1,353.45,73.17,164.11,366.29,0.55761,-1,-1,-1
778,-1,440.42,31.28,126.46,212.63,0.37900,-1,-1,-1
778,-1,404.74,190.45,142.40,256.38,0.37054,-1,-1,-1
778,-1,384.28,93.04,36.72,55.93,0.36981,-1,-1,-1
778,-1,511.73,32.57,54.96,159.22,0.30583,-1,-1,-1
778,-1,78.14,175.32,21.09,84.91,0.30544,-1,-1,-1
778,-1,27.22,165.65,32.61,92.79,0.30158,-1,-1,-1
778,-1,334.00,105.28,92.60,153.72,0.19556,-1,-1,-1
778,-1,82.56,198.95,20.81,60.09,0.18506,-1,-1,-1
778,-1,472.51,22.46,126.99,426.28,0.16483,-1,-1,-1
778,-1,208.69,157.41,25.75,81.50,0.11985,-1,-1,-1
778,-1,216.18,159.25,18.59,47.54,0.08041,-1,-1,-1
778,-1,55.13,158.72,40.91,116.65,0.07532,-1,-1,-1
778,-1,255.71,101.81,60.01,146.64,0.05980,-1,-1,-1
778,-1,29.56,174.18,27.08,29.51,0.05586,-1,-1,-1
778,-1,287.92,128.55,35.39,141.39,0.05420,-1,-1,-1
778,-1,215.22,139.23,24.80,72.10,0.05328,-1,-1,-1
779,-1,137.71,133.63,57.42,181.26,0.99956,-1,-1,-1
779,-1,22.35,156.37,64.21,142.77,0.99914,-1,-1,-1
779,-1,214.33,112.53,108.68,257.70,0.99813,-1,-1,-1
779,-1,104.48,167.91,31.47,101.01,0.99699,-1,-1,-1
779,-1,338.37,88.58,104.48,299.84,0.98844,-1,-1,-1
779,-1,512.85,21.80,126.44,442.35,0.98419,-1,-1,-1
779,-1,73.79,162.94,25.34,105.01,0.98001,-1,-1,-1
779,-1,211.06,132.45,48.22,182.62,0.97928,-1,-1,-1
779,-1,419.23,23.27,145.44,438.62,0.95245,-1,-1,-1
779,-1,218.93,138.47,31.69,96.48,0.58489,-1,-1,-1
779,-1,367.44,68.21,156.24,399.77,0.58421,-1,-1,-1
779,-1,388.14,96.28,39.50,50.43,0.45872,-1,-1,-1
779,-1,346.15,103.04,89.36,162.12,0.43157,-1,-1,-1
779,-1,430.06,24.12,129.90,216.76,0.42026,-1,-1,-1
779,-1,291.16,141.54,38.93,141.13,0.34778,-1,-1,-1
779,-1,196.85,197.85,12.68,41.88,0.32137,-1,-1,-1
779,-1,299.26,188.79,22.93,95.32,0.26849,-1,-1,-1
779,-1,512.67,29.53,52.25,176.31,0.17447,-1,-1,-1
779,-1,195.58,172.84,19.45,67.37,0.15646,-1,-1,-1
779,-1,92.20,194.83,19.27,70.02,0.14251,-1,-1,-1
779,-1,406.49,212.76,133.25,255.04,0.12507,-1,-1,-1
779,-1,255.83,110.95,69.81,174.35,0.11508,-1,-1,-1
779,-1,470.55,23.09,124.40,321.80,0.09494,-1,-1,-1
779,-1,96.94,182.95,14.19,61.22,0.07462,-1,-1,-1
779,-1,323.91,187.81,52.77,138.47,0.05705,-1,-1,-1
779,-1,372.11,97.31,56.86,69.25,0.05295,-1,-1,-1
780,-1,134.63,130.94,60.87,184.15,0.99954,-1,-1,-1
780,-1,219.40,110.43,109.65,265.17,0.99914,-1,-1,-1
780,-1,17.91,157.48,65.35,141.18,0.99863,-1,-1,-1
780,-1,107.31,166.44,32.78,103.67,0.99544,-1,-1,-1
780,-1,72.42,158.09,32.72,115.66,0.99511,-1,-1,-1
780,-1,486.48,7.48,152.91,464.32,0.98891,-1,-1,-1
780,-1,408.24,17.82,137.87,444.55,0.98698,-1,-1,-1
780,-1,214.55,133.58,42.34,187.49,0.98315,-1,-1,-1
780,-1,348.66,101.09,91.80,211.65,0.85033,-1,-1,-1
780,-1,394.58,93.74,36.16,54.07,0.82851,-1,-1,-1
780,-1,343.56,89.27,149.63,356.90,0.72438,-1,-1,-1
780,-1,218.99,138.26,32.18,101.01,0.69355,-1,-1,-1
780,-1,196.10,166.40,20.20,74.80,0.60971,-1,-1,-1
780,-1,400.86,152.76,106.50,314.15,0.30009,-1,-1,-1
780,-1,519.06,0.00,119.95,236.56,0.27104,-1,-1,-1
780,-1,301.31,180.70,27.97,100.02,0.22518,-1,-1,-1
780,-1,199.67,193.89,14.02,46.05,0.18492,-1,-1,-1
780,-1,329.06,191.99,15.61,47.30,0.18308,-1,-1,-1
780,-1,90.15,177.46,19.69,88.10,0.12104,-1,-1,-1
780,-1,466.56,14.97,89.34,410.05,0.11426,-1,-1,-1
780,-1,289.22,135.99,42.80,148.83,0.08024,-1,-1,-1
780,-1,329.94,132.52,82.13,206.89,0.07090,-1,-1,-1
780,-1,356.94,104.32,74.96,94.41,0.06270,-1,-1,-1
780,-1,398.77,14.07,208.86,274.98,0.05527,-1,-1,-1
780,-1,504.59,17.03,63.68,122.34,0.05020,-1,-1,-1
781,-1,121.56,126.17,74.40,197.99,0.99958,-1,-1,-1
781,-1,13.60,158.43,66.96,138.32,0.99846,-1,-1,-1
781,-1,235.36,107.17,94.25,256.06,0.99831,-1,-1,-1
781,-1,459.25,4.48,180.75,466.71,0.99525,-1,-1,-1
781,-1,66.98,157.47,44.00,117.55,0.99482,-1,-1,-1
781,-1,211.78,130.36,47.04,195.10,0.99418,-1,-1,-1
781,-1,109.90,172.70,24.18,95.77,0.97460,-1,-1,-1
781,-1,410.88,17.00,111.32,378.55,0.96054,-1,-1,-1
781,-1,338.03,91.22,111.24,362.18,0.95633,-1,-1,-1
781,-1,341.77,95.79,94.70,208.97,0.90950,-1,-1,-1
781,-1,217.95,117.19,71.57,233.80,0.71615,-1,-1,-1
781,-1,377.17,58.11,120.48,404.00,0.48342,-1,-1,-1
781,-1,42.21,154.87,48.80,124.96,0.44617,-1,-1,-1
781,-1,323.78,181.45,24.03,66.54,0.32132,-1,-1,-1
781,-1,12.11,169.69,39.29,112.35,0.27708,-1,-1,-1
781,-1,502.02,13.63,47.73,118.21,0.26715,-1,-1,-1
781,-1,290.45,122.66,43.91,158.90,0.20198,-1,-1,-1
781,-1,199.83,155.41,21.09,85.29,0.18417,-1,-1,-1
781,-1,416.46,18.25,108.37,191.59,0.16927,-1,-1,-1
781,-1,200.90,196.17,15.09,44.11,0.12155,-1,-1,-1
781,-1,398.09,91.08,35.38,55.20,0.11617,-1,-1,-1
781,-1,88.10,163.12,22.69,96.01,0.11125,-1,-1,-1
781,-1,202.13,132.04,38.14,137.43,0.10488,-1,-1,-1
781,-1,43.13,161.25,28.89,76.20,0.10234,-1,-1,-1
781,-1,354.81,166.58,15.49,49.18,0.10129,-1,-1,-1
781,-1,10.78,196.18,13.53,48.23,0.09208,-1,-1,-1
781,-1,390.71,71.85,197.86,390.16,0.08291,-1,-1,-1
781,-1,331.19,164.82,51.24,156.69,0.07990,-1,-1,-1
781,-1,166.76,141.29,39.03,116.17,0.07909,-1,-1,-1
781,-1,330.26,22.86,179.84,318.75,0.06743,-1,-1,-1
781,-1,12.14,177.11,30.26,70.00,0.06223,-1,-1,-1
781,-1,304.31,189.24,18.02,94.41,0.05689,-1,-1,-1
781,-1,110.83,141.50,39.08,140.15,0.05490,-1,-1,-1
782,-1,112.53,127.25,79.17,201.99,0.99954,-1,-1,-1
782,-1,247.20,105.23,88.60,262.83,0.99858,-1,-1,-1
782,-1,208.29,127.01,51.18,204.96,0.99847,-1,-1,-1
782,-1,13.58,157.40,57.98,138.82,0.99661,-1,-1,-1
782,-1,439.33,16.35,197.14,456.73,0.99498,-1,-1,-1
782,-1,67.20,159.72,45.04,116.46,0.99429,-1,-1,-1
782,-1,410.01,11.22,137.57,453.84,0.91430,-1,-1,-1
782,-1,344.20,113.72,101.08,324.73,0.91278,-1,-1,-1
782,-1,110.55,169.99,22.39,98.93,0.90691,-1,-1,-1
782,-1,348.92,102.88,82.97,204.11,0.87458,-1,-1,-1
782,-1,400.09,21.82,113.81,307.92,0.82878,-1,-1,-1
782,-1,353.73,32.49,142.66,424.03,0.67952,-1,-1,-1
782,-1,507.46,28.79,32.88,68.10,0.44558,-1,-1,-1
782,-1,47.68,158.55,54.30,127.49,0.30539,-1,-1,-1
782,-1,112.44,177.53,17.53,60.38,0.18843,-1,-1,-1
782,-1,457.63,14.00,142.03,317.11,0.17804,-1,-1,-1
782,-1,32.14,159.50,40.82,97.59,0.13234,-1,-1,-1
782,-1,325.48,181.81,22.55,64.89,0.12922,-1,-1,-1
782,-1,52.90,170.17,21.17,65.92,0.12717,-1,-1,-1
782,-1,348.54,103.69,74.78,98.72,0.12384,-1,-1,-1
782,-1,110.73,130.91,52.32,156.56,0.10480,-1,-1,-1
782,-1,71.27,168.93,14.50,24.99,0.10006,-1,-1,-1
782,-1,0.48,189.58,21.70,52.06,0.09837,-1,-1,-1
782,-1,399.15,95.37,30.98,54.25,0.08793,-1,-1,-1
782,-1,91.02,162.39,24.62,81.45,0.08789,-1,-1,-1
782,-1,349.05,166.94,23.10,64.55,0.08704,-1,-1,-1
782,-1,64.97,168.04,22.79,65.42,0.07481,-1,-1,-1
782,-1,202.72,198.31,14.21,42.49,0.07456,-1,-1,-1
782,-1,338.36,47.41,145.27,246.22,0.06987,-1,-1,-1
782,-1,166.70,147.45,36.45,109.91,0.05918,-1,-1,-1
783,-1,108.67,125.46,84.22,208.82,0.99957,-1,-1,-1
783,-1,203.67,124.17,55.47,210.90,0.99931,-1,-1,-1
783,-1,250.78,105.22,79.88,260.55,0.99908,-1,-1,-1
783,-1,7.17,153.50,58.93,145.81,0.99838,-1,-1,-1
783,-1,70.43,156.10,46.12,119.32,0.99507,-1,-1,-1
783,-1,390.56,15.81,157.52,452.01,0.96716,-1,-1,-1
783,-1,459.26,7.33,174.58,463.29,0.95033,-1,-1,-1
783,-1,351.39,147.19,65.63,136.78,0.74988,-1,-1,-1
783,-1,343.83,109.55,89.31,322.79,0.70413,-1,-1,-1
783,-1,352.70,168.22,22.68,63.04,0.67383,-1,-1,-1
783,-1,329.00,187.25,18.98,62.15,0.49272,-1,-1,-1
783,-1,355.53,162.43,32.44,76.13,0.20840,-1,-1,-1
783,-1,334.74,1.01,297.78,312.12,0.14607,-1,-1,-1
783,-1,57.93,171.39,23.32,60.16,0.13907,-1,-1,-1
783,-1,374.24,25.10,129.40,276.89,0.11989,-1,-1,-1
783,-1,62.54,169.97,24.72,80.55,0.11601,-1,-1,-1
783,-1,328.21,190.69,17.26,32.56,0.08639,-1,-1,-1
783,-1,69.08,172.24,15.08,41.97,0.06129,-1,-1,-1
783,-1,2.42,165.79,31.04,82.31,0.05985,-1,-1,-1
783,-1,143.03,133.30,49.92,168.34,0.05475,-1,-1,-1
783,-1,4.47,160.54,18.96,28.28,0.05232,-1,-1,-1
784,-1,194.33,122.16,68.82,219.84,0.99959,-1,-1,-1
784,-1,108.21,122.81,73.53,219.71,0.99947,-1,-1,-1
784,-1,257.15,110.23,76.66,256.34,0.99921,-1,-1,-1
784,-1,4.52,158.07,50.35,142.33,0.99805,-1,-1,-1
784,-1,362.62,29.30,140.60,427.90,0.99320,-1,-1,-1
784,-1,76.60,156.05,41.85,123.80,0.99016,-1,-1,-1
784,-1,462.63,3.46,165.59,461.33,0.97347,-1,-1,-1
784,-1,69.83,165.28,33.31,106.74,0.69259,-1,-1,-1
784,-1,66.26,175.11,25.17,88.22,0.64760,-1,-1,-1
784,-1,67.18,174.70,16.75,56.57,0.40680,-1,-1,-1
784,-1,352.72,172.54,21.97,65.40,0.25949,-1,-1,-1
784,-1,49.66,171.47,20.51,65.63,0.19857,-1,-1,-1
784,-1,326.01,108.09,87.05,328.99,0.18253,-1,-1,-1
784,-1,59.81,169.48,19.89,69.72,0.15970,-1,-1,-1
784,-1,356.78,162.19,36.66,83.83,0.11205,-1,-1,-1
784,-1,92.18,160.91,29.42,89.25,0.10558,-1,-1,-1
784,-1,351.27,155.27,49.98,132.25,0.08834,-1,-1,-1
784,-1,67.61,173.25,16.87,26.48,0.08320,-1,-1,-1
784,-1,328.85,165.06,53.85,158.67,0.06976,-1,-1,-1
784,-1,23.24,155.17,40.81,119.10,0.05840,-1,-1,-1
784,-1,375.27,40.16,114.46,214.89,0.05363,-1,-1,-1
784,-1,45.85,168.61,40.56,77.40,0.05101,-1,-1,-1
785,-1,89.50,117.48,83.80,226.31,0.99958,-1,-1,-1
785,-1,183.41,115.85,73.39,232.46,0.99947,-1,-1,-1
785,-1,253.84,111.94,81.54,253.81,0.99894,-1,-1,-1
785,-1,347.19,26.49,145.16,443.81,0.99706,-1,-1,-1
785,-1,1.37,157.78,40.18,144.59,0.99422,-1,-1,-1
785,-1,462.11,0.00,164.56,462.31,0.99010,-1,-1,-1
785,-1,59.56,173.39,25.08,87.03,0.86892,-1,-1,-1
785,-1,38.57,174.75,19.81,67.91,0.77144,-1,-1,-1
785,-1,25.63,173.61,28.39,100.07,0.64839,-1,-1,-1
785,-1,80.22,154.32,31.81,113.46,0.60704,-1,-1,-1
785,-1,62.11,167.75,36.13,104.60,0.55192,-1,-1,-1
785,-1,58.82,172.32,23.04,49.58,0.29176,-1,-1,-1
785,-1,453.18,21.30,103.12,409.87,0.23033,-1,-1,-1
785,-1,346.99,167.72,23.57,76.98,0.16556,-1,-1,-1
785,-1,36.18,173.36,44.24,91.77,0.13394,-1,-1,-1
785,-1,524.68,143.66,108.01,316.85,0.11443,-1,-1,-1
785,-1,47.99,175.80,13.93,59.23,0.08023,-1,-1,-1
785,-1,447.02,208.16,54.18,187.86,0.07105,-1,-1,-1
785,-1,39.53,173.81,19.93,28.92,0.06507,-1,-1,-1
785,-1,71.21,211.01,32.55,66.44,0.06090,-1,-1,-1
785,-1,13.29,166.13,32.66,111.37,0.06076,-1,-1,-1
785,-1,336.90,111.28,83.01,331.78,0.05622,-1,-1,-1
785,-1,0.00,175.12,16.91,91.94,0.05355,-1,-1,-1
786,-1,160.60,118.26,92.84,239.23,0.99954,-1,-1,-1
786,-1,73.44,109.13,88.11,236.61,0.99942,-1,-1,-1
786,-1,250.95,120.37,81.12,247.77,0.99889,-1,-1,-1
786,-1,342.39,32.04,163.06,424.10,0.99753,-1,-1,-1
786,-1,458.02,0.00,177.45,445.91,0.99414,-1,-1,-1
786,-1,50.00,169.76,27.63,101.84,0.99365,-1,-1,-1
786,-1,0.10,161.71,24.27,139.70,0.96731,-1,-1,-1
786,-1,15.78,172.22,30.58,98.85,0.94080,-1,-1,-1
786,-1,472.37,21.59,67.53,106.43,0.61935,-1,-1,-1
786,-1,4.88,170.56,30.54,104.61,0.42720,-1,-1,-1
786,-1,344.10,177.01,108.02,276.63,0.16144,-1,-1,-1
786,-1,532.63,86.31,104.44,363.48,0.15379,-1,-1,-1
786,-1,1.40,158.00,23.78,47.70,0.13757,-1,-1,-1
786,-1,462.93,29.33,100.83,389.03,0.12780,-1,-1,-1
786,-1,21.30,170.68,27.41,63.07,0.11868,-1,-1,-1
786,-1,482.10,148.50,112.89,283.76,0.11384,-1,-1,-1
786,-1,485.75,2.27,153.50,220.50,0.11203,-1,-1,-1
786,-1,123.16,122.82,41.01,161.42,0.10272,-1,-1,-1
786,-1,64.07,113.64,254.53,237.62,0.10076,-1,-1,-1
786,-1,423.43,82.91,78.95,337.54,0.08610,-1,-1,-1
786,-1,27.14,170.87,20.03,21.55,0.08479,-1,-1,-1
786,-1,57.69,156.75,36.89,110.72,0.06792,-1,-1,-1
786,-1,5.87,154.27,54.18,138.15,0.06583,-1,-1,-1
786,-1,247.39,197.52,15.76,47.45,0.05765,-1,-1,-1
786,-1,39.64,173.75,12.15,25.54,0.05731,-1,-1,-1
787,-1,150.37,115.81,95.73,245.44,0.99965,-1,-1,-1
787,-1,56.40,106.85,102.00,247.27,0.99938,-1,-1,-1
787,-1,250.86,119.47,78.97,248.17,0.99889,-1,-1,-1
787,-1,338.69,27.21,165.87,429.73,0.99725,-1,-1,-1
787,-1,474.75,3.95,161.18,444.77,0.99155,-1,-1,-1
787,-1,7.32,164.76,35.10,113.59,0.97928,-1,-1,-1
787,-1,42.74,171.58,25.20,89.65,0.89057,-1,-1,-1
787,-1,464.13,30.89,76.73,229.83,0.81998,-1,-1,-1
787,-1,0.07,164.27,17.55,119.77,0.81588,-1,-1,-1
787,-1,468.48,27.33,69.61,125.08,0.74953,-1,-1,-1
787,-1,50.02,166.20,29.60,109.34,0.73477,-1,-1,-1
787,-1,114.30,125.85,45.85,153.66,0.67180,-1,-1,-1
787,-1,463.97,13.70,87.49,406.65,0.54847,-1,-1,-1
787,-1,245.47,199.27,17.12,49.12,0.20973,-1,-1,-1
787,-1,349.34,112.38,100.96,338.38,0.20708,-1,-1,-1
787,-1,0.00,162.66,15.41,62.34,0.20017,-1,-1,-1
787,-1,450.02,29.38,66.31,350.07,0.16821,-1,-1,-1
787,-1,492.04,4.65,146.54,246.20,0.15138,-1,-1,-1
787,-1,36.99,169.59,23.50,73.54,0.08847,-1,-1,-1
787,-1,121.83,180.66,27.44,93.81,0.07329,-1,-1,-1
787,-1,551.72,103.22,88.10,353.55,0.05889,-1,-1,-1
787,-1,41.46,170.61,24.25,50.76,0.05677,-1,-1,-1
787,-1,274.18,124.96,60.35,178.00,0.05136,-1,-1,-1
787,-1,13.92,169.71,12.91,21.04,0.05061,-1,-1,-1
788,-1,137.76,110.12,96.12,266.18,0.99958,-1,-1,-1
788,-1,250.34,119.21,73.04,244.87,0.99933,-1,-1,-1
788,-1,38.54,98.75,109.31,263.31,0.99818,-1,-1,-1
788,-1,327.85,27.15,188.09,428.50,0.99732,-1,-1,-1
788,-1,492.29,3.35,143.80,458.86,0.99601,-1,-1,-1
788,-1,1.55,163.84,34.73,109.58,0.93691,-1,-1,-1
788,-1,243.64,200.29,14.24,48.79,0.91784,-1,-1,-1
788,-1,454.27,22.81,83.98,406.20,0.91046,-1,-1,-1
788,-1,226.43,202.22,18.52,64.72,0.88016,-1,-1,-1
788,-1,415.44,2.83,177.63,456.90,0.78869,-1,-1,-1
788,-1,34.04,147.59,37.18,128.59,0.60295,-1,-1,-1
788,-1,103.42,120.16,43.55,157.34,0.45450,-1,-1,-1
788,-1,234.14,201.11,15.68,48.15,0.38706,-1,-1,-1
788,-1,14.73,150.73,39.57,125.88,0.23591,-1,-1,-1
788,-1,32.89,168.98,16.95,44.92,0.20047,-1,-1,-1
788,-1,462.19,28.34,68.85,127.29,0.17167,-1,-1,-1
788,-1,228.90,205.47,17.77,33.40,0.14869,-1,-1,-1
788,-1,28.92,170.47,17.50,31.90,0.11310,-1,-1,-1
788,-1,30.99,164.33,25.20,87.29,0.11202,-1,-1,-1
788,-1,235.77,175.56,21.42,74.44,0.08395,-1,-1,-1
788,-1,3.44,168.34,31.00,58.74,0.06445,-1,-1,-1
788,-1,233.13,199.85,14.60,26.35,0.05093,-1,-1,-1
789,-1,131.75,104.19,90.02,275.39,0.99935,-1,-1,-1
789,-1,17.77,95.56,110.57,285.97,0.99916,-1,-1,-1
789,-1,249.15,118.35,71.59,234.57,0.99893,-1,-1,-1
789,-1,498.93,3.20,138.06,461.48,0.99551,-1,-1,-1
789,-1,323.93,26.54,199.78,431.78,0.98463,-1,-1,-1
789,-1,215.78,188.93,20.15,81.88,0.96230,-1,-1,-1
789,-1,442.95,28.85,97.24,414.80,0.88633,-1,-1,-1
789,-1,234.81,198.32,17.21,52.18,0.85402,-1,-1,-1
789,-1,0.31,164.83,21.85,113.33,0.83139,-1,-1,-1
789,-1,90.72,132.10,47.30,148.76,0.78218,-1,-1,-1
789,-1,98.26,190.92,36.87,88.63,0.76333,-1,-1,-1
789,-1,390.90,8.80,189.20,454.73,0.65552,-1,-1,-1
789,-1,220.32,188.39,25.89,70.93,0.54374,-1,-1,-1
789,-1,5.11,144.45,40.85,136.21,0.42430,-1,-1,-1
789,-1,224.90,193.10,15.93,52.22,0.34523,-1,-1,-1
789,-1,313.70,81.87,125.44,390.52,0.25727,-1,-1,-1
789,-1,152.19,185.72,80.78,194.72,0.14247,-1,-1,-1
789,-1,470.96,29.63,93.64,341.06,0.12868,-1,-1,-1
789,-1,448.07,32.75,78.44,159.32,0.10946,-1,-1,-1
789,-1,358.93,43.93,63.20,120.03,0.10836,-1,-1,-1
789,-1,338.05,40.63,100.16,178.61,0.07807,-1,-1,-1
789,-1,21.88,121.28,44.03,159.11,0.06664,-1,-1,-1
789,-1,405.39,44.61,110.79,349.45,0.05160,-1,-1,-1
790,-1,7.01,94.44,113.88,307.25,0.99927,-1,-1,-1
790,-1,118.18,97.50,90.67,291.58,0.99921,-1,-1,-1
790,-1,241.23,120.51,78.50,232.31,0.99794,-1,-1,-1
790,-1,306.42,34.49,205.56,433.50,0.99579,-1,-1,-1
790,-1,483.88,2.54,153.99,465.45,0.99516,-1,-1,-1
790,-1,206.04,191.38,25.39,84.79,0.99054,-1,-1,-1
790,-1,434.45,40.69,103.71,409.91,0.96580,-1,-1,-1
790,-1,227.79,204.66,17.12,52.08,0.86355,-1,-1,-1
790,-1,402.54,14.41,195.86,454.89,0.83363,-1,-1,-1
790,-1,96.44,173.06,29.02,109.68,0.65854,-1,-1,-1
790,-1,11.29,149.91,30.87,134.28,0.51806,-1,-1,-1
790,-1,75.19,130.69,48.96,154.27,0.32953,-1,-1,-1
790,-1,0.00,162.48,21.66,87.46,0.29017,-1,-1,-1
790,-1,317.88,79.86,115.25,393.30,0.18024,-1,-1,-1
790,-1,210.18,205.12,15.88,66.12,0.16373,-1,-1,-1
790,-1,220.48,201.17,20.54,64.61,0.16214,-1,-1,-1
790,-1,476.69,37.14,93.49,334.11,0.15901,-1,-1,-1
790,-1,440.25,39.16,83.79,156.89,0.11437,-1,-1,-1
790,-1,107.75,170.14,21.25,95.18,0.08355,-1,-1,-1
790,-1,140.70,192.64,78.86,193.38,0.07854,-1,-1,-1
790,-1,224.27,206.91,10.86,46.08,0.07815,-1,-1,-1
790,-1,237.59,222.25,18.02,42.25,0.07646,-1,-1,-1
790,-1,0.00,169.14,16.28,51.11,0.07218,-1,-1,-1
791,-1,3.12,85.38,98.01,320.97,0.99944,-1,-1,-1
791,-1,100.73,85.22,97.37,314.76,0.99934,-1,-1,-1
791,-1,231.53,122.47,86.13,230.11,0.99913,-1,-1,-1
791,-1,493.78,3.84,141.97,464.85,0.99580,-1,-1,-1
791,-1,300.54,46.04,207.22,426.26,0.99503,-1,-1,-1
791,-1,197.41,193.02,29.58,85.68,0.98259,-1,-1,-1
791,-1,435.73,52.55,102.93,401.07,0.98121,-1,-1,-1
791,-1,405.60,7.10,192.74,461.02,0.73347,-1,-1,-1
791,-1,240.68,206.68,17.15,61.62,0.47252,-1,-1,-1
791,-1,222.92,201.72,15.86,57.61,0.42179,-1,-1,-1
791,-1,194.07,199.22,19.42,70.97,0.41921,-1,-1,-1
791,-1,188.22,196.86,14.54,72.23,0.35697,-1,-1,-1
791,-1,435.17,45.03,77.78,134.34,0.27638,-1,-1,-1
791,-1,88.82,156.58,25.01,131.26,0.20503,-1,-1,-1
791,-1,206.34,192.20,33.65,78.48,0.16024,-1,-1,-1
791,-1,475.53,31.45,96.28,324.69,0.12495,-1,-1,-1
791,-1,226.71,208.71,22.20,54.36,0.11199,-1,-1,-1
791,-1,367.85,58.10,122.43,335.37,0.10013,-1,-1,-1
791,-1,190.50,195.79,9.30,55.41,0.08903,-1,-1,-1
791,-1,216.92,205.75,11.22,51.77,0.08447,-1,-1,-1
791,-1,199.13,207.37,12.15,52.13,0.08085,-1,-1,-1
791,-1,226.98,208.88,10.50,40.82,0.07871,-1,-1,-1
791,-1,191.00,217.14,13.13,44.19,0.07197,-1,-1,-1
791,-1,176.17,196.23,22.42,72.80,0.07188,-1,-1,-1
791,-1,191.22,192.11,7.32,21.43,0.06604,-1,-1,-1
791,-1,421.22,54.05,104.41,240.87,0.05813,-1,-1,-1
792,-1,75.02,81.06,112.78,337.46,0.99967,-1,-1,-1
792,-1,0.12,75.51,79.26,345.92,0.99939,-1,-1,-1
792,-1,223.09,133.06,92.32,227.91,0.99866,-1,-1,-1
792,-1,301.98,43.99,206.55,422.99,0.99574,-1,-1,-1
792,-1,492.99,2.19,144.14,465.36,0.98930,-1,-1,-1
792,-1,429.82,56.88,106.00,391.14,0.97943,-1,-1,-1
792,-1,189.69,193.90,33.50,85.95,0.97437,-1,-1,-1
792,-1,375.54,22.13,206.03,440.12,0.89036,-1,-1,-1
792,-1,239.91,210.20,16.06,61.29,0.70765,-1,-1,-1
792,-1,202.03,195.78,25.44,75.07,0.66058,-1,-1,-1
792,-1,214.26,201.26,19.76,62.88,0.61796,-1,-1,-1
792,-1,223.61,207.51,30.00,62.42,0.49274,-1,-1,-1
792,-1,433.18,54.29,79.37,140.21,0.34468,-1,-1,-1
792,-1,175.59,200.23,18.20,75.20,0.26871,-1,-1,-1
792,-1,210.28,201.10,38.25,73.98,0.25987,-1,-1,-1
792,-1,210.32,198.82,14.74,60.88,0.19033,-1,-1,-1
792,-1,460.92,41.77,96.85,341.32,0.13851,-1,-1,-1
792,-1,189.51,213.89,10.47,40.83,0.12569,-1,-1,-1
792,-1,474.93,6.49,151.73,255.69,0.10314,-1,-1,-1
792,-1,219.67,203.40,14.01,28.45,0.10098,-1,-1,-1
792,-1,184.15,209.14,12.77,46.16,0.08940,-1,-1,-1
792,-1,178.82,211.16,9.16,39.18,0.08733,-1,-1,-1
792,-1,182.23,201.60,22.16,57.87,0.06186,-1,-1,-1
792,-1,198.10,197.57,18.86,64.64,0.05972,-1,-1,-1
793,-1,30.32,66.86,145.67,368.98,0.99906,-1,-1,-1
793,-1,299.84,48.40,206.78,395.67,0.99876,-1,-1,-1
793,-1,0.00,62.14,70.96,371.70,0.99784,-1,-1,-1
793,-1,214.31,132.26,97.12,220.06,0.99765,-1,-1,-1
793,-1,499.94,8.27,138.29,453.96,0.99291,-1,-1,-1
793,-1,427.78,54.53,112.01,382.01,0.99280,-1,-1,-1
793,-1,183.80,191.43,39.24,87.35,0.99194,-1,-1,-1
793,-1,159.79,182.84,24.48,87.06,0.87870,-1,-1,-1
793,-1,210.82,198.15,21.27,62.50,0.76558,-1,-1,-1
793,-1,163.03,189.77,14.73,64.47,0.47466,-1,-1,-1
793,-1,427.31,43.39,105.10,210.65,0.44148,-1,-1,-1
793,-1,236.01,208.76,17.12,59.07,0.37371,-1,-1,-1
793,-1,216.25,201.24,35.60,65.61,0.33468,-1,-1,-1
793,-1,178.59,195.08,22.70,57.13,0.12083,-1,-1,-1
793,-1,173.50,193.58,17.19,56.11,0.11626,-1,-1,-1
793,-1,167.12,190.27,8.94,38.52,0.08796,-1,-1,-1
793,-1,381.62,99.73,105.76,312.68,0.07770,-1,-1,-1
793,-1,497.96,21.63,124.20,252.78,0.07655,-1,-1,-1
793,-1,140.06,136.30,32.07,140.00,0.07216,-1,-1,-1
793,-1,31.11,129.88,45.76,170.90,0.06793,-1,-1,-1
793,-1,149.70,169.99,25.57,103.40,0.06518,-1,-1,-1
793,-1,299.44,104.10,121.29,346.97,0.06347,-1,-1,-1
793,-1,433.08,48.38,89.30,121.01,0.06021,-1,-1,-1
793,-1,179.17,205.48,13.60,44.47,0.05233,-1,-1,-1
794,-1,5.39,51.74,154.20,382.14,0.99860,-1,-1,-1
794,-1,211.82,124.08,96.33,221.17,0.99741,-1,-1,-1
794,-1,296.29,39.44,204.36,393.80,0.99572,-1,-1,-1
794,-1,519.32,8.11,120.36,471.89,0.99542,-1,-1,-1
794,-1,409.12,28.51,131.91,395.06,0.99403,-1,-1,-1
794,-1,0.82,82.42,53.54,351.05,0.98557,-1,-1,-1
794,-1,142.40,169.54,33.12,96.87,0.98480,-1,-1,-1
794,-1,184.15,181.07,27.39,88.59,0.98401,-1,-1,-1
794,-1,205.09,187.56,23.27,65.65,0.82813,-1,-1,-1
794,-1,208.15,188.59,34.40,71.44,0.59819,-1,-1,-1
794,-1,171.71,195.85,15.79,44.22,0.47073,-1,-1,-1
794,-1,178.22,182.62,24.43,61.98,0.45708,-1,-1,-1
794,-1,460.63,18.92,150.11,426.14,0.39414,-1,-1,-1
794,-1,230.13,191.70,19.73,67.62,0.37759,-1,-1,-1
794,-1,210.69,192.03,14.93,46.34,0.24846,-1,-1,-1
794,-1,0.01,86.41,29.43,327.72,0.18370,-1,-1,-1
794,-1,300.38,73.63,107.70,356.65,0.15774,-1,-1,-1
794,-1,213.91,127.68,67.50,146.26,0.15325,-1,-1,-1
794,-1,379.72,38.42,109.00,368.85,0.12453,-1,-1,-1
794,-1,211.74,147.13,46.78,111.86,0.11905,-1,-1,-1
794,-1,421.26,27.76,116.92,187.87,0.11014,-1,-1,-1
794,-1,202.94,192.15,16.52,51.50,0.10188,-1,-1,-1
794,-1,166.09,178.52,19.74,59.13,0.09367,-1,-1,-1
794,-1,213.28,185.59,14.14,32.68,0.07166,-1,-1,-1
794,-1,8.22,97.54,50.39,158.11,0.06423,-1,-1,-1
794,-1,158.17,183.95,19.51,67.66,0.05567,-1,-1,-1
795,-1,0.00,29.74,131.72,441.01,0.99917,-1,-1,-1
795,-1,288.32,44.03,210.52,397.43,0.99803,-1,-1,-1
795,-1,216.68,128.09,86.07,216.52,0.99798,-1,-1,-1
795,-1,394.38,35.21,140.29,395.91,0.99783,-1,-1,-1
795,-1,127.71,171.89,33.74,96.35,0.99706,-1,-1,-1
795,-1,172.86,180.70,39.59,94.58,0.99501,-1,-1,-1
795,-1,524.67,15.11,115.33,453.65,0.98989,-1,-1,-1
795,-1,199.47,190.66,19.83,64.82,0.80848,-1,-1,-1
795,-1,210.36,198.09,19.11,64.05,0.61275,-1,-1,-1
795,-1,0.32,133.18,39.42,328.57,0.35570,-1,-1,-1
795,-1,524.06,159.50,45.87,99.93,0.32488,-1,-1,-1
795,-1,216.47,197.47,27.25,66.04,0.31950,-1,-1,-1
795,-1,120.61,180.14,11.66,49.55,0.31399,-1,-1,-1
795,-1,0.55,137.00,28.58,107.53,0.29432,-1,-1,-1
795,-1,169.85,186.90,22.36,61.56,0.28040,-1,-1,-1
795,-1,293.70,77.53,115.45,371.94,0.18679,-1,-1,-1
795,-1,206.92,188.75,13.10,36.03,0.15478,-1,-1,-1
795,-1,117.74,170.12,14.39,84.97,0.13925,-1,-1,-1
795,-1,206.51,186.92,15.56,21.43,0.11502,-1,-1,-1
795,-1,123.02,180.57,10.47,29.15,0.11099,-1,-1,-1
795,-1,435.88,16.49,146.68,427.20,0.09369,-1,-1,-1
795,-1,411.97,33.72,120.57,198.35,0.08347,-1,-1,-1
795,-1,214.41,203.98,12.59,43.17,0.07833,-1,-1,-1
795,-1,208.54,194.94,12.02,58.67,0.06081,-1,-1,-1
795,-1,168.02,202.08,15.12,40.22,0.05097,-1,-1,-1
796,-1,219.57,127.66,78.15,223.00,0.99940,-1,-1,-1
796,-1,121.17,178.04,38.94,96.18,0.99866,-1,-1,-1
796,-1,403.16,39.98,131.85,399.85,0.99798,-1,-1,-1
796,-1,288.10,53.77,207.91,396.03,0.99797,-1,-1,-1
796,-1,0.50,12.21,116.59,430.73,0.99611,-1,-1,-1
796,-1,172.51,184.63,37.48,94.28,0.99539,-1,-1,-1
796,-1,195.54,191.97,20.41,67.92,0.86567,-1,-1,-1
796,-1,540.72,22.80,99.28,445.78,0.85366,-1,-1,-1
796,-1,170.93,191.35,20.33,72.01,0.35150,-1,-1,-1
796,-1,210.19,201.16,16.70,56.62,0.27998,-1,-1,-1
796,-1,413.03,35.44,120.90,219.30,0.19906,-1,-1,-1
796,-1,205.03,191.77,12.33,19.04,0.15266,-1,-1,-1
796,-1,107.35,183.83,21.81,53.97,0.13916,-1,-1,-1
796,-1,472.47,88.64,159.61,371.89,0.13417,-1,-1,-1
796,-1,213.99,210.57,12.30,34.62,0.11511,-1,-1,-1
796,-1,0.46,77.71,34.37,375.83,0.10182,-1,-1,-1
796,-1,116.51,183.29,17.24,53.84,0.09231,-1,-1,-1
796,-1,206.24,193.71,10.92,30.19,0.08818,-1,-1,-1
796,-1,1.67,35.89,61.41,415.18,0.08406,-1,-1,-1
796,-1,218.46,196.54,24.63,71.88,0.08160,-1,-1,-1
796,-1,171.82,204.42,14.77,43.16,0.07233,-1,-1,-1
796,-1,151.68,203.05,12.70,30.85,0.06917,-1,-1,-1
797,-1,223.56,119.72,70.82,230.17,0.99951,-1,-1,-1
797,-1,407.22,27.01,126.24,416.37,0.99547,-1,-1,-1
797,-1,169.84,180.85,30.22,95.06,0.99514,-1,-1,-1
797,-1,111.14,171.80,44.33,98.29,0.99484,-1,-1,-1
797,-1,283.98,42.58,198.53,418.30,0.99459,-1,-1,-1
797,-1,539.58,0.00,100.42,449.38,0.99129,-1,-1,-1
797,-1,74.63,167.29,27.15,110.99,0.98524,-1,-1,-1
797,-1,0.67,0.00,90.84,284.45,0.98185,-1,-1,-1
797,-1,190.07,184.17,21.48,71.56,0.98049,-1,-1,-1
797,-1,208.94,195.77,22.72,60.52,0.56275,-1,-1,-1
797,-1,146.81,191.88,12.95,37.02,0.42410,-1,-1,-1
797,-1,481.80,7.72,134.46,443.86,0.27196,-1,-1,-1
797,-1,414.29,27.61,116.24,199.97,0.14410,-1,-1,-1
797,-1,372.93,68.01,45.56,172.20,0.11322,-1,-1,-1
797,-1,96.60,200.47,20.47,30.68,0.10232,-1,-1,-1
797,-1,196.04,184.08,15.73,46.78,0.07773,-1,-1,-1
797,-1,220.46,198.85,10.92,51.80,0.07657,-1,-1,-1
797,-1,343.56,64.37,33.97,36.13,0.07081,-1,-1,-1
797,-1,218.38,185.31,17.68,74.18,0.05564,-1,-1,-1
797,-1,208.13,199.95,16.04,43.72,0.05312,-1,-1,-1
798,-1,226.33,116.86,68.33,233.13,0.99914,-1,-1,-1
798,-1,69.12,161.32,34.36,120.40,0.99703,-1,-1,-1
798,-1,280.91,47.52,200.54,395.05,0.99690,-1,-1,-1
798,-1,109.04,169.37,44.28,104.50,0.99624,-1,-1,-1
798,-1,512.27,13.12,126.58,431.45,0.99502,-1,-1,-1
798,-1,166.72,181.55,34.22,96.84,0.99494,-1,-1,-1
798,-1,393.59,27.71,140.60,416.20,0.99388,-1,-1,-1
798,-1,189.45,186.34,21.88,69.31,0.95811,-1,-1,-1
798,-1,0.00,37.74,57.74,293.01,0.92376,-1,-1,-1
798,-1,212.95,191.11,22.67,73.78,0.87999,-1,-1,-1
798,-1,130.61,189.96,27.60,74.14,0.61473,-1,-1,-1
798,-1,105.15,192.59,17.33,40.26,0.30808,-1,-1,-1
798,-1,413.56,32.30,117.46,208.28,0.30430,-1,-1,-1
798,-1,0.65,80.31,72.40,377.44,0.27988,-1,-1,-1
798,-1,147.51,192.73,13.50,35.96,0.11465,-1,-1,-1
798,-1,141.01,190.85,19.15,57.65,0.09989,-1,-1,-1
798,-1,369.53,64.75,61.51,168.44,0.08179,-1,-1,-1
798,-1,341.12,68.00,31.88,34.20,0.07369,-1,-1,-1
798,-1,195.25,186.12,16.58,44.26,0.07059,-1,-1,-1
799,-1,227.58,120.33,66.63,232.18,0.99891,-1,-1,-1
799,-1,164.04,178.73,37.64,101.24,0.99723,-1,-1,-1
799,-1,284.01,55.82,179.52,410.18,0.99700,-1,-1,-1
799,-1,107.46,169.17,45.28,105.19,0.99682,-1,-1,-1
799,-1,66.94,160.56,35.74,122.93,0.99632,-1,-1,-1
799,-1,404.67,36.29,120.67,385.01,0.99510,-1,-1,-1
799,-1,475.86,0.56,163.74,467.17,0.99504,-1,-1,-1
799,-1,30.31,148.94,35.12,104.55,0.97977,-1,-1,-1
799,-1,211.76,189.11,25.33,76.10,0.95555,-1,-1,-1
799,-1,190.85,186.23,20.41,69.80,0.91009,-1,-1,-1
799,-1,429.47,14.53,148.64,433.24,0.57616,-1,-1,-1
799,-1,356.26,47.15,132.10,350.05,0.51364,-1,-1,-1
799,-1,0.28,45.97,34.98,343.24,0.46934,-1,-1,-1
799,-1,400.56,35.97,117.91,203.33,0.27737,-1,-1,-1
799,-1,0.00,47.18,23.19,260.28,0.26001,-1,-1,-1
799,-1,32.27,179.80,42.77,108.77,0.23957,-1,-1,-1
799,-1,0.32,49.16,67.35,430.84,0.23314,-1,-1,-1
799,-1,43.12,156.24,25.76,78.45,0.16240,-1,-1,-1
799,-1,130.22,186.37,25.70,75.55,0.11154,-1,-1,-1
799,-1,367.94,72.63,69.89,158.86,0.10104,-1,-1,-1
799,-1,100.07,173.70,23.21,62.36,0.09016,-1,-1,-1
799,-1,55.08,160.66,19.60,69.87,0.07852,-1,-1,-1
799,-1,187.57,190.39,14.73,64.74,0.07823,-1,-1,-1
799,-1,102.17,191.26,16.04,41.84,0.05799,-1,-1,-1
800,-1,226.36,119.76,63.69,224.34,0.99872,-1,-1,-1
800,-1,157.54,175.23,43.01,102.00,0.99767,-1,-1,-1
800,-1,277.57,43.02,186.11,402.76,0.99749,-1,-1,-1
800,-1,97.50,163.95,46.76,108.15,0.99628,-1,-1,-1
800,-1,61.40,154.80,36.92,125.93,0.99620,-1,-1,-1
800,-1,463.14,2.78,176.73,460.52,0.99417,-1,-1,-1
800,-1,398.93,35.85,109.71,378.38,0.98165,-1,-1,-1
800,-1,208.69,181.44,24.64,80.80,0.97889,-1,-1,-1
800,-1,24.50,145.59,34.33,91.53,0.97330,-1,-1,-1
800,-1,186.95,187.37,17.98,61.97,0.56783,-1,-1,-1
800,-1,406.48,27.80,108.28,215.04,0.36306,-1,-1,-1
800,-1,444.68,24.74,112.93,348.01,0.31411,-1,-1,-1
800,-1,25.65,149.86,43.44,134.32,0.29649,-1,-1,-1
800,-1,371.19,16.86,208.98,403.14,0.20093,-1,-1,-1
800,-1,42.42,159.95,22.41,70.17,0.14093,-1,-1,-1
800,-1,201.11,187.68,16.36,67.65,0.13585,-1,-1,-1
800,-1,94.27,187.25,13.43,43.72,0.12094,-1,-1,-1
800,-1,352.60,46.58,141.97,234.36,0.07737,-1,-1,-1
800,-1,95.31,165.59,31.03,89.18,0.06126,-1,-1,-1
800,-1,176.56,185.97,30.82,79.51,0.05243,-1,-1,-1
801,-1,225.79,126.36,61.81,229.27,0.99811,-1,-1,-1
801,-1,271.76,47.02,200.95,383.00,0.99660,-1,-1,-1
801,-1,94.66,166.92,30.53,103.95,0.99638,-1,-1,-1
801,-1,58.78,159.04,37.43,126.37,0.99531,-1,-1,-1
801,-1,433.49,9.54,180.35,437.99,0.98968,-1,-1,-1
801,-1,154.02,176.03,44.83,103.62,0.98738,-1,-1,-1
801,-1,202.12,183.55,29.82,83.67,0.98614,-1,-1,-1
801,-1,22.77,148.29,31.60,98.22,0.98213,-1,-1,-1
801,-1,392.55,37.23,134.55,392.46,0.97244,-1,-1,-1
801,-1,125.20,192.78,23.67,68.95,0.59053,-1,-1,-1
801,-1,111.17,176.95,37.49,87.10,0.35238,-1,-1,-1
801,-1,279.62,75.88,102.65,354.03,0.34953,-1,-1,-1
801,-1,179.71,187.09,24.07,69.46,0.30001,-1,-1,-1
801,-1,518.63,0.00,119.57,465.14,0.28759,-1,-1,-1
801,-1,401.21,31.36,103.34,186.38,0.28166,-1,-1,-1
801,-1,475.32,9.97,158.40,294.39,0.12619,-1,-1,-1
801,-1,361.04,146.93,35.95,230.54,0.11513,-1,-1,-1
801,-1,37.47,151.44,24.02,82.23,0.10670,-1,-1,-1
801,-1,154.02,183.79,25.49,73.35,0.09284,-1,-1,-1
801,-1,1.37,153.26,26.73,81.91,0.07993,-1,-1,-1
801,-1,134.04,200.69,13.21,50.03,0.07022,-1,-1,-1
801,-1,188.74,193.80,16.33,57.43,0.07005,-1,-1,-1
801,-1,436.58,23.25,122.60,276.86,0.05841,-1,-1,-1
801,-1,33.27,155.70,46.19,112.04,0.05133,-1,-1,-1
802,-1,227.59,130.97,59.91,220.56,0.99754,-1,-1,-1
802,-1,274.77,50.12,192.63,375.05,0.99737,-1,-1,-1
802,-1,57.80,159.08,40.63,124.89,0.99566,-1,-1,-1
802,-1,200.43,185.38,32.71,84.17,0.99429,-1,-1,-1
802,-1,87.92,165.02,32.06,106.36,0.99416,-1,-1,-1
802,-1,459.90,1.01,170.17,458.19,0.99355,-1,-1,-1
802,-1,152.92,176.46,46.95,106.55,0.99178,-1,-1,-1
802,-1,21.67,148.87,31.97,110.96,0.98890,-1,-1,-1
802,-1,393.09,37.45,130.61,388.82,0.98060,-1,-1,-1
802,-1,401.59,38.01,103.79,233.43,0.73695,-1,-1,-1
802,-1,532.15,35.70,107.85,435.02,0.71008,-1,-1,-1
802,-1,112.86,170.89,34.72,93.16,0.60045,-1,-1,-1
802,-1,407.62,29.46,93.41,139.98,0.53189,-1,-1,-1
802,-1,352.40,49.82,106.37,338.54,0.22204,-1,-1,-1
802,-1,30.80,158.41,29.82,86.51,0.15742,-1,-1,-1
802,-1,177.38,185.33,25.19,72.00,0.15554,-1,-1,-1
802,-1,20.07,180.40,43.75,110.44,0.14259,-1,-1,-1
802,-1,424.47,14.01,151.48,282.44,0.13633,-1,-1,-1
802,-1,42.97,158.01,20.11,77.37,0.10756,-1,-1,-1
802,-1,34.97,155.33,44.64,110.88,0.09599,-1,-1,-1
802,-1,129.10,190.11,18.97,71.96,0.09520,-1,-1,-1
802,-1,136.33,203.12,10.45,51.13,0.08675,-1,-1,-1
802,-1,151.22,183.97,23.44,88.11,0.06554,-1,-1,-1
802,-1,360.65,85.32,38.69,295.33,0.05672,-1,-1,-1
803,-1,272.31,47.89,205.74,385.65,0.99828,-1,-1,-1
803,-1,230.46,132.20,56.50,215.08,0.99825,-1,-1,-1
803,-1,200.36,188.94,32.52,82.00,0.99705,-1,-1,-1
803,-1,56.99,159.46,40.67,129.33,0.99641,-1,-1,-1
803,-1,151.29,178.12,45.99,108.48,0.99618,-1,-1,-1
803,-1,87.57,165.36,29.45,113.07,0.99319,-1,-1,-1
803,-1,402.26,34.57,111.02,388.56,0.98942,-1,-1,-1
803,-1,462.00,2.29,172.40,447.89,0.98734,-1,-1,-1
803,-1,20.75,148.65,33.67,106.73,0.98177,-1,-1,-1
803,-1,404.67,33.28,95.82,142.09,0.87465,-1,-1,-1
803,-1,115.02,172.77,33.60,91.96,0.60369,-1,-1,-1
803,-1,187.35,191.77,18.29,68.20,0.59009,-1,-1,-1
803,-1,539.15,42.47,100.85,426.21,0.43908,-1,-1,-1
803,-1,32.13,148.82,30.30,85.90,0.37975,-1,-1,-1
803,-1,351.09,51.58,103.30,336.18,0.29943,-1,-1,-1
803,-1,175.24,187.99,25.09,75.52,0.29065,-1,-1,-1
803,-1,193.38,188.56,24.59,76.38,0.19993,-1,-1,-1
803,-1,128.31,187.84,21.97,78.08,0.13340,-1,-1,-1
803,-1,29.10,155.01,45.54,108.10,0.13106,-1,-1,-1
803,-1,196.05,192.92,12.88,66.99,0.12129,-1,-1,-1
803,-1,19.16,189.38,44.88,102.10,0.11969,-1,-1,-1
803,-1,136.67,202.55,10.65,46.77,0.10026,-1,-1,-1
803,-1,531.67,197.82,21.66,35.42,0.09597,-1,-1,-1
803,-1,103.92,170.09,15.86,99.45,0.09384,-1,-1,-1
803,-1,416.49,8.89,131.97,187.94,0.06259,-1,-1,-1
803,-1,89.44,167.43,25.42,61.48,0.06113,-1,-1,-1
803,-1,142.11,189.46,14.40,35.51,0.05911,-1,-1,-1
803,-1,43.59,166.23,19.99,70.79,0.05676,-1,-1,-1
803,-1,149.87,185.22,27.37,89.67,0.05548,-1,-1,-1
803,-1,261.03,158.95,24.82,58.29,0.05215,-1,-1,-1
804,-1,283.85,47.34,202.87,387.33,0.99827,-1,-1,-1
804,-1,235.20,132.38,58.44,194.61,0.99793,-1,-1,-1
804,-1,206.58,190.41,28.98,82.55,0.99704,-1,-1,-1
804,-1,23.61,147.75,41.39,147.04,0.99191,-1,-1,-1
804,-1,469.20,0.00,155.44,469.30,0.99184,-1,-1,-1
804,-1,158.73,180.47,46.11,110.18,0.99141,-1,-1,-1
804,-1,61.79,161.15,45.63,130.81,0.99042,-1,-1,-1
804,-1,403.04,33.98,117.54,408.05,0.98437,-1,-1,-1
804,-1,89.01,168.45,28.85,110.58,0.98093,-1,-1,-1
804,-1,548.38,0.00,87.95,472.26,0.78398,-1,-1,-1
804,-1,535.63,199.35,26.79,60.07,0.71539,-1,-1,-1
804,-1,410.77,33.12,99.24,172.58,0.56486,-1,-1,-1
804,-1,118.51,178.24,32.23,89.78,0.40732,-1,-1,-1
804,-1,421.34,31.55,129.28,258.93,0.29164,-1,-1,-1
804,-1,142.29,203.32,10.93,44.18,0.27387,-1,-1,-1
804,-1,89.13,168.69,22.40,50.30,0.26315,-1,-1,-1
804,-1,31.89,152.57,32.45,89.50,0.23369,-1,-1,-1
804,-1,101.99,179.89,19.49,94.67,0.22037,-1,-1,-1
804,-1,156.31,189.91,21.22,79.07,0.18900,-1,-1,-1
804,-1,190.22,188.62,38.31,87.35,0.17101,-1,-1,-1
804,-1,175.98,189.12,28.28,80.40,0.14921,-1,-1,-1
804,-1,134.38,197.65,20.25,68.38,0.13323,-1,-1,-1
804,-1,449.06,18.33,121.56,393.39,0.12882,-1,-1,-1
804,-1,61.89,161.22,30.31,97.91,0.09063,-1,-1,-1
804,-1,272.31,81.81,130.95,365.52,0.08551,-1,-1,-1
804,-1,162.04,200.86,14.51,57.06,0.08227,-1,-1,-1
804,-1,110.49,173.65,15.99,67.38,0.07999,-1,-1,-1
804,-1,240.10,129.08,76.93,272.83,0.06344,-1,-1,-1
804,-1,398.57,2.70,240.71,302.56,0.06282,-1,-1,-1
804,-1,584.32,121.98,54.73,346.20,0.05995,-1,-1,-1
804,-1,141.48,191.93,15.85,64.04,0.05955,-1,-1,-1
804,-1,233.59,221.58,12.97,52.32,0.05445,-1,-1,-1
804,-1,530.57,169.69,37.41,92.72,0.05091,-1,-1,-1
805,-1,236.10,126.29,68.94,210.33,0.99700,-1,-1,-1
805,-1,289.62,64.02,212.41,367.94,0.99613,-1,-1,-1
805,-1,207.85,186.85,30.63,85.39,0.99606,-1,-1,-1
805,-1,161.76,176.11,42.97,112.44,0.99575,-1,-1,-1
805,-1,419.93,21.34,120.32,437.59,0.99260,-1,-1,-1
805,-1,71.94,159.04,47.65,127.39,0.98957,-1,-1,-1
805,-1,494.79,2.45,142.71,386.17,0.98836,-1,-1,-1
805,-1,28.64,144.38,40.99,128.47,0.98773,-1,-1,-1
805,-1,92.65,171.02,27.97,107.09,0.89166,-1,-1,-1
805,-1,67.95,158.78,29.95,124.88,0.59417,-1,-1,-1
805,-1,420.66,31.96,111.58,195.18,0.49739,-1,-1,-1
805,-1,180.42,181.70,27.54,90.26,0.40074,-1,-1,-1
805,-1,145.12,200.75,13.06,48.50,0.39830,-1,-1,-1
805,-1,191.90,187.27,20.78,76.30,0.37214,-1,-1,-1
805,-1,137.22,195.31,22.82,68.49,0.29475,-1,-1,-1
805,-1,572.56,30.51,64.87,335.58,0.20142,-1,-1,-1
805,-1,88.64,163.38,23.81,72.23,0.19432,-1,-1,-1
805,-1,419.72,68.55,42.32,238.19,0.17761,-1,-1,-1
805,-1,238.62,197.46,19.51,74.22,0.15854,-1,-1,-1
805,-1,89.44,163.10,19.39,29.92,0.15624,-1,-1,-1
805,-1,159.60,183.12,26.20,94.12,0.15549,-1,-1,-1
805,-1,410.39,45.50,101.93,291.56,0.15519,-1,-1,-1
805,-1,49.03,153.91,22.89,80.37,0.15316,-1,-1,-1
805,-1,597.96,102.11,40.69,261.76,0.14718,-1,-1,-1
805,-1,123.09,179.48,36.04,84.32,0.11352,-1,-1,-1
805,-1,476.59,13.64,115.20,275.83,0.09427,-1,-1,-1
805,-1,414.52,179.53,35.41,127.13,0.05157,-1,-1,-1
805,-1,118.85,200.12,8.56,27.94,0.05062,-1,-1,-1
806,-1,239.34,129.41,73.68,207.34,0.99840,-1,-1,-1
806,-1,71.77,159.29,54.02,128.50,0.99764,-1,-1,-1
806,-1,214.62,185.31,29.26,87.20,0.99659,-1,-1,-1
806,-1,165.63,175.72,47.59,114.64,0.99651,-1,-1,-1
806,-1,302.94,48.59,189.59,406.67,0.99484,-1,-1,-1
806,-1,416.86,39.95,132.33,419.30,0.98762,-1,-1,-1
806,-1,33.43,141.71,39.58,140.08,0.98411,-1,-1,-1
806,-1,509.31,3.76,130.69,308.73,0.98339,-1,-1,-1
806,-1,592.58,144.50,47.17,181.73,0.59565,-1,-1,-1
806,-1,48.38,148.22,29.61,87.95,0.51146,-1,-1,-1
806,-1,429.58,35.89,120.66,189.62,0.49576,-1,-1,-1
806,-1,190.95,187.61,24.77,77.51,0.48078,-1,-1,-1
806,-1,151.28,203.49,12.40,56.41,0.46252,-1,-1,-1
806,-1,308.45,89.01,25.51,44.60,0.30914,-1,-1,-1
806,-1,126.39,183.62,38.47,84.73,0.28857,-1,-1,-1
806,-1,243.51,206.83,21.56,64.98,0.26213,-1,-1,-1
806,-1,202.44,190.71,19.25,72.77,0.14258,-1,-1,-1
806,-1,356.22,48.95,109.24,333.22,0.11947,-1,-1,-1
806,-1,306.36,97.72,25.36,77.18,0.10552,-1,-1,-1
806,-1,164.62,184.25,26.70,93.28,0.09595,-1,-1,-1
806,-1,91.15,182.84,35.71,95.40,0.08800,-1,-1,-1
806,-1,426.22,65.77,43.80,249.98,0.08000,-1,-1,-1
806,-1,32.35,136.06,23.66,27.62,0.05857,-1,-1,-1
806,-1,555.73,199.86,31.60,54.13,0.05802,-1,-1,-1
807,-1,244.22,132.59,80.57,201.39,0.99892,-1,-1,-1
807,-1,165.31,173.70,52.71,118.63,0.99867,-1,-1,-1
807,-1,75.87,158.09,49.69,129.50,0.99792,-1,-1,-1
807,-1,217.07,186.74,29.87,88.90,0.99649,-1,-1,-1
807,-1,311.87,52.21,221.52,408.30,0.99448,-1,-1,-1
807,-1,38.66,143.74,45.75,118.51,0.99137,-1,-1,-1
807,-1,538.58,37.81,100.40,241.92,0.98747,-1,-1,-1
807,-1,416.68,45.26,152.71,416.53,0.98450,-1,-1,-1
807,-1,440.80,41.06,126.59,246.89,0.79647,-1,-1,-1
807,-1,244.14,200.31,24.52,72.32,0.79279,-1,-1,-1
807,-1,509.67,23.86,121.34,373.79,0.38572,-1,-1,-1
807,-1,433.67,33.87,127.31,140.52,0.33554,-1,-1,-1
807,-1,608.79,207.86,31.04,91.70,0.25425,-1,-1,-1
807,-1,45.71,146.67,71.27,146.88,0.18475,-1,-1,-1
807,-1,202.30,189.46,20.30,73.79,0.12963,-1,-1,-1
807,-1,132.26,173.62,36.68,86.96,0.09205,-1,-1,-1
807,-1,125.65,167.79,16.28,61.99,0.08963,-1,-1,-1
807,-1,114.12,195.84,18.27,37.08,0.07498,-1,-1,-1
807,-1,312.56,102.60,123.51,358.97,0.06976,-1,-1,-1
807,-1,92.00,161.56,39.43,91.08,0.05997,-1,-1,-1
807,-1,553.15,119.50,83.22,136.64,0.05504,-1,-1,-1
808,-1,251.59,131.61,77.90,201.43,0.99837,-1,-1,-1
808,-1,170.87,169.86,52.66,121.67,0.99835,-1,-1,-1
808,-1,311.14,46.44,241.32,399.05,0.99784,-1,-1,-1
808,-1,80.87,156.14,44.04,131.71,0.99672,-1,-1,-1
808,-1,221.02,184.25,29.58,90.69,0.99661,-1,-1,-1
808,-1,43.27,141.10,42.01,141.48,0.99231,-1,-1,-1
808,-1,562.39,79.80,77.46,195.97,0.99192,-1,-1,-1
808,-1,419.60,30.28,157.65,430.19,0.99060,-1,-1,-1
808,-1,246.57,195.80,24.85,77.57,0.94107,-1,-1,-1
808,-1,248.69,197.49,15.36,43.65,0.69857,-1,-1,-1
808,-1,448.66,29.97,124.35,153.05,0.47677,-1,-1,-1
808,-1,160.43,200.36,15.12,48.02,0.31341,-1,-1,-1
808,-1,202.06,182.68,22.61,78.92,0.27340,-1,-1,-1
808,-1,86.92,154.36,23.58,38.88,0.24043,-1,-1,-1
808,-1,319.16,88.51,130.94,347.75,0.19782,-1,-1,-1
808,-1,550.18,96.15,39.41,155.46,0.11548,-1,-1,-1
808,-1,558.75,96.95,49.20,167.87,0.08949,-1,-1,-1
808,-1,476.10,39.00,143.90,426.89,0.08260,-1,-1,-1
808,-1,149.53,190.93,24.51,73.16,0.07851,-1,-1,-1
808,-1,55.04,145.44,32.66,87.51,0.07590,-1,-1,-1
808,-1,56.67,146.62,50.87,113.27,0.07334,-1,-1,-1
808,-1,170.68,181.60,24.42,67.92,0.05436,-1,-1,-1
808,-1,540.13,57.39,97.07,333.21,0.05037,-1,-1,-1
809,-1,267.13,136.24,76.82,200.91,0.99909,-1,-1,-1
809,-1,331.02,34.90,230.51,404.54,0.99709,-1,-1,-1
809,-1,91.83,161.38,36.17,129.82,0.99609,-1,-1,-1
809,-1,185.79,171.88,50.40,123.15,0.99485,-1,-1,-1
809,-1,231.60,185.88,29.64,92.04,0.99378,-1,-1,-1
809,-1,455.19,25.38,154.59,411.52,0.99345,-1,-1,-1
809,-1,57.42,143.03,38.83,135.71,0.99313,-1,-1,-1
809,-1,258.27,198.63,19.70,71.06,0.96439,-1,-1,-1
809,-1,173.79,204.31,12.34,39.05,0.68783,-1,-1,-1
809,-1,470.54,30.90,131.45,190.86,0.53384,-1,-1,-1
809,-1,185.70,183.52,17.02,71.00,0.48279,-1,-1,-1
809,-1,341.58,74.83,112.64,357.84,0.43931,-1,-1,-1
809,-1,473.92,27.47,93.23,131.61,0.20904,-1,-1,-1
809,-1,143.64,202.58,10.12,29.10,0.19567,-1,-1,-1
809,-1,58.93,142.26,65.70,157.63,0.18690,-1,-1,-1
809,-1,590.28,207.02,40.89,58.76,0.18351,-1,-1,-1
809,-1,260.84,205.27,12.93,46.84,0.17778,-1,-1,-1
809,-1,243.91,189.59,28.79,88.81,0.16386,-1,-1,-1
809,-1,186.10,174.58,33.36,90.99,0.13104,-1,-1,-1
809,-1,207.16,183.63,28.89,82.95,0.09042,-1,-1,-1
809,-1,265.30,196.06,22.70,73.87,0.07811,-1,-1,-1
809,-1,225.84,188.02,24.47,80.77,0.06573,-1,-1,-1
810,-1,276.73,138.57,74.69,206.51,0.99962,-1,-1,-1
810,-1,190.75,174.18,48.51,126.40,0.99851,-1,-1,-1
810,-1,100.19,160.10,33.00,135.50,0.99825,-1,-1,-1
810,-1,346.32,38.54,216.82,405.77,0.99600,-1,-1,-1
810,-1,237.58,186.79,30.29,93.03,0.99538,-1,-1,-1
810,-1,463.50,25.67,152.46,421.13,0.99535,-1,-1,-1
810,-1,64.10,150.31,38.63,107.72,0.99351,-1,-1,-1
810,-1,263.39,198.78,21.18,78.64,0.98747,-1,-1,-1
810,-1,612.34,208.72,25.10,54.36,0.75359,-1,-1,-1
810,-1,481.63,31.43,105.63,137.49,0.62701,-1,-1,-1
810,-1,180.83,207.63,12.70,39.43,0.53714,-1,-1,-1
810,-1,190.93,188.84,17.37,67.22,0.52136,-1,-1,-1
810,-1,93.78,161.18,11.72,24.45,0.45950,-1,-1,-1
810,-1,219.86,187.40,23.51,78.87,0.22860,-1,-1,-1
810,-1,269.72,197.92,24.83,75.31,0.20580,-1,-1,-1
810,-1,595.64,211.24,34.70,49.99,0.19805,-1,-1,-1
810,-1,280.21,229.47,14.72,39.69,0.19121,-1,-1,-1
810,-1,93.61,157.66,14.13,41.03,0.18156,-1,-1,-1
810,-1,97.39,158.83,13.75,25.97,0.17668,-1,-1,-1
810,-1,581.90,93.73,44.57,167.90,0.16103,-1,-1,-1
810,-1,442.33,29.69,124.78,314.20,0.12603,-1,-1,-1
810,-1,91.11,152.46,22.57,36.90,0.09094,-1,-1,-1
810,-1,474.38,34.29,148.47,219.14,0.08825,-1,-1,-1
810,-1,90.64,162.18,17.95,77.33,0.08389,-1,-1,-1
810,-1,596.18,222.84,22.91,37.13,0.07273,-1,-1,-1
810,-1,105.06,159.56,25.01,44.54,0.06460,-1,-1,-1
810,-1,343.25,78.95,115.36,355.07,0.06001,-1,-1,-1
810,-1,145.59,199.01,12.00,37.75,0.05841,-1,-1,-1
810,-1,151.77,201.17,9.23,35.54,0.05713,-1,-1,-1
810,-1,110.80,159.21,26.68,95.45,0.05504,-1,-1,-1
810,-1,188.91,174.41,31.01,99.31,0.05158,-1,-1,-1
810,-1,182.81,187.55,16.45,60.11,0.05048,-1,-1,-1
811,-1,284.99,132.54,70.26,209.48,0.99921,-1,-1,-1
811,-1,188.20,171.42,57.33,127.96,0.99883,-1,-1,-1
811,-1,472.60,16.80,160.98,428.88,0.99778,-1,-1,-1
811,-1,99.42,156.43,38.14,139.17,0.99738,-1,-1,-1
811,-1,240.96,181.38,30.92,96.88,0.99710,-1,-1,-1
811,-1,355.14,35.01,213.54,407.56,0.99611,-1,-1,-1
811,-1,66.56,142.29,41.84,152.83,0.99570,-1,-1,-1
811,-1,267.71,193.25,22.83,82.19,0.98996,-1,-1,-1
811,-1,218.92,183.34,27.47,84.47,0.36874,-1,-1,-1
811,-1,491.17,21.25,136.16,230.85,0.35809,-1,-1,-1
811,-1,114.13,158.45,18.12,38.93,0.31504,-1,-1,-1
811,-1,356.61,132.23,21.45,71.42,0.30824,-1,-1,-1
811,-1,188.33,188.57,21.01,57.10,0.27672,-1,-1,-1
811,-1,255.19,186.95,29.48,91.49,0.23838,-1,-1,-1
811,-1,153.52,194.36,11.94,37.52,0.18597,-1,-1,-1
811,-1,77.52,148.18,49.53,139.87,0.17545,-1,-1,-1
811,-1,496.03,23.62,104.65,137.40,0.16227,-1,-1,-1
811,-1,184.12,205.22,13.21,40.82,0.15083,-1,-1,-1
811,-1,604.37,100.71,34.01,161.93,0.13552,-1,-1,-1
811,-1,157.65,201.67,9.43,31.55,0.10630,-1,-1,-1
811,-1,352.26,121.63,35.25,121.70,0.09693,-1,-1,-1
811,-1,591.01,68.57,41.61,205.49,0.07666,-1,-1,-1
811,-1,105.32,153.48,27.85,51.31,0.07229,-1,-1,-1
811,-1,91.02,155.70,22.01,82.76,0.06517,-1,-1,-1
811,-1,150.92,197.99,10.44,35.87,0.05508,-1,-1,-1
811,-1,112.12,155.76,16.39,30.16,0.05185,-1,-1,-1
812,-1,290.77,132.03,69.17,211.34,0.99953,-1,-1,-1
812,-1,188.10,171.90,55.81,130.07,0.99939,-1,-1,-1
812,-1,490.66,14.59,145.40,440.11,0.99865,-1,-1,-1
812,-1,361.55,34.23,207.93,417.14,0.99863,-1,-1,-1
812,-1,103.50,155.77,36.26,140.26,0.99820,-1,-1,-1
812,-1,66.03,142.03,43.63,155.64,0.99709,-1,-1,-1
812,-1,240.44,181.54,33.32,98.52,0.99682,-1,-1,-1
812,-1,268.11,195.52,24.84,82.78,0.99223,-1,-1,-1
812,-1,226.42,178.88,14.37,17.12,0.62454,-1,-1,-1
812,-1,498.20,23.85,132.26,204.08,0.54591,-1,-1,-1
812,-1,290.02,218.99,14.13,47.38,0.48981,-1,-1,-1
812,-1,84.08,145.62,43.50,153.22,0.43078,-1,-1,-1
812,-1,254.11,190.09,32.53,88.07,0.42611,-1,-1,-1
812,-1,359.45,138.74,23.97,101.45,0.22800,-1,-1,-1
812,-1,159.75,202.01,9.35,30.30,0.20697,-1,-1,-1
812,-1,610.38,76.60,28.71,185.28,0.19854,-1,-1,-1
812,-1,500.09,25.21,98.66,133.03,0.19219,-1,-1,-1
812,-1,359.17,125.92,26.67,55.40,0.14294,-1,-1,-1
812,-1,93.11,151.29,17.58,85.04,0.13087,-1,-1,-1
812,-1,227.25,180.77,22.54,60.34,0.11903,-1,-1,-1
812,-1,151.51,206.39,9.92,29.25,0.11815,-1,-1,-1
812,-1,471.60,41.76,126.05,302.48,0.08440,-1,-1,-1
812,-1,115.16,157.42,33.02,101.44,0.06612,-1,-1,-1
812,-1,108.21,156.30,25.46,42.27,0.06580,-1,-1,-1
812,-1,286.13,211.94,11.38,54.78,0.06317,-1,-1,-1
812,-1,79.65,148.22,29.91,92.61,0.06195,-1,-1,-1
812,-1,221.88,182.39,24.73,83.17,0.06096,-1,-1,-1
812,-1,354.21,138.82,33.19,156.42,0.05283,-1,-1,-1
813,-1,295.16,131.61,67.19,209.22,0.99971,-1,-1,-1
813,-1,187.80,169.60,55.34,135.67,0.99930,-1,-1,-1
813,-1,102.21,158.05,39.21,139.29,0.99823,-1,-1,-1
813,-1,239.33,182.04,35.73,99.53,0.99772,-1,-1,-1
813,-1,57.83,141.60,50.55,159.41,0.99714,-1,-1,-1
813,-1,489.08,32.20,148.57,431.92,0.99587,-1,-1,-1
813,-1,365.76,28.95,193.29,428.06,0.99508,-1,-1,-1
813,-1,265.60,195.66,29.88,83.94,0.98321,-1,-1,-1
813,-1,227.05,178.48,17.27,21.79,0.54880,-1,-1,-1
813,-1,74.26,148.08,58.99,155.53,0.48621,-1,-1,-1
813,-1,220.36,181.72,26.43,90.19,0.40281,-1,-1,-1
813,-1,287.34,202.01,18.22,67.10,0.37295,-1,-1,-1
813,-1,503.03,32.49,128.10,179.94,0.37084,-1,-1,-1
813,-1,153.26,206.40,9.29,28.70,0.30265,-1,-1,-1
813,-1,114.91,155.27,18.05,39.54,0.26603,-1,-1,-1
813,-1,250.89,187.46,34.26,96.84,0.23714,-1,-1,-1
813,-1,159.29,205.10,10.69,30.35,0.19508,-1,-1,-1
813,-1,187.53,187.80,19.54,81.33,0.14169,-1,-1,-1
813,-1,510.36,28.78,86.67,120.69,0.13359,-1,-1,-1
813,-1,535.05,30.95,58.33,60.27,0.08588,-1,-1,-1
813,-1,229.56,180.50,22.66,74.02,0.08085,-1,-1,-1
813,-1,92.58,161.59,19.69,74.86,0.07846,-1,-1,-1
813,-1,364.32,139.92,25.87,99.77,0.07736,-1,-1,-1
813,-1,148.69,198.34,20.56,38.33,0.07218,-1,-1,-1
813,-1,471.39,39.33,126.71,291.25,0.06684,-1,-1,-1
813,-1,476.06,86.09,39.74,229.22,0.06103,-1,-1,-1
813,-1,365.37,178.67,19.48,61.79,0.05632,-1,-1,-1
814,-1,300.79,129.70,63.32,208.61,0.99964,-1,-1,-1
814,-1,184.29,162.99,59.49,142.31,0.99942,-1,-1,-1
814,-1,101.86,154.46,38.81,140.90,0.99791,-1,-1,-1
814,-1,236.89,179.33,37.20,101.78,0.99751,-1,-1,-1
814,-1,507.43,28.30,131.65,415.63,0.99698,-1,-1,-1
814,-1,376.09,25.77,219.80,430.71,0.99431,-1,-1,-1
814,-1,50.94,139.21,52.98,160.58,0.99335,-1,-1,-1
814,-1,267.01,193.03,30.21,86.55,0.99319,-1,-1,-1
814,-1,226.69,174.30,18.46,25.47,0.76730,-1,-1,-1
814,-1,290.95,197.38,18.31,71.11,0.73276,-1,-1,-1
814,-1,224.22,172.98,22.76,96.16,0.72881,-1,-1,-1
814,-1,367.65,177.96,23.23,64.62,0.67682,-1,-1,-1
814,-1,51.32,178.95,25.06,115.86,0.62191,-1,-1,-1
814,-1,66.69,147.50,67.78,153.84,0.25412,-1,-1,-1
814,-1,92.03,156.83,19.93,77.71,0.21261,-1,-1,-1
814,-1,514.38,26.75,122.96,193.59,0.20236,-1,-1,-1
814,-1,356.18,164.39,36.58,111.82,0.19807,-1,-1,-1
814,-1,459.58,41.55,120.09,284.08,0.17877,-1,-1,-1
814,-1,105.25,152.96,28.35,44.17,0.16490,-1,-1,-1
814,-1,282.25,192.85,22.21,77.20,0.13349,-1,-1,-1
814,-1,152.92,194.70,10.04,37.46,0.12230,-1,-1,-1
814,-1,51.62,181.03,21.53,66.68,0.10735,-1,-1,-1
814,-1,156.81,204.29,8.26,28.11,0.10056,-1,-1,-1
814,-1,231.83,177.01,24.44,94.87,0.07894,-1,-1,-1
814,-1,222.20,175.09,24.95,50.08,0.06517,-1,-1,-1
815,-1,303.92,132.33,63.16,209.76,0.99958,-1,-1,-1
815,-1,182.41,163.37,61.91,146.53,0.99930,-1,-1,-1
815,-1,101.75,154.54,40.39,144.14,0.99821,-1,-1,-1
815,-1,502.17,41.24,136.16,398.37,0.99799,-1,-1,-1
815,-1,376.13,23.31,204.42,446.44,0.99732,-1,-1,-1
815,-1,238.22,180.74,35.65,103.91,0.99511,-1,-1,-1
815,-1,52.71,142.42,51.44,158.91,0.99223,-1,-1,-1
815,-1,269.65,193.77,26.91,90.30,0.98952,-1,-1,-1
815,-1,292.09,189.34,19.89,81.85,0.92605,-1,-1,-1
815,-1,226.70,176.44,21.25,95.38,0.77633,-1,-1,-1
815,-1,228.08,176.49,18.33,28.29,0.69077,-1,-1,-1
815,-1,44.37,177.00,28.23,101.69,0.42199,-1,-1,-1
815,-1,515.33,27.11,120.52,213.94,0.40798,-1,-1,-1
815,-1,450.14,32.46,134.38,315.31,0.37429,-1,-1,-1
815,-1,369.17,178.86,25.79,61.36,0.34621,-1,-1,-1
815,-1,65.16,144.56,40.95,102.12,0.30010,-1,-1,-1
815,-1,352.77,174.04,41.96,144.02,0.24361,-1,-1,-1
815,-1,228.38,176.08,14.31,18.74,0.22691,-1,-1,-1
815,-1,256.11,190.08,32.44,94.50,0.20508,-1,-1,-1
815,-1,277.75,195.02,26.99,80.01,0.16334,-1,-1,-1
815,-1,534.80,29.91,62.96,70.92,0.14886,-1,-1,-1
815,-1,44.94,176.74,22.25,42.35,0.13664,-1,-1,-1
815,-1,521.28,35.31,89.08,108.74,0.10497,-1,-1,-1
815,-1,151.71,202.70,12.05,31.26,0.07925,-1,-1,-1
815,-1,374.62,180.06,20.35,37.60,0.07509,-1,-1,-1
815,-1,219.46,177.52,41.61,98.09,0.07215,-1,-1,-1
815,-1,92.84,156.86,18.46,78.99,0.06633,-1,-1,-1
815,-1,332.81,151.36,45.03,178.45,0.06384,-1,-1,-1
815,-1,364.80,142.06,71.37,288.97,0.05629,-1,-1,-1
816,-1,177.32,158.06,64.07,151.42,0.99910,-1,-1,-1
816,-1,307.55,136.63,65.00,210.34,0.99898,-1,-1,-1
816,-1,235.68,176.40,38.64,106.56,0.99721,-1,-1,-1
816,-1,504.20,20.56,135.80,418.86,0.99718,-1,-1,-1
816,-1,99.50,153.32,39.27,143.23,0.99713,-1,-1,-1
816,-1,385.12,18.83,203.16,441.78,0.99550,-1,-1,-1
816,-1,268.93,192.67,25.33,87.75,0.98956,-1,-1,-1
816,-1,54.81,137.90,46.34,157.18,0.96276,-1,-1,-1
816,-1,40.70,143.45,38.57,154.93,0.95157,-1,-1,-1
816,-1,290.32,186.35,23.80,82.19,0.94945,-1,-1,-1
816,-1,371.32,176.39,27.17,75.55,0.92630,-1,-1,-1
816,-1,224.80,173.66,19.55,25.81,0.74527,-1,-1,-1
816,-1,222.73,173.61,22.34,93.10,0.72816,-1,-1,-1
816,-1,152.39,201.92,10.44,29.43,0.59300,-1,-1,-1
816,-1,517.76,26.07,114.86,200.19,0.49598,-1,-1,-1
816,-1,348.12,168.78,52.24,153.35,0.38263,-1,-1,-1
816,-1,74.12,146.81,30.70,92.76,0.32878,-1,-1,-1
816,-1,224.29,175.23,20.88,45.08,0.30631,-1,-1,-1
816,-1,143.86,189.47,20.09,42.65,0.24075,-1,-1,-1
816,-1,474.36,14.11,117.39,390.87,0.18892,-1,-1,-1
816,-1,159.80,203.73,7.22,24.71,0.14836,-1,-1,-1
816,-1,36.73,163.07,25.67,106.07,0.13883,-1,-1,-1
816,-1,63.96,148.79,29.43,116.12,0.13704,-1,-1,-1
816,-1,156.85,204.86,8.23,26.44,0.11219,-1,-1,-1
816,-1,138.82,189.19,17.59,42.43,0.11016,-1,-1,-1
816,-1,36.30,173.11,19.18,37.70,0.10625,-1,-1,-1
816,-1,327.11,159.65,85.99,188.42,0.08917,-1,-1,-1
816,-1,146.53,198.55,12.33,32.82,0.07910,-1,-1,-1
816,-1,87.22,158.89,23.79,77.32,0.07803,-1,-1,-1
816,-1,109.75,157.90,42.32,86.52,0.07589,-1,-1,-1
816,-1,562.19,49.20,75.87,366.95,0.06417,-1,-1,-1
816,-1,90.43,150.03,45.21,93.63,0.06409,-1,-1,-1
816,-1,226.09,174.12,12.78,17.05,0.05716,-1,-1,-1
816,-1,104.64,152.07,28.71,43.65,0.05490,-1,-1,-1
817,-1,172.65,157.24,65.33,155.64,0.99888,-1,-1,-1
817,-1,310.51,136.55,61.54,208.08,0.99850,-1,-1,-1
817,-1,97.92,148.19,39.17,147.90,0.99778,-1,-1,-1
817,-1,502.14,26.07,135.56,421.50,0.99776,-1,-1,-1
817,-1,379.36,8.92,175.42,466.12,0.99740,-1,-1,-1
817,-1,232.58,173.56,37.73,109.56,0.99638,-1,-1,-1
817,-1,266.69,189.35,25.72,91.30,0.99158,-1,-1,-1
817,-1,30.73,140.15,42.03,156.77,0.98575,-1,-1,-1
817,-1,55.81,134.32,47.26,165.31,0.97823,-1,-1,-1
817,-1,289.52,181.43,25.83,88.80,0.97726,-1,-1,-1
817,-1,372.35,175.03,27.15,72.08,0.93452,-1,-1,-1
817,-1,150.04,195.05,11.35,35.81,0.67635,-1,-1,-1
817,-1,224.39,172.65,16.00,20.73,0.67525,-1,-1,-1
817,-1,349.91,164.99,50.97,147.51,0.47817,-1,-1,-1
817,-1,222.50,174.48,20.56,92.85,0.46392,-1,-1,-1
817,-1,518.68,26.16,104.02,220.22,0.32265,-1,-1,-1
817,-1,230.92,175.36,19.62,103.68,0.18741,-1,-1,-1
817,-1,199.26,167.43,41.27,116.07,0.17943,-1,-1,-1
817,-1,70.18,142.83,31.73,93.26,0.17114,-1,-1,-1
817,-1,25.78,168.80,23.25,87.12,0.14704,-1,-1,-1
817,-1,464.15,17.81,131.62,362.22,0.11816,-1,-1,-1
817,-1,340.30,144.01,42.42,161.80,0.11114,-1,-1,-1
817,-1,148.10,176.61,18.42,54.21,0.09374,-1,-1,-1
817,-1,137.34,187.08,22.37,43.71,0.07669,-1,-1,-1
817,-1,28.16,173.15,18.11,36.12,0.07358,-1,-1,-1
817,-1,154.46,197.87,11.56,31.69,0.06839,-1,-1,-1
817,-1,475.86,20.94,44.91,76.37,0.06548,-1,-1,-1
817,-1,228.89,173.82,18.77,26.46,0.05516,-1,-1,-1
817,-1,362.05,153.43,39.85,98.74,0.05431,-1,-1,-1
817,-1,167.15,177.51,29.54,88.67,0.05419,-1,-1,-1
817,-1,60.14,142.91,31.61,111.41,0.05348,-1,-1,-1
817,-1,83.04,157.26,21.64,76.92,0.05103,-1,-1,-1
818,-1,316.99,132.30,56.49,208.47,0.99895,-1,-1,-1
818,-1,164.20,157.39,72.97,160.03,0.99885,-1,-1,-1
818,-1,231.74,169.41,36.11,113.65,0.99822,-1,-1,-1
818,-1,95.11,145.65,41.43,151.66,0.99725,-1,-1,-1
818,-1,392.73,4.63,188.08,466.57,0.99494,-1,-1,-1
818,-1,11.74,137.62,53.66,166.69,0.99296,-1,-1,-1
818,-1,287.14,179.81,30.53,91.59,0.99294,-1,-1,-1
818,-1,265.20,187.51,27.93,93.99,0.99280,-1,-1,-1
818,-1,519.99,17.89,115.64,419.38,0.98675,-1,-1,-1
818,-1,55.80,132.83,48.69,172.55,0.98212,-1,-1,-1
818,-1,222.81,171.44,14.64,23.19,0.76568,-1,-1,-1
818,-1,375.77,174.62,24.12,67.06,0.75456,-1,-1,-1
818,-1,151.04,199.63,10.18,30.64,0.73630,-1,-1,-1
818,-1,164.85,174.12,28.40,93.59,0.58782,-1,-1,-1
818,-1,210.90,170.06,30.94,106.84,0.42877,-1,-1,-1
818,-1,12.69,177.47,23.32,77.81,0.36878,-1,-1,-1
818,-1,523.44,9.70,102.78,180.04,0.29519,-1,-1,-1
818,-1,275.71,182.21,31.99,95.20,0.28905,-1,-1,-1
818,-1,25.24,134.78,34.34,82.47,0.27633,-1,-1,-1
818,-1,56.94,136.83,41.20,95.24,0.26659,-1,-1,-1
818,-1,385.30,157.11,28.68,79.86,0.24943,-1,-1,-1
818,-1,147.70,186.31,15.88,43.56,0.22923,-1,-1,-1
818,-1,368.49,165.70,38.14,111.59,0.19608,-1,-1,-1
818,-1,157.66,202.00,9.30,25.91,0.19513,-1,-1,-1
818,-1,353.99,158.10,49.22,166.20,0.17330,-1,-1,-1
818,-1,135.39,188.19,15.59,41.47,0.12077,-1,-1,-1
818,-1,412.69,12.90,216.87,303.79,0.11360,-1,-1,-1
818,-1,336.20,139.10,50.64,189.93,0.10877,-1,-1,-1
818,-1,563.82,85.53,75.62,367.84,0.09454,-1,-1,-1
818,-1,14.65,170.63,22.50,50.61,0.09262,-1,-1,-1
818,-1,223.10,181.50,14.40,11.76,0.08408,-1,-1,-1
818,-1,138.38,199.17,20.85,32.67,0.07802,-1,-1,-1
818,-1,393.93,156.79,22.35,50.10,0.07708,-1,-1,-1
818,-1,478.22,19.78,112.41,347.51,0.07617,-1,-1,-1
818,-1,5.19,144.94,39.35,140.40,0.07567,-1,-1,-1
819,-1,317.64,132.25,59.47,200.45,0.99914,-1,-1,-1
819,-1,393.45,8.57,179.03,464.82,0.99895,-1,-1,-1
819,-1,166.39,158.70,71.46,163.14,0.99888,-1,-1,-1
819,-1,229.92,168.54,38.12,116.24,0.99863,-1,-1,-1
819,-1,93.73,147.16,39.75,151.97,0.99773,-1,-1,-1
819,-1,286.28,179.64,32.73,91.18,0.99397,-1,-1,-1
819,-1,1.30,140.27,63.52,165.18,0.99231,-1,-1,-1
819,-1,263.59,184.17,28.68,100.63,0.99107,-1,-1,-1
819,-1,530.53,17.51,104.26,440.13,0.98937,-1,-1,-1
819,-1,53.53,134.68,46.74,173.01,0.97238,-1,-1,-1
819,-1,163.38,175.56,27.90,95.19,0.82612,-1,-1,-1
819,-1,219.62,168.27,15.89,25.21,0.74494,-1,-1,-1
819,-1,389.20,152.12,29.95,86.60,0.74412,-1,-1,-1
819,-1,528.82,5.19,104.70,200.30,0.67884,-1,-1,-1
819,-1,1.73,177.28,27.91,76.28,0.58179,-1,-1,-1
819,-1,273.73,183.10,33.37,94.91,0.53361,-1,-1,-1
819,-1,152.30,202.82,10.96,29.96,0.52977,-1,-1,-1
819,-1,380.67,178.20,18.34,51.95,0.52043,-1,-1,-1
819,-1,54.46,137.24,33.50,114.53,0.44420,-1,-1,-1
819,-1,41.89,137.19,38.50,164.68,0.31308,-1,-1,-1
819,-1,219.03,171.25,21.11,99.08,0.29235,-1,-1,-1
819,-1,18.43,141.75,32.39,76.36,0.22489,-1,-1,-1
819,-1,4.14,175.72,23.21,39.12,0.19536,-1,-1,-1
819,-1,78.93,141.76,35.24,162.32,0.15047,-1,-1,-1
819,-1,492.29,12.07,136.95,281.18,0.11988,-1,-1,-1
819,-1,63.65,150.19,34.12,90.15,0.11565,-1,-1,-1
819,-1,315.35,203.28,13.40,48.68,0.09975,-1,-1,-1
819,-1,11.26,164.58,23.87,56.24,0.09519,-1,-1,-1
820,-1,310.47,132.00,70.71,205.07,0.99947,-1,-1,-1
820,-1,147.27,158.64,78.58,169.79,0.99877,-1,-1,-1
820,-1,398.22,14.22,186.47,454.10,0.99849,-1,-1,-1
820,-1,82.73,149.04,44.06,156.56,0.99803,-1,-1,-1
820,-1,221.34,169.82,40.48,124.00,0.99690,-1,-1,-1
820,-1,0.23,141.98,45.81,168.17,0.99669,-1,-1,-1
820,-1,259.23,188.22,29.47,102.36,0.99648,-1,-1,-1
820,-1,282.06,183.94,33.62,90.99,0.99588,-1,-1,-1
820,-1,541.58,31.34,95.24,431.84,0.99365,-1,-1,-1
820,-1,42.05,135.45,48.16,148.50,0.97702,-1,-1,-1
820,-1,212.33,171.36,17.24,23.93,0.81258,-1,-1,-1
820,-1,210.27,168.65,23.23,108.71,0.76608,-1,-1,-1
820,-1,377.87,181.74,16.48,51.07,0.47930,-1,-1,-1
820,-1,539.67,9.09,94.79,219.43,0.42274,-1,-1,-1
820,-1,382.69,122.11,53.10,154.63,0.37580,-1,-1,-1
820,-1,575.77,176.42,61.88,296.16,0.17643,-1,-1,-1
820,-1,0.00,144.06,36.02,101.38,0.13141,-1,-1,-1
820,-1,211.97,171.74,19.83,58.57,0.11984,-1,-1,-1
820,-1,191.93,170.00,39.66,124.27,0.11072,-1,-1,-1
820,-1,384.81,151.95,35.24,95.25,0.10599,-1,-1,-1
820,-1,473.35,17.07,124.14,360.56,0.09086,-1,-1,-1
820,-1,268.91,184.82,38.93,104.34,0.07751,-1,-1,-1
820,-1,71.59,140.29,35.74,164.83,0.05933,-1,-1,-1
820,-1,191.45,163.85,71.54,142.09,0.05853,-1,-1,-1
820,-1,380.92,168.89,26.77,73.62,0.05432,-1,-1,-1
821,-1,306.04,129.05,73.60,202.18,0.99946,-1,-1,-1
821,-1,405.43,7.35,171.65,455.48,0.99941,-1,-1,-1
821,-1,142.26,152.01,74.97,175.17,0.99919,-1,-1,-1
821,-1,76.40,142.29,42.80,160.70,0.99820,-1,-1,-1
821,-1,543.11,6.45,94.69,466.36,0.99806,-1,-1,-1
821,-1,213.17,164.88,43.33,126.98,0.99795,-1,-1,-1
821,-1,276.38,179.25,34.75,94.23,0.99713,-1,-1,-1
821,-1,252.66,188.23,31.43,103.00,0.99705,-1,-1,-1
821,-1,31.67,126.64,54.52,185.27,0.99524,-1,-1,-1
821,-1,0.00,149.53,37.02,157.54,0.97385,-1,-1,-1
821,-1,374.61,107.87,63.45,150.54,0.92018,-1,-1,-1
821,-1,203.06,167.29,23.43,104.39,0.86781,-1,-1,-1
821,-1,205.51,165.66,19.05,31.17,0.84196,-1,-1,-1
821,-1,265.57,184.05,34.74,100.59,0.54669,-1,-1,-1
821,-1,540.11,6.11,97.05,204.39,0.41689,-1,-1,-1
821,-1,371.47,96.69,71.03,274.83,0.34280,-1,-1,-1
821,-1,405.01,108.51,39.84,131.75,0.33741,-1,-1,-1
821,-1,186.20,162.08,35.98,123.50,0.30157,-1,-1,-1
821,-1,16.67,162.32,24.97,76.52,0.27550,-1,-1,-1
821,-1,415.11,109.09,17.85,41.81,0.17544,-1,-1,-1
821,-1,547.17,33.49,43.11,294.67,0.16818,-1,-1,-1
821,-1,205.33,164.31,20.38,58.78,0.16681,-1,-1,-1
821,-1,368.87,168.70,23.61,70.46,0.15206,-1,-1,-1
821,-1,576.93,168.71,59.64,308.35,0.13869,-1,-1,-1
821,-1,140.53,197.15,13.52,35.75,0.13749,-1,-1,-1
821,-1,0.17,134.85,21.08,90.42,0.13202,-1,-1,-1
821,-1,111.96,203.02,10.10,32.29,0.12798,-1,-1,-1
821,-1,0.30,135.60,15.70,53.68,0.12429,-1,-1,-1
821,-1,7.69,154.67,27.78,91.13,0.11343,-1,-1,-1
821,-1,399.43,111.91,32.69,80.84,0.10096,-1,-1,-1
821,-1,36.80,134.33,42.47,99.07,0.09421,-1,-1,-1
821,-1,143.69,159.41,41.39,120.59,0.08078,-1,-1,-1
821,-1,147.90,175.70,23.38,92.80,0.07275,-1,-1,-1
821,-1,374.68,57.92,132.49,393.75,0.06781,-1,-1,-1
821,-1,16.80,131.19,42.60,167.61,0.06295,-1,-1,-1
822,-1,413.78,4.91,168.83,466.97,0.99963,-1,-1,-1
822,-1,304.20,130.34,77.39,200.03,0.99921,-1,-1,-1
822,-1,129.43,145.05,76.22,188.61,0.99872,-1,-1,-1
822,-1,271.32,178.19,34.27,97.67,0.99846,-1,-1,-1
822,-1,66.12,140.34,45.39,165.69,0.99824,-1,-1,-1
822,-1,246.40,183.67,32.49,108.87,0.99719,-1,-1,-1
822,-1,206.34,167.36,41.67,126.48,0.99693,-1,-1,-1
822,-1,559.35,10.53,77.67,430.13,0.99684,-1,-1,-1
822,-1,23.64,126.43,44.95,143.43,0.97880,-1,-1,-1
822,-1,370.38,116.34,74.35,223.69,0.91898,-1,-1,-1
822,-1,0.55,257.79,23.84,51.63,0.82636,-1,-1,-1
822,-1,197.65,165.29,19.20,31.05,0.78363,-1,-1,-1
822,-1,185.30,166.72,29.06,109.78,0.63963,-1,-1,-1
822,-1,564.92,11.40,72.67,198.74,0.30473,-1,-1,-1
822,-1,166.31,163.30,44.70,140.29,0.29283,-1,-1,-1
822,-1,196.51,162.56,20.18,81.77,0.20102,-1,-1,-1
822,-1,363.52,170.19,23.98,69.17,0.19774,-1,-1,-1
822,-1,576.59,178.59,61.47,293.27,0.18730,-1,-1,-1
822,-1,0.00,146.09,27.80,164.75,0.17810,-1,-1,-1
822,-1,131.98,180.21,22.79,84.58,0.11134,-1,-1,-1
822,-1,38.70,142.20,30.19,96.69,0.08548,-1,-1,-1
822,-1,362.37,113.70,74.55,116.52,0.05078,-1,-1,-1
823,-1,433.64,0.00,159.85,478.25,0.99965,-1,-1,-1
823,-1,124.90,147.16,77.68,192.09,0.99923,-1,-1,-1
823,-1,305.84,135.16,76.25,206.87,0.99905,-1,-1,-1
823,-1,64.18,142.65,46.04,167.23,0.99803,-1,-1,-1
823,-1,271.37,181.01,34.35,98.61,0.99729,-1,-1,-1
823,-1,202.76,168.31,47.80,132.49,0.99710,-1,-1,-1
823,-1,579.01,16.48,58.07,441.40,0.99688,-1,-1,-1
823,-1,248.18,188.26,30.95,107.71,0.99655,-1,-1,-1
823,-1,376.89,114.68,77.96,262.12,0.98726,-1,-1,-1
823,-1,17.66,124.83,49.33,124.75,0.98596,-1,-1,-1
823,-1,197.31,169.90,17.76,29.46,0.84898,-1,-1,-1
823,-1,188.10,167.77,26.32,115.04,0.65024,-1,-1,-1
823,-1,196.11,171.99,18.86,65.29,0.40359,-1,-1,-1
823,-1,365.93,176.92,23.12,66.06,0.37434,-1,-1,-1
823,-1,169.28,161.77,41.99,135.43,0.34848,-1,-1,-1
823,-1,577.41,15.52,60.11,171.74,0.34691,-1,-1,-1
823,-1,552.62,24.08,45.08,312.53,0.18935,-1,-1,-1
823,-1,44.36,152.49,24.12,91.92,0.08828,-1,-1,-1
823,-1,307.65,195.06,21.16,81.07,0.08219,-1,-1,-1
823,-1,128.79,175.46,24.03,93.41,0.06811,-1,-1,-1
823,-1,185.77,247.06,16.86,34.21,0.06137,-1,-1,-1
823,-1,381.70,118.84,67.98,147.73,0.05581,-1,-1,-1
824,-1,438.32,2.12,172.75,476.63,0.99944,-1,-1,-1
824,-1,113.44,139.70,79.29,206.22,0.99909,-1,-1,-1
824,-1,304.75,137.92,77.40,206.83,0.99902,-1,-1,-1
824,-1,55.49,141.57,47.73,167.74,0.99784,-1,-1,-1
824,-1,193.17,163.33,48.68,136.48,0.99660,-1,-1,-1
824,-1,241.50,181.92,33.11,115.48,0.99655,-1,-1,-1
824,-1,266.81,177.17,33.70,100.45,0.99621,-1,-1,-1
824,-1,376.00,111.30,88.67,273.75,0.99510,-1,-1,-1
824,-1,8.04,125.66,45.08,121.67,0.98668,-1,-1,-1
824,-1,566.63,0.00,73.11,452.19,0.98063,-1,-1,-1
824,-1,188.75,164.55,18.22,28.13,0.88569,-1,-1,-1
824,-1,182.67,163.73,26.53,121.04,0.86701,-1,-1,-1
824,-1,300.15,176.82,20.72,76.93,0.79979,-1,-1,-1
824,-1,586.85,12.07,53.15,271.82,0.73077,-1,-1,-1
824,-1,364.80,178.06,22.28,66.93,0.68932,-1,-1,-1
824,-1,301.30,167.84,28.53,109.15,0.62380,-1,-1,-1
824,-1,302.43,143.48,45.89,131.31,0.50149,-1,-1,-1
824,-1,506.66,2.06,120.89,388.14,0.34377,-1,-1,-1
824,-1,154.11,158.25,45.18,133.04,0.28249,-1,-1,-1
824,-1,115.11,154.01,31.85,120.93,0.27617,-1,-1,-1
824,-1,251.50,181.65,35.54,106.49,0.27551,-1,-1,-1
824,-1,569.96,7.79,60.69,204.45,0.24995,-1,-1,-1
824,-1,27.36,143.34,31.87,102.28,0.19547,-1,-1,-1
824,-1,10.07,132.26,54.16,180.15,0.16744,-1,-1,-1
824,-1,460.67,4.15,162.46,242.71,0.13900,-1,-1,-1
824,-1,545.92,2.82,61.90,195.43,0.13458,-1,-1,-1
824,-1,537.95,1.06,62.96,67.88,0.12789,-1,-1,-1
824,-1,590.87,13.04,48.28,94.89,0.12718,-1,-1,-1
824,-1,180.91,203.18,22.77,78.44,0.11653,-1,-1,-1
824,-1,215.04,174.83,48.66,126.58,0.08490,-1,-1,-1
824,-1,522.91,2.27,81.28,106.19,0.07141,-1,-1,-1
824,-1,547.69,173.89,90.05,294.76,0.06824,-1,-1,-1
824,-1,97.26,202.55,9.84,32.34,0.06564,-1,-1,-1
824,-1,151.02,143.20,77.25,173.12,0.05827,-1,-1,-1
824,-1,173.09,170.24,27.34,110.86,0.05535,-1,-1,-1
824,-1,182.24,165.88,20.02,21.86,0.05235,-1,-1,-1
825,-1,304.85,137.11,80.00,203.93,0.99925,-1,-1,-1
825,-1,94.56,138.18,95.00,211.26,0.99908,-1,-1,-1
825,-1,50.48,136.91,48.53,175.62,0.99850,-1,-1,-1
825,-1,446.58,2.39,187.57,476.24,0.99836,-1,-1,-1
825,-1,186.84,158.41,53.63,143.12,0.99807,-1,-1,-1
825,-1,236.72,179.78,36.37,119.97,0.99520,-1,-1,-1
825,-1,262.75,176.61,35.45,104.19,0.99353,-1,-1,-1
825,-1,372.80,110.23,100.62,260.18,0.99267,-1,-1,-1
825,-1,0.32,117.42,54.33,192.21,0.98370,-1,-1,-1
825,-1,296.30,175.51,25.12,76.84,0.95901,-1,-1,-1
825,-1,175.80,162.23,25.38,122.31,0.89626,-1,-1,-1
825,-1,181.13,161.43,20.90,34.75,0.88704,-1,-1,-1
825,-1,575.90,24.39,64.10,430.09,0.85298,-1,-1,-1
825,-1,301.20,174.75,28.39,99.08,0.75837,-1,-1,-1
825,-1,454.46,2.61,178.51,247.52,0.46829,-1,-1,-1
825,-1,106.10,149.81,30.16,123.30,0.25924,-1,-1,-1
825,-1,574.60,3.91,60.11,225.84,0.16473,-1,-1,-1
825,-1,186.91,161.74,13.78,21.04,0.15748,-1,-1,-1
825,-1,179.85,158.15,38.95,132.28,0.15691,-1,-1,-1
825,-1,361.13,161.61,28.59,101.16,0.14304,-1,-1,-1
825,-1,303.88,143.80,48.08,153.10,0.13113,-1,-1,-1
825,-1,277.78,182.54,22.86,82.17,0.12652,-1,-1,-1
825,-1,155.91,160.81,39.02,146.54,0.09947,-1,-1,-1
825,-1,183.21,174.90,17.59,18.25,0.09524,-1,-1,-1
825,-1,327.41,121.40,99.35,225.29,0.08568,-1,-1,-1
825,-1,293.71,193.38,13.25,49.19,0.08540,-1,-1,-1
825,-1,593.93,41.60,45.14,304.73,0.07850,-1,-1,-1
825,-1,411.79,92.73,81.37,299.03,0.06657,-1,-1,-1
825,-1,163.18,163.16,43.00,76.58,0.06063,-1,-1,-1
825,-1,255.04,182.44,26.78,99.90,0.05592,-1,-1,-1
826,-1,84.40,132.77,99.89,219.11,0.99907,-1,-1,-1
826,-1,307.91,131.62,76.78,199.29,0.99897,-1,-1,-1
826,-1,461.15,12.95,175.14,464.90,0.99893,-1,-1,-1
826,-1,43.18,129.78,54.05,180.75,0.99855,-1,-1,-1
826,-1,182.48,150.95,51.24,149.69,0.99778,-1,-1,-1
826,-1,374.46,102.44,97.29,257.12,0.99747,-1,-1,-1
826,-1,229.64,175.58,40.31,123.72,0.99456,-1,-1,-1
826,-1,258.19,172.23,36.58,106.74,0.99109,-1,-1,-1
826,-1,1.11,112.33,42.15,135.32,0.99050,-1,-1,-1
826,-1,294.99,169.77,27.08,85.46,0.97254,-1,-1,-1
826,-1,176.52,155.61,21.13,39.54,0.92629,-1,-1,-1
826,-1,171.77,153.78,27.64,132.71,0.72944,-1,-1,-1
826,-1,590.73,9.88,47.90,443.00,0.69597,-1,-1,-1
826,-1,303.17,167.54,25.56,99.44,0.23538,-1,-1,-1
826,-1,363.16,167.97,22.66,76.11,0.20535,-1,-1,-1
826,-1,467.42,4.67,168.10,240.70,0.18253,-1,-1,-1
826,-1,25.71,136.79,23.85,102.54,0.16579,-1,-1,-1
826,-1,52.79,128.13,81.23,205.10,0.16323,-1,-1,-1
826,-1,170.30,185.56,21.69,91.35,0.16159,-1,-1,-1
826,-1,560.06,175.60,77.42,290.60,0.13990,-1,-1,-1
826,-1,590.61,238.72,48.62,218.31,0.13438,-1,-1,-1
826,-1,596.63,19.43,42.61,190.13,0.10032,-1,-1,-1
826,-1,306.16,141.18,43.88,143.98,0.09120,-1,-1,-1
826,-1,97.57,165.15,20.38,101.34,0.09082,-1,-1,-1
826,-1,482.89,234.96,151.40,234.15,0.08537,-1,-1,-1
826,-1,293.77,182.42,19.30,57.36,0.08351,-1,-1,-1
826,-1,389.04,50.47,169.09,415.66,0.07976,-1,-1,-1
826,-1,332.57,115.01,100.41,241.16,0.07028,-1,-1,-1
826,-1,183.39,155.06,13.58,21.04,0.05748,-1,-1,-1
826,-1,294.72,195.32,12.32,43.65,0.05082,-1,-1,-1
826,-1,288.95,191.45,9.69,43.82,0.05018,-1,-1,-1
827,-1,473.58,0.00,165.46,478.26,0.99944,-1,-1,-1
827,-1,158.25,153.89,63.33,154.55,0.99929,-1,-1,-1
827,-1,367.43,110.54,102.55,273.02,0.99914,-1,-1,-1
827,-1,67.65,129.54,97.22,232.74,0.99898,-1,-1,-1
827,-1,305.89,132.83,73.16,204.02,0.99888,-1,-1,-1
827,-1,217.02,179.36,44.26,128.19,0.99771,-1,-1,-1
827,-1,29.82,129.27,51.53,184.43,0.99749,-1,-1,-1
827,-1,250.35,176.13,36.92,106.65,0.99693,-1,-1,-1
827,-1,0.00,119.11,31.93,123.47,0.95729,-1,-1,-1
827,-1,286.70,175.77,32.39,91.54,0.95520,-1,-1,-1
827,-1,166.63,155.29,20.91,42.27,0.74086,-1,-1,-1
827,-1,159.12,154.97,33.71,124.95,0.59333,-1,-1,-1
827,-1,512.52,160.23,124.68,319.77,0.29554,-1,-1,-1
827,-1,583.13,20.99,56.87,441.58,0.20835,-1,-1,-1
827,-1,285.52,183.99,23.73,58.78,0.17084,-1,-1,-1
827,-1,175.34,154.54,11.15,20.90,0.12829,-1,-1,-1
827,-1,25.59,132.40,202.40,206.68,0.08209,-1,-1,-1
827,-1,545.72,3.88,92.71,220.46,0.08034,-1,-1,-1
827,-1,7.86,144.61,31.60,94.30,0.07651,-1,-1,-1
827,-1,382.46,91.96,134.14,370.15,0.07393,-1,-1,-1
827,-1,285.25,199.26,14.27,42.63,0.07232,-1,-1,-1
827,-1,282.42,198.45,9.39,42.26,0.06918,-1,-1,-1
827,-1,268.68,185.81,22.73,82.16,0.06843,-1,-1,-1
827,-1,296.78,141.61,41.01,139.04,0.06810,-1,-1,-1
827,-1,73.21,167.69,24.09,77.53,0.06704,-1,-1,-1
827,-1,61.14,137.90,35.36,158.41,0.05199,-1,-1,-1
828,-1,311.44,132.31,68.79,205.56,0.99934,-1,-1,-1
828,-1,364.77,111.17,110.27,270.09,0.99927,-1,-1,-1
828,-1,153.52,152.98,64.31,160.51,0.99921,-1,-1,-1
828,-1,64.47,123.38,90.48,240.15,0.99842,-1,-1,-1
828,-1,484.90,4.07,155.10,475.93,0.99716,-1,-1,-1
828,-1,248.04,174.80,36.93,108.72,0.99702,-1,-1,-1
828,-1,216.42,176.97,41.67,132.33,0.99668,-1,-1,-1
828,-1,23.11,124.29,52.38,192.44,0.99660,-1,-1,-1
828,-1,287.16,174.33,30.73,99.81,0.98951,-1,-1,-1
828,-1,0.54,113.01,30.69,134.13,0.95600,-1,-1,-1
828,-1,164.13,153.59,19.83,38.20,0.85786,-1,-1,-1
828,-1,476.40,168.79,16.77,69.28,0.31305,-1,-1,-1
828,-1,278.80,194.03,10.81,48.36,0.31177,-1,-1,-1
828,-1,154.02,159.93,29.18,108.82,0.27863,-1,-1,-1
828,-1,451.68,156.28,36.74,162.04,0.24229,-1,-1,-1
828,-1,503.17,1.27,135.53,262.04,0.23545,-1,-1,-1
828,-1,280.43,190.95,15.69,50.96,0.20520,-1,-1,-1
828,-1,7.70,119.24,40.62,187.71,0.14693,-1,-1,-1
828,-1,268.10,189.63,22.38,78.96,0.14601,-1,-1,-1
828,-1,158.84,156.30,24.55,62.48,0.09838,-1,-1,-1
828,-1,169.56,153.41,13.29,26.81,0.09125,-1,-1,-1
828,-1,37.02,126.70,38.99,58.92,0.08673,-1,-1,-1
828,-1,57.88,137.37,32.17,154.70,0.08172,-1,-1,-1
828,-1,228.71,173.66,43.48,121.84,0.06535,-1,-1,-1
828,-1,286.77,194.57,10.80,49.49,0.06473,-1,-1,-1
828,-1,172.36,153.62,9.83,17.72,0.06039,-1,-1,-1
829,-1,315.21,130.35,66.51,205.02,0.99951,-1,-1,-1
829,-1,153.39,150.27,60.83,164.26,0.99925,-1,-1,-1
829,-1,507.77,1.03,131.79,471.60,0.99881,-1,-1,-1
829,-1,366.90,110.35,120.06,271.82,0.99853,-1,-1,-1
829,-1,19.74,127.43,51.98,186.52,0.99735,-1,-1,-1
829,-1,211.66,175.05,44.41,135.18,0.99730,-1,-1,-1
829,-1,53.29,117.43,93.14,254.22,0.99709,-1,-1,-1
829,-1,287.72,171.31,34.63,102.72,0.99619,-1,-1,-1
829,-1,244.60,170.43,41.04,113.93,0.99360,-1,-1,-1
829,-1,0.82,122.94,29.83,145.57,0.88454,-1,-1,-1
829,-1,0.16,115.23,21.32,113.24,0.32267,-1,-1,-1
829,-1,0.00,109.15,14.44,30.55,0.26508,-1,-1,-1
829,-1,127.65,156.02,30.65,119.81,0.25335,-1,-1,-1
829,-1,279.68,193.79,10.79,44.77,0.18386,-1,-1,-1
829,-1,9.46,129.25,221.08,204.59,0.18206,-1,-1,-1
829,-1,268.44,186.70,22.82,81.44,0.14611,-1,-1,-1
829,-1,275.68,189.60,16.46,59.53,0.09115,-1,-1,-1
829,-1,2.81,124.86,32.95,83.42,0.08498,-1,-1,-1
829,-1,478.23,170.17,20.90,84.49,0.06672,-1,-1,-1
829,-1,378.08,114.27,94.54,168.88,0.05389,-1,-1,-1
829,-1,104.62,139.82,51.89,173.95,0.05137,-1,-1,-1
830,-1,320.02,138.00,66.59,203.51,0.99958,-1,-1,-1
830,-1,146.76,150.79,60.82,171.38,0.99905,-1,-1,-1
830,-1,519.42,8.59,120.58,458.76,0.99873,-1,-1,-1
830,-1,40.29,111.27,99.97,273.75,0.99841,-1,-1,-1
830,-1,290.67,175.73,35.50,103.60,0.99820,-1,-1,-1
830,-1,372.55,120.27,106.53,270.65,0.99813,-1,-1,-1
830,-1,208.33,177.07,45.40,142.75,0.99682,-1,-1,-1
830,-1,247.58,173.92,40.45,116.84,0.99364,-1,-1,-1
830,-1,17.38,132.59,47.16,189.21,0.99335,-1,-1,-1
830,-1,0.26,132.27,30.08,133.05,0.87730,-1,-1,-1
830,-1,19.28,133.25,40.18,106.29,0.43574,-1,-1,-1
830,-1,166.68,165.31,68.53,157.56,0.38432,-1,-1,-1
830,-1,2.53,122.67,41.21,195.51,0.25433,-1,-1,-1
830,-1,30.38,131.76,25.12,37.06,0.25031,-1,-1,-1
830,-1,21.76,133.20,33.79,58.80,0.24352,-1,-1,-1
830,-1,233.72,176.36,40.95,122.89,0.20010,-1,-1,-1
830,-1,513.13,227.34,99.71,251.09,0.18801,-1,-1,-1
830,-1,286.49,175.50,22.31,67.82,0.18297,-1,-1,-1
830,-1,283.00,195.67,10.90,46.28,0.18005,-1,-1,-1
830,-1,0.00,117.81,13.76,27.55,0.17711,-1,-1,-1
830,-1,15.33,120.98,82.38,222.22,0.17356,-1,-1,-1
830,-1,2.18,138.68,35.46,75.17,0.14087,-1,-1,-1
830,-1,12.46,127.58,207.87,216.74,0.12602,-1,-1,-1
830,-1,0.00,123.75,20.15,97.22,0.12304,-1,-1,-1
830,-1,480.73,170.28,25.65,71.13,0.09704,-1,-1,-1
830,-1,261.80,189.78,30.47,88.74,0.08377,-1,-1,-1
830,-1,286.12,190.59,13.36,49.88,0.07170,-1,-1,-1
830,-1,346.61,139.25,81.06,217.64,0.05404,-1,-1,-1
831,-1,140.84,146.98,62.10,179.08,0.99951,-1,-1,-1
831,-1,317.42,136.24,66.88,208.34,0.99937,-1,-1,-1
831,-1,3.88,106.53,125.11,288.77,0.99925,-1,-1,-1
831,-1,372.07,112.55,106.86,280.27,0.99917,-1,-1,-1
831,-1,205.73,169.76,44.94,151.60,0.99830,-1,-1,-1
831,-1,532.57,4.00,105.43,458.57,0.99718,-1,-1,-1
831,-1,287.17,173.03,38.58,104.31,0.99620,-1,-1,-1
831,-1,242.07,170.56,39.83,120.81,0.99596,-1,-1,-1
831,-1,4.56,120.37,44.81,209.26,0.82062,-1,-1,-1
831,-1,278.01,199.24,12.01,43.48,0.74602,-1,-1,-1
831,-1,265.94,191.44,23.42,81.27,0.22102,-1,-1,-1
831,-1,274.21,195.32,17.66,67.17,0.11798,-1,-1,-1
831,-1,327.35,133.44,97.43,226.69,0.09577,-1,-1,-1
831,-1,511.80,189.25,118.86,287.64,0.07211,-1,-1,-1
831,-1,0.00,136.00,26.14,141.43,0.05957,-1,-1,-1
831,-1,562.65,213.54,66.00,256.55,0.05122,-1,-1,-1
832,-1,120.81,132.83,67.79,195.45,0.99971,-1,-1,-1
832,-1,312.21,132.47,66.45,207.73,0.99950,-1,-1,-1
832,-1,363.81,104.20,102.72,279.53,0.99905,-1,-1,-1
832,-1,184.40,163.42,53.27,162.47,0.99885,-1,-1,-1
832,-1,0.00,87.28,107.46,325.51,0.99881,-1,-1,-1
832,-1,278.53,167.86,39.46,102.06,0.99790,-1,-1,-1
832,-1,229.97,162.25,44.39,124.50,0.99719,-1,-1,-1
832,-1,534.10,1.60,103.58,474.08,0.99450,-1,-1,-1
832,-1,268.93,190.49,14.87,45.61,0.68923,-1,-1,-1
832,-1,265.42,189.31,19.39,72.54,0.13596,-1,-1,-1
832,-1,182.62,215.39,12.83,36.53,0.12507,-1,-1,-1
832,-1,470.95,161.56,38.38,81.50,0.12362,-1,-1,-1
832,-1,253.70,185.33,27.52,84.81,0.11411,-1,-1,-1
832,-1,492.69,176.45,16.46,60.59,0.10192,-1,-1,-1
832,-1,0.00,129.97,17.30,189.96,0.08061,-1,-1,-1
832,-1,569.63,219.21,66.50,256.31,0.05433,-1,-1,-1
833,-1,112.26,130.69,71.40,203.13,0.99967,-1,-1,-1
833,-1,310.34,133.40,68.02,203.12,0.99914,-1,-1,-1
833,-1,174.59,164.31,57.04,164.42,0.99912,-1,-1,-1
833,-1,365.58,106.14,97.30,273.09,0.99891,-1,-1,-1
833,-1,0.00,90.56,104.42,307.95,0.99785,-1,-1,-1
833,-1,225.59,161.62,47.33,129.43,0.99718,-1,-1,-1
833,-1,273.42,166.93,42.32,104.75,0.99477,-1,-1,-1
833,-1,558.15,9.42,79.44,394.85,0.98578,-1,-1,-1
833,-1,266.38,193.02,15.78,43.10,0.77019,-1,-1,-1
833,-1,0.43,147.28,62.95,243.35,0.61174,-1,-1,-1
833,-1,91.85,191.78,15.75,36.90,0.59996,-1,-1,-1
833,-1,469.95,171.66,27.24,75.22,0.10740,-1,-1,-1
833,-1,91.11,171.46,19.96,58.66,0.10403,-1,-1,-1
833,-1,371.94,170.71,14.63,40.91,0.08106,-1,-1,-1
833,-1,102.34,159.40,32.81,119.08,0.06962,-1,-1,-1
833,-1,373.74,109.69,82.41,159.96,0.06521,-1,-1,-1
833,-1,386.27,106.44,60.15,92.20,0.05250,-1,-1,-1
834,-1,104.28,128.07,71.77,208.79,0.99946,-1,-1,-1
834,-1,171.48,163.11,59.47,170.73,0.99932,-1,-1,-1
834,-1,365.44,99.37,98.67,277.17,0.99932,-1,-1,-1
834,-1,310.10,127.45,72.24,201.60,0.99873,-1,-1,-1
834,-1,272.71,167.94,38.74,100.91,0.99792,-1,-1,-1
834,-1,222.76,158.92,48.69,131.72,0.99571,-1,-1,-1
834,-1,0.00,84.27,84.42,315.56,0.99551,-1,-1,-1
834,-1,579.00,28.81,58.70,310.39,0.96095,-1,-1,-1
834,-1,265.84,191.39,14.91,45.23,0.83244,-1,-1,-1
834,-1,550.31,15.05,87.77,419.37,0.61669,-1,-1,-1
834,-1,307.33,174.51,19.43,74.82,0.17587,-1,-1,-1
834,-1,470.52,172.38,30.11,71.76,0.15903,-1,-1,-1
834,-1,301.26,191.11,16.84,64.21,0.14217,-1,-1,-1
834,-1,493.92,180.56,19.16,56.82,0.07838,-1,-1,-1
834,-1,80.17,200.07,8.88,15.48,0.07457,-1,-1,-1
834,-1,248.10,174.52,34.57,103.16,0.06005,-1,-1,-1
834,-1,1.77,78.73,80.29,152.62,0.05748,-1,-1,-1
834,-1,92.23,190.29,13.45,38.75,0.05406,-1,-1,-1
835,-1,91.53,125.70,76.49,222.95,0.99939,-1,-1,-1
835,-1,367.11,108.67,97.27,269.07,0.99930,-1,-1,-1
835,-1,156.84,156.73,71.05,185.86,0.99916,-1,-1,-1
835,-1,313.28,127.00,69.62,202.41,0.99847,-1,-1,-1
835,-1,220.75,157.39,52.08,135.88,0.99805,-1,-1,-1
835,-1,269.54,167.47,45.39,102.77,0.99443,-1,-1,-1
835,-1,1.51,112.80,60.90,229.24,0.98582,-1,-1,-1
835,-1,602.92,39.84,36.46,283.95,0.91452,-1,-1,-1
835,-1,266.09,190.80,14.21,43.96,0.61188,-1,-1,-1
835,-1,301.02,181.38,19.36,74.12,0.31332,-1,-1,-1
835,-1,578.14,33.00,61.86,400.34,0.16486,-1,-1,-1
835,-1,142.89,141.13,29.26,147.95,0.15005,-1,-1,-1
835,-1,288.75,176.23,29.24,84.01,0.12809,-1,-1,-1
835,-1,71.94,192.79,9.54,26.52,0.08291,-1,-1,-1
835,-1,376.60,169.26,12.57,37.41,0.07021,-1,-1,-1
835,-1,131.30,124.80,38.12,63.95,0.06350,-1,-1,-1
835,-1,150.69,152.27,20.10,83.88,0.05516,-1,-1,-1
835,-1,379.88,105.19,79.49,132.43,0.05116,-1,-1,-1
836,-1,372.33,107.69,103.55,272.53,0.99958,-1,-1,-1
836,-1,163.62,150.12,59.22,195.96,0.99940,-1,-1,-1
836,-1,314.60,125.86,74.48,200.56,0.99888,-1,-1,-1
836,-1,221.23,152.93,55.10,144.11,0.99866,-1,-1,-1
836,-1,80.81,117.13,83.33,240.25,0.99838,-1,-1,-1
836,-1,270.07,167.11,47.62,102.81,0.99517,-1,-1,-1
836,-1,0.00,126.23,48.00,202.57,0.99336,-1,-1,-1
836,-1,303.07,185.14,18.42,78.06,0.69397,-1,-1,-1
836,-1,138.31,138.26,33.53,149.86,0.36847,-1,-1,-1
836,-1,307.50,186.04,12.20,45.13,0.14196,-1,-1,-1
836,-1,357.69,129.74,33.30,94.98,0.13493,-1,-1,-1
836,-1,108.63,127.88,58.52,170.32,0.06697,-1,-1,-1
836,-1,317.76,162.36,24.67,79.80,0.06044,-1,-1,-1
836,-1,148.31,150.95,22.11,80.80,0.05799,-1,-1,-1
837,-1,376.50,113.02,106.76,273.83,0.99948,-1,-1,-1
837,-1,75.51,113.04,85.48,251.59,0.99930,-1,-1,-1
837,-1,162.73,147.93,57.50,201.26,0.99924,-1,-1,-1
837,-1,324.40,128.75,73.63,200.09,0.99887,-1,-1,-1
837,-1,222.71,151.71,55.83,146.21,0.99845,-1,-1,-1
837,-1,272.56,165.50,46.48,106.03,0.99468,-1,-1,-1
837,-1,0.97,130.52,37.38,196.63,0.97910,-1,-1,-1
837,-1,140.34,138.15,31.29,156.92,0.90363,-1,-1,-1
837,-1,304.82,187.47,20.43,73.41,0.78980,-1,-1,-1
837,-1,141.55,129.57,30.16,76.34,0.54879,-1,-1,-1
837,-1,146.27,144.07,26.48,98.78,0.27596,-1,-1,-1
837,-1,153.30,157.42,19.09,47.46,0.23095,-1,-1,-1
837,-1,311.37,185.35,19.65,67.09,0.23051,-1,-1,-1
837,-1,313.04,188.71,13.58,44.07,0.19396,-1,-1,-1
837,-1,140.26,130.88,14.01,26.53,0.13638,-1,-1,-1
837,-1,204.28,202.57,14.90,68.48,0.07663,-1,-1,-1
837,-1,138.08,128.08,26.90,52.74,0.05666,-1,-1,-1
837,-1,3.40,130.36,67.08,209.88,0.05578,-1,-1,-1
837,-1,118.87,133.70,61.23,216.60,0.05528,-1,-1,-1
