3,1,855.00,518.00,41.80,115.10,0.9280,-1,-1,-1
3,2,262.00,456.00,106.40,253.20,1.0000,-1,-1,-1
3,3,1285.00,461.00,82.90,208.50,1.0000,-1,-1,-1
3,4,1683.00,387.00,164.30,338.50,1.0000,-1,-1,-1
3,5,1259.00,545.00,50.40,127.60,0.6290,-1,-1,-1
4,2,266.00,453.00,104.60,257.30,1.0000,-1,-1,-1
4,4,1693.00,388.00,166.60,345.00,1.0000,-1,-1,-1
4,3,1288.00,459.00,85.80,201.90,1.0000,-1,-1,-1
4,5,1267.00,536.00,58.00,129.80,1.0000,-1,-1,-1
4,1,864.00,517.00,39.80,106.50,0.7860,-1,-1,-1
5,2,268.00,452.00,100.00,256.40,1.0000,-1,-1,-1
5,3,1298.00,456.00,74.50,210.90,1.0000,-1,-1,-1
5,1,863.00,516.00,40.30,115.60,0.7820,-1,-1,-1
5,4,1703.00,396.00,138.00,331.80,1.0000,-1,-1,-1
5,5,1268.00,527.00,58.30,139.00,1.0000,-1,-1,-1
6,1,863.00,521.00,39.00,107.20,0.5900,-1,-1,-1
6,4,1689.00,371.00,162.50,364.70,1.0000,-1,-1,-1
6,2,273.00,454.00,100.50,253.10,1.0000,-1,-1,-1
6,3,1296.00,457.00,84.70,209.20,1.0000,-1,-1,-1
6,5,1263.00,538.00,62.00,119.50,1.0000,-1,-1,-1
7,5,1274.00,531.00,51.00,134.20,1.0000,-1,-1,-1
7,4,1676.00,373.00,163.20,357.10,1.0000,-1,-1,-1
7,2,263.00,437.00,105.00,292.60,1.0000,-1,-1,-1
7,3,1303.00,464.00,78.70,196.20,1.0000,-1,-1,-1
8,3,1304.00,454.00,72.70,204.20,1.0000,-1,-1,-1
8,5,1273.00,534.00,62.00,126.90,1.0000,-1,-1,-1
8,4,1670.00,378.00,165.70,383.80,1.0000,-1,-1,-1
8,2,280.00,446.00,108.70,260.50,1.0000,-1,-1,-1
9,4,1682.00,374.00,163.00,383.80,1.0000,-1,-1,-1
9,5,1275.00,532.00,53.30,127.20,1.0000,-1,-1,-1
9,3,1300.00,444.00,81.10,213.70,1.0000,-1,-1,-1
9,2,286.00,455.00,93.10,246.80,0.9990,-1,-1,-1
10,2,270.00,445.00,117.30,272.10,0.9990,-1,-1,-1
10,3,1309.00,454.00,84.30,210.90,1.0000,-1,-1,-1
10,4,1687.00,404.00,137.10,349.70,1.0000,-1,-1,-1
10,5,1271.00,532.00,67.30,137.40,1.0000,-1,-1,-1
11,3,1305.00,451.00,85.20,213.00,1.0000,-1,-1,-1
11,2,271.00,444.00,116.10,264.80,0.9990,-1,-1,-1
11,5,1277.00,535.00,64.40,134.60,1.0000,-1,-1,-1
11,4,1666.00,382.00,172.20,365.30,1.0000,-1,-1,-1
12,3,1313.00,452.00,75.60,212.50,1.0000,-1,-1,-1
12,4,1683.00,376.00,151.50,389.80,1.0000,-1,-1,-1
12,2,283.00,437.00,109.40,269.30,0.9990,-1,-1,-1
12,5,1277.00,541.00,56.00,129.00,1.0000,-1,-1,-1
12,1,866.00,519.00,46.30,113.70,0.5270,-1,-1,-1
13,4,1678.00,388.00,147.40,371.20,1.0000,-1,-1,-1
13,2,285.00,438.00,106.50,265.90,1.0000,-1,-1,-1
13,3,1307.00,454.00,76.80,208.50,1.0000,-1,-1,-1
13,5,1287.00,534.00,51.10,130.50,1.0000,-1,-1,-1
13,1,868.00,517.00,47.00,114.90,0.5440,-1,-1,-1
14,1,868.00,520.00,45.40,113.20,0.6100,-1,-1,-1
14,2,292.00,447.00,105.60,265.50,0.9990,-1,-1,-1
14,5,1283.00,541.00,53.00,123.90,1.0000,-1,-1,-1
14,3,1318.00,461.00,82.20,204.00,1.0000,-1,-1,-1
14,4,1662.00,376.00,186.10,392.00,1.0000,-1,-1,-1
15,3,1314.00,457.00,76.60,210.20,1.0000,-1,-1,-1
15,2,296.00,444.00,94.70,262.70,0.9990,-1,-1,-1
15,6,-85.00,212.00,336.00,714.80,0.4500,-1,-1,-1
15,4,1654.00,378.00,173.80,375.40,1.0000,-1,-1,-1
15,5,1285.00,531.00,48.30,128.40,0.9990,-1,-1,-1
16,6,-68.00,233.00,303.30,698.20,0.7650,-1,-1,-1
16,2,286.00,442.00,111.20,258.70,0.9990,-1,-1,-1
16,3,1322.00,455.00,81.90,206.90,1.0000,-1,-1,-1
16,4,1666.00,367.00,188.40,377.60,1.0000,-1,-1,-1
16,5,1291.00,530.00,53.70,132.70,1.0000,-1,-1,-1
17,1,871.00,522.00,44.40,109.40,0.5040,-1,-1,-1
17,4,1664.00,376.00,187.10,376.60,1.0000,-1,-1,-1
17,6,-74.00,235.00,330.70,673.30,0.6750,-1,-1,-1
17,3,1309.00,461.00,87.60,206.30,1.0000,-1,-1,-1
17,2,282.00,442.00,122.90,277.30,1.0000,-1,-1,-1
18,2,293.00,442.00,105.50,255.50,0.9990,-1,-1,-1
18,6,-71.00,222.00,331.80,721.60,0.9600,-1,-1,-1
18,5,1295.00,538.00,51.00,121.00,1.0000,-1,-1,-1
18,3,1311.00,448.00,83.70,213.20,1.0000,-1,-1,-1
18,4,1642.00,371.00,184.30,395.40,1.0000,-1,-1,-1
19,6,-69.00,236.00,326.20,701.10,0.9770,-1,-1,-1
19,4,1649.00,366.00,184.60,402.50,1.0000,-1,-1,-1
19,3,1321.00,451.00,81.90,212.00,1.0000,-1,-1,-1
19,2,307.00,445.00,97.30,264.00,0.9990,-1,-1,-1
19,5,1289.00,542.00,58.10,130.80,0.9990,-1,-1,-1
20,7,1801.00,440.00,72.80,180.00,0.9990,-1,-1,-1
20,2,299.00,441.00,98.10,250.00,0.9990,-1,-1,-1
20,6,-74.00,226.00,357.50,729.80,0.9810,-1,-1,-1
20,4,1644.00,376.00,178.70,398.10,1.0000,-1,-1,-1
20,5,1292.00,533.00,52.40,137.40,1.0000,-1,-1,-1
20,3,1328.00,465.00,71.90,199.00,1.0000,-1,-1,-1
21,5,1295.00,536.00,53.70,130.30,1.0000,-1,-1,-1
21,7,1803.00,440.00,70.40,176.80,1.0000,-1,-1,-1
21,4,1645.00,363.00,173.10,391.20,1.0000,-1,-1,-1
21,6,-77.00,237.00,366.60,728.50,0.9780,-1,-1,-1
21,3,1328.00,466.00,69.50,196.90,1.0000,-1,-1,-1
21,2,317.00,443.00,86.60,268.50,0.9990,-1,-1,-1
22,2,306.00,445.00,96.90,256.60,0.9990,-1,-1,-1
22,6,-63.00,241.00,361.10,698.00,0.9870,-1,-1,-1
22,5,1294.00,536.00,61.10,131.20,1.0000,-1,-1,-1
22,3,1327.00,456.00,67.20,205.90,1.0000,-1,-1,-1
22,4,1635.00,385.00,192.40,389.00,1.0000,-1,-1,-1
22,7,1799.00,437.00,71.30,188.50,1.0000,-1,-1,-1
23,4,1640.00,382.00,179.10,375.40,1.0000,-1,-1,-1
23,3,1331.00,456.00,74.50,206.40,1.0000,-1,-1,-1
23,2,307.00,441.00,108.80,269.10,1.0000,-1,-1,-1
23,6,-89.00,250.00,403.80,668.80,0.9850,-1,-1,-1
23,5,1305.00,528.00,49.90,140.80,1.0000,-1,-1,-1
23,7,1813.00,439.00,67.80,201.60,1.0000,-1,-1,-1
24,2,307.00,440.00,112.10,274.40,1.0000,-1,-1,-1
24,6,-78.00,215.00,397.40,707.10,0.9830,-1,-1,-1
24,7,1811.00,432.00,69.80,205.30,0.9970,-1,-1,-1
24,4,1627.00,373.00,178.50,409.80,1.0000,-1,-1,-1
24,3,1319.00,459.00,80.60,209.00,1.0000,-1,-1,-1
25,2,313.00,452.00,100.70,252.50,1.0000,-1,-1,-1
25,4,1648.00,379.00,167.30,383.00,1.0000,-1,-1,-1
25,3,1326.00,449.00,80.70,219.50,1.0000,-1,-1,-1
25,6,-73.00,209.00,400.80,719.90,0.9940,-1,-1,-1
25,7,1813.00,430.00,69.80,193.60,0.5770,-1,-1,-1
25,5,1298.00,545.00,52.90,120.50,0.8120,-1,-1,-1
26,2,317.00,445.00,105.50,270.50,0.9990,-1,-1,-1
26,3,1333.00,452.00,70.70,214.90,1.0000,-1,-1,-1
26,4,1624.00,379.00,193.50,367.40,1.0000,-1,-1,-1
26,5,1297.00,541.00,57.80,121.80,1.0000,-1,-1,-1
26,6,-104.00,239.00,476.50,676.90,0.9910,-1,-1,-1
27,6,-76.00,233.00,410.20,673.00,0.9940,-1,-1,-1
27,2,321.00,455.00,104.50,261.40,0.9990,-1,-1,-1
27,4,1622.00,371.00,196.40,386.80,1.0000,-1,-1,-1
27,3,1326.00,453.00,83.70,219.50,1.0000,-1,-1,-1
27,5,1307.00,533.00,52.60,128.90,1.0000,-1,-1,-1
28,6,-60.00,226.00,425.00,683.00,0.9940,-1,-1,-1
28,8,1809.00,314.00,185.50,453.50,0.5010,-1,-1,-1
28,4,1632.00,362.00,178.80,424.40,1.0000,-1,-1,-1
28,3,1337.00,456.00,71.90,203.20,1.0000,-1,-1,-1
28,5,1304.00,541.00,48.60,129.80,1.0000,-1,-1,-1
28,2,308.00,444.00,107.60,266.60,0.9990,-1,-1,-1
29,8,1805.00,324.00,183.60,455.60,0.6990,-1,-1,-1
29,2,315.00,458.00,104.90,247.30,0.9990,-1,-1,-1
29,4,1634.00,362.00,167.70,417.50,1.0000,-1,-1,-1
29,5,1301.00,532.00,55.70,133.20,0.9970,-1,-1,-1
29,3,1330.00,459.00,71.90,206.20,1.0000,-1,-1,-1
29,6,-73.00,211.00,464.90,717.30,0.9950,-1,-1,-1
30,8,1809.00,308.00,179.60,473.20,0.9500,-1,-1,-1
30,5,1303.00,537.00,61.80,128.20,1.0000,-1,-1,-1
30,4,1643.00,364.00,169.40,430.20,1.0000,-1,-1,-1
30,3,1339.00,460.00,63.60,202.90,1.0000,-1,-1,-1
30,6,-78.00,207.00,506.70,710.90,0.9960,-1,-1,-1
31,8,1805.00,300.00,181.90,498.00,0.9510,-1,-1,-1
31,4,1628.00,361.00,167.20,418.10,1.0000,-1,-1,-1
31,5,1304.00,537.00,51.60,129.00,1.0000,-1,-1,-1
31,6,-69.00,240.00,495.30,676.50,0.9990,-1,-1,-1
31,3,1330.00,460.00,73.20,196.20,1.0000,-1,-1,-1
32,3,1334.00,461.00,72.90,204.70,1.0000,-1,-1,-1
32,4,1636.00,359.00,164.20,407.10,1.0000,-1,-1,-1
32,5,1303.00,535.00,59.60,130.70,1.0000,-1,-1,-1
32,6,-64.00,242.00,506.50,675.70,0.9960,-1,-1,-1
32,8,1823.00,296.00,146.30,489.90,0.9760,-1,-1,-1
33,6,-50.00,230.00,497.60,684.70,0.9960,-1,-1,-1
33,8,1805.00,308.00,174.90,494.10,0.9530,-1,-1,-1
33,4,1617.00,356.00,176.10,430.70,1.0000,-1,-1,-1
33,3,1329.00,464.00,81.60,214.50,1.0000,-1,-1,-1
34,8,1807.00,306.00,171.10,478.30,0.9820,-1,-1,-1
34,3,1338.00,462.00,70.40,204.10,1.0000,-1,-1,-1
34,6,-38.00,219.00,503.10,688.50,0.9970,-1,-1,-1
34,4,1633.00,360.00,153.20,417.50,1.0000,-1,-1,-1
34,5,1314.00,533.00,53.70,135.50,1.0000,-1,-1,-1
35,8,1806.00,294.00,171.30,480.10,0.9880,-1,-1,-1
35,4,1621.00,351.00,169.80,415.70,1.0000,-1,-1,-1
35,3,1337.00,464.00,70.50,211.60,1.0000,-1,-1,-1
35,6,-13.00,240.00,476.90,677.10,0.9990,-1,-1,-1
35,5,1316.00,534.00,53.40,135.20,1.0000,-1,-1,-1
36,8,1795.00,294.00,183.50,497.10,0.9930,-1,-1,-1
36,6,-24.00,237.00,497.70,665.70,0.9990,-1,-1,-1
36,3,1340.00,458.00,72.70,207.20,1.0000,-1,-1,-1
36,5,1310.00,538.00,56.40,132.50,1.0000,-1,-1,-1
36,4,1605.00,369.00,198.90,413.40,1.0000,-1,-1,-1
37,3,1339.00,463.00,75.00,209.90,1.0000,-1,-1,-1
37,6,13.00,248.00,458.40,673.20,1.0000,-1,-1,-1
37,4,1626.00,372.00,166.30,416.00,1.0000,-1,-1,-1
37,8,1791.00,293.00,181.60,503.90,0.9970,-1,-1,-1
37,5,1312.00,538.00,53.50,123.60,1.0000,-1,-1,-1
38,4,1613.00,369.00,184.50,425.00,1.0000,-1,-1,-1
38,8,1785.00,312.00,186.40,463.50,0.9950,-1,-1,-1
38,6,39.00,248.00,443.80,648.60,1.0000,-1,-1,-1
38,3,1341.00,451.00,77.20,223.90,1.0000,-1,-1,-1
38,5,1312.00,528.00,47.90,131.50,1.0000,-1,-1,-1
39,8,1789.00,307.00,181.30,484.70,0.9980,-1,-1,-1
39,5,1314.00,538.00,50.50,127.80,1.0000,-1,-1,-1
39,6,82.00,229.00,403.90,675.30,1.0000,-1,-1,-1
39,3,1342.00,451.00,80.20,225.00,1.0000,-1,-1,-1
39,4,1605.00,355.00,169.60,444.60,1.0000,-1,-1,-1
40,6,97.00,254.00,393.50,660.50,1.0000,-1,-1,-1
40,8,1776.00,296.00,196.80,492.00,0.9940,-1,-1,-1
40,3,1338.00,453.00,78.00,215.70,1.0000,-1,-1,-1
40,4,1624.00,361.00,177.90,414.30,1.0000,-1,-1,-1
40,5,1304.00,529.00,54.30,130.20,1.0000,-1,-1,-1
41,6,125.00,234.00,363.30,683.80,1.0000,-1,-1,-1
41,4,1628.00,359.00,162.80,429.70,1.0000,-1,-1,-1
41,3,1338.00,465.00,76.20,202.50,1.0000,-1,-1,-1
41,8,1801.00,309.00,159.90,461.70,0.9980,-1,-1,-1
41,5,1306.00,527.00,53.20,133.50,1.0000,-1,-1,-1
42,8,1788.00,310.00,172.90,470.30,0.9980,-1,-1,-1
42,6,130.00,226.00,380.20,683.40,1.0000,-1,-1,-1
42,3,1334.00,464.00,90.50,204.60,1.0000,-1,-1,-1
42,4,1608.00,356.00,168.00,447.00,1.0000,-1,-1,-1
42,5,1316.00,533.00,48.20,132.40,1.0000,-1,-1,-1
43,3,1343.00,463.00,76.10,205.40,1.0000,-1,-1,-1
43,8,1780.00,299.00,184.60,484.20,0.9970,-1,-1,-1
43,5,1316.00,532.00,48.00,131.30,1.0000,-1,-1,-1
43,4,1591.00,355.00,183.70,427.00,1.0000,-1,-1,-1
43,6,213.00,260.00,324.00,608.90,1.0000,-1,-1,-1
44,8,1779.00,295.00,184.00,485.60,0.9980,-1,-1,-1
44,3,1343.00,462.00,74.50,197.80,1.0000,-1,-1,-1
44,6,223.00,243.00,307.80,639.70,1.0000,-1,-1,-1
44,5,1316.00,534.00,47.60,128.90,1.0000,-1,-1,-1
44,4,1612.00,350.00,162.10,451.40,1.0000,-1,-1,-1
45,3,1340.00,458.00,81.40,212.80,1.0000,-1,-1,-1
45,8,1794.00,292.00,166.40,497.70,0.9980,-1,-1,-1
45,6,262.00,239.00,291.70,640.50,1.0000,-1,-1,-1
45,5,1317.00,534.00,48.30,132.80,1.0000,-1,-1,-1
45,4,1594.00,366.00,204.90,422.30,1.0000,-1,-1,-1
46,4,1605.00,357.00,181.40,419.00,1.0000,-1,-1,-1
46,8,1787.00,306.00,177.60,492.90,0.9980,-1,-1,-1
46,3,1343.00,455.00,73.90,208.80,1.0000,-1,-1,-1
46,5,1318.00,526.00,50.40,141.80,1.0000,-1,-1,-1
46,6,311.00,245.00,237.90,626.70,1.0000,-1,-1,-1
47,8,1784.00,300.00,179.70,494.40,0.9980,-1,-1,-1
47,6,310.00,250.00,277.90,630.20,1.0000,-1,-1,-1
47,3,1340.00,455.00,84.10,214.70,1.0000,-1,-1,-1
47,5,1317.00,525.00,51.00,144.20,1.0000,-1,-1,-1
47,4,1582.00,345.00,206.00,445.70,1.0000,-1,-1,-1
48,6,311.00,252.00,289.70,634.50,1.0000,-1,-1,-1
48,5,1319.00,532.00,47.90,137.70,1.0000,-1,-1,-1
48,3,1340.00,462.00,82.90,211.40,1.0000,-1,-1,-1
48,8,1771.00,304.00,197.30,490.70,0.9980,-1,-1,-1
48,4,1576.00,340.00,204.90,469.50,1.0000,-1,-1,-1
49,3,1345.00,460.00,80.90,212.20,1.0000,-1,-1,-1
49,8,1773.00,280.00,194.50,507.20,0.9970,-1,-1,-1
49,4,1572.00,353.00,215.10,444.60,1.0000,-1,-1,-1
49,6,342.00,266.00,298.60,604.40,1.0000,-1,-1,-1
49,5,1321.00,529.00,43.40,132.20,1.0000,-1,-1,-1
50,8,1771.00,294.00,191.80,510.10,0.9990,-1,-1,-1
50,3,1344.00,462.00,83.70,214.10,1.0000,-1,-1,-1
50,6,356.00,249.00,312.80,614.60,1.0000,-1,-1,-1
50,5,1321.00,530.00,43.70,132.70,1.0000,-1,-1,-1
50,4,1566.00,343.00,220.30,458.00,1.0000,-1,-1,-1
51,8,1770.00,297.00,190.70,508.40,0.9990,-1,-1,-1
51,6,350.00,247.00,329.00,613.60,1.0000,-1,-1,-1
51,4,1565.00,345.00,199.90,442.20,1.0000,-1,-1,-1
51,3,1340.00,451.00,80.20,222.30,1.0000,-1,-1,-1
51,5,1309.00,534.00,54.70,132.30,1.0000,-1,-1,-1
52,8,1771.00,296.00,185.70,510.70,0.9990,-1,-1,-1
52,6,374.00,271.00,326.10,603.70,1.0000,-1,-1,-1
52,4,1568.00,357.00,194.30,435.40,1.0000,-1,-1,-1
52,3,1340.00,447.00,82.60,229.10,1.0000,-1,-1,-1
52,5,1311.00,536.00,54.20,131.30,1.0000,-1,-1,-1
53,6,389.00,242.00,307.00,620.20,1.0000,-1,-1,-1
53,8,1777.00,286.00,183.10,495.50,0.9990,-1,-1,-1
53,4,1570.00,336.00,193.10,470.50,1.0000,-1,-1,-1
53,3,1342.00,464.00,80.50,210.40,1.0000,-1,-1,-1
53,5,1319.00,526.00,47.60,138.00,1.0000,-1,-1,-1
54,8,1772.00,281.00,184.60,519.00,0.9990,-1,-1,-1
54,6,398.00,280.00,322.30,595.80,1.0000,-1,-1,-1
54,4,1562.00,341.00,210.40,457.80,1.0000,-1,-1,-1
54,3,1336.00,455.00,86.40,210.50,1.0000,-1,-1,-1
55,3,1337.00,459.00,86.50,210.10,1.0000,-1,-1,-1
55,4,1570.00,365.00,198.30,429.20,1.0000,-1,-1,-1
55,8,1753.00,304.00,208.50,492.20,1.0000,-1,-1,-1
55,6,377.00,269.00,374.70,607.70,1.0000,-1,-1,-1
55,5,1311.00,532.00,52.10,133.10,1.0000,-1,-1,-1
56,5,1316.00,532.00,47.50,132.70,1.0000,-1,-1,-1
56,8,1765.00,287.00,187.50,526.80,1.0000,-1,-1,-1
56,4,1563.00,349.00,187.30,453.80,1.0000,-1,-1,-1
56,6,419.00,289.00,328.60,580.40,1.0000,-1,-1,-1
56,3,1338.00,453.00,86.70,209.70,1.0000,-1,-1,-1
56,2,365.00,444.00,107.10,257.70,0.9990,-1,-1,-1
57,5,1316.00,534.00,47.10,131.10,1.0000,-1,-1,-1
57,8,1759.00,283.00,197.30,532.80,1.0000,-1,-1,-1
57,3,1343.00,457.00,74.00,214.30,1.0000,-1,-1,-1
57,6,450.00,276.00,277.20,593.70,1.0000,-1,-1,-1
57,2,371.00,440.00,109.40,268.80,1.0000,-1,-1,-1
57,4,1548.00,346.00,185.90,473.10,1.0000,-1,-1,-1
58,8,1770.00,291.00,182.50,514.10,1.0000,-1,-1,-1
58,2,377.00,448.00,103.80,255.60,1.0000,-1,-1,-1
58,4,1533.00,346.00,219.00,440.70,1.0000,-1,-1,-1
58,3,1331.00,455.00,86.80,213.70,1.0000,-1,-1,-1
58,6,494.00,268.00,248.80,573.60,1.0000,-1,-1,-1
59,8,1759.00,301.00,190.60,505.60,1.0000,-1,-1,-1
59,3,1341.00,448.00,82.10,227.00,1.0000,-1,-1,-1
59,4,1552.00,354.00,195.50,457.90,1.0000,-1,-1,-1
59,6,506.00,260.00,250.60,590.90,1.0000,-1,-1,-1
59,9,217.00,459.00,83.60,256.60,0.7510,-1,-1,-1
59,5,1310.00,534.00,54.10,132.40,1.0000,-1,-1,-1
59,2,361.00,443.00,118.60,275.20,1.0000,-1,-1,-1
60,4,1528.00,350.00,215.10,455.70,1.0000,-1,-1,-1
60,6,532.00,273.00,249.40,573.10,1.0000,-1,-1,-1
60,8,1743.00,281.00,212.50,538.30,1.0000,-1,-1,-1
60,2,360.00,439.00,122.30,280.70,1.0000,-1,-1,-1
60,3,1330.00,456.00,86.70,211.20,1.0000,-1,-1,-1
61,3,1342.00,453.00,79.30,219.50,1.0000,-1,-1,-1
61,2,365.00,441.00,118.80,282.20,1.0000,-1,-1,-1
61,8,1744.00,304.00,208.20,508.20,1.0000,-1,-1,-1
61,5,1318.00,537.00,44.30,126.00,1.0000,-1,-1,-1
61,4,1520.00,331.00,214.20,462.10,1.0000,-1,-1,-1
61,6,558.00,271.00,235.00,546.10,1.0000,-1,-1,-1
62,8,1761.00,288.00,183.70,537.90,1.0000,-1,-1,-1
62,3,1331.00,458.00,87.50,212.30,1.0000,-1,-1,-1
62,4,1520.00,335.00,192.90,488.80,1.0000,-1,-1,-1
62,6,578.00,248.00,253.30,604.60,1.0000,-1,-1,-1
62,2,387.00,423.00,113.70,274.90,1.0000,-1,-1,-1
62,9,232.00,453.00,94.10,261.30,0.9910,-1,-1,-1
63,8,1750.00,292.00,196.10,537.80,1.0000,-1,-1,-1
63,3,1337.00,460.00,86.50,208.70,1.0000,-1,-1,-1
63,4,1506.00,341.00,214.90,466.40,1.0000,-1,-1,-1
63,10,901.00,521.00,40.00,107.50,0.7290,-1,-1,-1
63,6,574.00,247.00,275.60,581.40,1.0000,-1,-1,-1
63,2,383.00,439.00,102.10,289.10,1.0000,-1,-1,-1
63,5,1309.00,527.00,54.90,142.10,1.0000,-1,-1,-1
63,9,215.00,469.00,79.90,244.10,0.8400,-1,-1,-1
64,5,1316.00,535.00,47.80,128.70,1.0000,-1,-1,-1
64,4,1528.00,343.00,191.70,475.70,1.0000,-1,-1,-1
64,6,574.00,269.00,281.50,588.50,1.0000,-1,-1,-1
64,8,1746.00,284.00,192.50,557.20,1.0000,-1,-1,-1
64,2,392.00,437.00,101.40,265.90,1.0000,-1,-1,-1
64,9,214.00,471.00,86.30,233.40,0.9850,-1,-1,-1
64,3,1348.00,465.00,68.90,210.60,1.0000,-1,-1,-1
64,10,910.00,527.00,42.70,108.80,0.6530,-1,-1,-1
65,4,1518.00,341.00,193.50,474.30,1.0000,-1,-1,-1
65,5,1315.00,534.00,48.60,127.50,1.0000,-1,-1,-1
65,3,1342.00,450.00,80.20,225.00,1.0000,-1,-1,-1
65,8,1747.00,288.00,176.50,547.70,1.0000,-1,-1,-1
65,9,218.00,481.00,89.80,238.60,0.9980,-1,-1,-1
65,10,908.00,519.00,45.20,105.80,0.7760,-1,-1,-1
65,6,614.00,281.00,294.40,584.40,1.0000,-1,-1,-1
65,2,401.00,442.00,113.10,270.80,1.0000,-1,-1,-1
66,4,1514.00,334.00,203.60,486.20,1.0000,-1,-1,-1
66,3,1335.00,455.00,84.60,219.90,1.0000,-1,-1,-1
66,6,623.00,282.00,263.50,561.70,1.0000,-1,-1,-1
66,5,1311.00,537.00,46.80,128.40,0.9960,-1,-1,-1
66,8,1717.00,275.00,215.00,553.80,1.0000,-1,-1,-1
66,2,405.00,438.00,112.70,253.80,1.0000,-1,-1,-1
66,10,906.00,521.00,42.90,116.20,0.7960,-1,-1,-1
66,9,235.00,471.00,75.90,237.90,0.9990,-1,-1,-1
67,6,631.00,277.00,284.80,557.00,1.0000,-1,-1,-1
67,4,1504.00,335.00,205.90,495.20,1.0000,-1,-1,-1
67,2,404.00,440.00,123.30,267.70,1.0000,-1,-1,-1
67,5,1312.00,539.00,53.60,126.50,1.0000,-1,-1,-1
67,8,1720.00,266.00,204.70,562.20,1.0000,-1,-1,-1
67,3,1339.00,465.00,90.30,199.80,1.0000,-1,-1,-1
67,9,236.00,481.00,82.10,237.60,1.0000,-1,-1,-1
68,2,409.00,432.00,114.50,275.60,1.0000,-1,-1,-1
68,3,1339.00,457.00,81.00,212.70,1.0000,-1,-1,-1
68,8,1735.00,289.00,185.80,548.30,1.0000,-1,-1,-1
68,6,628.00,274.00,292.20,565.90,1.0000,-1,-1,-1
68,4,1519.00,334.00,191.40,501.80,1.0000,-1,-1,-1
68,5,1311.00,531.00,48.00,133.60,1.0000,-1,-1,-1
68,9,228.00,478.00,92.40,229.80,1.0000,-1,-1,-1
69,8,1718.00,284.00,207.90,535.80,1.0000,-1,-1,-1
69,4,1513.00,354.00,195.30,483.80,1.0000,-1,-1,-1
69,9,231.00,484.00,89.00,226.90,1.0000,-1,-1,-1
69,6,665.00,287.00,260.50,545.00,1.0000,-1,-1,-1
69,2,404.00,427.00,121.70,282.90,1.0000,-1,-1,-1
69,5,1308.00,540.00,54.30,127.40,1.0000,-1,-1,-1
69,3,1346.00,465.00,69.50,211.10,1.0000,-1,-1,-1
70,2,410.00,420.00,121.20,298.10,1.0000,-1,-1,-1
70,3,1335.00,453.00,84.40,222.50,1.0000,-1,-1,-1
70,4,1508.00,355.00,181.30,482.20,1.0000,-1,-1,-1
70,6,693.00,286.00,256.40,537.60,1.0000,-1,-1,-1
70,8,1706.00,270.00,204.70,568.80,1.0000,-1,-1,-1
70,9,236.00,474.00,98.50,242.70,1.0000,-1,-1,-1
71,4,1510.00,345.00,188.90,482.10,1.0000,-1,-1,-1
71,3,1340.00,455.00,78.70,208.80,1.0000,-1,-1,-1
71,6,704.00,277.00,244.80,546.20,1.0000,-1,-1,-1
71,5,1311.00,538.00,53.80,126.30,1.0000,-1,-1,-1
71,9,237.00,480.00,95.00,232.00,1.0000,-1,-1,-1
71,8,1702.00,252.00,216.80,602.90,1.0000,-1,-1,-1
71,2,409.00,432.00,107.40,287.00,1.0000,-1,-1,-1
72,9,239.00,471.00,93.10,241.70,1.0000,-1,-1,-1
72,5,1310.00,534.00,50.20,127.40,0.9940,-1,-1,-1
72,3,1336.00,461.00,86.60,207.40,1.0000,-1,-1,-1
72,2,419.00,430.00,115.80,276.60,1.0000,-1,-1,-1
72,4,1513.00,353.00,176.30,457.50,1.0000,-1,-1,-1
72,8,1722.00,288.00,188.90,551.30,1.0000,-1,-1,-1
72,6,708.00,274.00,231.10,540.70,1.0000,-1,-1,-1
73,8,1715.00,256.00,196.80,594.50,1.0000,-1,-1,-1
73,5,1310.00,538.00,54.20,128.10,1.0000,-1,-1,-1
73,4,1491.00,352.00,203.10,479.30,1.0000,-1,-1,-1
73,6,737.00,289.00,226.10,511.40,1.0000,-1,-1,-1
73,3,1346.00,465.00,71.10,212.10,1.0000,-1,-1,-1
73,2,414.00,426.00,107.10,295.20,1.0000,-1,-1,-1
73,9,256.00,478.00,91.30,236.50,1.0000,-1,-1,-1
74,9,252.00,473.00,91.10,235.30,1.0000,-1,-1,-1
74,3,1336.00,462.00,86.60,206.30,1.0000,-1,-1,-1
74,4,1497.00,335.00,202.80,504.40,1.0000,-1,-1,-1
74,6,759.00,267.00,209.90,561.80,1.0000,-1,-1,-1
74,8,1701.00,265.00,193.60,567.40,1.0000,-1,-1,-1
74,5,1311.00,541.00,47.00,119.60,0.9950,-1,-1,-1
74,2,424.00,441.00,103.90,257.70,1.0000,-1,-1,-1
75,4,1497.00,328.00,196.60,492.80,1.0000,-1,-1,-1
75,3,1334.00,460.00,83.40,211.90,1.0000,-1,-1,-1
75,8,1699.00,264.00,214.60,564.40,1.0000,-1,-1,-1
75,6,759.00,280.00,206.70,528.20,1.0000,-1,-1,-1
75,5,1308.00,532.00,50.40,139.70,0.9870,-1,-1,-1
75,2,412.00,427.00,119.20,292.50,1.0000,-1,-1,-1
75,9,247.00,474.00,105.60,253.50,1.0000,-1,-1,-1
76,6,766.00,277.00,227.00,538.60,1.0000,-1,-1,-1
76,8,1706.00,262.00,215.40,565.50,1.0000,-1,-1,-1
76,9,261.00,479.00,92.60,228.80,1.0000,-1,-1,-1
76,2,415.00,445.00,125.40,267.10,1.0000,-1,-1,-1
76,3,1345.00,466.00,70.30,208.70,1.0000,-1,-1,-1
76,4,1480.00,327.00,227.50,517.90,1.0000,-1,-1,-1
76,5,1317.00,531.00,50.70,141.50,1.0000,-1,-1,-1
77,2,419.00,435.00,115.40,275.80,1.0000,-1,-1,-1
77,4,1488.00,335.00,216.50,490.70,1.0000,-1,-1,-1
77,8,1706.00,266.00,210.50,568.90,1.0000,-1,-1,-1
77,3,1338.00,464.00,77.80,200.10,1.0000,-1,-1,-1
77,6,795.00,302.00,205.60,508.20,1.0000,-1,-1,-1
77,5,1309.00,533.00,55.40,125.80,0.9940,-1,-1,-1
77,9,250.00,470.00,102.20,251.90,1.0000,-1,-1,-1
78,3,1338.00,464.00,76.60,199.50,1.0000,-1,-1,-1
78,2,414.00,423.00,121.80,289.50,1.0000,-1,-1,-1
78,5,1309.00,527.00,49.20,135.60,0.9990,-1,-1,-1
78,8,1708.00,258.00,181.40,579.50,1.0000,-1,-1,-1
78,6,795.00,299.00,234.20,531.50,1.0000,-1,-1,-1
78,9,261.00,468.00,92.70,227.00,1.0000,-1,-1,-1
78,4,1466.00,323.00,220.40,512.80,1.0000,-1,-1,-1
79,8,1702.00,271.00,205.70,587.20,1.0000,-1,-1,-1
79,5,1310.00,541.00,48.30,122.50,0.9960,-1,-1,-1
79,3,1337.00,465.00,76.90,199.60,1.0000,-1,-1,-1
79,2,416.00,423.00,121.80,301.10,1.0000,-1,-1,-1
79,6,819.00,284.00,228.60,529.10,1.0000,-1,-1,-1
79,4,1490.00,341.00,185.50,499.70,1.0000,-1,-1,-1
79,9,268.00,461.00,99.40,261.10,1.0000,-1,-1,-1
80,6,818.00,292.00,256.90,537.90,1.0000,-1,-1,-1
80,8,1690.00,254.00,200.90,589.30,1.0000,-1,-1,-1
80,3,1340.00,456.00,83.70,218.00,1.0000,-1,-1,-1
80,4,1462.00,342.00,231.60,506.60,1.0000,-1,-1,-1
80,2,432.00,446.00,100.20,267.00,1.0000,-1,-1,-1
80,5,1313.00,538.00,53.20,127.10,1.0000,-1,-1,-1
80,9,274.00,466.00,112.90,263.40,0.9990,-1,-1,-1
81,6,823.00,293.00,242.00,520.50,1.0000,-1,-1,-1
81,9,262.00,465.00,116.10,248.30,0.9990,-1,-1,-1
81,4,1454.00,341.00,234.50,514.60,1.0000,-1,-1,-1
81,8,1687.00,267.00,190.10,595.50,1.0000,-1,-1,-1
81,3,1343.00,454.00,87.40,211.30,1.0000,-1,-1,-1
81,5,1314.00,540.00,53.00,128.20,1.0000,-1,-1,-1
81,2,444.00,441.00,101.70,253.50,1.0000,-1,-1,-1
82,2,434.00,435.00,106.90,272.00,1.0000,-1,-1,-1
82,8,1679.00,271.00,209.40,570.90,1.0000,-1,-1,-1
82,9,270.00,463.00,105.60,253.80,1.0000,-1,-1,-1
82,6,828.00,289.00,256.50,504.70,1.0000,-1,-1,-1
82,4,1453.00,330.00,236.80,506.70,1.0000,-1,-1,-1
82,3,1344.00,456.00,85.30,209.00,1.0000,-1,-1,-1
82,5,1315.00,542.00,51.20,124.80,1.0000,-1,-1,-1
83,5,1311.00,536.00,54.50,128.20,1.0000,-1,-1,-1
83,3,1340.00,462.00,76.10,210.80,1.0000,-1,-1,-1
83,9,277.00,475.00,100.90,236.90,1.0000,-1,-1,-1
83,8,1674.00,251.00,211.30,622.10,1.0000,-1,-1,-1
83,2,434.00,434.00,100.50,265.30,1.0000,-1,-1,-1
83,6,866.00,293.00,230.60,493.80,1.0000,-1,-1,-1
83,4,1434.00,328.00,235.30,506.70,1.0000,-1,-1,-1
84,9,279.00,471.00,103.50,236.60,1.0000,-1,-1,-1
84,8,1680.00,257.00,216.80,596.90,1.0000,-1,-1,-1
84,6,866.00,279.00,218.60,532.70,1.0000,-1,-1,-1
84,2,439.00,442.00,97.10,273.50,1.0000,-1,-1,-1
84,4,1432.00,323.00,238.30,506.10,1.0000,-1,-1,-1
84,5,1314.00,542.00,52.10,126.50,1.0000,-1,-1,-1
84,3,1343.00,458.00,70.70,220.80,1.0000,-1,-1,-1
85,4,1428.00,322.00,242.90,510.00,1.0000,-1,-1,-1
85,9,281.00,458.00,108.80,259.20,1.0000,-1,-1,-1
85,8,1664.00,243.00,221.40,611.80,1.0000,-1,-1,-1
85,3,1335.00,458.00,90.40,212.10,1.0000,-1,-1,-1
85,6,904.00,291.00,196.50,497.90,1.0000,-1,-1,-1
85,2,445.00,424.00,111.20,279.70,1.0000,-1,-1,-1
86,9,285.00,470.00,115.30,245.90,1.0000,-1,-1,-1
86,3,1335.00,458.00,91.50,205.60,1.0000,-1,-1,-1
86,6,916.00,290.00,204.00,477.70,1.0000,-1,-1,-1
86,8,1666.00,233.00,237.40,628.80,1.0000,-1,-1,-1
86,4,1397.00,335.00,280.40,513.70,1.0000,-1,-1,-1
86,2,454.00,424.00,109.30,288.00,1.0000,-1,-1,-1
87,4,1411.00,324.00,250.40,530.30,1.0000,-1,-1,-1
87,6,914.00,282.00,209.30,496.80,1.0000,-1,-1,-1
87,8,1665.00,248.00,237.60,620.40,1.0000,-1,-1,-1
87,3,1333.00,457.00,92.40,208.80,1.0000,-1,-1,-1
87,2,456.00,424.00,108.70,289.50,1.0000,-1,-1,-1
87,9,304.00,455.00,91.90,253.70,1.0000,-1,-1,-1
88,8,1665.00,233.00,222.00,625.20,1.0000,-1,-1,-1
88,9,297.00,465.00,104.40,251.30,1.0000,-1,-1,-1
88,5,1314.00,536.00,50.30,132.00,0.9990,-1,-1,-1
88,6,937.00,294.00,200.90,480.20,1.0000,-1,-1,-1
88,3,1340.00,464.00,83.60,212.70,1.0000,-1,-1,-1
88,2,453.00,419.00,112.90,304.30,1.0000,-1,-1,-1
88,4,1400.00,321.00,277.10,553.30,1.0000,-1,-1,-1
89,4,1408.00,327.00,248.30,525.10,1.0000,-1,-1,-1
89,6,943.00,296.00,211.50,482.90,1.0000,-1,-1,-1
89,9,301.00,465.00,106.30,246.40,0.9990,-1,-1,-1
89,8,1661.00,256.00,242.70,612.00,1.0000,-1,-1,-1
89,5,1313.00,535.00,55.10,129.60,1.0000,-1,-1,-1
89,3,1341.00,453.00,87.00,212.00,1.0000,-1,-1,-1
89,2,442.00,423.00,130.50,289.20,1.0000,-1,-1,-1
90,4,1406.00,334.00,232.90,521.50,1.0000,-1,-1,-1
90,9,303.00,453.00,101.30,263.10,0.9990,-1,-1,-1
90,8,1667.00,229.00,236.40,650.20,1.0000,-1,-1,-1
90,3,1333.00,463.00,85.20,207.10,1.0000,-1,-1,-1
90,2,460.00,420.00,120.90,280.80,0.9990,-1,-1,-1
90,6,932.00,292.00,250.80,477.30,1.0000,-1,-1,-1
91,3,1336.00,459.00,89.30,209.10,1.0000,-1,-1,-1
91,8,1662.00,246.00,220.30,630.50,1.0000,-1,-1,-1
91,9,312.00,463.00,103.80,246.90,0.9990,-1,-1,-1
91,6,969.00,303.00,213.90,484.20,1.0000,-1,-1,-1
91,4,1384.00,316.00,271.90,533.40,1.0000,-1,-1,-1
91,11,13.00,448.00,89.20,296.90,0.7490,-1,-1,-1
91,2,447.00,417.00,124.40,303.50,1.0000,-1,-1,-1
91,5,1309.00,540.00,50.90,123.90,0.9990,-1,-1,-1
92,4,1394.00,340.00,237.20,524.30,1.0000,-1,-1,-1
92,2,452.00,429.00,122.20,288.90,1.0000,-1,-1,-1
92,5,1311.00,538.00,50.80,130.90,0.9840,-1,-1,-1
92,3,1338.00,454.00,89.20,220.70,1.0000,-1,-1,-1
92,9,321.00,460.00,87.40,256.90,1.0000,-1,-1,-1
92,6,956.00,311.00,256.70,461.10,1.0000,-1,-1,-1
92,11,-0.00,449.00,102.50,308.60,0.7620,-1,-1,-1
92,8,1648.00,222.00,227.80,681.40,1.0000,-1,-1,-1
93,3,1339.00,460.00,85.30,216.80,1.0000,-1,-1,-1
93,4,1384.00,321.00,244.20,550.80,1.0000,-1,-1,-1
93,5,1311.00,535.00,54.90,130.20,1.0000,-1,-1,-1
93,2,455.00,412.00,121.70,310.70,1.0000,-1,-1,-1
93,6,960.00,321.00,250.40,458.50,1.0000,-1,-1,-1
93,9,323.00,450.00,88.10,262.40,1.0000,-1,-1,-1
93,8,1638.00,256.00,236.50,614.30,1.0000,-1,-1,-1
94,4,1375.00,330.00,248.30,556.70,1.0000,-1,-1,-1
94,8,1638.00,233.00,251.50,666.80,1.0000,-1,-1,-1
94,5,1317.00,545.00,48.20,119.20,1.0000,-1,-1,-1
94,3,1332.00,463.00,85.30,212.10,1.0000,-1,-1,-1
94,6,994.00,331.00,234.40,428.80,1.0000,-1,-1,-1
94,2,449.00,410.00,120.10,298.30,1.0000,-1,-1,-1
94,9,310.00,453.00,102.50,263.30,1.0000,-1,-1,-1
95,4,1376.00,321.00,244.50,554.40,1.0000,-1,-1,-1
95,9,317.00,459.00,103.00,255.10,1.0000,-1,-1,-1
95,6,994.00,308.00,228.10,466.40,1.0000,-1,-1,-1
95,3,1336.00,460.00,77.70,212.90,1.0000,-1,-1,-1
95,2,464.00,429.00,105.70,282.20,1.0000,-1,-1,-1
95,8,1637.00,260.00,217.80,609.30,1.0000,-1,-1,-1
95,5,1308.00,542.00,51.80,124.00,0.9990,-1,-1,-1
96,9,321.00,452.00,100.80,266.40,1.0000,-1,-1,-1
96,8,1633.00,247.00,226.70,646.70,1.0000,-1,-1,-1
96,5,1312.00,536.00,54.20,126.70,1.0000,-1,-1,-1
96,4,1375.00,325.00,218.70,554.50,1.0000,-1,-1,-1
96,6,1001.00,313.00,241.70,439.10,1.0000,-1,-1,-1
96,2,464.00,423.00,126.10,303.40,1.0000,-1,-1,-1
96,3,1334.00,448.00,79.30,216.40,0.9800,-1,-1,-1
97,6,1007.00,315.00,235.30,456.40,1.0000,-1,-1,-1
97,4,1372.00,322.00,236.60,556.80,1.0000,-1,-1,-1
97,9,325.00,458.00,93.70,260.00,1.0000,-1,-1,-1
97,8,1640.00,244.00,229.20,660.40,1.0000,-1,-1,-1
97,2,454.00,416.00,136.00,301.00,1.0000,-1,-1,-1
97,5,1314.00,533.00,56.40,129.50,0.9990,-1,-1,-1
97,3,1324.00,440.00,83.20,230.40,0.9440,-1,-1,-1
98,4,1371.00,311.00,225.20,563.10,1.0000,-1,-1,-1
98,9,331.00,450.00,90.60,259.00,1.0000,-1,-1,-1
98,6,1044.00,308.00,200.70,460.20,1.0000,-1,-1,-1
98,5,1315.00,533.00,52.40,126.50,1.0000,-1,-1,-1
98,2,460.00,417.00,114.10,310.60,1.0000,-1,-1,-1
98,8,1605.00,233.00,253.00,666.80,1.0000,-1,-1,-1
98,3,1320.00,455.00,91.60,221.30,0.6920,-1,-1,-1
99,4,1368.00,312.00,224.50,570.40,1.0000,-1,-1,-1
99,9,324.00,451.00,104.60,257.10,0.9990,-1,-1,-1
99,5,1313.00,532.00,54.30,138.30,1.0000,-1,-1,-1
99,6,1050.00,323.00,190.60,432.00,1.0000,-1,-1,-1
99,8,1603.00,240.00,235.50,647.90,1.0000,-1,-1,-1
99,3,1322.00,445.00,87.70,211.90,0.5710,-1,-1,-1
99,2,447.00,406.00,140.10,323.40,1.0000,-1,-1,-1
100,4,1358.00,327.00,227.70,550.00,1.0000,-1,-1,-1
100,9,328.00,447.00,99.80,278.10,1.0000,-1,-1,-1
100,8,1607.00,218.00,247.50,695.50,1.0000,-1,-1,-1
100,5,1315.00,531.00,52.30,127.50,1.0000,-1,-1,-1
100,6,1051.00,299.00,191.00,451.20,1.0000,-1,-1,-1
100,2,448.00,403.00,144.80,325.70,1.0000,-1,-1,-1
101,9,333.00,454.00,93.70,259.80,1.0000,-1,-1,-1
101,8,1608.00,230.00,240.40,690.30,1.0000,-1,-1,-1
101,2,458.00,418.00,138.70,314.80,1.0000,-1,-1,-1
101,5,1317.00,541.00,48.60,119.80,1.0000,-1,-1,-1
101,6,1078.00,313.00,175.10,454.10,1.0000,-1,-1,-1
101,4,1352.00,307.00,221.60,584.40,1.0000,-1,-1,-1
102,9,332.00,446.00,99.50,272.60,1.0000,-1,-1,-1
102,4,1348.00,315.00,221.70,569.60,1.0000,-1,-1,-1
102,6,1073.00,320.00,184.90,423.90,1.0000,-1,-1,-1
102,5,1316.00,535.00,53.00,131.40,1.0000,-1,-1,-1
102,8,1601.00,227.00,224.80,689.80,1.0000,-1,-1,-1
102,2,460.00,422.00,123.00,293.90,1.0000,-1,-1,-1
103,4,1336.00,307.00,236.80,581.50,1.0000,-1,-1,-1
103,6,1086.00,322.00,202.40,429.90,1.0000,-1,-1,-1
103,9,323.00,458.00,108.90,255.40,1.0000,-1,-1,-1
103,2,454.00,430.00,125.30,284.50,1.0000,-1,-1,-1
103,8,1573.00,211.00,244.70,705.10,1.0000,-1,-1,-1
103,5,1303.00,530.00,61.10,136.50,0.5820,-1,-1,-1
104,8,1581.00,209.00,235.20,691.60,1.0000,-1,-1,-1
104,6,1101.00,314.00,178.60,432.40,1.0000,-1,-1,-1
104,5,1313.00,528.00,55.90,136.20,0.9980,-1,-1,-1
104,4,1344.00,307.00,205.50,587.40,1.0000,-1,-1,-1
104,9,329.00,450.00,95.70,265.80,1.0000,-1,-1,-1
104,2,463.00,402.00,135.70,326.80,1.0000,-1,-1,-1
105,8,1580.00,229.00,236.50,683.90,1.0000,-1,-1,-1
105,6,1112.00,337.00,179.30,414.30,1.0000,-1,-1,-1
105,4,1329.00,299.00,212.20,585.10,1.0000,-1,-1,-1
105,9,325.00,451.00,99.20,264.90,1.0000,-1,-1,-1
105,2,473.00,426.00,104.10,286.40,1.0000,-1,-1,-1
106,8,1579.00,210.00,232.30,713.10,1.0000,-1,-1,-1
106,6,1124.00,347.00,171.70,397.10,1.0000,-1,-1,-1
106,4,1336.00,305.00,227.60,595.40,1.0000,-1,-1,-1
106,2,461.00,420.00,115.60,304.80,1.0000,-1,-1,-1
106,9,339.00,452.00,85.90,259.30,1.0000,-1,-1,-1
107,2,470.00,417.00,116.80,304.90,1.0000,-1,-1,-1
107,8,1558.00,222.00,260.90,693.30,1.0000,-1,-1,-1
107,4,1310.00,302.00,251.90,596.30,1.0000,-1,-1,-1
107,9,331.00,449.00,110.70,271.00,0.9990,-1,-1,-1
107,6,1107.00,318.00,202.40,427.30,1.0000,-1,-1,-1
108,4,1318.00,304.00,236.40,595.40,1.0000,-1,-1,-1
108,8,1575.00,225.00,216.10,694.50,1.0000,-1,-1,-1
108,6,1137.00,320.00,162.70,421.20,1.0000,-1,-1,-1
108,9,332.00,464.00,92.60,246.00,0.9990,-1,-1,-1
108,2,449.00,419.00,128.90,315.20,1.0000,-1,-1,-1
109,8,1556.00,221.00,250.60,693.80,1.0000,-1,-1,-1
109,4,1308.00,291.00,242.90,620.10,1.0000,-1,-1,-1
109,6,1148.00,338.00,169.60,412.10,1.0000,-1,-1,-1
109,9,337.00,452.00,93.70,280.10,1.0000,-1,-1,-1
109,2,466.00,413.00,126.30,304.90,1.0000,-1,-1,-1
110,9,336.00,451.00,95.70,281.20,1.0000,-1,-1,-1
110,6,1155.00,328.00,175.00,418.30,1.0000,-1,-1,-1
110,2,469.00,422.00,110.90,301.20,1.0000,-1,-1,-1
110,4,1307.00,296.00,223.30,616.50,1.0000,-1,-1,-1
110,8,1561.00,203.00,216.30,710.50,1.0000,-1,-1,-1
111,4,1305.00,280.00,221.10,631.60,1.0000,-1,-1,-1
111,6,1167.00,326.00,160.80,411.40,1.0000,-1,-1,-1
111,2,471.00,402.00,119.10,335.30,1.0000,-1,-1,-1
111,9,339.00,442.00,103.40,281.20,1.0000,-1,-1,-1
111,8,1535.00,203.00,236.00,732.40,1.0000,-1,-1,-1
112,4,1297.00,296.00,237.80,611.40,1.0000,-1,-1,-1
112,9,341.00,446.00,90.40,282.20,1.0000,-1,-1,-1
112,6,1166.00,316.00,168.60,411.30,1.0000,-1,-1,-1
112,8,1554.00,227.00,239.50,714.10,1.0000,-1,-1,-1
112,2,451.00,399.00,131.40,337.30,1.0000,-1,-1,-1
113,2,462.00,410.00,125.40,325.50,1.0000,-1,-1,-1
113,8,1530.00,225.00,235.00,691.20,1.0000,-1,-1,-1
113,6,1182.00,310.00,161.50,411.40,1.0000,-1,-1,-1
113,4,1270.00,300.00,246.80,605.50,1.0000,-1,-1,-1
113,9,341.00,436.00,104.00,293.80,0.9990,-1,-1,-1
114,8,1534.00,220.00,221.10,738.00,1.0000,-1,-1,-1
114,4,1264.00,299.00,265.80,613.10,1.0000,-1,-1,-1
114,9,345.00,444.00,86.80,277.10,0.9990,-1,-1,-1
114,6,1171.00,315.00,193.00,396.20,1.0000,-1,-1,-1
114,2,443.00,419.00,131.30,321.70,1.0000,-1,-1,-1
115,8,1529.00,215.00,235.30,720.90,1.0000,-1,-1,-1
115,9,347.00,445.00,88.60,277.40,0.9990,-1,-1,-1
115,4,1238.00,297.00,284.10,611.20,1.0000,-1,-1,-1
115,2,466.00,426.00,123.20,284.20,1.0000,-1,-1,-1
115,6,1175.00,356.00,155.20,359.70,1.0000,-1,-1,-1
116,8,1521.00,200.00,245.40,731.50,1.0000,-1,-1,-1
116,4,1239.00,282.00,266.50,651.30,1.0000,-1,-1,-1
116,9,348.00,454.00,99.60,263.60,0.9990,-1,-1,-1
116,2,445.00,404.00,124.50,330.30,1.0000,-1,-1,-1
117,4,1232.00,287.00,263.90,636.40,1.0000,-1,-1,-1
117,8,1512.00,187.00,236.00,741.40,1.0000,-1,-1,-1
117,2,461.00,414.00,112.30,308.70,1.0000,-1,-1,-1
117,9,343.00,437.00,94.80,300.30,0.9990,-1,-1,-1
118,4,1224.00,287.00,262.90,635.30,1.0000,-1,-1,-1
118,8,1502.00,189.00,238.30,740.50,1.0000,-1,-1,-1
118,2,457.00,393.00,113.20,335.10,1.0000,-1,-1,-1
118,9,340.00,433.00,97.10,290.40,0.9990,-1,-1,-1
119,9,344.00,437.00,96.50,281.60,1.0000,-1,-1,-1
119,4,1215.00,289.00,271.30,658.20,1.0000,-1,-1,-1
119,8,1489.00,196.00,271.80,759.80,1.0000,-1,-1,-1
119,2,446.00,400.00,115.50,306.60,1.0000,-1,-1,-1
120,2,449.00,405.00,121.90,321.20,1.0000,-1,-1,-1
120,9,341.00,441.00,96.50,285.80,0.9990,-1,-1,-1
120,4,1211.00,287.00,246.70,648.60,1.0000,-1,-1,-1
120,8,1488.00,185.00,269.00,777.10,1.0000,-1,-1,-1
121,8,1492.00,169.00,254.50,784.50,1.0000,-1,-1,-1
121,2,446.00,410.00,119.50,310.50,1.0000,-1,-1,-1
121,4,1186.00,292.00,290.40,647.40,1.0000,-1,-1,-1
121,9,342.00,448.00,105.10,289.50,1.0000,-1,-1,-1
122,2,451.00,392.00,114.00,328.30,1.0000,-1,-1,-1
122,9,338.00,444.00,100.90,284.40,1.0000,-1,-1,-1
122,8,1470.00,183.00,252.90,781.90,1.0000,-1,-1,-1
122,4,1162.00,274.00,306.90,692.30,1.0000,-1,-1,-1
123,4,1160.00,277.00,302.90,678.30,1.0000,-1,-1,-1
123,8,1459.00,189.00,273.70,769.90,1.0000,-1,-1,-1
123,2,445.00,390.00,118.40,325.60,0.9990,-1,-1,-1
123,9,335.00,431.00,104.70,294.80,1.0000,-1,-1,-1
124,8,1465.00,168.00,268.40,778.10,1.0000,-1,-1,-1
124,4,1145.00,271.00,302.50,690.60,1.0000,-1,-1,-1
124,2,441.00,408.00,118.00,312.90,0.9990,-1,-1,-1
124,9,336.00,443.00,101.00,283.70,1.0000,-1,-1,-1
125,8,1464.00,173.00,269.00,769.60,1.0000,-1,-1,-1
125,4,1152.00,285.00,300.40,670.40,1.0000,-1,-1,-1
125,2,439.00,415.00,123.20,309.40,0.9990,-1,-1,-1
125,9,331.00,445.00,103.80,283.40,1.0000,-1,-1,-1
126,4,1132.00,275.00,289.60,682.40,1.0000,-1,-1,-1
126,2,440.00,401.00,130.70,335.00,0.9990,-1,-1,-1
126,8,1432.00,161.00,284.70,817.50,1.0000,-1,-1,-1
126,9,326.00,437.00,114.80,301.00,1.0000,-1,-1,-1
127,4,1124.00,284.00,291.80,675.50,1.0000,-1,-1,-1
127,9,334.00,441.00,113.20,293.30,0.9990,-1,-1,-1
127,8,1455.00,161.00,248.80,830.60,1.0000,-1,-1,-1
127,2,433.00,385.00,125.50,346.90,0.9990,-1,-1,-1
128,8,1434.00,161.00,269.70,824.30,1.0000,-1,-1,-1
128,4,1126.00,264.00,271.60,715.50,1.0000,-1,-1,-1
128,9,326.00,432.00,107.50,310.90,0.9990,-1,-1,-1
128,2,458.00,392.00,99.90,325.30,0.9990,-1,-1,-1
129,4,1120.00,263.00,282.50,721.00,1.0000,-1,-1,-1
129,8,1406.00,174.00,290.00,792.70,1.0000,-1,-1,-1
129,2,449.00,398.00,123.80,325.00,0.9990,-1,-1,-1
129,9,336.00,425.00,106.90,327.00,1.0000,-1,-1,-1
130,4,1121.00,253.00,283.60,711.40,1.0000,-1,-1,-1
130,8,1406.00,176.00,313.60,793.90,1.0000,-1,-1,-1
130,2,456.00,386.00,112.40,343.50,1.0000,-1,-1,-1
130,9,319.00,438.00,126.60,286.80,1.0000,-1,-1,-1
131,8,1407.00,144.00,292.10,856.50,1.0000,-1,-1,-1
131,4,1123.00,272.00,265.80,718.80,1.0000,-1,-1,-1
131,9,330.00,418.00,116.90,330.30,1.0000,-1,-1,-1
131,2,434.00,398.00,149.00,326.80,1.0000,-1,-1,-1
131,6,1346.00,351.00,95.10,337.50,0.8740,-1,-1,-1
132,8,1406.00,162.00,279.80,838.20,1.0000,-1,-1,-1
132,4,1114.00,284.00,270.30,714.80,1.0000,-1,-1,-1
132,9,327.00,419.00,117.90,331.10,1.0000,-1,-1,-1
132,2,431.00,387.00,129.80,336.90,1.0000,-1,-1,-1
132,6,1338.00,373.00,114.70,315.30,0.8760,-1,-1,-1
133,4,1110.00,249.00,254.90,744.10,1.0000,-1,-1,-1
133,2,452.00,397.00,116.10,330.10,1.0000,-1,-1,-1
133,8,1364.00,193.00,319.50,807.00,1.0000,-1,-1,-1
133,9,316.00,432.00,119.40,326.20,1.0000,-1,-1,-1
134,4,1103.00,261.00,275.10,755.10,1.0000,-1,-1,-1
134,8,1365.00,169.00,299.70,817.00,1.0000,-1,-1,-1
134,9,326.00,444.00,121.20,296.90,1.0000,-1,-1,-1
134,2,435.00,381.00,127.20,346.70,0.9990,-1,-1,-1
135,4,1089.00,266.00,264.20,729.70,1.0000,-1,-1,-1
135,9,319.00,433.00,127.70,305.40,1.0000,-1,-1,-1
135,8,1350.00,174.00,282.40,811.80,1.0000,-1,-1,-1
135,2,456.00,399.00,129.80,330.60,1.0000,-1,-1,-1
136,2,446.00,387.00,124.90,358.70,1.0000,-1,-1,-1
136,8,1340.00,161.00,295.40,830.80,1.0000,-1,-1,-1
136,4,1070.00,251.00,283.00,743.10,1.0000,-1,-1,-1
136,9,313.00,432.00,113.60,319.60,1.0000,-1,-1,-1
137,4,1078.00,260.00,279.80,749.90,1.0000,-1,-1,-1
137,2,452.00,394.00,117.20,336.50,1.0000,-1,-1,-1
137,8,1328.00,156.00,313.90,848.40,1.0000,-1,-1,-1
137,9,316.00,422.00,135.80,314.10,1.0000,-1,-1,-1
138,8,1324.00,121.00,313.20,870.50,1.0000,-1,-1,-1
138,4,1042.00,247.00,310.90,773.40,1.0000,-1,-1,-1
138,2,451.00,376.00,131.70,347.80,1.0000,-1,-1,-1
138,9,327.00,410.00,124.80,344.00,1.0000,-1,-1,-1
139,8,1324.00,122.00,291.40,874.10,1.0000,-1,-1,-1
139,2,445.00,393.00,126.60,351.50,1.0000,-1,-1,-1
139,9,325.00,408.00,125.80,345.30,1.0000,-1,-1,-1
139,4,1018.00,266.00,314.20,753.30,1.0000,-1,-1,-1
140,4,1014.00,241.00,327.10,804.20,1.0000,-1,-1,-1
140,8,1298.00,138.00,333.40,900.50,1.0000,-1,-1,-1
140,9,306.00,428.00,127.70,323.20,1.0000,-1,-1,-1
140,2,429.00,376.00,146.10,376.00,1.0000,-1,-1,-1
141,8,1293.00,150.00,321.70,847.00,1.0000,-1,-1,-1
141,4,1017.00,242.00,296.30,765.10,1.0000,-1,-1,-1
141,2,450.00,404.00,120.90,336.90,1.0000,-1,-1,-1
141,12,-53.00,295.00,260.60,670.90,0.9740,-1,-1,-1
141,9,316.00,437.00,119.70,299.00,1.0000,-1,-1,-1
142,8,1285.00,141.00,313.30,881.80,1.0000,-1,-1,-1
142,2,442.00,408.00,127.90,331.20,1.0000,-1,-1,-1
142,9,311.00,422.00,125.40,320.70,1.0000,-1,-1,-1
142,4,991.00,224.00,311.50,823.00,1.0000,-1,-1,-1
142,12,-45.00,288.00,283.90,687.00,0.9880,-1,-1,-1
143,9,312.00,428.00,125.30,328.20,1.0000,-1,-1,-1
143,8,1282.00,113.00,298.30,900.00,1.0000,-1,-1,-1
143,12,-25.00,251.00,242.90,722.10,0.9880,-1,-1,-1
143,4,975.00,215.00,309.10,815.30,1.0000,-1,-1,-1
143,2,437.00,388.00,140.20,365.60,1.0000,-1,-1,-1
144,4,971.00,245.00,319.50,776.90,1.0000,-1,-1,-1
144,2,444.00,387.00,128.50,348.90,1.0000,-1,-1,-1
144,8,1257.00,132.00,331.00,884.10,1.0000,-1,-1,-1
144,12,-16.00,279.00,238.70,699.60,0.9980,-1,-1,-1
144,9,310.00,428.00,133.00,328.60,1.0000,-1,-1,-1
145,9,317.00,428.00,124.40,328.30,1.0000,-1,-1,-1
145,8,1277.00,144.00,300.10,871.50,1.0000,-1,-1,-1
145,4,953.00,239.00,321.40,810.60,1.0000,-1,-1,-1
145,2,438.00,409.00,138.20,344.60,1.0000,-1,-1,-1
145,12,-5.00,284.00,239.90,676.40,0.9970,-1,-1,-1
146,9,311.00,428.00,125.80,321.30,1.0000,-1,-1,-1
146,8,1260.00,139.00,296.60,887.10,1.0000,-1,-1,-1
146,2,445.00,401.00,141.30,340.30,1.0000,-1,-1,-1
146,4,922.00,225.00,332.90,821.80,1.0000,-1,-1,-1
146,12,20.00,291.00,243.20,645.60,0.9990,-1,-1,-1
147,4,943.00,231.00,300.10,822.50,1.0000,-1,-1,-1
147,2,443.00,395.00,143.60,350.70,1.0000,-1,-1,-1
147,8,1244.00,115.00,320.00,936.20,1.0000,-1,-1,-1
147,9,307.00,422.00,125.80,330.10,1.0000,-1,-1,-1
147,12,50.00,286.00,230.70,651.00,1.0000,-1,-1,-1
148,8,1241.00,135.00,331.50,907.30,1.0000,-1,-1,-1
148,4,924.00,245.00,348.60,827.80,1.0000,-1,-1,-1
148,9,296.00,431.00,145.50,322.00,1.0000,-1,-1,-1
148,2,441.00,377.00,150.50,372.70,1.0000,-1,-1,-1
148,12,43.00,276.00,267.50,629.60,0.9990,-1,-1,-1
149,4,921.00,235.00,317.30,830.40,1.0000,-1,-1,-1
149,8,1229.00,118.00,319.50,926.40,1.0000,-1,-1,-1
149,2,445.00,387.00,148.90,363.80,1.0000,-1,-1,-1
149,9,296.00,423.00,143.30,335.00,1.0000,-1,-1,-1
149,12,47.00,274.00,323.90,647.00,0.9980,-1,-1,-1
150,2,448.00,388.00,136.60,372.20,1.0000,-1,-1,-1
150,8,1236.00,125.00,325.00,932.60,1.0000,-1,-1,-1
150,9,306.00,422.00,122.80,336.40,1.0000,-1,-1,-1
150,4,922.00,209.00,305.50,895.70,1.0000,-1,-1,-1
150,12,54.00,296.00,358.00,618.80,0.9990,-1,-1,-1
151,4,896.00,225.00,329.70,857.80,1.0000,-1,-1,-1
151,2,448.00,388.00,145.00,360.70,1.0000,-1,-1,-1
151,8,1195.00,103.00,356.10,955.00,1.0000,-1,-1,-1
151,12,88.00,300.00,359.60,624.10,0.9990,-1,-1,-1
152,4,886.00,225.00,319.10,851.50,1.0000,-1,-1,-1
152,8,1194.00,107.00,343.90,957.10,1.0000,-1,-1,-1
152,2,440.00,379.00,144.00,378.00,1.0000,-1,-1,-1
152,12,51.00,306.00,410.00,609.80,0.9980,-1,-1,-1
153,4,866.00,231.00,339.00,875.80,1.0000,-1,-1,-1
153,12,66.00,292.00,408.50,611.70,0.9990,-1,-1,-1
153,8,1211.00,111.00,311.70,981.30,1.0000,-1,-1,-1
153,2,455.00,374.00,139.30,390.30,1.0000,-1,-1,-1
153,6,1459.00,361.00,132.10,324.00,0.7240,-1,-1,-1
154,4,864.00,213.00,341.30,895.80,1.0000,-1,-1,-1
154,8,1196.00,96.00,344.20,995.30,1.0000,-1,-1,-1
154,2,453.00,389.00,143.10,377.00,1.0000,-1,-1,-1
154,12,123.00,292.00,333.10,609.20,1.0000,-1,-1,-1
155,8,1178.00,83.00,359.80,1012.30,1.0000,-1,-1,-1
155,2,440.00,386.00,149.70,365.00,1.0000,-1,-1,-1
155,12,155.00,296.00,323.60,613.60,0.9990,-1,-1,-1
155,4,805.00,212.00,393.20,888.10,1.0000,-1,-1,-1
155,6,1444.00,361.00,137.70,314.00,1.0000,-1,-1,-1
156,2,449.00,379.00,151.50,377.30,1.0000,-1,-1,-1
156,8,1160.00,85.00,356.10,998.30,1.0000,-1,-1,-1
156,6,1460.00,369.00,137.80,299.00,0.9990,-1,-1,-1
156,4,795.00,216.00,381.70,908.50,1.0000,-1,-1,-1
156,12,197.00,281.00,278.40,636.30,1.0000,-1,-1,-1
157,4,795.00,196.00,360.70,940.00,1.0000,-1,-1,-1
157,2,440.00,378.00,155.50,383.30,1.0000,-1,-1,-1
157,12,206.00,293.00,250.20,626.80,0.9990,-1,-1,-1
157,6,1470.00,382.00,123.50,302.70,0.9990,-1,-1,-1
157,8,1141.00,63.00,359.00,1030.90,1.0000,-1,-1,-1
157,13,121.00,379.00,236.30,505.20,0.9990,-1,-1,-1
158,4,788.00,195.00,366.30,943.70,1.0000,-1,-1,-1
158,12,234.00,282.00,243.60,626.60,1.0000,-1,-1,-1
158,8,1161.00,90.00,363.00,959.40,1.0000,-1,-1,-1
158,6,1464.00,380.00,133.80,301.30,1.0000,-1,-1,-1
158,2,443.00,377.00,160.50,385.70,1.0000,-1,-1,-1
158,13,106.00,377.00,249.00,528.40,0.4160,-1,-1,-1
159,4,765.00,205.00,383.10,921.20,1.0000,-1,-1,-1
159,8,1129.00,79.00,378.00,1032.00,1.0000,-1,-1,-1
159,6,1471.00,362.00,136.50,319.20,1.0000,-1,-1,-1
159,12,273.00,282.00,216.10,620.80,1.0000,-1,-1,-1
159,2,459.00,391.00,148.50,360.40,1.0000,-1,-1,-1
159,13,130.00,370.00,272.50,501.70,0.9990,-1,-1,-1
160,4,764.00,189.00,354.40,944.60,1.0000,-1,-1,-1
160,2,450.00,379.00,142.80,378.40,1.0000,-1,-1,-1
160,8,1133.00,56.00,366.30,1065.40,1.0000,-1,-1,-1
160,12,300.00,280.00,213.80,616.60,0.8810,-1,-1,-1
160,6,1478.00,364.00,136.50,306.40,1.0000,-1,-1,-1
160,13,129.00,387.00,307.50,479.60,1.0000,-1,-1,-1
161,12,317.00,282.00,220.10,625.30,1.0000,-1,-1,-1
161,4,751.00,183.00,346.70,958.10,1.0000,-1,-1,-1
161,6,1471.00,365.00,140.20,311.10,1.0000,-1,-1,-1
161,8,1114.00,56.00,372.90,1057.70,1.0000,-1,-1,-1
161,13,160.00,407.00,256.20,477.20,1.0000,-1,-1,-1
161,2,464.00,371.00,156.90,396.80,1.0000,-1,-1,-1
162,8,1107.00,61.00,377.00,1048.70,1.0000,-1,-1,-1
162,12,336.00,292.00,211.40,606.70,1.0000,-1,-1,-1
162,4,760.00,190.00,336.20,964.70,1.0000,-1,-1,-1
162,13,208.00,383.00,228.00,484.00,0.9990,-1,-1,-1
162,2,483.00,394.00,130.50,370.20,0.9930,-1,-1,-1
162,6,1495.00,363.00,141.70,303.00,1.0000,-1,-1,-1
163,4,717.00,192.00,370.20,962.40,1.0000,-1,-1,-1
163,13,218.00,390.00,228.00,471.80,1.0000,-1,-1,-1
163,8,1090.00,51.00,392.10,1106.50,1.0000,-1,-1,-1
163,12,342.00,321.00,235.60,583.10,1.0000,-1,-1,-1
163,6,1488.00,362.00,151.90,307.10,1.0000,-1,-1,-1
164,4,725.00,211.00,350.00,938.00,1.0000,-1,-1,-1
164,8,1091.00,32.00,378.90,1108.60,1.0000,-1,-1,-1
164,6,1494.00,389.00,133.50,288.20,1.0000,-1,-1,-1
164,12,385.00,317.00,215.10,565.40,1.0000,-1,-1,-1
164,13,266.00,407.00,171.50,457.10,1.0000,-1,-1,-1
165,6,1489.00,369.00,145.40,309.90,1.0000,-1,-1,-1
165,13,267.00,394.00,201.00,476.90,1.0000,-1,-1,-1
165,4,718.00,207.00,366.70,978.80,1.0000,-1,-1,-1
165,8,1061.00,47.00,394.70,1102.20,1.0000,-1,-1,-1
165,12,372.00,349.00,261.30,515.80,1.0000,-1,-1,-1
166,8,1057.00,53.00,407.70,1093.90,1.0000,-1,-1,-1
166,14,1694.00,473.00,48.00,126.40,0.5190,-1,-1,-1
166,6,1497.00,378.00,149.40,299.30,1.0000,-1,-1,-1
166,12,402.00,308.00,257.40,594.70,1.0000,-1,-1,-1
166,4,680.00,173.00,366.20,977.30,1.0000,-1,-1,-1
166,13,318.00,389.00,166.00,474.90,1.0000,-1,-1,-1
167,4,659.00,184.00,400.30,997.40,0.9990,-1,-1,-1
167,6,1501.00,382.00,152.00,301.70,1.0000,-1,-1,-1
167,8,1024.00,42.00,416.30,1121.40,1.0000,-1,-1,-1
167,12,382.00,314.00,280.60,567.40,1.0000,-1,-1,-1
168,13,336.00,401.00,185.30,465.60,1.0000,-1,-1,-1
168,8,1014.00,61.00,423.20,1086.20,1.0000,-1,-1,-1
168,4,621.00,163.00,425.30,1016.50,1.0000,-1,-1,-1
168,6,1505.00,396.00,145.50,269.90,1.0000,-1,-1,-1
168,12,439.00,312.00,237.80,566.00,1.0000,-1,-1,-1
169,12,435.00,300.00,251.70,588.40,1.0000,-1,-1,-1
169,8,1002.00,39.00,417.30,1117.40,1.0000,-1,-1,-1
169,6,1510.00,386.00,150.30,281.50,1.0000,-1,-1,-1
169,4,607.00,166.00,400.20,1012.30,1.0000,-1,-1,-1
169,14,1692.00,468.00,49.20,137.10,0.7380,-1,-1,-1
169,13,333.00,400.00,196.20,453.30,0.9990,-1,-1,-1
170,8,992.00,27.00,415.50,1124.10,1.0000,-1,-1,-1
170,4,590.00,129.00,409.60,1061.40,0.9990,-1,-1,-1
170,6,1498.00,382.00,154.40,300.80,1.0000,-1,-1,-1
170,13,342.00,378.00,220.80,483.00,1.0000,-1,-1,-1
170,12,470.00,317.00,200.90,559.60,1.0000,-1,-1,-1
171,14,1694.00,474.00,47.90,122.90,0.6640,-1,-1,-1
171,15,1389.00,446.00,87.70,237.50,1.0000,-1,-1,-1
171,4,568.00,152.00,423.90,1059.80,1.0000,-1,-1,-1
171,8,1006.00,23.00,383.90,1155.80,1.0000,-1,-1,-1
171,13,358.00,397.00,240.20,461.90,1.0000,-1,-1,-1
171,6,1520.00,389.00,125.80,286.80,1.0000,-1,-1,-1
172,14,1693.00,475.00,48.20,123.60,0.5820,-1,-1,-1
172,4,567.00,157.00,423.50,1057.00,1.0000,-1,-1,-1
172,6,1521.00,389.00,140.00,290.10,1.0000,-1,-1,-1
172,13,385.00,388.00,215.90,472.20,0.9990,-1,-1,-1
172,8,955.00,28.00,428.50,1125.60,1.0000,-1,-1,-1
172,15,1384.00,440.00,85.30,242.00,1.0000,-1,-1,-1
173,4,551.00,137.00,412.50,1081.30,0.9990,-1,-1,-1
173,14,1695.00,476.00,45.20,119.50,0.5120,-1,-1,-1
173,8,945.00,15.00,415.90,1154.90,1.0000,-1,-1,-1
173,15,1382.00,448.00,97.20,231.50,1.0000,-1,-1,-1
173,6,1527.00,369.00,138.60,301.10,1.0000,-1,-1,-1
173,13,377.00,404.00,253.70,456.10,1.0000,-1,-1,-1
174,13,393.00,376.00,232.40,478.00,0.9970,-1,-1,-1
174,15,1394.00,451.00,81.40,234.20,1.0000,-1,-1,-1
174,8,925.00,-4.00,421.20,1180.00,1.0000,-1,-1,-1
174,4,511.00,154.00,426.90,1087.70,1.0000,-1,-1,-1
174,6,1515.00,368.00,141.40,307.20,0.9990,-1,-1,-1
174,9,344.00,418.00,143.00,366.90,0.9990,-1,-1,-1
175,14,1695.00,475.00,47.30,125.50,0.5030,-1,-1,-1
175,4,496.00,142.00,457.60,1111.00,0.9990,-1,-1,-1
175,6,1529.00,377.00,131.60,291.90,1.0000,-1,-1,-1
175,8,937.00,-8.00,428.30,1199.80,1.0000,-1,-1,-1
175,16,1334.00,535.00,71.70,147.50,0.9960,-1,-1,-1
175,15,1374.00,450.00,88.10,235.70,1.0000,-1,-1,-1
175,9,358.00,411.00,141.20,395.70,1.0000,-1,-1,-1
176,4,485.00,134.00,435.80,1140.40,1.0000,-1,-1,-1
176,8,913.00,-3.00,425.40,1151.30,1.0000,-1,-1,-1
176,16,1341.00,538.00,60.10,148.50,1.0000,-1,-1,-1
176,9,355.00,397.00,145.00,411.30,1.0000,-1,-1,-1
176,6,1541.00,384.00,116.40,278.90,1.0000,-1,-1,-1
176,15,1392.00,440.00,101.10,237.20,1.0000,-1,-1,-1
177,4,478.00,124.00,424.20,1149.40,0.9990,-1,-1,-1
177,16,1337.00,545.00,67.40,137.80,1.0000,-1,-1,-1
177,9,379.00,415.00,136.30,385.10,1.0000,-1,-1,-1
177,15,1387.00,440.00,86.90,240.00,1.0000,-1,-1,-1
177,8,889.00,-25.00,420.40,1202.40,1.0000,-1,-1,-1
177,6,1548.00,389.00,117.10,265.80,1.0000,-1,-1,-1
178,8,892.00,-30.00,423.70,1205.50,1.0000,-1,-1,-1
178,4,444.00,143.00,442.90,1119.90,0.9990,-1,-1,-1
178,16,1335.00,538.00,74.90,144.50,0.9980,-1,-1,-1
178,6,1546.00,374.00,137.50,276.50,1.0000,-1,-1,-1
178,15,1396.00,427.00,85.10,269.70,1.0000,-1,-1,-1
178,9,360.00,409.00,173.60,386.50,1.0000,-1,-1,-1
179,4,440.00,148.00,459.10,1114.90,0.9990,-1,-1,-1
179,8,867.00,-12.00,434.80,1145.10,1.0000,-1,-1,-1
179,16,1335.00,537.00,72.80,152.70,1.0000,-1,-1,-1
179,15,1396.00,437.00,95.60,249.20,1.0000,-1,-1,-1
179,9,382.00,408.00,128.30,385.20,1.0000,-1,-1,-1
179,6,1558.00,397.00,129.90,284.70,1.0000,-1,-1,-1
180,15,1397.00,434.00,94.30,259.70,1.0000,-1,-1,-1
180,4,378.00,144.00,506.90,1112.10,0.9990,-1,-1,-1
180,8,891.00,-24.00,377.00,1165.80,1.0000,-1,-1,-1
180,9,376.00,418.00,151.70,385.70,0.9990,-1,-1,-1
180,16,1340.00,532.00,70.50,161.90,0.9990,-1,-1,-1
180,6,1544.00,373.00,138.00,302.30,1.0000,-1,-1,-1
181,8,869.00,-46.00,389.90,1211.50,1.0000,-1,-1,-1
181,15,1400.00,430.00,87.00,243.50,1.0000,-1,-1,-1
181,4,330.00,140.00,534.80,1123.10,0.9990,-1,-1,-1
181,16,1343.00,539.00,71.70,141.30,1.0000,-1,-1,-1
181,6,1566.00,394.00,115.70,274.60,1.0000,-1,-1,-1
182,4,317.00,126.00,530.50,1120.70,0.9990,-1,-1,-1
182,8,839.00,-17.00,408.50,1189.90,1.0000,-1,-1,-1
182,15,1397.00,439.00,89.20,236.80,1.0000,-1,-1,-1
182,16,1347.00,541.00,73.50,148.30,1.0000,-1,-1,-1
182,6,1571.00,364.00,111.60,288.30,1.0000,-1,-1,-1
183,8,820.00,-27.00,440.20,1189.90,1.0000,-1,-1,-1
183,6,1564.00,396.00,130.00,268.90,1.0000,-1,-1,-1
183,16,1347.00,534.00,75.20,151.70,0.9990,-1,-1,-1
183,4,288.00,92.00,560.20,1218.70,0.9990,-1,-1,-1
183,15,1393.00,444.00,92.50,239.10,1.0000,-1,-1,-1
183,12,690.00,298.00,175.20,534.70,1.0000,-1,-1,-1
184,8,817.00,-32.00,421.70,1197.70,1.0000,-1,-1,-1
184,15,1398.00,431.00,101.30,253.40,1.0000,-1,-1,-1
184,12,701.00,307.00,182.10,535.00,1.0000,-1,-1,-1
184,4,243.00,98.00,552.40,1161.70,0.9990,-1,-1,-1
184,6,1558.00,380.00,143.20,283.10,1.0000,-1,-1,-1
184,16,1344.00,544.00,70.70,147.50,0.9990,-1,-1,-1
184,17,-67.00,196.00,341.50,828.10,0.9900,-1,-1,-1
185,4,242.00,84.00,568.60,1220.10,0.9980,-1,-1,-1
185,15,1399.00,430.00,100.50,247.50,1.0000,-1,-1,-1
185,8,788.00,-48.00,458.70,1272.50,1.0000,-1,-1,-1
185,14,1691.00,474.00,47.30,122.50,0.5020,-1,-1,-1
185,16,1341.00,535.00,74.80,155.80,0.9990,-1,-1,-1
185,12,708.00,317.00,177.20,511.10,1.0000,-1,-1,-1
185,17,-48.00,212.00,351.50,809.80,0.9980,-1,-1,-1
185,6,1585.00,403.00,121.40,262.70,1.0000,-1,-1,-1
186,8,791.00,-57.00,430.40,1254.30,1.0000,-1,-1,-1
186,15,1401.00,430.00,99.30,249.50,1.0000,-1,-1,-1
186,4,218.00,80.00,506.10,1204.40,0.9990,-1,-1,-1
186,16,1353.00,534.00,67.80,155.10,1.0000,-1,-1,-1
186,6,1580.00,370.00,135.40,302.20,1.0000,-1,-1,-1
186,17,-34.00,198.00,384.00,838.70,0.9980,-1,-1,-1
187,15,1404.00,422.00,96.20,263.30,1.0000,-1,-1,-1
187,8,766.00,-50.00,460.30,1292.50,1.0000,-1,-1,-1
187,17,-9.00,185.00,351.80,826.70,0.9990,-1,-1,-1
187,4,211.00,92.00,501.50,1217.10,0.9980,-1,-1,-1
187,16,1351.00,531.00,72.20,166.10,1.0000,-1,-1,-1
187,6,1573.00,377.00,145.40,285.90,1.0000,-1,-1,-1
187,13,597.00,411.00,202.20,422.50,1.0000,-1,-1,-1
188,4,174.00,65.00,517.20,1265.60,0.9980,-1,-1,-1
188,16,1352.00,528.00,70.00,168.80,1.0000,-1,-1,-1
188,8,759.00,-65.00,425.50,1294.50,1.0000,-1,-1,-1
188,6,1585.00,402.00,124.00,258.40,1.0000,-1,-1,-1
188,15,1395.00,426.00,92.70,248.00,0.9970,-1,-1,-1
188,17,-4.00,214.00,293.60,778.10,0.9990,-1,-1,-1
188,13,652.00,400.00,149.60,411.40,1.0000,-1,-1,-1
188,2,545.00,384.00,149.80,412.00,0.9990,-1,-1,-1
189,6,1589.00,397.00,124.70,273.10,1.0000,-1,-1,-1
189,15,1398.00,442.00,97.60,241.70,1.0000,-1,-1,-1
189,8,721.00,-75.00,448.70,1313.00,1.0000,-1,-1,-1
189,16,1364.00,535.00,64.90,153.90,1.0000,-1,-1,-1
189,4,129.00,89.00,460.70,1235.20,0.9970,-1,-1,-1
189,2,548.00,372.00,144.80,416.70,1.0000,-1,-1,-1
189,17,-22.00,217.00,169.50,742.90,0.9880,-1,-1,-1
190,8,730.00,-78.00,457.60,1289.40,1.0000,-1,-1,-1
190,16,1359.00,538.00,72.20,154.40,0.9920,-1,-1,-1
190,6,1590.00,382.00,124.70,275.80,1.0000,-1,-1,-1
190,15,1395.00,422.00,101.20,260.90,1.0000,-1,-1,-1
190,18,1444.00,423.00,108.40,248.00,0.9970,-1,-1,-1
190,2,535.00,373.00,166.50,413.60,0.9990,-1,-1,-1
190,4,18.00,92.00,571.20,1202.60,0.9960,-1,-1,-1
191,8,703.00,-90.00,465.10,1312.50,1.0000,-1,-1,-1
191,6,1598.00,401.00,127.30,264.90,1.0000,-1,-1,-1
191,4,2.00,67.00,529.60,1251.20,0.9970,-1,-1,-1
191,16,1365.00,540.00,72.90,151.20,1.0000,-1,-1,-1
191,15,1404.00,443.00,107.60,248.40,1.0000,-1,-1,-1
191,2,558.00,370.00,160.50,415.80,1.0000,-1,-1,-1
191,18,1450.00,416.00,112.20,258.10,0.9980,-1,-1,-1
191,9,449.00,391.00,145.50,425.90,0.9990,-1,-1,-1
192,18,1451.00,422.00,113.30,240.90,0.9970,-1,-1,-1
192,17,-20.00,216.00,222.30,775.90,0.9960,-1,-1,-1
192,4,-31.00,99.00,572.20,1190.90,0.9940,-1,-1,-1
192,2,556.00,371.00,169.70,421.40,1.0000,-1,-1,-1
192,8,685.00,-98.00,442.00,1319.50,0.9990,-1,-1,-1
192,9,475.00,398.00,128.70,423.20,1.0000,-1,-1,-1
192,16,1361.00,527.00,75.40,172.00,0.9990,-1,-1,-1
192,15,1400.00,440.00,109.40,252.60,1.0000,-1,-1,-1
192,6,1579.00,385.00,130.10,274.80,1.0000,-1,-1,-1
193,2,561.00,362.00,164.30,430.50,1.0000,-1,-1,-1
193,4,-56.00,88.00,567.10,1218.80,0.9940,-1,-1,-1
193,15,1403.00,445.00,106.00,241.60,1.0000,-1,-1,-1
193,9,486.00,404.00,123.50,415.00,0.9990,-1,-1,-1
193,8,658.00,-121.00,462.30,1357.00,1.0000,-1,-1,-1
193,18,1464.00,432.00,94.20,238.50,0.9980,-1,-1,-1
193,16,1365.00,533.00,65.10,151.80,0.9980,-1,-1,-1
193,6,1600.00,401.00,132.90,272.20,1.0000,-1,-1,-1
194,6,1599.00,395.00,128.80,263.60,1.0000,-1,-1,-1
194,15,1411.00,434.00,90.70,252.30,1.0000,-1,-1,-1
194,8,615.00,-122.00,491.00,1377.50,1.0000,-1,-1,-1
194,4,-18.00,63.00,511.90,1284.00,0.9960,-1,-1,-1
194,16,1372.00,527.00,69.90,163.00,1.0000,-1,-1,-1
194,9,492.00,396.00,137.90,386.90,0.9990,-1,-1,-1
194,18,1482.00,419.00,89.90,245.30,0.9990,-1,-1,-1
195,8,612.00,-109.00,464.60,1359.40,0.9980,-1,-1,-1
195,15,1406.00,433.00,93.20,259.50,1.0000,-1,-1,-1
195,4,-24.00,102.00,494.50,1244.80,0.9790,-1,-1,-1
195,6,1598.00,391.00,123.20,250.70,1.0000,-1,-1,-1
195,18,1482.00,440.00,86.20,231.50,0.9990,-1,-1,-1
195,9,503.00,383.00,152.00,421.40,1.0000,-1,-1,-1
196,8,567.00,-150.00,500.60,1399.20,1.0000,-1,-1,-1
196,6,1605.00,410.00,127.10,242.60,1.0000,-1,-1,-1
196,15,1397.00,448.00,108.30,237.40,1.0000,-1,-1,-1
196,18,1469.00,429.00,105.20,237.00,1.0000,-1,-1,-1
196,4,-17.00,118.00,535.80,1139.50,0.8780,-1,-1,-1
197,15,1401.00,447.00,102.40,251.30,1.0000,-1,-1,-1
197,4,-39.00,91.00,478.50,1185.50,0.8860,-1,-1,-1
197,8,532.00,-126.00,512.40,1389.90,0.9990,-1,-1,-1
197,6,1614.00,394.00,122.60,252.80,1.0000,-1,-1,-1
197,19,211.00,220.00,316.00,745.50,1.0000,-1,-1,-1
197,18,1462.00,423.00,116.10,231.10,0.9990,-1,-1,-1
197,9,499.00,395.00,142.60,402.40,0.9990,-1,-1,-1
198,8,501.00,-155.00,558.10,1442.40,0.9990,-1,-1,-1
198,18,1479.00,418.00,104.30,233.20,1.0000,-1,-1,-1
198,15,1402.00,442.00,111.40,238.80,1.0000,-1,-1,-1
198,6,1605.00,382.00,117.50,282.80,1.0000,-1,-1,-1
198,19,218.00,210.00,347.00,751.30,1.0000,-1,-1,-1
198,4,-38.00,82.00,391.00,1179.50,0.9720,-1,-1,-1
199,8,462.00,-169.00,564.20,1482.90,0.9990,-1,-1,-1
199,6,1608.00,385.00,119.20,261.10,1.0000,-1,-1,-1
199,19,239.00,223.00,346.80,772.00,1.0000,-1,-1,-1
199,15,1398.00,434.00,116.80,247.70,1.0000,-1,-1,-1
199,18,1497.00,429.00,87.00,227.90,1.0000,-1,-1,-1
199,4,-20.00,71.00,280.80,1182.80,0.8950,-1,-1,-1
200,8,476.00,-156.00,510.10,1464.10,0.9980,-1,-1,-1
200,15,1398.00,429.00,118.30,263.60,1.0000,-1,-1,-1
200,19,292.00,203.00,292.60,819.50,1.0000,-1,-1,-1
200,6,1611.00,398.00,142.80,251.60,0.9990,-1,-1,-1
200,18,1503.00,428.00,84.20,216.50,1.0000,-1,-1,-1
200,12,905.00,311.00,194.90,488.60,0.9020,-1,-1,-1
200,4,-12.00,62.00,217.90,1141.80,0.9540,-1,-1,-1
201,18,1505.00,434.00,87.80,219.20,0.9990,-1,-1,-1
201,8,396.00,-161.00,610.10,1484.10,0.9950,-1,-1,-1
201,19,281.00,236.00,306.80,730.50,1.0000,-1,-1,-1
201,15,1417.00,440.00,99.30,244.20,1.0000,-1,-1,-1
201,6,1631.00,396.00,120.50,259.70,1.0000,-1,-1,-1
201,4,-32.00,109.00,212.80,1028.00,0.8340,-1,-1,-1
201,20,174.00,255.00,211.80,649.90,0.9960,-1,-1,-1
201,16,1403.00,534.00,62.00,164.40,1.0000,-1,-1,-1
201,12,933.00,316.00,225.00,486.80,0.9980,-1,-1,-1
202,8,383.00,-142.00,595.60,1466.50,0.9970,-1,-1,-1
202,18,1513.00,432.00,83.60,221.00,1.0000,-1,-1,-1
202,16,1402.00,538.00,63.60,150.10,1.0000,-1,-1,-1
202,6,1634.00,392.00,106.00,263.70,0.9990,-1,-1,-1
202,4,-12.00,79.00,199.10,1075.70,0.6560,-1,-1,-1
202,12,922.00,316.00,249.90,499.00,1.0000,-1,-1,-1
202,20,202.00,250.00,213.70,658.70,0.9990,-1,-1,-1
202,19,338.00,222.00,229.40,729.10,0.9990,-1,-1,-1
202,15,1426.00,442.00,105.50,254.40,1.0000,-1,-1,-1
203,20,207.00,252.00,223.10,654.80,0.9990,-1,-1,-1
203,8,367.00,-155.00,571.40,1472.70,0.9970,-1,-1,-1
203,18,1514.00,436.00,82.50,218.80,1.0000,-1,-1,-1
203,15,1422.00,440.00,103.90,260.00,1.0000,-1,-1,-1
203,6,1625.00,398.00,134.20,256.30,1.0000,-1,-1,-1
203,16,1406.00,539.00,67.30,148.30,1.0000,-1,-1,-1
203,12,925.00,340.00,240.70,457.70,0.9990,-1,-1,-1
204,20,228.00,259.00,214.00,668.10,1.0000,-1,-1,-1
204,15,1421.00,440.00,98.50,250.90,1.0000,-1,-1,-1
204,6,1638.00,391.00,113.20,252.80,1.0000,-1,-1,-1
204,8,318.00,-160.00,577.90,1461.20,0.9970,-1,-1,-1
204,12,963.00,318.00,211.10,473.80,1.0000,-1,-1,-1
204,18,1538.00,425.00,80.80,242.40,1.0000,-1,-1,-1
204,13,831.00,379.00,182.30,413.40,0.9980,-1,-1,-1
205,20,236.00,253.00,215.00,637.30,1.0000,-1,-1,-1
205,8,269.00,-139.00,644.90,1429.20,0.9950,-1,-1,-1
205,6,1628.00,394.00,137.90,264.80,1.0000,-1,-1,-1
205,16,1408.00,539.00,65.30,149.80,1.0000,-1,-1,-1
205,12,955.00,325.00,213.50,465.50,0.9990,-1,-1,-1
205,13,835.00,361.00,210.60,456.10,0.9980,-1,-1,-1
205,15,1440.00,445.00,98.00,242.20,0.9990,-1,-1,-1
205,18,1519.00,432.00,89.40,217.00,1.0000,-1,-1,-1
206,8,236.00,-151.00,617.70,1486.60,0.9910,-1,-1,-1
206,13,853.00,387.00,190.80,403.30,1.0000,-1,-1,-1
206,15,1417.00,442.00,113.20,253.90,1.0000,-1,-1,-1
206,18,1523.00,426.00,102.30,233.60,1.0000,-1,-1,-1
206,12,990.00,346.00,190.80,449.70,1.0000,-1,-1,-1
206,6,1648.00,401.00,119.00,237.90,1.0000,-1,-1,-1
206,20,243.00,279.00,169.70,666.50,0.9950,-1,-1,-1
207,8,160.00,-146.00,685.30,1462.40,0.9950,-1,-1,-1
207,13,869.00,395.00,188.50,388.20,1.0000,-1,-1,-1
207,6,1649.00,410.00,127.40,229.10,1.0000,-1,-1,-1
207,12,983.00,354.00,187.80,440.60,1.0000,-1,-1,-1
207,16,1416.00,532.00,53.80,159.80,1.0000,-1,-1,-1
207,18,1539.00,423.00,113.20,241.30,1.0000,-1,-1,-1
207,15,1445.00,441.00,75.70,236.90,1.0000,-1,-1,-1
207,4,-28.00,278.00,160.20,828.60,0.5610,-1,-1,-1
208,13,878.00,386.00,179.90,401.60,1.0000,-1,-1,-1
208,12,1008.00,339.00,178.00,447.20,1.0000,-1,-1,-1
208,8,137.00,-181.00,651.80,1538.20,0.9970,-1,-1,-1
208,18,1529.00,423.00,110.40,230.60,0.9990,-1,-1,-1
208,6,1655.00,409.00,99.00,249.80,1.0000,-1,-1,-1
208,15,1420.00,436.00,123.20,264.30,1.0000,-1,-1,-1
208,4,-22.00,286.00,191.80,758.50,0.8920,-1,-1,-1
209,13,886.00,398.00,180.30,399.40,1.0000,-1,-1,-1
209,18,1535.00,429.00,110.40,232.00,1.0000,-1,-1,-1
209,12,1024.00,336.00,187.10,464.50,1.0000,-1,-1,-1
209,8,73.00,-188.00,669.00,1545.10,0.9890,-1,-1,-1
209,15,1437.00,445.00,114.70,243.90,1.0000,-1,-1,-1
209,6,1659.00,413.00,124.10,248.50,0.9990,-1,-1,-1
209,4,-29.00,284.00,236.20,745.70,0.9930,-1,-1,-1
209,2,667.00,411.00,172.20,388.60,0.9990,-1,-1,-1
210,18,1548.00,431.00,107.40,228.20,1.0000,-1,-1,-1
210,15,1430.00,437.00,116.70,252.30,1.0000,-1,-1,-1
210,4,-22.00,288.00,230.30,712.40,0.9900,-1,-1,-1
210,12,1039.00,344.00,160.00,445.20,1.0000,-1,-1,-1
210,13,905.00,399.00,168.30,371.50,1.0000,-1,-1,-1
210,8,11.00,-161.00,676.80,1505.90,0.9850,-1,-1,-1
210,6,1651.00,400.00,116.10,254.80,1.0000,-1,-1,-1
210,2,655.00,366.00,175.40,439.20,0.9990,-1,-1,-1
210,19,482.00,316.00,247.30,606.90,0.9960,-1,-1,-1
211,6,1662.00,400.00,117.40,245.30,1.0000,-1,-1,-1
211,18,1557.00,422.00,93.50,231.80,1.0000,-1,-1,-1
211,15,1434.00,425.00,117.40,279.40,1.0000,-1,-1,-1
211,8,-30.00,-152.00,636.60,1466.10,0.9740,-1,-1,-1
211,13,927.00,395.00,134.20,382.40,1.0000,-1,-1,-1
211,12,1060.00,323.00,186.40,471.30,1.0000,-1,-1,-1
211,4,-16.00,299.00,187.70,674.10,0.9890,-1,-1,-1
211,19,445.00,260.00,382.30,646.20,0.9990,-1,-1,-1
212,6,1659.00,402.00,126.00,245.10,1.0000,-1,-1,-1
212,8,-60.00,-199.00,628.00,1531.20,0.9720,-1,-1,-1
212,19,462.00,259.00,362.60,650.10,1.0000,-1,-1,-1
212,16,1424.00,534.00,70.70,162.50,1.0000,-1,-1,-1
212,12,1061.00,338.00,203.70,464.00,1.0000,-1,-1,-1
212,18,1553.00,423.00,95.80,233.10,1.0000,-1,-1,-1
212,13,939.00,373.00,134.10,395.40,1.0000,-1,-1,-1
212,15,1458.00,448.00,95.00,237.10,1.0000,-1,-1,-1
213,13,942.00,394.00,143.90,382.40,1.0000,-1,-1,-1
213,6,1663.00,400.00,119.40,242.50,1.0000,-1,-1,-1
213,12,1087.00,330.00,179.60,462.00,0.9990,-1,-1,-1
213,19,469.00,275.00,354.20,644.80,0.9990,-1,-1,-1
213,8,-61.00,-227.00,596.30,1572.80,0.9620,-1,-1,-1
213,15,1448.00,436.00,99.40,262.30,1.0000,-1,-1,-1
213,18,1568.00,424.00,86.90,226.70,1.0000,-1,-1,-1
214,13,954.00,400.00,139.70,365.80,0.9990,-1,-1,-1
214,12,1096.00,340.00,188.90,443.10,0.9990,-1,-1,-1
214,8,-52.00,-264.00,565.60,1657.50,0.7610,-1,-1,-1
214,15,1456.00,455.00,106.70,238.30,1.0000,-1,-1,-1
214,19,513.00,264.00,279.10,662.60,1.0000,-1,-1,-1
214,6,1684.00,401.00,107.40,255.60,1.0000,-1,-1,-1
214,18,1582.00,422.00,82.50,228.60,1.0000,-1,-1,-1
214,16,1426.00,533.00,59.70,171.80,0.9660,-1,-1,-1
214,20,377.00,266.00,218.20,635.80,0.9820,-1,-1,-1
215,18,1582.00,418.00,88.10,231.80,1.0000,-1,-1,-1
215,19,513.00,257.00,325.40,646.50,1.0000,-1,-1,-1
215,6,1671.00,390.00,121.40,251.90,1.0000,-1,-1,-1
215,12,1105.00,327.00,174.60,453.10,1.0000,-1,-1,-1
215,15,1451.00,440.00,101.80,250.00,1.0000,-1,-1,-1
215,13,966.00,416.00,131.10,368.70,1.0000,-1,-1,-1
215,8,-31.00,-221.00,497.70,1549.20,0.6210,-1,-1,-1
215,16,1432.00,535.00,75.60,171.80,1.0000,-1,-1,-1
215,20,391.00,295.00,227.10,582.70,1.0000,-1,-1,-1
216,12,1113.00,339.00,181.80,438.90,1.0000,-1,-1,-1
216,19,540.00,265.00,285.20,649.80,1.0000,-1,-1,-1
216,6,1676.00,392.00,127.60,258.50,1.0000,-1,-1,-1
216,20,416.00,280.00,224.10,600.00,1.0000,-1,-1,-1
216,16,1432.00,539.00,62.70,164.10,1.0000,-1,-1,-1
216,13,958.00,391.00,163.10,392.60,0.9990,-1,-1,-1
216,15,1472.00,438.00,85.40,259.30,1.0000,-1,-1,-1
216,18,1596.00,415.00,90.50,232.20,1.0000,-1,-1,-1
216,8,-24.00,-177.00,404.60,1424.10,0.8320,-1,-1,-1
217,6,1682.00,397.00,122.10,248.70,1.0000,-1,-1,-1
217,18,1593.00,419.00,92.90,232.30,1.0000,-1,-1,-1
217,19,566.00,273.00,283.50,644.80,1.0000,-1,-1,-1
217,12,1117.00,342.00,198.30,437.30,1.0000,-1,-1,-1
217,13,966.00,420.00,143.10,352.60,1.0000,-1,-1,-1
217,20,457.00,298.00,190.20,557.40,1.0000,-1,-1,-1
217,15,1458.00,437.00,90.40,250.70,1.0000,-1,-1,-1
217,8,18.00,-87.00,405.00,1318.10,0.8240,-1,-1,-1
218,12,1113.00,332.00,207.00,458.50,1.0000,-1,-1,-1
218,13,980.00,423.00,154.60,357.20,1.0000,-1,-1,-1
218,20,459.00,287.00,197.20,587.90,1.0000,-1,-1,-1
218,6,1681.00,401.00,113.50,233.90,1.0000,-1,-1,-1
218,8,1.00,-102.00,367.00,1355.90,0.7850,-1,-1,-1
218,16,1447.00,545.00,60.30,159.10,1.0000,-1,-1,-1
218,19,600.00,269.00,229.70,636.00,1.0000,-1,-1,-1
218,18,1610.00,426.00,92.70,221.10,1.0000,-1,-1,-1
218,15,1479.00,435.00,87.80,258.00,1.0000,-1,-1,-1
219,12,1130.00,338.00,191.90,450.20,1.0000,-1,-1,-1
219,18,1614.00,418.00,94.40,231.30,1.0000,-1,-1,-1
219,20,480.00,292.00,218.20,588.80,1.0000,-1,-1,-1
219,15,1475.00,442.00,100.70,250.00,1.0000,-1,-1,-1
219,6,1683.00,392.00,111.10,259.90,1.0000,-1,-1,-1
219,19,628.00,257.00,214.50,639.40,1.0000,-1,-1,-1
219,13,1008.00,414.00,131.50,357.20,1.0000,-1,-1,-1
219,16,1438.00,533.00,79.10,174.70,0.9990,-1,-1,-1
220,19,639.00,275.00,227.30,607.40,1.0000,-1,-1,-1
220,20,506.00,269.00,210.20,607.30,1.0000,-1,-1,-1
220,6,1682.00,402.00,117.30,236.60,0.9990,-1,-1,-1
220,13,997.00,407.00,149.40,353.70,1.0000,-1,-1,-1
220,12,1145.00,359.00,170.50,423.00,1.0000,-1,-1,-1
220,18,1605.00,428.00,110.00,216.60,1.0000,-1,-1,-1
220,15,1461.00,425.00,100.30,263.50,1.0000,-1,-1,-1
220,21,115.00,276.00,398.70,715.90,0.9990,-1,-1,-1
221,20,514.00,294.00,206.90,576.70,1.0000,-1,-1,-1
221,13,1017.00,397.00,131.10,361.70,1.0000,-1,-1,-1
221,6,1694.00,405.00,104.90,233.70,1.0000,-1,-1,-1
221,16,1451.00,535.00,59.70,165.30,1.0000,-1,-1,-1
221,12,1159.00,345.00,156.30,421.20,1.0000,-1,-1,-1
221,21,127.00,263.00,421.60,706.90,1.0000,-1,-1,-1
221,18,1611.00,425.00,131.20,222.60,1.0000,-1,-1,-1
221,15,1483.00,426.00,99.20,285.30,1.0000,-1,-1,-1
221,19,688.00,289.00,212.40,572.70,1.0000,-1,-1,-1
222,18,1621.00,429.00,116.20,228.60,0.9990,-1,-1,-1
222,21,132.00,281.00,420.70,704.60,1.0000,-1,-1,-1
222,6,1697.00,409.00,107.80,229.30,1.0000,-1,-1,-1
222,13,1030.00,401.00,135.20,374.30,1.0000,-1,-1,-1
222,15,1478.00,424.00,93.10,260.50,1.0000,-1,-1,-1
222,19,705.00,255.00,228.90,617.60,1.0000,-1,-1,-1
222,12,1156.00,335.00,151.80,438.20,1.0000,-1,-1,-1
222,16,1452.00,537.00,78.20,164.00,1.0000,-1,-1,-1
222,20,506.00,299.00,221.70,550.00,1.0000,-1,-1,-1
223,19,707.00,268.00,237.80,613.10,1.0000,-1,-1,-1
223,6,1690.00,402.00,117.10,251.80,0.9990,-1,-1,-1
223,13,1041.00,400.00,131.70,352.40,1.0000,-1,-1,-1
223,21,173.00,291.00,367.10,704.20,0.9980,-1,-1,-1
223,15,1480.00,420.00,91.30,269.50,1.0000,-1,-1,-1
223,18,1618.00,431.00,121.60,226.40,1.0000,-1,-1,-1
223,20,528.00,300.00,239.60,563.50,1.0000,-1,-1,-1
223,12,1171.00,359.00,145.60,408.10,1.0000,-1,-1,-1
224,15,1482.00,439.00,97.10,249.70,0.9990,-1,-1,-1
224,19,721.00,268.00,236.80,610.50,1.0000,-1,-1,-1
224,13,1047.00,407.00,128.80,346.00,1.0000,-1,-1,-1
224,12,1170.00,352.00,151.30,423.70,1.0000,-1,-1,-1
224,18,1618.00,427.00,125.20,227.70,1.0000,-1,-1,-1
224,20,531.00,284.00,218.90,567.90,1.0000,-1,-1,-1
224,6,1703.00,405.00,102.70,228.90,1.0000,-1,-1,-1
224,16,1460.00,532.00,74.60,178.40,1.0000,-1,-1,-1
224,21,214.00,278.00,365.10,679.20,0.9990,-1,-1,-1
225,20,559.00,284.00,202.50,579.60,1.0000,-1,-1,-1
225,16,1465.00,535.00,68.60,165.40,1.0000,-1,-1,-1
225,18,1632.00,421.00,110.90,235.00,1.0000,-1,-1,-1
225,19,732.00,275.00,257.20,584.60,1.0000,-1,-1,-1
225,12,1162.00,343.00,173.70,437.70,1.0000,-1,-1,-1
225,6,1691.00,393.00,122.90,254.30,1.0000,-1,-1,-1
225,13,1041.00,394.00,149.70,379.60,0.9990,-1,-1,-1
225,15,1494.00,434.00,102.90,259.80,1.0000,-1,-1,-1
225,21,153.00,298.00,374.80,691.80,0.9990,-1,-1,-1
226,19,746.00,272.00,253.50,595.90,1.0000,-1,-1,-1
226,20,561.00,293.00,226.10,564.50,1.0000,-1,-1,-1
226,13,1052.00,413.00,145.20,336.40,0.9990,-1,-1,-1
226,18,1648.00,427.00,100.80,227.50,0.9990,-1,-1,-1
226,15,1493.00,431.00,108.80,270.20,1.0000,-1,-1,-1
226,12,1186.00,352.00,166.20,407.70,1.0000,-1,-1,-1
226,6,1720.00,399.00,88.10,233.90,0.9980,-1,-1,-1
226,21,252.00,294.00,349.00,672.10,0.9990,-1,-1,-1
227,20,579.00,296.00,211.10,557.20,0.9990,-1,-1,-1
227,12,1187.00,350.00,157.30,407.50,1.0000,-1,-1,-1
227,16,1469.00,538.00,73.30,161.90,1.0000,-1,-1,-1
227,19,752.00,297.00,254.00,571.60,1.0000,-1,-1,-1
227,6,1703.00,392.00,117.50,247.60,0.9980,-1,-1,-1
227,18,1653.00,430.00,95.60,211.40,0.9980,-1,-1,-1
227,15,1488.00,431.00,93.10,261.40,0.9990,-1,-1,-1
227,21,312.00,291.00,284.80,682.70,1.0000,-1,-1,-1
227,13,1073.00,408.00,152.90,339.40,1.0000,-1,-1,-1
228,12,1198.00,340.00,160.00,434.00,1.0000,-1,-1,-1
228,19,758.00,274.00,268.20,581.30,1.0000,-1,-1,-1
228,6,1710.00,402.00,113.90,247.20,0.9990,-1,-1,-1
228,20,609.00,293.00,185.60,562.40,1.0000,-1,-1,-1
228,21,349.00,290.00,269.40,685.30,1.0000,-1,-1,-1
228,18,1662.00,417.00,98.10,230.30,1.0000,-1,-1,-1
228,16,1478.00,526.00,71.50,179.50,1.0000,-1,-1,-1
228,13,1064.00,398.00,142.20,363.30,0.9990,-1,-1,-1
228,15,1484.00,419.00,100.60,286.50,0.9990,-1,-1,-1
229,20,611.00,294.00,195.10,554.70,1.0000,-1,-1,-1
229,18,1669.00,417.00,98.70,229.00,1.0000,-1,-1,-1
229,19,787.00,285.00,230.60,573.50,1.0000,-1,-1,-1
229,13,1081.00,419.00,151.40,327.30,0.9990,-1,-1,-1
229,12,1209.00,351.00,141.30,406.00,1.0000,-1,-1,-1
229,15,1496.00,425.00,103.90,266.20,1.0000,-1,-1,-1
229,6,1725.00,400.00,100.80,237.00,0.9990,-1,-1,-1
229,21,397.00,277.00,213.50,694.20,1.0000,-1,-1,-1
229,22,239.00,312.00,267.10,601.80,1.0000,-1,-1,-1
230,19,779.00,271.00,251.10,594.20,1.0000,-1,-1,-1
230,18,1678.00,416.00,91.90,225.90,1.0000,-1,-1,-1
230,6,1725.00,399.00,99.60,236.40,0.9980,-1,-1,-1
230,12,1214.00,355.00,138.90,404.60,1.0000,-1,-1,-1
230,22,259.00,305.00,242.00,630.30,1.0000,-1,-1,-1
230,16,1484.00,531.00,77.80,170.50,1.0000,-1,-1,-1
230,21,428.00,293.00,213.10,653.00,1.0000,-1,-1,-1
230,20,650.00,296.00,171.20,542.60,0.9990,-1,-1,-1
230,13,1099.00,423.00,147.30,332.30,1.0000,-1,-1,-1
230,15,1513.00,425.00,113.90,282.20,1.0000,-1,-1,-1
231,12,1221.00,363.00,136.00,390.20,1.0000,-1,-1,-1
231,15,1509.00,422.00,104.50,257.90,1.0000,-1,-1,-1
231,18,1680.00,424.00,86.80,220.10,1.0000,-1,-1,-1
231,20,648.00,309.00,203.60,514.00,1.0000,-1,-1,-1
231,19,804.00,281.00,209.10,593.80,1.0000,-1,-1,-1
231,21,414.00,278.00,253.50,654.40,1.0000,-1,-1,-1
231,13,1097.00,413.00,127.00,342.70,0.9990,-1,-1,-1
231,22,306.00,302.00,210.80,606.80,1.0000,-1,-1,-1
231,6,1743.00,424.00,84.10,217.50,0.9980,-1,-1,-1
232,19,808.00,288.00,225.30,569.00,1.0000,-1,-1,-1
232,18,1686.00,418.00,93.50,225.20,1.0000,-1,-1,-1
232,12,1220.00,347.00,148.30,412.10,1.0000,-1,-1,-1
232,6,1734.00,411.00,104.50,227.50,1.0000,-1,-1,-1
232,21,450.00,298.00,249.40,649.40,1.0000,-1,-1,-1
232,13,1112.00,420.00,138.20,333.30,1.0000,-1,-1,-1
232,20,653.00,302.00,195.40,542.70,1.0000,-1,-1,-1
232,15,1518.00,437.00,103.50,253.40,1.0000,-1,-1,-1
232,16,1480.00,529.00,83.60,184.00,1.0000,-1,-1,-1
232,22,346.00,309.00,169.50,597.50,1.0000,-1,-1,-1
233,6,1735.00,401.00,102.30,242.90,1.0000,-1,-1,-1
233,20,661.00,297.00,207.50,540.50,1.0000,-1,-1,-1
233,18,1694.00,424.00,90.60,228.70,1.0000,-1,-1,-1
233,12,1232.00,374.00,149.60,383.20,1.0000,-1,-1,-1
233,21,447.00,289.00,259.10,672.20,1.0000,-1,-1,-1
233,16,1497.00,533.00,69.10,173.80,1.0000,-1,-1,-1
233,22,343.00,310.00,186.40,585.70,1.0000,-1,-1,-1
233,15,1509.00,425.00,119.50,267.60,0.9990,-1,-1,-1
233,19,841.00,274.00,190.70,559.30,1.0000,-1,-1,-1
233,13,1139.00,427.00,112.10,309.30,1.0000,-1,-1,-1
234,21,469.00,307.00,264.20,659.10,1.0000,-1,-1,-1
234,13,1136.00,432.00,120.70,317.90,0.9990,-1,-1,-1
234,18,1702.00,429.00,89.20,223.00,1.0000,-1,-1,-1
234,22,361.00,303.00,207.20,596.60,1.0000,-1,-1,-1
234,6,1745.00,406.00,95.60,227.50,1.0000,-1,-1,-1
234,16,1491.00,531.00,80.70,182.70,1.0000,-1,-1,-1
234,20,676.00,322.00,228.40,518.10,1.0000,-1,-1,-1
234,15,1530.00,417.00,99.90,284.10,0.9990,-1,-1,-1
234,12,1246.00,344.00,146.50,407.50,1.0000,-1,-1,-1
234,19,869.00,275.00,190.60,580.90,1.0000,-1,-1,-1
235,18,1705.00,424.00,91.10,221.90,1.0000,-1,-1,-1
235,19,871.00,286.00,182.60,549.50,1.0000,-1,-1,-1
235,22,375.00,316.00,193.40,615.90,1.0000,-1,-1,-1
235,21,494.00,296.00,264.90,636.00,1.0000,-1,-1,-1
235,16,1501.00,536.00,79.50,177.90,1.0000,-1,-1,-1
235,6,1738.00,404.00,111.40,229.00,0.9980,-1,-1,-1
235,20,677.00,302.00,239.60,527.10,1.0000,-1,-1,-1
235,12,1258.00,358.00,151.80,396.60,1.0000,-1,-1,-1
235,13,1134.00,429.00,123.60,307.00,1.0000,-1,-1,-1
235,15,1530.00,428.00,81.30,262.30,0.9990,-1,-1,-1
236,20,692.00,313.00,229.50,514.50,1.0000,-1,-1,-1
236,12,1258.00,358.00,160.50,395.20,1.0000,-1,-1,-1
236,21,504.00,307.00,253.50,623.90,1.0000,-1,-1,-1
236,19,888.00,282.00,193.20,573.50,1.0000,-1,-1,-1
236,22,393.00,326.00,225.70,579.60,1.0000,-1,-1,-1
236,16,1505.00,532.00,85.30,169.70,1.0000,-1,-1,-1
236,15,1522.00,420.00,97.30,280.20,0.9970,-1,-1,-1
236,18,1705.00,415.00,108.90,228.00,1.0000,-1,-1,-1
236,13,1163.00,435.00,104.00,295.30,1.0000,-1,-1,-1
237,18,1713.00,418.00,91.10,231.70,1.0000,-1,-1,-1
237,20,691.00,317.00,250.10,527.10,1.0000,-1,-1,-1
237,6,1753.00,403.00,105.10,247.00,0.9910,-1,-1,-1
237,15,1535.00,450.00,94.60,250.00,0.9980,-1,-1,-1
237,19,892.00,297.00,227.50,557.80,1.0000,-1,-1,-1
237,21,532.00,304.00,219.90,622.00,1.0000,-1,-1,-1
237,12,1253.00,352.00,158.50,389.00,1.0000,-1,-1,-1
237,13,1150.00,430.00,121.70,285.20,1.0000,-1,-1,-1
237,16,1510.00,533.00,94.60,172.40,0.9990,-1,-1,-1
237,22,392.00,318.00,267.90,588.70,0.9990,-1,-1,-1
238,15,1523.00,435.00,108.70,271.80,0.9990,-1,-1,-1
238,12,1266.00,358.00,170.40,409.80,1.0000,-1,-1,-1
238,16,1509.00,534.00,98.70,172.70,1.0000,-1,-1,-1
238,19,891.00,274.00,250.20,576.70,1.0000,-1,-1,-1
238,22,408.00,336.00,219.90,583.60,0.9960,-1,-1,-1
238,21,519.00,293.00,234.90,629.90,1.0000,-1,-1,-1
238,6,1747.00,410.00,95.80,221.10,1.0000,-1,-1,-1
238,20,689.00,306.00,296.80,515.20,1.0000,-1,-1,-1
238,13,1171.00,427.00,114.60,260.50,1.0000,-1,-1,-1
239,22,423.00,318.00,232.10,586.40,0.9990,-1,-1,-1
239,12,1271.00,351.00,169.70,396.20,1.0000,-1,-1,-1
239,20,714.00,330.00,249.00,515.80,1.0000,-1,-1,-1
239,18,1728.00,423.00,87.70,221.90,1.0000,-1,-1,-1
239,13,1183.00,421.00,102.90,283.60,1.0000,-1,-1,-1
239,19,908.00,290.00,270.90,579.50,1.0000,-1,-1,-1
239,21,561.00,311.00,216.70,603.70,1.0000,-1,-1,-1
239,15,1542.00,427.00,89.90,245.60,0.8600,-1,-1,-1
239,16,1515.00,542.00,111.10,175.70,0.9990,-1,-1,-1
239,6,1769.00,396.00,96.00,222.20,0.7130,-1,-1,-1
240,18,1728.00,417.00,94.90,236.40,1.0000,-1,-1,-1
240,13,1188.00,420.00,107.10,305.30,1.0000,-1,-1,-1
240,16,1520.00,529.00,106.60,177.00,0.9990,-1,-1,-1
240,19,903.00,297.00,283.40,547.50,1.0000,-1,-1,-1
240,20,715.00,298.00,249.60,522.00,0.9990,-1,-1,-1
240,21,579.00,300.00,226.40,613.20,1.0000,-1,-1,-1
240,12,1291.00,371.00,137.80,372.10,1.0000,-1,-1,-1
240,22,464.00,328.00,224.00,560.10,1.0000,-1,-1,-1
241,6,1760.00,405.00,99.80,220.20,1.0000,-1,-1,-1
241,21,607.00,296.00,214.80,604.30,1.0000,-1,-1,-1
241,12,1274.00,354.00,165.20,405.40,1.0000,-1,-1,-1
241,19,903.00,295.00,276.50,542.70,1.0000,-1,-1,-1
241,22,478.00,308.00,201.80,564.80,1.0000,-1,-1,-1
241,16,1541.00,527.00,91.40,190.20,1.0000,-1,-1,-1
241,13,1170.00,418.00,131.90,335.60,1.0000,-1,-1,-1
241,20,781.00,321.00,176.20,520.80,1.0000,-1,-1,-1
241,15,1522.00,418.00,68.50,244.20,0.4380,-1,-1,-1
242,20,771.00,314.00,205.70,513.50,0.9990,-1,-1,-1
242,21,617.00,316.00,219.20,601.30,1.0000,-1,-1,-1
242,12,1282.00,363.00,162.60,378.00,1.0000,-1,-1,-1
242,13,1189.00,427.00,121.30,320.40,0.9990,-1,-1,-1
242,16,1547.00,532.00,86.30,180.80,1.0000,-1,-1,-1
242,22,492.00,321.00,229.40,555.10,1.0000,-1,-1,-1
242,15,1517.00,412.00,88.30,243.20,0.9970,-1,-1,-1
242,19,937.00,302.00,236.20,508.60,1.0000,-1,-1,-1
242,18,1752.00,423.00,87.60,209.90,1.0000,-1,-1,-1
243,18,1749.00,420.00,92.30,229.30,1.0000,-1,-1,-1
243,22,507.00,337.00,208.00,546.40,1.0000,-1,-1,-1
243,12,1298.00,370.00,148.00,381.80,1.0000,-1,-1,-1
243,13,1203.00,430.00,108.50,297.00,0.9990,-1,-1,-1
243,21,646.00,302.00,218.00,591.70,1.0000,-1,-1,-1
243,19,930.00,300.00,239.80,540.00,1.0000,-1,-1,-1
243,20,774.00,287.00,200.70,564.00,1.0000,-1,-1,-1
243,16,1555.00,534.00,80.00,173.70,1.0000,-1,-1,-1
243,15,1541.00,422.00,82.10,246.90,0.9970,-1,-1,-1
244,22,531.00,328.00,202.20,539.00,1.0000,-1,-1,-1
244,21,653.00,316.00,237.10,582.80,1.0000,-1,-1,-1
244,13,1197.00,437.00,119.70,290.50,0.9990,-1,-1,-1
244,12,1300.00,353.00,137.20,391.30,1.0000,-1,-1,-1
244,19,965.00,279.00,201.20,549.60,1.0000,-1,-1,-1
244,20,814.00,298.00,157.70,541.40,0.9990,-1,-1,-1
244,6,1767.00,418.00,92.10,224.30,1.0000,-1,-1,-1
244,15,1543.00,418.00,89.50,269.10,0.9990,-1,-1,-1
245,21,655.00,302.00,246.60,593.90,1.0000,-1,-1,-1
245,18,1754.00,420.00,99.70,224.50,1.0000,-1,-1,-1
245,12,1304.00,369.00,155.50,399.70,1.0000,-1,-1,-1
245,19,984.00,280.00,207.20,552.20,1.0000,-1,-1,-1
245,16,1560.00,533.00,82.70,174.40,0.9990,-1,-1,-1
245,20,823.00,303.00,158.50,513.20,0.9980,-1,-1,-1
245,15,1541.00,423.00,80.80,264.40,0.9980,-1,-1,-1
245,13,1199.00,433.00,115.90,297.90,0.9990,-1,-1,-1
245,22,571.00,322.00,166.30,562.10,1.0000,-1,-1,-1
246,19,1008.00,286.00,193.30,535.40,1.0000,-1,-1,-1
246,6,1771.00,426.00,95.00,213.90,1.0000,-1,-1,-1
246,12,1302.00,345.00,144.80,405.10,1.0000,-1,-1,-1
246,16,1570.00,537.00,89.50,168.70,0.9990,-1,-1,-1
246,13,1226.00,423.00,97.60,313.10,0.9990,-1,-1,-1
246,21,634.00,305.00,311.00,608.50,1.0000,-1,-1,-1
246,15,1546.00,431.00,82.40,278.80,0.9990,-1,-1,-1
247,16,1572.00,535.00,90.50,174.40,1.0000,-1,-1,-1
247,12,1308.00,354.00,146.00,383.30,1.0000,-1,-1,-1
247,22,587.00,324.00,180.60,525.60,0.9580,-1,-1,-1
247,19,1018.00,278.00,182.80,540.30,1.0000,-1,-1,-1
247,15,1545.00,428.00,83.50,283.30,0.9990,-1,-1,-1
247,13,1206.00,438.00,128.00,295.50,1.0000,-1,-1,-1
247,21,679.00,313.00,252.50,566.30,1.0000,-1,-1,-1
247,18,1765.00,416.00,89.90,241.10,1.0000,-1,-1,-1
247,20,866.00,318.00,134.80,468.20,0.6160,-1,-1,-1
247,23,956.00,376.00,118.90,390.10,0.9850,-1,-1,-1
248,23,947.00,371.00,125.90,389.80,0.9930,-1,-1,-1
248,18,1772.00,422.00,93.40,225.60,1.0000,-1,-1,-1
248,19,1024.00,281.00,183.40,554.20,1.0000,-1,-1,-1
248,16,1580.00,540.00,88.10,178.90,1.0000,-1,-1,-1
248,15,1546.00,423.00,78.40,275.40,0.9990,-1,-1,-1
248,21,677.00,329.00,289.30,560.00,0.9990,-1,-1,-1
248,13,1226.00,418.00,107.70,309.40,0.9990,-1,-1,-1
248,12,1314.00,370.00,133.80,358.00,1.0000,-1,-1,-1
248,22,623.00,319.00,191.90,574.80,1.0000,-1,-1,-1
249,12,1311.00,357.00,143.90,390.70,1.0000,-1,-1,-1
249,21,706.00,314.00,265.60,570.60,0.9990,-1,-1,-1
249,6,1776.00,423.00,101.50,228.10,1.0000,-1,-1,-1
249,13,1220.00,425.00,123.50,306.90,0.9980,-1,-1,-1
249,16,1582.00,532.00,83.40,181.50,1.0000,-1,-1,-1
249,15,1542.00,420.00,82.50,277.90,0.9990,-1,-1,-1
249,23,960.00,376.00,110.30,386.70,0.9160,-1,-1,-1
249,19,1047.00,304.00,189.40,503.10,1.0000,-1,-1,-1
250,6,1782.00,424.00,94.60,221.70,1.0000,-1,-1,-1
250,13,1229.00,424.00,112.40,301.70,0.9980,-1,-1,-1
250,12,1315.00,353.00,149.40,379.50,1.0000,-1,-1,-1
250,15,1544.00,418.00,81.60,279.40,0.9990,-1,-1,-1
250,21,723.00,330.00,247.30,555.40,1.0000,-1,-1,-1
250,19,1050.00,305.00,206.90,508.80,1.0000,-1,-1,-1
250,23,965.00,386.00,119.30,391.30,0.9720,-1,-1,-1
250,20,880.00,306.00,181.10,504.70,0.9380,-1,-1,-1
250,22,612.00,317.00,222.70,549.30,0.9970,-1,-1,-1
250,16,1593.00,520.00,85.40,198.20,1.0000,-1,-1,-1
251,20,895.00,313.00,177.20,481.00,0.9980,-1,-1,-1
251,16,1598.00,531.00,84.70,176.40,1.0000,-1,-1,-1
251,6,1785.00,430.00,92.20,209.80,1.0000,-1,-1,-1
251,21,769.00,307.00,213.00,581.00,1.0000,-1,-1,-1
251,12,1333.00,367.00,122.70,359.90,1.0000,-1,-1,-1
251,15,1529.00,432.00,96.70,266.70,0.9980,-1,-1,-1
251,13,1248.00,440.00,103.80,278.20,0.9970,-1,-1,-1
251,19,1033.00,312.00,251.60,508.80,1.0000,-1,-1,-1
251,22,606.00,342.00,259.00,504.10,1.0000,-1,-1,-1
252,19,1052.00,311.00,231.60,510.20,1.0000,-1,-1,-1
252,22,634.00,346.00,233.90,508.20,1.0000,-1,-1,-1
252,15,1540.00,424.00,88.50,291.90,0.9990,-1,-1,-1
252,21,783.00,328.00,213.20,551.80,1.0000,-1,-1,-1
252,6,1783.00,417.00,102.40,221.00,1.0000,-1,-1,-1
252,16,1611.00,527.00,74.60,175.60,1.0000,-1,-1,-1
252,23,982.00,365.00,119.20,398.50,0.9910,-1,-1,-1
252,13,1227.00,427.00,128.10,287.80,0.9970,-1,-1,-1
252,12,1342.00,381.00,132.10,355.70,1.0000,-1,-1,-1
253,12,1344.00,361.00,135.60,372.10,1.0000,-1,-1,-1
253,19,1054.00,288.00,230.40,533.90,1.0000,-1,-1,-1
253,15,1545.00,419.00,79.50,290.00,1.0000,-1,-1,-1
253,18,1802.00,422.00,89.90,214.30,1.0000,-1,-1,-1
253,22,653.00,340.00,245.40,535.00,1.0000,-1,-1,-1
253,16,1603.00,527.00,92.00,179.90,1.0000,-1,-1,-1
253,21,808.00,303.00,192.90,564.80,1.0000,-1,-1,-1
253,13,1230.00,416.00,124.90,296.40,0.9910,-1,-1,-1
253,23,963.00,381.00,134.40,382.10,0.9930,-1,-1,-1
254,21,814.00,319.00,199.90,554.70,1.0000,-1,-1,-1
254,12,1345.00,360.00,133.50,358.90,1.0000,-1,-1,-1
254,22,651.00,322.00,242.40,528.70,0.9990,-1,-1,-1
254,23,972.00,371.00,141.80,400.20,0.9960,-1,-1,-1
254,15,1545.00,421.00,79.50,297.00,1.0000,-1,-1,-1
254,6,1785.00,415.00,114.80,234.20,1.0000,-1,-1,-1
254,16,1618.00,535.00,90.10,178.60,1.0000,-1,-1,-1
254,19,1085.00,326.00,239.20,478.90,1.0000,-1,-1,-1
255,22,677.00,352.00,226.40,496.00,1.0000,-1,-1,-1
255,16,1625.00,526.00,88.70,185.00,1.0000,-1,-1,-1
255,19,1081.00,334.00,219.90,484.50,1.0000,-1,-1,-1
255,18,1797.00,420.00,102.60,234.50,1.0000,-1,-1,-1
255,13,1265.00,431.00,99.00,291.20,0.9950,-1,-1,-1
255,15,1538.00,412.00,81.00,308.60,0.9980,-1,-1,-1
255,12,1357.00,371.00,105.60,350.20,1.0000,-1,-1,-1
255,21,863.00,319.00,197.80,557.90,1.0000,-1,-1,-1
255,23,1006.00,388.00,126.80,387.60,0.9960,-1,-1,-1
256,15,1544.00,414.00,85.30,307.90,1.0000,-1,-1,-1
256,19,1086.00,329.00,219.30,473.40,1.0000,-1,-1,-1
256,21,848.00,337.00,230.10,539.50,1.0000,-1,-1,-1
256,16,1630.00,526.00,97.30,197.70,1.0000,-1,-1,-1
256,18,1811.00,422.00,82.10,216.10,1.0000,-1,-1,-1
256,12,1349.00,389.00,118.30,340.50,1.0000,-1,-1,-1
256,23,1020.00,395.00,117.80,358.00,0.9860,-1,-1,-1
256,13,1280.00,419.00,100.50,290.20,0.9980,-1,-1,-1
256,22,727.00,343.00,163.10,505.30,1.0000,-1,-1,-1
257,21,866.00,315.00,216.60,568.10,1.0000,-1,-1,-1
257,12,1362.00,375.00,120.90,354.30,1.0000,-1,-1,-1
257,19,1090.00,311.00,220.50,491.90,1.0000,-1,-1,-1
257,23,1020.00,391.00,129.50,349.10,0.9950,-1,-1,-1
257,22,735.00,342.00,166.40,521.20,1.0000,-1,-1,-1
257,13,1277.00,413.00,112.50,317.70,0.9990,-1,-1,-1
257,18,1806.00,428.00,96.50,204.40,1.0000,-1,-1,-1
257,16,1628.00,517.00,103.10,206.90,1.0000,-1,-1,-1
257,15,1529.00,416.00,96.00,284.70,1.0000,-1,-1,-1
258,19,1106.00,313.00,208.70,506.10,1.0000,-1,-1,-1
258,13,1283.00,418.00,106.10,290.00,0.9990,-1,-1,-1
258,16,1640.00,520.00,100.00,199.10,1.0000,-1,-1,-1
258,18,1818.00,419.00,92.90,217.50,1.0000,-1,-1,-1
258,22,747.00,351.00,157.40,492.40,1.0000,-1,-1,-1
258,21,869.00,311.00,222.60,545.50,1.0000,-1,-1,-1
258,12,1365.00,361.00,142.80,354.00,1.0000,-1,-1,-1
258,15,1552.00,424.00,95.60,288.80,0.9980,-1,-1,-1
259,12,1368.00,370.00,122.80,347.10,1.0000,-1,-1,-1
259,13,1292.00,423.00,108.30,300.50,0.9990,-1,-1,-1
259,21,888.00,324.00,210.20,535.30,1.0000,-1,-1,-1
259,19,1115.00,317.00,197.10,480.40,1.0000,-1,-1,-1
259,22,758.00,331.00,176.70,504.90,1.0000,-1,-1,-1
259,16,1638.00,529.00,110.90,196.30,1.0000,-1,-1,-1
259,18,1813.00,418.00,92.70,222.10,1.0000,-1,-1,-1
259,15,1528.00,416.00,105.80,283.00,1.0000,-1,-1,-1
260,15,1540.00,418.00,97.00,306.60,0.9990,-1,-1,-1
260,18,1820.00,429.00,94.80,203.30,1.0000,-1,-1,-1
260,13,1299.00,413.00,104.30,317.90,0.9990,-1,-1,-1
260,16,1659.00,524.00,93.00,201.30,1.0000,-1,-1,-1
260,21,909.00,338.00,195.30,538.10,1.0000,-1,-1,-1
260,19,1133.00,314.00,166.40,484.20,1.0000,-1,-1,-1
260,22,795.00,332.00,157.70,529.60,1.0000,-1,-1,-1
260,12,1382.00,358.00,140.10,372.80,1.0000,-1,-1,-1
261,18,1823.00,425.00,95.60,214.00,1.0000,-1,-1,-1
261,22,795.00,347.00,169.90,497.40,1.0000,-1,-1,-1
261,12,1379.00,369.00,137.80,344.40,1.0000,-1,-1,-1
261,19,1134.00,326.00,175.70,473.50,1.0000,-1,-1,-1
261,21,928.00,314.00,200.10,547.30,1.0000,-1,-1,-1
261,15,1536.00,429.00,89.20,283.70,0.9990,-1,-1,-1
261,16,1654.00,522.00,93.80,200.50,1.0000,-1,-1,-1
261,13,1301.00,422.00,94.20,297.60,0.9990,-1,-1,-1
262,16,1663.00,520.00,96.70,203.80,1.0000,-1,-1,-1
262,15,1536.00,423.00,100.10,279.10,1.0000,-1,-1,-1
262,19,1152.00,314.00,172.40,482.70,1.0000,-1,-1,-1
262,21,925.00,339.00,209.90,501.60,1.0000,-1,-1,-1
262,22,808.00,332.00,192.80,512.40,1.0000,-1,-1,-1
262,13,1309.00,427.00,93.10,289.00,0.9990,-1,-1,-1
262,6,1809.00,425.00,111.40,224.10,1.0000,-1,-1,-1
262,12,1393.00,357.00,141.60,372.70,1.0000,-1,-1,-1
263,13,1311.00,417.00,103.60,302.30,1.0000,-1,-1,-1
263,15,1537.00,406.00,97.60,301.50,0.9990,-1,-1,-1
263,18,1827.00,418.00,94.20,222.80,1.0000,-1,-1,-1
263,21,948.00,341.00,186.80,520.90,1.0000,-1,-1,-1
263,22,806.00,332.00,203.10,494.80,1.0000,-1,-1,-1
263,19,1158.00,301.00,187.10,494.30,1.0000,-1,-1,-1
263,12,1383.00,373.00,157.30,357.30,1.0000,-1,-1,-1
263,16,1677.00,519.00,83.80,196.90,1.0000,-1,-1,-1
264,16,1684.00,530.00,82.30,196.70,1.0000,-1,-1,-1
264,19,1151.00,297.00,202.90,491.00,1.0000,-1,-1,-1
264,15,1549.00,408.00,84.30,303.40,1.0000,-1,-1,-1
264,12,1401.00,373.00,127.30,367.20,1.0000,-1,-1,-1
264,18,1826.00,423.00,91.20,214.80,1.0000,-1,-1,-1
264,22,810.00,351.00,196.80,486.20,1.0000,-1,-1,-1
264,21,974.00,339.00,188.30,504.60,1.0000,-1,-1,-1
264,13,1313.00,435.00,89.80,277.00,0.9990,-1,-1,-1
265,16,1686.00,520.00,87.50,200.60,1.0000,-1,-1,-1
265,22,835.00,360.00,184.10,485.20,1.0000,-1,-1,-1
265,15,1535.00,427.00,97.40,278.10,0.9990,-1,-1,-1
265,13,1320.00,427.00,102.90,279.40,0.9990,-1,-1,-1
265,12,1411.00,368.00,125.40,349.60,1.0000,-1,-1,-1
265,19,1176.00,319.00,193.50,485.50,1.0000,-1,-1,-1
265,18,1826.00,413.00,95.80,219.40,1.0000,-1,-1,-1
265,21,991.00,330.00,193.40,508.00,1.0000,-1,-1,-1
266,19,1176.00,307.00,194.80,508.40,1.0000,-1,-1,-1
266,18,1830.00,424.00,90.70,215.30,1.0000,-1,-1,-1
266,15,1537.00,412.00,100.00,297.30,0.9990,-1,-1,-1
266,13,1326.00,414.00,98.20,295.80,1.0000,-1,-1,-1
266,12,1418.00,380.00,133.90,349.00,1.0000,-1,-1,-1
266,21,980.00,352.00,218.40,498.20,1.0000,-1,-1,-1
266,22,849.00,331.00,165.90,516.20,1.0000,-1,-1,-1
266,16,1685.00,528.00,83.70,199.10,1.0000,-1,-1,-1
267,21,1005.00,335.00,199.20,521.60,1.0000,-1,-1,-1
267,13,1333.00,420.00,93.90,295.60,0.9980,-1,-1,-1
267,22,853.00,341.00,189.90,481.90,1.0000,-1,-1,-1
267,16,1689.00,517.00,91.70,210.30,1.0000,-1,-1,-1
267,19,1188.00,336.00,189.40,457.30,1.0000,-1,-1,-1
267,15,1542.00,441.00,96.80,273.40,0.9990,-1,-1,-1
267,18,1842.00,418.00,79.10,220.80,1.0000,-1,-1,-1
267,12,1406.00,386.00,147.10,331.30,1.0000,-1,-1,-1
268,16,1693.00,527.00,90.10,196.80,1.0000,-1,-1,-1
268,22,863.00,352.00,189.10,465.20,1.0000,-1,-1,-1
268,18,1841.00,420.00,93.40,210.70,1.0000,-1,-1,-1
268,12,1410.00,379.00,139.90,360.60,1.0000,-1,-1,-1
268,21,1031.00,338.00,173.70,525.60,1.0000,-1,-1,-1
268,19,1193.00,310.00,165.80,478.30,1.0000,-1,-1,-1
268,15,1542.00,431.00,110.10,269.10,0.9990,-1,-1,-1
268,13,1324.00,417.00,97.70,308.50,0.9970,-1,-1,-1
269,19,1204.00,328.00,179.20,470.50,1.0000,-1,-1,-1
269,18,1837.00,419.00,92.80,214.20,1.0000,-1,-1,-1
269,12,1426.00,382.00,128.40,360.60,0.9990,-1,-1,-1
269,21,1016.00,345.00,216.30,516.00,1.0000,-1,-1,-1
269,16,1706.00,527.00,78.00,197.70,1.0000,-1,-1,-1
269,22,874.00,335.00,164.90,482.50,1.0000,-1,-1,-1
269,15,1550.00,419.00,85.90,282.20,1.0000,-1,-1,-1
269,13,1343.00,435.00,107.80,277.00,0.9980,-1,-1,-1
270,18,1846.00,423.00,83.30,211.90,1.0000,-1,-1,-1
270,22,891.00,334.00,171.50,499.40,1.0000,-1,-1,-1
270,21,1030.00,335.00,205.40,501.30,1.0000,-1,-1,-1
270,12,1424.00,393.00,131.70,331.30,1.0000,-1,-1,-1
270,19,1192.00,314.00,180.30,483.80,1.0000,-1,-1,-1
270,16,1698.00,524.00,88.00,189.00,1.0000,-1,-1,-1
270,13,1337.00,431.00,93.40,271.80,1.0000,-1,-1,-1
270,15,1563.00,436.00,89.00,269.50,1.0000,-1,-1,-1
271,22,902.00,351.00,165.00,465.30,1.0000,-1,-1,-1
271,12,1430.00,386.00,125.20,341.90,0.9990,-1,-1,-1
271,19,1217.00,308.00,173.30,487.40,1.0000,-1,-1,-1
271,24,1687.00,468.00,50.70,121.20,0.9660,-1,-1,-1
271,15,1553.00,436.00,85.00,280.30,1.0000,-1,-1,-1
271,18,1851.00,421.00,76.30,215.90,1.0000,-1,-1,-1
271,21,1053.00,334.00,216.10,495.80,1.0000,-1,-1,-1
271,16,1714.00,523.00,90.40,200.50,1.0000,-1,-1,-1
271,13,1354.00,443.00,88.60,253.00,1.0000,-1,-1,-1
272,21,1060.00,330.00,212.70,506.00,1.0000,-1,-1,-1
272,19,1226.00,305.00,169.00,496.00,1.0000,-1,-1,-1
272,18,1844.00,421.00,92.10,200.80,1.0000,-1,-1,-1
272,16,1713.00,525.00,98.50,192.70,1.0000,-1,-1,-1
272,13,1347.00,442.00,106.60,262.70,0.9990,-1,-1,-1
272,22,925.00,361.00,149.90,443.40,1.0000,-1,-1,-1
272,15,1560.00,439.00,96.10,271.60,1.0000,-1,-1,-1
272,12,1423.00,367.00,122.00,347.90,1.0000,-1,-1,-1
272,24,1688.00,473.00,57.10,127.10,0.5710,-1,-1,-1
273,15,1554.00,436.00,95.80,285.40,1.0000,-1,-1,-1
273,21,1076.00,319.00,208.50,519.90,1.0000,-1,-1,-1
273,16,1718.00,518.00,90.20,208.70,1.0000,-1,-1,-1
273,18,1848.00,434.00,85.70,203.20,1.0000,-1,-1,-1
273,22,916.00,348.00,155.40,467.10,1.0000,-1,-1,-1
273,24,1686.00,470.00,51.30,126.90,0.4630,-1,-1,-1
273,19,1236.00,321.00,188.00,471.60,1.0000,-1,-1,-1
273,12,1430.00,394.00,116.60,310.10,1.0000,-1,-1,-1
274,21,1085.00,325.00,214.90,522.00,1.0000,-1,-1,-1
274,15,1554.00,439.00,97.20,272.10,1.0000,-1,-1,-1
274,19,1239.00,315.00,184.30,459.00,1.0000,-1,-1,-1
274,16,1725.00,523.00,98.20,202.20,1.0000,-1,-1,-1
274,24,1687.00,467.00,51.20,136.90,0.4480,-1,-1,-1
274,18,1860.00,426.00,75.40,211.00,1.0000,-1,-1,-1
274,12,1446.00,378.00,97.90,318.50,1.0000,-1,-1,-1
274,22,945.00,359.00,186.40,456.10,1.0000,-1,-1,-1
275,12,1431.00,377.00,120.20,331.20,1.0000,-1,-1,-1
275,19,1251.00,317.00,165.00,468.40,1.0000,-1,-1,-1
275,21,1103.00,333.00,193.90,492.60,1.0000,-1,-1,-1
275,16,1721.00,529.00,100.40,202.40,1.0000,-1,-1,-1
275,18,1856.00,431.00,75.20,203.70,1.0000,-1,-1,-1
275,24,1686.00,467.00,51.50,139.50,0.4540,-1,-1,-1
275,22,934.00,350.00,182.60,449.40,1.0000,-1,-1,-1
275,15,1543.00,435.00,101.00,258.00,1.0000,-1,-1,-1
276,19,1257.00,321.00,177.00,449.50,1.0000,-1,-1,-1
276,18,1850.00,426.00,88.50,203.50,1.0000,-1,-1,-1
276,22,951.00,335.00,197.90,474.60,1.0000,-1,-1,-1
276,12,1447.00,385.00,104.60,314.00,1.0000,-1,-1,-1
276,16,1724.00,527.00,94.70,194.70,1.0000,-1,-1,-1
276,21,1131.00,338.00,169.60,491.50,1.0000,-1,-1,-1
276,15,1545.00,416.00,109.50,279.50,0.9990,-1,-1,-1
277,16,1730.00,527.00,91.20,205.20,1.0000,-1,-1,-1
277,21,1134.00,318.00,184.30,480.80,1.0000,-1,-1,-1
277,22,959.00,349.00,178.70,453.40,1.0000,-1,-1,-1
277,18,1861.00,420.00,76.90,208.30,1.0000,-1,-1,-1
277,19,1247.00,314.00,185.20,450.50,1.0000,-1,-1,-1
277,12,1455.00,369.00,109.50,348.70,1.0000,-1,-1,-1
277,15,1566.00,423.00,98.80,277.20,1.0000,-1,-1,-1
278,18,1861.00,427.00,81.50,207.40,0.9990,-1,-1,-1
278,16,1737.00,528.00,88.60,198.70,1.0000,-1,-1,-1
278,21,1137.00,319.00,188.00,495.90,1.0000,-1,-1,-1
278,22,958.00,357.00,205.10,444.20,1.0000,-1,-1,-1
278,19,1276.00,337.00,173.00,426.70,1.0000,-1,-1,-1
278,24,1682.00,464.00,54.90,133.10,0.4400,-1,-1,-1
278,15,1567.00,432.00,105.70,283.30,1.0000,-1,-1,-1
278,12,1462.00,364.00,127.30,350.70,0.9990,-1,-1,-1
279,21,1158.00,331.00,179.20,490.30,1.0000,-1,-1,-1
279,19,1277.00,326.00,170.30,438.30,1.0000,-1,-1,-1
279,18,1859.00,423.00,82.00,200.70,1.0000,-1,-1,-1
279,12,1460.00,388.00,109.90,313.00,0.9990,-1,-1,-1
279,22,975.00,359.00,174.50,460.20,1.0000,-1,-1,-1
279,24,1684.00,467.00,51.50,136.60,0.4000,-1,-1,-1
279,16,1728.00,525.00,101.60,196.10,1.0000,-1,-1,-1
279,15,1565.00,440.00,118.40,267.70,1.0000,-1,-1,-1
280,18,1859.00,426.00,83.50,205.10,1.0000,-1,-1,-1
280,19,1280.00,321.00,182.30,447.40,1.0000,-1,-1,-1
280,24,1685.00,466.00,50.60,136.40,0.4020,-1,-1,-1
280,12,1464.00,384.00,117.70,311.10,1.0000,-1,-1,-1
280,21,1160.00,346.00,177.80,459.30,1.0000,-1,-1,-1
280,15,1562.00,458.00,109.10,265.70,1.0000,-1,-1,-1
280,22,981.00,365.00,156.80,452.00,1.0000,-1,-1,-1
280,16,1724.00,533.00,98.40,202.10,1.0000,-1,-1,-1
281,18,1863.00,419.00,77.70,210.40,0.9990,-1,-1,-1
281,15,1572.00,440.00,98.30,282.60,1.0000,-1,-1,-1
281,22,998.00,355.00,153.90,437.10,1.0000,-1,-1,-1
281,16,1730.00,535.00,87.70,201.80,1.0000,-1,-1,-1
281,12,1454.00,372.00,141.00,335.00,1.0000,-1,-1,-1
281,21,1171.00,316.00,222.60,498.80,1.0000,-1,-1,-1
281,13,1403.00,400.00,79.80,315.60,0.9070,-1,-1,-1
281,19,1319.00,352.00,157.60,383.00,0.7520,-1,-1,-1
282,18,1863.00,429.00,79.20,201.40,0.9990,-1,-1,-1
282,12,1460.00,376.00,136.00,334.40,1.0000,-1,-1,-1
282,22,1009.00,362.00,149.30,430.50,1.0000,-1,-1,-1
282,21,1160.00,348.00,226.90,478.80,1.0000,-1,-1,-1
282,16,1718.00,532.00,102.90,195.10,1.0000,-1,-1,-1
282,19,1289.00,320.00,195.40,451.30,0.9990,-1,-1,-1
282,15,1571.00,446.00,122.20,258.40,0.9990,-1,-1,-1
283,18,1866.00,423.00,80.40,208.60,0.9980,-1,-1,-1
283,19,1307.00,327.00,169.30,430.90,0.9970,-1,-1,-1
283,21,1198.00,336.00,192.90,484.40,1.0000,-1,-1,-1
283,22,1013.00,344.00,168.00,460.10,1.0000,-1,-1,-1
283,12,1463.00,390.00,127.30,322.00,1.0000,-1,-1,-1
283,16,1719.00,523.00,110.30,211.10,1.0000,-1,-1,-1
283,15,1563.00,455.00,127.60,269.30,1.0000,-1,-1,-1
283,13,1398.00,422.00,99.90,271.70,0.9990,-1,-1,-1
284,18,1871.00,423.00,77.70,205.40,0.9970,-1,-1,-1
284,16,1718.00,526.00,100.10,205.80,1.0000,-1,-1,-1
284,21,1208.00,326.00,170.90,493.00,1.0000,-1,-1,-1
284,15,1580.00,470.00,104.60,242.10,0.9990,-1,-1,-1
284,22,1031.00,354.00,176.40,449.50,1.0000,-1,-1,-1
284,19,1287.00,320.00,184.40,438.90,1.0000,-1,-1,-1
284,12,1476.00,401.00,99.50,290.00,0.9990,-1,-1,-1
285,21,1211.00,356.00,179.50,452.80,1.0000,-1,-1,-1
285,22,1032.00,370.00,159.10,425.20,1.0000,-1,-1,-1
285,18,1876.00,420.00,71.60,214.80,0.9940,-1,-1,-1
285,16,1711.00,528.00,105.10,202.30,1.0000,-1,-1,-1
285,19,1298.00,323.00,165.80,427.60,1.0000,-1,-1,-1
285,15,1568.00,462.00,127.70,237.90,0.9990,-1,-1,-1
285,12,1488.00,373.00,115.40,335.90,0.9980,-1,-1,-1
285,13,1429.00,413.00,80.70,270.10,0.6710,-1,-1,-1
286,19,1308.00,319.00,167.90,444.30,0.9990,-1,-1,-1
286,21,1227.00,336.00,169.70,471.70,0.9990,-1,-1,-1
286,22,1051.00,346.00,155.70,463.40,1.0000,-1,-1,-1
286,15,1578.00,475.00,114.80,226.80,1.0000,-1,-1,-1
286,12,1496.00,373.00,105.30,321.80,0.9990,-1,-1,-1
286,16,1703.00,521.00,108.50,212.10,1.0000,-1,-1,-1
286,18,1881.00,416.00,65.60,207.00,0.9800,-1,-1,-1
287,18,1875.00,420.00,82.00,202.30,0.9450,-1,-1,-1
287,22,1050.00,373.00,166.00,404.80,1.0000,-1,-1,-1
287,12,1491.00,373.00,125.40,334.90,1.0000,-1,-1,-1
287,15,1588.00,465.00,109.80,248.60,0.9990,-1,-1,-1
287,23,1269.00,338.00,166.40,468.00,1.0000,-1,-1,-1
287,16,1696.00,537.00,110.90,213.80,1.0000,-1,-1,-1
287,13,1419.00,436.00,88.10,254.40,1.0000,-1,-1,-1
287,25,1170.00,357.00,137.00,406.80,0.9980,-1,-1,-1
288,21,1248.00,344.00,176.90,464.20,1.0000,-1,-1,-1
288,22,1054.00,362.00,181.70,417.90,1.0000,-1,-1,-1
288,18,1881.00,421.00,68.10,198.00,0.8530,-1,-1,-1
288,16,1689.00,522.00,112.10,216.60,1.0000,-1,-1,-1
288,13,1423.00,430.00,84.40,268.90,1.0000,-1,-1,-1
288,25,1188.00,344.00,115.00,396.40,0.9910,-1,-1,-1
288,15,1578.00,485.00,111.10,222.10,1.0000,-1,-1,-1
288,12,1507.00,392.00,96.10,288.10,1.0000,-1,-1,-1
288,19,1360.00,381.00,140.20,329.90,0.5310,-1,-1,-1
289,22,1066.00,363.00,169.60,432.10,1.0000,-1,-1,-1
289,25,1196.00,342.00,111.80,407.10,0.9930,-1,-1,-1
289,21,1269.00,346.00,165.70,468.90,1.0000,-1,-1,-1
289,18,1877.00,428.00,76.30,189.80,0.9230,-1,-1,-1
289,13,1425.00,448.00,89.50,254.60,0.9990,-1,-1,-1
289,15,1587.00,489.00,113.60,223.90,1.0000,-1,-1,-1
289,12,1507.00,390.00,123.80,312.60,1.0000,-1,-1,-1
289,16,1697.00,527.00,117.90,215.70,1.0000,-1,-1,-1
290,23,1292.00,339.00,174.10,471.40,1.0000,-1,-1,-1
290,22,1073.00,378.00,178.60,400.20,1.0000,-1,-1,-1
290,18,1874.00,429.00,80.70,198.60,0.6750,-1,-1,-1
290,12,1520.00,386.00,104.10,297.30,0.9990,-1,-1,-1
290,24,1684.00,470.00,55.50,138.50,0.5480,-1,-1,-1
290,25,1177.00,335.00,141.60,422.70,0.9990,-1,-1,-1
290,13,1439.00,438.00,75.50,255.20,0.9990,-1,-1,-1
290,15,1576.00,491.00,137.80,222.30,1.0000,-1,-1,-1
290,16,1696.00,522.00,131.80,213.00,1.0000,-1,-1,-1
291,25,1188.00,353.00,137.60,401.10,0.9990,-1,-1,-1
291,21,1272.00,353.00,181.20,454.20,1.0000,-1,-1,-1
291,18,1876.00,426.00,77.00,202.90,0.5930,-1,-1,-1
291,16,1704.00,526.00,106.00,205.50,1.0000,-1,-1,-1
291,15,1585.00,492.00,115.90,213.50,1.0000,-1,-1,-1
291,13,1444.00,431.00,84.40,264.20,0.9860,-1,-1,-1
291,22,1061.00,357.00,168.40,433.60,1.0000,-1,-1,-1
291,12,1499.00,375.00,140.50,338.90,0.9990,-1,-1,-1
292,25,1197.00,358.00,129.40,387.30,1.0000,-1,-1,-1
292,22,1071.00,358.00,182.60,447.90,1.0000,-1,-1,-1
292,21,1294.00,341.00,180.30,462.10,1.0000,-1,-1,-1
292,12,1511.00,373.00,135.80,330.10,1.0000,-1,-1,-1
292,13,1446.00,426.00,87.90,265.70,0.9960,-1,-1,-1
292,15,1583.00,499.00,125.70,205.10,1.0000,-1,-1,-1
292,16,1684.00,533.00,123.40,191.00,1.0000,-1,-1,-1
292,18,1886.00,426.00,59.50,201.50,0.8710,-1,-1,-1
293,25,1201.00,342.00,130.00,403.80,1.0000,-1,-1,-1
293,22,1084.00,372.00,158.90,429.20,1.0000,-1,-1,-1
293,16,1702.00,526.00,99.30,206.90,1.0000,-1,-1,-1
293,21,1294.00,331.00,185.50,450.50,1.0000,-1,-1,-1
293,13,1445.00,442.00,81.00,256.30,0.9980,-1,-1,-1
293,12,1529.00,388.00,125.10,306.10,1.0000,-1,-1,-1
293,18,1884.00,426.00,60.30,195.00,0.8720,-1,-1,-1
293,15,1583.00,501.00,138.60,207.80,1.0000,-1,-1,-1
294,22,1085.00,371.00,171.00,423.50,1.0000,-1,-1,-1
294,25,1208.00,352.00,136.60,409.00,1.0000,-1,-1,-1
294,16,1689.00,524.00,107.00,215.90,1.0000,-1,-1,-1
294,23,1325.00,341.00,177.70,447.10,1.0000,-1,-1,-1
294,18,1883.00,425.00,61.00,184.70,0.9330,-1,-1,-1
294,12,1546.00,407.00,114.40,286.80,0.9990,-1,-1,-1
295,12,1539.00,391.00,129.40,309.70,0.9990,-1,-1,-1
295,25,1216.00,356.00,137.70,405.80,1.0000,-1,-1,-1
295,15,1584.00,501.00,126.50,208.20,1.0000,-1,-1,-1
295,21,1307.00,353.00,201.40,435.30,1.0000,-1,-1,-1
295,22,1104.00,372.00,148.20,394.90,1.0000,-1,-1,-1
295,16,1704.00,526.00,101.40,214.50,1.0000,-1,-1,-1
295,18,1861.00,443.00,65.10,208.90,0.7860,-1,-1,-1
296,21,1321.00,336.00,184.70,456.10,1.0000,-1,-1,-1
296,15,1595.00,501.00,118.40,204.30,1.0000,-1,-1,-1
296,16,1686.00,522.00,117.20,216.00,1.0000,-1,-1,-1
296,25,1203.00,357.00,158.00,401.00,1.0000,-1,-1,-1
296,12,1531.00,399.00,142.40,312.90,0.9990,-1,-1,-1
296,22,1096.00,364.00,150.00,410.20,1.0000,-1,-1,-1
296,13,1474.00,440.00,83.00,260.40,0.9640,-1,-1,-1
296,18,1889.00,426.00,50.20,189.40,0.8820,-1,-1,-1
297,21,1336.00,348.00,180.70,452.00,1.0000,-1,-1,-1
297,22,1094.00,361.00,164.90,423.10,1.0000,-1,-1,-1
297,16,1684.00,518.00,116.00,212.00,1.0000,-1,-1,-1
297,18,1885.00,433.00,54.50,180.10,0.9380,-1,-1,-1
297,25,1225.00,364.00,133.50,361.70,1.0000,-1,-1,-1
297,15,1587.00,513.00,132.30,186.70,0.9990,-1,-1,-1
297,12,1559.00,408.00,128.50,295.70,0.9990,-1,-1,-1
297,13,1468.00,462.00,101.60,243.40,0.9960,-1,-1,-1
298,21,1335.00,345.00,193.10,448.10,1.0000,-1,-1,-1
298,16,1688.00,515.00,109.70,214.10,1.0000,-1,-1,-1
298,12,1555.00,389.00,132.10,304.40,0.9980,-1,-1,-1
298,22,1106.00,370.00,145.10,417.90,1.0000,-1,-1,-1
298,18,1887.00,423.00,52.60,197.10,0.9500,-1,-1,-1
298,25,1234.00,366.00,139.90,371.50,1.0000,-1,-1,-1
298,15,1579.00,507.00,137.30,197.00,0.9990,-1,-1,-1
299,16,1689.00,515.00,107.60,216.30,1.0000,-1,-1,-1
299,18,1882.00,414.00,61.70,201.00,0.9000,-1,-1,-1
299,22,1119.00,378.00,139.50,392.60,1.0000,-1,-1,-1
299,15,1575.00,504.00,137.90,198.90,0.9990,-1,-1,-1
299,21,1351.00,355.00,164.60,427.60,1.0000,-1,-1,-1
299,25,1221.00,352.00,139.80,404.40,0.9990,-1,-1,-1
299,13,1469.00,430.00,103.40,266.10,0.9960,-1,-1,-1
300,12,1566.00,389.00,135.00,307.90,0.9990,-1,-1,-1
300,22,1114.00,356.00,156.50,432.80,1.0000,-1,-1,-1
300,25,1240.00,358.00,140.70,383.60,1.0000,-1,-1,-1
300,18,1885.00,419.00,55.10,191.60,0.8710,-1,-1,-1
300,16,1702.00,528.00,95.10,204.60,1.0000,-1,-1,-1
300,21,1349.00,365.00,162.00,430.70,1.0000,-1,-1,-1
300,13,1475.00,433.00,93.00,247.20,0.9970,-1,-1,-1
301,21,1349.00,341.00,179.70,454.20,1.0000,-1,-1,-1
301,18,1880.00,416.00,64.00,197.00,0.9510,-1,-1,-1
301,16,1699.00,525.00,97.80,206.30,1.0000,-1,-1,-1
301,13,1481.00,436.00,99.10,243.60,0.9950,-1,-1,-1
301,25,1239.00,337.00,132.60,418.20,0.9990,-1,-1,-1
301,22,1124.00,374.00,134.80,396.90,1.0000,-1,-1,-1
301,15,1577.00,512.00,136.70,192.70,0.9990,-1,-1,-1
301,12,1555.00,393.00,117.20,302.30,0.4800,-1,-1,-1
302,16,1695.00,522.00,99.10,205.00,1.0000,-1,-1,-1
302,21,1356.00,361.00,170.70,431.30,1.0000,-1,-1,-1
302,18,1884.00,421.00,56.30,196.90,0.8510,-1,-1,-1
302,13,1480.00,437.00,99.20,245.20,1.0000,-1,-1,-1
302,15,1588.00,512.00,135.70,202.80,0.9990,-1,-1,-1
302,25,1250.00,344.00,142.60,416.60,1.0000,-1,-1,-1
302,22,1130.00,358.00,160.10,420.50,1.0000,-1,-1,-1
302,12,1575.00,385.00,107.10,285.70,0.9960,-1,-1,-1
303,18,1882.00,428.00,61.40,185.50,0.8930,-1,-1,-1
303,16,1692.00,528.00,103.50,199.60,1.0000,-1,-1,-1
303,22,1141.00,359.00,145.10,416.60,0.9990,-1,-1,-1
303,12,1573.00,389.00,126.50,313.90,0.9990,-1,-1,-1
303,21,1370.00,349.00,171.80,426.10,1.0000,-1,-1,-1
303,25,1263.00,368.00,122.60,356.70,1.0000,-1,-1,-1
303,13,1505.00,447.00,74.70,237.80,0.4280,-1,-1,-1
304,21,1378.00,360.00,168.00,420.20,1.0000,-1,-1,-1
304,25,1269.00,365.00,126.80,374.00,1.0000,-1,-1,-1
304,16,1699.00,523.00,91.80,201.50,1.0000,-1,-1,-1
304,15,1575.00,510.00,141.60,193.60,1.0000,-1,-1,-1
304,22,1153.00,378.00,134.00,377.60,1.0000,-1,-1,-1
304,18,1888.00,425.00,53.00,208.30,0.8910,-1,-1,-1
305,21,1371.00,350.00,174.50,440.50,1.0000,-1,-1,-1
305,22,1150.00,376.00,137.80,388.40,1.0000,-1,-1,-1
305,16,1696.00,529.00,106.10,195.40,1.0000,-1,-1,-1
305,13,1497.00,431.00,98.70,246.00,0.9980,-1,-1,-1
305,25,1258.00,340.00,136.50,410.20,1.0000,-1,-1,-1
305,15,1584.00,498.00,119.00,206.40,1.0000,-1,-1,-1
305,18,1893.00,419.00,44.00,207.80,0.8580,-1,-1,-1
306,16,1695.00,527.00,97.80,201.00,1.0000,-1,-1,-1
306,21,1384.00,349.00,165.70,430.30,1.0000,-1,-1,-1
306,25,1264.00,351.00,133.70,386.90,1.0000,-1,-1,-1
306,22,1157.00,385.00,130.40,377.40,1.0000,-1,-1,-1
306,15,1583.00,495.00,121.90,206.60,1.0000,-1,-1,-1
306,18,1890.00,429.00,49.80,185.10,0.8300,-1,-1,-1
307,25,1268.00,337.00,137.40,419.30,1.0000,-1,-1,-1
307,16,1697.00,519.00,99.80,216.40,1.0000,-1,-1,-1
307,22,1148.00,369.00,154.00,404.80,1.0000,-1,-1,-1
307,21,1380.00,357.00,164.50,430.60,1.0000,-1,-1,-1
307,15,1583.00,496.00,121.60,219.20,1.0000,-1,-1,-1
307,18,1881.00,427.00,67.00,190.50,0.6850,-1,-1,-1
307,13,1501.00,438.00,92.10,234.30,1.0000,-1,-1,-1
308,21,1392.00,358.00,161.60,435.60,1.0000,-1,-1,-1
308,15,1585.00,499.00,115.70,200.80,1.0000,-1,-1,-1
308,16,1698.00,522.00,104.30,210.10,1.0000,-1,-1,-1
308,25,1267.00,336.00,140.00,418.50,1.0000,-1,-1,-1
308,13,1511.00,438.00,81.40,238.00,1.0000,-1,-1,-1
308,18,1880.00,429.00,67.10,182.60,0.7090,-1,-1,-1
308,22,1153.00,385.00,140.00,371.20,1.0000,-1,-1,-1
309,21,1392.00,364.00,171.80,424.20,1.0000,-1,-1,-1
309,18,1884.00,431.00,61.80,188.90,0.6100,-1,-1,-1
309,16,1699.00,519.00,91.20,217.90,1.0000,-1,-1,-1
309,22,1166.00,369.00,128.20,392.20,1.0000,-1,-1,-1
309,15,1584.00,486.00,112.70,217.40,1.0000,-1,-1,-1
309,13,1525.00,429.00,83.10,243.50,0.9780,-1,-1,-1
309,25,1298.00,370.00,123.30,385.10,1.0000,-1,-1,-1
310,16,1694.00,527.00,98.90,203.40,1.0000,-1,-1,-1
310,21,1405.00,375.00,167.40,418.90,1.0000,-1,-1,-1
310,22,1160.00,366.00,156.20,380.20,1.0000,-1,-1,-1
310,25,1294.00,369.00,123.60,357.50,0.9990,-1,-1,-1
310,15,1592.00,481.00,99.80,231.70,1.0000,-1,-1,-1
310,13,1511.00,442.00,81.40,241.80,1.0000,-1,-1,-1
310,12,1625.00,405.00,98.40,265.80,0.4200,-1,-1,-1
310,18,1888.00,437.00,36.00,191.80,0.5710,-1,-1,-1
311,22,1171.00,381.00,141.20,385.80,1.0000,-1,-1,-1
311,16,1692.00,525.00,103.40,211.70,1.0000,-1,-1,-1
311,25,1294.00,358.00,130.10,367.20,1.0000,-1,-1,-1
311,15,1589.00,487.00,113.90,222.40,1.0000,-1,-1,-1
311,21,1416.00,369.00,164.20,414.50,1.0000,-1,-1,-1
311,12,1635.00,396.00,92.60,266.40,0.7390,-1,-1,-1
312,22,1170.00,372.00,147.40,381.20,1.0000,-1,-1,-1
312,15,1585.00,474.00,116.70,226.70,1.0000,-1,-1,-1
312,21,1424.00,365.00,162.70,395.70,1.0000,-1,-1,-1
312,16,1685.00,521.00,108.60,205.30,1.0000,-1,-1,-1
312,13,1527.00,434.00,72.60,245.50,1.0000,-1,-1,-1
312,25,1305.00,356.00,111.50,365.30,1.0000,-1,-1,-1
312,12,1635.00,383.00,101.30,249.90,0.9960,-1,-1,-1
313,21,1427.00,378.00,164.40,402.80,1.0000,-1,-1,-1
313,22,1173.00,379.00,141.20,362.30,1.0000,-1,-1,-1
313,25,1304.00,377.00,121.30,357.90,0.9990,-1,-1,-1
313,16,1683.00,524.00,106.00,204.20,1.0000,-1,-1,-1
313,12,1644.00,384.00,86.40,282.90,0.9970,-1,-1,-1
313,15,1577.00,469.00,123.70,237.20,1.0000,-1,-1,-1
314,22,1181.00,380.00,145.10,366.90,1.0000,-1,-1,-1
314,16,1694.00,534.00,97.30,200.60,1.0000,-1,-1,-1
314,21,1416.00,367.00,179.10,417.40,1.0000,-1,-1,-1
314,25,1287.00,367.00,142.90,360.80,1.0000,-1,-1,-1
314,12,1625.00,375.00,117.60,275.80,0.9970,-1,-1,-1
314,15,1591.00,473.00,123.20,249.00,1.0000,-1,-1,-1
315,16,1694.00,525.00,92.90,202.40,1.0000,-1,-1,-1
315,25,1299.00,359.00,127.60,353.80,1.0000,-1,-1,-1
315,21,1430.00,349.00,163.20,411.10,1.0000,-1,-1,-1
315,22,1178.00,387.00,166.90,351.90,1.0000,-1,-1,-1
315,15,1590.00,458.00,102.10,251.90,1.0000,-1,-1,-1
315,12,1651.00,404.00,78.80,268.80,0.9970,-1,-1,-1
315,23,1608.00,383.00,152.10,315.60,0.4280,-1,-1,-1
316,16,1691.00,525.00,98.70,201.30,1.0000,-1,-1,-1
316,21,1426.00,360.00,169.10,414.00,1.0000,-1,-1,-1
316,15,1583.00,468.00,110.60,228.00,1.0000,-1,-1,-1
316,22,1195.00,389.00,155.80,359.30,1.0000,-1,-1,-1
316,25,1310.00,370.00,111.00,348.70,0.9990,-1,-1,-1
316,12,1623.00,393.00,126.00,261.30,0.9980,-1,-1,-1
317,15,1586.00,464.00,108.30,235.10,1.0000,-1,-1,-1
317,25,1302.00,373.00,128.20,355.50,1.0000,-1,-1,-1
317,16,1689.00,517.00,106.10,211.30,1.0000,-1,-1,-1
317,21,1423.00,374.00,170.20,372.20,1.0000,-1,-1,-1
317,22,1184.00,394.00,143.50,353.30,1.0000,-1,-1,-1
317,12,1644.00,389.00,117.00,245.90,0.9990,-1,-1,-1
318,22,1194.00,398.00,152.70,341.80,1.0000,-1,-1,-1
318,16,1696.00,526.00,90.90,206.40,1.0000,-1,-1,-1
318,21,1435.00,366.00,153.70,413.00,1.0000,-1,-1,-1
318,12,1646.00,395.00,115.80,279.10,0.9990,-1,-1,-1
318,25,1294.00,354.00,141.30,363.20,0.9990,-1,-1,-1
318,15,1588.00,474.00,105.10,252.20,1.0000,-1,-1,-1
319,16,1688.00,525.00,100.90,205.60,1.0000,-1,-1,-1
319,15,1586.00,462.00,113.00,254.30,1.0000,-1,-1,-1
319,22,1208.00,380.00,144.90,369.30,1.0000,-1,-1,-1
319,25,1307.00,347.00,135.30,385.20,1.0000,-1,-1,-1
319,21,1425.00,370.00,159.00,398.70,1.0000,-1,-1,-1
319,12,1656.00,404.00,123.70,275.90,0.9990,-1,-1,-1
320,22,1201.00,382.00,150.30,360.90,1.0000,-1,-1,-1
320,21,1437.00,380.00,162.60,396.80,1.0000,-1,-1,-1
320,16,1685.00,523.00,94.90,209.00,1.0000,-1,-1,-1
320,25,1312.00,340.00,135.80,395.30,1.0000,-1,-1,-1
320,15,1587.00,450.00,114.60,275.10,1.0000,-1,-1,-1
320,12,1651.00,404.00,120.20,308.50,0.9990,-1,-1,-1
321,21,1437.00,366.00,161.10,402.60,1.0000,-1,-1,-1
321,25,1317.00,350.00,131.80,376.20,1.0000,-1,-1,-1
321,15,1588.00,446.00,110.50,272.50,1.0000,-1,-1,-1
321,12,1647.00,404.00,123.70,272.00,0.9990,-1,-1,-1
321,16,1676.00,522.00,107.70,204.60,1.0000,-1,-1,-1
321,22,1191.00,386.00,157.90,359.90,0.9990,-1,-1,-1
322,21,1440.00,374.00,157.40,393.90,1.0000,-1,-1,-1
322,25,1326.00,364.00,127.50,365.10,1.0000,-1,-1,-1
322,16,1676.00,530.00,104.20,203.20,1.0000,-1,-1,-1
322,22,1220.00,386.00,148.70,371.20,1.0000,-1,-1,-1
322,12,1668.00,409.00,103.70,260.90,1.0000,-1,-1,-1
322,15,1571.00,440.00,118.40,285.50,1.0000,-1,-1,-1
323,21,1441.00,368.00,164.00,397.20,1.0000,-1,-1,-1
323,25,1325.00,376.00,129.50,343.40,1.0000,-1,-1,-1
323,16,1674.00,529.00,108.80,198.40,1.0000,-1,-1,-1
323,12,1660.00,393.00,117.80,276.40,0.9990,-1,-1,-1
323,22,1230.00,392.00,138.20,339.90,1.0000,-1,-1,-1
323,15,1581.00,439.00,108.50,285.50,1.0000,-1,-1,-1
324,25,1323.00,367.00,130.60,359.80,1.0000,-1,-1,-1
324,21,1434.00,363.00,172.40,400.70,1.0000,-1,-1,-1
324,12,1662.00,390.00,121.90,278.90,1.0000,-1,-1,-1
324,22,1238.00,373.00,140.10,372.70,0.9980,-1,-1,-1
324,15,1575.00,445.00,112.10,277.50,1.0000,-1,-1,-1
324,26,1171.00,395.00,132.10,338.90,1.0000,-1,-1,-1
325,12,1671.00,399.00,112.90,268.00,1.0000,-1,-1,-1
325,21,1444.00,375.00,168.00,385.50,1.0000,-1,-1,-1
325,25,1324.00,366.00,132.60,348.60,1.0000,-1,-1,-1
325,26,1171.00,415.00,120.50,323.60,0.9990,-1,-1,-1
325,22,1219.00,377.00,166.60,365.00,0.9980,-1,-1,-1
325,15,1576.00,435.00,110.80,269.10,0.9990,-1,-1,-1
326,21,1439.00,373.00,167.70,385.50,1.0000,-1,-1,-1
326,16,1668.00,529.00,117.50,198.50,1.0000,-1,-1,-1
326,22,1219.00,383.00,161.30,348.70,0.9980,-1,-1,-1
326,25,1313.00,363.00,137.50,357.30,1.0000,-1,-1,-1
326,26,1162.00,400.00,123.60,318.70,0.9990,-1,-1,-1
326,15,1594.00,447.00,104.90,270.00,0.9990,-1,-1,-1
326,12,1678.00,390.00,124.70,294.10,0.9980,-1,-1,-1
326,18,1903.00,431.00,19.80,205.30,0.4440,-1,-1,-1
327,22,1234.00,371.00,145.60,371.50,0.9990,-1,-1,-1
327,25,1316.00,365.00,143.30,350.70,1.0000,-1,-1,-1
327,16,1672.00,520.00,101.90,202.10,1.0000,-1,-1,-1
327,21,1436.00,376.00,163.50,375.50,1.0000,-1,-1,-1
327,12,1673.00,378.00,115.90,301.40,0.9990,-1,-1,-1
327,15,1590.00,421.00,98.00,281.10,0.9990,-1,-1,-1
327,26,1155.00,403.00,123.30,314.00,0.9990,-1,-1,-1
327,18,1902.00,431.00,20.30,203.50,0.5160,-1,-1,-1
328,16,1673.00,523.00,101.10,210.60,1.0000,-1,-1,-1
328,26,1159.00,398.00,120.00,325.00,1.0000,-1,-1,-1
328,22,1243.00,381.00,138.00,353.40,0.9990,-1,-1,-1
328,15,1591.00,429.00,100.00,283.00,1.0000,-1,-1,-1
328,25,1333.00,375.00,129.00,350.50,0.9990,-1,-1,-1
328,12,1693.00,401.00,106.30,270.00,1.0000,-1,-1,-1
328,21,1458.00,386.00,168.40,378.40,1.0000,-1,-1,-1
328,18,1904.00,435.00,18.20,194.70,0.4120,-1,-1,-1
329,22,1242.00,381.00,145.90,358.80,0.9990,-1,-1,-1
329,21,1458.00,363.00,162.10,397.80,1.0000,-1,-1,-1
329,16,1662.00,528.00,111.50,204.80,0.9990,-1,-1,-1
329,12,1691.00,403.00,105.50,259.90,1.0000,-1,-1,-1
329,25,1341.00,384.00,117.80,328.00,0.9980,-1,-1,-1
329,15,1596.00,415.00,100.80,289.30,1.0000,-1,-1,-1
329,26,1170.00,413.00,124.40,322.40,1.0000,-1,-1,-1
330,22,1250.00,389.00,139.10,351.40,0.9990,-1,-1,-1
330,21,1437.00,373.00,181.40,370.10,1.0000,-1,-1,-1
330,25,1344.00,371.00,131.50,338.40,0.9990,-1,-1,-1
330,26,1148.00,410.00,127.30,317.50,1.0000,-1,-1,-1
330,15,1604.00,411.00,90.50,287.80,1.0000,-1,-1,-1
330,16,1664.00,518.00,123.00,228.60,1.0000,-1,-1,-1
330,12,1712.00,404.00,88.80,248.80,0.9990,-1,-1,-1
331,22,1246.00,385.00,149.70,354.00,0.9970,-1,-1,-1
331,16,1669.00,522.00,101.70,216.10,1.0000,-1,-1,-1
331,21,1438.00,377.00,177.60,366.90,1.0000,-1,-1,-1
331,12,1703.00,398.00,92.50,275.00,1.0000,-1,-1,-1
331,26,1157.00,409.00,110.50,308.00,1.0000,-1,-1,-1
331,25,1321.00,366.00,143.80,347.80,0.9990,-1,-1,-1
331,15,1604.00,407.00,92.40,287.90,1.0000,-1,-1,-1
332,16,1678.00,526.00,89.80,210.70,1.0000,-1,-1,-1
332,21,1456.00,388.00,148.40,363.20,1.0000,-1,-1,-1
332,15,1599.00,402.00,111.50,302.40,1.0000,-1,-1,-1
332,12,1698.00,407.00,97.50,259.50,0.9990,-1,-1,-1
332,22,1277.00,386.00,135.80,356.50,1.0000,-1,-1,-1
332,25,1360.00,378.00,118.20,326.30,1.0000,-1,-1,-1
332,26,1140.00,407.00,156.80,340.10,1.0000,-1,-1,-1
333,25,1353.00,372.00,118.70,340.30,0.9990,-1,-1,-1
333,22,1271.00,385.00,141.80,342.00,1.0000,-1,-1,-1
333,15,1598.00,415.00,112.60,277.10,1.0000,-1,-1,-1
333,16,1670.00,516.00,94.70,224.40,1.0000,-1,-1,-1
333,21,1449.00,384.00,147.40,361.70,1.0000,-1,-1,-1
333,26,1156.00,401.00,142.10,315.90,1.0000,-1,-1,-1
333,12,1718.00,406.00,82.10,255.40,0.9970,-1,-1,-1
334,22,1273.00,391.00,152.20,338.90,1.0000,-1,-1,-1
334,12,1717.00,404.00,84.90,269.80,0.9990,-1,-1,-1
334,26,1152.00,398.00,143.20,311.90,1.0000,-1,-1,-1
334,21,1448.00,386.00,141.10,367.70,1.0000,-1,-1,-1
334,25,1371.00,369.00,103.70,349.10,0.8400,-1,-1,-1
334,16,1685.00,528.00,86.90,201.30,1.0000,-1,-1,-1
334,15,1607.00,395.00,112.90,304.50,0.9990,-1,-1,-1
335,25,1362.00,363.00,117.20,337.70,1.0000,-1,-1,-1
335,26,1146.00,401.00,150.50,322.80,1.0000,-1,-1,-1
335,22,1291.00,378.00,137.00,360.60,0.9990,-1,-1,-1
335,12,1717.00,411.00,99.50,251.00,1.0000,-1,-1,-1
335,16,1683.00,529.00,84.70,208.50,1.0000,-1,-1,-1
335,21,1439.00,366.00,159.70,362.80,1.0000,-1,-1,-1
335,15,1594.00,400.00,114.70,313.50,0.9990,-1,-1,-1
336,12,1719.00,406.00,93.50,259.00,1.0000,-1,-1,-1
336,22,1283.00,378.00,148.10,362.20,1.0000,-1,-1,-1
336,21,1452.00,373.00,144.10,360.60,1.0000,-1,-1,-1
336,26,1139.00,401.00,158.00,318.50,1.0000,-1,-1,-1
336,15,1612.00,412.00,106.40,302.90,0.9990,-1,-1,-1
336,16,1686.00,522.00,84.30,199.90,1.0000,-1,-1,-1
337,12,1724.00,401.00,91.50,269.70,1.0000,-1,-1,-1
337,22,1298.00,377.00,141.50,353.50,1.0000,-1,-1,-1
337,21,1437.00,376.00,161.10,373.20,1.0000,-1,-1,-1
337,16,1685.00,529.00,81.60,205.40,1.0000,-1,-1,-1
337,26,1143.00,401.00,161.30,334.40,1.0000,-1,-1,-1
337,15,1620.00,399.00,115.80,322.00,0.9990,-1,-1,-1
338,22,1291.00,385.00,151.80,349.00,1.0000,-1,-1,-1
338,21,1436.00,382.00,161.40,375.30,1.0000,-1,-1,-1
338,16,1684.00,523.00,95.00,207.20,1.0000,-1,-1,-1
338,12,1729.00,405.00,101.10,260.60,0.9990,-1,-1,-1
338,26,1134.00,399.00,163.40,346.90,1.0000,-1,-1,-1
338,15,1608.00,422.00,117.80,254.20,1.0000,-1,-1,-1
339,12,1733.00,410.00,95.50,258.40,1.0000,-1,-1,-1
339,21,1436.00,391.00,161.50,360.40,1.0000,-1,-1,-1
339,22,1305.00,385.00,131.40,353.20,1.0000,-1,-1,-1
339,16,1689.00,529.00,88.30,206.80,1.0000,-1,-1,-1
339,26,1147.00,379.00,135.70,353.40,1.0000,-1,-1,-1
339,15,1623.00,410.00,123.40,296.60,0.9990,-1,-1,-1
340,21,1443.00,387.00,152.20,343.70,1.0000,-1,-1,-1
340,16,1685.00,520.00,84.50,213.40,1.0000,-1,-1,-1
340,12,1730.00,404.00,106.40,257.50,0.9990,-1,-1,-1
340,26,1154.00,403.00,143.60,318.90,1.0000,-1,-1,-1
340,22,1310.00,389.00,131.60,324.50,1.0000,-1,-1,-1
340,15,1640.00,429.00,115.70,263.70,0.9960,-1,-1,-1
341,27,1584.00,401.00,98.40,304.10,0.9990,-1,-1,-1
341,16,1679.00,526.00,95.20,201.30,1.0000,-1,-1,-1
341,22,1323.00,384.00,130.30,339.20,1.0000,-1,-1,-1
341,21,1437.00,376.00,166.40,374.80,1.0000,-1,-1,-1
341,15,1634.00,405.00,126.00,302.80,0.9990,-1,-1,-1
341,12,1740.00,400.00,92.80,255.50,1.0000,-1,-1,-1
341,26,1133.00,393.00,158.60,356.40,1.0000,-1,-1,-1
342,12,1745.00,409.00,92.00,252.50,1.0000,-1,-1,-1
342,21,1445.00,370.00,146.60,362.60,1.0000,-1,-1,-1
342,26,1139.00,409.00,145.30,330.60,1.0000,-1,-1,-1
342,15,1646.00,418.00,119.00,285.60,0.9980,-1,-1,-1
342,27,1597.00,415.00,90.40,271.10,1.0000,-1,-1,-1
342,16,1673.00,521.00,96.90,205.60,1.0000,-1,-1,-1
342,22,1331.00,397.00,106.60,321.70,1.0000,-1,-1,-1
343,15,1645.00,409.00,117.70,296.40,0.9980,-1,-1,-1
343,16,1677.00,526.00,92.20,202.20,1.0000,-1,-1,-1
343,21,1445.00,378.00,165.10,367.00,1.0000,-1,-1,-1
343,27,1587.00,422.00,104.00,264.50,1.0000,-1,-1,-1
343,12,1743.00,412.00,105.50,267.70,0.9990,-1,-1,-1
343,22,1338.00,389.00,107.50,343.90,1.0000,-1,-1,-1
343,26,1153.00,384.00,155.30,336.90,1.0000,-1,-1,-1
344,27,1593.00,418.00,93.10,269.60,1.0000,-1,-1,-1
344,16,1683.00,517.00,85.40,208.10,1.0000,-1,-1,-1
344,15,1645.00,409.00,128.60,292.40,0.9980,-1,-1,-1
344,22,1329.00,393.00,134.40,337.70,1.0000,-1,-1,-1
344,21,1458.00,368.00,147.50,369.50,1.0000,-1,-1,-1
344,26,1128.00,383.00,161.20,364.40,1.0000,-1,-1,-1
344,12,1754.00,417.00,81.40,241.50,0.9990,-1,-1,-1
345,15,1653.00,415.00,122.30,296.60,0.9950,-1,-1,-1
345,21,1446.00,378.00,152.50,345.50,1.0000,-1,-1,-1
345,26,1149.00,395.00,148.10,352.70,1.0000,-1,-1,-1
345,12,1746.00,406.00,96.80,266.40,1.0000,-1,-1,-1
345,22,1326.00,396.00,131.20,326.40,1.0000,-1,-1,-1
345,16,1673.00,531.00,93.60,203.30,1.0000,-1,-1,-1
345,27,1583.00,434.00,108.90,268.20,0.9990,-1,-1,-1
346,26,1141.00,400.00,154.70,348.30,1.0000,-1,-1,-1
346,16,1681.00,524.00,84.20,197.80,1.0000,-1,-1,-1
346,12,1749.00,397.00,103.80,270.50,1.0000,-1,-1,-1
346,15,1651.00,415.00,133.30,314.60,0.9990,-1,-1,-1
346,22,1333.00,382.00,150.40,339.40,1.0000,-1,-1,-1
346,27,1599.00,438.00,95.10,243.90,1.0000,-1,-1,-1
346,21,1463.00,404.00,144.70,324.60,1.0000,-1,-1,-1
347,22,1344.00,405.00,137.30,324.80,1.0000,-1,-1,-1
347,12,1755.00,410.00,88.50,250.90,0.9990,-1,-1,-1
347,26,1144.00,382.00,133.40,367.50,1.0000,-1,-1,-1
347,27,1599.00,425.00,105.50,254.00,0.9990,-1,-1,-1
347,15,1656.00,407.00,112.00,301.90,1.0000,-1,-1,-1
347,21,1458.00,401.00,159.60,349.20,1.0000,-1,-1,-1
348,21,1460.00,377.00,147.50,360.50,1.0000,-1,-1,-1
348,15,1661.00,403.00,124.00,310.50,1.0000,-1,-1,-1
348,16,1675.00,527.00,97.20,193.40,1.0000,-1,-1,-1
348,22,1339.00,400.00,146.20,339.50,1.0000,-1,-1,-1
348,12,1755.00,410.00,91.10,242.80,0.9990,-1,-1,-1
348,27,1606.00,419.00,96.40,258.80,0.9990,-1,-1,-1
348,26,1140.00,388.00,123.90,340.70,1.0000,-1,-1,-1
349,22,1344.00,388.00,136.90,343.70,1.0000,-1,-1,-1
349,27,1608.00,419.00,98.60,264.30,0.9990,-1,-1,-1
349,15,1659.00,403.00,134.30,295.90,1.0000,-1,-1,-1
349,26,1124.00,393.00,165.30,340.40,1.0000,-1,-1,-1
349,21,1471.00,383.00,149.40,347.60,1.0000,-1,-1,-1
349,12,1773.00,417.00,82.20,229.00,0.9960,-1,-1,-1
350,12,1768.00,410.00,90.60,246.60,1.0000,-1,-1,-1
350,26,1129.00,387.00,155.70,362.90,1.0000,-1,-1,-1
350,22,1355.00,402.00,124.40,328.40,1.0000,-1,-1,-1
350,27,1613.00,416.00,97.40,260.60,0.9990,-1,-1,-1
350,15,1678.00,393.00,119.60,313.80,1.0000,-1,-1,-1
350,21,1476.00,391.00,153.20,319.00,1.0000,-1,-1,-1
351,21,1476.00,390.00,144.50,330.90,1.0000,-1,-1,-1
351,22,1359.00,410.00,122.60,317.30,1.0000,-1,-1,-1
351,26,1127.00,393.00,166.50,336.30,1.0000,-1,-1,-1
351,15,1686.00,394.00,112.90,322.90,1.0000,-1,-1,-1
351,27,1604.00,420.00,100.00,252.30,0.9990,-1,-1,-1
351,12,1755.00,407.00,102.60,241.90,1.0000,-1,-1,-1
352,12,1773.00,413.00,86.30,243.80,1.0000,-1,-1,-1
352,21,1484.00,382.00,133.80,341.70,1.0000,-1,-1,-1
352,15,1675.00,389.00,128.00,326.20,0.9990,-1,-1,-1
352,16,1671.00,529.00,96.40,204.10,1.0000,-1,-1,-1
352,26,1122.00,384.00,157.10,374.70,1.0000,-1,-1,-1
352,22,1372.00,411.00,115.70,309.20,1.0000,-1,-1,-1
352,27,1618.00,414.00,104.40,260.70,0.9990,-1,-1,-1
353,21,1483.00,384.00,140.20,337.20,1.0000,-1,-1,-1
353,15,1687.00,396.00,123.60,317.20,1.0000,-1,-1,-1
353,16,1670.00,525.00,94.80,210.50,1.0000,-1,-1,-1
353,12,1775.00,402.00,84.80,252.50,1.0000,-1,-1,-1
353,26,1120.00,384.00,154.80,378.30,1.0000,-1,-1,-1
353,27,1624.00,427.00,95.60,244.50,0.9990,-1,-1,-1
353,22,1387.00,414.00,121.40,286.20,1.0000,-1,-1,-1
354,21,1487.00,381.00,137.60,340.00,1.0000,-1,-1,-1
354,12,1774.00,415.00,96.50,235.50,0.9990,-1,-1,-1
354,27,1623.00,420.00,104.50,245.70,1.0000,-1,-1,-1
354,22,1365.00,405.00,144.10,314.20,1.0000,-1,-1,-1
354,15,1702.00,393.00,119.10,322.50,1.0000,-1,-1,-1
354,26,1116.00,375.00,146.80,382.70,1.0000,-1,-1,-1
354,16,1665.00,534.00,91.40,194.70,1.0000,-1,-1,-1
355,27,1626.00,433.00,105.70,239.90,1.0000,-1,-1,-1
355,16,1672.00,536.00,84.70,200.30,0.9930,-1,-1,-1
355,15,1709.00,401.00,104.10,306.80,1.0000,-1,-1,-1
355,12,1784.00,413.00,75.20,233.30,0.9970,-1,-1,-1
355,26,1090.00,374.00,173.20,371.70,1.0000,-1,-1,-1
355,21,1507.00,376.00,136.80,345.80,1.0000,-1,-1,-1
355,22,1368.00,392.00,122.60,308.70,1.0000,-1,-1,-1
356,26,1102.00,386.00,167.50,377.90,1.0000,-1,-1,-1
356,16,1670.00,521.00,91.40,218.90,1.0000,-1,-1,-1
356,15,1720.00,395.00,102.80,319.50,1.0000,-1,-1,-1
356,22,1386.00,397.00,125.40,310.50,1.0000,-1,-1,-1
356,12,1790.00,407.00,74.40,244.50,0.9980,-1,-1,-1
356,27,1640.00,435.00,100.10,236.40,0.9990,-1,-1,-1
356,25,1476.00,404.00,135.00,324.50,1.0000,-1,-1,-1
357,12,1788.00,408.00,81.10,244.20,1.0000,-1,-1,-1
357,27,1638.00,435.00,103.00,234.50,1.0000,-1,-1,-1
357,26,1092.00,380.00,171.30,385.50,1.0000,-1,-1,-1
357,22,1384.00,416.00,122.10,308.90,1.0000,-1,-1,-1
357,15,1713.00,399.00,126.70,306.40,0.9990,-1,-1,-1
357,16,1671.00,538.00,96.80,197.60,1.0000,-1,-1,-1
357,21,1509.00,411.00,131.00,311.00,1.0000,-1,-1,-1
358,27,1643.00,431.00,99.20,239.30,1.0000,-1,-1,-1
358,22,1389.00,414.00,126.50,310.30,1.0000,-1,-1,-1
358,12,1792.00,412.00,82.40,237.00,1.0000,-1,-1,-1
358,26,1099.00,370.00,152.90,382.30,1.0000,-1,-1,-1
358,15,1735.00,397.00,99.40,310.30,0.9990,-1,-1,-1
358,21,1488.00,406.00,146.20,307.90,1.0000,-1,-1,-1
358,16,1686.00,529.00,79.60,203.30,1.0000,-1,-1,-1
359,27,1645.00,429.00,98.20,245.60,1.0000,-1,-1,-1
359,22,1394.00,416.00,125.20,304.60,1.0000,-1,-1,-1
359,25,1484.00,393.00,137.20,316.70,1.0000,-1,-1,-1
359,26,1087.00,374.00,182.90,381.60,1.0000,-1,-1,-1
359,15,1732.00,387.00,96.60,328.60,0.9990,-1,-1,-1
359,12,1803.00,410.00,70.90,233.30,1.0000,-1,-1,-1
359,16,1687.00,527.00,90.60,211.30,1.0000,-1,-1,-1
359,21,1565.00,400.00,115.40,284.90,0.7510,-1,-1,-1
360,12,1798.00,405.00,81.20,240.50,0.9980,-1,-1,-1
360,22,1394.00,391.00,132.10,330.10,1.0000,-1,-1,-1
360,25,1491.00,409.00,127.90,326.80,0.9990,-1,-1,-1
360,27,1642.00,427.00,112.00,243.30,1.0000,-1,-1,-1
360,26,1107.00,379.00,148.70,390.30,1.0000,-1,-1,-1
360,21,1546.00,387.00,132.20,294.90,1.0000,-1,-1,-1
360,16,1690.00,531.00,90.90,206.70,1.0000,-1,-1,-1
360,15,1722.00,398.00,97.10,315.00,0.9990,-1,-1,-1
361,12,1800.00,404.00,82.50,251.00,0.9870,-1,-1,-1
361,27,1653.00,433.00,97.70,234.60,1.0000,-1,-1,-1
361,26,1094.00,374.00,177.50,388.50,1.0000,-1,-1,-1
361,15,1722.00,406.00,117.20,310.50,1.0000,-1,-1,-1
361,25,1496.00,401.00,138.80,308.90,1.0000,-1,-1,-1
361,22,1404.00,404.00,140.90,302.60,1.0000,-1,-1,-1
361,16,1699.00,530.00,97.40,212.10,1.0000,-1,-1,-1
361,21,1585.00,405.00,128.90,276.10,0.5670,-1,-1,-1
362,26,1092.00,379.00,169.50,379.80,1.0000,-1,-1,-1
362,27,1660.00,429.00,99.30,233.40,0.9980,-1,-1,-1
362,16,1704.00,529.00,101.60,203.10,1.0000,-1,-1,-1
362,22,1398.00,402.00,122.90,299.30,1.0000,-1,-1,-1
362,25,1511.00,394.00,148.10,313.30,1.0000,-1,-1,-1
362,15,1747.00,401.00,105.50,323.20,0.9990,-1,-1,-1
363,25,1515.00,398.00,142.80,329.50,1.0000,-1,-1,-1
363,26,1089.00,375.00,173.10,400.60,1.0000,-1,-1,-1
363,12,1800.00,410.00,82.80,240.60,1.0000,-1,-1,-1
363,16,1708.00,519.00,100.90,211.80,1.0000,-1,-1,-1
363,22,1415.00,394.00,116.10,313.10,1.0000,-1,-1,-1
363,27,1655.00,424.00,95.80,239.90,1.0000,-1,-1,-1
363,15,1754.00,396.00,99.90,314.40,0.9990,-1,-1,-1
364,27,1658.00,424.00,106.00,236.80,1.0000,-1,-1,-1
364,25,1525.00,408.00,137.80,303.60,1.0000,-1,-1,-1
364,16,1715.00,514.00,95.50,224.80,1.0000,-1,-1,-1
364,26,1110.00,368.00,142.90,397.70,1.0000,-1,-1,-1
364,22,1415.00,392.00,106.70,308.30,1.0000,-1,-1,-1
364,12,1812.00,402.00,87.10,249.10,1.0000,-1,-1,-1
364,15,1730.00,392.00,120.80,325.60,0.9990,-1,-1,-1
365,16,1722.00,523.00,92.70,217.60,1.0000,-1,-1,-1
365,26,1098.00,370.00,161.70,403.00,1.0000,-1,-1,-1
365,25,1527.00,393.00,136.80,319.80,1.0000,-1,-1,-1
365,27,1666.00,413.00,90.70,262.30,1.0000,-1,-1,-1
365,15,1755.00,403.00,116.70,306.10,0.9990,-1,-1,-1
365,22,1425.00,412.00,129.20,287.60,1.0000,-1,-1,-1
366,26,1099.00,364.00,160.70,407.90,1.0000,-1,-1,-1
366,27,1675.00,421.00,88.90,241.70,1.0000,-1,-1,-1
366,22,1432.00,405.00,122.20,305.50,1.0000,-1,-1,-1
366,16,1726.00,513.00,111.60,229.60,1.0000,-1,-1,-1
366,21,1600.00,389.00,125.30,293.50,0.7840,-1,-1,-1
366,25,1515.00,401.00,139.00,305.00,1.0000,-1,-1,-1
366,15,1759.00,373.00,130.30,363.70,0.9990,-1,-1,-1
367,25,1532.00,405.00,136.80,310.70,1.0000,-1,-1,-1
367,26,1096.00,364.00,164.00,408.50,1.0000,-1,-1,-1
367,15,1754.00,396.00,127.40,340.60,1.0000,-1,-1,-1
367,22,1426.00,407.00,133.10,295.00,1.0000,-1,-1,-1
367,27,1671.00,412.00,104.20,246.90,0.9990,-1,-1,-1
367,28,-25.00,234.00,224.80,789.50,0.9910,-1,-1,-1
368,22,1431.00,403.00,129.10,298.10,1.0000,-1,-1,-1
368,27,1671.00,419.00,101.90,244.40,0.9990,-1,-1,-1
368,15,1762.00,404.00,129.60,329.90,1.0000,-1,-1,-1
368,25,1535.00,408.00,142.00,302.00,1.0000,-1,-1,-1
368,26,1089.00,361.00,174.10,398.30,1.0000,-1,-1,-1
368,28,-8.00,244.00,254.90,738.40,1.0000,-1,-1,-1
369,25,1537.00,396.00,146.30,319.30,1.0000,-1,-1,-1
369,27,1669.00,423.00,110.50,239.40,1.0000,-1,-1,-1
369,15,1748.00,396.00,156.50,340.10,1.0000,-1,-1,-1
369,22,1457.00,413.00,110.60,292.30,1.0000,-1,-1,-1
369,26,1074.00,374.00,169.80,396.10,1.0000,-1,-1,-1
369,28,3.00,243.00,280.30,759.10,1.0000,-1,-1,-1
370,26,1084.00,362.00,168.10,410.80,1.0000,-1,-1,-1
370,25,1539.00,382.00,140.80,334.00,1.0000,-1,-1,-1
370,15,1765.00,387.00,132.10,332.60,1.0000,-1,-1,-1
370,27,1684.00,431.00,98.60,226.40,0.9990,-1,-1,-1
370,16,1762.00,518.00,104.40,225.90,1.0000,-1,-1,-1
370,28,11.00,239.00,315.70,750.10,0.9990,-1,-1,-1
370,22,1427.00,405.00,116.80,290.50,1.0000,-1,-1,-1
371,26,1074.00,371.00,174.10,398.40,1.0000,-1,-1,-1
371,15,1771.00,401.00,140.50,326.70,1.0000,-1,-1,-1
371,27,1687.00,418.00,88.30,247.60,1.0000,-1,-1,-1
371,28,2.00,227.00,365.90,762.60,0.9990,-1,-1,-1
371,25,1575.00,388.00,117.00,311.30,1.0000,-1,-1,-1
371,22,1419.00,409.00,108.00,284.50,1.0000,-1,-1,-1
372,15,1770.00,388.00,144.50,331.60,1.0000,-1,-1,-1
372,26,1077.00,349.00,165.90,435.50,1.0000,-1,-1,-1
372,27,1693.00,433.00,88.50,227.20,1.0000,-1,-1,-1
372,28,28.00,244.00,385.70,766.20,1.0000,-1,-1,-1
372,25,1582.00,409.00,129.90,281.30,1.0000,-1,-1,-1
372,22,1446.00,421.00,116.10,272.60,1.0000,-1,-1,-1
373,15,1778.00,392.00,137.60,326.40,1.0000,-1,-1,-1
373,27,1692.00,433.00,89.10,231.00,0.9980,-1,-1,-1
373,25,1586.00,393.00,129.60,312.20,1.0000,-1,-1,-1
373,28,43.00,276.00,386.30,713.60,1.0000,-1,-1,-1
373,26,1068.00,374.00,170.10,407.90,1.0000,-1,-1,-1
373,22,1452.00,400.00,130.30,308.50,1.0000,-1,-1,-1
374,22,1445.00,405.00,121.30,290.10,1.0000,-1,-1,-1
374,15,1783.00,400.00,137.00,341.80,1.0000,-1,-1,-1
374,28,57.00,247.00,412.90,749.80,1.0000,-1,-1,-1
374,27,1690.00,429.00,93.70,229.20,1.0000,-1,-1,-1
374,26,1064.00,358.00,170.10,435.10,1.0000,-1,-1,-1
374,25,1610.00,383.00,113.60,301.20,1.0000,-1,-1,-1
375,28,80.00,246.00,374.90,741.80,1.0000,-1,-1,-1
375,26,1075.00,354.00,169.70,439.80,1.0000,-1,-1,-1
375,27,1702.00,428.00,98.40,237.70,1.0000,-1,-1,-1
375,15,1800.00,381.00,125.70,325.10,0.9990,-1,-1,-1
375,16,1804.00,515.00,105.80,232.60,1.0000,-1,-1,-1
375,22,1471.00,431.00,103.00,266.80,1.0000,-1,-1,-1
375,25,1585.00,388.00,115.90,306.20,1.0000,-1,-1,-1
375,21,1646.00,400.00,116.90,276.00,0.8620,-1,-1,-1
376,22,1463.00,398.00,111.70,297.20,1.0000,-1,-1,-1
376,15,1792.00,371.00,146.50,341.60,0.8920,-1,-1,-1
376,27,1707.00,436.00,82.20,221.40,1.0000,-1,-1,-1
376,16,1807.00,524.00,119.20,213.70,1.0000,-1,-1,-1
376,28,66.00,283.00,405.00,678.00,0.9990,-1,-1,-1
376,26,1053.00,361.00,164.40,433.70,1.0000,-1,-1,-1
376,25,1579.00,406.00,130.80,290.30,1.0000,-1,-1,-1
377,15,1799.00,377.00,143.20,352.80,0.9960,-1,-1,-1
377,16,1821.00,529.00,103.80,216.00,1.0000,-1,-1,-1
377,26,1053.00,361.00,166.30,426.70,1.0000,-1,-1,-1
377,22,1466.00,422.00,108.60,285.30,1.0000,-1,-1,-1
377,27,1712.00,437.00,89.50,219.50,0.9980,-1,-1,-1
377,28,150.00,262.00,341.30,695.80,1.0000,-1,-1,-1
377,25,1615.00,388.00,124.50,305.30,1.0000,-1,-1,-1
378,16,1828.00,520.00,105.20,224.60,0.9990,-1,-1,-1
378,26,1051.00,352.00,172.30,436.20,1.0000,-1,-1,-1
378,27,1710.00,419.00,94.20,241.50,0.9990,-1,-1,-1
378,22,1464.00,407.00,122.20,281.20,1.0000,-1,-1,-1
378,25,1593.00,394.00,133.00,295.00,1.0000,-1,-1,-1
378,15,1792.00,373.00,149.20,331.60,0.9940,-1,-1,-1
378,28,179.00,263.00,296.20,683.10,1.0000,-1,-1,-1
379,27,1718.00,428.00,89.50,236.10,0.9990,-1,-1,-1
379,16,1836.00,516.00,100.40,225.60,0.9970,-1,-1,-1
379,15,1812.00,389.00,135.40,324.60,0.9960,-1,-1,-1
379,25,1604.00,387.00,140.50,302.50,1.0000,-1,-1,-1
379,26,1040.00,347.00,187.30,446.10,1.0000,-1,-1,-1
379,28,206.00,284.00,281.50,662.00,1.0000,-1,-1,-1
379,22,1477.00,404.00,113.00,271.90,1.0000,-1,-1,-1
380,26,1047.00,351.00,171.90,454.10,1.0000,-1,-1,-1
380,25,1608.00,402.00,132.50,286.60,1.0000,-1,-1,-1
380,15,1813.00,374.00,144.00,367.20,0.9750,-1,-1,-1
380,28,267.00,281.00,242.90,673.80,1.0000,-1,-1,-1
380,29,1780.00,445.00,63.50,201.50,0.9990,-1,-1,-1
380,22,1462.00,395.00,118.00,293.10,1.0000,-1,-1,-1
380,27,1711.00,437.00,86.30,217.00,1.0000,-1,-1,-1
381,26,1045.00,355.00,165.60,447.40,1.0000,-1,-1,-1
381,22,1483.00,416.00,104.70,277.80,1.0000,-1,-1,-1
381,25,1622.00,384.00,133.00,304.30,1.0000,-1,-1,-1
381,29,1779.00,455.00,61.60,186.00,0.9980,-1,-1,-1
381,28,308.00,275.00,209.00,672.30,1.0000,-1,-1,-1
381,27,1708.00,432.00,89.20,228.10,1.0000,-1,-1,-1
381,15,1827.00,392.00,91.20,315.30,0.9620,-1,-1,-1
382,22,1478.00,410.00,116.10,273.60,1.0000,-1,-1,-1
382,28,330.00,267.00,209.50,673.90,0.9990,-1,-1,-1
382,25,1620.00,391.00,126.40,302.80,1.0000,-1,-1,-1
382,15,1825.00,373.00,133.00,336.30,0.9650,-1,-1,-1
382,27,1729.00,431.00,76.80,217.00,0.9990,-1,-1,-1
382,26,1017.00,351.00,180.10,439.00,1.0000,-1,-1,-1
382,29,1786.00,451.00,67.00,193.80,0.9980,-1,-1,-1
383,22,1485.00,417.00,108.20,276.90,0.9990,-1,-1,-1
383,27,1720.00,434.00,80.90,226.90,1.0000,-1,-1,-1
383,26,1019.00,337.00,190.60,470.00,1.0000,-1,-1,-1
383,28,329.00,260.00,217.70,661.60,1.0000,-1,-1,-1
383,29,1792.00,455.00,64.10,192.60,0.9980,-1,-1,-1
383,25,1609.00,408.00,129.20,284.50,1.0000,-1,-1,-1
383,15,1855.00,370.00,89.60,363.70,0.9720,-1,-1,-1
384,15,1845.00,354.00,108.10,384.90,0.9120,-1,-1,-1
384,29,1789.00,449.00,65.30,203.10,0.9990,-1,-1,-1
384,27,1717.00,430.00,87.10,219.90,0.9980,-1,-1,-1
384,26,1016.00,336.00,199.80,472.40,1.0000,-1,-1,-1
384,28,339.00,290.00,236.10,617.20,1.0000,-1,-1,-1
384,25,1610.00,410.00,131.90,282.60,1.0000,-1,-1,-1
384,22,1505.00,412.00,99.80,282.80,1.0000,-1,-1,-1
385,27,1719.00,434.00,89.70,222.20,0.9990,-1,-1,-1
385,15,1853.00,365.00,102.50,366.40,0.8060,-1,-1,-1
385,26,1017.00,331.00,172.50,484.90,1.0000,-1,-1,-1
385,29,1787.00,453.00,74.00,193.40,1.0000,-1,-1,-1
385,22,1480.00,409.00,126.30,282.70,1.0000,-1,-1,-1
385,25,1627.00,376.00,124.40,311.70,1.0000,-1,-1,-1
385,28,368.00,271.00,251.40,626.20,1.0000,-1,-1,-1
386,15,1852.00,370.00,102.80,370.60,0.5460,-1,-1,-1
386,28,393.00,276.00,255.60,637.50,1.0000,-1,-1,-1
386,26,1009.00,332.00,209.90,485.30,1.0000,-1,-1,-1
386,29,1796.00,441.00,69.80,202.40,1.0000,-1,-1,-1
386,25,1636.00,383.00,124.20,311.70,1.0000,-1,-1,-1
386,27,1734.00,438.00,79.00,213.90,0.9980,-1,-1,-1
386,22,1481.00,411.00,116.50,258.10,1.0000,-1,-1,-1
387,28,406.00,292.00,252.40,630.60,1.0000,-1,-1,-1
387,26,1001.00,332.00,202.10,492.20,1.0000,-1,-1,-1
387,25,1636.00,389.00,131.50,304.60,1.0000,-1,-1,-1
387,22,1492.00,416.00,122.30,276.00,1.0000,-1,-1,-1
387,29,1796.00,447.00,62.80,193.80,0.9980,-1,-1,-1
387,15,1843.00,368.00,122.40,351.20,0.5520,-1,-1,-1
387,27,1740.00,445.00,69.30,203.50,0.9980,-1,-1,-1
388,22,1500.00,413.00,106.40,272.90,1.0000,-1,-1,-1
388,27,1734.00,437.00,75.70,207.80,0.9980,-1,-1,-1
388,29,1798.00,461.00,66.40,180.30,0.9980,-1,-1,-1
388,26,993.00,318.00,198.50,502.30,1.0000,-1,-1,-1
388,25,1639.00,411.00,122.60,272.00,1.0000,-1,-1,-1
388,28,388.00,291.00,285.40,604.50,1.0000,-1,-1,-1
389,26,1004.00,329.00,185.90,504.90,1.0000,-1,-1,-1
389,28,398.00,303.00,292.80,610.40,1.0000,-1,-1,-1
389,29,1805.00,453.00,58.10,189.00,1.0000,-1,-1,-1
389,22,1508.00,415.00,95.70,279.10,1.0000,-1,-1,-1
389,25,1660.00,390.00,131.60,291.00,1.0000,-1,-1,-1
390,30,1159.00,458.00,68.80,189.10,1.0000,-1,-1,-1
390,28,429.00,303.00,256.50,612.10,1.0000,-1,-1,-1
390,25,1645.00,395.00,126.50,298.70,1.0000,-1,-1,-1
390,22,1512.00,410.00,107.50,274.20,1.0000,-1,-1,-1
390,26,972.00,334.00,204.80,487.70,1.0000,-1,-1,-1
390,29,1807.00,454.00,56.30,186.10,0.9990,-1,-1,-1
390,27,1749.00,440.00,74.70,207.20,0.9980,-1,-1,-1
391,27,1742.00,439.00,83.20,213.50,0.9910,-1,-1,-1
391,22,1507.00,410.00,105.20,276.60,1.0000,-1,-1,-1
391,29,1804.00,455.00,63.90,190.10,1.0000,-1,-1,-1
391,25,1658.00,400.00,119.70,301.20,1.0000,-1,-1,-1
391,26,961.00,334.00,225.70,483.00,1.0000,-1,-1,-1
391,28,461.00,306.00,243.90,593.50,1.0000,-1,-1,-1
391,30,1169.00,462.00,64.70,188.00,1.0000,-1,-1,-1
392,26,974.00,331.00,201.40,498.40,1.0000,-1,-1,-1
392,27,1739.00,429.00,87.80,225.90,0.9910,-1,-1,-1
392,29,1801.00,456.00,65.10,181.40,0.9990,-1,-1,-1
392,22,1520.00,405.00,108.90,274.40,1.0000,-1,-1,-1
392,30,1175.00,457.00,60.00,197.00,1.0000,-1,-1,-1
392,28,490.00,308.00,209.30,549.20,1.0000,-1,-1,-1
392,25,1646.00,424.00,122.80,264.00,1.0000,-1,-1,-1
393,28,499.00,301.00,217.60,563.20,1.0000,-1,-1,-1
393,29,1807.00,453.00,64.70,186.70,0.9990,-1,-1,-1
393,26,947.00,323.00,233.20,504.20,1.0000,-1,-1,-1
393,22,1530.00,399.00,108.00,275.40,1.0000,-1,-1,-1
393,25,1670.00,413.00,134.60,282.50,1.0000,-1,-1,-1
393,30,1176.00,449.00,71.40,192.50,1.0000,-1,-1,-1
394,26,960.00,333.00,214.20,502.80,1.0000,-1,-1,-1
394,22,1528.00,392.00,107.50,294.10,1.0000,-1,-1,-1
394,30,1182.00,453.00,59.80,193.60,1.0000,-1,-1,-1
394,29,1810.00,450.00,66.40,186.70,0.9990,-1,-1,-1
394,25,1655.00,402.00,130.20,290.00,1.0000,-1,-1,-1
394,28,535.00,312.00,188.00,548.90,1.0000,-1,-1,-1
394,27,1751.00,419.00,70.30,246.80,0.6740,-1,-1,-1
395,28,542.00,297.00,195.50,571.50,1.0000,-1,-1,-1
395,22,1523.00,400.00,116.30,284.00,1.0000,-1,-1,-1
395,30,1184.00,463.00,62.40,187.40,1.0000,-1,-1,-1
395,26,952.00,329.00,189.80,505.50,1.0000,-1,-1,-1
395,25,1674.00,411.00,113.70,269.80,1.0000,-1,-1,-1
395,27,1757.00,429.00,67.40,223.90,0.9310,-1,-1,-1
395,29,1819.00,449.00,63.00,193.50,1.0000,-1,-1,-1
396,29,1816.00,454.00,63.30,178.70,1.0000,-1,-1,-1
396,22,1536.00,400.00,108.80,274.30,1.0000,-1,-1,-1
396,26,929.00,318.00,214.40,513.00,1.0000,-1,-1,-1
396,28,571.00,308.00,196.00,545.40,1.0000,-1,-1,-1
396,30,1193.00,452.00,59.80,197.30,1.0000,-1,-1,-1
396,25,1680.00,387.00,128.90,294.00,1.0000,-1,-1,-1
397,28,578.00,299.00,199.90,547.90,1.0000,-1,-1,-1
397,26,925.00,315.00,215.60,524.30,1.0000,-1,-1,-1
397,25,1681.00,403.00,127.90,272.90,1.0000,-1,-1,-1
397,29,1821.00,455.00,60.80,178.90,1.0000,-1,-1,-1
397,22,1542.00,419.00,105.60,256.80,1.0000,-1,-1,-1
397,30,1195.00,463.00,65.40,183.90,1.0000,-1,-1,-1
398,29,1815.00,451.00,69.20,187.40,0.9990,-1,-1,-1
398,26,929.00,312.00,214.60,536.60,1.0000,-1,-1,-1
398,28,587.00,325.00,214.60,542.70,1.0000,-1,-1,-1
398,22,1552.00,408.00,97.10,257.00,1.0000,-1,-1,-1
398,30,1194.00,455.00,60.90,186.30,1.0000,-1,-1,-1
398,25,1668.00,419.00,129.40,281.50,1.0000,-1,-1,-1
399,29,1820.00,453.00,65.00,181.00,0.9990,-1,-1,-1
399,26,910.00,307.00,226.00,544.00,1.0000,-1,-1,-1
399,30,1196.00,464.00,68.50,190.00,1.0000,-1,-1,-1
399,25,1692.00,412.00,119.20,282.40,1.0000,-1,-1,-1
399,28,587.00,324.00,238.30,551.50,1.0000,-1,-1,-1
399,22,1562.00,399.00,104.60,270.70,1.0000,-1,-1,-1
400,29,1824.00,450.00,63.10,184.50,1.0000,-1,-1,-1
400,28,607.00,321.00,236.10,547.20,1.0000,-1,-1,-1
400,30,1203.00,462.00,63.00,192.90,1.0000,-1,-1,-1
400,26,915.00,328.00,205.50,510.10,1.0000,-1,-1,-1
400,25,1681.00,399.00,126.60,279.60,1.0000,-1,-1,-1
400,22,1542.00,400.00,102.80,272.10,1.0000,-1,-1,-1
401,26,910.00,337.00,213.30,506.80,1.0000,-1,-1,-1
401,29,1829.00,449.00,63.20,192.60,1.0000,-1,-1,-1
401,28,613.00,311.00,227.20,536.90,1.0000,-1,-1,-1
401,22,1549.00,422.00,103.40,249.80,1.0000,-1,-1,-1
401,30,1210.00,462.00,70.30,183.70,1.0000,-1,-1,-1
401,25,1718.00,391.00,127.40,279.10,1.0000,-1,-1,-1
402,25,1710.00,403.00,112.90,278.50,1.0000,-1,-1,-1
402,26,886.00,321.00,238.40,531.00,1.0000,-1,-1,-1
402,28,608.00,328.00,253.60,524.10,1.0000,-1,-1,-1
402,29,1827.00,454.00,60.30,184.90,0.9990,-1,-1,-1
402,30,1209.00,452.00,64.10,191.50,1.0000,-1,-1,-1
402,22,1550.00,399.00,124.20,285.00,1.0000,-1,-1,-1
403,29,1831.00,456.00,65.40,183.10,1.0000,-1,-1,-1
403,30,1215.00,457.00,69.60,191.40,1.0000,-1,-1,-1
403,28,618.00,330.00,245.70,496.10,1.0000,-1,-1,-1
403,26,864.00,320.00,247.10,529.50,1.0000,-1,-1,-1
403,22,1563.00,421.00,99.30,249.00,1.0000,-1,-1,-1
403,25,1730.00,402.00,111.60,263.40,1.0000,-1,-1,-1
404,28,640.00,329.00,229.70,525.70,1.0000,-1,-1,-1
404,26,866.00,326.00,237.40,526.20,1.0000,-1,-1,-1
404,22,1563.00,417.00,109.80,260.90,1.0000,-1,-1,-1
404,25,1719.00,412.00,135.90,258.10,1.0000,-1,-1,-1
404,30,1221.00,459.00,57.20,182.90,1.0000,-1,-1,-1
404,29,1829.00,454.00,61.50,177.70,1.0000,-1,-1,-1
405,26,864.00,315.00,213.20,536.30,1.0000,-1,-1,-1
405,28,660.00,335.00,218.80,487.90,1.0000,-1,-1,-1
405,30,1219.00,452.00,60.40,192.30,1.0000,-1,-1,-1
405,25,1737.00,394.00,122.60,270.90,1.0000,-1,-1,-1
405,29,1839.00,448.00,62.30,181.40,1.0000,-1,-1,-1
405,22,1582.00,424.00,92.80,247.00,1.0000,-1,-1,-1
406,25,1735.00,411.00,118.00,260.90,1.0000,-1,-1,-1
406,30,1228.00,457.00,59.50,195.60,1.0000,-1,-1,-1
406,29,1837.00,456.00,59.30,170.30,0.9990,-1,-1,-1
406,26,831.00,314.00,246.40,541.20,1.0000,-1,-1,-1
406,22,1592.00,407.00,85.00,265.10,1.0000,-1,-1,-1
406,28,706.00,331.00,171.70,489.10,1.0000,-1,-1,-1
407,29,1840.00,457.00,59.80,171.60,0.9990,-1,-1,-1
407,26,829.00,292.00,242.70,574.90,1.0000,-1,-1,-1
407,22,1584.00,398.00,97.60,269.10,1.0000,-1,-1,-1
407,28,723.00,306.00,161.00,528.50,1.0000,-1,-1,-1
407,30,1231.00,454.00,68.60,196.90,1.0000,-1,-1,-1
407,25,1756.00,385.00,111.80,255.00,0.9980,-1,-1,-1
408,26,834.00,295.00,224.70,574.10,1.0000,-1,-1,-1
408,30,1235.00,449.00,66.40,198.00,1.0000,-1,-1,-1
408,22,1594.00,421.00,94.60,245.80,1.0000,-1,-1,-1
408,29,1837.00,452.00,70.50,185.00,1.0000,-1,-1,-1
408,28,751.00,325.00,136.40,508.90,0.9990,-1,-1,-1
408,27,1795.00,424.00,78.20,226.30,0.7590,-1,-1,-1
409,28,757.00,321.00,144.70,501.70,0.9990,-1,-1,-1
409,22,1590.00,413.00,101.30,253.90,1.0000,-1,-1,-1
409,26,831.00,314.00,229.60,543.10,1.0000,-1,-1,-1
409,30,1236.00,457.00,62.20,184.90,1.0000,-1,-1,-1
409,29,1836.00,447.00,74.10,192.00,0.9990,-1,-1,-1
409,25,1745.00,401.00,124.50,258.10,1.0000,-1,-1,-1
410,26,808.00,295.00,246.10,569.20,1.0000,-1,-1,-1
410,29,1841.00,444.00,66.10,186.40,0.9990,-1,-1,-1
410,22,1605.00,412.00,93.50,256.70,1.0000,-1,-1,-1
410,30,1241.00,449.00,69.80,207.80,1.0000,-1,-1,-1
410,25,1728.00,391.00,128.10,279.10,1.0000,-1,-1,-1
411,29,1845.00,451.00,67.40,176.00,0.9940,-1,-1,-1
411,30,1245.00,453.00,62.40,189.90,1.0000,-1,-1,-1
411,26,792.00,283.00,240.40,582.50,1.0000,-1,-1,-1
411,22,1605.00,428.00,90.40,251.20,1.0000,-1,-1,-1
411,25,1761.00,407.00,112.90,255.40,1.0000,-1,-1,-1
412,26,790.00,297.00,250.90,602.40,1.0000,-1,-1,-1
412,30,1252.00,450.00,59.50,192.20,1.0000,-1,-1,-1
412,22,1603.00,404.00,100.20,258.10,1.0000,-1,-1,-1
412,29,1845.00,445.00,61.60,195.30,1.0000,-1,-1,-1
412,25,1739.00,405.00,122.90,269.60,1.0000,-1,-1,-1
413,30,1255.00,452.00,61.50,191.10,1.0000,-1,-1,-1
413,22,1610.00,412.00,102.40,254.30,1.0000,-1,-1,-1
413,26,791.00,306.00,217.40,571.30,1.0000,-1,-1,-1
413,29,1854.00,447.00,65.40,184.80,0.9690,-1,-1,-1
413,25,1756.00,381.00,129.50,273.90,0.9990,-1,-1,-1
414,26,786.00,306.00,236.60,573.10,1.0000,-1,-1,-1
414,30,1261.00,457.00,60.40,189.50,1.0000,-1,-1,-1
414,22,1619.00,400.00,107.40,277.90,1.0000,-1,-1,-1
414,25,1776.00,405.00,130.00,262.60,0.9990,-1,-1,-1
415,26,780.00,301.00,215.50,581.30,1.0000,-1,-1,-1
415,30,1265.00,460.00,59.60,184.70,1.0000,-1,-1,-1
415,22,1611.00,418.00,106.50,253.80,1.0000,-1,-1,-1
415,29,1848.00,449.00,66.90,184.50,0.9990,-1,-1,-1
415,31,1734.00,400.00,112.80,266.60,0.9990,-1,-1,-1
416,29,1854.00,450.00,67.90,177.00,0.9990,-1,-1,-1
416,26,756.00,302.00,244.60,577.80,1.0000,-1,-1,-1
416,22,1618.00,421.00,108.30,247.10,1.0000,-1,-1,-1
416,30,1269.00,461.00,56.70,181.40,0.9990,-1,-1,-1
416,25,1769.00,394.00,118.60,263.40,0.9990,-1,-1,-1
417,26,754.00,292.00,234.50,616.80,1.0000,-1,-1,-1
417,30,1274.00,458.00,55.70,186.50,1.0000,-1,-1,-1
417,22,1619.00,411.00,120.60,259.70,1.0000,-1,-1,-1
417,31,1725.00,417.00,112.60,245.90,0.9990,-1,-1,-1
417,25,1797.00,403.00,115.50,261.90,1.0000,-1,-1,-1
418,30,1275.00,460.00,63.60,183.70,1.0000,-1,-1,-1
418,25,1783.00,409.00,125.50,243.40,1.0000,-1,-1,-1
418,31,1725.00,418.00,114.90,241.80,0.9880,-1,-1,-1
418,26,723.00,280.00,260.00,618.50,1.0000,-1,-1,-1
418,22,1635.00,417.00,103.60,239.80,1.0000,-1,-1,-1
419,30,1283.00,457.00,56.50,184.80,1.0000,-1,-1,-1
419,26,735.00,265.00,253.20,637.50,1.0000,-1,-1,-1
419,22,1627.00,414.00,117.70,264.20,1.0000,-1,-1,-1
419,25,1798.00,386.00,101.40,256.90,1.0000,-1,-1,-1
419,31,1748.00,422.00,107.50,256.00,1.0000,-1,-1,-1
419,29,1883.00,441.00,32.60,208.50,0.4700,-1,-1,-1
420,26,713.00,281.00,259.80,613.70,1.0000,-1,-1,-1
420,25,1793.00,402.00,116.70,253.10,1.0000,-1,-1,-1
420,30,1284.00,447.00,59.00,204.80,1.0000,-1,-1,-1
420,31,1737.00,416.00,107.70,248.20,0.9990,-1,-1,-1
420,28,884.00,338.00,154.00,466.80,1.0000,-1,-1,-1
420,22,1652.00,424.00,107.40,256.90,1.0000,-1,-1,-1
421,30,1290.00,452.00,59.70,196.30,1.0000,-1,-1,-1
421,25,1794.00,387.00,123.10,284.70,1.0000,-1,-1,-1
421,31,1745.00,400.00,94.60,268.90,0.7230,-1,-1,-1
421,26,700.00,261.00,244.80,660.70,1.0000,-1,-1,-1
421,28,898.00,337.00,145.60,458.10,1.0000,-1,-1,-1
421,22,1636.00,422.00,100.50,235.10,1.0000,-1,-1,-1
422,30,1291.00,457.00,60.20,196.50,1.0000,-1,-1,-1
422,22,1647.00,426.00,101.10,239.20,1.0000,-1,-1,-1
422,26,689.00,273.00,234.80,651.60,1.0000,-1,-1,-1
422,28,908.00,330.00,133.40,453.40,1.0000,-1,-1,-1
422,29,1875.00,456.00,50.20,178.30,0.7180,-1,-1,-1
422,25,1774.00,401.00,119.90,268.90,1.0000,-1,-1,-1
423,26,671.00,272.00,259.90,651.70,1.0000,-1,-1,-1
423,28,896.00,321.00,163.10,477.90,1.0000,-1,-1,-1
423,30,1298.00,451.00,54.00,206.40,1.0000,-1,-1,-1
423,22,1665.00,425.00,90.50,233.10,1.0000,-1,-1,-1
423,31,1762.00,408.00,109.30,255.90,1.0000,-1,-1,-1
423,27,1846.00,425.00,62.80,218.50,0.5110,-1,-1,-1
424,22,1652.00,410.00,109.40,258.80,1.0000,-1,-1,-1
424,26,642.00,286.00,296.70,655.50,1.0000,-1,-1,-1
424,31,1767.00,412.00,106.30,254.30,1.0000,-1,-1,-1
424,30,1290.00,458.00,71.80,181.00,1.0000,-1,-1,-1
424,28,931.00,353.00,151.40,432.20,1.0000,-1,-1,-1
424,25,1816.00,395.00,109.70,257.10,0.9960,-1,-1,-1
425,22,1665.00,417.00,101.70,260.60,1.0000,-1,-1,-1
425,26,647.00,263.00,291.30,651.40,1.0000,-1,-1,-1
425,30,1304.00,447.00,60.10,196.50,1.0000,-1,-1,-1
425,31,1772.00,416.00,108.90,243.30,1.0000,-1,-1,-1
425,28,923.00,336.00,190.00,446.20,1.0000,-1,-1,-1
426,26,643.00,284.00,262.40,639.70,1.0000,-1,-1,-1
426,28,934.00,360.00,170.80,418.30,1.0000,-1,-1,-1
426,30,1303.00,445.00,66.00,211.00,1.0000,-1,-1,-1
426,25,1815.00,390.00,109.70,261.90,0.9990,-1,-1,-1
426,31,1762.00,414.00,109.70,261.00,0.9990,-1,-1,-1
426,22,1661.00,421.00,88.00,228.00,1.0000,-1,-1,-1
427,25,1807.00,391.00,120.20,263.40,1.0000,-1,-1,-1
427,28,933.00,341.00,182.00,459.30,1.0000,-1,-1,-1
427,30,1308.00,442.00,62.80,197.90,1.0000,-1,-1,-1
427,32,1145.00,474.00,60.20,172.90,0.9980,-1,-1,-1
427,26,630.00,255.00,264.40,707.50,1.0000,-1,-1,-1
427,22,1668.00,412.00,108.80,251.30,1.0000,-1,-1,-1
427,31,1753.00,423.00,102.90,220.90,0.7760,-1,-1,-1
428,22,1670.00,413.00,101.10,246.80,1.0000,-1,-1,-1
428,28,940.00,345.00,183.70,434.30,1.0000,-1,-1,-1
428,26,606.00,279.00,283.20,673.60,1.0000,-1,-1,-1
428,32,1145.00,465.00,65.40,177.50,0.9980,-1,-1,-1
428,30,1316.00,458.00,64.90,193.00,1.0000,-1,-1,-1
428,31,1773.00,424.00,109.00,243.90,0.9990,-1,-1,-1
428,25,1824.00,406.00,91.30,234.20,1.0000,-1,-1,-1
429,30,1318.00,449.00,62.20,200.30,1.0000,-1,-1,-1
429,26,606.00,263.00,253.70,667.30,1.0000,-1,-1,-1
429,28,935.00,343.00,190.90,439.70,1.0000,-1,-1,-1
429,31,1777.00,424.00,109.50,232.20,1.0000,-1,-1,-1
429,25,1833.00,393.00,95.20,248.60,0.9980,-1,-1,-1
429,22,1663.00,423.00,106.30,233.10,1.0000,-1,-1,-1
429,32,1155.00,477.00,62.60,162.10,0.9990,-1,-1,-1
430,26,578.00,249.00,275.20,691.30,1.0000,-1,-1,-1
430,30,1329.00,453.00,60.70,192.00,1.0000,-1,-1,-1
430,28,972.00,367.00,152.70,407.80,1.0000,-1,-1,-1
430,32,1162.00,472.00,68.00,171.60,0.9990,-1,-1,-1
430,22,1654.00,411.00,98.60,249.40,1.0000,-1,-1,-1
430,31,1789.00,416.00,127.30,235.20,0.9990,-1,-1,-1
431,30,1328.00,452.00,66.60,192.30,1.0000,-1,-1,-1
431,26,554.00,259.00,288.70,690.70,1.0000,-1,-1,-1
431,32,1160.00,470.00,65.50,168.60,1.0000,-1,-1,-1
431,31,1775.00,421.00,131.10,243.50,1.0000,-1,-1,-1
431,28,989.00,364.00,141.00,415.10,1.0000,-1,-1,-1
431,22,1649.00,416.00,90.80,235.40,0.8300,-1,-1,-1
432,26,545.00,261.00,291.30,703.50,1.0000,-1,-1,-1
432,31,1786.00,432.00,122.30,235.80,1.0000,-1,-1,-1
432,28,999.00,365.00,144.60,408.40,1.0000,-1,-1,-1
432,32,1170.00,472.00,66.20,168.40,0.9990,-1,-1,-1
432,30,1329.00,453.00,63.10,189.70,1.0000,-1,-1,-1
433,26,540.00,228.00,264.80,716.10,1.0000,-1,-1,-1
433,31,1790.00,399.00,122.40,268.70,0.9990,-1,-1,-1
433,30,1334.00,456.00,60.20,199.00,1.0000,-1,-1,-1
433,32,1165.00,467.00,67.50,172.80,1.0000,-1,-1,-1
433,28,1016.00,371.00,145.70,403.40,1.0000,-1,-1,-1
433,33,1682.00,417.00,97.80,253.30,1.0000,-1,-1,-1
434,31,1796.00,425.00,119.10,245.40,1.0000,-1,-1,-1
434,33,1685.00,420.00,98.10,249.40,1.0000,-1,-1,-1
434,32,1173.00,472.00,67.50,167.40,1.0000,-1,-1,-1
434,26,525.00,256.00,262.20,711.20,1.0000,-1,-1,-1
434,30,1335.00,455.00,62.00,190.40,1.0000,-1,-1,-1
434,28,1019.00,346.00,129.30,413.40,1.0000,-1,-1,-1
435,31,1801.00,422.00,114.70,250.20,1.0000,-1,-1,-1
435,26,509.00,232.00,279.30,740.20,1.0000,-1,-1,-1
435,30,1338.00,441.00,68.30,210.50,1.0000,-1,-1,-1
435,33,1683.00,419.00,88.20,240.30,1.0000,-1,-1,-1
435,32,1184.00,470.00,60.90,169.10,0.9980,-1,-1,-1
435,28,1044.00,377.00,128.00,391.90,1.0000,-1,-1,-1
436,26,494.00,253.00,276.20,708.80,1.0000,-1,-1,-1
436,28,1034.00,352.00,146.70,414.30,1.0000,-1,-1,-1
436,32,1186.00,477.00,65.60,165.40,0.9990,-1,-1,-1
436,30,1346.00,442.00,59.10,201.70,0.9990,-1,-1,-1
436,31,1812.00,407.00,104.10,246.00,1.0000,-1,-1,-1
436,34,1751.00,428.00,112.50,218.50,0.9800,-1,-1,-1
436,33,1704.00,423.00,99.90,235.30,1.0000,-1,-1,-1
437,26,488.00,242.00,289.50,715.30,1.0000,-1,-1,-1
437,28,1054.00,363.00,124.90,409.60,1.0000,-1,-1,-1
437,30,1350.00,443.00,65.00,205.20,1.0000,-1,-1,-1
437,31,1816.00,408.00,100.30,250.30,1.0000,-1,-1,-1
437,33,1684.00,424.00,100.20,233.30,1.0000,-1,-1,-1
437,32,1199.00,474.00,59.00,168.90,0.9980,-1,-1,-1
437,34,1766.00,411.00,92.30,230.90,0.9970,-1,-1,-1
438,30,1348.00,451.00,72.00,203.90,1.0000,-1,-1,-1
438,28,1060.00,385.00,126.70,361.50,1.0000,-1,-1,-1
438,33,1681.00,406.00,100.10,245.10,1.0000,-1,-1,-1
438,26,440.00,229.00,346.70,750.70,1.0000,-1,-1,-1
438,31,1806.00,409.00,110.20,269.10,1.0000,-1,-1,-1
438,32,1195.00,469.00,57.50,184.70,1.0000,-1,-1,-1
438,34,1747.00,420.00,82.40,229.50,0.8910,-1,-1,-1
439,28,1067.00,363.00,131.50,384.30,1.0000,-1,-1,-1
439,26,456.00,249.00,306.70,705.40,1.0000,-1,-1,-1
439,31,1813.00,417.00,107.30,261.80,1.0000,-1,-1,-1
439,32,1197.00,473.00,62.40,166.90,1.0000,-1,-1,-1
439,30,1360.00,447.00,61.70,210.80,0.9990,-1,-1,-1
439,22,1666.00,418.00,87.00,225.10,0.7780,-1,-1,-1
439,34,1721.00,426.00,96.50,226.80,1.0000,-1,-1,-1
440,30,1361.00,448.00,64.20,193.50,0.9990,-1,-1,-1
440,28,1067.00,362.00,141.60,405.10,1.0000,-1,-1,-1
440,34,1721.00,413.00,86.40,243.80,0.9990,-1,-1,-1
440,26,427.00,244.00,315.60,745.60,1.0000,-1,-1,-1
440,32,1202.00,466.00,69.70,182.10,0.9980,-1,-1,-1
440,31,1824.00,425.00,84.10,228.00,1.0000,-1,-1,-1
440,33,1676.00,431.00,83.10,229.80,0.9840,-1,-1,-1
441,31,1827.00,408.00,93.00,258.90,0.9990,-1,-1,-1
441,26,430.00,206.00,298.40,787.10,1.0000,-1,-1,-1
441,30,1368.00,452.00,59.30,197.40,0.9990,-1,-1,-1
441,28,1065.00,375.00,150.50,396.80,1.0000,-1,-1,-1
441,32,1209.00,463.00,67.30,171.30,1.0000,-1,-1,-1
441,34,1696.00,422.00,90.20,231.90,1.0000,-1,-1,-1
442,28,1087.00,369.00,136.00,395.20,1.0000,-1,-1,-1
442,30,1371.00,454.00,59.40,200.10,1.0000,-1,-1,-1
442,31,1819.00,428.00,106.40,234.80,0.9980,-1,-1,-1
442,26,423.00,225.00,262.40,784.40,1.0000,-1,-1,-1
442,32,1210.00,466.00,57.80,182.10,0.9990,-1,-1,-1
442,34,1682.00,415.00,113.00,249.80,1.0000,-1,-1,-1
443,32,1213.00,457.00,65.00,191.80,1.0000,-1,-1,-1
443,31,1840.00,419.00,88.60,249.40,0.9960,-1,-1,-1
443,26,395.00,202.00,274.70,820.20,1.0000,-1,-1,-1
443,28,1098.00,355.00,138.80,394.80,1.0000,-1,-1,-1
443,30,1376.00,451.00,55.30,188.80,1.0000,-1,-1,-1
443,35,-48.00,257.00,270.60,688.80,0.9900,-1,-1,-1
443,36,1747.00,424.00,92.00,222.40,1.0000,-1,-1,-1
443,34,1700.00,417.00,89.70,240.40,0.9990,-1,-1,-1
444,26,376.00,203.00,299.70,839.60,1.0000,-1,-1,-1
444,36,1745.00,427.00,92.40,223.50,1.0000,-1,-1,-1
444,30,1379.00,453.00,55.90,199.40,1.0000,-1,-1,-1
444,28,1109.00,374.00,135.00,377.30,1.0000,-1,-1,-1
444,32,1220.00,458.00,67.10,181.20,1.0000,-1,-1,-1
444,34,1694.00,411.00,91.90,229.90,0.9970,-1,-1,-1
444,35,-46.00,281.00,303.20,666.90,0.9920,-1,-1,-1
444,31,1848.00,404.00,89.20,267.20,0.9930,-1,-1,-1
445,30,1382.00,457.00,60.20,184.10,1.0000,-1,-1,-1
445,28,1107.00,363.00,140.20,379.60,1.0000,-1,-1,-1
445,26,341.00,190.00,332.60,828.60,1.0000,-1,-1,-1
445,35,-27.00,254.00,288.20,711.40,0.9980,-1,-1,-1
445,32,1224.00,473.00,58.30,167.10,1.0000,-1,-1,-1
445,31,1839.00,399.00,89.60,297.60,0.9990,-1,-1,-1
445,36,1765.00,417.00,83.60,230.90,1.0000,-1,-1,-1
445,34,1717.00,424.00,82.70,229.50,0.9990,-1,-1,-1
446,26,328.00,222.00,323.00,818.50,1.0000,-1,-1,-1
446,28,1114.00,355.00,135.70,394.70,1.0000,-1,-1,-1
446,30,1384.00,458.00,65.50,198.00,1.0000,-1,-1,-1
446,35,-27.00,267.00,311.40,665.10,0.9970,-1,-1,-1
446,32,1231.00,471.00,65.00,176.80,0.9990,-1,-1,-1
446,31,1829.00,393.00,102.20,281.40,0.9990,-1,-1,-1
446,34,1732.00,427.00,98.00,232.40,1.0000,-1,-1,-1
447,26,305.00,189.00,351.00,844.90,1.0000,-1,-1,-1
447,35,-16.00,285.00,290.20,650.70,0.9990,-1,-1,-1
447,34,1754.00,424.00,96.20,235.10,1.0000,-1,-1,-1
447,28,1130.00,355.00,126.80,391.50,1.0000,-1,-1,-1
447,32,1227.00,465.00,67.90,178.50,1.0000,-1,-1,-1
447,37,1675.00,470.00,46.00,140.90,0.6340,-1,-1,-1
447,30,1379.00,449.00,67.10,202.10,0.9990,-1,-1,-1
447,31,1814.00,394.00,110.90,287.10,1.0000,-1,-1,-1
447,33,1713.00,413.00,84.00,231.50,0.9990,-1,-1,-1
448,37,1675.00,469.00,46.00,131.70,0.7680,-1,-1,-1
448,33,1717.00,413.00,82.00,233.20,0.9990,-1,-1,-1
448,30,1389.00,456.00,67.70,193.60,0.9990,-1,-1,-1
448,28,1137.00,364.00,143.20,388.10,1.0000,-1,-1,-1
448,26,254.00,197.00,376.60,850.20,1.0000,-1,-1,-1
448,35,-28.00,273.00,289.50,679.80,0.9990,-1,-1,-1
448,31,1785.00,387.00,144.20,297.70,1.0000,-1,-1,-1
449,28,1140.00,368.00,135.70,377.50,1.0000,-1,-1,-1
449,35,-18.00,280.00,304.10,653.60,1.0000,-1,-1,-1
449,37,1675.00,469.00,48.20,140.70,0.8440,-1,-1,-1
449,33,1719.00,412.00,88.90,236.10,1.0000,-1,-1,-1
449,26,234.00,184.00,378.40,886.30,1.0000,-1,-1,-1
449,31,1779.00,387.00,142.60,285.60,1.0000,-1,-1,-1
449,30,1397.00,452.00,67.60,194.90,1.0000,-1,-1,-1
449,32,1247.00,473.00,60.30,170.80,0.9990,-1,-1,-1
450,28,1149.00,361.00,145.90,380.10,1.0000,-1,-1,-1
450,35,-4.00,278.00,292.30,642.50,1.0000,-1,-1,-1
450,26,217.00,212.00,379.60,867.20,1.0000,-1,-1,-1
450,30,1398.00,445.00,69.50,211.60,0.9990,-1,-1,-1
450,37,1675.00,472.00,50.80,128.20,0.6720,-1,-1,-1
450,31,1781.00,393.00,117.80,282.80,1.0000,-1,-1,-1
450,33,1719.00,406.00,86.60,246.70,1.0000,-1,-1,-1
451,31,1767.00,383.00,130.90,305.80,1.0000,-1,-1,-1
451,26,203.00,212.00,405.20,865.50,1.0000,-1,-1,-1
451,35,12.00,286.00,292.10,663.20,1.0000,-1,-1,-1
451,30,1407.00,453.00,58.70,192.10,1.0000,-1,-1,-1
451,32,1246.00,467.00,74.10,172.70,1.0000,-1,-1,-1
451,33,1726.00,421.00,79.00,224.60,1.0000,-1,-1,-1
451,28,1142.00,381.00,159.60,350.40,0.9990,-1,-1,-1
451,37,1679.00,467.00,47.90,136.10,0.9240,-1,-1,-1
452,26,188.00,212.00,391.30,854.50,1.0000,-1,-1,-1
452,35,9.00,288.00,290.50,642.30,1.0000,-1,-1,-1
452,30,1411.00,455.00,61.70,196.90,1.0000,-1,-1,-1
452,28,1155.00,384.00,158.10,356.40,1.0000,-1,-1,-1
452,37,1674.00,467.00,51.30,140.10,0.9210,-1,-1,-1
452,31,1774.00,401.00,118.40,286.20,0.9990,-1,-1,-1
452,33,1719.00,420.00,100.30,239.30,1.0000,-1,-1,-1
453,26,161.00,189.00,399.40,873.60,1.0000,-1,-1,-1
453,35,14.00,258.00,292.90,662.70,0.9950,-1,-1,-1
453,30,1410.00,450.00,68.40,206.30,1.0000,-1,-1,-1
453,37,1674.00,467.00,50.20,143.00,0.8960,-1,-1,-1
453,28,1176.00,376.00,148.20,379.40,1.0000,-1,-1,-1
453,31,1742.00,410.00,128.00,273.70,1.0000,-1,-1,-1
453,36,1814.00,382.00,112.30,293.00,0.9910,-1,-1,-1
454,26,145.00,217.00,398.50,848.00,1.0000,-1,-1,-1
454,37,1675.00,470.00,53.10,134.50,0.8090,-1,-1,-1
454,31,1738.00,386.00,128.00,293.70,1.0000,-1,-1,-1
454,30,1412.00,459.00,68.60,189.00,1.0000,-1,-1,-1
454,36,1803.00,387.00,128.80,281.10,0.9960,-1,-1,-1
454,28,1188.00,402.00,159.10,340.40,1.0000,-1,-1,-1
455,37,1676.00,470.00,46.20,121.90,0.8750,-1,-1,-1
455,26,120.00,189.00,363.00,889.80,1.0000,-1,-1,-1
455,30,1425.00,445.00,61.10,201.50,1.0000,-1,-1,-1
455,31,1738.00,398.00,123.10,263.30,1.0000,-1,-1,-1
455,28,1177.00,403.00,155.80,335.30,1.0000,-1,-1,-1
455,36,1790.00,408.00,153.30,264.80,0.9960,-1,-1,-1
456,26,119.00,185.00,361.20,912.10,1.0000,-1,-1,-1
456,31,1727.00,382.00,132.00,288.00,1.0000,-1,-1,-1
456,30,1421.00,448.00,73.00,202.50,1.0000,-1,-1,-1
456,28,1209.00,376.00,135.00,383.10,1.0000,-1,-1,-1
456,36,1811.00,394.00,121.30,268.40,0.9980,-1,-1,-1
457,31,1724.00,394.00,118.30,276.20,1.0000,-1,-1,-1
457,37,1674.00,469.00,52.80,128.30,0.6860,-1,-1,-1
457,30,1423.00,454.00,70.90,189.40,1.0000,-1,-1,-1
457,28,1218.00,396.00,127.40,354.20,1.0000,-1,-1,-1
457,26,93.00,140.00,336.80,959.10,1.0000,-1,-1,-1
457,36,1785.00,389.00,125.60,292.50,0.9990,-1,-1,-1
458,26,40.00,147.00,366.80,940.10,1.0000,-1,-1,-1
458,28,1225.00,383.00,127.90,336.70,1.0000,-1,-1,-1
458,30,1431.00,442.00,60.70,199.20,1.0000,-1,-1,-1
458,31,1708.00,383.00,116.40,295.50,0.9990,-1,-1,-1
458,36,1791.00,397.00,112.30,291.50,0.9990,-1,-1,-1
459,26,17.00,152.00,379.50,949.70,1.0000,-1,-1,-1
459,30,1429.00,447.00,69.40,200.90,1.0000,-1,-1,-1
459,36,1793.00,394.00,98.00,286.30,1.0000,-1,-1,-1
459,28,1235.00,381.00,115.60,337.50,1.0000,-1,-1,-1
459,31,1692.00,391.00,119.90,301.40,1.0000,-1,-1,-1
460,26,-2.00,141.00,395.00,999.50,1.0000,-1,-1,-1
460,28,1232.00,364.00,130.50,368.60,1.0000,-1,-1,-1
460,37,1680.00,468.00,45.40,126.30,0.8400,-1,-1,-1
460,30,1441.00,439.00,63.90,220.00,1.0000,-1,-1,-1
460,36,1796.00,407.00,90.70,258.20,1.0000,-1,-1,-1
460,31,1706.00,412.00,111.60,268.80,1.0000,-1,-1,-1
461,26,-38.00,152.00,406.00,1006.40,0.9990,-1,-1,-1
461,30,1439.00,448.00,71.90,197.20,1.0000,-1,-1,-1
461,28,1252.00,386.00,122.40,351.00,1.0000,-1,-1,-1
461,36,1776.00,408.00,107.70,263.60,0.9990,-1,-1,-1
461,31,1670.00,403.00,133.40,281.10,1.0000,-1,-1,-1
461,35,182.00,228.00,244.80,723.50,0.9990,-1,-1,-1
462,26,-57.00,142.00,408.60,1010.40,0.9930,-1,-1,-1
462,28,1254.00,391.00,128.90,345.20,1.0000,-1,-1,-1
462,30,1442.00,443.00,69.20,216.30,1.0000,-1,-1,-1
462,31,1654.00,406.00,140.80,268.50,1.0000,-1,-1,-1
462,33,1765.00,390.00,84.80,302.50,0.9990,-1,-1,-1
462,35,206.00,279.00,245.60,646.80,1.0000,-1,-1,-1
462,36,1804.00,413.00,87.00,243.30,1.0000,-1,-1,-1
463,30,1449.00,449.00,73.10,204.40,1.0000,-1,-1,-1
463,35,190.00,277.00,290.40,662.60,1.0000,-1,-1,-1
463,26,-34.00,140.00,348.80,1022.10,0.9970,-1,-1,-1
463,28,1273.00,373.00,124.80,366.00,1.0000,-1,-1,-1
463,36,1807.00,422.00,92.20,225.20,1.0000,-1,-1,-1
463,31,1634.00,417.00,191.10,269.70,1.0000,-1,-1,-1
464,36,1805.00,418.00,93.50,234.00,1.0000,-1,-1,-1
464,26,-51.00,142.00,353.10,1015.50,0.9930,-1,-1,-1
464,30,1453.00,453.00,66.00,190.00,0.9990,-1,-1,-1
464,31,1655.00,407.00,151.90,275.10,1.0000,-1,-1,-1
464,28,1262.00,395.00,125.40,331.60,1.0000,-1,-1,-1
464,35,194.00,296.00,275.20,614.80,1.0000,-1,-1,-1
464,33,1754.00,387.00,98.40,270.20,0.9990,-1,-1,-1
465,26,-58.00,115.00,358.70,1043.20,0.9900,-1,-1,-1
465,31,1642.00,395.00,147.80,286.40,1.0000,-1,-1,-1
465,35,230.00,299.00,254.00,595.40,1.0000,-1,-1,-1
465,30,1459.00,458.00,71.50,185.20,0.9990,-1,-1,-1
465,28,1280.00,395.00,146.30,337.00,1.0000,-1,-1,-1
465,36,1805.00,423.00,78.00,225.10,1.0000,-1,-1,-1
465,33,1744.00,404.00,104.80,260.20,0.9970,-1,-1,-1
466,31,1638.00,395.00,147.40,274.20,1.0000,-1,-1,-1
466,26,-55.00,117.00,342.20,1035.50,0.9780,-1,-1,-1
466,30,1463.00,445.00,64.70,201.10,0.9990,-1,-1,-1
466,28,1280.00,397.00,128.50,337.30,1.0000,-1,-1,-1
466,35,233.00,301.00,250.50,588.00,1.0000,-1,-1,-1
466,33,1723.00,399.00,119.50,287.40,0.9980,-1,-1,-1
466,36,1829.00,432.00,70.40,198.90,1.0000,-1,-1,-1
467,30,1465.00,447.00,71.20,199.40,0.9990,-1,-1,-1
467,31,1628.00,397.00,153.10,279.90,1.0000,-1,-1,-1
467,28,1297.00,385.00,125.00,343.20,1.0000,-1,-1,-1
467,36,1818.00,421.00,84.70,215.80,1.0000,-1,-1,-1
467,35,239.00,290.00,233.40,599.20,1.0000,-1,-1,-1
467,26,-32.00,124.00,269.90,999.60,0.9910,-1,-1,-1
467,33,1739.00,403.00,114.00,271.30,0.9980,-1,-1,-1
468,30,1470.00,450.00,70.60,198.70,0.9990,-1,-1,-1
468,35,262.00,310.00,234.50,596.30,1.0000,-1,-1,-1
468,36,1826.00,432.00,78.40,206.00,1.0000,-1,-1,-1
468,31,1633.00,395.00,125.70,291.10,0.9990,-1,-1,-1
468,28,1311.00,372.00,122.50,351.60,1.0000,-1,-1,-1
468,33,1713.00,402.00,136.50,261.90,0.9990,-1,-1,-1
468,26,-18.00,49.00,217.70,1090.50,0.7410,-1,-1,-1
469,38,1137.00,465.00,56.80,187.70,0.9990,-1,-1,-1
469,30,1471.00,449.00,77.10,192.90,0.9990,-1,-1,-1
469,36,1830.00,432.00,82.00,198.80,1.0000,-1,-1,-1
469,35,292.00,308.00,204.70,587.30,1.0000,-1,-1,-1
469,28,1313.00,389.00,113.30,321.20,1.0000,-1,-1,-1
469,31,1629.00,407.00,118.20,289.90,1.0000,-1,-1,-1
469,33,1683.00,391.00,148.80,294.60,0.9990,-1,-1,-1
469,26,-2.00,9.00,177.60,1147.80,0.8240,-1,-1,-1
470,35,302.00,298.00,203.40,580.20,1.0000,-1,-1,-1
470,36,1829.00,428.00,73.00,207.50,1.0000,-1,-1,-1
470,30,1477.00,456.00,85.70,197.90,0.9940,-1,-1,-1
470,33,1695.00,385.00,140.40,301.30,0.9990,-1,-1,-1
470,31,1616.00,414.00,111.80,275.60,1.0000,-1,-1,-1
470,38,1139.00,459.00,66.00,195.20,0.9970,-1,-1,-1
470,28,1335.00,392.00,113.30,310.50,1.0000,-1,-1,-1
470,26,-1.00,145.00,139.60,1013.70,0.7150,-1,-1,-1
471,33,1677.00,392.00,144.60,297.70,0.9990,-1,-1,-1
471,35,316.00,283.00,206.80,594.70,1.0000,-1,-1,-1
471,30,1489.00,451.00,78.60,194.00,1.0000,-1,-1,-1
471,31,1607.00,411.00,105.70,266.50,1.0000,-1,-1,-1
471,28,1335.00,404.00,97.30,304.50,1.0000,-1,-1,-1
471,36,1816.00,429.00,85.90,216.50,1.0000,-1,-1,-1
471,38,1142.00,453.00,73.70,200.90,1.0000,-1,-1,-1
471,26,-2.00,110.00,110.60,1102.00,0.7580,-1,-1,-1
472,36,1821.00,436.00,77.90,207.00,1.0000,-1,-1,-1
472,35,310.00,288.00,229.60,599.50,1.0000,-1,-1,-1
472,31,1610.00,403.00,98.50,270.00,1.0000,-1,-1,-1
472,33,1681.00,396.00,126.30,275.80,1.0000,-1,-1,-1
472,30,1479.00,453.00,92.10,187.20,0.9990,-1,-1,-1
472,38,1151.00,459.00,69.10,188.00,1.0000,-1,-1,-1
472,28,1314.00,383.00,122.80,330.70,1.0000,-1,-1,-1
472,26,2.00,255.00,100.90,883.50,0.7180,-1,-1,-1
473,38,1152.00,464.00,74.10,185.20,1.0000,-1,-1,-1
473,39,1776.00,417.00,75.20,220.90,1.0000,-1,-1,-1
473,35,339.00,287.00,227.40,589.50,1.0000,-1,-1,-1
473,28,1343.00,391.00,109.30,325.80,1.0000,-1,-1,-1
473,33,1670.00,405.00,118.20,278.20,1.0000,-1,-1,-1
473,36,1827.00,431.00,68.00,203.20,1.0000,-1,-1,-1
473,30,1496.00,448.00,88.60,199.90,1.0000,-1,-1,-1
473,31,1591.00,403.00,96.80,281.60,1.0000,-1,-1,-1
474,39,1774.00,424.00,79.20,214.40,1.0000,-1,-1,-1
474,35,338.00,309.00,233.00,577.40,1.0000,-1,-1,-1
474,38,1158.00,462.00,75.10,185.20,1.0000,-1,-1,-1
474,28,1339.00,391.00,128.40,334.70,1.0000,-1,-1,-1
474,31,1588.00,406.00,111.20,275.90,1.0000,-1,-1,-1
474,30,1495.00,446.00,100.90,198.30,1.0000,-1,-1,-1
474,33,1677.00,407.00,106.00,271.30,1.0000,-1,-1,-1
474,36,1840.00,430.00,74.60,209.80,0.9990,-1,-1,-1
475,36,1839.00,432.00,74.60,210.00,0.9990,-1,-1,-1
475,30,1498.00,451.00,100.90,205.50,1.0000,-1,-1,-1
475,31,1577.00,408.00,124.90,268.50,1.0000,-1,-1,-1
475,28,1340.00,380.00,134.00,325.50,1.0000,-1,-1,-1
475,35,344.00,275.00,266.70,596.30,1.0000,-1,-1,-1
475,38,1163.00,478.00,74.80,163.00,1.0000,-1,-1,-1
475,33,1654.00,395.00,100.10,274.70,0.9990,-1,-1,-1
475,39,1787.00,430.00,84.20,202.90,1.0000,-1,-1,-1
476,35,356.00,284.00,256.90,597.80,1.0000,-1,-1,-1
476,38,1167.00,476.00,74.70,168.80,1.0000,-1,-1,-1
476,31,1581.00,407.00,109.60,261.60,0.9990,-1,-1,-1
476,36,1843.00,426.00,72.70,202.30,0.9990,-1,-1,-1
476,28,1344.00,402.00,140.20,318.70,1.0000,-1,-1,-1
476,30,1498.00,442.00,111.60,216.00,1.0000,-1,-1,-1
476,39,1788.00,416.00,82.20,219.80,1.0000,-1,-1,-1
476,33,1652.00,389.00,114.50,280.90,1.0000,-1,-1,-1
477,38,1171.00,462.00,73.40,193.50,1.0000,-1,-1,-1
477,39,1787.00,422.00,75.40,216.20,1.0000,-1,-1,-1
477,28,1358.00,378.00,121.70,331.20,1.0000,-1,-1,-1
477,35,357.00,305.00,272.40,552.50,1.0000,-1,-1,-1
477,33,1640.00,402.00,104.40,264.10,0.9990,-1,-1,-1
477,36,1843.00,434.00,67.60,197.80,0.9990,-1,-1,-1
477,31,1566.00,418.00,127.70,267.30,0.9990,-1,-1,-1
477,30,1511.00,447.00,83.70,197.30,1.0000,-1,-1,-1
478,39,1789.00,419.00,75.70,215.20,1.0000,-1,-1,-1
478,35,366.00,310.00,269.90,561.40,1.0000,-1,-1,-1
478,38,1170.00,459.00,81.00,190.60,1.0000,-1,-1,-1
478,28,1364.00,381.00,139.60,342.90,1.0000,-1,-1,-1
478,30,1512.00,441.00,83.60,215.90,1.0000,-1,-1,-1
478,31,1548.00,413.00,140.50,274.00,0.9990,-1,-1,-1
478,33,1643.00,401.00,100.40,285.90,0.9990,-1,-1,-1
478,36,1835.00,431.00,69.80,208.40,0.9980,-1,-1,-1
479,35,375.00,306.00,276.70,567.10,1.0000,-1,-1,-1
479,39,1790.00,417.00,82.60,217.30,1.0000,-1,-1,-1
479,31,1549.00,425.00,134.30,261.80,1.0000,-1,-1,-1
479,33,1629.00,410.00,105.80,263.50,0.9990,-1,-1,-1
479,28,1361.00,394.00,135.20,330.30,1.0000,-1,-1,-1
479,38,1173.00,463.00,83.30,195.00,1.0000,-1,-1,-1
479,36,1840.00,419.00,73.50,208.50,0.9980,-1,-1,-1
479,30,1498.00,439.00,71.30,207.30,0.9070,-1,-1,-1
480,35,393.00,309.00,259.10,541.70,1.0000,-1,-1,-1
480,39,1793.00,427.00,75.70,204.50,1.0000,-1,-1,-1
480,36,1842.00,431.00,75.30,195.30,0.9960,-1,-1,-1
480,33,1619.00,407.00,106.70,263.00,1.0000,-1,-1,-1
480,28,1370.00,386.00,124.90,321.70,1.0000,-1,-1,-1
480,31,1550.00,416.00,110.70,257.50,0.9990,-1,-1,-1
480,38,1188.00,456.00,79.10,193.90,1.0000,-1,-1,-1
481,35,402.00,317.00,239.70,551.50,1.0000,-1,-1,-1
481,39,1791.00,425.00,77.20,210.00,1.0000,-1,-1,-1
481,28,1382.00,388.00,121.40,313.20,1.0000,-1,-1,-1
481,33,1614.00,413.00,115.20,255.50,1.0000,-1,-1,-1
481,38,1199.00,458.00,68.50,192.90,1.0000,-1,-1,-1
481,31,1539.00,403.00,115.90,274.80,1.0000,-1,-1,-1
481,36,1841.00,421.00,66.30,212.30,0.9920,-1,-1,-1
482,39,1795.00,426.00,72.30,208.00,1.0000,-1,-1,-1
482,35,421.00,326.00,226.80,533.70,1.0000,-1,-1,-1
482,28,1375.00,379.00,127.80,335.00,1.0000,-1,-1,-1
482,33,1595.00,407.00,136.90,264.00,1.0000,-1,-1,-1
482,38,1186.00,450.00,85.20,193.60,1.0000,-1,-1,-1
482,31,1526.00,406.00,102.10,263.90,1.0000,-1,-1,-1
482,36,1860.00,421.00,58.20,213.40,0.9910,-1,-1,-1
482,30,1419.00,411.00,189.50,253.30,0.6220,-1,-1,-1
483,33,1596.00,411.00,122.50,262.80,1.0000,-1,-1,-1
483,36,1853.00,430.00,64.70,197.80,0.9850,-1,-1,-1
483,35,431.00,299.00,221.00,570.60,1.0000,-1,-1,-1
483,38,1199.00,458.00,79.10,192.10,1.0000,-1,-1,-1
483,39,1796.00,425.00,81.50,215.60,1.0000,-1,-1,-1
483,31,1523.00,403.00,94.20,273.20,1.0000,-1,-1,-1
483,28,1401.00,381.00,113.60,335.30,1.0000,-1,-1,-1
484,35,433.00,308.00,226.20,555.00,1.0000,-1,-1,-1
484,36,1856.00,428.00,60.80,209.50,0.9700,-1,-1,-1
484,39,1801.00,428.00,80.30,209.40,1.0000,-1,-1,-1
484,38,1207.00,459.00,80.90,187.40,1.0000,-1,-1,-1
484,33,1598.00,420.00,112.40,243.00,1.0000,-1,-1,-1
484,31,1522.00,413.00,96.40,263.80,1.0000,-1,-1,-1
484,28,1416.00,397.00,117.80,325.50,1.0000,-1,-1,-1
485,33,1592.00,408.00,108.50,256.30,1.0000,-1,-1,-1
485,38,1209.00,459.00,82.50,184.10,1.0000,-1,-1,-1
485,35,437.00,320.00,218.90,537.80,1.0000,-1,-1,-1
485,28,1405.00,386.00,122.40,323.30,1.0000,-1,-1,-1
485,39,1803.00,429.00,71.30,200.00,1.0000,-1,-1,-1
485,31,1513.00,405.00,85.90,274.90,0.9990,-1,-1,-1
485,36,1860.00,436.00,63.50,190.00,0.8760,-1,-1,-1
485,37,1676.00,471.00,56.10,130.80,0.5130,-1,-1,-1
485,26,-53.00,202.00,269.70,783.60,0.9270,-1,-1,-1
486,39,1800.00,422.00,80.00,213.00,1.0000,-1,-1,-1
486,38,1215.00,462.00,82.00,188.00,1.0000,-1,-1,-1
486,35,464.00,311.00,206.20,538.30,1.0000,-1,-1,-1
486,31,1501.00,427.00,103.20,247.10,1.0000,-1,-1,-1
486,37,1675.00,472.00,53.50,130.30,0.6380,-1,-1,-1
486,28,1410.00,383.00,114.30,322.10,1.0000,-1,-1,-1
486,26,-58.00,217.00,308.50,795.60,0.9760,-1,-1,-1
486,33,1560.00,426.00,139.70,238.60,1.0000,-1,-1,-1
486,36,1869.00,429.00,51.20,183.90,0.7840,-1,-1,-1
487,39,1799.00,425.00,81.90,210.00,1.0000,-1,-1,-1
487,26,-56.00,204.00,307.30,834.00,0.9860,-1,-1,-1
487,38,1225.00,460.00,79.10,183.90,1.0000,-1,-1,-1
487,35,474.00,305.00,187.10,543.00,1.0000,-1,-1,-1
487,36,1872.00,429.00,51.40,197.10,0.7760,-1,-1,-1
487,37,1675.00,468.00,54.10,129.90,0.6110,-1,-1,-1
487,31,1492.00,407.00,115.60,271.80,0.9970,-1,-1,-1
487,28,1415.00,381.00,102.40,324.20,1.0000,-1,-1,-1
487,33,1585.00,429.00,101.80,254.60,1.0000,-1,-1,-1
488,31,1494.00,410.00,101.70,269.00,0.9860,-1,-1,-1
488,35,489.00,323.00,192.90,529.30,1.0000,-1,-1,-1
488,26,-49.00,194.00,317.50,837.00,0.9940,-1,-1,-1
488,28,1422.00,395.00,110.20,298.40,0.9990,-1,-1,-1
488,38,1223.00,457.00,89.80,191.70,1.0000,-1,-1,-1
488,39,1799.00,425.00,88.10,220.90,1.0000,-1,-1,-1
488,33,1565.00,399.00,102.60,280.00,1.0000,-1,-1,-1
488,36,1848.00,421.00,76.70,212.80,0.4270,-1,-1,-1
489,26,-39.00,206.00,316.30,819.30,0.9990,-1,-1,-1
489,28,1423.00,391.00,111.30,305.80,0.9980,-1,-1,-1
489,38,1224.00,464.00,91.40,181.60,1.0000,-1,-1,-1
489,35,506.00,302.00,179.30,521.70,1.0000,-1,-1,-1
489,36,1854.00,420.00,76.40,213.00,0.5110,-1,-1,-1
489,31,1493.00,425.00,95.30,262.60,0.9810,-1,-1,-1
489,39,1799.00,419.00,91.20,210.30,1.0000,-1,-1,-1
489,33,1550.00,402.00,98.00,261.40,0.9990,-1,-1,-1
490,35,508.00,318.00,172.90,534.00,1.0000,-1,-1,-1
490,38,1227.00,451.00,96.30,205.50,1.0000,-1,-1,-1
490,39,1801.00,429.00,73.90,209.60,1.0000,-1,-1,-1
490,37,1673.00,476.00,56.30,114.80,0.7590,-1,-1,-1
490,33,1557.00,417.00,97.60,255.20,0.9990,-1,-1,-1
490,26,-13.00,209.00,333.60,779.50,0.9990,-1,-1,-1
490,28,1436.00,386.00,123.20,337.80,0.9990,-1,-1,-1
490,36,1843.00,424.00,73.90,194.80,0.7580,-1,-1,-1
491,38,1233.00,455.00,93.40,190.90,1.0000,-1,-1,-1
491,33,1543.00,423.00,107.00,252.60,0.9990,-1,-1,-1
491,35,508.00,288.00,188.50,543.30,1.0000,-1,-1,-1
491,37,1676.00,464.00,53.90,134.20,0.8650,-1,-1,-1
491,39,1812.00,422.00,74.00,202.70,1.0000,-1,-1,-1
491,26,24.00,226.00,287.80,763.40,0.9990,-1,-1,-1
491,28,1454.00,387.00,114.40,316.00,1.0000,-1,-1,-1
491,36,1867.00,430.00,61.10,200.40,0.7360,-1,-1,-1
492,38,1237.00,457.00,91.10,197.50,1.0000,-1,-1,-1
492,39,1805.00,420.00,80.10,216.80,1.0000,-1,-1,-1
492,35,512.00,315.00,197.90,519.90,1.0000,-1,-1,-1
492,28,1447.00,389.00,111.20,321.60,1.0000,-1,-1,-1
492,37,1677.00,466.00,55.10,133.40,0.8070,-1,-1,-1
492,33,1534.00,418.00,119.50,255.20,0.9990,-1,-1,-1
492,26,74.00,213.00,284.30,786.80,1.0000,-1,-1,-1
493,26,71.00,220.00,313.30,774.80,1.0000,-1,-1,-1
493,35,538.00,307.00,175.80,517.70,1.0000,-1,-1,-1
493,36,1864.00,428.00,69.70,207.00,0.4740,-1,-1,-1
493,33,1535.00,434.00,95.80,244.50,0.9990,-1,-1,-1
493,39,1815.00,419.00,79.00,210.90,0.9990,-1,-1,-1
493,37,1672.00,475.00,59.40,118.40,0.8400,-1,-1,-1
493,38,1254.00,453.00,73.40,192.90,1.0000,-1,-1,-1
493,28,1450.00,405.00,101.50,309.10,1.0000,-1,-1,-1
494,39,1811.00,423.00,81.30,213.90,0.9990,-1,-1,-1
494,28,1459.00,386.00,106.70,315.20,0.9990,-1,-1,-1
494,35,544.00,320.00,168.20,507.90,1.0000,-1,-1,-1
494,33,1533.00,423.00,104.70,243.40,0.9960,-1,-1,-1
494,37,1674.00,470.00,48.90,126.20,0.8420,-1,-1,-1
494,38,1245.00,454.00,97.10,199.70,1.0000,-1,-1,-1
494,26,44.00,209.00,371.80,785.30,1.0000,-1,-1,-1
495,35,540.00,322.00,182.40,524.70,1.0000,-1,-1,-1
495,26,89.00,202.00,369.60,788.30,1.0000,-1,-1,-1
495,38,1261.00,454.00,86.50,201.90,1.0000,-1,-1,-1
495,39,1806.00,419.00,81.90,207.50,1.0000,-1,-1,-1
495,37,1673.00,477.00,57.30,112.10,0.7680,-1,-1,-1
495,28,1449.00,394.00,105.20,301.60,1.0000,-1,-1,-1
495,33,1503.00,402.00,115.30,286.10,0.9480,-1,-1,-1
496,39,1813.00,425.00,84.50,209.40,1.0000,-1,-1,-1
496,35,560.00,325.00,182.60,519.90,1.0000,-1,-1,-1
496,38,1270.00,452.00,81.70,196.60,1.0000,-1,-1,-1
496,37,1679.00,474.00,47.90,129.20,0.9410,-1,-1,-1
496,26,116.00,251.00,408.20,704.90,1.0000,-1,-1,-1
496,31,1484.00,387.00,102.50,313.40,0.9990,-1,-1,-1
496,40,1545.00,435.00,90.50,231.10,0.9920,-1,-1,-1
496,28,1431.00,426.00,98.90,243.20,0.9950,-1,-1,-1
497,35,566.00,326.00,187.30,514.70,1.0000,-1,-1,-1
497,38,1270.00,455.00,85.00,190.00,1.0000,-1,-1,-1
497,39,1820.00,424.00,77.50,204.50,1.0000,-1,-1,-1
497,26,106.00,243.00,437.00,722.00,1.0000,-1,-1,-1
497,37,1680.00,469.00,51.60,129.10,0.9140,-1,-1,-1
497,33,1491.00,392.00,114.90,316.40,0.9990,-1,-1,-1
497,28,1425.00,423.00,98.00,250.40,0.9990,-1,-1,-1
498,26,133.00,229.00,415.20,757.30,1.0000,-1,-1,-1
498,38,1276.00,459.00,85.10,194.40,1.0000,-1,-1,-1
498,39,1819.00,420.00,74.00,215.60,1.0000,-1,-1,-1
498,33,1481.00,387.00,116.90,315.40,1.0000,-1,-1,-1
498,35,562.00,326.00,175.80,506.10,1.0000,-1,-1,-1
498,41,1591.00,442.00,74.80,198.10,0.9990,-1,-1,-1
498,28,1424.00,430.00,89.40,233.60,1.0000,-1,-1,-1
499,26,148.00,221.00,409.80,766.40,1.0000,-1,-1,-1
499,35,564.00,328.00,203.00,513.10,1.0000,-1,-1,-1
499,33,1481.00,388.00,115.50,316.00,1.0000,-1,-1,-1
499,37,1673.00,476.00,58.00,121.00,0.8400,-1,-1,-1
499,39,1825.00,430.00,74.00,198.90,1.0000,-1,-1,-1
499,38,1275.00,459.00,93.00,184.50,1.0000,-1,-1,-1
499,28,1422.00,430.00,89.30,240.40,1.0000,-1,-1,-1
499,41,1595.00,446.00,74.40,197.50,0.9960,-1,-1,-1
499,42,39.00,520.00,72.00,232.50,0.7000,-1,-1,-1
500,37,1673.00,475.00,56.90,123.00,0.5530,-1,-1,-1
500,26,172.00,240.00,417.10,726.50,1.0000,-1,-1,-1
500,39,1824.00,431.00,72.40,200.10,1.0000,-1,-1,-1
500,35,585.00,307.00,173.30,537.10,1.0000,-1,-1,-1
500,42,43.00,527.00,70.10,224.90,0.4830,-1,-1,-1
500,31,1486.00,400.00,108.40,281.70,0.9990,-1,-1,-1
500,38,1294.00,461.00,84.60,191.10,1.0000,-1,-1,-1
500,28,1403.00,441.00,99.60,230.20,1.0000,-1,-1,-1
500,41,1605.00,449.00,71.90,185.50,0.9990,-1,-1,-1
501,39,1825.00,431.00,72.70,199.70,1.0000,-1,-1,-1
501,37,1672.00,473.00,58.10,123.60,0.8430,-1,-1,-1
501,28,1395.00,433.00,104.20,247.50,1.0000,-1,-1,-1
501,38,1289.00,457.00,94.50,187.80,1.0000,-1,-1,-1
501,35,592.00,321.00,160.30,511.40,1.0000,-1,-1,-1
501,41,1603.00,458.00,81.40,181.90,0.9990,-1,-1,-1
501,31,1496.00,406.00,100.10,282.90,0.9990,-1,-1,-1
501,26,238.00,246.00,315.90,711.80,1.0000,-1,-1,-1
502,41,1606.00,450.00,78.20,181.30,1.0000,-1,-1,-1
502,28,1398.00,434.00,94.20,242.20,1.0000,-1,-1,-1
502,35,611.00,322.00,164.40,514.50,1.0000,-1,-1,-1
502,31,1492.00,390.00,111.80,299.70,1.0000,-1,-1,-1
502,38,1298.00,459.00,82.30,179.90,1.0000,-1,-1,-1
502,39,1829.00,419.00,68.10,220.80,1.0000,-1,-1,-1
502,26,254.00,260.00,305.70,697.80,1.0000,-1,-1,-1
503,35,611.00,331.00,174.10,493.20,1.0000,-1,-1,-1
503,28,1388.00,437.00,96.80,231.50,1.0000,-1,-1,-1
503,41,1611.00,443.00,79.90,190.30,1.0000,-1,-1,-1
503,39,1821.00,415.00,81.30,217.90,1.0000,-1,-1,-1
503,38,1302.00,458.00,76.90,183.90,1.0000,-1,-1,-1
503,26,317.00,255.00,268.20,686.10,1.0000,-1,-1,-1
503,31,1507.00,386.00,121.60,313.00,1.0000,-1,-1,-1
503,33,1451.00,422.00,96.00,245.90,0.9970,-1,-1,-1
504,31,1506.00,393.00,115.80,305.30,0.9990,-1,-1,-1
504,28,1382.00,433.00,105.60,244.50,1.0000,-1,-1,-1
504,37,1674.00,465.00,52.90,131.60,0.5500,-1,-1,-1
504,35,604.00,313.00,182.80,501.10,1.0000,-1,-1,-1
504,39,1818.00,420.00,81.90,209.40,1.0000,-1,-1,-1
504,26,346.00,241.00,236.60,696.50,1.0000,-1,-1,-1
504,38,1300.00,450.00,97.40,191.70,1.0000,-1,-1,-1
504,41,1617.00,452.00,64.90,177.80,1.0000,-1,-1,-1
504,33,1467.00,424.00,73.20,242.50,0.9980,-1,-1,-1
505,37,1677.00,472.00,51.70,122.90,0.5770,-1,-1,-1
505,28,1385.00,436.00,90.30,231.90,1.0000,-1,-1,-1
505,26,389.00,244.00,222.00,682.70,1.0000,-1,-1,-1
505,39,1825.00,418.00,69.60,206.10,1.0000,-1,-1,-1
505,38,1306.00,448.00,85.00,202.70,1.0000,-1,-1,-1
505,33,1452.00,429.00,92.10,236.60,1.0000,-1,-1,-1
505,31,1521.00,403.00,105.50,311.90,0.9990,-1,-1,-1
505,35,636.00,337.00,155.80,472.50,1.0000,-1,-1,-1
505,41,1615.00,446.00,67.20,197.40,1.0000,-1,-1,-1
506,35,629.00,323.00,171.20,490.80,1.0000,-1,-1,-1
506,37,1675.00,470.00,53.30,120.40,0.4410,-1,-1,-1
506,28,1378.00,432.00,89.00,230.60,0.9990,-1,-1,-1
506,26,393.00,256.00,227.50,681.00,1.0000,-1,-1,-1
506,31,1525.00,405.00,105.20,286.50,0.9990,-1,-1,-1
506,39,1831.00,426.00,72.80,206.50,1.0000,-1,-1,-1
506,33,1440.00,425.00,95.30,249.60,1.0000,-1,-1,-1
506,38,1320.00,448.00,74.70,203.30,1.0000,-1,-1,-1
506,41,1616.00,453.00,67.20,195.70,1.0000,-1,-1,-1
507,41,1619.00,455.00,71.30,189.40,1.0000,-1,-1,-1
507,37,1677.00,469.00,53.00,122.30,0.4460,-1,-1,-1
507,35,637.00,334.00,167.70,500.60,1.0000,-1,-1,-1
507,26,413.00,250.00,251.10,669.30,1.0000,-1,-1,-1
507,33,1437.00,433.00,98.00,236.80,0.9990,-1,-1,-1
507,38,1328.00,453.00,75.50,194.60,1.0000,-1,-1,-1
507,39,1821.00,422.00,77.00,208.20,1.0000,-1,-1,-1
507,28,1372.00,435.00,87.10,226.60,0.9980,-1,-1,-1
507,31,1510.00,390.00,108.20,318.80,0.9990,-1,-1,-1
508,26,415.00,248.00,265.80,668.60,1.0000,-1,-1,-1
508,31,1521.00,407.00,106.40,282.00,0.9990,-1,-1,-1
508,35,625.00,326.00,191.30,499.30,1.0000,-1,-1,-1
508,41,1614.00,452.00,77.80,197.80,1.0000,-1,-1,-1
508,37,1678.00,470.00,46.30,127.20,0.4090,-1,-1,-1
508,33,1420.00,418.00,108.70,256.50,0.9990,-1,-1,-1
508,39,1829.00,418.00,83.00,210.60,1.0000,-1,-1,-1
508,28,1355.00,438.00,95.70,231.70,1.0000,-1,-1,-1
509,26,434.00,259.00,269.80,666.30,1.0000,-1,-1,-1
509,35,636.00,316.00,186.30,519.70,1.0000,-1,-1,-1
509,31,1519.00,398.00,115.20,297.70,0.9990,-1,-1,-1
509,41,1624.00,451.00,67.10,191.20,1.0000,-1,-1,-1
509,37,1679.00,467.00,49.90,130.40,0.7070,-1,-1,-1
509,28,1351.00,426.00,95.30,237.70,0.9990,-1,-1,-1
509,39,1833.00,429.00,76.40,204.10,1.0000,-1,-1,-1
509,33,1415.00,424.00,121.50,241.80,0.9990,-1,-1,-1
510,28,1350.00,433.00,92.70,239.80,0.9990,-1,-1,-1
510,31,1531.00,411.00,103.20,282.90,1.0000,-1,-1,-1
510,26,441.00,245.00,309.60,688.60,1.0000,-1,-1,-1
510,33,1400.00,422.00,124.60,244.40,1.0000,-1,-1,-1
510,35,647.00,329.00,209.10,479.30,1.0000,-1,-1,-1
510,39,1821.00,428.00,93.40,201.40,1.0000,-1,-1,-1
510,41,1629.00,448.00,76.80,195.20,1.0000,-1,-1,-1
511,39,1827.00,423.00,82.50,215.60,1.0000,-1,-1,-1
511,41,1627.00,448.00,75.40,192.50,1.0000,-1,-1,-1
511,26,452.00,251.00,345.90,682.90,1.0000,-1,-1,-1
511,28,1355.00,436.00,78.40,229.80,1.0000,-1,-1,-1
511,33,1413.00,439.00,99.60,231.70,1.0000,-1,-1,-1
511,31,1545.00,402.00,91.80,283.60,0.9990,-1,-1,-1
512,28,1341.00,437.00,88.50,228.80,1.0000,-1,-1,-1
512,35,674.00,324.00,195.40,500.30,1.0000,-1,-1,-1
512,41,1636.00,449.00,62.50,197.30,1.0000,-1,-1,-1
512,39,1826.00,427.00,92.00,214.40,1.0000,-1,-1,-1
512,31,1539.00,390.00,116.50,305.30,1.0000,-1,-1,-1
512,33,1401.00,430.00,95.40,244.60,1.0000,-1,-1,-1
512,26,463.00,267.00,290.50,662.10,1.0000,-1,-1,-1
512,42,55.00,567.00,62.40,183.50,0.6400,-1,-1,-1
513,35,692.00,328.00,175.40,496.30,0.9990,-1,-1,-1
513,26,495.00,271.00,283.80,642.60,1.0000,-1,-1,-1
513,41,1638.00,440.00,70.10,208.50,1.0000,-1,-1,-1
513,31,1542.00,393.00,105.70,280.50,1.0000,-1,-1,-1
513,39,1839.00,426.00,71.00,200.20,1.0000,-1,-1,-1
513,28,1332.00,446.00,91.90,230.70,1.0000,-1,-1,-1
513,33,1400.00,435.00,84.80,228.20,1.0000,-1,-1,-1
514,35,696.00,326.00,169.00,493.40,0.9990,-1,-1,-1
514,33,1389.00,435.00,91.70,234.30,1.0000,-1,-1,-1
514,41,1634.00,453.00,72.50,189.30,1.0000,-1,-1,-1
514,31,1546.00,406.00,101.70,261.60,1.0000,-1,-1,-1
514,28,1327.00,429.00,82.60,237.30,1.0000,-1,-1,-1
514,39,1830.00,433.00,74.50,187.80,1.0000,-1,-1,-1
514,26,528.00,278.00,244.30,618.40,1.0000,-1,-1,-1
515,31,1553.00,397.00,101.30,291.00,1.0000,-1,-1,-1
515,39,1831.00,422.00,82.30,209.20,1.0000,-1,-1,-1
515,41,1640.00,450.00,71.10,181.20,0.9990,-1,-1,-1
515,28,1328.00,440.00,84.30,224.00,1.0000,-1,-1,-1
515,26,540.00,267.00,232.80,641.60,1.0000,-1,-1,-1
515,35,691.00,323.00,170.30,500.60,1.0000,-1,-1,-1
515,33,1392.00,433.00,81.00,223.20,0.9990,-1,-1,-1
516,39,1831.00,426.00,85.30,205.90,0.9970,-1,-1,-1
516,33,1381.00,430.00,90.50,240.90,1.0000,-1,-1,-1
516,28,1319.00,443.00,98.20,230.50,0.9990,-1,-1,-1
516,31,1572.00,397.00,88.70,291.00,1.0000,-1,-1,-1
516,41,1648.00,449.00,57.50,186.60,1.0000,-1,-1,-1
516,26,589.00,281.00,232.80,602.60,1.0000,-1,-1,-1
517,41,1651.00,451.00,64.60,190.00,1.0000,-1,-1,-1
517,31,1575.00,400.00,85.50,284.10,0.9990,-1,-1,-1
517,26,603.00,294.00,215.50,585.90,1.0000,-1,-1,-1
517,33,1385.00,439.00,82.50,229.70,1.0000,-1,-1,-1
517,39,1837.00,419.00,66.30,211.40,0.9940,-1,-1,-1
517,28,1307.00,425.00,115.10,250.20,0.9990,-1,-1,-1
517,36,1870.00,431.00,55.70,247.30,0.7480,-1,-1,-1
518,26,630.00,263.00,207.90,625.70,1.0000,-1,-1,-1
518,28,1305.00,436.00,104.10,226.80,0.9990,-1,-1,-1
518,31,1583.00,401.00,89.30,285.90,0.9990,-1,-1,-1
518,33,1370.00,436.00,89.20,229.90,1.0000,-1,-1,-1
518,41,1649.00,454.00,75.10,183.90,1.0000,-1,-1,-1
518,39,1840.00,425.00,79.80,203.70,0.9950,-1,-1,-1
519,31,1583.00,410.00,95.40,277.00,0.9990,-1,-1,-1
519,33,1371.00,439.00,87.20,230.90,1.0000,-1,-1,-1
519,28,1307.00,442.00,93.90,218.90,1.0000,-1,-1,-1
519,41,1657.00,455.00,68.10,183.20,1.0000,-1,-1,-1
519,26,655.00,288.00,186.40,601.40,1.0000,-1,-1,-1
519,39,1841.00,416.00,84.80,208.70,0.9900,-1,-1,-1
519,42,58.00,562.00,70.50,207.80,0.4500,-1,-1,-1
520,26,657.00,291.00,212.10,585.90,1.0000,-1,-1,-1
520,33,1364.00,433.00,97.70,238.30,1.0000,-1,-1,-1
520,28,1308.00,446.00,88.20,226.90,1.0000,-1,-1,-1
520,39,1843.00,409.00,79.90,215.40,0.9960,-1,-1,-1
520,41,1651.00,442.00,72.60,196.10,1.0000,-1,-1,-1
520,31,1577.00,411.00,89.60,264.50,0.9990,-1,-1,-1
521,41,1661.00,442.00,68.00,208.20,1.0000,-1,-1,-1
521,31,1581.00,413.00,109.20,271.60,0.9990,-1,-1,-1
521,28,1295.00,436.00,95.00,224.60,1.0000,-1,-1,-1
521,33,1349.00,436.00,100.10,233.70,0.9990,-1,-1,-1
521,26,684.00,254.00,235.10,630.60,1.0000,-1,-1,-1
521,38,1415.00,453.00,75.50,208.60,1.0000,-1,-1,-1
521,39,1843.00,397.00,91.00,236.90,0.9940,-1,-1,-1
522,38,1415.00,455.00,79.30,200.90,1.0000,-1,-1,-1
522,41,1661.00,446.00,69.60,197.70,0.9990,-1,-1,-1
522,26,678.00,277.00,247.40,609.10,1.0000,-1,-1,-1
522,33,1345.00,436.00,98.90,225.10,0.9990,-1,-1,-1
522,28,1289.00,437.00,92.50,226.70,1.0000,-1,-1,-1
522,31,1580.00,403.00,98.60,289.00,0.9990,-1,-1,-1
522,39,1835.00,381.00,111.20,306.60,0.9790,-1,-1,-1
523,41,1668.00,449.00,69.70,193.40,1.0000,-1,-1,-1
523,31,1587.00,389.00,92.70,297.90,0.9990,-1,-1,-1
523,33,1339.00,440.00,107.50,225.00,1.0000,-1,-1,-1
523,38,1424.00,457.00,85.30,213.30,1.0000,-1,-1,-1
523,28,1285.00,443.00,80.40,222.30,1.0000,-1,-1,-1
523,26,671.00,293.00,255.50,566.30,1.0000,-1,-1,-1
523,39,1837.00,377.00,111.50,316.60,0.9800,-1,-1,-1
524,26,703.00,280.00,243.40,574.00,1.0000,-1,-1,-1
524,41,1668.00,444.00,65.70,199.10,1.0000,-1,-1,-1
524,31,1589.00,391.00,103.70,291.90,0.9990,-1,-1,-1
524,39,1840.00,374.00,105.40,309.90,0.9830,-1,-1,-1
524,28,1279.00,450.00,82.20,205.90,0.9990,-1,-1,-1
524,38,1426.00,453.00,95.10,203.00,1.0000,-1,-1,-1
524,33,1330.00,455.00,111.30,201.90,1.0000,-1,-1,-1
525,33,1337.00,444.00,101.50,219.70,1.0000,-1,-1,-1
525,41,1673.00,453.00,65.90,184.40,1.0000,-1,-1,-1
525,28,1279.00,452.00,80.40,206.20,0.9990,-1,-1,-1
525,31,1600.00,401.00,89.30,274.20,0.9990,-1,-1,-1
525,26,688.00,288.00,263.30,565.60,1.0000,-1,-1,-1
525,39,1848.00,382.00,90.40,297.00,0.9940,-1,-1,-1
525,38,1424.00,456.00,90.30,198.20,0.9990,-1,-1,-1
