gt_id,start,length,outcome,mean_visibility,method,sequence,camera
2,54,3,lost,0.51939,static,MOT17-02,parada
3,230,200,switched,0.10192960636000001,static,MOT17-02,parada
3,431,73,switched,0.04218692630136986,static,MOT17-02,parada
3,508,1,kept,0.15185,static,MOT17-02,parada
3,511,19,switched,0.010635310526315792,static,MOT17-02,parada
3,556,1,kept,0.47432,static,MOT17-02,parada
3,558,1,kept,0.45197,static,MOT17-02,parada
3,560,1,kept,0.39992,static,MOT17-02,parada
3,562,1,kept,0.3443,static,MOT17-02,parada
3,564,12,lost,0.12207939166666665,static,MOT17-02,parada
8,5,1,kept,0.50829,static,MOT17-02,parada
8,18,6,kept,0.3262433333333334,static,MOT17-02,parada
8,25,2,kept,0.47936,static,MOT17-02,parada
8,35,9,lost,0.15014066666666667,static,MOT17-02,parada
9,186,38,switched,0.049079184210526317,static,MOT17-02,parada
9,228,3,switched,0.9,static,MOT17-02,parada
9,252,80,switched,0.0176828,static,MOT17-02,parada
9,333,5,kept,0.23902199999999998,static,MOT17-02,parada
9,340,3,kept,0.29268,static,MOT17-02,parada
9,344,2,kept,0.32926500000000003,static,MOT17-02,parada
9,347,2,kept,0.353655,static,MOT17-02,parada
9,350,3,kept,0.21951033333333334,static,MOT17-02,parada
9,354,110,switched,0.00018143636363636363,static,MOT17-02,parada
9,465,1,kept,0.086654,static,MOT17-02,parada
9,467,3,kept,0.25177333333333335,static,MOT17-02,parada
9,497,1,kept,0.51425,static,MOT17-02,parada
9,504,97,lost,0.051455370103092785,static,MOT17-02,parada
10,163,1,kept,1.0,static,MOT17-02,parada
10,196,30,kept,0.019298199999999998,static,MOT17-02,parada
10,245,1,kept,1.0,static,MOT17-02,parada
10,248,1,kept,0.525,static,MOT17-02,parada
10,257,1,switched,0.0,static,MOT17-02,parada
10,259,204,switched,0.007369558823529412,static,MOT17-02,parada
10,494,1,kept,1.0,static,MOT17-02,parada
10,501,3,switched,0.9593666666666668,static,MOT17-02,parada
10,514,69,switched,0.015483753623188408,static,MOT17-02,parada
10,584,1,kept,0.2619,static,MOT17-02,parada
10,586,1,kept,0.2619,static,MOT17-02,parada
10,588,13,lost,0.029304538461538465,static,MOT17-02,parada
14,189,1,kept,1.0,static,MOT17-02,parada
14,191,1,kept,1.0,static,MOT17-02,parada
14,210,29,switched,0.0631296551724138,static,MOT17-02,parada
14,246,1,kept,0.69231,static,MOT17-02,parada
14,248,1,kept,0.5641,static,MOT17-02,parada
14,254,3,kept,0.04273366666666667,static,MOT17-02,parada
14,273,1,switched,0.0,static,MOT17-02,parada
14,275,14,kept,0.0,static,MOT17-02,parada
14,290,17,lost,0.0,static,MOT17-02,parada
15,35,14,switched,0.9911842857142855,static,MOT17-02,parada
15,54,2,kept,0.93829,static,MOT17-02,parada
15,57,1,kept,0.93829,static,MOT17-02,parada
15,61,1,kept,0.92287,static,MOT17-02,parada
15,64,1,kept,0.90791,static,MOT17-02,parada
15,115,1,kept,0.93602,static,MOT17-02,parada
15,124,1,kept,0.93405,static,MOT17-02,parada
15,130,1,switched,0.91757,static,MOT17-02,parada
15,132,1,kept,0.91757,static,MOT17-02,parada
15,140,2,switched,0.88459,static,MOT17-02,parada
15,172,1,switched,0.32432,static,MOT17-02,parada
15,174,6,switched,0.0,static,MOT17-02,parada
15,181,28,switched,0.0003764642857142857,static,MOT17-02,parada
15,210,3,switched,0.12178300000000002,static,MOT17-02,parada
15,215,1,kept,0.36111,static,MOT17-02,parada
15,217,1,kept,0.36111,static,MOT17-02,parada
15,219,75,switched,0.004444386666666666,static,MOT17-02,parada
15,295,70,switched,0.0,static,MOT17-02,parada
15,369,2,kept,0.0,static,MOT17-02,parada
15,374,2,kept,0.0255675,static,MOT17-02,parada
15,377,1,kept,0.1156,static,MOT17-02,parada
15,379,1,kept,0.14376,static,MOT17-02,parada
15,382,26,switched,0.013387403846153846,static,MOT17-02,parada
15,409,1,kept,0.19805,static,MOT17-02,parada
15,425,1,kept,0.33698,static,MOT17-02,parada
15,431,1,kept,0.30151,static,MOT17-02,parada
15,433,1,kept,0.28783,static,MOT17-02,parada
15,438,5,kept,0.27853,static,MOT17-02,parada
15,444,157,lost,0.048680564012738854,static,MOT17-02,parada
17,133,11,kept,0.53761,static,MOT17-02,parada
17,146,1,kept,0.52317,static,MOT17-02,parada
17,150,1,kept,0.52317,static,MOT17-02,parada
17,154,3,kept,0.4878466666666667,static,MOT17-02,parada
17,158,1,kept,0.50872,static,MOT17-02,parada
17,166,2,kept,0.5275,static,MOT17-02,parada
17,172,1,kept,0.54182,static,MOT17-02,parada
17,178,1,kept,0.55614,static,MOT17-02,parada
17,206,24,kept,0.03107039166666667,static,MOT17-02,parada
17,239,1,kept,0.1324,static,MOT17-02,parada
17,242,1,kept,0.092541,static,MOT17-02,parada
17,245,1,kept,0.085548,static,MOT17-02,parada
17,250,4,kept,0.02517475,static,MOT17-02,parada
17,255,1,kept,0.016783,static,MOT17-02,parada
17,257,6,kept,0.0069153999999999995,static,MOT17-02,parada
17,264,2,kept,0.0,static,MOT17-02,parada
17,268,17,switched,0.0,static,MOT17-02,parada
17,288,3,kept,0.0,static,MOT17-02,parada
17,292,6,kept,0.0,static,MOT17-02,parada
17,299,1,kept,0.0,static,MOT17-02,parada
17,301,29,kept,0.0,static,MOT17-02,parada
17,331,13,kept,0.0,static,MOT17-02,parada
17,345,2,kept,0.0,static,MOT17-02,parada
17,348,14,kept,0.0,static,MOT17-02,parada
17,363,74,switched,0.0,static,MOT17-02,parada
17,438,2,kept,0.0,static,MOT17-02,parada
17,441,7,kept,0.0,static,MOT17-02,parada
17,452,6,kept,0.017093333333333332,static,MOT17-02,parada
17,494,98,switched,0.01020335918367347,static,MOT17-02,parada
17,599,1,kept,0.14927,static,MOT17-02,parada
18,157,1,kept,0.26174,static,MOT17-02,parada
18,167,3,kept,0.0,static,MOT17-02,parada
18,171,7,kept,0.0,static,MOT17-02,parada
18,179,116,switched,0.01033618275862069,static,MOT17-02,parada
18,296,2,kept,0.0,static,MOT17-02,parada
18,299,4,kept,0.0,static,MOT17-02,parada
18,304,1,kept,0.0,static,MOT17-02,parada
18,307,2,kept,0.0,static,MOT17-02,parada
18,312,2,kept,0.0,static,MOT17-02,parada
18,316,1,kept,0.0,static,MOT17-02,parada
18,318,1,kept,0.0,static,MOT17-02,parada
18,320,1,kept,0.0,static,MOT17-02,parada
18,322,3,kept,0.0,static,MOT17-02,parada
18,327,1,kept,0.0,static,MOT17-02,parada
18,329,1,kept,0.0,static,MOT17-02,parada
18,331,62,switched,0.0,static,MOT17-02,parada
18,399,4,kept,0.0,static,MOT17-02,parada
18,404,1,kept,0.0,static,MOT17-02,parada
18,425,4,switched,0.008013000000000001,static,MOT17-02,parada
18,431,1,kept,0.063725,static,MOT17-02,parada
18,433,16,switched,0.15829187500000003,static,MOT17-02,parada
18,452,1,kept,0.74167,static,MOT17-02,parada
18,456,6,switched,0.74167,static,MOT17-02,parada
18,488,1,kept,0.0,static,MOT17-02,parada
18,490,107,switched,0.04185671962616822,static,MOT17-02,parada
18,600,1,lost,0.30988,static,MOT17-02,parada
19,109,1,kept,1.0,static,MOT17-02,parada
19,153,3,switched,1.0,static,MOT17-02,parada
19,157,3,kept,1.0,static,MOT17-02,parada
19,165,1,kept,1.0,static,MOT17-02,parada
19,169,4,kept,1.0,static,MOT17-02,parada
19,174,2,kept,1.0,static,MOT17-02,parada
19,177,1,kept,1.0,static,MOT17-02,parada
19,179,1,kept,1.0,static,MOT17-02,parada
19,181,3,kept,1.0,static,MOT17-02,parada
19,185,38,switched,1.0,static,MOT17-02,parada
19,437,1,kept,0.61502,static,MOT17-02,parada
19,440,1,switched,0.0,static,MOT17-02,parada
19,443,1,switched,0.057018,static,MOT17-02,parada
19,541,9,lost,0.470358888888889,static,MOT17-02,parada
20,21,1,kept,0.51429,static,MOT17-02,parada
20,24,2,kept,0.5,static,MOT17-02,parada
20,35,1,kept,0.47826,static,MOT17-02,parada
20,40,2,kept,0.456525,static,MOT17-02,parada
20,43,2,kept,0.44366,static,MOT17-02,parada
20,54,1,kept,0.52,static,MOT17-02,parada
20,317,2,switched,0.770085,static,MOT17-02,parada
20,321,2,lost,0.397775,static,MOT17-02,parada
22,33,3,kept,0.5467066666666666,static,MOT17-02,parada
22,38,2,lost,0.396225,static,MOT17-02,parada
23,101,2,kept,0.25658000000000003,static,MOT17-02,parada
23,104,1,kept,0.22917,static,MOT17-02,parada
23,106,3,kept,0.19727333333333333,static,MOT17-02,parada
23,110,43,switched,0.05183794651162791,static,MOT17-02,parada
23,223,21,switched,0.17550914285714286,static,MOT17-02,parada
23,421,11,kept,0.44314181818181814,static,MOT17-02,parada
23,442,6,kept,0.0,static,MOT17-02,parada
26,9,1,kept,0.38889,static,MOT17-02,parada
26,11,1,kept,0.33333,static,MOT17-02,parada
26,13,4,kept,0.25,static,MOT17-02,parada
26,19,9,kept,0.06481522222222223,static,MOT17-02,parada
26,29,3,kept,0.0,static,MOT17-02,parada
26,33,113,switched,0.3721090265486726,static,MOT17-02,parada
26,163,7,kept,1.0,static,MOT17-02,parada
26,173,4,switched,1.0,static,MOT17-02,parada
26,206,1,kept,1.0,static,MOT17-02,parada
26,289,1,kept,1.0,static,MOT17-02,parada
26,339,2,kept,0.0,static,MOT17-02,parada
26,342,18,switched,0.06481444444444445,static,MOT17-02,parada
26,362,1,kept,0.46939,static,MOT17-02,parada
26,370,1,kept,0.61224,static,MOT17-02,parada
26,372,1,kept,0.4902,static,MOT17-02,parada
26,374,2,kept,0.215685,static,MOT17-02,parada
26,381,9,kept,0.012578666666666667,static,MOT17-02,parada
26,391,13,kept,0.0,static,MOT17-02,parada
26,416,1,kept,0.20755,static,MOT17-02,parada
26,418,2,kept,0.0,static,MOT17-02,parada
26,421,11,kept,0.04795454545454545,static,MOT17-02,parada
26,462,3,kept,0.0,static,MOT17-02,parada
26,479,1,kept,0.22308,static,MOT17-02,parada
26,484,1,kept,0.10435,static,MOT17-02,parada
26,486,3,kept,0.12586333333333333,static,MOT17-02,parada
31,12,1,kept,0.58537,static,MOT17-02,parada
31,17,1,kept,0.68293,static,MOT17-02,parada
31,35,8,kept,1.0,static,MOT17-02,parada
31,45,3,kept,1.0,static,MOT17-02,parada
31,67,1,kept,1.0,static,MOT17-02,parada
31,70,2,kept,1.0,static,MOT17-02,parada
31,73,3,kept,1.0,static,MOT17-02,parada
31,77,2,kept,1.0,static,MOT17-02,parada
31,81,1,kept,1.0,static,MOT17-02,parada
31,83,4,kept,1.0,static,MOT17-02,parada
31,88,3,kept,0.9754233333333334,static,MOT17-02,parada
31,92,3,kept,0.8733466666666668,static,MOT17-02,parada
31,98,1,kept,0.7098,static,MOT17-02,parada
31,100,38,switched,0.3128881578947369,static,MOT17-02,parada
31,142,68,switched,0.11448269117647061,static,MOT17-02,parada
31,211,32,kept,0.23260171874999996,static,MOT17-02,parada
31,245,17,switched,0.24393517647058824,static,MOT17-02,parada
31,266,1,kept,0.0548,static,MOT17-02,parada
31,269,1,kept,0.059464,static,MOT17-02,parada
31,271,1,kept,0.059464,static,MOT17-02,parada
31,273,1,kept,0.056354,static,MOT17-02,parada
31,275,1,kept,0.052079,static,MOT17-02,parada
31,278,3,kept,0.04288133333333333,static,MOT17-02,parada
31,285,1,kept,0.043779,static,MOT17-02,parada
31,287,1,kept,0.045699,static,MOT17-02,parada
31,290,1,switched,0.043395,static,MOT17-02,parada
31,292,1,kept,0.049539,static,MOT17-02,parada
31,294,3,kept,0.049539,static,MOT17-02,parada
31,304,1,kept,0.050967,static,MOT17-02,parada
31,307,5,kept,0.050153399999999994,static,MOT17-02,parada
31,318,2,kept,0.038155999999999995,static,MOT17-02,parada
31,327,1,kept,0.030134,static,MOT17-02,parada
31,331,1,kept,0.030134,static,MOT17-02,parada
31,336,1,kept,0.027158,static,MOT17-02,parada
31,338,19,kept,0.00013706315789473685,static,MOT17-02,parada
31,358,243,lost,0.016377654320987655,static,MOT17-02,parada
36,29,1,kept,0.25203,static,MOT17-02,parada
36,73,1,kept,0.0,static,MOT17-02,parada
36,79,14,kept,0.0,static,MOT17-02,parada
36,94,3,kept,0.0,static,MOT17-02,parada
36,99,1,kept,0.0,static,MOT17-02,parada
36,101,2,kept,0.0,static,MOT17-02,parada
36,104,48,switched,0.0,static,MOT17-02,parada
36,335,96,switched,0.026273906249999996,static,MOT17-02,parada
36,434,8,kept,0.0366425,static,MOT17-02,parada
36,456,1,kept,0.53175,static,MOT17-02,parada
36,485,1,kept,0.57949,static,MOT17-02,parada
39,32,1,kept,0.13054,static,MOT17-02,parada
39,34,1,switched,0.10723,static,MOT17-02,parada
39,49,5,kept,0.1643358,static,MOT17-02,parada
39,78,2,kept,0.49553,static,MOT17-02,parada
39,82,11,kept,0.3787845454545455,static,MOT17-02,parada
39,95,1,kept,0.32828,static,MOT17-02,parada
39,113,20,switched,0.07289989999999999,static,MOT17-02,parada
39,144,2,switched,0.6572849999999999,static,MOT17-02,parada
39,176,1,kept,0.42424,static,MOT17-02,parada
39,178,11,switched,0.17235,static,MOT17-02,parada
39,190,1,kept,0.43902,static,MOT17-02,parada
39,230,1,kept,0.1087,static,MOT17-02,parada
39,232,33,switched,0.03385636363636364,static,MOT17-02,parada
39,298,13,switched,0.12355346153846154,static,MOT17-02,parada
39,376,1,lost,0.46809,static,MOT17-02,parada
68,26,7,kept,0.5179357142857144,static,MOT17-02,parada
68,37,28,kept,0.39911821428571426,static,MOT17-02,parada
68,66,2,kept,0.397725,static,MOT17-02,parada
68,69,13,kept,0.44930307692307697,static,MOT17-02,parada
68,83,3,kept,0.4318199999999999,static,MOT17-02,parada
68,87,1,kept,0.45455,static,MOT17-02,parada
68,89,10,kept,0.47272600000000004,static,MOT17-02,parada
68,100,7,kept,0.34724571428571427,static,MOT17-02,parada
68,108,2,kept,0.24784,static,MOT17-02,parada
68,111,5,kept,0.24783600000000003,static,MOT17-02,parada
68,117,1,kept,0.29004,static,MOT17-02,parada
68,119,9,kept,0.2637088888888889,static,MOT17-02,parada
68,133,1,kept,0.14177,static,MOT17-02,parada
68,135,4,kept,0.162605,static,MOT17-02,parada
68,141,1,kept,0.18939,static,MOT17-02,parada
68,144,4,kept,0.18939,static,MOT17-02,parada
68,156,1,kept,0.10606,static,MOT17-02,parada
68,158,1,kept,0.058442,static,MOT17-02,parada
68,160,1,switched,0.022727,static,MOT17-02,parada
68,165,1,kept,0.0,static,MOT17-02,parada
68,168,1,kept,0.0,static,MOT17-02,parada
68,171,1,kept,0.0,static,MOT17-02,parada
68,173,50,switched,0.5058229999999999,static,MOT17-02,parada
68,225,5,kept,0.60195,static,MOT17-02,parada
68,231,1,kept,0.59091,static,MOT17-02,parada
68,236,1,switched,0.56061,static,MOT17-02,parada
68,238,2,kept,0.549245,static,MOT17-02,parada
68,241,6,switched,0.5376983333333333,static,MOT17-02,parada
68,248,2,kept,0.54329,static,MOT17-02,parada
68,254,1,kept,0.53571,static,MOT17-02,parada
68,261,2,switched,0.52489,static,MOT17-02,parada
68,269,1,kept,0.4697,static,MOT17-02,parada
68,271,1,kept,0.4697,static,MOT17-02,parada
68,287,1,switched,0.40152,static,MOT17-02,parada
68,291,1,switched,0.39719,static,MOT17-02,parada
68,297,1,kept,0.38312,static,MOT17-02,parada
68,299,2,kept,0.36039,static,MOT17-02,parada
68,303,1,kept,0.36039,static,MOT17-02,parada
68,306,1,kept,0.33766,static,MOT17-02,parada
68,310,4,switched,0.32062,static,MOT17-02,parada
68,315,1,lost,0.31494,static,MOT17-02,parada
69,7,2,kept,0.32436,static,MOT17-02,parada
69,11,1,kept,0.34517,static,MOT17-02,parada
69,14,1,kept,0.32191,static,MOT17-02,parada
69,17,1,kept,0.34517,static,MOT17-02,parada
69,19,1,kept,0.34517,static,MOT17-02,parada
69,21,1,kept,0.34027,static,MOT17-02,parada
69,23,2,kept,0.3519,static,MOT17-02,parada
69,26,1,kept,0.36353,static,MOT17-02,parada
69,29,1,kept,0.35863,static,MOT17-02,parada
69,31,2,kept,0.37699,static,MOT17-02,parada
69,73,7,kept,0.31911285714285714,static,MOT17-02,parada
69,85,1,kept,0.27907,static,MOT17-02,parada
69,87,1,kept,0.29376,static,MOT17-02,parada
69,89,1,kept,0.29376,static,MOT17-02,parada
69,91,3,kept,0.30845,static,MOT17-02,parada
69,95,1,kept,0.28274,static,MOT17-02,parada
69,97,1,kept,0.28274,static,MOT17-02,parada
69,101,2,kept,0.27601,static,MOT17-02,parada
69,104,1,kept,0.27907,static,MOT17-02,parada
69,108,2,kept,0.21542,static,MOT17-02,parada
69,111,1,kept,0.20196,static,MOT17-02,parada
69,113,3,kept,0.22440000000000002,static,MOT17-02,parada
69,117,1,kept,0.25581,static,MOT17-02,parada
69,120,2,kept,0.26316,static,MOT17-02,parada
69,123,1,kept,0.23256,static,MOT17-02,parada
69,125,1,kept,0.20808,static,MOT17-02,parada
69,133,1,kept,0.11016,static,MOT17-02,parada
69,135,1,switched,0.12118,static,MOT17-02,parada
69,141,1,kept,0.15422,static,MOT17-02,parada
69,144,2,kept,0.15422,static,MOT17-02,parada
69,149,1,kept,0.15422,static,MOT17-02,parada
69,155,1,kept,0.088127,static,MOT17-02,parada
69,160,3,kept,0.0,static,MOT17-02,parada
69,164,1,kept,0.0,static,MOT17-02,parada
69,166,2,kept,0.0,static,MOT17-02,parada
69,169,1,kept,0.0,static,MOT17-02,parada
69,172,1,kept,0.0,static,MOT17-02,parada
69,237,1,kept,0.39045,static,MOT17-02,parada
69,240,1,kept,0.37576,static,MOT17-02,parada
69,263,1,switched,0.36353,static,MOT17-02,parada
69,278,1,kept,0.28397,static,MOT17-02,parada
69,280,1,lost,0.28397,static,MOT17-02,parada
70,58,57,switched,0.029253122807017543,static,MOT17-02,parada
70,116,2,kept,0.16607,static,MOT17-02,parada
70,122,1,switched,0.23662,static,MOT17-02,parada
70,124,1,switched,0.26408,static,MOT17-02,parada
70,134,73,lost,0.012050095890410957,static,MOT17-02,parada
40,128,82,switched,0.04416471219512195,static,MOT17-02,parada
40,211,17,switched,0.2284681,static,MOT17-02,parada
40,241,1,kept,0.33989,static,MOT17-02,parada
40,243,2,switched,0.33691,static,MOT17-02,parada
40,246,6,switched,0.32517500000000005,static,MOT17-02,parada
40,253,2,switched,0.425045,static,MOT17-02,parada
40,256,18,kept,0.38160333333333335,static,MOT17-02,parada
40,277,1,switched,0.081633,static,MOT17-02,parada
40,306,10,kept,0.1208333,static,MOT17-02,parada
40,317,3,kept,0.0,static,MOT17-02,parada
40,321,20,switched,0.00625,static,MOT17-02,parada
40,343,3,kept,0.0,static,MOT17-02,parada
40,350,8,kept,0.0,static,MOT17-02,parada
40,360,10,kept,0.0681818,static,MOT17-02,parada
40,372,1,kept,0.16279,static,MOT17-02,parada
40,375,2,kept,0.232555,static,MOT17-02,parada
40,379,4,kept,0.15040775,static,MOT17-02,parada
40,384,17,kept,0.0,static,MOT17-02,parada
40,402,3,kept,0.0,static,MOT17-02,parada
40,406,6,kept,0.0,static,MOT17-02,parada
40,414,2,kept,0.0,static,MOT17-02,parada
40,417,3,kept,0.0,static,MOT17-02,parada
40,421,72,switched,0.06785736111111113,static,MOT17-02,parada
27,55,8,kept,0.0,static,MOT17-02,parada
27,64,4,kept,0.0,static,MOT17-02,parada
27,69,1,kept,0.014103,static,MOT17-02,parada
27,78,1,kept,0.32885,static,MOT17-02,parada
27,358,1,kept,0.0,static,MOT17-02,parada
27,361,7,kept,0.0,static,MOT17-02,parada
27,369,5,kept,0.0,static,MOT17-02,parada
27,375,1,kept,0.32432,static,MOT17-02,parada
27,387,1,kept,0.055556,static,MOT17-02,parada
27,389,1,kept,0.0,static,MOT17-02,parada
27,391,1,kept,0.0,static,MOT17-02,parada
27,393,28,kept,0.0,static,MOT17-02,parada
27,422,1,kept,0.0,static,MOT17-02,parada
27,425,57,switched,0.08382456140350876,static,MOT17-02,parada
27,484,117,lost,0.02573403162393163,static,MOT17-02,parada
57,62,7,kept,0.0,static,MOT17-02,parada
57,71,1,kept,0.0,static,MOT17-02,parada
57,73,162,switched,0.06832435185185186,static,MOT17-02,parada
57,255,1,kept,1.0,static,MOT17-02,parada
57,257,2,kept,1.0,static,MOT17-02,parada
57,265,1,kept,1.0,static,MOT17-02,parada
57,270,1,kept,1.0,static,MOT17-02,parada
57,273,3,kept,1.0,static,MOT17-02,parada
57,281,1,kept,0.8658,static,MOT17-02,parada
57,288,1,kept,0.68695,static,MOT17-02,parada
57,365,1,kept,0.28571,static,MOT17-02,parada
57,370,1,kept,0.047619,static,MOT17-02,parada
57,372,75,switched,0.0756224,static,MOT17-02,parada
57,449,21,kept,0.009824285714285714,static,MOT17-02,parada
57,471,37,lost,0.3840678918918919,static,MOT17-02,parada
59,60,68,switched,0.01,static,MOT17-02,parada
59,130,1,kept,0.52,static,MOT17-02,parada
59,133,1,kept,0.6,static,MOT17-02,parada
59,159,1,kept,0.0,static,MOT17-02,parada
59,267,1,kept,0.51329,static,MOT17-02,parada
59,272,2,kept,0.41741,static,MOT17-02,parada
59,275,99,lost,0.10647183838383839,static,MOT17-02,parada
61,55,1,kept,0.0,static,MOT17-02,parada
61,57,7,kept,0.0,static,MOT17-02,parada
61,68,23,kept,0.0,static,MOT17-02,parada
61,92,130,switched,0.01411893692307692,static,MOT17-02,parada
61,226,14,switched,0.2694235714285715,static,MOT17-02,parada
61,262,3,switched,0.25953,static,MOT17-02,parada
61,266,1,switched,0.25819,static,MOT17-02,parada
61,269,1,kept,0.21873,static,MOT17-02,parada
61,271,2,kept,0.19431500000000002,static,MOT17-02,parada
61,276,5,kept,0.09591960000000001,static,MOT17-02,parada
61,282,6,kept,0.09420250000000001,static,MOT17-02,parada
61,289,110,switched,0.08445651818181817,static,MOT17-02,parada
61,404,68,switched,0.006691176470588235,static,MOT17-02,parada
61,505,1,kept,0.226,static,MOT17-02,parada
61,510,5,kept,0.2736,static,MOT17-02,parada
61,516,4,kept,0.248,static,MOT17-02,parada
61,521,80,lost,0.11863641249999998,static,MOT17-02,parada
37,163,1,kept,0.65534,static,MOT17-02,parada
37,166,3,kept,0.3550966666666666,static,MOT17-02,parada
37,170,2,kept,0.34717,static,MOT17-02,parada
37,180,1,kept,0.61807,static,MOT17-02,parada
37,190,1,kept,0.63159,static,MOT17-02,parada
37,207,97,switched,0.18012,static,MOT17-02,parada
37,305,12,switched,0.34885666666666665,static,MOT17-02,parada
37,332,5,lost,0.621354,static,MOT17-02,parada
29,68,1,kept,0.66667,static,MOT17-02,parada
29,70,3,switched,0.8064533333333334,static,MOT17-02,parada
29,141,1,kept,1.0,static,MOT17-02,parada
29,145,1,kept,1.0,static,MOT17-02,parada
29,157,1,kept,1.0,static,MOT17-02,parada
29,164,1,kept,1.0,static,MOT17-02,parada
29,178,1,kept,1.0,static,MOT17-02,parada
29,181,1,kept,1.0,static,MOT17-02,parada
29,183,2,kept,1.0,static,MOT17-02,parada
29,188,2,kept,1.0,static,MOT17-02,parada
29,199,2,kept,1.0,static,MOT17-02,parada
29,202,1,kept,0.98,static,MOT17-02,parada
29,207,1,kept,0.86,static,MOT17-02,parada
29,212,1,kept,0.75,static,MOT17-02,parada
29,220,1,kept,0.56522,static,MOT17-02,parada
29,223,1,kept,0.46667,static,MOT17-02,parada
29,226,1,kept,0.3913,static,MOT17-02,parada
29,228,1,kept,0.34043,static,MOT17-02,parada
29,230,4,kept,0.2828,static,MOT17-02,parada
29,235,38,switched,0.2672244736842105,static,MOT17-02,parada
29,274,1,kept,0.5,static,MOT17-02,parada
29,276,1,kept,0.5,static,MOT17-02,parada
29,284,1,kept,0.58333,static,MOT17-02,parada
29,303,1,kept,0.65957,static,MOT17-02,parada
29,306,1,switched,0.65957,static,MOT17-02,parada
29,312,3,kept,0.65957,static,MOT17-02,parada
29,316,2,kept,0.65957,static,MOT17-02,parada
29,320,7,kept,0.6595699999999999,static,MOT17-02,parada
29,328,2,kept,0.67391,static,MOT17-02,parada
29,334,2,kept,0.67391,static,MOT17-02,parada
29,337,1,kept,0.67391,static,MOT17-02,parada
29,340,1,kept,0.0,static,MOT17-02,parada
29,343,3,kept,0.0,static,MOT17-02,parada
29,348,5,kept,0.0,static,MOT17-02,parada
29,355,16,switched,0.0,static,MOT17-02,parada
29,381,1,kept,0.6,static,MOT17-02,parada
29,383,1,kept,0.31111,static,MOT17-02,parada
29,387,24,kept,0.0,static,MOT17-02,parada
29,415,1,kept,0.18182,static,MOT17-02,parada
29,418,1,kept,0.0,static,MOT17-02,parada
29,421,40,kept,0.218083125,static,MOT17-02,parada
29,462,5,switched,0.0,static,MOT17-02,parada
29,474,1,kept,0.11827,static,MOT17-02,parada
29,479,6,kept,0.03633433333333334,static,MOT17-02,parada
71,105,1,kept,0.21694,static,MOT17-02,parada
71,107,44,lost,0.08088353409090908,static,MOT17-02,parada
62,155,1,kept,0.29032,static,MOT17-02,parada
62,157,115,switched,0.1020925043478261,static,MOT17-02,parada
62,277,1,kept,0.5,static,MOT17-02,parada
62,293,2,kept,0.613635,static,MOT17-02,parada
62,360,27,kept,0.0,static,MOT17-02,parada
62,388,2,kept,0.003017235,static,MOT17-02,parada
62,394,1,kept,0.42659,static,MOT17-02,parada
62,401,14,lost,0.0,static,MOT17-02,parada
73,160,2,kept,0.0,static,MOT17-02,parada
73,163,4,kept,0.0,static,MOT17-02,parada
73,168,25,kept,0.047431224,static,MOT17-02,parada
73,194,8,kept,0.016897125,static,MOT17-02,parada
73,203,30,lost,0.007668016666666667,static,MOT17-02,parada
43,222,4,kept,0.0143145,static,MOT17-02,parada
43,235,19,switched,0.0805531052631579,static,MOT17-02,parada
43,257,1,kept,0.76587,static,MOT17-02,parada
43,261,2,switched,0.881745,static,MOT17-02,parada
43,379,25,kept,0.04358732,static,MOT17-02,parada
43,406,83,switched,0.06935309879518073,static,MOT17-02,parada
43,490,1,kept,0.58824,static,MOT17-02,parada
43,493,1,kept,0.60606,static,MOT17-02,parada
43,531,1,kept,0.58065,static,MOT17-02,parada
43,533,3,kept,0.43111666666666665,static,MOT17-02,parada
43,537,21,switched,0.15344980952380954,static,MOT17-02,parada
58,152,1,kept,0.0,static,MOT17-02,parada
58,154,2,kept,0.0,static,MOT17-02,parada
58,157,6,kept,0.0,static,MOT17-02,parada
58,164,2,kept,0.0,static,MOT17-02,parada
58,167,4,kept,0.0,static,MOT17-02,parada
58,172,35,switched,0.056833800000000004,static,MOT17-02,parada
58,240,3,switched,1.0,static,MOT17-02,parada
58,244,4,kept,1.0,static,MOT17-02,parada
58,249,6,kept,1.0,static,MOT17-02,parada
58,256,1,kept,1.0,static,MOT17-02,parada
58,258,4,kept,1.0,static,MOT17-02,parada
58,263,2,kept,1.0,static,MOT17-02,parada
58,362,3,kept,0.0,static,MOT17-02,parada
58,366,2,kept,0.0,static,MOT17-02,parada
58,369,22,kept,0.0,static,MOT17-02,parada
58,403,40,lost,0.0,static,MOT17-02,parada
67,204,2,kept,0.0,static,MOT17-02,parada
67,207,1,kept,0.0,static,MOT17-02,parada
67,209,2,switched,0.0,static,MOT17-02,parada
67,212,104,switched,0.0021578076923076924,static,MOT17-02,parada
67,318,4,kept,0.025,static,MOT17-02,parada
67,324,100,switched,0.0,static,MOT17-02,parada
67,425,3,kept,0.0,static,MOT17-02,parada
67,429,13,switched,0.0,static,MOT17-02,parada
67,443,22,switched,0.006911145454545456,static,MOT17-02,parada
67,471,2,kept,0.0,static,MOT17-02,parada
67,474,1,kept,0.034483,static,MOT17-02,parada
67,476,2,kept,0.22215000000000001,static,MOT17-02,parada
67,479,16,lost,0.282796875,static,MOT17-02,parada
28,170,3,kept,0.16087666666666667,static,MOT17-02,parada
28,292,3,kept,0.6830633333333335,static,MOT17-02,parada
28,297,3,kept,0.6081266666666667,static,MOT17-02,parada
28,301,1,kept,0.56989,static,MOT17-02,parada
28,308,4,kept,0.4601975,static,MOT17-02,parada
28,315,2,kept,0.389165,static,MOT17-02,parada
28,318,2,kept,0.36075500000000005,static,MOT17-02,parada
28,322,1,kept,0.31814,static,MOT17-02,parada
28,325,3,kept,0.28973,static,MOT17-02,parada
28,330,5,kept,0.27268400000000004,static,MOT17-02,parada
28,336,12,kept,0.08940116666666666,static,MOT17-02,parada
28,349,11,kept,0.0,static,MOT17-02,parada
28,361,15,kept,0.025647866666666665,static,MOT17-02,parada
28,377,4,kept,0.10654,static,MOT17-02,parada
28,382,1,kept,0.09707,static,MOT17-02,parada
28,384,12,kept,0.0,static,MOT17-02,parada
28,397,41,switched,0.0075934999999999996,static,MOT17-02,parada
28,440,1,kept,0.025747,static,MOT17-02,parada
28,460,141,lost,0.0662264595744681,static,MOT17-02,parada
60,242,15,switched,0.012356358666666671,static,MOT17-02,parada
60,259,2,switched,0.0057471,static,MOT17-02,parada
60,262,3,kept,0.011254733333333334,static,MOT17-02,parada
60,267,2,kept,0.074713,static,MOT17-02,parada
60,373,155,switched,0.04543877419354839,static,MOT17-02,parada
60,529,5,kept,0.176614,static,MOT17-02,parada
60,541,1,kept,0.19709,static,MOT17-02,parada
60,545,2,kept,0.21837,static,MOT17-02,parada
60,548,4,kept,0.22196000000000002,static,MOT17-02,parada
60,555,1,kept,0.243,static,MOT17-02,parada
60,558,1,kept,0.24828,static,MOT17-02,parada
60,564,3,kept,0.25506999999999996,static,MOT17-02,parada
60,571,1,kept,0.22311,static,MOT17-02,parada
60,573,2,kept,0.21264,static,MOT17-02,parada
60,584,1,kept,0.15556,static,MOT17-02,parada
60,586,1,kept,0.15217,static,MOT17-02,parada
60,588,2,kept,0.156115,static,MOT17-02,parada
60,593,2,kept,0.16595500000000002,static,MOT17-02,parada
60,599,2,lost,0.17389,static,MOT17-02,parada
41,230,3,switched,0.12254999999999999,static,MOT17-02,parada
41,234,14,kept,0.16436785714285712,static,MOT17-02,parada
41,249,15,kept,0.5013059333333333,static,MOT17-02,parada
41,266,2,kept,0.68309,static,MOT17-02,parada
41,272,15,switched,0.15158566666666667,static,MOT17-02,parada
41,289,2,kept,0.283835,static,MOT17-02,parada
41,292,77,switched,0.10485827272727273,static,MOT17-02,parada
41,370,34,switched,0.04691538235294118,static,MOT17-02,parada
41,413,3,kept,0.15415666666666666,static,MOT17-02,parada
41,443,7,switched,0.0,static,MOT17-02,parada
41,459,1,kept,0.87097,static,MOT17-02,parada
41,462,22,switched,0.27819109090909094,static,MOT17-02,parada
41,490,24,switched,0.07252807958333334,static,MOT17-02,parada
41,515,1,kept,0.28571,static,MOT17-02,parada
41,518,1,kept,0.35897,static,MOT17-02,parada
41,521,1,kept,0.44444,static,MOT17-02,parada
41,523,17,switched,0.2856081764705883,static,MOT17-02,parada
41,560,1,kept,0.5,static,MOT17-02,parada
41,564,2,kept,0.642285,static,MOT17-02,parada
41,572,9,lost,0.06339198888888889,static,MOT17-02,parada
42,258,75,switched,0.13807208000000004,static,MOT17-02,parada
42,335,16,switched,0.37888000000000005,static,MOT17-02,parada
42,359,1,kept,0.78355,static,MOT17-02,parada
42,364,30,switched,0.1640534,static,MOT17-02,parada
42,396,8,switched,0.0550735,static,MOT17-02,parada
42,420,3,switched,0.35502999999999996,static,MOT17-02,parada
42,425,1,kept,0.29882,static,MOT17-02,parada
42,444,12,switched,0.0,static,MOT17-02,parada
42,463,8,kept,0.279698125,static,MOT17-02,parada
42,473,17,switched,0.12533302941176472,static,MOT17-02,parada
42,498,3,kept,0.15564266666666668,static,MOT17-02,parada
42,504,2,kept,0.0362195,static,MOT17-02,parada
42,507,16,switched,0.006655875,static,MOT17-02,parada
42,524,46,lost,0.0002545826086956522,static,MOT17-02,parada
54,471,11,kept,0.18797272727272726,static,MOT17-02,parada
54,564,16,lost,0.355114375,static,MOT17-02,parada
44,282,2,kept,0.521855,static,MOT17-02,parada
44,285,5,kept,0.41858000000000006,static,MOT17-02,parada
44,291,1,kept,0.31148,static,MOT17-02,parada
44,293,1,kept,0.23497,static,MOT17-02,parada
44,303,12,switched,0.23667749999999999,static,MOT17-02,parada
44,317,1,kept,0.2418,static,MOT17-02,parada
44,327,26,kept,0.194855,static,MOT17-02,parada
44,370,1,kept,0.27967,static,MOT17-02,parada
44,376,1,kept,0.31189,static,MOT17-02,parada
44,388,1,kept,0.31505,static,MOT17-02,parada
44,390,1,kept,0.30317,static,MOT17-02,parada
44,395,4,kept,0.19703,static,MOT17-02,parada
44,401,2,kept,0.0,static,MOT17-02,parada
44,404,27,kept,0.0,static,MOT17-02,parada
44,432,17,kept,0.003678235294117647,static,MOT17-02,parada
44,451,5,kept,0.0,static,MOT17-02,parada
44,457,14,kept,0.023809785714285714,static,MOT17-02,parada
44,472,1,kept,0.33221,static,MOT17-02,parada
44,475,2,kept,0.50353,static,MOT17-02,parada
44,484,36,switched,0.042145444444444444,static,MOT17-02,parada
38,284,8,switched,0.1456402625,static,MOT17-02,parada
38,328,34,switched,0.0723375294117647,static,MOT17-02,parada
38,363,1,kept,0.025,static,MOT17-02,parada
38,368,16,switched,0.0883043125,static,MOT17-02,parada
38,438,2,kept,0.096722,static,MOT17-02,parada
38,442,2,kept,0.0,static,MOT17-02,parada
38,445,14,switched,0.020417142857142856,static,MOT17-02,parada
38,466,14,kept,0.05373178571428572,static,MOT17-02,parada
38,492,2,kept,0.090911,static,MOT17-02,parada
38,495,16,switched,0.152615625,static,MOT17-02,parada
32,442,1,kept,1.0,static,MOT17-02,parada
32,445,9,kept,0.08410333333333334,static,MOT17-02,parada
32,476,5,switched,0.813696,static,MOT17-02,parada
32,486,12,kept,0.12624499999999997,static,MOT17-02,parada
32,499,10,kept,0.194201,static,MOT17-02,parada
32,511,2,kept,0.39005999999999996,static,MOT17-02,parada
76,372,1,kept,0.0,static,MOT17-02,parada
76,376,10,kept,0.0,static,MOT17-02,parada
76,387,1,kept,0.0,static,MOT17-02,parada
76,389,48,switched,0.0,static,MOT17-02,parada
76,438,1,kept,0.0,static,MOT17-02,parada
76,440,7,kept,0.0,static,MOT17-02,parada
76,448,9,kept,0.0,static,MOT17-02,parada
76,459,1,kept,0.0,static,MOT17-02,parada
76,461,5,lost,0.010561200000000001,static,MOT17-02,parada
56,333,1,kept,0.55556,static,MOT17-02,parada
56,335,1,kept,0.58824,static,MOT17-02,parada
56,346,1,kept,0.61111,static,MOT17-02,parada
56,348,1,kept,0.61111,static,MOT17-02,parada
56,359,26,kept,0.0,static,MOT17-02,parada
56,386,76,switched,0.00037593947368421056,static,MOT17-02,parada
56,466,6,kept,0.015403666666666668,static,MOT17-02,parada
56,497,64,switched,0.21784234375,static,MOT17-02,parada
56,562,3,kept,0.30435,static,MOT17-02,parada
56,566,11,kept,0.32371818181818185,static,MOT17-02,parada
56,582,3,kept,0.49624,static,MOT17-02,parada
56,586,1,kept,0.46872,static,MOT17-02,parada
56,588,2,kept,0.46872,static,MOT17-02,parada
56,592,4,kept,0.42308,static,MOT17-02,parada
56,599,2,lost,0.42308,static,MOT17-02,parada
33,361,1,kept,0.56637,static,MOT17-02,parada
33,377,2,kept,0.412045,static,MOT17-02,parada
33,380,1,kept,0.45103,static,MOT17-02,parada
33,451,25,switched,0.1709868,static,MOT17-02,parada
33,548,3,kept,0.31003000000000003,static,MOT17-02,parada
33,553,7,kept,0.24274,static,MOT17-02,parada
33,572,2,switched,0.125575,static,MOT17-02,parada
33,581,1,kept,0.26046,static,MOT17-02,parada
48,390,1,kept,0.38462,static,MOT17-02,parada
48,392,3,kept,0.38462,static,MOT17-02,parada
48,396,74,switched,0.04174741891891892,static,MOT17-02,parada
48,474,1,kept,1.0,static,MOT17-02,parada
34,452,5,kept,0.0,static,MOT17-02,parada
34,498,1,kept,1.0,static,MOT17-02,parada
34,552,1,kept,1.0,static,MOT17-02,parada
34,560,12,switched,1.0,static,MOT17-02,parada
35,456,4,kept,0.0,static,MOT17-02,parada
49,388,7,kept,0.14857142857142858,static,MOT17-02,parada
49,396,38,switched,0.10736842105263159,static,MOT17-02,parada
49,436,61,kept,0.40271396721311475,static,MOT17-02,parada
49,577,1,switched,1.0,static,MOT17-02,parada
16,437,1,switched,0.74508,static,MOT17-02,parada
16,441,2,kept,0.732215,static,MOT17-02,parada
16,446,1,kept,0.74568,static,MOT17-02,parada
16,454,1,kept,0.72262,static,MOT17-02,parada
16,456,5,kept,0.7225940000000001,static,MOT17-02,parada
16,462,1,kept,0.73755,static,MOT17-02,parada
16,464,1,kept,0.74066,static,MOT17-02,parada
16,466,2,kept,0.73807,static,MOT17-02,parada
16,470,4,kept,0.6795175,static,MOT17-02,parada
16,475,13,lost,0.3422123076923077,static,MOT17-02,parada
64,533,6,kept,0.30339166666666667,static,MOT17-02,parada
64,540,1,kept,0.29004,static,MOT17-02,parada
64,542,2,kept,0.29004,static,MOT17-02,parada
64,548,2,kept,0.314935,static,MOT17-02,parada
64,551,1,kept,0.36797,static,MOT17-02,parada
64,553,3,kept,0.3932166666666667,static,MOT17-02,parada
64,557,2,kept,0.40909,static,MOT17-02,parada
64,563,2,kept,0.45455,static,MOT17-02,parada
64,567,3,kept,0.46392666666666665,static,MOT17-02,parada
64,572,1,kept,0.51515,static,MOT17-02,parada
64,576,9,kept,0.5471377777777778,static,MOT17-02,parada
64,586,7,kept,0.5816328571428572,static,MOT17-02,parada
64,594,1,kept,0.50866,static,MOT17-02,parada
64,597,4,lost,0.5248925,static,MOT17-02,parada
78,495,12,kept,0.016154733333333334,static,MOT17-02,parada
78,508,8,lost,0.00084683125,static,MOT17-02,parada
79,552,2,kept,0.560605,static,MOT17-02,parada
79,555,27,lost,0.003367,static,MOT17-02,parada
55,573,1,kept,0.55898,static,MOT17-02,parada
55,577,5,switched,0.24278199999999997,static,MOT17-02,parada
55,584,1,lost,0.052632,static,MOT17-02,parada
2,610,71,lost,0.06596702535211267,static,MOT17-04,parada
3,204,2,kept,0.41491,static,MOT17-04,parada
3,207,1,kept,0.41365,static,MOT17-04,parada
3,209,2,kept,0.40097000000000005,static,MOT17-04,parada
3,225,2,kept,0.313825,static,MOT17-04,parada
3,228,2,kept,0.319275,static,MOT17-04,parada
3,233,3,kept,0.47927000000000003,static,MOT17-04,parada
5,115,2,kept,0.58755,static,MOT17-04,parada
5,141,1,kept,0.59851,static,MOT17-04,parada
5,150,1,kept,0.61314,static,MOT17-04,parada
5,166,1,kept,0.63082,static,MOT17-04,parada
5,173,3,kept,0.6165666666666666,static,MOT17-04,parada
5,186,1,kept,0.6087,static,MOT17-04,parada
5,265,1,kept,0.61455,static,MOT17-04,parada
5,284,1,kept,0.60902,static,MOT17-04,parada
5,290,1,kept,0.61654,static,MOT17-04,parada
5,292,1,kept,0.61798,static,MOT17-04,parada
5,342,1,kept,0.6037,static,MOT17-04,parada
5,362,1,kept,0.60687,static,MOT17-04,parada
5,424,1,kept,0.60078,static,MOT17-04,parada
5,430,2,kept,0.607,static,MOT17-04,parada
5,440,2,kept,0.6049150000000001,static,MOT17-04,parada
5,443,1,kept,0.60606,static,MOT17-04,parada
5,479,1,kept,0.58846,static,MOT17-04,parada
5,490,1,kept,0.56972,static,MOT17-04,parada
5,493,1,kept,0.56972,static,MOT17-04,parada
5,495,1,kept,0.56972,static,MOT17-04,parada
5,497,2,kept,0.56972,static,MOT17-04,parada
5,506,2,kept,0.5823499999999999,static,MOT17-04,parada
5,515,2,kept,0.58915,static,MOT17-04,parada
5,518,1,kept,0.58755,static,MOT17-04,parada
5,522,1,kept,0.58527,static,MOT17-04,parada
5,527,2,kept,0.58366,static,MOT17-04,parada
5,531,1,kept,0.57977,static,MOT17-04,parada
5,536,2,kept,0.57812,static,MOT17-04,parada
5,540,2,kept,0.575635,static,MOT17-04,parada
5,543,50,switched,0.5876917999999999,static,MOT17-04,parada
5,594,36,switched,0.5675075,static,MOT17-04,parada
5,640,1,kept,0.59231,static,MOT17-04,parada
5,643,2,kept,0.59231,static,MOT17-04,parada
5,647,2,kept,0.59073,static,MOT17-04,parada
5,670,1,kept,0.58846,static,MOT17-04,parada
5,682,2,kept,0.6050150000000001,static,MOT17-04,parada
5,688,1,kept,0.59696,static,MOT17-04,parada
5,699,2,kept,0.578945,static,MOT17-04,parada
5,706,1,kept,0.57647,static,MOT17-04,parada
5,708,1,kept,0.57647,static,MOT17-04,parada
5,714,1,kept,0.57647,static,MOT17-04,parada
5,717,4,kept,0.5735399999999999,static,MOT17-04,parada
5,726,87,switched,0.5526022988505747,static,MOT17-04,parada
5,822,18,kept,0.5747550000000001,static,MOT17-04,parada
5,842,3,kept,0.5668,static,MOT17-04,parada
5,846,4,kept,0.5698375,static,MOT17-04,parada
5,851,3,kept,0.57085,static,MOT17-04,parada
5,858,5,kept,0.570966,static,MOT17-04,parada
5,864,3,kept,0.57317,static,MOT17-04,parada
5,868,4,kept,0.57724,static,MOT17-04,parada
5,876,10,kept,0.588618,static,MOT17-04,parada
5,895,1,kept,0.57959,static,MOT17-04,parada
5,897,1,kept,0.57551,static,MOT17-04,parada
5,900,46,switched,0.5588347826086958,static,MOT17-04,parada
5,950,2,kept,0.582355,static,MOT17-04,parada
5,953,3,kept,0.58203,static,MOT17-04,parada
5,975,2,kept,0.58039,static,MOT17-04,parada
5,980,1,kept,0.58039,static,MOT17-04,parada
5,985,54,switched,0.5624544444444445,static,MOT17-04,parada
60,69,10,kept,0.24573299999999998,static,MOT17-04,parada
60,104,4,kept,0.38801,static,MOT17-04,parada
60,109,2,kept,0.33049,static,MOT17-04,parada
60,113,1,kept,0.29714,static,MOT17-04,parada
60,117,1,kept,0.33321,static,MOT17-04,parada
60,120,2,kept,0.367355,static,MOT17-04,parada
60,124,2,kept,0.39925,static,MOT17-04,parada
61,62,2,kept,0.61111,static,MOT17-04,parada
61,69,12,lost,0.3715275,static,MOT17-04,parada
62,397,4,kept,0.570075,static,MOT17-04,parada
62,405,60,lost,0.30382878333333335,static,MOT17-04,parada
63,141,3,switched,0.36962,static,MOT17-04,parada
63,152,1,kept,0.34392,static,MOT17-04,parada
63,572,1,kept,0.56552,static,MOT17-04,parada
63,588,101,lost,0.32231089108910893,static,MOT17-04,parada
65,136,1,kept,0.79006,static,MOT17-04,parada
65,138,1,kept,0.7967,static,MOT17-04,parada
65,140,1,kept,0.80663,static,MOT17-04,parada
65,144,8,switched,0.8190062499999999,static,MOT17-04,parada
65,568,1,kept,0.54777,static,MOT17-04,parada
65,570,3,kept,0.5360333333333333,static,MOT17-04,parada
65,574,77,lost,0.30754277922077916,static,MOT17-04,parada
66,17,1,kept,1.0,static,MOT17-04,parada
66,54,10,switched,1.0,static,MOT17-04,parada
66,387,1,kept,0.62745,static,MOT17-04,parada
66,390,39,switched,0.1730991076923077,static,MOT17-04,parada
66,444,42,switched,0.23535309523809525,static,MOT17-04,parada
67,13,1,kept,0.40975,static,MOT17-04,parada
67,16,1,kept,0.34682,static,MOT17-04,parada
67,18,7,kept,0.41339571428571426,static,MOT17-04,parada
67,26,1,kept,0.53448,static,MOT17-04,parada
67,435,1,kept,0.38878,static,MOT17-04,parada
67,438,2,kept,0.38288,static,MOT17-04,parada
67,442,78,lost,0.06191851282051283,static,MOT17-04,parada
68,13,1,kept,1.0,static,MOT17-04,parada
68,16,1,kept,1.0,static,MOT17-04,parada
68,102,6,switched,0.6224500000000001,static,MOT17-04,parada
68,109,2,switched,0.60922,static,MOT17-04,parada
68,115,2,kept,0.60714,static,MOT17-04,parada
68,119,8,kept,0.6074025000000001,static,MOT17-04,parada
68,132,4,switched,0.60749,static,MOT17-04,parada
68,138,7,switched,0.60749,static,MOT17-04,parada
68,147,3,kept,0.60749,static,MOT17-04,parada
68,151,2,kept,0.60749,static,MOT17-04,parada
68,154,1,kept,0.60749,static,MOT17-04,parada
68,156,3,kept,0.60749,static,MOT17-04,parada
68,160,10,switched,0.6074900000000001,static,MOT17-04,parada
68,172,1,kept,0.60749,static,MOT17-04,parada
68,174,3,kept,0.60749,static,MOT17-04,parada
68,194,1,kept,0.6155,static,MOT17-04,parada
68,197,1,kept,0.6155,static,MOT17-04,parada
68,199,1,kept,0.6155,static,MOT17-04,parada
68,205,2,kept,0.6155,static,MOT17-04,parada
68,210,5,kept,0.6155,static,MOT17-04,parada
68,216,2,kept,0.6155,static,MOT17-04,parada
68,236,1,kept,0.6155,static,MOT17-04,parada
68,239,2,kept,0.6155,static,MOT17-04,parada
68,248,1,kept,0.6155,static,MOT17-04,parada
68,274,2,kept,0.62319,static,MOT17-04,parada
68,279,1,kept,0.62319,static,MOT17-04,parada
68,282,1,switched,0.62319,static,MOT17-04,parada
68,285,1,switched,0.62319,static,MOT17-04,parada
68,287,2,switched,0.62319,static,MOT17-04,parada
68,290,3,kept,0.62319,static,MOT17-04,parada
68,294,2,kept,0.62319,static,MOT17-04,parada
68,299,1,kept,0.62319,static,MOT17-04,parada
68,301,1,kept,0.62319,static,MOT17-04,parada
68,304,1,switched,0.62319,static,MOT17-04,parada
68,315,1,kept,0.62319,static,MOT17-04,parada
68,318,1,kept,0.62319,static,MOT17-04,parada
68,322,1,kept,0.62319,static,MOT17-04,parada
68,328,1,kept,0.62319,static,MOT17-04,parada
68,339,1,switched,0.63253,static,MOT17-04,parada
68,343,1,kept,0.63253,static,MOT17-04,parada
68,346,1,kept,0.63253,static,MOT17-04,parada
68,366,1,switched,0.63253,static,MOT17-04,parada
68,383,1,kept,0.63768,static,MOT17-04,parada
68,391,1,kept,0.63768,static,MOT17-04,parada
68,394,2,kept,0.63768,static,MOT17-04,parada
68,399,1,switched,0.63768,static,MOT17-04,parada
68,460,1,kept,0.69661,static,MOT17-04,parada
68,807,1,switched,0.7336,static,MOT17-04,parada
68,839,1,kept,0.45532,static,MOT17-04,parada
68,843,1,kept,0.44856,static,MOT17-04,parada
68,853,2,kept,0.428995,static,MOT17-04,parada
68,861,1,kept,0.44632,static,MOT17-04,parada
68,863,2,kept,0.47452000000000005,static,MOT17-04,parada
68,867,1,kept,0.49378,static,MOT17-04,parada
68,880,2,kept,0.55385,static,MOT17-04,parada
68,925,1,kept,0.15842,static,MOT17-04,parada
68,928,1,kept,0.15865,static,MOT17-04,parada
68,933,2,kept,0.188875,static,MOT17-04,parada
68,936,24,kept,0.21167166666666667,static,MOT17-04,parada
68,961,4,kept,0.231925,static,MOT17-04,parada
68,980,4,switched,0.132626,static,MOT17-04,parada
68,986,1,kept,0.2475,static,MOT17-04,parada
68,990,1,kept,0.40308,static,MOT17-04,parada
68,1013,1,kept,0.72727,static,MOT17-04,parada
69,20,82,switched,0.2850563414634146,static,MOT17-04,parada
69,112,1,kept,0.39381,static,MOT17-04,parada
69,114,1,kept,0.39381,static,MOT17-04,parada
69,118,1,switched,0.39381,static,MOT17-04,parada
69,128,4,kept,0.40746750000000004,static,MOT17-04,parada
69,136,2,kept,0.41544,static,MOT17-04,parada
69,145,1,kept,0.4257,static,MOT17-04,parada
69,178,2,kept,0.45441,static,MOT17-04,parada
69,181,1,kept,0.46336,static,MOT17-04,parada
69,185,2,kept,0.46336,static,MOT17-04,parada
69,190,1,kept,0.46336,static,MOT17-04,parada
69,200,1,kept,0.38911,static,MOT17-04,parada
69,215,1,kept,0.32905,static,MOT17-04,parada
69,218,10,switched,0.251764,static,MOT17-04,parada
69,229,1,kept,0.094305,static,MOT17-04,parada
69,231,1,kept,0.11869,static,MOT17-04,parada
69,283,1,kept,0.2989,static,MOT17-04,parada
69,342,1,kept,0.28088,static,MOT17-04,parada
69,344,1,kept,0.28088,static,MOT17-04,parada
69,398,1,kept,0.26649,static,MOT17-04,parada
69,405,1,kept,0.24129,static,MOT17-04,parada
69,407,2,kept,0.225135,static,MOT17-04,parada
69,418,1,kept,0.19019,static,MOT17-04,parada
69,452,1,kept,0.20306,static,MOT17-04,parada
69,457,1,kept,0.2189,static,MOT17-04,parada
69,960,1,kept,0.49276,static,MOT17-04,parada
69,964,16,switched,0.53193875,static,MOT17-04,parada
70,64,2,switched,0.19907,static,MOT17-04,parada
70,118,2,kept,0.7641249999999999,static,MOT17-04,parada
70,122,1,kept,0.76224,static,MOT17-04,parada
70,635,56,lost,0.3888441785714286,static,MOT17-04,parada
71,4,1,kept,0.56,static,MOT17-04,parada
71,13,1,kept,0.51923,static,MOT17-04,parada
71,40,14,kept,0.21684571428571425,static,MOT17-04,parada
71,438,1,kept,0.60241,static,MOT17-04,parada
71,444,1,kept,1.0,static,MOT17-04,parada
71,459,1,kept,0.68478,static,MOT17-04,parada
71,481,1,kept,0.5,static,MOT17-04,parada
71,486,2,kept,0.594595,static,MOT17-04,parada
71,506,1,kept,0.57961,static,MOT17-04,parada
71,519,1,kept,0.4539,static,MOT17-04,parada
71,526,1,kept,0.45405,static,MOT17-04,parada
71,538,1,kept,0.4337,static,MOT17-04,parada
71,542,1,kept,0.80106,static,MOT17-04,parada
71,546,1,kept,0.8266,static,MOT17-04,parada
71,626,55,lost,0.3008998181818181,static,MOT17-04,parada
72,17,64,lost,0.31519046875,static,MOT17-04,parada
73,12,1,kept,0.46505,static,MOT17-04,parada
73,16,2,kept,0.44022,static,MOT17-04,parada
73,21,51,lost,0.2897635294117647,static,MOT17-04,parada
74,231,21,switched,0.22690280952380953,static,MOT17-04,parada
74,307,1,kept,0.48516,static,MOT17-04,parada
74,310,2,kept,0.44757,static,MOT17-04,parada
74,313,14,switched,0.3383842857142857,static,MOT17-04,parada
74,422,1,kept,0.49723,static,MOT17-04,parada
74,503,1,kept,0.24737,static,MOT17-04,parada
74,505,16,kept,0.089044875,static,MOT17-04,parada
74,522,3,switched,0.005331666666666666,static,MOT17-04,parada
74,626,168,switched,0.8403173214285713,static,MOT17-04,parada
74,797,8,kept,0.71728375,static,MOT17-04,parada
74,806,2,kept,0.722425,static,MOT17-04,parada
74,812,1,kept,0.72741,static,MOT17-04,parada
74,821,1,kept,0.76711,static,MOT17-04,parada
74,827,1,kept,0.76797,static,MOT17-04,parada
74,831,1,kept,0.77299,static,MOT17-04,parada
74,833,2,kept,0.77344,static,MOT17-04,parada
74,836,2,kept,0.77891,static,MOT17-04,parada
74,839,3,kept,0.7830400000000001,static,MOT17-04,parada
74,847,5,kept,0.828496,static,MOT17-04,parada
74,853,1,kept,0.84261,static,MOT17-04,parada
74,856,1,kept,0.84162,static,MOT17-04,parada
74,860,3,kept,0.8354866666666667,static,MOT17-04,parada
74,864,2,kept,0.83225,static,MOT17-04,parada
74,869,6,kept,0.8355899999999999,static,MOT17-04,parada
74,876,4,kept,0.82257,static,MOT17-04,parada
74,882,7,kept,0.80417,static,MOT17-04,parada
74,890,7,kept,0.8065328571428572,static,MOT17-04,parada
74,899,1,kept,0.80817,static,MOT17-04,parada
74,901,2,kept,0.81205,static,MOT17-04,parada
74,905,1,kept,0.81593,static,MOT17-04,parada
74,918,1,kept,0.82134,static,MOT17-04,parada
74,933,1,kept,0.8304,static,MOT17-04,parada
74,935,1,kept,0.82815,static,MOT17-04,parada
74,944,1,kept,0.82341,static,MOT17-04,parada
74,946,1,kept,0.81617,static,MOT17-04,parada
74,967,1,kept,0.81132,static,MOT17-04,parada
74,972,3,kept,0.8113199999999999,static,MOT17-04,parada
74,986,2,kept,0.81659,static,MOT17-04,parada
74,992,1,kept,0.82406,static,MOT17-04,parada
74,994,1,kept,0.82406,static,MOT17-04,parada
74,1005,1,kept,0.83015,static,MOT17-04,parada
74,1008,3,kept,0.83015,static,MOT17-04,parada
74,1012,8,kept,0.8271825,static,MOT17-04,parada
74,1028,2,kept,0.82409,static,MOT17-04,parada
74,1031,1,kept,0.82116,static,MOT17-04,parada
74,1036,2,kept,0.82409,static,MOT17-04,parada
74,1040,5,kept,0.827074,static,MOT17-04,parada
74,1046,3,kept,0.82835,static,MOT17-04,parada
75,193,12,switched,0.34764083333333334,static,MOT17-04,parada
75,224,19,switched,0.3905789473684211,static,MOT17-04,parada
75,521,1,kept,0.7209,static,MOT17-04,parada
75,525,35,switched,0.47563428571428573,static,MOT17-04,parada
75,794,3,kept,0.32607,static,MOT17-04,parada
75,805,1,kept,0.35266,static,MOT17-04,parada
75,808,4,switched,0.3685625,static,MOT17-04,parada
75,813,8,kept,0.36930250000000003,static,MOT17-04,parada
75,822,5,kept,0.369414,static,MOT17-04,parada
75,828,3,kept,0.38039,static,MOT17-04,parada
75,832,1,kept,0.37595,static,MOT17-04,parada
75,835,1,kept,0.37152,static,MOT17-04,parada
75,858,1,kept,0.38462,static,MOT17-04,parada
75,863,1,kept,0.38462,static,MOT17-04,parada
75,875,1,kept,0.35832,static,MOT17-04,parada
75,880,1,kept,0.36162,static,MOT17-04,parada
75,897,2,kept,0.36333,static,MOT17-04,parada
75,900,1,kept,0.36333,static,MOT17-04,parada
75,903,2,kept,0.35083,static,MOT17-04,parada
75,906,12,kept,0.3224116666666666,static,MOT17-04,parada
75,919,14,kept,0.2207178571428572,static,MOT17-04,parada
75,934,1,kept,0.20114,static,MOT17-04,parada
75,936,8,kept,0.2308775,static,MOT17-04,parada
75,945,1,kept,0.26401,static,MOT17-04,parada
75,947,15,kept,0.32414600000000005,static,MOT17-04,parada
75,963,2,kept,0.35521,static,MOT17-04,parada
75,966,1,kept,0.36839,static,MOT17-04,parada
75,969,2,kept,0.38623,static,MOT17-04,parada
75,979,2,kept,0.45315,static,MOT17-04,parada
76,453,1,kept,0.58219,static,MOT17-04,parada
76,458,1,kept,0.5411,static,MOT17-04,parada
76,460,49,lost,0.33227,static,MOT17-04,parada
78,6,1,kept,0.28477,static,MOT17-04,parada
78,1044,1,kept,0.21845,static,MOT17-04,parada
80,123,13,switched,1.0,static,MOT17-04,parada
80,475,1,kept,1.0,static,MOT17-04,parada
80,526,1,kept,0.648,static,MOT17-04,parada
80,532,14,switched,0.3794464285714286,static,MOT17-04,parada
80,574,1,kept,1.0,static,MOT17-04,parada
80,582,1,kept,1.0,static,MOT17-04,parada
80,584,2,kept,1.0,static,MOT17-04,parada
80,587,1,kept,1.0,static,MOT17-04,parada
80,589,1,kept,1.0,static,MOT17-04,parada
80,592,1,kept,1.0,static,MOT17-04,parada
80,598,1,kept,1.0,static,MOT17-04,parada
80,600,1,kept,1.0,static,MOT17-04,parada
80,608,4,switched,1.0,static,MOT17-04,parada
80,613,3,switched,1.0,static,MOT17-04,parada
80,621,1,kept,1.0,static,MOT17-04,parada
80,623,1,kept,1.0,static,MOT17-04,parada
80,625,4,kept,0.9842825000000001,static,MOT17-04,parada
80,632,16,switched,0.6884662500000001,static,MOT17-04,parada
80,649,18,kept,0.5191727777777778,static,MOT17-04,parada
80,668,1,kept,0.48295,static,MOT17-04,parada
80,671,2,kept,0.51111,static,MOT17-04,parada
80,678,2,kept,0.59414,static,MOT17-04,parada
80,681,2,kept,0.62557,static,MOT17-04,parada
80,686,2,kept,0.674375,static,MOT17-04,parada
80,692,2,kept,0.740205,static,MOT17-04,parada
80,754,1,kept,0.38347,static,MOT17-04,parada
80,814,4,kept,0.57331,static,MOT17-04,parada
80,819,72,lost,0.2603511722222222,static,MOT17-04,parada
82,32,97,switched,0.1545161443298969,static,MOT17-04,parada
82,133,1,kept,0.56604,static,MOT17-04,parada
82,347,11,kept,0.30550181818181815,static,MOT17-04,parada
82,541,1,kept,0.87692,static,MOT17-04,parada
82,544,1,kept,0.85385,static,MOT17-04,parada
82,546,2,kept,0.83077,static,MOT17-04,parada
82,549,14,kept,0.7491607142857143,static,MOT17-04,parada
82,565,1,kept,0.67433,static,MOT17-04,parada
82,567,1,kept,0.659,static,MOT17-04,parada
82,573,1,kept,0.62016,static,MOT17-04,parada
82,575,2,kept,0.6027549999999999,static,MOT17-04,parada
82,578,1,kept,0.58635,static,MOT17-04,parada
82,580,54,lost,0.3940094444444444,static,MOT17-04,parada
83,19,1,kept,1.0,static,MOT17-04,parada
83,23,9,switched,1.0,static,MOT17-04,parada
83,337,1,kept,0.41209,static,MOT17-04,parada
83,604,1,kept,0.51845,static,MOT17-04,parada
83,608,43,lost,0.4010593023255815,static,MOT17-04,parada
84,54,1,kept,0.35049,static,MOT17-04,parada
84,147,1,kept,0.35823,static,MOT17-04,parada
84,149,1,kept,0.30946,static,MOT17-04,parada
84,152,1,kept,0.29751,static,MOT17-04,parada
84,156,1,kept,0.32017,static,MOT17-04,parada
84,158,1,kept,0.32061,static,MOT17-04,parada
84,209,1,kept,0.55333,static,MOT17-04,parada
84,212,89,lost,0.31358573033707865,static,MOT17-04,parada
85,47,1,switched,0.33141,static,MOT17-04,parada
85,179,2,kept,0.369495,static,MOT17-04,parada
85,200,1,kept,0.25625,static,MOT17-04,parada
85,210,1,kept,0.35788,static,MOT17-04,parada
85,212,99,lost,0.29657565656565654,static,MOT17-04,parada
86,192,1,kept,0.45833,static,MOT17-04,parada
86,194,1,kept,0.44643,static,MOT17-04,parada
86,196,2,kept,0.436135,static,MOT17-04,parada
86,200,1,kept,0.42808,static,MOT17-04,parada
87,219,1,kept,0.49859,static,MOT17-04,parada
87,228,1,kept,0.36386,static,MOT17-04,parada
87,230,1,kept,0.33689,static,MOT17-04,parada
87,232,4,kept,0.330705,static,MOT17-04,parada
87,237,8,kept,0.30415625,static,MOT17-04,parada
87,246,2,kept,0.2902,static,MOT17-04,parada
87,250,1,kept,0.28525,static,MOT17-04,parada
87,514,1,kept,0.34996,static,MOT17-04,parada
87,516,1,kept,0.3494,static,MOT17-04,parada
87,532,2,kept,0.32126,static,MOT17-04,parada
87,535,1,kept,0.30935,static,MOT17-04,parada
88,58,5,kept,1.0,static,MOT17-04,parada
88,148,3,switched,1.0,static,MOT17-04,parada
88,216,1,switched,1.0,static,MOT17-04,parada
88,523,1,kept,0.31947,static,MOT17-04,parada
88,525,1,kept,0.29974,static,MOT17-04,parada
88,527,6,kept,0.3906133333333333,static,MOT17-04,parada
88,848,19,switched,0.49590052631578957,static,MOT17-04,parada
88,873,1,kept,0.49369,static,MOT17-04,parada
88,881,1,kept,0.44178,static,MOT17-04,parada
88,978,1,kept,0.36781,static,MOT17-04,parada
88,980,6,kept,0.34425666666666666,static,MOT17-04,parada
88,990,1,kept,0.3471,static,MOT17-04,parada
88,1028,2,kept,0.98306,static,MOT17-04,parada
88,1033,2,switched,1.0,static,MOT17-04,parada
89,13,18,kept,0.23604833333333333,static,MOT17-04,parada
89,32,2,kept,0.45516999999999996,static,MOT17-04,parada
89,36,11,switched,0.7811672727272726,static,MOT17-04,parada
89,53,1,kept,1.0,static,MOT17-04,parada
89,186,9,kept,0.4027277777777778,static,MOT17-04,parada
89,196,2,kept,0.47375500000000004,static,MOT17-04,parada
89,200,1,kept,0.51401,static,MOT17-04,parada
89,226,27,switched,0.12250544444444443,static,MOT17-04,parada
89,296,16,switched,0.258113125,static,MOT17-04,parada
89,315,6,kept,0.30955666666666665,static,MOT17-04,parada
89,471,16,switched,0.35353125,static,MOT17-04,parada
89,557,1,kept,0.29085,static,MOT17-04,parada
89,559,2,lost,0.271905,static,MOT17-04,parada
90,321,4,kept,1.0,static,MOT17-04,parada
90,399,1,kept,1.0,static,MOT17-04,parada
90,419,3,kept,0.86318,static,MOT17-04,parada
90,424,2,kept,1.0,static,MOT17-04,parada
90,428,9,kept,1.0,static,MOT17-04,parada
90,438,4,kept,0.996745,static,MOT17-04,parada
90,445,1,kept,0.94262,static,MOT17-04,parada
90,477,4,kept,0.494675,static,MOT17-04,parada
90,483,3,kept,0.5272333333333333,static,MOT17-04,parada
90,550,3,kept,1.0,static,MOT17-04,parada
90,554,2,kept,1.0,static,MOT17-04,parada
90,557,8,kept,1.0,static,MOT17-04,parada
90,566,7,kept,1.0,static,MOT17-04,parada
90,574,3,kept,1.0,static,MOT17-04,parada
90,578,1,kept,1.0,static,MOT17-04,parada
90,580,5,kept,1.0,static,MOT17-04,parada
90,586,21,kept,0.9835080952380953,static,MOT17-04,parada
90,609,2,kept,0.94694,static,MOT17-04,parada
90,612,1,kept,0.94118,static,MOT17-04,parada
90,634,1,kept,0.84442,static,MOT17-04,parada
90,638,1,kept,0.8102,static,MOT17-04,parada
90,641,1,kept,0.78367,static,MOT17-04,parada
90,650,2,kept,0.72731,static,MOT17-04,parada
90,749,1,kept,0.55148,static,MOT17-04,parada
90,754,1,kept,0.49302,static,MOT17-04,parada
90,757,3,kept,0.44923,static,MOT17-04,parada
90,761,37,switched,0.31616513513513517,static,MOT17-04,parada
90,800,2,kept,0.29829,static,MOT17-04,parada
90,813,1,kept,0.25444,static,MOT17-04,parada
90,815,20,switched,0.272567,static,MOT17-04,parada
90,844,9,kept,0.32482444444444447,static,MOT17-04,parada
90,862,1,kept,0.3212,static,MOT17-04,parada
90,916,1,kept,0.27299,static,MOT17-04,parada
90,971,1,kept,0.84104,static,MOT17-04,parada
90,1013,1,kept,0.99536,static,MOT17-04,parada
90,1016,1,kept,1.0,static,MOT17-04,parada
90,1021,1,kept,1.0,static,MOT17-04,parada
90,1040,1,kept,1.0,static,MOT17-04,parada
90,1045,1,kept,1.0,static,MOT17-04,parada
90,1050,1,lost,1.0,static,MOT17-04,parada
91,11,1,kept,0.40206,static,MOT17-04,parada
91,25,3,kept,0.4336,static,MOT17-04,parada
91,29,1,kept,0.42789,static,MOT17-04,parada
91,31,27,switched,0.34125259259259266,static,MOT17-04,parada
91,63,19,switched,0.38269052631578954,static,MOT17-04,parada
91,98,1,kept,0.30122,static,MOT17-04,parada
91,101,1,kept,0.28075,static,MOT17-04,parada
91,103,5,kept,0.29716,static,MOT17-04,parada
91,111,2,kept,0.30296999999999996,static,MOT17-04,parada
91,114,29,kept,0.35910344827586194,static,MOT17-04,parada
91,144,3,kept,0.3380366666666667,static,MOT17-04,parada
91,151,31,switched,0.362025806451613,static,MOT17-04,parada
91,183,1,kept,0.38092,static,MOT17-04,parada
91,189,1,kept,0.38131,static,MOT17-04,parada
91,193,1,kept,0.38083,static,MOT17-04,parada
91,196,2,kept,0.38103,static,MOT17-04,parada
91,199,9,kept,0.3833433333333333,static,MOT17-04,parada
91,210,4,kept,0.38475,static,MOT17-04,parada
91,217,1,kept,0.37765,static,MOT17-04,parada
91,223,1,kept,0.35671,static,MOT17-04,parada
91,226,5,kept,0.353578,static,MOT17-04,parada
91,232,2,kept,0.35634,static,MOT17-04,parada
91,235,4,kept,0.36102999999999996,static,MOT17-04,parada
91,240,2,kept,0.36556500000000003,static,MOT17-04,parada
91,244,287,switched,0.28239759581881535,static,MOT17-04,parada
91,533,296,switched,0.21301543581081084,static,MOT17-04,parada
91,832,1,kept,0.23071,static,MOT17-04,parada
91,839,9,switched,0.21703777777777777,static,MOT17-04,parada
91,859,1,switched,0.19679,static,MOT17-04,parada
91,867,3,switched,0.18321,static,MOT17-04,parada
91,871,2,kept,0.17643,static,MOT17-04,parada
91,876,3,kept,0.16738,static,MOT17-04,parada
91,880,1,kept,0.16286,static,MOT17-04,parada
91,883,1,kept,0.16964,static,MOT17-04,parada
91,885,143,kept,0.23463643356643363,static,MOT17-04,parada
91,1030,2,switched,0.31811999999999996,static,MOT17-04,parada
91,1035,16,lost,0.3555075,static,MOT17-04,parada
92,303,2,switched,0.95522,static,MOT17-04,parada
92,323,1,kept,0.94085,static,MOT17-04,parada
92,335,3,kept,0.94742,static,MOT17-04,parada
92,348,1,kept,0.93788,static,MOT17-04,parada
92,354,1,kept,0.92373,static,MOT17-04,parada
92,481,2,kept,0.96698,static,MOT17-04,parada
92,492,1,kept,0.96646,static,MOT17-04,parada
92,504,1,kept,0.96646,static,MOT17-04,parada
92,506,1,kept,0.96646,static,MOT17-04,parada
92,596,2,kept,0.7749250000000001,static,MOT17-04,parada
92,612,1,kept,0.76808,static,MOT17-04,parada
92,618,1,kept,0.68018,static,MOT17-04,parada
92,645,1,kept,0.56503,static,MOT17-04,parada
92,648,2,kept,0.549625,static,MOT17-04,parada
92,651,3,kept,0.5305733333333333,static,MOT17-04,parada
92,655,1,kept,0.51642,static,MOT17-04,parada
92,657,11,kept,0.5076563636363636,static,MOT17-04,parada
92,669,4,kept,0.5144150000000001,static,MOT17-04,parada
92,676,2,kept,0.5487299999999999,static,MOT17-04,parada
92,679,5,switched,0.5768880000000001,static,MOT17-04,parada
92,685,2,kept,0.608395,static,MOT17-04,parada
92,688,3,kept,0.63611,static,MOT17-04,parada
92,692,1,kept,0.66049,static,MOT17-04,parada
92,706,1,kept,0.71989,static,MOT17-04,parada
92,710,1,kept,0.70806,static,MOT17-04,parada
92,712,1,kept,0.7052,static,MOT17-04,parada
92,715,1,kept,0.68641,static,MOT17-04,parada
92,721,1,kept,0.64439,static,MOT17-04,parada
92,723,1,kept,0.6411,static,MOT17-04,parada
92,727,1,kept,0.62098,static,MOT17-04,parada
92,736,1,kept,0.56902,static,MOT17-04,parada
92,754,1,kept,0.66227,static,MOT17-04,parada
92,765,3,kept,0.8102266666666668,static,MOT17-04,parada
92,787,2,kept,0.93805,static,MOT17-04,parada
92,790,1,kept,0.93805,static,MOT17-04,parada
92,796,2,kept,0.93659,static,MOT17-04,parada
92,801,1,kept,0.93561,static,MOT17-04,parada
92,807,1,kept,0.93561,static,MOT17-04,parada
92,818,7,kept,0.9838571428571429,static,MOT17-04,parada
92,826,1,kept,1.0,static,MOT17-04,parada
92,852,1,kept,1.0,static,MOT17-04,parada
92,862,1,kept,1.0,static,MOT17-04,parada
92,870,3,kept,1.0,static,MOT17-04,parada
92,880,1,kept,1.0,static,MOT17-04,parada
92,952,2,kept,1.0,static,MOT17-04,parada
92,960,2,kept,0.99517,static,MOT17-04,parada
92,963,2,kept,0.99505,static,MOT17-04,parada
92,970,1,kept,0.99505,static,MOT17-04,parada
92,981,3,kept,0.99737,static,MOT17-04,parada
92,986,1,kept,0.99724,static,MOT17-04,parada
93,298,1,kept,0.32823,static,MOT17-04,parada
93,307,1,kept,0.2973,static,MOT17-04,parada
93,313,1,kept,0.30903,static,MOT17-04,parada
93,318,4,kept,0.27536000000000005,static,MOT17-04,parada
93,324,2,kept,0.27014,static,MOT17-04,parada
93,327,2,kept,0.273235,static,MOT17-04,parada
93,330,5,switched,0.28915799999999997,static,MOT17-04,parada
93,338,10,kept,0.319671,static,MOT17-04,parada
93,349,5,kept,0.32272,static,MOT17-04,parada
93,356,1,kept,0.31051,static,MOT17-04,parada
93,359,3,kept,0.30000666666666664,static,MOT17-04,parada
93,363,1,kept,0.31142,static,MOT17-04,parada
93,365,12,kept,0.31889083333333335,static,MOT17-04,parada
93,379,2,kept,0.25037,static,MOT17-04,parada
93,382,100,switched,0.19733259999999997,static,MOT17-04,parada
93,483,4,kept,0.26725750000000004,static,MOT17-04,parada
93,489,3,kept,0.2695,static,MOT17-04,parada
93,493,11,kept,0.26917727272727276,static,MOT17-04,parada
93,505,1,kept,0.24214,static,MOT17-04,parada
93,507,89,switched,0.1609947191011236,static,MOT17-04,parada
93,598,9,kept,0.16786222222222225,static,MOT17-04,parada
93,608,3,kept,0.19360999999999998,static,MOT17-04,parada
93,668,1,kept,0.2761,static,MOT17-04,parada
93,673,2,kept,0.26279,static,MOT17-04,parada
93,678,1,kept,0.26279,static,MOT17-04,parada
93,684,1,kept,0.26455,static,MOT17-04,parada
93,687,1,kept,0.27805,static,MOT17-04,parada
93,691,1,kept,0.29155,static,MOT17-04,parada
93,693,3,kept,0.29262666666666665,static,MOT17-04,parada
93,698,8,kept,0.3252025,static,MOT17-04,parada
93,708,2,kept,0.3752,static,MOT17-04,parada
93,851,1,switched,0.4163,static,MOT17-04,parada
93,858,1,kept,0.38318,static,MOT17-04,parada
93,951,1,kept,0.37035,static,MOT17-04,parada
93,962,1,kept,0.32412,static,MOT17-04,parada
93,965,3,kept,0.32412,static,MOT17-04,parada
93,987,1,kept,0.3895,static,MOT17-04,parada
94,273,1,kept,0.12579,static,MOT17-04,parada
94,282,39,switched,0.1621497435897436,static,MOT17-04,parada
94,417,2,kept,0.21937,static,MOT17-04,parada
94,422,1,kept,0.22172,static,MOT17-04,parada
94,446,48,kept,0.17491270833333336,static,MOT17-04,parada
94,495,62,kept,0.26994677419354846,static,MOT17-04,parada
94,573,9,switched,0.2494,static,MOT17-04,parada
94,584,4,kept,0.24392500000000003,static,MOT17-04,parada
94,591,1,kept,0.23008,static,MOT17-04,parada
94,598,1,kept,0.23008,static,MOT17-04,parada
94,607,2,kept,0.35743499999999995,static,MOT17-04,parada
94,813,3,kept,0.21642333333333333,static,MOT17-04,parada
94,835,5,switched,0.200946,static,MOT17-04,parada
94,841,2,kept,0.20159,static,MOT17-04,parada
94,853,1,kept,0.19534,static,MOT17-04,parada
94,856,1,kept,0.18752,static,MOT17-04,parada
94,861,9,kept,0.1710422222222222,static,MOT17-04,parada
94,874,1,kept,0.16298,static,MOT17-04,parada
94,879,1,kept,0.16548,static,MOT17-04,parada
94,881,1,kept,0.1614,static,MOT17-04,parada
94,883,38,switched,0.16553473684210526,static,MOT17-04,parada
94,945,3,kept,0.19495333333333334,static,MOT17-04,parada
94,949,1,kept,0.20214,static,MOT17-04,parada
95,263,1,kept,0.14295,static,MOT17-04,parada
95,265,2,kept,0.1472,static,MOT17-04,parada
95,270,19,kept,0.16652578947368418,static,MOT17-04,parada
95,290,8,kept,0.17693,static,MOT17-04,parada
95,299,4,kept,0.178335,static,MOT17-04,parada
95,304,3,kept,0.18225000000000002,static,MOT17-04,parada
95,308,1,kept,0.18563,static,MOT17-04,parada
95,310,7,kept,0.1864542857142857,static,MOT17-04,parada
95,318,99,kept,0.09519458585858585,static,MOT17-04,parada
95,419,27,kept,0.10889018518518517,static,MOT17-04,parada
95,492,3,kept,0.11155666666666668,static,MOT17-04,parada
95,548,1,kept,0.25081,static,MOT17-04,parada
95,556,18,kept,0.2734738888888889,static,MOT17-04,parada
95,582,1,kept,0.29766,static,MOT17-04,parada
95,585,1,kept,0.29766,static,MOT17-04,parada
95,594,2,kept,0.31099,static,MOT17-04,parada
95,599,150,switched,0.17809139999999998,static,MOT17-04,parada
95,750,4,kept,0.23445,static,MOT17-04,parada
95,755,2,kept,0.24601,static,MOT17-04,parada
95,760,1,kept,0.25589,static,MOT17-04,parada
95,826,1,switched,0.16901,static,MOT17-04,parada
95,829,3,switched,0.15987,static,MOT17-04,parada
95,833,13,switched,0.1565284615384615,static,MOT17-04,parada
95,1028,1,kept,0.42199,static,MOT17-04,parada
96,140,4,kept,0.244045,static,MOT17-04,parada
96,148,1,kept,0.20386,static,MOT17-04,parada
96,150,153,switched,0.1610330065359477,static,MOT17-04,parada
96,304,89,switched,0.09368028426966292,static,MOT17-04,parada
96,415,1,kept,0.20217,static,MOT17-04,parada
96,421,1,kept,0.19061,static,MOT17-04,parada
96,450,1,kept,0.21274,static,MOT17-04,parada
96,472,2,kept,0.16241,static,MOT17-04,parada
96,475,1,kept,0.16467,static,MOT17-04,parada
96,479,2,kept,0.16467,static,MOT17-04,parada
96,486,3,kept,0.16467,static,MOT17-04,parada
96,493,1,kept,0.16467,static,MOT17-04,parada
96,505,1,kept,0.16467,static,MOT17-04,parada
96,509,1,kept,0.16467,static,MOT17-04,parada
96,514,1,kept,0.16467,static,MOT17-04,parada
96,517,3,kept,0.16467,static,MOT17-04,parada
96,521,1,kept,0.16467,static,MOT17-04,parada
96,523,1,kept,0.16467,static,MOT17-04,parada
96,532,5,kept,0.16512200000000002,static,MOT17-04,parada
96,538,18,kept,0.16076999999999997,static,MOT17-04,parada
96,559,7,kept,0.12132857142857144,static,MOT17-04,parada
96,567,133,switched,0.0160656807518797,static,MOT17-04,parada
96,702,349,lost,0.054505960744985676,static,MOT17-04,parada
97,334,2,kept,0.57143,static,MOT17-04,parada
97,619,3,kept,0.52469,static,MOT17-04,parada
97,624,427,lost,0.29878651873536305,static,MOT17-04,parada
99,328,1,kept,0.50263,static,MOT17-04,parada
99,333,2,kept,0.48387,static,MOT17-04,parada
99,599,1,kept,0.49124,static,MOT17-04,parada
99,606,1,kept,0.44691,static,MOT17-04,parada
99,691,1,kept,0.3625,static,MOT17-04,parada
99,694,1,kept,0.34417,static,MOT17-04,parada
99,703,7,kept,0.17859999999999995,static,MOT17-04,parada
99,711,79,lost,0.15999601265822788,static,MOT17-04,parada
98,236,1,kept,0.31146,static,MOT17-04,parada
98,347,2,kept,0.472665,static,MOT17-04,parada
98,351,13,kept,0.3845623076923077,static,MOT17-04,parada
98,366,1,kept,0.35818,static,MOT17-04,parada
98,369,1,kept,0.36645,static,MOT17-04,parada
98,371,3,kept,0.3450933333333333,static,MOT17-04,parada
98,375,4,kept,0.349685,static,MOT17-04,parada
98,380,2,kept,0.34672000000000003,static,MOT17-04,parada
98,383,1,kept,0.38596,static,MOT17-04,parada
98,386,1,kept,0.4386,static,MOT17-04,parada
98,1024,27,lost,0.5336562962962963,static,MOT17-04,parada
118,398,4,kept,1.0,static,MOT17-04,parada
118,403,1,kept,1.0,static,MOT17-04,parada
118,416,1,kept,1.0,static,MOT17-04,parada
118,438,1,kept,1.0,static,MOT17-04,parada
118,465,2,switched,1.0,static,MOT17-04,parada
118,600,1,kept,0.66197,static,MOT17-04,parada
118,603,18,lost,0.4238205555555556,static,MOT17-04,parada
122,247,6,kept,1.0,static,MOT17-04,parada
122,263,1,kept,1.0,static,MOT17-04,parada
122,320,2,kept,0.673355,static,MOT17-04,parada
122,325,1,kept,0.62963,static,MOT17-04,parada
122,330,1,kept,0.59091,static,MOT17-04,parada
122,337,2,kept,0.563625,static,MOT17-04,parada
122,340,38,lost,0.3447663157894737,static,MOT17-04,parada
123,257,1,kept,0.4488,static,MOT17-04,parada
123,259,1,kept,0.41626,static,MOT17-04,parada
123,262,1,kept,0.36041,static,MOT17-04,parada
123,265,3,kept,0.2894466666666667,static,MOT17-04,parada
123,269,25,switched,0.417048,static,MOT17-04,parada
123,296,1,kept,0.43647,static,MOT17-04,parada
123,300,1,kept,0.46674,static,MOT17-04,parada
123,302,1,kept,0.50234,static,MOT17-04,parada
123,355,1,kept,0.42045,static,MOT17-04,parada
123,361,49,lost,0.3707293877551021,static,MOT17-04,parada
106,399,4,kept,0.48398250000000004,static,MOT17-04,parada
106,406,24,switched,0.33231583333333337,static,MOT17-04,parada
106,433,1,kept,0.50482,static,MOT17-04,parada
106,989,1,kept,0.59732,static,MOT17-04,parada
106,998,53,lost,0.3479290566037737,static,MOT17-04,parada
121,454,11,switched,0.4527909090909091,static,MOT17-04,parada
121,535,1,kept,0.55556,static,MOT17-04,parada
121,537,2,kept,0.5,static,MOT17-04,parada
121,540,17,lost,0.27880705882352946,static,MOT17-04,parada
125,531,1,kept,0.3855,static,MOT17-04,parada
125,536,3,kept,0.31964,static,MOT17-04,parada
125,541,1,kept,0.27425,static,MOT17-04,parada
125,544,3,kept,0.24559666666666666,static,MOT17-04,parada
125,548,7,kept,0.24584428571428574,static,MOT17-04,parada
125,556,2,kept,0.26737,static,MOT17-04,parada
125,559,9,kept,0.2950088888888889,static,MOT17-04,parada
125,569,12,kept,0.29585749999999994,static,MOT17-04,parada
124,349,2,kept,0.457855,static,MOT17-04,parada
124,352,2,kept,0.47082,static,MOT17-04,parada
124,363,1,kept,0.497,static,MOT17-04,parada
124,366,1,kept,0.51439,static,MOT17-04,parada
124,368,1,kept,0.50195,static,MOT17-04,parada
124,370,3,kept,0.49050666666666665,static,MOT17-04,parada
124,374,2,kept,0.480215,static,MOT17-04,parada
124,377,1,kept,0.47047,static,MOT17-04,parada
111,422,2,kept,0.38224,static,MOT17-04,parada
119,387,1,kept,0.43805,static,MOT17-04,parada
119,389,7,kept,0.37047428571428576,static,MOT17-04,parada
119,404,9,kept,0.5048066666666666,static,MOT17-04,parada
119,421,5,kept,0.1267172,static,MOT17-04,parada
119,440,1,kept,0.25257,static,MOT17-04,parada
119,459,1,kept,0.29379,static,MOT17-04,parada
119,461,3,kept,0.32093333333333335,static,MOT17-04,parada
119,631,2,kept,0.54224,static,MOT17-04,parada
119,637,2,kept,0.43248,static,MOT17-04,parada
119,640,79,lost,0.16159059493670885,static,MOT17-04,parada
120,426,13,switched,0.6814269230769232,static,MOT17-04,parada
120,441,1,kept,0.39009,static,MOT17-04,parada
120,443,3,kept,0.3429966666666666,static,MOT17-04,parada
120,447,6,switched,0.18567,static,MOT17-04,parada
120,588,1,kept,0.35815,static,MOT17-04,parada
120,602,2,kept,0.25184,static,MOT17-04,parada
120,619,2,kept,0.18418,static,MOT17-04,parada
120,623,1,kept,0.18354,static,MOT17-04,parada
120,628,73,lost,0.13338002739726026,static,MOT17-04,parada
105,1001,50,lost,0.44222000000000006,static,MOT17-04,parada
132,745,145,kept,0.9067101379310343,static,MOT17-04,parada
133,574,1,kept,0.48014,static,MOT17-04,parada
133,631,1,switched,0.61736,static,MOT17-04,parada
133,634,1,kept,0.61392,static,MOT17-04,parada
131,635,5,kept,0.23765199999999997,static,MOT17-04,parada
131,651,1,kept,0.21392,static,MOT17-04,parada
131,657,28,switched,0.16470857142857145,static,MOT17-04,parada
131,984,6,lost,0.13321583333333334,static,MOT17-04,parada
134,890,49,switched,0.23059173469387753,static,MOT17-04,parada
141,639,1,kept,0.27609,static,MOT17-04,parada
141,641,2,kept,0.323925,static,MOT17-04,parada
141,646,4,kept,0.540275,static,MOT17-04,parada
141,653,2,kept,0.6790849999999999,static,MOT17-04,parada
141,659,1,kept,0.79452,static,MOT17-04,parada
141,662,3,kept,0.7655166666666666,static,MOT17-04,parada
141,667,1,kept,0.73103,static,MOT17-04,parada
141,673,2,kept,0.70139,static,MOT17-04,parada
141,676,375,lost,0.30484446266666665,static,MOT17-04,parada
108,781,1,kept,0.21304,static,MOT17-04,parada
108,788,2,kept,0.24283500000000002,static,MOT17-04,parada
108,791,2,kept,0.25928,static,MOT17-04,parada
108,796,2,kept,0.29535,static,MOT17-04,parada
108,822,1,kept,0.14916,static,MOT17-04,parada
108,824,1,kept,0.14306,static,MOT17-04,parada
108,826,5,kept,0.14685600000000001,static,MOT17-04,parada
108,832,3,kept,0.24717333333333333,static,MOT17-04,parada
117,832,1,kept,0.49887,static,MOT17-04,parada
117,839,2,kept,0.50147,static,MOT17-04,parada
117,969,1,kept,0.7372,static,MOT17-04,parada
117,972,3,kept,0.7280099999999999,static,MOT17-04,parada
117,976,1,kept,0.74271,static,MOT17-04,parada
117,1029,13,switched,0.32172923076923077,static,MOT17-04,parada
117,1044,2,kept,0.292505,static,MOT17-04,parada
117,1047,3,kept,0.46764,static,MOT17-04,parada
115,959,3,kept,0.4102866666666667,static,MOT17-04,parada
115,966,14,kept,0.3244964285714286,static,MOT17-04,parada
115,981,2,kept,0.2415,static,MOT17-04,parada
115,984,4,kept,0.2513225,static,MOT17-04,parada
115,992,1,kept,0.27211,static,MOT17-04,parada
115,1001,1,kept,0.33451,static,MOT17-04,parada
115,1006,7,kept,0.34712714285714286,static,MOT17-04,parada
115,1016,8,kept,0.35277875000000003,static,MOT17-04,parada
115,1025,10,kept,0.352001,static,MOT17-04,parada
115,1037,1,kept,0.34929,static,MOT17-04,parada
115,1040,1,kept,0.34733,static,MOT17-04,parada
115,1043,1,kept,0.34314,static,MOT17-04,parada
115,1046,1,kept,0.34118,static,MOT17-04,parada
115,1049,1,kept,0.34118,static,MOT17-04,parada
126,811,2,kept,0.18247,static,MOT17-04,parada
126,816,10,switched,0.18879300000000002,static,MOT17-04,parada
126,846,5,switched,0.163084,static,MOT17-04,parada
126,852,7,switched,0.18961,static,MOT17-04,parada
126,861,2,kept,0.26595500000000005,static,MOT17-04,parada
126,867,1,kept,0.3111,static,MOT17-04,parada
126,869,1,kept,0.3301,static,MOT17-04,parada
127,888,7,kept,0.4354114285714286,static,MOT17-04,parada
127,985,3,kept,0.42626000000000003,static,MOT17-04,parada
127,990,6,kept,0.3854633333333333,static,MOT17-04,parada
127,997,3,kept,0.3748066666666667,static,MOT17-04,parada
128,938,1,kept,0.39359,static,MOT17-04,parada
104,1005,46,lost,0.3067384782608696,static,MOT17-04,parada
129,988,2,switched,0.162105,static,MOT17-04,parada
129,1001,1,kept,0.3468,static,MOT17-04,parada
129,1018,1,kept,0.384,static,MOT17-04,parada
129,1024,6,kept,0.337675,static,MOT17-04,parada
129,1031,6,switched,0.30691999999999997,static,MOT17-04,parada
129,1038,3,kept,0.27685,static,MOT17-04,parada
129,1042,1,kept,0.26999,static,MOT17-04,parada
130,1030,1,kept,0.080788,static,MOT17-04,parada
130,1037,1,kept,0.1142,static,MOT17-04,parada
130,1043,2,kept,0.15402,static,MOT17-04,parada
130,1049,1,kept,0.16732,static,MOT17-04,parada
1,302,5,kept,0.17154660000000002,static,MOT17-05,móvel
1,378,4,lost,0.3113525,static,MOT17-05,móvel
2,65,3,kept,0.17508333333333334,static,MOT17-05,móvel
2,75,1,kept,0.2197,static,MOT17-05,móvel
2,86,1,kept,0.23077,static,MOT17-05,móvel
2,88,1,kept,0.17308,static,MOT17-05,móvel
2,136,2,kept,0.33562000000000003,static,MOT17-05,móvel
2,139,1,kept,0.37671,static,MOT17-05,móvel
2,148,1,kept,0.41781,static,MOT17-05,móvel
2,153,1,kept,0.43836,static,MOT17-05,móvel
2,262,4,kept,0.0625,static,MOT17-05,móvel
2,272,7,switched,0.03782571428571429,static,MOT17-05,móvel
2,289,6,switched,0.1949983333333333,static,MOT17-05,móvel
2,299,10,kept,0.026330199999999998,static,MOT17-05,móvel
2,315,22,lost,0.05224668181818182,static,MOT17-05,móvel
14,5,2,switched,0.7958350000000001,static,MOT17-05,móvel
14,11,1,switched,1.0,static,MOT17-05,móvel
14,14,2,switched,0.98148,static,MOT17-05,móvel
14,19,3,switched,0.0,static,MOT17-05,móvel
14,26,1,switched,0.0,static,MOT17-05,móvel
14,29,1,kept,0.0,static,MOT17-05,móvel
14,33,5,switched,1.0,static,MOT17-05,móvel
14,43,119,switched,0.0019207563025210083,static,MOT17-05,móvel
14,163,1,kept,0.82857,static,MOT17-05,móvel
14,166,1,kept,0.74286,static,MOT17-05,móvel
14,171,9,switched,0.10493777777777777,static,MOT17-05,móvel
14,189,2,kept,0.471425,static,MOT17-05,móvel
14,195,2,kept,0.414285,static,MOT17-05,móvel
14,200,1,kept,0.36111,static,MOT17-05,móvel
14,204,1,kept,0.31429,static,MOT17-05,móvel
14,210,1,kept,0.22857,static,MOT17-05,móvel
14,213,1,kept,0.25714,static,MOT17-05,móvel
14,215,2,kept,0.30000000000000004,static,MOT17-05,móvel
14,234,1,kept,0.40541,static,MOT17-05,móvel
117,26,3,kept,0.0,static,MOT17-05,móvel
117,32,6,switched,1.0,static,MOT17-05,móvel
117,40,2,kept,0.0,static,MOT17-05,móvel
117,43,6,switched,0.0,static,MOT17-05,móvel
117,52,35,switched,0.08336171428571429,static,MOT17-05,móvel
117,89,1,lost,0.43333,static,MOT17-05,móvel
125,262,17,switched,0.03795035294117648,static,MOT17-05,móvel
125,282,3,lost,0.2732233333333333,static,MOT17-05,móvel
5,12,2,switched,0.12098,static,MOT17-05,móvel
5,15,4,switched,0.07834075,static,MOT17-05,móvel
5,21,4,switched,0.0,static,MOT17-05,móvel
5,27,1,switched,0.0,static,MOT17-05,móvel
5,31,1,switched,0.0,static,MOT17-05,móvel
5,34,1,switched,0.27119,static,MOT17-05,móvel
5,40,1,lost,0.061224,static,MOT17-05,móvel
4,24,1,switched,0.0,static,MOT17-05,móvel
4,26,2,switched,0.0,static,MOT17-05,móvel
4,29,1,kept,0.0,static,MOT17-05,móvel
4,38,7,lost,0.04738142857142857,static,MOT17-05,móvel
3,21,3,switched,0.0,static,MOT17-05,móvel
3,25,16,lost,0.0,static,MOT17-05,móvel
6,14,2,switched,0.745385,static,MOT17-05,móvel
6,25,13,switched,0.0,static,MOT17-05,móvel
6,42,4,kept,0.46573,static,MOT17-05,móvel
6,48,1,kept,0.0,static,MOT17-05,móvel
6,50,4,kept,0.0,static,MOT17-05,móvel
6,55,1,lost,0.0,static,MOT17-05,móvel
8,169,9,kept,0.1111111111111111,static,MOT17-05,móvel
8,239,1,lost,0.69444,static,MOT17-05,móvel
9,72,2,kept,0.32051,static,MOT17-05,móvel
9,75,1,kept,0.37037,static,MOT17-05,móvel
9,80,1,kept,0.0,static,MOT17-05,móvel
9,83,8,kept,0.0,static,MOT17-05,móvel
9,92,1,kept,0.0,static,MOT17-05,móvel
9,94,1,kept,0.5,static,MOT17-05,móvel
9,102,1,kept,0.16133,static,MOT17-05,móvel
9,115,13,kept,0.08461461538461539,static,MOT17-05,móvel
9,131,10,kept,0.133333,static,MOT17-05,móvel
9,148,1,kept,0.033333,static,MOT17-05,móvel
9,151,10,lost,0.0,static,MOT17-05,móvel
107,77,3,kept,0.38154000000000005,static,MOT17-05,móvel
107,81,3,kept,0.0,static,MOT17-05,móvel
107,85,1,kept,0.0,static,MOT17-05,móvel
107,88,1,kept,0.0,static,MOT17-05,móvel
107,91,1,kept,0.0,static,MOT17-05,móvel
107,96,2,kept,0.34058,static,MOT17-05,móvel
107,103,3,kept,0.2904933333333333,static,MOT17-05,móvel
107,113,7,switched,0.0,static,MOT17-05,móvel
107,122,1,kept,0.0,static,MOT17-05,móvel
107,128,2,switched,0.20416499999999999,static,MOT17-05,móvel
107,141,6,kept,0.1980566666666667,static,MOT17-05,móvel
107,149,11,kept,0.04727272727272727,static,MOT17-05,móvel
107,163,2,kept,0.25862,static,MOT17-05,móvel
107,167,3,kept,0.25862,static,MOT17-05,móvel
107,171,2,kept,0.17857499999999998,static,MOT17-05,móvel
107,174,4,kept,0.026785,static,MOT17-05,móvel
107,179,3,kept,0.0,static,MOT17-05,móvel
107,193,3,kept,0.23660333333333336,static,MOT17-05,móvel
107,199,1,kept,0.10345,static,MOT17-05,móvel
107,204,1,lost,0.11538,static,MOT17-05,móvel
10,96,1,lost,0.0,static,MOT17-05,móvel
140,168,1,kept,1.0,static,MOT17-05,móvel
140,170,4,switched,0.0,static,MOT17-05,móvel
140,175,1,kept,0.0,static,MOT17-05,móvel
140,177,1,kept,0.94737,static,MOT17-05,móvel
12,171,1,kept,0.0,static,MOT17-05,móvel
12,173,5,kept,0.0,static,MOT17-05,móvel
12,199,6,kept,0.43589999999999995,static,MOT17-05,móvel
13,195,10,lost,0.25499555,static,MOT17-05,móvel
16,235,1,switched,0.5122,static,MOT17-05,móvel
16,238,7,switched,0.14862442857142857,static,MOT17-05,móvel
16,248,1,lost,0.0,static,MOT17-05,móvel
20,256,8,switched,0.0663225,static,MOT17-05,móvel
20,281,1,switched,1.0,static,MOT17-05,móvel
20,308,1,lost,0.42699,static,MOT17-05,móvel
23,267,7,lost,0.15775614285714284,static,MOT17-05,móvel
25,266,20,switched,0.04929599999999999,static,MOT17-05,móvel
25,302,4,lost,0.39253,static,MOT17-05,móvel
26,269,19,switched,0.14741210526315793,static,MOT17-05,móvel
26,293,4,lost,0.4167025,static,MOT17-05,móvel
28,278,8,switched,0.11079525,static,MOT17-05,móvel
28,289,14,switched,0.10555052857142856,static,MOT17-05,móvel
28,304,13,lost,0.06935546153846153,static,MOT17-05,móvel
29,285,1,kept,0.32075,static,MOT17-05,móvel
29,292,1,kept,0.28409,static,MOT17-05,móvel
29,294,10,switched,0.1203427,static,MOT17-05,móvel
31,298,10,switched,0.056486,static,MOT17-05,móvel
31,309,2,kept,0.22841,static,MOT17-05,móvel
31,312,2,kept,0.24798000000000003,static,MOT17-05,móvel
31,315,13,switched,0.13228123076923076,static,MOT17-05,móvel
31,329,1,kept,0.0,static,MOT17-05,móvel
31,332,1,kept,0.17442,static,MOT17-05,móvel
31,338,5,switched,0.34425,static,MOT17-05,móvel
31,349,1,lost,0.47561,static,MOT17-05,móvel
33,320,12,kept,0.33148500000000003,static,MOT17-05,móvel
33,340,2,lost,0.418135,static,MOT17-05,móvel
38,304,6,kept,0.27887449999999997,static,MOT17-05,móvel
38,311,3,kept,0.12313933333333334,static,MOT17-05,móvel
38,328,8,switched,0.26085575,static,MOT17-05,móvel
38,440,4,kept,0.0,static,MOT17-05,móvel
38,470,3,lost,0.0,static,MOT17-05,móvel
36,332,1,lost,0.63636,static,MOT17-05,móvel
34,346,1,lost,0.36134,static,MOT17-05,móvel
123,319,2,lost,0.52138,static,MOT17-05,móvel
35,308,15,switched,0.011539446666666668,static,MOT17-05,móvel
41,324,15,switched,0.046786013333333334,static,MOT17-05,móvel
41,344,7,switched,0.32230857142857144,static,MOT17-05,móvel
41,356,2,lost,0.530475,static,MOT17-05,móvel
42,440,5,kept,0.0,static,MOT17-05,móvel
42,459,6,lost,0.5195733333333333,static,MOT17-05,móvel
43,332,1,lost,0.037037,static,MOT17-05,móvel
47,349,25,switched,0.1254104,static,MOT17-05,móvel
47,391,2,switched,1.0,static,MOT17-05,móvel
44,355,8,switched,0.06751375,static,MOT17-05,móvel
44,366,1,lost,0.054795,static,MOT17-05,móvel
45,391,6,lost,0.39210833333333334,static,MOT17-05,móvel
46,365,2,lost,0.33157000000000003,static,MOT17-05,móvel
127,379,2,kept,0.414605,static,MOT17-05,móvel
127,382,2,lost,0.27835,static,MOT17-05,móvel
144,399,1,lost,0.75,static,MOT17-05,móvel
145,387,3,switched,0.97436,static,MOT17-05,móvel
145,391,2,switched,0.966665,static,MOT17-05,móvel
145,399,4,switched,1.0,static,MOT17-05,móvel
48,386,1,switched,1.0,static,MOT17-05,móvel
48,388,1,switched,1.0,static,MOT17-05,móvel
48,396,3,switched,1.0,static,MOT17-05,móvel
48,402,2,kept,1.0,static,MOT17-05,móvel
48,406,2,switched,1.0,static,MOT17-05,móvel
48,409,2,switched,1.0,static,MOT17-05,móvel
48,416,1,switched,1.0,static,MOT17-05,móvel
48,420,1,switched,1.0,static,MOT17-05,móvel
48,423,1,switched,1.0,static,MOT17-05,móvel
48,425,1,switched,1.0,static,MOT17-05,móvel
48,429,8,kept,1.0,static,MOT17-05,móvel
48,439,6,switched,0.16666666666666666,static,MOT17-05,móvel
48,454,15,lost,0.08300126666666667,static,MOT17-05,móvel
49,381,1,kept,0.34375,static,MOT17-05,móvel
49,387,6,switched,0.5273249999999999,static,MOT17-05,móvel
49,394,2,kept,0.31994,static,MOT17-05,móvel
49,399,3,kept,0.2786633333333333,static,MOT17-05,móvel
49,404,2,kept,0.326075,static,MOT17-05,móvel
49,407,1,kept,0.34211,static,MOT17-05,móvel
49,411,7,switched,0.40291,static,MOT17-05,móvel
49,419,1,kept,0.37931,static,MOT17-05,móvel
49,421,8,switched,0.396735,static,MOT17-05,móvel
49,437,7,switched,0.03846142857142858,static,MOT17-05,móvel
49,445,6,kept,0.3171933333333333,static,MOT17-05,móvel
49,452,2,switched,0.395835,static,MOT17-05,móvel
49,455,1,switched,0.45455,static,MOT17-05,móvel
49,457,1,switched,0.55,static,MOT17-05,móvel
49,459,1,kept,0.33487,static,MOT17-05,móvel
50,401,1,lost,0.40444,static,MOT17-05,móvel
128,435,8,switched,0.15787125,static,MOT17-05,móvel
128,506,12,kept,0.06507500000000001,static,MOT17-05,móvel
128,671,1,kept,0.50505,static,MOT17-05,móvel
128,673,1,kept,0.48208,static,MOT17-05,móvel
128,677,3,kept,0.4910133333333333,static,MOT17-05,móvel
128,681,24,kept,0.44197083333333337,static,MOT17-05,móvel
128,751,57,lost,0.35569,static,MOT17-05,móvel
54,418,24,switched,0.03976916666666667,static,MOT17-05,móvel
54,480,19,switched,0.18255363157894738,static,MOT17-05,móvel
54,510,1,kept,0.0,static,MOT17-05,móvel
54,512,40,switched,0.04385699999999999,static,MOT17-05,móvel
54,562,5,switched,0.0,static,MOT17-05,móvel
54,568,16,kept,0.1340015,static,MOT17-05,móvel
54,585,1,kept,0.31944,static,MOT17-05,móvel
54,587,1,kept,0.38235,static,MOT17-05,móvel
54,595,1,kept,0.39726,static,MOT17-05,móvel
54,597,16,lost,0.09460443750000001,static,MOT17-05,móvel
124,528,14,lost,0.3581371428571428,static,MOT17-05,móvel
52,516,10,kept,0.0,static,MOT17-05,móvel
52,549,35,lost,0.0539254,static,MOT17-05,móvel
53,452,1,kept,0.27673,static,MOT17-05,móvel
53,454,1,kept,0.25,static,MOT17-05,móvel
53,458,6,kept,0.3298466666666666,static,MOT17-05,móvel
53,520,1,kept,0.30303,static,MOT17-05,móvel
53,522,7,switched,0.0,static,MOT17-05,móvel
53,564,4,kept,0.2080245,static,MOT17-05,móvel
53,574,4,switched,0.0,static,MOT17-05,móvel
53,586,1,switched,0.32026,static,MOT17-05,móvel
53,588,11,lost,0.016230181818181817,static,MOT17-05,móvel
55,523,1,kept,0.375,static,MOT17-05,móvel
55,534,19,lost,0.12399521052631576,static,MOT17-05,móvel
57,546,1,lost,0.32432,static,MOT17-05,móvel
59,572,1,lost,0.38228,static,MOT17-05,móvel
60,555,8,switched,0.0018827124999999999,static,MOT17-05,móvel
60,578,2,lost,0.31183,static,MOT17-05,móvel
129,626,1,kept,0.47123,static,MOT17-05,móvel
67,659,1,kept,0.55224,static,MOT17-05,móvel
67,661,1,kept,0.35088,static,MOT17-05,móvel
67,669,1,kept,0.44737,static,MOT17-05,móvel
67,672,1,kept,0.34921,static,MOT17-05,móvel
67,687,1,kept,0.44828,static,MOT17-05,móvel
67,689,2,kept,0.390875,static,MOT17-05,móvel
67,692,1,lost,0.27586,static,MOT17-05,móvel
65,628,7,lost,0.015727142857142856,static,MOT17-05,móvel
66,712,1,kept,0.06,static,MOT17-05,móvel
66,715,1,kept,0.34694,static,MOT17-05,móvel
66,723,1,kept,0.3353,static,MOT17-05,móvel
66,726,11,lost,0.1722566363636364,static,MOT17-05,móvel
109,620,26,switched,0.05230673076923077,static,MOT17-05,móvel
109,649,1,kept,0.073171,static,MOT17-05,móvel
109,651,30,lost,0.024247233333333333,static,MOT17-05,móvel
69,632,13,lost,0.03796,static,MOT17-05,móvel
71,780,45,switched,0.05911655555555556,static,MOT17-05,móvel
72,676,1,lost,0.38953,static,MOT17-05,móvel
75,684,7,kept,0.060317,static,MOT17-05,móvel
75,692,8,kept,0.2114065,static,MOT17-05,móvel
75,704,1,lost,0.25863,static,MOT17-05,móvel
77,695,11,lost,0.12064854545454545,static,MOT17-05,móvel
76,700,1,lost,0.54545,static,MOT17-05,móvel
81,712,1,lost,0.47482,static,MOT17-05,móvel
82,727,2,lost,0.48689,static,MOT17-05,móvel
131,714,15,switched,0.05908146666666667,static,MOT17-05,móvel
131,730,2,lost,0.34707,static,MOT17-05,móvel
136,735,1,lost,0.63636,static,MOT17-05,móvel
83,757,23,kept,0.10518982608695651,static,MOT17-05,móvel
83,784,1,lost,0.275,static,MOT17-05,móvel
85,746,10,switched,0.215191,static,MOT17-05,móvel
86,751,2,lost,0.469265,static,MOT17-05,móvel
87,743,1,kept,0.32173,static,MOT17-05,móvel
87,764,1,kept,0.47273,static,MOT17-05,móvel
87,767,9,lost,0.2804011111111111,static,MOT17-05,móvel
88,763,1,lost,0.38168,static,MOT17-05,móvel
89,758,5,kept,0.0,static,MOT17-05,móvel
89,777,5,switched,0.555586,static,MOT17-05,móvel
89,785,1,lost,0.15556,static,MOT17-05,móvel
98,770,4,kept,0.166665,static,MOT17-05,móvel
98,781,9,kept,0.05499333333333334,static,MOT17-05,móvel
98,791,6,switched,0.0,static,MOT17-05,móvel
98,831,4,switched,0.13960425,static,MOT17-05,móvel
141,761,20,lost,0.12272675,static,MOT17-05,móvel
90,776,1,switched,1.0,static,MOT17-05,móvel
90,786,1,lost,0.64706,static,MOT17-05,móvel
96,768,10,switched,0.01446228,static,MOT17-05,móvel
96,782,5,switched,0.4111984000000001,static,MOT17-05,móvel
96,788,1,lost,0.27027,static,MOT17-05,móvel
93,832,3,lost,0.3569333333333333,static,MOT17-05,móvel
94,784,1,switched,0.0,static,MOT17-05,móvel
94,788,2,kept,0.003383,static,MOT17-05,móvel
94,791,1,kept,0.0097459,static,MOT17-05,móvel
94,793,7,kept,0.24803642857142857,static,MOT17-05,móvel
94,803,22,lost,0.3964729545454546,static,MOT17-05,móvel
95,797,1,lost,0.43738,static,MOT17-05,móvel
97,835,1,lost,0.70833,static,MOT17-05,móvel
110,803,1,kept,0.35799,static,MOT17-05,móvel
110,805,1,kept,0.22374,static,MOT17-05,móvel
110,810,1,kept,0.15414,static,MOT17-05,móvel
110,812,3,kept,0.004388066666666667,static,MOT17-05,móvel
110,816,1,kept,0.072307,static,MOT17-05,móvel
110,823,15,lost,0.15694132666666666,static,MOT17-05,móvel
99,805,12,switched,0.32496642499999995,static,MOT17-05,móvel
101,828,1,lost,0.55556,static,MOT17-05,móvel
103,823,2,lost,0.0,static,MOT17-05,móvel
1,96,3,lost,0.4080000000000001,static,MOT17-10,móvel
2,14,13,switched,0.181538,static,MOT17-10,móvel
2,416,28,switched,0.11135985714285715,static,MOT17-10,móvel
3,59,2,lost,0.36339,static,MOT17-10,móvel
4,119,1,switched,0.83989,static,MOT17-10,móvel
4,121,2,switched,0.93309,static,MOT17-10,móvel
4,171,2,switched,1.0,static,MOT17-10,móvel
4,175,1,kept,1.0,static,MOT17-10,móvel
4,207,5,switched,0.951426,static,MOT17-10,móvel
4,237,1,switched,1.0,static,MOT17-10,móvel
4,241,3,kept,0.9656966666666666,static,MOT17-10,móvel
4,248,1,kept,0.90566,static,MOT17-10,móvel
4,263,3,switched,0.51093,static,MOT17-10,móvel
4,276,1,kept,0.45902,static,MOT17-10,móvel
4,278,1,switched,0.47368,static,MOT17-10,móvel
4,280,4,switched,0.42767749999999993,static,MOT17-10,móvel
4,285,14,switched,0.33358000000000004,static,MOT17-10,móvel
4,305,2,kept,0.38983,static,MOT17-10,móvel
5,50,2,lost,0.34091,static,MOT17-10,móvel
6,5,40,switched,0.12317719999999999,static,MOT17-10,móvel
6,54,3,switched,0.8679133333333334,static,MOT17-10,móvel
6,80,3,lost,0.5246833333333333,static,MOT17-10,móvel
8,25,2,switched,1.0,static,MOT17-10,móvel
8,49,5,lost,0.0398132,static,MOT17-10,móvel
12,4,1,kept,0.80597,static,MOT17-10,móvel
12,7,2,kept,0.7974,static,MOT17-10,móvel
12,10,13,switched,0.6120161538461539,static,MOT17-10,móvel
12,24,45,switched,0.18821439999999998,static,MOT17-10,móvel
12,71,2,switched,0.674995,static,MOT17-10,móvel
12,383,11,kept,0.10880512727272727,static,MOT17-10,móvel
12,529,2,lost,0.455185,static,MOT17-10,móvel
13,25,2,switched,1.0,static,MOT17-10,móvel
13,30,2,switched,1.0,static,MOT17-10,móvel
13,35,1,switched,1.0,static,MOT17-10,móvel
13,120,3,switched,0.87805,static,MOT17-10,móvel
13,131,1,kept,0.2619,static,MOT17-10,móvel
13,133,63,switched,0.1466556619047619,static,MOT17-10,móvel
13,197,10,kept,0.20792899999999997,static,MOT17-10,móvel
13,211,11,switched,0.1477541818181818,static,MOT17-10,móvel
13,223,6,kept,0.38122666666666666,static,MOT17-10,móvel
13,230,6,switched,0.43138666666666664,static,MOT17-10,móvel
13,238,1,switched,0.40539,static,MOT17-10,móvel
13,241,3,kept,0.44444333333333336,static,MOT17-10,móvel
13,245,3,switched,0.27484333333333333,static,MOT17-10,móvel
13,249,15,switched,0.28930733333333336,static,MOT17-10,móvel
13,266,6,kept,0.3876666666666666,static,MOT17-10,móvel
13,315,2,kept,1.0,static,MOT17-10,móvel
15,34,23,switched,0.019467695652173916,static,MOT17-10,móvel
15,69,2,lost,0.489545,static,MOT17-10,móvel
18,8,1,kept,1.0,static,MOT17-10,móvel
18,16,1,kept,1.0,static,MOT17-10,móvel
18,18,4,switched,1.0,static,MOT17-10,móvel
18,25,2,switched,1.0,static,MOT17-10,móvel
18,30,2,switched,1.0,static,MOT17-10,móvel
18,71,6,kept,0.37150666666666665,static,MOT17-10,móvel
18,78,41,switched,0.10225280487804879,static,MOT17-10,móvel
18,123,30,switched,0.10787233333333333,static,MOT17-10,móvel
18,155,1,kept,0.48387,static,MOT17-10,móvel
18,157,1,kept,0.46875,static,MOT17-10,móvel
18,159,1,kept,0.63636,static,MOT17-10,móvel
18,165,7,switched,0.34986571428571434,static,MOT17-10,móvel
18,180,1,switched,0.94672,static,MOT17-10,móvel
18,184,2,switched,0.9066350000000001,static,MOT17-10,móvel
18,227,7,switched,0.36620428571428576,static,MOT17-10,móvel
18,236,3,kept,0.34149999999999997,static,MOT17-10,móvel
18,242,3,kept,0.20607666666666669,static,MOT17-10,móvel
18,246,1,kept,0.41146,static,MOT17-10,móvel
18,441,1,kept,1.0,static,MOT17-10,móvel
18,485,2,switched,1.0,static,MOT17-10,móvel
18,503,1,kept,1.0,static,MOT17-10,móvel
18,603,3,lost,0.36149666666666663,static,MOT17-10,móvel
22,8,2,switched,0.735715,static,MOT17-10,móvel
22,20,2,switched,0.6499999999999999,static,MOT17-10,móvel
22,25,9,switched,0.6943144444444445,static,MOT17-10,móvel
23,11,2,kept,0.21698,static,MOT17-10,móvel
23,15,59,switched,0.04925279728813559,static,MOT17-10,móvel
23,89,21,kept,0.0,static,MOT17-10,móvel
23,119,1,kept,1.0,static,MOT17-10,móvel
23,160,1,kept,1.0,static,MOT17-10,móvel
23,243,2,kept,0.473305,static,MOT17-10,móvel
23,247,21,switched,0.045221521904761905,static,MOT17-10,móvel
23,285,2,kept,0.73043,static,MOT17-10,móvel
23,293,18,kept,0.08579322222222223,static,MOT17-10,móvel
23,313,1,kept,0.57853,static,MOT17-10,móvel
23,349,32,switched,0.031689890625,static,MOT17-10,móvel
23,585,17,lost,0.1254904705882353,static,MOT17-10,móvel
26,7,1,kept,0.42094,static,MOT17-10,móvel
26,16,2,kept,0.5178,static,MOT17-10,móvel
26,20,5,switched,0.164676,static,MOT17-10,móvel
26,44,1,kept,0.20381,static,MOT17-10,móvel
26,46,1,kept,0.26855,static,MOT17-10,móvel
26,51,1,kept,0.51724,static,MOT17-10,móvel
26,54,45,switched,0.08653558444444447,static,MOT17-10,móvel
26,102,2,kept,0.578125,static,MOT17-10,móvel
26,121,2,switched,1.0,static,MOT17-10,móvel
26,131,2,switched,1.0,static,MOT17-10,móvel
26,143,2,kept,0.28607,static,MOT17-10,móvel
26,146,42,switched,0.08493804047619048,static,MOT17-10,móvel
26,287,1,switched,0.85714,static,MOT17-10,móvel
26,372,2,switched,1.0,static,MOT17-10,móvel
27,14,2,switched,0.858725,static,MOT17-10,móvel
27,18,2,switched,0.9591149999999999,static,MOT17-10,móvel
27,22,1,switched,0.55072,static,MOT17-10,móvel
27,25,2,switched,0.539855,static,MOT17-10,móvel
27,29,1,switched,0.52899,static,MOT17-10,móvel
27,34,1,switched,0.54064,static,MOT17-10,móvel
27,36,2,switched,0.5857950000000001,static,MOT17-10,móvel
27,60,5,lost,0.048,static,MOT17-10,móvel
28,18,1,switched,0.54545,static,MOT17-10,móvel
28,22,1,switched,0.72727,static,MOT17-10,móvel
28,28,1,switched,0.59091,static,MOT17-10,móvel
28,31,1,switched,0.68182,static,MOT17-10,móvel
28,33,1,switched,1.0,static,MOT17-10,móvel
28,36,1,kept,1.0,static,MOT17-10,móvel
28,38,2,switched,0.81818,static,MOT17-10,móvel
28,41,3,switched,0.7380933333333334,static,MOT17-10,móvel
28,50,1,switched,0.81818,static,MOT17-10,móvel
28,55,1,switched,1.0,static,MOT17-10,móvel
28,65,2,lost,0.0,static,MOT17-10,móvel
38,6,1,switched,1.0,static,MOT17-10,móvel
38,14,2,switched,1.0,static,MOT17-10,móvel
38,27,1,switched,1.0,static,MOT17-10,móvel
38,59,1,lost,0.0,static,MOT17-10,móvel
39,5,2,switched,1.0,static,MOT17-10,móvel
39,15,1,switched,1.0,static,MOT17-10,móvel
39,18,2,switched,1.0,static,MOT17-10,móvel
39,21,3,switched,1.0,static,MOT17-10,móvel
39,26,3,switched,1.0,static,MOT17-10,móvel
39,31,3,switched,1.0,static,MOT17-10,móvel
39,35,2,switched,0.9014949999999999,static,MOT17-10,móvel
39,45,6,lost,0.6548916666666665,static,MOT17-10,móvel
40,5,2,switched,0.6432800000000001,static,MOT17-10,móvel
40,18,4,switched,1.0,static,MOT17-10,móvel
40,25,2,switched,1.0,static,MOT17-10,móvel
40,28,1,switched,1.0,static,MOT17-10,móvel
40,30,1,switched,1.0,static,MOT17-10,móvel
40,32,2,switched,1.0,static,MOT17-10,móvel
40,49,1,switched,1.0,static,MOT17-10,móvel
40,51,2,switched,1.0,static,MOT17-10,móvel
40,55,1,switched,1.0,static,MOT17-10,móvel
40,67,4,lost,0.0,static,MOT17-10,móvel
41,13,1,kept,0.71429,static,MOT17-10,móvel
41,17,2,kept,1.0,static,MOT17-10,móvel
41,24,8,switched,0.988095,static,MOT17-10,móvel
41,33,4,switched,1.0,static,MOT17-10,móvel
41,38,1,switched,1.0,static,MOT17-10,móvel
41,50,2,switched,1.0,static,MOT17-10,móvel
41,54,3,switched,1.0,static,MOT17-10,móvel
41,72,43,kept,0.44007976744186045,static,MOT17-10,móvel
41,116,62,switched,0.23071070322580642,static,MOT17-10,móvel
41,179,3,kept,0.8916400000000001,static,MOT17-10,móvel
41,186,2,kept,0.94426,static,MOT17-10,móvel
41,189,2,kept,0.92761,static,MOT17-10,móvel
41,192,9,lost,0.8885033333333334,static,MOT17-10,móvel
43,121,2,switched,0.944445,static,MOT17-10,móvel
43,126,1,switched,0.51852,static,MOT17-10,móvel
43,146,1,kept,0.5,static,MOT17-10,móvel
43,151,3,kept,0.34615,static,MOT17-10,móvel
43,157,3,kept,0.47436000000000006,static,MOT17-10,móvel
43,163,1,kept,0.33333,static,MOT17-10,móvel
43,165,1,kept,0.40741,static,MOT17-10,móvel
43,171,2,switched,0.574075,static,MOT17-10,móvel
43,174,1,kept,0.55556,static,MOT17-10,móvel
43,196,1,kept,0.48148,static,MOT17-10,móvel
43,201,11,lost,0.07899545454545455,static,MOT17-10,móvel
11,45,9,switched,0.3917511111111111,static,MOT17-10,móvel
11,56,1,kept,0.49576,static,MOT17-10,móvel
11,94,29,switched,0.10881265517241381,static,MOT17-10,móvel
24,43,1,kept,0.52632,static,MOT17-10,móvel
24,96,25,switched,0.1688174,static,MOT17-10,móvel
24,232,1,kept,0.26018,static,MOT17-10,móvel
24,234,19,switched,0.111641,static,MOT17-10,móvel
24,258,8,lost,0.15564725000000001,static,MOT17-10,móvel
42,51,1,kept,0.45455,static,MOT17-10,móvel
42,54,2,switched,0.59091,static,MOT17-10,móvel
42,60,1,kept,0.68182,static,MOT17-10,móvel
42,69,4,lost,0.0,static,MOT17-10,móvel
7,70,1,switched,0.52778,static,MOT17-10,móvel
7,410,1,lost,0.50774,static,MOT17-10,móvel
29,120,3,switched,0.6190466666666667,static,MOT17-10,móvel
29,124,2,switched,0.41176,static,MOT17-10,móvel
29,127,2,switched,0.45588,static,MOT17-10,móvel
29,136,2,switched,0.36765000000000003,static,MOT17-10,móvel
29,206,2,switched,0.69583,static,MOT17-10,móvel
29,350,2,lost,0.47058500000000003,static,MOT17-10,móvel
30,106,1,kept,0.57143,static,MOT17-10,móvel
30,113,2,switched,0.703705,static,MOT17-10,móvel
30,116,6,switched,0.10493799999999999,static,MOT17-10,móvel
30,161,2,switched,0.7142850000000001,static,MOT17-10,móvel
30,171,2,switched,0.8333349999999999,static,MOT17-10,móvel
30,175,1,kept,0.72414,static,MOT17-10,móvel
30,179,1,kept,0.58065,static,MOT17-10,móvel
30,187,1,kept,0.65625,static,MOT17-10,móvel
30,201,1,kept,0.625,static,MOT17-10,móvel
30,204,3,switched,0.65625,static,MOT17-10,móvel
30,229,1,kept,0.54762,static,MOT17-10,móvel
30,278,1,kept,0.5814,static,MOT17-10,móvel
30,281,1,kept,0.57143,static,MOT17-10,móvel
30,287,1,kept,0.53061,static,MOT17-10,móvel
30,289,1,kept,0.53846,static,MOT17-10,móvel
30,319,1,kept,0.48485,static,MOT17-10,móvel
30,322,1,kept,1.0,static,MOT17-10,móvel
30,324,1,kept,1.0,static,MOT17-10,móvel
30,328,2,kept,0.385595,static,MOT17-10,móvel
30,337,2,kept,0.48005,static,MOT17-10,móvel
30,340,5,lost,0.27987799999999996,static,MOT17-10,móvel
34,110,48,switched,0.030795166666666665,static,MOT17-10,móvel
34,166,1,switched,0.36872,static,MOT17-10,móvel
34,191,1,kept,0.25909,static,MOT17-10,móvel
34,194,100,switched,0.03508655,static,MOT17-10,móvel
34,308,1,kept,0.49242,static,MOT17-10,móvel
34,310,5,kept,0.480302,static,MOT17-10,móvel
34,335,1,kept,0.54545,static,MOT17-10,móvel
34,342,2,kept,0.533335,static,MOT17-10,móvel
34,353,10,switched,0.591739,static,MOT17-10,móvel
34,365,21,switched,0.07257657142857143,static,MOT17-10,móvel
34,438,73,switched,0.0316913698630137,static,MOT17-10,móvel
34,576,3,lost,0.19482,static,MOT17-10,móvel
9,146,1,kept,0.4837,static,MOT17-10,móvel
9,365,36,lost,0.3240413888888889,static,MOT17-10,móvel
45,131,2,switched,1.0,static,MOT17-10,móvel
45,172,1,switched,1.0,static,MOT17-10,móvel
45,174,1,switched,1.0,static,MOT17-10,móvel
45,176,1,kept,1.0,static,MOT17-10,móvel
45,244,2,switched,1.0,static,MOT17-10,móvel
45,274,1,kept,1.0,static,MOT17-10,móvel
45,281,1,switched,1.0,static,MOT17-10,móvel
45,283,1,switched,1.0,static,MOT17-10,móvel
45,285,1,kept,1.0,static,MOT17-10,móvel
45,313,3,kept,1.0,static,MOT17-10,móvel
45,332,22,switched,0.17071891045454546,static,MOT17-10,móvel
45,360,29,lost,0.32549655172413794,static,MOT17-10,móvel
54,195,3,switched,0.43284000000000006,static,MOT17-10,móvel
54,199,2,switched,0.51429,static,MOT17-10,móvel
54,206,4,switched,0.19962999999999997,static,MOT17-10,móvel
54,211,2,kept,0.32857000000000003,static,MOT17-10,móvel
54,218,1,kept,0.30099,static,MOT17-10,móvel
54,265,7,kept,0.1691977142857143,static,MOT17-10,móvel
54,273,5,switched,0.281144,static,MOT17-10,móvel
54,279,2,switched,0.029412,static,MOT17-10,móvel
54,282,2,switched,0.0,static,MOT17-10,móvel
54,286,25,switched,0.24686292,static,MOT17-10,móvel
54,312,24,lost,0.0,static,MOT17-10,móvel
44,135,9,switched,0.765701111111111,static,MOT17-10,móvel
44,159,1,switched,0.98195,static,MOT17-10,móvel
44,162,1,switched,0.84492,static,MOT17-10,móvel
44,164,1,switched,0.80147,static,MOT17-10,móvel
44,166,1,switched,0.85561,static,MOT17-10,móvel
44,168,1,switched,0.94203,static,MOT17-10,móvel
44,170,7,switched,0.9980128571428571,static,MOT17-10,móvel
44,188,2,kept,0.98064,static,MOT17-10,móvel
44,198,1,kept,0.9391,static,MOT17-10,móvel
44,200,4,switched,0.9401725,static,MOT17-10,móvel
44,205,1,switched,0.97329,static,MOT17-10,móvel
44,208,1,switched,0.90598,static,MOT17-10,móvel
44,262,1,kept,0.25115,static,MOT17-10,móvel
44,276,2,switched,0.173375,static,MOT17-10,móvel
44,281,3,switched,0.99401,static,MOT17-10,móvel
44,307,2,switched,0.99149,static,MOT17-10,móvel
71,244,1,kept,0.034455,static,MOT17-10,móvel
71,257,1,kept,0.81132,static,MOT17-10,móvel
71,259,2,switched,0.79245,static,MOT17-10,móvel
71,264,10,switched,0.43691499999999994,static,MOT17-10,móvel
71,279,5,kept,0.8954599999999999,static,MOT17-10,móvel
71,288,3,switched,0.7186233333333334,static,MOT17-10,móvel
71,292,2,switched,0.963635,static,MOT17-10,móvel
71,296,1,switched,1.0,static,MOT17-10,móvel
71,304,1,kept,0.84483,static,MOT17-10,móvel
71,312,1,kept,0.80454,static,MOT17-10,móvel
71,314,24,switched,0.18939695833333334,static,MOT17-10,móvel
71,348,20,switched,0.010301375,static,MOT17-10,móvel
71,369,1,kept,0.26687,static,MOT17-10,móvel
71,372,1,kept,0.4725,static,MOT17-10,móvel
71,375,1,kept,0.0,static,MOT17-10,móvel
71,378,4,kept,0.1084685,static,MOT17-10,móvel
71,383,20,switched,0.11569221999999998,static,MOT17-10,móvel
71,414,1,kept,0.26223,static,MOT17-10,móvel
71,417,16,switched,0.110733375,static,MOT17-10,móvel
71,436,1,kept,0.34783,static,MOT17-10,móvel
71,447,1,switched,0.86957,static,MOT17-10,móvel
71,450,3,switched,0.8405833333333333,static,MOT17-10,móvel
71,454,1,switched,0.73913,static,MOT17-10,móvel
71,466,7,switched,1.0,static,MOT17-10,móvel
71,515,4,kept,1.0,static,MOT17-10,móvel
71,531,1,kept,1.0,static,MOT17-10,móvel
71,533,1,kept,1.0,static,MOT17-10,móvel
71,535,1,kept,1.0,static,MOT17-10,móvel
71,560,1,kept,0.56522,static,MOT17-10,móvel
71,562,1,lost,0.30435,static,MOT17-10,móvel
16,161,2,lost,0.28081999999999996,static,MOT17-10,móvel
25,167,1,switched,0.44118,static,MOT17-10,móvel
25,171,9,switched,0.3692811111111111,static,MOT17-10,móvel
25,186,4,switched,0.0606055,static,MOT17-10,móvel
25,191,243,switched,0.16837127670781893,static,MOT17-10,móvel
25,436,5,kept,0.22049599999999997,static,MOT17-10,móvel
25,442,1,kept,0.49153,static,MOT17-10,móvel
25,444,20,switched,0.28394774999999994,static,MOT17-10,móvel
25,466,1,kept,0.34328,static,MOT17-10,móvel
25,468,1,kept,0.38806,static,MOT17-10,móvel
25,476,9,switched,0.2399133333333333,static,MOT17-10,móvel
25,486,8,kept,0.30409375000000005,static,MOT17-10,móvel
25,495,6,kept,0.3156933333333334,static,MOT17-10,móvel
25,504,4,kept,0.315575,static,MOT17-10,móvel
25,509,3,kept,0.2790066666666667,static,MOT17-10,móvel
25,514,1,kept,0.35955,static,MOT17-10,móvel
25,518,2,kept,0.353935,static,MOT17-10,móvel
25,521,1,kept,0.44944,static,MOT17-10,móvel
25,523,1,kept,0.40909,static,MOT17-10,móvel
25,526,2,kept,0.403295,static,MOT17-10,móvel
25,531,1,kept,0.3871,static,MOT17-10,móvel
25,533,2,kept,0.41359999999999997,static,MOT17-10,móvel
25,542,2,kept,0.41146,static,MOT17-10,móvel
25,545,2,kept,0.424065,static,MOT17-10,móvel
25,614,4,lost,0.3705225,static,MOT17-10,móvel
10,317,6,lost,0.36308500000000005,static,MOT17-10,móvel
31,188,39,switched,0.014128902564102562,static,MOT17-10,móvel
31,228,2,switched,0.1487805,static,MOT17-10,móvel
31,234,3,switched,0.5416666666666666,static,MOT17-10,móvel
31,239,3,kept,0.275,static,MOT17-10,móvel
31,244,1,kept,0.15,static,MOT17-10,móvel
31,246,45,switched,0.020401533333333333,static,MOT17-10,móvel
31,292,11,switched,0.37158363636363634,static,MOT17-10,móvel
31,314,2,switched,0.652975,static,MOT17-10,móvel
31,318,1,kept,0.31517,static,MOT17-10,móvel
31,320,1,switched,0.30772,static,MOT17-10,móvel
31,326,1,switched,0.33405,static,MOT17-10,móvel
31,340,3,kept,0.4368433333333333,static,MOT17-10,móvel
31,363,2,switched,0.22754000000000002,static,MOT17-10,móvel
31,369,1,kept,0.41339,static,MOT17-10,móvel
31,372,1,kept,0.22079,static,MOT17-10,móvel
31,374,54,switched,0.030557888888888884,static,MOT17-10,móvel
31,473,1,lost,0.41558,static,MOT17-10,móvel
32,222,1,kept,0.46512,static,MOT17-10,móvel
32,229,1,switched,0.25581,static,MOT17-10,móvel
32,234,7,switched,0.0010441428571428572,static,MOT17-10,móvel
32,244,4,switched,0.0,static,MOT17-10,móvel
32,249,5,kept,0.0,static,MOT17-10,móvel
32,255,10,switched,0.0209297,static,MOT17-10,móvel
32,266,2,kept,0.36406000000000005,static,MOT17-10,móvel
32,269,2,kept,0.392855,static,MOT17-10,móvel
32,276,3,switched,1.0,static,MOT17-10,móvel
32,280,3,switched,1.0,static,MOT17-10,móvel
32,285,1,kept,0.34728,static,MOT17-10,móvel
32,302,1,switched,1.0,static,MOT17-10,móvel
32,312,1,kept,0.5641,static,MOT17-10,móvel
32,316,1,switched,0.19336,static,MOT17-10,móvel
32,319,1,switched,0.52893,static,MOT17-10,móvel
32,323,1,switched,0.54545,static,MOT17-10,móvel
32,329,1,kept,0.56667,static,MOT17-10,móvel
32,339,1,kept,0.48297,static,MOT17-10,móvel
32,344,9,switched,0.11806355555555556,static,MOT17-10,móvel
32,369,1,kept,0.49907,static,MOT17-10,móvel
32,374,44,switched,0.03673406818181818,static,MOT17-10,móvel
56,231,2,switched,0.79423,static,MOT17-10,móvel
56,237,1,switched,0.79231,static,MOT17-10,móvel
56,251,2,switched,0.738785,static,MOT17-10,móvel
56,265,1,kept,0.95091,static,MOT17-10,móvel
56,268,3,kept,0.9027599999999999,static,MOT17-10,móvel
56,276,2,switched,1.0,static,MOT17-10,móvel
56,281,1,switched,1.0,static,MOT17-10,móvel
56,302,15,switched,0.011608466666666668,static,MOT17-10,móvel
56,328,31,switched,0.14956048387096774,static,MOT17-10,móvel
56,369,2,switched,1.0,static,MOT17-10,móvel
56,437,10,switched,0.879397,static,MOT17-10,móvel
56,473,19,switched,0.19872652631578944,static,MOT17-10,móvel
56,525,1,switched,1.0,static,MOT17-10,móvel
57,228,1,switched,0.77623,static,MOT17-10,móvel
57,230,1,kept,0.83443,static,MOT17-10,móvel
57,234,1,kept,0.79355,static,MOT17-10,móvel
57,236,2,switched,0.71729,static,MOT17-10,móvel
57,240,1,switched,0.57648,static,MOT17-10,móvel
57,246,1,kept,0.71135,static,MOT17-10,móvel
57,248,1,kept,0.71217,static,MOT17-10,móvel
57,262,3,kept,0.7014933333333332,static,MOT17-10,móvel
57,266,1,kept,0.74627,static,MOT17-10,móvel
57,268,1,switched,0.73798,static,MOT17-10,móvel
57,274,2,switched,0.79104,static,MOT17-10,móvel
57,277,3,switched,0.7910400000000001,static,MOT17-10,móvel
57,284,1,switched,0.79104,static,MOT17-10,móvel
57,305,20,kept,0.1391351,static,MOT17-10,móvel
57,334,1,kept,0.91667,static,MOT17-10,móvel
57,341,23,switched,0.0678218695652174,static,MOT17-10,móvel
57,368,3,switched,0.9121833333333332,static,MOT17-10,móvel
57,443,1,kept,0.40766,static,MOT17-10,móvel
57,445,18,switched,0.1511513888888889,static,MOT17-10,móvel
57,465,1,kept,0.44595,static,MOT17-10,móvel
59,280,3,switched,0.7627099999999999,static,MOT17-10,móvel
59,287,6,switched,0.8615816666666666,static,MOT17-10,móvel
59,307,2,switched,0.46721,static,MOT17-10,móvel
59,311,1,kept,0.7,static,MOT17-10,móvel
59,319,1,kept,0.86441,static,MOT17-10,móvel
59,325,1,switched,0.3913,static,MOT17-10,móvel
59,327,13,switched,0.01672215384615385,static,MOT17-10,móvel
59,348,1,kept,0.79104,static,MOT17-10,móvel
59,351,21,kept,0.005718095238095238,static,MOT17-10,móvel
59,399,1,switched,0.68,static,MOT17-10,móvel
59,403,26,switched,0.4646627692307692,static,MOT17-10,móvel
59,431,1,kept,0.29212,static,MOT17-10,móvel
59,433,4,kept,0.2887875,static,MOT17-10,móvel
59,447,8,switched,0.015909087500000002,static,MOT17-10,móvel
59,457,1,switched,0.46094,static,MOT17-10,móvel
14,270,1,kept,1.0,static,MOT17-10,móvel
14,280,3,switched,1.0,static,MOT17-10,móvel
14,493,1,kept,0.45161,static,MOT17-10,móvel
14,495,1,kept,0.35556,static,MOT17-10,móvel
14,498,2,kept,0.29776,static,MOT17-10,móvel
14,501,38,switched,0.09972781578947369,static,MOT17-10,móvel
49,352,2,kept,0.275,static,MOT17-10,móvel
49,355,2,kept,0.275,static,MOT17-10,móvel
49,362,4,switched,0.9875,static,MOT17-10,móvel
49,368,1,kept,1.0,static,MOT17-10,móvel
49,370,3,kept,1.0,static,MOT17-10,móvel
49,377,11,kept,0.6758372727272727,static,MOT17-10,móvel
49,401,2,switched,1.0,static,MOT17-10,móvel
49,447,1,kept,1.0,static,MOT17-10,móvel
49,478,3,kept,1.0,static,MOT17-10,móvel
49,518,3,kept,1.0,static,MOT17-10,móvel
49,522,1,kept,1.0,static,MOT17-10,móvel
49,526,1,kept,1.0,static,MOT17-10,móvel
49,567,2,switched,1.0,static,MOT17-10,móvel
49,621,1,kept,0.66667,static,MOT17-10,móvel
49,632,4,kept,0.26723749999999996,static,MOT17-10,móvel
49,637,4,lost,0.08505725,static,MOT17-10,móvel
33,399,2,kept,0.28571,static,MOT17-10,móvel
33,406,1,kept,0.35714,static,MOT17-10,móvel
33,429,2,kept,0.55357,static,MOT17-10,móvel
33,478,1,kept,1.0,static,MOT17-10,móvel
33,480,1,kept,1.0,static,MOT17-10,móvel
50,410,6,kept,0.3810766666666667,static,MOT17-10,móvel
50,417,7,kept,0.3327414285714286,static,MOT17-10,móvel
50,425,2,kept,0.244855,static,MOT17-10,móvel
50,428,14,switched,0.546175,static,MOT17-10,móvel
50,443,2,kept,0.367915,static,MOT17-10,móvel
50,446,13,kept,0.1975195384615385,static,MOT17-10,móvel
50,468,1,kept,0.7,static,MOT17-10,móvel
50,472,1,kept,0.66667,static,MOT17-10,móvel
50,568,2,switched,0.98007,static,MOT17-10,móvel
50,578,3,kept,0.9434933333333334,static,MOT17-10,móvel
50,618,1,kept,1.0,static,MOT17-10,móvel
50,639,1,kept,1.0,static,MOT17-10,móvel
50,651,1,switched,1.0,static,MOT17-10,móvel
46,587,4,lost,0.46363750000000004,static,MOT17-10,móvel
48,549,1,kept,1.0,static,MOT17-10,móvel
48,642,12,kept,0.46637749999999994,static,MOT17-10,móvel
47,529,45,switched,0.1041284,static,MOT17-10,móvel
47,633,2,lost,0.5340900000000001,static,MOT17-10,móvel
67,541,7,kept,0.41496428571428573,static,MOT17-10,móvel
67,550,3,kept,0.4920633333333333,static,MOT17-10,móvel
67,555,3,switched,0.5505033333333333,static,MOT17-10,móvel
67,566,3,kept,0.8115933333333333,static,MOT17-10,móvel
67,577,3,kept,1.0,static,MOT17-10,móvel
67,585,4,switched,0.24897499999999997,static,MOT17-10,móvel
67,591,1,kept,0.63315,static,MOT17-10,móvel
67,606,1,kept,0.26418,static,MOT17-10,móvel
67,608,3,kept,0.19285333333333332,static,MOT17-10,móvel
67,612,6,switched,0.29942833333333335,static,MOT17-10,móvel
68,548,2,kept,0.5592699999999999,static,MOT17-10,móvel
68,553,2,kept,1.0,static,MOT17-10,móvel
68,560,6,switched,0.6205116666666666,static,MOT17-10,móvel
68,569,1,switched,0.31853,static,MOT17-10,móvel
68,572,1,kept,1.0,static,MOT17-10,móvel
68,581,1,kept,0.53417,static,MOT17-10,móvel
68,590,1,switched,0.70748,static,MOT17-10,móvel
68,604,2,switched,1.0,static,MOT17-10,móvel
68,612,2,switched,0.78,static,MOT17-10,móvel
68,616,2,switched,0.697085,static,MOT17-10,móvel
68,639,1,kept,1.0,static,MOT17-10,móvel
66,562,1,kept,1.0,static,MOT17-10,móvel
66,565,1,kept,1.0,static,MOT17-10,móvel
66,568,1,kept,0.68182,static,MOT17-10,móvel
66,587,1,kept,1.0,static,MOT17-10,móvel
66,600,2,switched,0.78261,static,MOT17-10,móvel
66,618,1,switched,0.83333,static,MOT17-10,móvel
66,645,1,switched,0.73566,static,MOT17-10,móvel
1,708,20,kept,0.06051415,static,MOT17-11,móvel
1,746,14,switched,0.04433171428571429,static,MOT17-11,móvel
2,10,4,lost,0.40841,static,MOT17-11,móvel
4,98,2,kept,0.5002850000000001,static,MOT17-11,móvel
4,101,2,lost,0.39483,static,MOT17-11,móvel
5,253,3,lost,0.13125933333333334,static,MOT17-11,móvel
6,67,1,kept,0.40741,static,MOT17-11,móvel
6,70,2,kept,0.28704,static,MOT17-11,móvel
6,91,73,switched,0.10638966712328768,static,MOT17-11,móvel
6,267,2,lost,0.38590500000000005,static,MOT17-11,móvel
13,267,6,switched,0.2388916666666667,static,MOT17-11,móvel
13,285,1,lost,0.21911,static,MOT17-11,móvel
14,14,1,kept,0.51724,static,MOT17-11,móvel
14,16,1,kept,0.56034,static,MOT17-11,móvel
14,318,1,kept,0.31188,static,MOT17-11,móvel
14,320,16,kept,0.1048635,static,MOT17-11,móvel
14,618,1,kept,0.51029,static,MOT17-11,móvel
14,620,6,kept,0.47273000000000004,static,MOT17-11,móvel
14,635,45,lost,0.4059751111111111,static,MOT17-11,móvel
16,23,1,lost,0.5,static,MOT17-11,móvel
17,6,2,kept,0.24452999999999997,static,MOT17-11,móvel
17,15,1,kept,0.39581,static,MOT17-11,móvel
17,18,2,switched,0.40347,static,MOT17-11,móvel
17,23,2,switched,0.55543,static,MOT17-11,móvel
17,26,3,switched,0.6242133333333334,static,MOT17-11,móvel
17,30,2,switched,0.6246050000000001,static,MOT17-11,móvel
17,105,2,switched,0.90323,static,MOT17-11,móvel
17,114,2,lost,0.554955,static,MOT17-11,móvel
18,17,2,kept,0.36746999999999996,static,MOT17-11,móvel
18,21,4,switched,0.430085,static,MOT17-11,móvel
25,96,1,switched,0.70526,static,MOT17-11,móvel
25,110,2,kept,0.7886599999999999,static,MOT17-11,móvel
25,174,2,kept,0.37619,static,MOT17-11,móvel
25,178,10,kept,0.343783,static,MOT17-11,móvel
25,189,58,switched,0.0957522896551724,static,MOT17-11,móvel
25,252,2,kept,0.38854500000000003,static,MOT17-11,móvel
25,255,1,kept,0.33333,static,MOT17-11,móvel
25,261,3,kept,0.12650399999999998,static,MOT17-11,móvel
25,265,26,switched,0.20770603846153846,static,MOT17-11,móvel
25,294,1,kept,0.44954,static,MOT17-11,móvel
25,377,4,kept,0.39024000000000003,static,MOT17-11,móvel
25,382,1,kept,0.3629,static,MOT17-11,móvel
25,385,1,kept,0.37097,static,MOT17-11,móvel
25,387,2,kept,0.373485,static,MOT17-11,móvel
25,390,1,kept,0.376,static,MOT17-11,móvel
25,392,1,kept,0.416,static,MOT17-11,móvel
25,394,2,kept,0.46399999999999997,static,MOT17-11,móvel
25,516,1,kept,0.48936,static,MOT17-11,móvel
25,523,1,kept,0.4539,static,MOT17-11,móvel
25,527,1,kept,0.43262,static,MOT17-11,móvel
25,539,1,kept,0.51296,static,MOT17-11,móvel
25,549,3,switched,0.40864666666666666,static,MOT17-11,móvel
25,694,7,kept,0.004668571428571429,static,MOT17-11,móvel
25,705,17,switched,0.08068911764705883,static,MOT17-11,móvel
25,730,1,kept,0.58333,static,MOT17-11,móvel
25,732,23,switched,0.1556023043478261,static,MOT17-11,móvel
28,26,9,lost,0.02716,static,MOT17-11,móvel
29,23,1,switched,0.42478,static,MOT17-11,móvel
29,25,1,switched,0.48673,static,MOT17-11,móvel
29,27,1,switched,0.53982,static,MOT17-11,móvel
29,43,2,kept,0.41483499999999995,static,MOT17-11,móvel
29,60,1,kept,0.30172,static,MOT17-11,móvel
29,71,1,kept,0.29872,static,MOT17-11,móvel
29,78,2,switched,0.4359,static,MOT17-11,móvel
29,135,2,kept,0.40149,static,MOT17-11,móvel
29,140,4,lost,0.16320675,static,MOT17-11,móvel
30,7,1,kept,0.14583,static,MOT17-11,móvel
30,10,1,kept,0.17977,static,MOT17-11,móvel
30,17,2,kept,0.083981,static,MOT17-11,móvel
30,21,1,kept,0.0,static,MOT17-11,móvel
30,24,1,switched,0.19743,static,MOT17-11,móvel
30,26,3,switched,0.2594033333333334,static,MOT17-11,móvel
30,31,12,kept,0.1691625,static,MOT17-11,móvel
30,45,7,kept,0.11651457142857143,static,MOT17-11,móvel
30,56,1,kept,0.18867,static,MOT17-11,móvel
30,59,1,switched,0.12744,static,MOT17-11,móvel
30,62,1,kept,0.10943,static,MOT17-11,móvel
30,66,1,kept,0.17431,static,MOT17-11,móvel
30,69,1,kept,0.20072,static,MOT17-11,móvel
30,80,1,switched,0.22417,static,MOT17-11,móvel
30,98,1,kept,0.125,static,MOT17-11,móvel
30,107,2,switched,0.341075,static,MOT17-11,móvel
30,137,1,switched,0.19073,static,MOT17-11,móvel
30,148,2,kept,0.16408,static,MOT17-11,móvel
79,8,1,kept,0.58824,static,MOT17-11,móvel
79,15,9,lost,0.09586111111111112,static,MOT17-11,móvel
19,52,1,kept,0.57143,static,MOT17-11,móvel
19,54,4,lost,0.215115,static,MOT17-11,móvel
24,133,6,kept,1.0,static,MOT17-11,móvel
24,141,12,kept,1.0,static,MOT17-11,móvel
24,154,1,kept,1.0,static,MOT17-11,móvel
24,156,11,switched,1.0,static,MOT17-11,móvel
24,173,11,lost,0.49992000000000003,static,MOT17-11,móvel
26,98,4,kept,0.18574500000000002,static,MOT17-11,móvel
26,103,7,switched,0.2851171428571429,static,MOT17-11,móvel
26,112,3,switched,0.33735,static,MOT17-11,móvel
26,116,1,kept,0.36585,static,MOT17-11,móvel
26,120,1,kept,0.41975,static,MOT17-11,móvel
76,117,1,kept,0.0,static,MOT17-11,móvel
76,120,1,kept,0.0,static,MOT17-11,móvel
76,125,3,lost,0.02141736666666667,static,MOT17-11,móvel
77,126,2,kept,0.247645,static,MOT17-11,móvel
77,131,4,kept,0.02678575,static,MOT17-11,móvel
77,137,2,kept,0.0,static,MOT17-11,móvel
77,140,21,lost,0.0,static,MOT17-11,móvel
55,183,1,kept,0.11765,static,MOT17-11,móvel
55,186,37,lost,0.2106517027027027,static,MOT17-11,móvel
20,307,2,lost,0.46531500000000003,static,MOT17-11,móvel
89,211,1,kept,0.58511,static,MOT17-11,móvel
89,215,2,kept,0.362245,static,MOT17-11,móvel
89,326,1,lost,0.33247,static,MOT17-11,móvel
32,263,1,kept,0.7619,static,MOT17-11,móvel
32,324,2,kept,0.5104150000000001,static,MOT17-11,móvel
32,328,102,switched,0.06234921568627451,static,MOT17-11,móvel
32,463,5,kept,0.296584,static,MOT17-11,móvel
32,469,71,switched,0.017253704225352114,static,MOT17-11,móvel
7,279,1,kept,0.40476,static,MOT17-11,móvel
7,423,5,lost,0.29149600000000003,static,MOT17-11,móvel
59,260,6,kept,0.6586533333333333,static,MOT17-11,móvel
59,269,1,kept,0.64423,static,MOT17-11,móvel
59,271,1,kept,0.72115,static,MOT17-11,móvel
59,302,1,kept,1.0,static,MOT17-11,móvel
59,304,2,switched,1.0,static,MOT17-11,móvel
27,254,1,kept,0.39623,static,MOT17-11,móvel
27,257,3,kept,0.54547,static,MOT17-11,móvel
27,342,1,kept,0.53435,static,MOT17-11,móvel
27,344,2,lost,0.35991,static,MOT17-11,móvel
31,429,19,switched,0.40408263157894736,static,MOT17-11,móvel
31,454,2,kept,0.46909999999999996,static,MOT17-11,móvel
31,458,100,switched,0.081927228,static,MOT17-11,móvel
31,583,1,kept,0.40559,static,MOT17-11,móvel
31,585,1,kept,0.32168,static,MOT17-11,móvel
31,587,3,lost,0.24888333333333335,static,MOT17-11,móvel
45,440,9,lost,0.2523388888888889,static,MOT17-11,móvel
10,375,2,kept,0.267015,static,MOT17-11,móvel
10,403,1,kept,0.47619,static,MOT17-11,móvel
10,405,2,kept,0.37059,static,MOT17-11,móvel
10,408,1,kept,0.36047,static,MOT17-11,móvel
10,411,3,kept,0.27455999999999997,static,MOT17-11,móvel
10,415,3,kept,0.16296333333333335,static,MOT17-11,móvel
10,419,1,kept,0.30337,static,MOT17-11,móvel
10,421,8,kept,0.37007,static,MOT17-11,móvel
10,430,27,kept,0.10156027777777776,static,MOT17-11,móvel
10,458,3,kept,0.42773666666666665,static,MOT17-11,móvel
10,462,1,kept,0.4,static,MOT17-11,móvel
10,465,2,kept,0.40073000000000003,static,MOT17-11,móvel
10,562,10,lost,0.25851399999999997,static,MOT17-11,móvel
12,551,2,lost,0.10543050000000001,static,MOT17-11,móvel
39,468,1,kept,0.5,static,MOT17-11,móvel
39,563,5,switched,0.09069259999999998,static,MOT17-11,móvel
39,569,2,kept,0.250815,static,MOT17-11,móvel
39,608,1,switched,1.0,static,MOT17-11,móvel
39,685,31,switched,0.034288451612903226,static,MOT17-11,móvel
39,788,3,lost,0.37897333333333333,static,MOT17-11,móvel
40,434,3,kept,0.27341,static,MOT17-11,móvel
40,487,3,lost,0.0,static,MOT17-11,móvel
46,437,50,switched,0.00103896,static,MOT17-11,móvel
46,488,1,kept,0.091954,static,MOT17-11,móvel
46,492,4,kept,0.46609,static,MOT17-11,móvel
46,497,2,kept,0.102566,static,MOT17-11,móvel
46,500,6,lost,0.0235045,static,MOT17-11,móvel
41,552,1,kept,0.51969,static,MOT17-11,móvel
41,554,9,switched,0.802161111111111,static,MOT17-11,móvel
41,579,1,kept,0.44295,static,MOT17-11,móvel
41,583,3,kept,0.49959333333333333,static,MOT17-11,móvel
41,587,2,kept,0.433825,static,MOT17-11,móvel
41,590,17,lost,0.10731882352941176,static,MOT17-11,móvel
42,539,1,kept,0.15942,static,MOT17-11,móvel
42,541,69,kept,0.05466753623188407,static,MOT17-11,móvel
42,639,4,switched,0.66227,static,MOT17-11,móvel
42,644,3,kept,0.7155733333333334,static,MOT17-11,móvel
42,711,3,lost,0.10385266666666666,static,MOT17-11,móvel
47,625,2,kept,0.0576925,static,MOT17-11,móvel
47,628,4,lost,0.0,static,MOT17-11,móvel
60,600,1,kept,0.58696,static,MOT17-11,móvel
60,608,60,lost,0.046377,static,MOT17-11,móvel
61,613,1,kept,0.041357,static,MOT17-11,móvel
61,621,2,kept,0.0,static,MOT17-11,móvel
61,626,3,lost,0.0,static,MOT17-11,móvel
44,718,12,lost,0.42645333333333335,static,MOT17-11,móvel
33,720,18,switched,0.1091113888888889,static,MOT17-11,móvel
33,758,1,kept,0.28049,static,MOT17-11,móvel
33,760,15,kept,0.03467973333333333,static,MOT17-11,móvel
33,806,2,kept,0.5652550000000001,static,MOT17-11,móvel
33,809,7,lost,0.35184714285714286,static,MOT17-11,móvel
48,652,2,kept,0.0458335,static,MOT17-11,móvel
48,656,49,switched,0.1139145081632653,static,MOT17-11,móvel
48,737,6,lost,0.4747516666666666,static,MOT17-11,móvel
34,711,1,kept,0.31522,static,MOT17-11,móvel
34,716,17,switched,0.0,static,MOT17-11,móvel
34,737,66,switched,0.014283848484848484,static,MOT17-11,móvel
34,846,6,lost,0.27029,static,MOT17-11,móvel
43,724,19,switched,0.12391005263157895,static,MOT17-11,móvel
43,744,1,switched,0.32927,static,MOT17-11,móvel
43,747,2,kept,0.0722875,static,MOT17-11,móvel
43,751,4,lost,0.0,static,MOT17-11,móvel
35,747,22,switched,0.03935913636363637,static,MOT17-11,móvel
35,783,1,kept,0.52899,static,MOT17-11,móvel
35,787,1,kept,0.34228,static,MOT17-11,móvel
35,789,10,kept,0.20098699999999997,static,MOT17-11,móvel
35,868,7,lost,0.26809999999999995,static,MOT17-11,móvel
37,745,2,switched,0.52762,static,MOT17-11,móvel
37,750,1,kept,0.56342,static,MOT17-11,móvel
37,765,2,kept,0.44584500000000005,static,MOT17-11,móvel
37,768,5,kept,0.352824,static,MOT17-11,móvel
37,774,1,kept,0.38571,static,MOT17-11,móvel
37,826,1,kept,0.33751,static,MOT17-11,móvel
37,829,1,kept,0.24553,static,MOT17-11,móvel
37,834,6,lost,0.0,static,MOT17-11,móvel
38,755,1,kept,0.69828,static,MOT17-11,móvel
38,840,5,lost,0.34741,static,MOT17-11,móvel
36,881,1,kept,0.46913,static,MOT17-11,móvel
36,883,5,lost,0.34022800000000003,static,MOT17-11,móvel
49,803,2,kept,0.0,static,MOT17-11,móvel
49,809,1,kept,0.0,static,MOT17-11,móvel
49,811,1,kept,0.0,static,MOT17-11,móvel
49,813,64,switched,0.030228125,static,MOT17-11,móvel
62,867,3,lost,0.3612066666666667,static,MOT17-11,móvel
67,845,1,switched,1.0,static,MOT17-11,móvel
67,887,2,switched,1.0,static,MOT17-11,móvel
67,890,1,switched,1.0,static,MOT17-11,móvel
67,897,1,switched,1.0,static,MOT17-11,móvel
68,884,2,switched,0.8648549999999999,static,MOT17-11,móvel
68,890,2,switched,0.981695,static,MOT17-11,móvel
68,893,4,switched,1.0,static,MOT17-11,móvel
63,872,3,kept,1.0,static,MOT17-11,móvel
63,877,1,kept,1.0,static,MOT17-11,móvel
63,879,2,kept,1.0,static,MOT17-11,móvel
63,882,1,kept,1.0,static,MOT17-11,móvel
63,885,6,switched,1.0,static,MOT17-11,móvel
63,892,1,switched,1.0,static,MOT17-11,móvel
63,895,4,switched,1.0,static,MOT17-11,móvel
63,900,1,lost,1.0,static,MOT17-11,móvel
70,851,19,switched,0.008772105263157895,static,MOT17-11,móvel
73,889,2,switched,1.0,static,MOT17-11,móvel
73,892,2,switched,1.0,static,MOT17-11,móvel
73,895,6,lost,1.0,static,MOT17-11,móvel
50,894,1,kept,0.39474,static,MOT17-11,móvel
50,898,3,lost,0.42133333333333334,static,MOT17-11,móvel
71,888,3,switched,0.9619066666666667,static,MOT17-11,móvel
71,894,2,switched,1.0,static,MOT17-11,móvel
72,882,7,switched,0.16917414285714286,static,MOT17-11,móvel
72,891,3,switched,0.6005733333333333,static,MOT17-11,móvel
66,893,8,lost,1.0,static,MOT17-11,móvel
64,898,1,kept,0.49254,static,MOT17-11,móvel
1,30,26,kept,0.037377269230769235,static,MOT17-09,parada
1,163,25,switched,0.026245168800000003,static,MOT17-09,parada
1,194,15,switched,0.017564053333333333,static,MOT17-09,parada
1,211,36,switched,0.014249377777777779,static,MOT17-09,parada
1,251,1,kept,0.12403,static,MOT17-09,parada
1,258,103,switched,0.002990134951456311,static,MOT17-09,parada
1,362,4,kept,0.0,static,MOT17-09,parada
1,367,67,switched,0.0,static,MOT17-09,parada
1,438,6,switched,0.0,static,MOT17-09,parada
1,445,43,kept,0.013104851860465115,static,MOT17-09,parada
1,489,2,lost,0.0,static,MOT17-09,parada
19,196,5,lost,0.380134,static,MOT17-09,parada
20,217,4,lost,0.2972325,static,MOT17-09,parada
21,17,1,kept,1.0,static,MOT17-09,parada
21,24,1,kept,1.0,static,MOT17-09,parada
21,33,1,kept,0.43396,static,MOT17-09,parada
21,54,1,kept,0.53846,static,MOT17-09,parada
21,58,1,kept,0.54902,static,MOT17-09,parada
21,60,1,kept,0.54902,static,MOT17-09,parada
21,62,1,kept,0.54902,static,MOT17-09,parada
21,70,1,kept,0.52941,static,MOT17-09,parada
21,85,3,kept,0.4902,static,MOT17-09,parada
21,90,1,kept,0.46154,static,MOT17-09,parada
21,105,70,switched,0.02860547142857143,static,MOT17-09,parada
21,195,6,kept,1.0,static,MOT17-09,parada
21,204,1,kept,1.0,static,MOT17-09,parada
21,206,1,kept,1.0,static,MOT17-09,parada
21,208,4,kept,1.0,static,MOT17-09,parada
21,213,1,kept,1.0,static,MOT17-09,parada
21,217,1,kept,1.0,static,MOT17-09,parada
21,220,1,kept,1.0,static,MOT17-09,parada
21,223,1,kept,1.0,static,MOT17-09,parada
21,226,1,kept,1.0,static,MOT17-09,parada
21,229,1,kept,1.0,static,MOT17-09,parada
21,231,1,kept,1.0,static,MOT17-09,parada
21,244,1,kept,1.0,static,MOT17-09,parada
21,324,2,kept,1.0,static,MOT17-09,parada
21,347,1,kept,1.0,static,MOT17-09,parada
21,349,3,kept,1.0,static,MOT17-09,parada
21,367,3,kept,1.0,static,MOT17-09,parada
21,371,4,kept,1.0,static,MOT17-09,parada
21,380,3,lost,0.6191266666666667,static,MOT17-09,parada
22,100,71,switched,0.04769402816901408,static,MOT17-09,parada
22,240,2,kept,0.389985,static,MOT17-09,parada
22,294,1,kept,0.9016,static,MOT17-09,parada
22,300,1,kept,0.87417,static,MOT17-09,parada
22,303,1,kept,0.9062,static,MOT17-09,parada
22,388,5,lost,0.344538,static,MOT17-09,parada
23,116,41,switched,0.09498526829268293,static,MOT17-09,parada
23,236,1,kept,0.51269,static,MOT17-09,parada
23,240,1,kept,0.40025,static,MOT17-09,parada
16,26,55,lost,0.045715490909090904,static,MOT17-09,parada
43,60,1,lost,0.76596,static,MOT17-09,parada
7,151,23,kept,0.03423182608695652,static,MOT17-09,parada
7,181,10,switched,0.013971,static,MOT17-09,parada
7,196,1,kept,0.28767,static,MOT17-09,parada
7,198,135,switched,0.03021678148148148,static,MOT17-09,parada
7,335,1,kept,0.14706,static,MOT17-09,parada
7,337,2,kept,0.18411,static,MOT17-09,parada
7,389,1,kept,0.37838,static,MOT17-09,parada
7,393,1,kept,0.37333,static,MOT17-09,parada
7,396,3,lost,0.2762966666666667,static,MOT17-09,parada
8,171,14,switched,0.05309319285714287,static,MOT17-09,parada
8,186,16,switched,0.149342125,static,MOT17-09,parada
8,299,1,kept,0.52202,static,MOT17-09,parada
8,304,6,kept,0.36467833333333327,static,MOT17-09,parada
8,362,1,kept,0.54321,static,MOT17-09,parada
8,365,18,lost,0.05010944444444444,static,MOT17-09,parada
10,167,1,kept,0.40127,static,MOT17-09,parada
10,175,31,switched,0.08274203225806451,static,MOT17-09,parada
10,254,1,kept,0.32231,static,MOT17-09,parada
10,273,8,kept,0.1271175,static,MOT17-09,parada
10,282,1,kept,0.0,static,MOT17-09,parada
10,284,1,kept,0.081395,static,MOT17-09,parada
10,286,1,kept,0.20455,static,MOT17-09,parada
10,294,2,kept,0.260645,static,MOT17-09,parada
10,298,1,kept,0.27451,static,MOT17-09,parada
10,304,1,kept,0.32941,static,MOT17-09,parada
10,306,1,kept,0.36905,static,MOT17-09,parada
10,311,1,kept,0.14717,static,MOT17-09,parada
10,313,67,switched,0.02253351194029851,static,MOT17-09,parada
10,414,1,kept,0.27869,static,MOT17-09,parada
10,417,5,kept,0.214598,static,MOT17-09,parada
10,423,6,lost,0.029658,static,MOT17-09,parada
18,238,1,kept,1.0,static,MOT17-09,parada
18,241,50,switched,0.8810662,static,MOT17-09,parada
18,295,1,kept,0.65,static,MOT17-09,parada
18,311,27,lost,0.481202962962963,static,MOT17-09,parada
29,189,8,switched,0.15741525,static,MOT17-09,parada
29,203,7,switched,0.0,static,MOT17-09,parada
29,287,87,switched,0.15239254022988502,static,MOT17-09,parada
29,376,1,kept,0.23469,static,MOT17-09,parada
29,378,1,kept,0.21598,static,MOT17-09,parada
29,408,1,kept,0.38845,static,MOT17-09,parada
29,415,1,kept,0.47788,static,MOT17-09,parada
29,423,1,switched,0.44506,static,MOT17-09,parada
29,425,1,kept,0.43383,static,MOT17-09,parada
29,430,15,lost,0.10989101333333332,static,MOT17-09,parada
11,190,2,kept,0.054795,static,MOT17-09,parada
11,193,8,switched,0.010956125,static,MOT17-09,parada
11,207,7,switched,0.0,static,MOT17-09,parada
11,246,1,kept,0.50829,static,MOT17-09,parada
11,248,2,kept,0.34435000000000004,static,MOT17-09,parada
11,252,35,switched,0.05930583428571429,static,MOT17-09,parada
11,336,19,kept,0.08140384210526316,static,MOT17-09,parada
11,356,74,switched,0.24390151351351355,static,MOT17-09,parada
11,432,1,switched,0.37482,static,MOT17-09,parada
11,453,16,switched,0.05791664500000001,static,MOT17-09,parada
11,470,1,kept,0.0067962,static,MOT17-09,parada
11,522,4,lost,0.0,static,MOT17-09,parada
12,211,7,switched,0.02086795714285714,static,MOT17-09,parada
12,374,1,kept,1.0,static,MOT17-09,parada
12,377,1,kept,1.0,static,MOT17-09,parada
12,379,28,switched,1.0,static,MOT17-09,parada
12,409,2,kept,1.0,static,MOT17-09,parada
12,412,1,kept,1.0,static,MOT17-09,parada
12,416,1,kept,1.0,static,MOT17-09,parada
12,422,1,switched,1.0,static,MOT17-09,parada
12,447,23,lost,0.17590478260869563,static,MOT17-09,parada
13,225,2,kept,0.235615,static,MOT17-09,parada
13,246,1,kept,0.4,static,MOT17-09,parada
13,249,1,kept,0.36508,static,MOT17-09,parada
13,355,1,kept,0.81679,static,MOT17-09,parada
13,430,8,switched,0.9395074999999999,static,MOT17-09,parada
13,446,1,kept,0.80435,static,MOT17-09,parada
13,448,14,switched,0.04204135714285714,static,MOT17-09,parada
13,488,2,switched,0.86936,static,MOT17-09,parada
13,492,1,kept,0.51515,static,MOT17-09,parada
13,494,16,lost,0.40301750000000003,static,MOT17-09,parada
2,468,4,lost,0.3070525,static,MOT17-09,parada
6,410,12,switched,0.166768,static,MOT17-09,parada
3,480,16,switched,0.096135625,static,MOT17-09,parada
17,448,1,kept,0.46269,static,MOT17-09,parada
17,450,1,kept,0.20896,static,MOT17-09,parada
17,452,74,lost,0.036929067567567565,static,MOT17-09,parada
4,454,9,switched,0.15309533333333333,static,MOT17-09,parada
4,511,1,kept,0.46,static,MOT17-09,parada
4,516,10,lost,0.08648597000000001,static,MOT17-09,parada
14,490,6,switched,0.16645566666666667,static,MOT17-09,parada
15,463,1,kept,0.48527,static,MOT17-09,parada
15,497,6,switched,0.11973833333333335,static,MOT17-09,parada
9,508,15,switched,0.21215593333333335,static,MOT17-09,parada
2,143,3,lost,0.4103833333333333,static,MOT17-13,móvel
4,166,1,kept,0.192,static,MOT17-13,móvel
4,242,2,lost,0.472865,static,MOT17-13,móvel
5,44,2,lost,0.461035,static,MOT17-13,móvel
6,34,3,lost,0.40009333333333336,static,MOT17-13,móvel
7,89,1,kept,0.55446,static,MOT17-13,móvel
7,115,1,kept,0.41976,static,MOT17-13,móvel
7,274,6,switched,0.35623000000000005,static,MOT17-13,móvel
10,13,1,kept,1.0,static,MOT17-13,móvel
10,15,1,kept,1.0,static,MOT17-13,móvel
10,20,1,lost,0.60606,static,MOT17-13,móvel
11,25,5,lost,0.669948,static,MOT17-13,móvel
13,117,2,lost,0.59127,static,MOT17-13,móvel
14,124,1,lost,0.5082,static,MOT17-13,móvel
15,4,2,switched,1.0,static,MOT17-13,móvel
16,14,1,switched,0.47826,static,MOT17-13,móvel
16,103,2,switched,1.0,static,MOT17-13,móvel
16,108,2,switched,1.0,static,MOT17-13,móvel
16,120,3,switched,1.0,static,MOT17-13,móvel
17,155,1,lost,0.67391,static,MOT17-13,móvel
35,5,3,kept,0.98718,static,MOT17-13,móvel
35,11,1,switched,0.89655,static,MOT17-13,móvel
35,20,3,kept,1.0,static,MOT17-13,móvel
35,34,1,kept,1.0,static,MOT17-13,móvel
35,37,1,switched,1.0,static,MOT17-13,móvel
35,47,4,switched,1.0,static,MOT17-13,móvel
35,66,1,switched,1.0,static,MOT17-13,móvel
35,71,1,switched,0.97374,static,MOT17-13,móvel
35,73,1,switched,0.97059,static,MOT17-13,móvel
35,81,2,switched,0.96875,static,MOT17-13,móvel
35,84,9,switched,0.8554955555555556,static,MOT17-13,móvel
35,95,2,switched,0.89885,static,MOT17-13,móvel
35,98,4,switched,0.8316525,static,MOT17-13,móvel
35,103,6,switched,0.803925,static,MOT17-13,móvel
35,110,10,switched,0.8208219999999999,static,MOT17-13,móvel
35,121,3,switched,0.9230700000000001,static,MOT17-13,móvel
35,125,2,switched,1.0,static,MOT17-13,móvel
35,129,2,switched,1.0,static,MOT17-13,móvel
35,132,3,switched,1.0,static,MOT17-13,móvel
35,140,1,switched,0.46154,static,MOT17-13,móvel
35,143,1,switched,0.23077,static,MOT17-13,móvel
35,145,9,switched,0.009259222222222223,static,MOT17-13,móvel
35,155,2,switched,0.0,static,MOT17-13,móvel
35,158,2,switched,0.0,static,MOT17-13,móvel
35,162,3,switched,0.0,static,MOT17-13,móvel
35,166,1,switched,0.0,static,MOT17-13,móvel
35,172,1,switched,0.0,static,MOT17-13,móvel
35,174,2,switched,0.0,static,MOT17-13,móvel
35,177,1,switched,0.0,static,MOT17-13,móvel
35,179,1,switched,0.0,static,MOT17-13,móvel
35,185,3,switched,1.0,static,MOT17-13,móvel
35,192,1,switched,1.0,static,MOT17-13,móvel
35,198,5,switched,1.0,static,MOT17-13,móvel
36,12,106,switched,0.33445677358490566,static,MOT17-13,móvel
36,119,1,kept,0.56527,static,MOT17-13,móvel
36,136,5,switched,0.347198,static,MOT17-13,móvel
36,143,2,lost,0.4375,static,MOT17-13,móvel
39,4,5,switched,0.900272,static,MOT17-13,móvel
39,80,1,switched,1.0,static,MOT17-13,móvel
39,268,1,switched,0.64,static,MOT17-13,móvel
39,345,1,kept,0.027273,static,MOT17-13,móvel
39,349,2,switched,0.1007455,static,MOT17-13,móvel
39,355,2,switched,0.193565,static,MOT17-13,móvel
47,32,2,switched,0.6723399999999999,static,MOT17-13,móvel
47,100,1,kept,0.6,static,MOT17-13,móvel
47,107,2,switched,0.675,static,MOT17-13,móvel
47,120,1,kept,0.82462,static,MOT17-13,móvel
47,122,1,kept,0.73692,static,MOT17-13,móvel
47,125,1,kept,0.73231,static,MOT17-13,móvel
47,128,6,kept,0.613975,static,MOT17-13,móvel
47,135,2,kept,0.5532950000000001,static,MOT17-13,móvel
47,142,183,switched,0.17317398360655736,static,MOT17-13,móvel
47,326,23,kept,0.11009673913043479,static,MOT17-13,móvel
47,353,13,kept,0.14025715384615384,static,MOT17-13,móvel
47,367,4,lost,0.2606925,static,MOT17-13,móvel
49,22,5,kept,0.24344200000000002,static,MOT17-13,móvel
49,29,1,kept,0.30612,static,MOT17-13,móvel
49,86,1,kept,1.0,static,MOT17-13,móvel
49,89,1,kept,1.0,static,MOT17-13,móvel
49,103,25,switched,1.0,static,MOT17-13,móvel
49,134,1,kept,1.0,static,MOT17-13,móvel
49,137,5,switched,1.0,static,MOT17-13,móvel
49,146,202,switched,0.995049504950495,static,MOT17-13,móvel
49,349,4,kept,1.0,static,MOT17-13,móvel
49,354,2,kept,1.0,static,MOT17-13,móvel
49,357,6,kept,1.0,static,MOT17-13,móvel
49,364,4,lost,0.6581625,static,MOT17-13,móvel
50,96,1,kept,0.79661,static,MOT17-13,móvel
50,104,1,kept,0.88095,static,MOT17-13,móvel
50,117,2,kept,1.0,static,MOT17-13,móvel
50,120,3,switched,1.0,static,MOT17-13,móvel
50,153,2,switched,1.0,static,MOT17-13,móvel
50,174,1,kept,1.0,static,MOT17-13,móvel
50,176,1,kept,1.0,static,MOT17-13,móvel
50,213,2,kept,1.0,static,MOT17-13,móvel
50,221,2,kept,1.0,static,MOT17-13,móvel
50,224,8,lost,0.56027625,static,MOT17-13,móvel
71,14,3,kept,0.4275533333333333,static,MOT17-13,móvel
71,18,2,kept,0.43571499999999996,static,MOT17-13,móvel
34,22,2,kept,0.52921,static,MOT17-13,móvel
34,25,2,kept,0.7934300000000001,static,MOT17-13,móvel
34,29,8,kept,0.3323175,static,MOT17-13,móvel
34,38,1,kept,0.90678,static,MOT17-13,móvel
34,40,6,kept,0.9319533333333333,static,MOT17-13,móvel
34,47,16,kept,0.2715923125,static,MOT17-13,móvel
34,65,2,kept,0.8256399999999999,static,MOT17-13,móvel
34,68,3,kept,1.0,static,MOT17-13,móvel
34,72,1,kept,1.0,static,MOT17-13,móvel
34,86,1,switched,1.0,static,MOT17-13,móvel
34,89,4,switched,1.0,static,MOT17-13,móvel
34,111,2,switched,1.0,static,MOT17-13,móvel
34,136,7,switched,0.1523557142857143,static,MOT17-13,móvel
34,148,1,switched,0.61905,static,MOT17-13,móvel
34,154,3,switched,0.17428666666666667,static,MOT17-13,móvel
34,158,2,switched,0.13788,static,MOT17-13,móvel
34,163,2,kept,0.045455,static,MOT17-13,móvel
34,167,4,switched,0.14665424999999999,static,MOT17-13,móvel
34,173,12,switched,0.021912558333333332,static,MOT17-13,móvel
34,191,24,switched,0.3929167500000001,static,MOT17-13,móvel
34,262,1,switched,0.0,static,MOT17-13,móvel
34,265,4,lost,0.011104925,static,MOT17-13,móvel
38,106,1,kept,0.23117,static,MOT17-13,móvel
38,119,1,switched,0.2472,static,MOT17-13,móvel
38,121,1,switched,0.25449,static,MOT17-13,móvel
38,134,4,lost,0.11933674999999999,static,MOT17-13,móvel
32,82,1,kept,0.52,static,MOT17-13,móvel
32,95,3,kept,1.0,static,MOT17-13,móvel
32,99,37,switched,0.9737813513513514,static,MOT17-13,móvel
32,143,13,switched,0.3437123076923077,static,MOT17-13,móvel
32,157,1,switched,0.11538,static,MOT17-13,móvel
32,160,3,kept,0.09335500000000001,static,MOT17-13,móvel
32,164,6,lost,0.09799466666666666,static,MOT17-13,móvel
33,30,18,switched,0.4677438888888889,static,MOT17-13,móvel
33,53,17,switched,1.0,static,MOT17-13,móvel
33,71,13,kept,1.0,static,MOT17-13,móvel
33,85,1,kept,0.97574,static,MOT17-13,móvel
33,87,3,switched,0.9595966666666667,static,MOT17-13,móvel
33,93,9,switched,0.8366955555555555,static,MOT17-13,móvel
33,103,2,switched,0.7723800000000001,static,MOT17-13,móvel
33,116,1,kept,0.59809,static,MOT17-13,móvel
33,288,1,lost,0.29897,static,MOT17-13,móvel
63,39,7,kept,0.32988142857142855,static,MOT17-13,móvel
19,141,2,lost,0.54615,static,MOT17-13,móvel
67,98,2,switched,0.88942,static,MOT17-13,móvel
67,110,2,lost,0.45974,static,MOT17-13,móvel
62,62,1,kept,1.0,static,MOT17-13,móvel
62,64,2,switched,0.97826,static,MOT17-13,móvel
62,85,1,switched,0.82971,static,MOT17-13,móvel
62,109,4,switched,0.710045,static,MOT17-13,móvel
62,150,1,kept,0.94828,static,MOT17-13,móvel
62,186,2,switched,0.71739,static,MOT17-13,móvel
62,200,1,lost,0.49121,static,MOT17-13,móvel
64,82,1,switched,1.0,static,MOT17-13,móvel
64,93,1,kept,1.0,static,MOT17-13,móvel
64,109,1,switched,1.0,static,MOT17-13,móvel
64,145,1,switched,1.0,static,MOT17-13,móvel
37,77,2,switched,1.0,static,MOT17-13,móvel
37,83,1,switched,1.0,static,MOT17-13,móvel
37,122,1,switched,1.0,static,MOT17-13,móvel
37,134,1,switched,1.0,static,MOT17-13,móvel
37,144,2,switched,0.8947400000000001,static,MOT17-13,móvel
37,159,1,kept,0.73684,static,MOT17-13,móvel
37,161,13,switched,0.5838053846153846,static,MOT17-13,móvel
37,175,47,lost,0.4222554255319149,static,MOT17-13,móvel
60,88,1,switched,0.29653,static,MOT17-13,móvel
60,91,3,switched,0.3395533333333333,static,MOT17-13,móvel
60,96,16,switched,0.31629062500000005,static,MOT17-13,móvel
60,114,2,switched,0.36772499999999997,static,MOT17-13,móvel
60,120,13,lost,0.24661607692307688,static,MOT17-13,móvel
61,94,3,kept,0.066421,static,MOT17-13,móvel
61,101,8,lost,0.3115375,static,MOT17-13,móvel
156,98,18,switched,0.38154,static,MOT17-13,móvel
156,117,1,kept,0.58838,static,MOT17-13,móvel
156,119,2,switched,0.669495,static,MOT17-13,móvel
156,122,1,kept,0.62177,static,MOT17-13,móvel
156,124,19,switched,0.7437747368421053,static,MOT17-13,móvel
156,145,3,switched,0.23448666666666665,static,MOT17-13,móvel
156,150,1,lost,0.045455,static,MOT17-13,móvel
73,90,3,switched,0.21014333333333335,static,MOT17-13,móvel
73,95,2,switched,0.0545455,static,MOT17-13,móvel
73,105,3,switched,0.5019866666666667,static,MOT17-13,móvel
73,109,1,kept,0.69093,static,MOT17-13,móvel
73,117,1,switched,1.0,static,MOT17-13,móvel
73,144,2,switched,1.0,static,MOT17-13,móvel
73,148,2,switched,1.0,static,MOT17-13,móvel
73,151,2,kept,1.0,static,MOT17-13,móvel
73,231,2,kept,0.47222,static,MOT17-13,móvel
72,93,1,kept,0.62232,static,MOT17-13,móvel
72,99,1,kept,0.27214,static,MOT17-13,móvel
72,101,8,switched,0.26092,static,MOT17-13,móvel
72,110,6,kept,0.16667,static,MOT17-13,móvel
72,118,1,kept,0.2317,static,MOT17-13,móvel
72,137,2,switched,0.867185,static,MOT17-13,móvel
72,154,2,switched,0.294725,static,MOT17-13,móvel
72,245,1,lost,0.32722,static,MOT17-13,móvel
145,100,1,kept,0.6371,static,MOT17-13,móvel
145,102,3,switched,0.6264133333333334,static,MOT17-13,móvel
145,106,1,kept,0.66935,static,MOT17-13,móvel
145,108,1,kept,0.78446,static,MOT17-13,móvel
145,115,10,switched,0.0474619,static,MOT17-13,móvel
145,146,1,switched,1.0,static,MOT17-13,móvel
145,149,3,switched,1.0,static,MOT17-13,móvel
145,153,2,kept,1.0,static,MOT17-13,móvel
145,156,2,switched,1.0,static,MOT17-13,móvel
145,159,1,kept,1.0,static,MOT17-13,móvel
145,163,4,kept,0.8840725,static,MOT17-13,móvel
145,171,12,lost,0.7076066666666666,static,MOT17-13,móvel
167,107,1,kept,0.57633,static,MOT17-13,móvel
167,109,19,switched,0.25569484210526316,static,MOT17-13,móvel
167,129,1,kept,0.23692,static,MOT17-13,móvel
167,133,14,switched,0.648107857142857,static,MOT17-13,móvel
167,148,4,switched,0.90625,static,MOT17-13,móvel
167,153,1,switched,1.0,static,MOT17-13,móvel
167,155,1,lost,1.0,static,MOT17-13,móvel
51,142,1,switched,0.57083,static,MOT17-13,móvel
51,149,2,switched,0.66,static,MOT17-13,móvel
51,171,1,switched,0.84,static,MOT17-13,móvel
51,177,1,switched,0.92857,static,MOT17-13,móvel
51,181,2,switched,0.9845999999999999,static,MOT17-13,móvel
51,228,4,lost,0.03253975,static,MOT17-13,móvel
40,125,20,switched,0.47297240000000007,static,MOT17-13,móvel
40,147,3,switched,0.6652766666666667,static,MOT17-13,móvel
40,152,1,switched,0.6,static,MOT17-13,móvel
40,155,1,switched,0.56,static,MOT17-13,móvel
40,158,1,kept,0.52174,static,MOT17-13,móvel
40,160,3,kept,0.42718000000000006,static,MOT17-13,móvel
150,167,33,switched,0.9089663636363637,static,MOT17-13,móvel
150,203,2,kept,1.0,static,MOT17-13,móvel
150,209,1,kept,1.0,static,MOT17-13,móvel
150,219,3,kept,1.0,static,MOT17-13,móvel
150,226,4,kept,1.0,static,MOT17-13,móvel
150,233,1,kept,0.86188,static,MOT17-13,móvel
150,240,7,switched,0.68813,static,MOT17-13,móvel
150,249,6,lost,0.4625266666666667,static,MOT17-13,móvel
18,300,3,kept,0.5773433333333333,static,MOT17-13,móvel
18,304,8,kept,0.6027425,static,MOT17-13,móvel
18,314,4,kept,0.62619,static,MOT17-13,móvel
18,319,1,kept,0.63821,static,MOT17-13,móvel
18,321,4,kept,0.6679900000000001,static,MOT17-13,móvel
18,326,4,kept,0.71926,static,MOT17-13,móvel
18,331,4,switched,0.66683,static,MOT17-13,móvel
18,336,4,switched,0.7745725,static,MOT17-13,móvel
18,350,1,kept,0.87977,static,MOT17-13,móvel
18,352,2,kept,0.8936949999999999,static,MOT17-13,móvel
18,357,1,kept,0.96303,static,MOT17-13,móvel
158,172,1,kept,0.79211,static,MOT17-13,móvel
158,175,1,kept,0.89696,static,MOT17-13,móvel
158,177,3,kept,0.88761,static,MOT17-13,móvel
158,182,19,lost,0.40984105263157894,static,MOT17-13,móvel
133,190,1,kept,0.0044893,static,MOT17-13,móvel
133,199,1,switched,0.0,static,MOT17-13,móvel
133,201,1,switched,0.0,static,MOT17-13,móvel
133,215,65,switched,0.4818702307692307,static,MOT17-13,móvel
133,282,1,kept,1.0,static,MOT17-13,móvel
133,295,1,switched,0.51667,static,MOT17-13,móvel
133,298,31,switched,0.6240345161290323,static,MOT17-13,móvel
133,330,1,kept,1.0,static,MOT17-13,móvel
133,332,111,lost,0.8420604504504502,static,MOT17-13,móvel
138,203,2,kept,0.065475,static,MOT17-13,móvel
138,206,1,switched,0.040791,static,MOT17-13,móvel
138,208,1,kept,0.23229,static,MOT17-13,móvel
138,210,38,kept,0.6445255263157895,static,MOT17-13,móvel
138,254,1,kept,0.26385,static,MOT17-13,móvel
138,256,1,kept,0.2255,static,MOT17-13,móvel
138,258,2,kept,0.28318,static,MOT17-13,móvel
138,263,3,lost,0.25853333333333334,static,MOT17-13,móvel
146,214,4,kept,0.0390625,static,MOT17-13,móvel
146,219,5,switched,0.315376,static,MOT17-13,móvel
146,225,4,switched,0.78363,static,MOT17-13,móvel
146,233,2,kept,0.88046,static,MOT17-13,móvel
146,236,15,kept,0.4696006666666666,static,MOT17-13,móvel
146,257,7,switched,0.38848714285714286,static,MOT17-13,móvel
146,270,2,lost,0.214425,static,MOT17-13,móvel
168,210,1,kept,0.78814,static,MOT17-13,móvel
168,213,1,kept,0.79098,static,MOT17-13,móvel
168,216,91,lost,0.6376181318681319,static,MOT17-13,móvel
52,236,1,kept,0.6,static,MOT17-13,móvel
52,238,17,switched,0.49830823529411766,static,MOT17-13,móvel
52,338,2,lost,0.471155,static,MOT17-13,móvel
45,242,1,kept,1.0,static,MOT17-13,móvel
45,255,2,switched,0.56962,static,MOT17-13,móvel
45,258,1,kept,0.56579,static,MOT17-13,móvel
45,261,2,kept,0.20986,static,MOT17-13,móvel
163,266,36,switched,0.7109586111111112,static,MOT17-13,móvel
163,303,151,lost,0.481497417218543,static,MOT17-13,móvel
170,287,27,switched,0.4587488888888889,static,MOT17-13,móvel
170,315,39,lost,0.3898715384615385,static,MOT17-13,móvel
139,296,143,lost,0.44430641258741255,static,MOT17-13,móvel
169,292,45,lost,0.37053022222222226,static,MOT17-13,móvel
147,289,150,lost,0.6908125533333332,static,MOT17-13,móvel
157,286,157,lost,0.21839182165605092,static,MOT17-13,móvel
155,337,10,switched,0.301842,static,MOT17-13,móvel
155,348,114,switched,0.7663885087719299,static,MOT17-13,móvel
155,463,10,lost,0.7877569999999999,static,MOT17-13,móvel
48,303,2,switched,0.450895,static,MOT17-13,móvel
48,324,2,kept,0.540185,static,MOT17-13,móvel
48,335,1,kept,0.5601,static,MOT17-13,móvel
48,348,6,kept,0.6960683333333333,static,MOT17-13,móvel
48,356,3,kept,0.5959633333333333,static,MOT17-13,móvel
48,362,2,kept,0.65029,static,MOT17-13,móvel
48,365,6,lost,0.700285,static,MOT17-13,móvel
143,313,40,lost,0.8461234999999998,static,MOT17-13,móvel
151,448,13,lost,0.8966469230769231,static,MOT17-13,móvel
160,345,135,lost,0.5455250222222222,static,MOT17-13,móvel
74,404,1,switched,0.97988,static,MOT17-13,móvel
74,408,2,switched,0.86246,static,MOT17-13,móvel
74,412,1,switched,0.85225,static,MOT17-13,móvel
74,414,1,switched,0.78514,static,MOT17-13,móvel
74,418,2,switched,0.579955,static,MOT17-13,móvel
142,330,94,switched,0.4079142446808511,static,MOT17-13,móvel
142,426,6,switched,0.4387016666666666,static,MOT17-13,móvel
142,433,4,switched,0.6538824999999999,static,MOT17-13,móvel
142,439,10,switched,0.3940997,static,MOT17-13,móvel
142,450,19,lost,0.567325,static,MOT17-13,móvel
59,321,2,switched,0.473215,static,MOT17-13,móvel
59,362,2,switched,0.546185,static,MOT17-13,móvel
59,383,1,switched,0.53226,static,MOT17-13,móvel
59,392,1,kept,0.3707,static,MOT17-13,móvel
59,403,1,switched,0.52865,static,MOT17-13,móvel
59,405,1,switched,0.35593,static,MOT17-13,móvel
59,410,2,switched,0.385595,static,MOT17-13,móvel
59,413,1,switched,0.44746,static,MOT17-13,móvel
59,415,3,switched,0.3429166666666667,static,MOT17-13,móvel
59,419,2,lost,0.26398,static,MOT17-13,móvel
65,430,1,switched,0.7031,static,MOT17-13,móvel
65,471,1,lost,0.62278,static,MOT17-13,móvel
68,379,1,kept,0.17804,static,MOT17-13,móvel
68,381,10,switched,0.228303,static,MOT17-13,móvel
68,395,1,switched,0.13087,static,MOT17-13,móvel
68,399,2,switched,0.14974500000000002,static,MOT17-13,móvel
68,403,1,switched,0.19233,static,MOT17-13,móvel
68,407,1,switched,0.1642,static,MOT17-13,móvel
68,409,1,switched,0.16712,static,MOT17-13,móvel
68,415,1,switched,0.15815,static,MOT17-13,móvel
68,418,3,switched,0.299861,static,MOT17-13,móvel
68,423,3,switched,0.56454,static,MOT17-13,móvel
68,427,1,switched,0.59918,static,MOT17-13,móvel
68,430,1,lost,0.042799,static,MOT17-13,móvel
70,374,1,kept,0.13684,static,MOT17-13,móvel
70,391,3,switched,0.5245266666666667,static,MOT17-13,móvel
70,396,2,switched,0.53302,static,MOT17-13,móvel
70,401,32,switched,0.6221284375,static,MOT17-13,móvel
70,435,6,switched,0.6851233333333333,static,MOT17-13,móvel
70,443,2,switched,0.7348300000000001,static,MOT17-13,móvel
70,449,2,switched,0.35045499999999996,static,MOT17-13,móvel
70,452,1,switched,0.77246,static,MOT17-13,móvel
70,456,2,switched,0.76658,static,MOT17-13,móvel
70,461,1,switched,0.91048,static,MOT17-13,móvel
70,463,1,switched,0.98218,static,MOT17-13,móvel
70,466,2,lost,1.0,static,MOT17-13,móvel
58,412,1,switched,1.0,static,MOT17-13,móvel
58,414,34,lost,0.8389820588235295,static,MOT17-13,móvel
20,468,28,lost,0.41913249999999996,static,MOT17-13,móvel
128,451,13,lost,0.6739876923076923,static,MOT17-13,móvel
22,484,2,switched,0.74142,static,MOT17-13,móvel
22,490,1,switched,0.60566,static,MOT17-13,móvel
22,493,2,switched,0.52564,static,MOT17-13,móvel
22,496,7,switched,0.59663,static,MOT17-13,móvel
22,507,13,lost,0.9285192307692308,static,MOT17-13,móvel
21,486,3,switched,0.5817800000000001,static,MOT17-13,móvel
21,491,2,switched,0.84337,static,MOT17-13,móvel
21,495,24,lost,0.7664512499999999,static,MOT17-13,móvel
26,528,2,switched,1.0,static,MOT17-13,móvel
26,534,2,switched,1.0,static,MOT17-13,móvel
26,554,2,switched,1.0,static,MOT17-13,móvel
26,603,2,lost,0.30337000000000003,static,MOT17-13,móvel
28,519,5,switched,0.768696,static,MOT17-13,móvel
28,525,3,switched,0.53364,static,MOT17-13,móvel
28,529,6,switched,0.6000333333333333,static,MOT17-13,móvel
28,536,4,switched,0.548755,static,MOT17-13,móvel
28,541,5,switched,0.5395220000000001,static,MOT17-13,móvel
28,558,2,switched,1.0,static,MOT17-13,móvel
28,579,2,switched,0.66769,static,MOT17-13,móvel
25,585,1,lost,0.22468,static,MOT17-13,móvel
53,549,2,switched,0.6425449999999999,static,MOT17-13,móvel
53,657,4,switched,0.3458775,static,MOT17-13,móvel
53,669,1,lost,0.19971,static,MOT17-13,móvel
27,624,1,lost,0.10166,static,MOT17-13,móvel
56,652,9,switched,0.9365666666666667,static,MOT17-13,móvel
56,664,4,switched,1.0,static,MOT17-13,móvel
56,670,2,switched,1.0,static,MOT17-13,móvel
56,673,3,switched,1.0,static,MOT17-13,móvel
56,677,9,switched,0.9949322222222222,static,MOT17-13,móvel
56,690,3,switched,0.9394333333333335,static,MOT17-13,móvel
56,696,2,switched,0.9348449999999999,static,MOT17-13,móvel
43,622,1,kept,1.0,static,MOT17-13,móvel
43,624,31,switched,0.9808896774193548,static,MOT17-13,móvel
43,665,1,switched,1.0,static,MOT17-13,móvel
54,657,4,switched,0.7637624999999999,static,MOT17-13,móvel
54,677,2,switched,0.7820050000000001,static,MOT17-13,móvel
55,668,3,switched,0.6458333333333334,static,MOT17-13,móvel
55,674,2,switched,0.8333349999999999,static,MOT17-13,móvel
55,679,1,switched,0.53333,static,MOT17-13,móvel
55,681,4,switched,0.8147325,static,MOT17-13,móvel
55,687,1,switched,0.625,static,MOT17-13,móvel
55,695,2,switched,1.0,static,MOT17-13,móvel
2,54,3,lost,0.51939,const_vel,MOT17-02,parada
3,230,200,switched,0.10192960636000001,const_vel,MOT17-02,parada
3,431,73,switched,0.04218692630136986,const_vel,MOT17-02,parada
3,508,1,kept,0.15185,const_vel,MOT17-02,parada
3,511,19,kept,0.010635310526315792,const_vel,MOT17-02,parada
3,556,1,kept,0.47432,const_vel,MOT17-02,parada
3,558,1,kept,0.45197,const_vel,MOT17-02,parada
3,560,1,kept,0.39992,const_vel,MOT17-02,parada
3,562,1,kept,0.3443,const_vel,MOT17-02,parada
3,564,12,lost,0.12207939166666665,const_vel,MOT17-02,parada
8,5,1,kept,0.50829,const_vel,MOT17-02,parada
8,18,6,kept,0.3262433333333334,const_vel,MOT17-02,parada
8,25,4,switched,0.50515,const_vel,MOT17-02,parada
8,35,9,lost,0.15014066666666667,const_vel,MOT17-02,parada
9,186,38,switched,0.049079184210526317,const_vel,MOT17-02,parada
9,228,3,switched,0.9,const_vel,MOT17-02,parada
9,252,80,switched,0.0176828,const_vel,MOT17-02,parada
9,333,5,kept,0.23902199999999998,const_vel,MOT17-02,parada
9,340,3,kept,0.29268,const_vel,MOT17-02,parada
9,344,2,kept,0.32926500000000003,const_vel,MOT17-02,parada
9,347,2,kept,0.353655,const_vel,MOT17-02,parada
9,350,3,kept,0.21951033333333334,const_vel,MOT17-02,parada
9,354,82,switched,0.0,const_vel,MOT17-02,parada
9,438,34,switched,0.05626717647058824,const_vel,MOT17-02,parada
9,497,1,kept,0.51425,const_vel,MOT17-02,parada
9,504,1,switched,0.28294,const_vel,MOT17-02,parada
9,514,87,lost,0.035928171264367814,const_vel,MOT17-02,parada
10,163,1,kept,1.0,const_vel,MOT17-02,parada
10,196,31,switched,0.030560193548387096,const_vel,MOT17-02,parada
10,229,2,switched,0.7236849999999999,const_vel,MOT17-02,parada
10,245,1,switched,1.0,const_vel,MOT17-02,parada
10,248,1,kept,0.525,const_vel,MOT17-02,parada
10,257,1,kept,0.0,const_vel,MOT17-02,parada
10,259,204,switched,0.007369558823529412,const_vel,MOT17-02,parada
10,494,2,switched,1.0,const_vel,MOT17-02,parada
10,501,3,switched,0.9593666666666668,const_vel,MOT17-02,parada
10,505,96,lost,0.10033643749999999,const_vel,MOT17-02,parada
14,191,3,switched,1.0,const_vel,MOT17-02,parada
14,210,29,switched,0.0631296551724138,const_vel,MOT17-02,parada
14,246,1,kept,0.69231,const_vel,MOT17-02,parada
14,248,1,kept,0.5641,const_vel,MOT17-02,parada
14,254,3,kept,0.04273366666666667,const_vel,MOT17-02,parada
14,273,34,lost,0.0,const_vel,MOT17-02,parada
15,35,14,switched,0.9911842857142855,const_vel,MOT17-02,parada
15,54,2,kept,0.93829,const_vel,MOT17-02,parada
15,57,1,kept,0.93829,const_vel,MOT17-02,parada
15,61,1,switched,0.92287,const_vel,MOT17-02,parada
15,64,1,kept,0.90791,const_vel,MOT17-02,parada
15,115,1,kept,0.93602,const_vel,MOT17-02,parada
15,124,1,kept,0.93405,const_vel,MOT17-02,parada
15,130,1,switched,0.91757,const_vel,MOT17-02,parada
15,132,1,kept,0.91757,const_vel,MOT17-02,parada
15,140,2,kept,0.88459,const_vel,MOT17-02,parada
15,172,1,kept,0.32432,const_vel,MOT17-02,parada
15,174,35,switched,0.0003011714285714286,const_vel,MOT17-02,parada
15,210,3,switched,0.12178300000000002,const_vel,MOT17-02,parada
15,215,1,kept,0.36111,const_vel,MOT17-02,parada
15,217,1,kept,0.36111,const_vel,MOT17-02,parada
15,219,75,switched,0.004444386666666666,const_vel,MOT17-02,parada
15,295,70,switched,0.0,const_vel,MOT17-02,parada
15,369,2,kept,0.0,const_vel,MOT17-02,parada
15,374,38,switched,0.050869539473684215,const_vel,MOT17-02,parada
15,425,1,kept,0.33698,const_vel,MOT17-02,parada
15,431,1,kept,0.30151,const_vel,MOT17-02,parada
15,433,3,switched,0.29061,const_vel,MOT17-02,parada
15,438,163,lost,0.05543250644171779,const_vel,MOT17-02,parada
17,133,11,kept,0.53761,const_vel,MOT17-02,parada
17,146,1,kept,0.52317,const_vel,MOT17-02,parada
17,150,1,kept,0.52317,const_vel,MOT17-02,parada
17,154,3,kept,0.4878466666666667,const_vel,MOT17-02,parada
17,158,1,kept,0.50872,const_vel,MOT17-02,parada
17,166,2,kept,0.5275,const_vel,MOT17-02,parada
17,172,1,kept,0.54182,const_vel,MOT17-02,parada
17,178,1,kept,0.55614,const_vel,MOT17-02,parada
17,206,24,switched,0.03107039166666667,const_vel,MOT17-02,parada
17,239,1,kept,0.1324,const_vel,MOT17-02,parada
17,242,1,kept,0.092541,const_vel,MOT17-02,parada
17,245,1,kept,0.085548,const_vel,MOT17-02,parada
17,250,4,switched,0.02517475,const_vel,MOT17-02,parada
17,257,30,switched,0.0013830799999999999,const_vel,MOT17-02,parada
17,288,3,kept,0.0,const_vel,MOT17-02,parada
17,292,6,kept,0.0,const_vel,MOT17-02,parada
17,299,1,kept,0.0,const_vel,MOT17-02,parada
17,301,132,switched,0.0,const_vel,MOT17-02,parada
17,434,1,kept,0.0,const_vel,MOT17-02,parada
17,436,1,switched,0.0,const_vel,MOT17-02,parada
17,438,2,switched,0.0,const_vel,MOT17-02,parada
17,441,9,switched,0.0,const_vel,MOT17-02,parada
17,452,8,switched,0.14446125,const_vel,MOT17-02,parada
17,494,98,switched,0.01020335918367347,const_vel,MOT17-02,parada
17,599,1,kept,0.14927,const_vel,MOT17-02,parada
18,157,3,switched,0.19933,const_vel,MOT17-02,parada
18,161,2,switched,0.03179845,const_vel,MOT17-02,parada
18,167,144,switched,0.008326369444444443,const_vel,MOT17-02,parada
18,312,2,kept,0.0,const_vel,MOT17-02,parada
18,316,1,kept,0.0,const_vel,MOT17-02,parada
18,318,1,kept,0.0,const_vel,MOT17-02,parada
18,320,1,kept,0.0,const_vel,MOT17-02,parada
18,322,6,switched,0.0,const_vel,MOT17-02,parada
18,329,1,kept,0.0,const_vel,MOT17-02,parada
18,331,62,switched,0.0,const_vel,MOT17-02,parada
18,399,4,kept,0.0,const_vel,MOT17-02,parada
18,404,1,kept,0.0,const_vel,MOT17-02,parada
18,413,2,switched,0.0,const_vel,MOT17-02,parada
18,416,2,switched,0.0,const_vel,MOT17-02,parada
18,425,4,switched,0.008013000000000001,const_vel,MOT17-02,parada
18,443,8,switched,0.0,const_vel,MOT17-02,parada
18,452,1,kept,0.74167,const_vel,MOT17-02,parada
18,459,4,switched,0.74167,const_vel,MOT17-02,parada
18,488,1,kept,0.0,const_vel,MOT17-02,parada
18,490,107,switched,0.04185671962616822,const_vel,MOT17-02,parada
18,600,1,lost,0.30988,const_vel,MOT17-02,parada
19,153,3,kept,1.0,const_vel,MOT17-02,parada
19,157,3,kept,1.0,const_vel,MOT17-02,parada
19,165,1,kept,1.0,const_vel,MOT17-02,parada
19,169,4,kept,1.0,const_vel,MOT17-02,parada
19,174,2,kept,1.0,const_vel,MOT17-02,parada
19,177,1,kept,1.0,const_vel,MOT17-02,parada
19,179,1,kept,1.0,const_vel,MOT17-02,parada
19,181,42,switched,1.0,const_vel,MOT17-02,parada
19,437,1,kept,0.61502,const_vel,MOT17-02,parada
19,440,1,switched,0.0,const_vel,MOT17-02,parada
19,443,2,switched,0.182859,const_vel,MOT17-02,parada
19,541,9,lost,0.470358888888889,const_vel,MOT17-02,parada
20,21,1,kept,0.51429,const_vel,MOT17-02,parada
20,24,2,kept,0.5,const_vel,MOT17-02,parada
20,35,1,kept,0.47826,const_vel,MOT17-02,parada
20,40,2,kept,0.456525,const_vel,MOT17-02,parada
20,43,2,kept,0.44366,const_vel,MOT17-02,parada
20,54,1,kept,0.52,const_vel,MOT17-02,parada
20,317,2,switched,0.770085,const_vel,MOT17-02,parada
20,321,2,lost,0.397775,const_vel,MOT17-02,parada
22,33,3,kept,0.5467066666666666,const_vel,MOT17-02,parada
22,38,2,lost,0.396225,const_vel,MOT17-02,parada
23,101,2,kept,0.25658000000000003,const_vel,MOT17-02,parada
23,104,1,kept,0.22917,const_vel,MOT17-02,parada
23,106,47,kept,0.06374705744680852,const_vel,MOT17-02,parada
23,156,2,switched,0.295085,const_vel,MOT17-02,parada
23,223,21,switched,0.17550914285714286,const_vel,MOT17-02,parada
23,421,9,switched,0.44439555555555554,const_vel,MOT17-02,parada
23,431,2,switched,0.444445,const_vel,MOT17-02,parada
23,442,6,kept,0.0,const_vel,MOT17-02,parada
26,9,1,kept,0.38889,const_vel,MOT17-02,parada
26,11,1,kept,0.33333,const_vel,MOT17-02,parada
26,13,4,kept,0.25,const_vel,MOT17-02,parada
26,19,75,switched,0.007777826666666668,const_vel,MOT17-02,parada
26,95,53,switched,0.8311003773584906,const_vel,MOT17-02,parada
26,163,7,kept,1.0,const_vel,MOT17-02,parada
26,173,6,switched,1.0,const_vel,MOT17-02,parada
26,206,1,kept,1.0,const_vel,MOT17-02,parada
26,209,1,switched,1.0,const_vel,MOT17-02,parada
26,270,2,switched,1.0,const_vel,MOT17-02,parada
26,289,1,kept,1.0,const_vel,MOT17-02,parada
26,339,2,kept,0.0,const_vel,MOT17-02,parada
26,342,19,switched,0.08333315789473685,const_vel,MOT17-02,parada
26,362,1,kept,0.46939,const_vel,MOT17-02,parada
26,370,1,kept,0.61224,const_vel,MOT17-02,parada
26,372,1,kept,0.4902,const_vel,MOT17-02,parada
26,374,2,kept,0.215685,const_vel,MOT17-02,parada
26,381,9,kept,0.012578666666666667,const_vel,MOT17-02,parada
26,391,15,switched,0.007547333333333334,const_vel,MOT17-02,parada
26,416,1,kept,0.20755,const_vel,MOT17-02,parada
26,418,2,kept,0.0,const_vel,MOT17-02,parada
26,421,13,switched,0.10182461538461539,const_vel,MOT17-02,parada
26,462,4,switched,0.0,const_vel,MOT17-02,parada
26,467,2,switched,0.0,const_vel,MOT17-02,parada
26,479,1,kept,0.22308,const_vel,MOT17-02,parada
26,484,1,kept,0.10435,const_vel,MOT17-02,parada
26,486,3,kept,0.12586333333333333,const_vel,MOT17-02,parada
31,12,1,kept,0.58537,const_vel,MOT17-02,parada
31,17,1,kept,0.68293,const_vel,MOT17-02,parada
31,35,8,kept,1.0,const_vel,MOT17-02,parada
31,45,3,kept,1.0,const_vel,MOT17-02,parada
31,67,1,kept,1.0,const_vel,MOT17-02,parada
31,70,2,kept,1.0,const_vel,MOT17-02,parada
31,73,24,switched,0.9600270833333333,const_vel,MOT17-02,parada
31,98,1,kept,0.7098,const_vel,MOT17-02,parada
31,100,38,switched,0.3128881578947369,const_vel,MOT17-02,parada
31,142,68,switched,0.11448269117647061,const_vel,MOT17-02,parada
31,211,32,switched,0.23260171874999996,const_vel,MOT17-02,parada
31,245,19,switched,0.22365800000000002,const_vel,MOT17-02,parada
31,266,4,switched,0.057715,const_vel,MOT17-02,parada
31,271,1,kept,0.059464,const_vel,MOT17-02,parada
31,273,1,kept,0.056354,const_vel,MOT17-02,parada
31,275,14,switched,0.04500235714285715,const_vel,MOT17-02,parada
31,290,3,switched,0.048387000000000006,const_vel,MOT17-02,parada
31,294,5,switched,0.049539,const_vel,MOT17-02,parada
31,304,1,kept,0.050967,const_vel,MOT17-02,parada
31,307,10,switched,0.046538899999999994,const_vel,MOT17-02,parada
31,319,13,kept,0.03223676923076923,const_vel,MOT17-02,parada
31,336,265,lost,0.015225774339622642,const_vel,MOT17-02,parada
36,25,1,kept,0.30637,const_vel,MOT17-02,parada
36,29,3,switched,0.24277,const_vel,MOT17-02,parada
36,73,1,switched,0.0,const_vel,MOT17-02,parada
36,79,14,kept,0.0,const_vel,MOT17-02,parada
36,94,58,switched,0.0,const_vel,MOT17-02,parada
36,335,96,switched,0.026273906249999996,const_vel,MOT17-02,parada
36,434,10,switched,0.130312,const_vel,MOT17-02,parada
36,456,1,kept,0.53175,const_vel,MOT17-02,parada
36,485,1,kept,0.57949,const_vel,MOT17-02,parada
39,32,1,kept,0.13054,const_vel,MOT17-02,parada
39,34,1,switched,0.10723,const_vel,MOT17-02,parada
39,44,1,switched,0.0,const_vel,MOT17-02,parada
39,49,5,kept,0.1643358,const_vel,MOT17-02,parada
39,78,2,kept,0.49553,const_vel,MOT17-02,parada
39,82,16,switched,0.3637075,const_vel,MOT17-02,parada
39,113,20,switched,0.07289989999999999,const_vel,MOT17-02,parada
39,144,2,switched,0.6572849999999999,const_vel,MOT17-02,parada
39,176,1,kept,0.42424,const_vel,MOT17-02,parada
39,178,13,switched,0.21074076923076923,const_vel,MOT17-02,parada
39,230,1,kept,0.1087,const_vel,MOT17-02,parada
39,232,33,switched,0.03385636363636364,const_vel,MOT17-02,parada
39,298,11,kept,0.058710454545454545,const_vel,MOT17-02,parada
39,376,1,lost,0.46809,const_vel,MOT17-02,parada
68,26,7,switched,0.5179357142857144,const_vel,MOT17-02,parada
68,37,93,switched,0.3774962365591398,const_vel,MOT17-02,parada
68,133,1,kept,0.14177,const_vel,MOT17-02,parada
68,135,4,switched,0.162605,const_vel,MOT17-02,parada
68,141,1,kept,0.18939,const_vel,MOT17-02,parada
68,144,4,kept,0.18939,const_vel,MOT17-02,parada
68,156,1,kept,0.10606,const_vel,MOT17-02,parada
68,158,1,kept,0.058442,const_vel,MOT17-02,parada
68,160,1,switched,0.022727,const_vel,MOT17-02,parada
68,165,1,kept,0.0,const_vel,MOT17-02,parada
68,168,1,switched,0.0,const_vel,MOT17-02,parada
68,171,1,switched,0.0,const_vel,MOT17-02,parada
68,173,50,switched,0.5058229999999999,const_vel,MOT17-02,parada
68,225,5,kept,0.60195,const_vel,MOT17-02,parada
68,231,1,kept,0.59091,const_vel,MOT17-02,parada
68,236,1,switched,0.56061,const_vel,MOT17-02,parada
68,238,2,kept,0.549245,const_vel,MOT17-02,parada
68,241,6,kept,0.5376983333333333,const_vel,MOT17-02,parada
68,248,4,switched,0.5422075000000001,const_vel,MOT17-02,parada
68,254,1,kept,0.53571,const_vel,MOT17-02,parada
68,261,2,switched,0.52489,const_vel,MOT17-02,parada
68,269,1,kept,0.4697,const_vel,MOT17-02,parada
68,271,1,kept,0.4697,const_vel,MOT17-02,parada
68,287,1,kept,0.40152,const_vel,MOT17-02,parada
68,291,1,kept,0.39719,const_vel,MOT17-02,parada
68,297,1,kept,0.38312,const_vel,MOT17-02,parada
68,299,2,kept,0.36039,const_vel,MOT17-02,parada
68,303,1,kept,0.36039,const_vel,MOT17-02,parada
68,306,1,kept,0.33766,const_vel,MOT17-02,parada
68,310,4,kept,0.32062,const_vel,MOT17-02,parada
68,315,1,lost,0.31494,const_vel,MOT17-02,parada
69,7,2,kept,0.32436,const_vel,MOT17-02,parada
69,11,1,kept,0.34517,const_vel,MOT17-02,parada
69,14,1,kept,0.32191,const_vel,MOT17-02,parada
69,17,1,kept,0.34517,const_vel,MOT17-02,parada
69,19,1,kept,0.34517,const_vel,MOT17-02,parada
69,21,1,kept,0.34027,const_vel,MOT17-02,parada
69,23,2,kept,0.3519,const_vel,MOT17-02,parada
69,26,1,kept,0.36353,const_vel,MOT17-02,parada
69,29,1,kept,0.35863,const_vel,MOT17-02,parada
69,31,4,switched,0.39473749999999996,const_vel,MOT17-02,parada
69,73,9,switched,0.31538333333333335,const_vel,MOT17-02,parada
69,85,1,kept,0.27907,const_vel,MOT17-02,parada
69,87,1,kept,0.29376,const_vel,MOT17-02,parada
69,89,1,kept,0.29376,const_vel,MOT17-02,parada
69,91,9,switched,0.29130999999999996,const_vel,MOT17-02,parada
69,101,2,kept,0.27601,const_vel,MOT17-02,parada
69,104,1,kept,0.27907,const_vel,MOT17-02,parada
69,108,2,kept,0.21542,const_vel,MOT17-02,parada
69,111,1,kept,0.20196,const_vel,MOT17-02,parada
69,113,3,kept,0.22440000000000002,const_vel,MOT17-02,parada
69,117,1,kept,0.25581,const_vel,MOT17-02,parada
69,120,2,kept,0.26316,const_vel,MOT17-02,parada
69,123,1,kept,0.23256,const_vel,MOT17-02,parada
69,125,1,kept,0.20808,const_vel,MOT17-02,parada
69,133,1,kept,0.11016,const_vel,MOT17-02,parada
69,135,1,kept,0.12118,const_vel,MOT17-02,parada
69,138,1,switched,0.13219,const_vel,MOT17-02,parada
69,141,1,kept,0.15422,const_vel,MOT17-02,parada
69,144,2,kept,0.15422,const_vel,MOT17-02,parada
69,149,1,kept,0.15422,const_vel,MOT17-02,parada
69,155,1,kept,0.088127,const_vel,MOT17-02,parada
69,160,3,kept,0.0,const_vel,MOT17-02,parada
69,164,1,kept,0.0,const_vel,MOT17-02,parada
69,166,4,switched,0.0,const_vel,MOT17-02,parada
69,172,1,kept,0.0,const_vel,MOT17-02,parada
69,237,1,kept,0.39045,const_vel,MOT17-02,parada
69,240,1,kept,0.37576,const_vel,MOT17-02,parada
69,247,2,switched,0.37576,const_vel,MOT17-02,parada
69,263,3,switched,0.3468,const_vel,MOT17-02,parada
69,278,3,lost,0.28397,const_vel,MOT17-02,parada
70,58,61,switched,0.03821308196721311,const_vel,MOT17-02,parada
70,120,1,kept,0.21127,const_vel,MOT17-02,parada
70,122,1,switched,0.23662,const_vel,MOT17-02,parada
70,124,1,switched,0.26408,const_vel,MOT17-02,parada
70,134,73,lost,0.012050095890410957,const_vel,MOT17-02,parada
40,128,82,switched,0.04416471219512195,const_vel,MOT17-02,parada
40,211,17,switched,0.2284681,const_vel,MOT17-02,parada
40,241,1,kept,0.33989,const_vel,MOT17-02,parada
40,243,9,switched,0.32796,const_vel,MOT17-02,parada
40,253,21,switched,0.3886461904761904,const_vel,MOT17-02,parada
40,276,2,kept,0.0714285,const_vel,MOT17-02,parada
40,306,10,kept,0.1208333,const_vel,MOT17-02,parada
40,317,24,switched,0.005208333333333333,const_vel,MOT17-02,parada
40,343,3,kept,0.0,const_vel,MOT17-02,parada
40,350,143,switched,0.05535915384615384,const_vel,MOT17-02,parada
27,69,1,kept,0.014103,const_vel,MOT17-02,parada
27,78,1,kept,0.32885,const_vel,MOT17-02,parada
27,358,1,kept,0.0,const_vel,MOT17-02,parada
27,361,7,kept,0.0,const_vel,MOT17-02,parada
27,369,9,switched,0.2312311111111111,const_vel,MOT17-02,parada
27,387,1,kept,0.055556,const_vel,MOT17-02,parada
27,389,1,kept,0.0,const_vel,MOT17-02,parada
27,391,1,kept,0.0,const_vel,MOT17-02,parada
27,393,89,switched,0.05368539325842696,const_vel,MOT17-02,parada
27,484,7,switched,0.11416671428571427,const_vel,MOT17-02,parada
57,68,1,kept,0.0,const_vel,MOT17-02,parada
57,71,1,kept,0.0,const_vel,MOT17-02,parada
57,73,162,switched,0.06832435185185186,const_vel,MOT17-02,parada
57,255,1,switched,1.0,const_vel,MOT17-02,parada
57,257,2,kept,1.0,const_vel,MOT17-02,parada
57,265,1,switched,1.0,const_vel,MOT17-02,parada
57,270,1,switched,1.0,const_vel,MOT17-02,parada
57,273,33,switched,0.7753139393939396,const_vel,MOT17-02,parada
57,365,1,kept,0.28571,const_vel,MOT17-02,parada
57,370,1,kept,0.047619,const_vel,MOT17-02,parada
57,372,75,switched,0.0756224,const_vel,MOT17-02,parada
57,449,29,switched,0.16500931034482758,const_vel,MOT17-02,parada
57,504,4,lost,0.065788,const_vel,MOT17-02,parada
59,130,1,kept,0.52,const_vel,MOT17-02,parada
59,133,1,kept,0.6,const_vel,MOT17-02,parada
59,159,1,kept,0.0,const_vel,MOT17-02,parada
59,267,1,kept,0.51329,const_vel,MOT17-02,parada
59,271,3,switched,0.42430666666666667,const_vel,MOT17-02,parada
59,275,99,lost,0.10647183838383839,const_vel,MOT17-02,parada
61,55,1,kept,0.0,const_vel,MOT17-02,parada
61,57,165,switched,0.011124010909090909,const_vel,MOT17-02,parada
61,226,14,switched,0.2694235714285715,const_vel,MOT17-02,parada
61,262,3,switched,0.25953,const_vel,MOT17-02,parada
61,266,1,switched,0.25819,const_vel,MOT17-02,parada
61,269,1,switched,0.21873,const_vel,MOT17-02,parada
61,271,2,switched,0.19431500000000002,const_vel,MOT17-02,parada
61,304,95,switched,0.0828574947368421,const_vel,MOT17-02,parada
61,404,100,switched,0.039909999999999994,const_vel,MOT17-02,parada
61,505,1,kept,0.226,const_vel,MOT17-02,parada
61,510,5,kept,0.2736,const_vel,MOT17-02,parada
61,516,4,kept,0.248,const_vel,MOT17-02,parada
61,521,80,lost,0.11863641249999998,const_vel,MOT17-02,parada
37,163,1,kept,0.65534,const_vel,MOT17-02,parada
37,166,8,switched,0.35977499999999996,const_vel,MOT17-02,parada
37,180,1,kept,0.61807,const_vel,MOT17-02,parada
37,190,1,kept,0.63159,const_vel,MOT17-02,parada
37,207,16,switched,0.220454875,const_vel,MOT17-02,parada
37,224,93,switched,0.19512625806451614,const_vel,MOT17-02,parada
37,332,5,lost,0.621354,const_vel,MOT17-02,parada
29,68,1,kept,0.66667,const_vel,MOT17-02,parada
29,70,3,switched,0.8064533333333334,const_vel,MOT17-02,parada
29,141,1,kept,1.0,const_vel,MOT17-02,parada
29,145,1,kept,1.0,const_vel,MOT17-02,parada
29,157,1,kept,1.0,const_vel,MOT17-02,parada
29,164,1,kept,1.0,const_vel,MOT17-02,parada
29,178,1,kept,1.0,const_vel,MOT17-02,parada
29,181,1,kept,1.0,const_vel,MOT17-02,parada
29,183,2,kept,1.0,const_vel,MOT17-02,parada
29,188,2,kept,1.0,const_vel,MOT17-02,parada
29,199,2,kept,1.0,const_vel,MOT17-02,parada
29,202,1,kept,0.98,const_vel,MOT17-02,parada
29,207,2,switched,0.848365,const_vel,MOT17-02,parada
29,212,1,kept,0.75,const_vel,MOT17-02,parada
29,220,1,kept,0.56522,const_vel,MOT17-02,parada
29,223,1,kept,0.46667,const_vel,MOT17-02,parada
29,226,1,kept,0.3913,const_vel,MOT17-02,parada
29,228,1,kept,0.34043,const_vel,MOT17-02,parada
29,230,43,switched,0.26910325581395345,const_vel,MOT17-02,parada
29,274,1,kept,0.5,const_vel,MOT17-02,parada
29,276,1,kept,0.5,const_vel,MOT17-02,parada
29,284,1,kept,0.58333,const_vel,MOT17-02,parada
29,303,1,kept,0.65957,const_vel,MOT17-02,parada
29,306,1,switched,0.65957,const_vel,MOT17-02,parada
29,316,3,switched,0.65957,const_vel,MOT17-02,parada
29,334,2,switched,0.67391,const_vel,MOT17-02,parada
29,340,1,kept,0.0,const_vel,MOT17-02,parada
29,343,3,kept,0.0,const_vel,MOT17-02,parada
29,348,25,switched,0.015111159999999998,const_vel,MOT17-02,parada
29,383,3,switched,0.10370333333333333,const_vel,MOT17-02,parada
29,387,26,switched,0.0008741153846153846,const_vel,MOT17-02,parada
29,415,1,kept,0.18182,const_vel,MOT17-02,parada
29,418,1,kept,0.0,const_vel,MOT17-02,parada
29,421,22,switched,0.018755681818181817,const_vel,MOT17-02,parada
29,460,1,kept,0.0,const_vel,MOT17-02,parada
29,462,5,switched,0.0,const_vel,MOT17-02,parada
29,474,1,kept,0.11827,const_vel,MOT17-02,parada
29,479,6,kept,0.03633433333333334,const_vel,MOT17-02,parada
29,490,111,lost,0.6476300900900903,const_vel,MOT17-02,parada
71,105,1,kept,0.21694,const_vel,MOT17-02,parada
71,107,44,lost,0.08088353409090908,const_vel,MOT17-02,parada
62,155,1,kept,0.29032,const_vel,MOT17-02,parada
62,157,113,switched,0.09748679646017702,const_vel,MOT17-02,parada
62,274,1,switched,0.45455,const_vel,MOT17-02,parada
62,277,1,kept,0.5,const_vel,MOT17-02,parada
62,293,2,switched,0.613635,const_vel,MOT17-02,parada
62,360,32,switched,0.0206895146875,const_vel,MOT17-02,parada
62,394,3,switched,0.4090466666666667,const_vel,MOT17-02,parada
62,401,14,lost,0.0,const_vel,MOT17-02,parada
73,157,2,switched,0.0,const_vel,MOT17-02,parada
73,160,2,switched,0.0,const_vel,MOT17-02,parada
73,163,4,kept,0.0,const_vel,MOT17-02,parada
73,168,65,lost,0.02487092769230769,const_vel,MOT17-02,parada
43,222,4,kept,0.0143145,const_vel,MOT17-02,parada
43,235,19,switched,0.0805531052631579,const_vel,MOT17-02,parada
43,256,4,switched,0.7658725000000001,const_vel,MOT17-02,parada
43,261,2,switched,0.881745,const_vel,MOT17-02,parada
43,379,25,kept,0.04358732,const_vel,MOT17-02,parada
43,406,83,switched,0.06935309879518073,const_vel,MOT17-02,parada
43,490,1,kept,0.58824,const_vel,MOT17-02,parada
43,493,1,kept,0.60606,const_vel,MOT17-02,parada
43,531,1,kept,0.58065,const_vel,MOT17-02,parada
43,533,3,kept,0.43111666666666665,const_vel,MOT17-02,parada
43,537,23,switched,0.17567939130434782,const_vel,MOT17-02,parada
58,152,1,kept,0.0,const_vel,MOT17-02,parada
58,154,2,kept,0.0,const_vel,MOT17-02,parada
58,157,9,switched,0.0,const_vel,MOT17-02,parada
58,167,40,switched,0.049729575000000005,const_vel,MOT17-02,parada
58,240,3,switched,1.0,const_vel,MOT17-02,parada
58,244,4,kept,1.0,const_vel,MOT17-02,parada
58,249,13,switched,1.0,const_vel,MOT17-02,parada
58,263,4,switched,1.0,const_vel,MOT17-02,parada
58,362,3,kept,0.0,const_vel,MOT17-02,parada
58,366,27,switched,0.009746666666666667,const_vel,MOT17-02,parada
58,403,40,lost,0.0,const_vel,MOT17-02,parada
67,207,1,kept,0.0,const_vel,MOT17-02,parada
67,209,107,switched,0.002097308411214953,const_vel,MOT17-02,parada
67,318,4,kept,0.025,const_vel,MOT17-02,parada
67,324,100,switched,0.0,const_vel,MOT17-02,parada
67,425,3,switched,0.0,const_vel,MOT17-02,parada
67,429,36,switched,0.004223477777777778,const_vel,MOT17-02,parada
67,471,2,kept,0.0,const_vel,MOT17-02,parada
67,474,1,kept,0.034483,const_vel,MOT17-02,parada
67,476,2,kept,0.22215000000000001,const_vel,MOT17-02,parada
67,479,16,lost,0.282796875,const_vel,MOT17-02,parada
28,170,3,kept,0.16087666666666667,const_vel,MOT17-02,parada
28,292,3,kept,0.6830633333333335,const_vel,MOT17-02,parada
28,297,3,kept,0.6081266666666667,const_vel,MOT17-02,parada
28,301,1,kept,0.56989,const_vel,MOT17-02,parada
28,308,4,kept,0.4601975,const_vel,MOT17-02,parada
28,315,2,kept,0.389165,const_vel,MOT17-02,parada
28,318,2,kept,0.36075500000000005,const_vel,MOT17-02,parada
28,322,1,kept,0.31814,const_vel,MOT17-02,parada
28,325,3,kept,0.28973,const_vel,MOT17-02,parada
28,330,5,kept,0.27268400000000004,const_vel,MOT17-02,parada
28,336,12,switched,0.08940116666666666,const_vel,MOT17-02,parada
28,349,34,switched,0.03283229411764706,const_vel,MOT17-02,parada
28,384,12,switched,0.0,const_vel,MOT17-02,parada
28,397,204,lost,0.04888884460784315,const_vel,MOT17-02,parada
60,242,15,switched,0.012356358666666671,const_vel,MOT17-02,parada
60,259,2,switched,0.0057471,const_vel,MOT17-02,parada
60,262,3,switched,0.011254733333333334,const_vel,MOT17-02,parada
60,267,6,switched,0.13601266666666667,const_vel,MOT17-02,parada
60,373,101,switched,0.036104336633663366,const_vel,MOT17-02,parada
60,478,50,switched,0.06792944000000001,const_vel,MOT17-02,parada
60,529,5,kept,0.176614,const_vel,MOT17-02,parada
60,541,1,kept,0.19709,const_vel,MOT17-02,parada
60,545,2,kept,0.21837,const_vel,MOT17-02,parada
60,548,4,kept,0.22196000000000002,const_vel,MOT17-02,parada
60,554,7,switched,0.24595285714285714,const_vel,MOT17-02,parada
60,564,3,kept,0.25506999999999996,const_vel,MOT17-02,parada
60,571,4,kept,0.21787499999999999,const_vel,MOT17-02,parada
60,577,2,switched,0.20326,const_vel,MOT17-02,parada
60,584,1,kept,0.15556,const_vel,MOT17-02,parada
60,586,1,kept,0.15217,const_vel,MOT17-02,parada
60,588,4,switched,0.1508375,const_vel,MOT17-02,parada
60,593,2,kept,0.16595500000000002,const_vel,MOT17-02,parada
60,599,2,lost,0.17389,const_vel,MOT17-02,parada
41,222,2,switched,0.0,const_vel,MOT17-02,parada
41,230,34,switched,0.3076973235294118,const_vel,MOT17-02,parada
41,266,2,kept,0.68309,const_vel,MOT17-02,parada
41,272,15,switched,0.15158566666666667,const_vel,MOT17-02,parada
41,289,80,switched,0.1117880875,const_vel,MOT17-02,parada
41,370,34,switched,0.04691538235294118,const_vel,MOT17-02,parada
41,415,1,kept,0.14014,const_vel,MOT17-02,parada
41,431,21,switched,0.027434285714285713,const_vel,MOT17-02,parada
41,459,1,kept,0.87097,const_vel,MOT17-02,parada
41,462,22,switched,0.27819109090909094,const_vel,MOT17-02,parada
41,490,24,switched,0.07252807958333334,const_vel,MOT17-02,parada
41,515,7,switched,0.36905142857142864,const_vel,MOT17-02,parada
41,523,17,switched,0.2856081764705883,const_vel,MOT17-02,parada
41,560,1,kept,0.5,const_vel,MOT17-02,parada
41,564,2,kept,0.642285,const_vel,MOT17-02,parada
41,572,9,lost,0.06339198888888889,const_vel,MOT17-02,parada
42,258,75,switched,0.13807208000000004,const_vel,MOT17-02,parada
42,335,18,switched,0.39712111111111115,const_vel,MOT17-02,parada
42,359,1,kept,0.78355,const_vel,MOT17-02,parada
42,364,42,switched,0.14180357142857142,const_vel,MOT17-02,parada
42,420,3,switched,0.35502999999999996,const_vel,MOT17-02,parada
42,425,1,kept,0.29882,const_vel,MOT17-02,parada
42,444,15,switched,0.0012871266666666667,const_vel,MOT17-02,parada
42,463,8,kept,0.279698125,const_vel,MOT17-02,parada
42,473,17,switched,0.12533302941176472,const_vel,MOT17-02,parada
42,498,5,switched,0.10712300000000001,const_vel,MOT17-02,parada
42,504,2,kept,0.0362195,const_vel,MOT17-02,parada
42,507,16,switched,0.006655875,const_vel,MOT17-02,parada
42,524,46,lost,0.0002545826086956522,const_vel,MOT17-02,parada
54,471,11,kept,0.18797272727272726,const_vel,MOT17-02,parada
54,564,16,lost,0.355114375,const_vel,MOT17-02,parada
44,282,2,kept,0.521855,const_vel,MOT17-02,parada
44,285,5,kept,0.41858000000000006,const_vel,MOT17-02,parada
44,291,5,switched,0.23497199999999996,const_vel,MOT17-02,parada
44,303,12,switched,0.23667749999999999,const_vel,MOT17-02,parada
44,317,1,kept,0.2418,const_vel,MOT17-02,parada
44,322,2,switched,0.2418,const_vel,MOT17-02,parada
44,327,28,switched,0.19528821428571427,const_vel,MOT17-02,parada
44,370,1,kept,0.27967,const_vel,MOT17-02,parada
44,376,1,kept,0.31189,const_vel,MOT17-02,parada
44,388,1,kept,0.31505,const_vel,MOT17-02,parada
44,390,1,kept,0.30317,const_vel,MOT17-02,parada
44,395,4,kept,0.19703,const_vel,MOT17-02,parada
44,401,2,kept,0.0,const_vel,MOT17-02,parada
44,404,75,switched,0.05338276,const_vel,MOT17-02,parada
44,484,36,switched,0.042145444444444444,const_vel,MOT17-02,parada
38,284,8,switched,0.1456402625,const_vel,MOT17-02,parada
38,328,34,switched,0.0723375294117647,const_vel,MOT17-02,parada
38,363,1,kept,0.025,const_vel,MOT17-02,parada
38,368,14,kept,0.052631357142857146,const_vel,MOT17-02,parada
38,438,2,kept,0.096722,const_vel,MOT17-02,parada
38,442,2,kept,0.0,const_vel,MOT17-02,parada
38,445,14,switched,0.020417142857142856,const_vel,MOT17-02,parada
38,466,14,kept,0.05373178571428572,const_vel,MOT17-02,parada
38,492,2,switched,0.090911,const_vel,MOT17-02,parada
38,495,16,switched,0.152615625,const_vel,MOT17-02,parada
32,442,1,kept,1.0,const_vel,MOT17-02,parada
32,445,9,kept,0.08410333333333334,const_vel,MOT17-02,parada
32,476,5,switched,0.813696,const_vel,MOT17-02,parada
32,486,23,kept,0.15492434782608694,const_vel,MOT17-02,parada
32,510,5,switched,0.40201200000000004,const_vel,MOT17-02,parada
76,376,63,switched,0.0,const_vel,MOT17-02,parada
76,440,7,switched,0.0,const_vel,MOT17-02,parada
76,448,18,lost,0.002933666666666667,const_vel,MOT17-02,parada
56,333,1,kept,0.55556,const_vel,MOT17-02,parada
56,335,1,kept,0.58824,const_vel,MOT17-02,parada
56,346,1,kept,0.61111,const_vel,MOT17-02,parada
56,348,1,kept,0.61111,const_vel,MOT17-02,parada
56,359,30,switched,0.0,const_vel,MOT17-02,parada
56,390,84,switched,0.0018153738095238094,const_vel,MOT17-02,parada
56,497,64,switched,0.21784234375,const_vel,MOT17-02,parada
56,562,15,switched,0.3185533333333333,const_vel,MOT17-02,parada
56,584,1,kept,0.46872,const_vel,MOT17-02,parada
56,586,1,kept,0.46872,const_vel,MOT17-02,parada
56,588,2,kept,0.46872,const_vel,MOT17-02,parada
56,592,4,kept,0.42308,const_vel,MOT17-02,parada
56,599,2,lost,0.42308,const_vel,MOT17-02,parada
33,361,1,kept,0.56637,const_vel,MOT17-02,parada
33,377,2,kept,0.412045,const_vel,MOT17-02,parada
33,380,1,kept,0.45103,const_vel,MOT17-02,parada
33,451,25,switched,0.1709868,const_vel,MOT17-02,parada
33,548,3,kept,0.31003000000000003,const_vel,MOT17-02,parada
33,553,23,switched,0.15167882608695651,const_vel,MOT17-02,parada
33,581,1,kept,0.26046,const_vel,MOT17-02,parada
48,392,3,switched,0.38462,const_vel,MOT17-02,parada
48,396,46,switched,0.025451521739130435,const_vel,MOT17-02,parada
48,443,1,kept,0.17879,const_vel,MOT17-02,parada
48,445,25,switched,0.06260296,const_vel,MOT17-02,parada
48,474,1,switched,1.0,const_vel,MOT17-02,parada
34,452,5,kept,0.0,const_vel,MOT17-02,parada
34,552,1,switched,1.0,const_vel,MOT17-02,parada
35,456,4,kept,0.0,const_vel,MOT17-02,parada
49,388,47,switched,0.1225531914893617,const_vel,MOT17-02,parada
49,436,28,switched,0.0,const_vel,MOT17-02,parada
49,465,14,switched,0.468968,const_vel,MOT17-02,parada
49,480,17,switched,1.0,const_vel,MOT17-02,parada
16,437,1,switched,0.74508,const_vel,MOT17-02,parada
16,441,2,kept,0.732215,const_vel,MOT17-02,parada
16,446,1,kept,0.74568,const_vel,MOT17-02,parada
16,454,1,kept,0.72262,const_vel,MOT17-02,parada
16,456,5,kept,0.7225940000000001,const_vel,MOT17-02,parada
16,462,1,kept,0.73755,const_vel,MOT17-02,parada
16,464,1,kept,0.74066,const_vel,MOT17-02,parada
16,467,1,switched,0.73755,const_vel,MOT17-02,parada
16,470,4,kept,0.6795175,const_vel,MOT17-02,parada
16,475,13,lost,0.3422123076923077,const_vel,MOT17-02,parada
64,542,2,kept,0.29004,const_vel,MOT17-02,parada
64,548,2,kept,0.314935,const_vel,MOT17-02,parada
64,551,8,switched,0.39610375,const_vel,MOT17-02,parada
64,563,2,kept,0.45455,const_vel,MOT17-02,parada
64,567,8,switched,0.49188375,const_vel,MOT17-02,parada
64,576,17,switched,0.5641711764705883,const_vel,MOT17-02,parada
64,594,1,kept,0.50866,const_vel,MOT17-02,parada
64,597,4,lost,0.5248925,const_vel,MOT17-02,parada
78,496,11,switched,0.01527661818181818,const_vel,MOT17-02,parada
78,508,8,lost,0.00084683125,const_vel,MOT17-02,parada
79,552,2,kept,0.560605,const_vel,MOT17-02,parada
79,555,27,lost,0.003367,const_vel,MOT17-02,parada
55,573,1,kept,0.55898,const_vel,MOT17-02,parada
55,577,8,lost,0.18224125000000002,const_vel,MOT17-02,parada
2,610,71,lost,0.06596702535211267,const_vel,MOT17-04,parada
3,204,2,kept,0.41491,const_vel,MOT17-04,parada
3,207,1,kept,0.41365,const_vel,MOT17-04,parada
3,209,2,kept,0.40097000000000005,const_vel,MOT17-04,parada
3,225,2,kept,0.313825,const_vel,MOT17-04,parada
3,228,2,kept,0.319275,const_vel,MOT17-04,parada
3,233,5,switched,0.5013620000000001,const_vel,MOT17-04,parada
5,115,2,kept,0.58755,const_vel,MOT17-04,parada
5,141,1,kept,0.59851,const_vel,MOT17-04,parada
5,150,1,kept,0.61314,const_vel,MOT17-04,parada
5,166,1,kept,0.63082,const_vel,MOT17-04,parada
5,173,3,kept,0.6165666666666666,const_vel,MOT17-04,parada
5,186,1,kept,0.6087,const_vel,MOT17-04,parada
5,265,1,kept,0.61455,const_vel,MOT17-04,parada
5,284,1,kept,0.60902,const_vel,MOT17-04,parada
5,290,1,kept,0.61654,const_vel,MOT17-04,parada
5,292,1,kept,0.61798,const_vel,MOT17-04,parada
5,342,1,kept,0.6037,const_vel,MOT17-04,parada
5,362,1,kept,0.60687,const_vel,MOT17-04,parada
5,424,1,kept,0.60078,const_vel,MOT17-04,parada
5,430,2,kept,0.607,const_vel,MOT17-04,parada
5,440,2,kept,0.6049150000000001,const_vel,MOT17-04,parada
5,443,1,kept,0.60606,const_vel,MOT17-04,parada
5,479,1,kept,0.58846,const_vel,MOT17-04,parada
5,490,1,kept,0.56972,const_vel,MOT17-04,parada
5,493,1,kept,0.56972,const_vel,MOT17-04,parada
5,495,1,kept,0.56972,const_vel,MOT17-04,parada
5,497,2,kept,0.56972,const_vel,MOT17-04,parada
5,506,2,kept,0.5823499999999999,const_vel,MOT17-04,parada
5,515,2,kept,0.58915,const_vel,MOT17-04,parada
5,518,1,kept,0.58755,const_vel,MOT17-04,parada
5,522,1,kept,0.58527,const_vel,MOT17-04,parada
5,527,2,kept,0.58366,const_vel,MOT17-04,parada
5,531,1,kept,0.57977,const_vel,MOT17-04,parada
5,536,2,kept,0.57812,const_vel,MOT17-04,parada
5,540,2,kept,0.575635,const_vel,MOT17-04,parada
5,543,50,switched,0.5876917999999999,const_vel,MOT17-04,parada
5,594,36,switched,0.5675075,const_vel,MOT17-04,parada
5,640,1,kept,0.59231,const_vel,MOT17-04,parada
5,643,2,kept,0.59231,const_vel,MOT17-04,parada
5,647,2,kept,0.59073,const_vel,MOT17-04,parada
5,670,1,kept,0.58846,const_vel,MOT17-04,parada
5,682,2,kept,0.6050150000000001,const_vel,MOT17-04,parada
5,688,1,kept,0.59696,const_vel,MOT17-04,parada
5,699,2,kept,0.578945,const_vel,MOT17-04,parada
5,706,1,kept,0.57647,const_vel,MOT17-04,parada
5,708,1,kept,0.57647,const_vel,MOT17-04,parada
5,714,1,kept,0.57647,const_vel,MOT17-04,parada
5,717,4,kept,0.5735399999999999,const_vel,MOT17-04,parada
5,726,87,switched,0.5526022988505747,const_vel,MOT17-04,parada
5,822,18,kept,0.5747550000000001,const_vel,MOT17-04,parada
5,842,14,switched,0.5694035714285715,const_vel,MOT17-04,parada
5,858,5,kept,0.570966,const_vel,MOT17-04,parada
5,864,3,kept,0.57317,const_vel,MOT17-04,parada
5,868,4,kept,0.57724,const_vel,MOT17-04,parada
5,876,10,kept,0.588618,const_vel,MOT17-04,parada
5,895,1,kept,0.57959,const_vel,MOT17-04,parada
5,897,1,kept,0.57551,const_vel,MOT17-04,parada
5,900,46,switched,0.5588347826086958,const_vel,MOT17-04,parada
5,950,2,kept,0.582355,const_vel,MOT17-04,parada
5,953,3,kept,0.58203,const_vel,MOT17-04,parada
5,975,2,kept,0.58039,const_vel,MOT17-04,parada
5,980,1,kept,0.58039,const_vel,MOT17-04,parada
5,985,54,switched,0.5624544444444445,const_vel,MOT17-04,parada
60,69,10,kept,0.24573299999999998,const_vel,MOT17-04,parada
60,104,4,kept,0.38801,const_vel,MOT17-04,parada
60,109,2,kept,0.33049,const_vel,MOT17-04,parada
60,113,1,kept,0.29714,const_vel,MOT17-04,parada
60,117,1,kept,0.33321,const_vel,MOT17-04,parada
60,120,2,kept,0.367355,const_vel,MOT17-04,parada
60,124,2,kept,0.39925,const_vel,MOT17-04,parada
61,62,2,kept,0.61111,const_vel,MOT17-04,parada
61,69,12,lost,0.3715275,const_vel,MOT17-04,parada
62,397,4,kept,0.570075,const_vel,MOT17-04,parada
62,405,60,lost,0.30382878333333335,const_vel,MOT17-04,parada
63,141,2,kept,0.36962,const_vel,MOT17-04,parada
63,152,1,kept,0.34392,const_vel,MOT17-04,parada
63,572,1,kept,0.56552,const_vel,MOT17-04,parada
63,588,101,lost,0.32231089108910893,const_vel,MOT17-04,parada
65,136,1,kept,0.79006,const_vel,MOT17-04,parada
65,138,1,kept,0.7967,const_vel,MOT17-04,parada
65,140,1,kept,0.80663,const_vel,MOT17-04,parada
65,143,5,switched,0.8150640000000001,const_vel,MOT17-04,parada
65,149,1,kept,0.82222,const_vel,MOT17-04,parada
65,568,1,kept,0.54777,const_vel,MOT17-04,parada
65,570,3,kept,0.5360333333333333,const_vel,MOT17-04,parada
65,574,77,lost,0.30754277922077916,const_vel,MOT17-04,parada
66,17,1,kept,1.0,const_vel,MOT17-04,parada
66,54,10,switched,1.0,const_vel,MOT17-04,parada
66,387,1,kept,0.62745,const_vel,MOT17-04,parada
66,390,39,switched,0.1730991076923077,const_vel,MOT17-04,parada
66,444,42,switched,0.23535309523809525,const_vel,MOT17-04,parada
67,13,1,kept,0.40975,const_vel,MOT17-04,parada
67,16,1,kept,0.34682,const_vel,MOT17-04,parada
67,18,11,switched,0.4605754545454545,const_vel,MOT17-04,parada
67,435,1,kept,0.38878,const_vel,MOT17-04,parada
67,438,2,kept,0.38288,const_vel,MOT17-04,parada
67,442,78,lost,0.06191851282051283,const_vel,MOT17-04,parada
68,13,1,kept,1.0,const_vel,MOT17-04,parada
68,16,1,kept,1.0,const_vel,MOT17-04,parada
68,102,6,switched,0.6224500000000001,const_vel,MOT17-04,parada
68,109,2,switched,0.60922,const_vel,MOT17-04,parada
68,115,2,kept,0.60714,const_vel,MOT17-04,parada
68,119,9,kept,0.6074122222222224,const_vel,MOT17-04,parada
68,132,4,switched,0.60749,const_vel,MOT17-04,parada
68,138,8,kept,0.60749,const_vel,MOT17-04,parada
68,147,1,switched,0.60749,const_vel,MOT17-04,parada
68,150,3,switched,0.60749,const_vel,MOT17-04,parada
68,154,16,switched,0.60749,const_vel,MOT17-04,parada
68,172,1,kept,0.60749,const_vel,MOT17-04,parada
68,174,3,switched,0.60749,const_vel,MOT17-04,parada
68,178,1,switched,0.60749,const_vel,MOT17-04,parada
68,194,1,kept,0.6155,const_vel,MOT17-04,parada
68,197,1,kept,0.6155,const_vel,MOT17-04,parada
68,199,1,switched,0.6155,const_vel,MOT17-04,parada
68,205,2,kept,0.6155,const_vel,MOT17-04,parada
68,208,1,switched,0.6155,const_vel,MOT17-04,parada
68,210,24,switched,0.6155,const_vel,MOT17-04,parada
68,236,1,kept,0.6155,const_vel,MOT17-04,parada
68,239,2,kept,0.6155,const_vel,MOT17-04,parada
68,248,1,kept,0.6155,const_vel,MOT17-04,parada
68,274,2,kept,0.62319,const_vel,MOT17-04,parada
68,279,1,kept,0.62319,const_vel,MOT17-04,parada
68,282,1,kept,0.62319,const_vel,MOT17-04,parada
68,285,1,kept,0.62319,const_vel,MOT17-04,parada
68,287,2,kept,0.62319,const_vel,MOT17-04,parada
68,290,8,switched,0.62319,const_vel,MOT17-04,parada
68,299,1,kept,0.62319,const_vel,MOT17-04,parada
68,301,1,kept,0.62319,const_vel,MOT17-04,parada
68,304,1,kept,0.62319,const_vel,MOT17-04,parada
68,315,1,kept,0.62319,const_vel,MOT17-04,parada
68,318,1,kept,0.62319,const_vel,MOT17-04,parada
68,322,1,kept,0.62319,const_vel,MOT17-04,parada
68,328,1,kept,0.62319,const_vel,MOT17-04,parada
68,339,1,switched,0.63253,const_vel,MOT17-04,parada
68,343,1,kept,0.63253,const_vel,MOT17-04,parada
68,346,1,switched,0.63253,const_vel,MOT17-04,parada
68,366,1,kept,0.63253,const_vel,MOT17-04,parada
68,383,1,kept,0.63768,const_vel,MOT17-04,parada
68,391,1,kept,0.63768,const_vel,MOT17-04,parada
68,394,2,kept,0.63768,const_vel,MOT17-04,parada
68,399,1,kept,0.63768,const_vel,MOT17-04,parada
68,409,2,switched,0.63768,const_vel,MOT17-04,parada
68,460,1,kept,0.69661,const_vel,MOT17-04,parada
68,807,1,switched,0.7336,const_vel,MOT17-04,parada
68,839,1,kept,0.45532,const_vel,MOT17-04,parada
68,843,1,kept,0.44856,const_vel,MOT17-04,parada
68,853,2,kept,0.428995,const_vel,MOT17-04,parada
68,861,1,kept,0.44632,const_vel,MOT17-04,parada
68,863,2,kept,0.47452000000000005,const_vel,MOT17-04,parada
68,867,1,kept,0.49378,const_vel,MOT17-04,parada
68,880,2,kept,0.55385,const_vel,MOT17-04,parada
68,925,1,kept,0.15842,const_vel,MOT17-04,parada
68,928,1,kept,0.15865,const_vel,MOT17-04,parada
68,933,2,kept,0.188875,const_vel,MOT17-04,parada
68,936,24,switched,0.21167166666666667,const_vel,MOT17-04,parada
68,961,4,kept,0.231925,const_vel,MOT17-04,parada
68,980,9,switched,0.196916,const_vel,MOT17-04,parada
68,990,1,kept,0.40308,const_vel,MOT17-04,parada
68,1013,1,kept,0.72727,const_vel,MOT17-04,parada
69,20,82,switched,0.2850563414634146,const_vel,MOT17-04,parada
69,112,1,kept,0.39381,const_vel,MOT17-04,parada
69,114,1,kept,0.39381,const_vel,MOT17-04,parada
69,118,1,switched,0.39381,const_vel,MOT17-04,parada
69,128,4,kept,0.40746750000000004,const_vel,MOT17-04,parada
69,136,2,switched,0.41544,const_vel,MOT17-04,parada
69,146,4,switched,0.4257,const_vel,MOT17-04,parada
69,151,1,switched,0.4356,const_vel,MOT17-04,parada
69,177,5,switched,0.45619999999999994,const_vel,MOT17-04,parada
69,185,2,switched,0.46336,const_vel,MOT17-04,parada
69,190,1,kept,0.46336,const_vel,MOT17-04,parada
69,200,1,switched,0.38911,const_vel,MOT17-04,parada
69,283,1,kept,0.2989,const_vel,MOT17-04,parada
69,340,3,kept,0.28088,const_vel,MOT17-04,parada
69,344,3,switched,0.27997,const_vel,MOT17-04,parada
69,398,1,kept,0.26649,const_vel,MOT17-04,parada
69,405,1,kept,0.24129,const_vel,MOT17-04,parada
69,407,2,switched,0.225135,const_vel,MOT17-04,parada
69,418,1,kept,0.19019,const_vel,MOT17-04,parada
69,452,1,kept,0.20306,const_vel,MOT17-04,parada
69,457,1,kept,0.2189,const_vel,MOT17-04,parada
69,517,2,switched,0.41930999999999996,const_vel,MOT17-04,parada
69,522,2,switched,0.41791999999999996,const_vel,MOT17-04,parada
69,960,1,kept,0.49276,const_vel,MOT17-04,parada
69,964,16,kept,0.53193875,const_vel,MOT17-04,parada
70,64,2,switched,0.19907,const_vel,MOT17-04,parada
70,118,2,kept,0.7641249999999999,const_vel,MOT17-04,parada
70,122,1,kept,0.76224,const_vel,MOT17-04,parada
70,635,56,lost,0.3888441785714286,const_vel,MOT17-04,parada
71,4,1,kept,0.56,const_vel,MOT17-04,parada
71,13,1,kept,0.51923,const_vel,MOT17-04,parada
71,40,14,switched,0.21684571428571425,const_vel,MOT17-04,parada
71,438,1,kept,0.60241,const_vel,MOT17-04,parada
71,444,1,kept,1.0,const_vel,MOT17-04,parada
71,459,1,kept,0.68478,const_vel,MOT17-04,parada
71,481,1,kept,0.5,const_vel,MOT17-04,parada
71,486,2,kept,0.594595,const_vel,MOT17-04,parada
71,506,1,kept,0.57961,const_vel,MOT17-04,parada
71,519,1,kept,0.4539,const_vel,MOT17-04,parada
71,526,1,kept,0.45405,const_vel,MOT17-04,parada
71,538,1,kept,0.4337,const_vel,MOT17-04,parada
71,542,1,kept,0.80106,const_vel,MOT17-04,parada
71,546,1,kept,0.8266,const_vel,MOT17-04,parada
71,626,55,lost,0.3008998181818181,const_vel,MOT17-04,parada
72,17,64,lost,0.31519046875,const_vel,MOT17-04,parada
73,12,1,kept,0.46505,const_vel,MOT17-04,parada
73,16,2,kept,0.44022,const_vel,MOT17-04,parada
73,21,51,lost,0.2897635294117647,const_vel,MOT17-04,parada
74,231,21,switched,0.22690280952380953,const_vel,MOT17-04,parada
74,307,1,kept,0.48516,const_vel,MOT17-04,parada
74,310,2,kept,0.44757,const_vel,MOT17-04,parada
74,313,12,kept,0.3281633333333333,const_vel,MOT17-04,parada
74,422,1,kept,0.49723,const_vel,MOT17-04,parada
74,503,1,kept,0.24737,const_vel,MOT17-04,parada
74,505,30,switched,0.07390079333333333,const_vel,MOT17-04,parada
74,626,168,switched,0.8403173214285713,const_vel,MOT17-04,parada
74,797,8,kept,0.71728375,const_vel,MOT17-04,parada
74,806,2,switched,0.722425,const_vel,MOT17-04,parada
74,812,2,switched,0.72851,const_vel,MOT17-04,parada
74,831,1,kept,0.77299,const_vel,MOT17-04,parada
74,836,8,switched,0.78464375,const_vel,MOT17-04,parada
74,847,5,kept,0.828496,const_vel,MOT17-04,parada
74,853,1,kept,0.84261,const_vel,MOT17-04,parada
74,856,1,kept,0.84162,const_vel,MOT17-04,parada
74,860,6,kept,0.8338683333333333,const_vel,MOT17-04,parada
74,869,6,kept,0.8355899999999999,const_vel,MOT17-04,parada
74,876,4,switched,0.82257,const_vel,MOT17-04,parada
74,882,18,switched,0.8057555555555557,const_vel,MOT17-04,parada
74,902,8,kept,0.81593,const_vel,MOT17-04,parada
74,965,5,switched,0.81132,const_vel,MOT17-04,parada
74,972,3,kept,0.8113199999999999,const_vel,MOT17-04,parada
74,986,2,kept,0.81659,const_vel,MOT17-04,parada
74,992,1,kept,0.82406,const_vel,MOT17-04,parada
74,994,1,kept,0.82406,const_vel,MOT17-04,parada
74,1005,1,kept,0.83015,const_vel,MOT17-04,parada
74,1008,3,kept,0.83015,const_vel,MOT17-04,parada
74,1012,10,switched,0.8268570000000001,const_vel,MOT17-04,parada
74,1028,2,kept,0.82409,const_vel,MOT17-04,parada
74,1031,1,kept,0.82116,const_vel,MOT17-04,parada
74,1037,14,lost,0.826577142857143,const_vel,MOT17-04,parada
75,193,10,kept,0.31562899999999994,const_vel,MOT17-04,parada
75,224,19,switched,0.3905789473684211,const_vel,MOT17-04,parada
75,535,25,switched,0.43374880000000005,const_vel,MOT17-04,parada
75,794,3,kept,0.32607,const_vel,MOT17-04,parada
75,805,7,switched,0.3631014285714286,const_vel,MOT17-04,parada
75,814,17,kept,0.37039,const_vel,MOT17-04,parada
75,832,4,kept,0.3748425,const_vel,MOT17-04,parada
75,858,1,kept,0.38462,const_vel,MOT17-04,parada
75,875,1,kept,0.35832,const_vel,MOT17-04,parada
75,880,1,switched,0.36162,const_vel,MOT17-04,parada
75,900,2,kept,0.36333,const_vel,MOT17-04,parada
75,910,55,kept,0.2734363636363636,const_vel,MOT17-04,parada
75,966,1,switched,0.36839,const_vel,MOT17-04,parada
75,969,2,kept,0.38623,const_vel,MOT17-04,parada
75,979,2,kept,0.45315,const_vel,MOT17-04,parada
75,1036,1,switched,0.50366,const_vel,MOT17-04,parada
76,453,1,kept,0.58219,const_vel,MOT17-04,parada
76,458,1,kept,0.5411,const_vel,MOT17-04,parada
76,460,49,lost,0.33227,const_vel,MOT17-04,parada
78,6,1,kept,0.28477,const_vel,MOT17-04,parada
78,1044,1,kept,0.21845,const_vel,MOT17-04,parada
80,123,11,kept,1.0,const_vel,MOT17-04,parada
80,475,1,kept,1.0,const_vel,MOT17-04,parada
80,526,1,kept,0.648,const_vel,MOT17-04,parada
80,532,14,switched,0.3794464285714286,const_vel,MOT17-04,parada
80,547,1,switched,0.50395,const_vel,MOT17-04,parada
80,574,1,kept,1.0,const_vel,MOT17-04,parada
80,582,1,kept,1.0,const_vel,MOT17-04,parada
80,584,9,switched,1.0,const_vel,MOT17-04,parada
80,598,1,kept,1.0,const_vel,MOT17-04,parada
80,600,1,kept,1.0,const_vel,MOT17-04,parada
80,608,4,switched,1.0,const_vel,MOT17-04,parada
80,613,3,switched,1.0,const_vel,MOT17-04,parada
80,621,1,kept,1.0,const_vel,MOT17-04,parada
80,623,1,kept,1.0,const_vel,MOT17-04,parada
80,625,6,switched,0.9656366666666667,const_vel,MOT17-04,parada
80,632,16,kept,0.6884662500000001,const_vel,MOT17-04,parada
80,649,26,switched,0.5143915384615385,const_vel,MOT17-04,parada
80,678,2,kept,0.59414,const_vel,MOT17-04,parada
80,681,2,kept,0.62557,const_vel,MOT17-04,parada
80,686,2,kept,0.674375,const_vel,MOT17-04,parada
80,692,2,kept,0.740205,const_vel,MOT17-04,parada
80,754,1,kept,0.38347,const_vel,MOT17-04,parada
80,814,4,kept,0.57331,const_vel,MOT17-04,parada
80,819,72,lost,0.2603511722222222,const_vel,MOT17-04,parada
82,20,2,switched,0.05618,const_vel,MOT17-04,parada
82,32,97,switched,0.1545161443298969,const_vel,MOT17-04,parada
82,133,1,kept,0.56604,const_vel,MOT17-04,parada
82,347,11,kept,0.30550181818181815,const_vel,MOT17-04,parada
82,541,1,kept,0.87692,const_vel,MOT17-04,parada
82,544,1,kept,0.85385,const_vel,MOT17-04,parada
82,546,2,kept,0.83077,const_vel,MOT17-04,parada
82,549,21,switched,0.721662380952381,const_vel,MOT17-04,parada
82,573,1,kept,0.62016,const_vel,MOT17-04,parada
82,575,2,kept,0.6027549999999999,const_vel,MOT17-04,parada
82,578,1,kept,0.58635,const_vel,MOT17-04,parada
82,580,54,lost,0.3940094444444444,const_vel,MOT17-04,parada
83,19,1,switched,1.0,const_vel,MOT17-04,parada
83,23,9,switched,1.0,const_vel,MOT17-04,parada
83,337,1,kept,0.41209,const_vel,MOT17-04,parada
83,604,1,kept,0.51845,const_vel,MOT17-04,parada
83,608,43,lost,0.4010593023255815,const_vel,MOT17-04,parada
84,54,1,kept,0.35049,const_vel,MOT17-04,parada
84,147,1,kept,0.35823,const_vel,MOT17-04,parada
84,150,5,switched,0.30762,const_vel,MOT17-04,parada
84,156,1,kept,0.32017,const_vel,MOT17-04,parada
84,158,1,kept,0.32061,const_vel,MOT17-04,parada
84,209,1,kept,0.55333,const_vel,MOT17-04,parada
84,212,89,lost,0.31358573033707865,const_vel,MOT17-04,parada
85,47,3,switched,0.38625,const_vel,MOT17-04,parada
85,179,2,kept,0.369495,const_vel,MOT17-04,parada
85,200,1,kept,0.25625,const_vel,MOT17-04,parada
85,210,1,kept,0.35788,const_vel,MOT17-04,parada
85,212,99,lost,0.29657565656565654,const_vel,MOT17-04,parada
86,192,1,kept,0.45833,const_vel,MOT17-04,parada
86,194,1,kept,0.44643,const_vel,MOT17-04,parada
86,196,2,kept,0.436135,const_vel,MOT17-04,parada
86,200,1,kept,0.42808,const_vel,MOT17-04,parada
87,149,1,switched,0.99088,const_vel,MOT17-04,parada
87,219,1,kept,0.49859,const_vel,MOT17-04,parada
87,228,1,kept,0.36386,const_vel,MOT17-04,parada
87,230,1,kept,0.33689,const_vel,MOT17-04,parada
87,232,4,switched,0.330705,const_vel,MOT17-04,parada
87,237,16,switched,0.295466875,const_vel,MOT17-04,parada
87,514,1,kept,0.34996,const_vel,MOT17-04,parada
87,516,1,kept,0.3494,const_vel,MOT17-04,parada
87,532,2,kept,0.32126,const_vel,MOT17-04,parada
87,535,1,kept,0.30935,const_vel,MOT17-04,parada
88,58,5,kept,1.0,const_vel,MOT17-04,parada
88,147,2,switched,1.0,const_vel,MOT17-04,parada
88,208,2,switched,1.0,const_vel,MOT17-04,parada
88,216,1,switched,1.0,const_vel,MOT17-04,parada
88,523,1,kept,0.31947,const_vel,MOT17-04,parada
88,525,1,kept,0.29974,const_vel,MOT17-04,parada
88,527,6,switched,0.3906133333333333,const_vel,MOT17-04,parada
88,569,11,switched,0.8330718181818181,const_vel,MOT17-04,parada
88,581,2,switched,0.87369,const_vel,MOT17-04,parada
88,777,1,switched,0.60293,const_vel,MOT17-04,parada
88,844,18,switched,0.5000733333333335,const_vel,MOT17-04,parada
88,871,3,switched,0.49369,const_vel,MOT17-04,parada
88,978,1,kept,0.36781,const_vel,MOT17-04,parada
88,980,8,switched,0.34465375000000004,const_vel,MOT17-04,parada
88,990,1,kept,0.3471,const_vel,MOT17-04,parada
88,1028,2,kept,0.98306,const_vel,MOT17-04,parada
88,1033,1,switched,1.0,const_vel,MOT17-04,parada
89,13,34,switched,0.4480723529411764,const_vel,MOT17-04,parada
89,53,1,kept,1.0,const_vel,MOT17-04,parada
89,186,9,kept,0.4027277777777778,const_vel,MOT17-04,parada
89,196,2,kept,0.47375500000000004,const_vel,MOT17-04,parada
89,200,1,kept,0.51401,const_vel,MOT17-04,parada
89,226,27,switched,0.12250544444444443,const_vel,MOT17-04,parada
89,296,16,switched,0.258113125,const_vel,MOT17-04,parada
89,315,6,kept,0.30955666666666665,const_vel,MOT17-04,parada
89,471,14,kept,0.3358692857142857,const_vel,MOT17-04,parada
89,557,1,kept,0.29085,const_vel,MOT17-04,parada
89,559,2,lost,0.271905,const_vel,MOT17-04,parada
90,321,4,kept,1.0,const_vel,MOT17-04,parada
90,399,1,kept,1.0,const_vel,MOT17-04,parada
90,419,3,kept,0.86318,const_vel,MOT17-04,parada
90,424,2,kept,1.0,const_vel,MOT17-04,parada
90,428,9,kept,1.0,const_vel,MOT17-04,parada
90,438,4,kept,0.996745,const_vel,MOT17-04,parada
90,445,1,kept,0.94262,const_vel,MOT17-04,parada
90,477,4,kept,0.494675,const_vel,MOT17-04,parada
90,483,3,kept,0.5272333333333333,const_vel,MOT17-04,parada
90,550,3,kept,1.0,const_vel,MOT17-04,parada
90,554,2,kept,1.0,const_vel,MOT17-04,parada
90,557,8,kept,1.0,const_vel,MOT17-04,parada
90,566,17,switched,1.0,const_vel,MOT17-04,parada
90,584,1,switched,1.0,const_vel,MOT17-04,parada
90,586,4,switched,1.0,const_vel,MOT17-04,parada
90,591,24,switched,0.9670575,const_vel,MOT17-04,parada
90,634,1,kept,0.84442,const_vel,MOT17-04,parada
90,638,1,kept,0.8102,const_vel,MOT17-04,parada
90,641,1,kept,0.78367,const_vel,MOT17-04,parada
90,650,2,kept,0.72731,const_vel,MOT17-04,parada
90,749,1,kept,0.55148,const_vel,MOT17-04,parada
90,754,6,switched,0.4643783333333333,const_vel,MOT17-04,parada
90,761,37,switched,0.31616513513513517,const_vel,MOT17-04,parada
90,800,2,kept,0.29829,const_vel,MOT17-04,parada
90,813,1,kept,0.25444,const_vel,MOT17-04,parada
90,815,20,switched,0.272567,const_vel,MOT17-04,parada
90,840,3,switched,0.33047333333333334,const_vel,MOT17-04,parada
90,844,11,switched,0.3221527272727273,const_vel,MOT17-04,parada
90,862,1,kept,0.3212,const_vel,MOT17-04,parada
90,916,1,kept,0.27299,const_vel,MOT17-04,parada
90,971,1,kept,0.84104,const_vel,MOT17-04,parada
90,1013,1,kept,0.99536,const_vel,MOT17-04,parada
90,1016,1,kept,1.0,const_vel,MOT17-04,parada
90,1021,1,kept,1.0,const_vel,MOT17-04,parada
90,1040,1,kept,1.0,const_vel,MOT17-04,parada
90,1045,1,kept,1.0,const_vel,MOT17-04,parada
90,1050,1,lost,1.0,const_vel,MOT17-04,parada
91,11,1,kept,0.40206,const_vel,MOT17-04,parada
91,25,3,kept,0.4336,const_vel,MOT17-04,parada
91,29,1,kept,0.42789,const_vel,MOT17-04,parada
91,31,27,switched,0.34125259259259266,const_vel,MOT17-04,parada
91,63,19,switched,0.38269052631578954,const_vel,MOT17-04,parada
91,98,1,kept,0.30122,const_vel,MOT17-04,parada
91,101,1,kept,0.28075,const_vel,MOT17-04,parada
91,103,5,kept,0.29716,const_vel,MOT17-04,parada
91,111,2,kept,0.30296999999999996,const_vel,MOT17-04,parada
91,114,33,kept,0.35653363636363633,const_vel,MOT17-04,parada
91,148,34,switched,0.35998264705882355,const_vel,MOT17-04,parada
91,183,1,kept,0.38092,const_vel,MOT17-04,parada
91,189,1,kept,0.38131,const_vel,MOT17-04,parada
91,193,1,kept,0.38083,const_vel,MOT17-04,parada
91,196,2,kept,0.38103,const_vel,MOT17-04,parada
91,199,9,switched,0.3833433333333333,const_vel,MOT17-04,parada
91,210,4,kept,0.38475,const_vel,MOT17-04,parada
91,217,1,kept,0.37765,const_vel,MOT17-04,parada
91,223,1,kept,0.35671,const_vel,MOT17-04,parada
91,226,5,kept,0.353578,const_vel,MOT17-04,parada
91,232,2,kept,0.35634,const_vel,MOT17-04,parada
91,235,4,switched,0.36102999999999996,const_vel,MOT17-04,parada
91,240,2,switched,0.36556500000000003,const_vel,MOT17-04,parada
91,244,287,switched,0.28239759581881535,const_vel,MOT17-04,parada
91,533,37,switched,0.15814024324324322,const_vel,MOT17-04,parada
91,580,249,switched,0.22026236947791167,const_vel,MOT17-04,parada
91,832,1,kept,0.23071,const_vel,MOT17-04,parada
91,839,5,switched,0.21733599999999997,const_vel,MOT17-04,parada
91,859,11,switched,0.19000000000000003,const_vel,MOT17-04,parada
91,876,3,kept,0.16738,const_vel,MOT17-04,parada
91,880,148,switched,0.23230317567567574,const_vel,MOT17-04,parada
91,1030,21,lost,0.34767285714285706,const_vel,MOT17-04,parada
92,335,1,switched,0.94742,const_vel,MOT17-04,parada
92,337,3,switched,0.9487333333333332,const_vel,MOT17-04,parada
92,355,4,switched,0.9246675000000001,const_vel,MOT17-04,parada
92,382,1,switched,0.97373,const_vel,MOT17-04,parada
92,481,5,switched,0.966772,const_vel,MOT17-04,parada
92,566,2,switched,0.9265399999999999,const_vel,MOT17-04,parada
92,611,4,switched,0.760845,const_vel,MOT17-04,parada
92,618,1,kept,0.68018,const_vel,MOT17-04,parada
92,645,1,kept,0.56503,const_vel,MOT17-04,parada
92,648,2,kept,0.549625,const_vel,MOT17-04,parada
92,651,3,switched,0.5305733333333333,const_vel,MOT17-04,parada
92,655,1,kept,0.51642,const_vel,MOT17-04,parada
92,657,37,switched,0.55754,const_vel,MOT17-04,parada
92,706,3,switched,0.7170066666666667,const_vel,MOT17-04,parada
92,710,8,switched,0.69640375,const_vel,MOT17-04,parada
92,721,1,kept,0.64439,const_vel,MOT17-04,parada
92,723,1,kept,0.6411,const_vel,MOT17-04,parada
92,727,1,kept,0.62098,const_vel,MOT17-04,parada
92,736,1,kept,0.56902,const_vel,MOT17-04,parada
92,754,1,kept,0.66227,const_vel,MOT17-04,parada
92,765,3,kept,0.8102266666666668,const_vel,MOT17-04,parada
92,787,2,kept,0.93805,const_vel,MOT17-04,parada
92,790,1,kept,0.93805,const_vel,MOT17-04,parada
92,796,4,switched,0.9363450000000001,const_vel,MOT17-04,parada
92,801,1,kept,0.93561,const_vel,MOT17-04,parada
92,807,1,kept,0.93561,const_vel,MOT17-04,parada
92,818,7,kept,0.9838571428571429,const_vel,MOT17-04,parada
92,826,1,kept,1.0,const_vel,MOT17-04,parada
92,852,3,switched,1.0,const_vel,MOT17-04,parada
92,862,1,kept,1.0,const_vel,MOT17-04,parada
92,870,5,switched,1.0,const_vel,MOT17-04,parada
92,880,1,kept,1.0,const_vel,MOT17-04,parada
92,952,4,switched,1.0,const_vel,MOT17-04,parada
92,960,2,kept,0.99517,const_vel,MOT17-04,parada
92,964,4,kept,0.99505,const_vel,MOT17-04,parada
92,970,1,kept,0.99505,const_vel,MOT17-04,parada
92,981,3,kept,0.99737,const_vel,MOT17-04,parada
92,986,1,kept,0.99724,const_vel,MOT17-04,parada
93,298,1,switched,0.32823,const_vel,MOT17-04,parada
93,307,1,kept,0.2973,const_vel,MOT17-04,parada
93,313,1,kept,0.30903,const_vel,MOT17-04,parada
93,318,4,kept,0.27536000000000005,const_vel,MOT17-04,parada
93,323,3,kept,0.26957000000000003,const_vel,MOT17-04,parada
93,327,2,kept,0.273235,const_vel,MOT17-04,parada
93,330,5,switched,0.28915799999999997,const_vel,MOT17-04,parada
93,336,1,kept,0.30229,const_vel,MOT17-04,parada
93,340,15,kept,0.32248400000000005,const_vel,MOT17-04,parada
93,356,1,switched,0.31051,const_vel,MOT17-04,parada
93,359,3,kept,0.30000666666666664,const_vel,MOT17-04,parada
93,363,1,kept,0.31142,const_vel,MOT17-04,parada
93,365,117,switched,0.21224222222222222,const_vel,MOT17-04,parada
93,484,127,switched,0.1814075590551181,const_vel,MOT17-04,parada
93,617,2,switched,0.21619,const_vel,MOT17-04,parada
93,654,2,switched,0.27631,const_vel,MOT17-04,parada
93,694,12,kept,0.3159516666666667,const_vel,MOT17-04,parada
93,708,2,switched,0.3752,const_vel,MOT17-04,parada
93,712,1,switched,0.40713,const_vel,MOT17-04,parada
93,851,1,switched,0.4163,const_vel,MOT17-04,parada
93,858,1,kept,0.38318,const_vel,MOT17-04,parada
93,951,1,switched,0.37035,const_vel,MOT17-04,parada
93,962,2,switched,0.32412,const_vel,MOT17-04,parada
93,968,2,switched,0.32412,const_vel,MOT17-04,parada
93,987,1,kept,0.3895,const_vel,MOT17-04,parada
94,273,1,kept,0.12579,const_vel,MOT17-04,parada
94,282,39,switched,0.1621497435897436,const_vel,MOT17-04,parada
94,325,94,switched,0.303446170212766,const_vel,MOT17-04,parada
94,422,1,kept,0.22172,const_vel,MOT17-04,parada
94,446,38,switched,0.17053947368421052,const_vel,MOT17-04,parada
94,492,2,kept,0.19658,const_vel,MOT17-04,parada
94,495,62,kept,0.26994677419354846,const_vel,MOT17-04,parada
94,577,15,switched,0.24158466666666661,const_vel,MOT17-04,parada
94,598,4,switched,0.23008,const_vel,MOT17-04,parada
94,813,3,kept,0.21642333333333333,const_vel,MOT17-04,parada
94,835,5,kept,0.200946,const_vel,MOT17-04,parada
94,841,1,switched,0.2017,const_vel,MOT17-04,parada
94,853,1,kept,0.19534,const_vel,MOT17-04,parada
94,856,1,kept,0.18752,const_vel,MOT17-04,parada
94,861,9,switched,0.1710422222222222,const_vel,MOT17-04,parada
94,874,1,kept,0.16298,const_vel,MOT17-04,parada
94,879,1,kept,0.16548,const_vel,MOT17-04,parada
94,881,1,kept,0.1614,const_vel,MOT17-04,parada
94,883,38,switched,0.16553473684210526,const_vel,MOT17-04,parada
94,945,3,kept,0.19495333333333334,const_vel,MOT17-04,parada
94,949,1,kept,0.20214,const_vel,MOT17-04,parada
95,263,1,kept,0.14295,const_vel,MOT17-04,parada
95,265,2,kept,0.1472,const_vel,MOT17-04,parada
95,270,19,kept,0.16652578947368418,const_vel,MOT17-04,parada
95,290,8,kept,0.17693,const_vel,MOT17-04,parada
95,299,28,switched,0.180045,const_vel,MOT17-04,parada
95,419,27,kept,0.10889018518518517,const_vel,MOT17-04,parada
95,482,13,switched,0.09836453846153845,const_vel,MOT17-04,parada
95,548,1,kept,0.25081,const_vel,MOT17-04,parada
95,556,21,kept,0.27504523809523806,const_vel,MOT17-04,parada
95,583,3,switched,0.29766,const_vel,MOT17-04,parada
95,592,6,switched,0.3136883333333333,const_vel,MOT17-04,parada
95,602,147,switched,0.1760038775510204,const_vel,MOT17-04,parada
95,750,4,kept,0.23445,const_vel,MOT17-04,parada
95,755,2,switched,0.24601,const_vel,MOT17-04,parada
95,760,1,kept,0.25589,const_vel,MOT17-04,parada
95,826,1,switched,0.16901,const_vel,MOT17-04,parada
95,829,3,kept,0.15987,const_vel,MOT17-04,parada
95,833,13,switched,0.1565284615384615,const_vel,MOT17-04,parada
95,1028,1,kept,0.42199,const_vel,MOT17-04,parada
96,4,132,switched,0.14429218939393937,const_vel,MOT17-04,parada
96,140,4,kept,0.244045,const_vel,MOT17-04,parada
96,148,1,kept,0.20386,const_vel,MOT17-04,parada
96,150,153,switched,0.1610330065359477,const_vel,MOT17-04,parada
96,304,89,switched,0.09368028426966292,const_vel,MOT17-04,parada
96,415,1,kept,0.20217,const_vel,MOT17-04,parada
96,421,1,kept,0.19061,const_vel,MOT17-04,parada
96,450,1,kept,0.21274,const_vel,MOT17-04,parada
96,472,2,kept,0.16241,const_vel,MOT17-04,parada
96,475,1,kept,0.16467,const_vel,MOT17-04,parada
96,479,2,switched,0.16467,const_vel,MOT17-04,parada
96,486,3,switched,0.16467,const_vel,MOT17-04,parada
96,493,1,kept,0.16467,const_vel,MOT17-04,parada
96,505,3,switched,0.16467,const_vel,MOT17-04,parada
96,509,1,kept,0.16467,const_vel,MOT17-04,parada
96,514,1,kept,0.16467,const_vel,MOT17-04,parada
96,517,3,kept,0.16467,const_vel,MOT17-04,parada
96,521,1,kept,0.16467,const_vel,MOT17-04,parada
96,523,1,kept,0.16467,const_vel,MOT17-04,parada
96,532,5,kept,0.16512200000000002,const_vel,MOT17-04,parada
96,538,20,switched,0.15839699999999995,const_vel,MOT17-04,parada
96,559,7,switched,0.12132857142857144,const_vel,MOT17-04,parada
96,567,484,lost,0.04381604925619835,const_vel,MOT17-04,parada
97,334,2,kept,0.57143,const_vel,MOT17-04,parada
97,619,3,kept,0.52469,const_vel,MOT17-04,parada
97,624,427,lost,0.29878651873536305,const_vel,MOT17-04,parada
99,328,1,kept,0.50263,const_vel,MOT17-04,parada
99,333,2,kept,0.48387,const_vel,MOT17-04,parada
99,593,2,switched,0.5290250000000001,const_vel,MOT17-04,parada
99,599,1,kept,0.49124,const_vel,MOT17-04,parada
99,606,1,kept,0.44691,const_vel,MOT17-04,parada
99,612,2,switched,0.41059999999999997,const_vel,MOT17-04,parada
99,691,1,kept,0.3625,const_vel,MOT17-04,parada
99,694,1,kept,0.34417,const_vel,MOT17-04,parada
99,703,7,kept,0.17859999999999995,const_vel,MOT17-04,parada
99,711,79,lost,0.15999601265822788,const_vel,MOT17-04,parada
98,236,1,kept,0.31146,const_vel,MOT17-04,parada
98,347,2,kept,0.472665,const_vel,MOT17-04,parada
98,351,13,kept,0.3845623076923077,const_vel,MOT17-04,parada
98,366,1,kept,0.35818,const_vel,MOT17-04,parada
98,369,1,kept,0.36645,const_vel,MOT17-04,parada
98,371,3,kept,0.3450933333333333,const_vel,MOT17-04,parada
98,375,14,switched,0.38513857142857144,const_vel,MOT17-04,parada
98,1024,27,lost,0.5336562962962963,const_vel,MOT17-04,parada
118,387,1,switched,1.0,const_vel,MOT17-04,parada
118,398,6,switched,1.0,const_vel,MOT17-04,parada
118,416,1,kept,1.0,const_vel,MOT17-04,parada
118,438,1,kept,1.0,const_vel,MOT17-04,parada
118,465,4,switched,1.0,const_vel,MOT17-04,parada
118,600,1,kept,0.66197,const_vel,MOT17-04,parada
118,603,18,lost,0.4238205555555556,const_vel,MOT17-04,parada
122,247,5,switched,1.0,const_vel,MOT17-04,parada
122,263,1,kept,1.0,const_vel,MOT17-04,parada
122,320,2,kept,0.673355,const_vel,MOT17-04,parada
122,325,1,kept,0.62963,const_vel,MOT17-04,parada
122,330,1,kept,0.59091,const_vel,MOT17-04,parada
122,337,2,kept,0.563625,const_vel,MOT17-04,parada
122,340,38,lost,0.3447663157894737,const_vel,MOT17-04,parada
123,251,2,switched,0.533455,const_vel,MOT17-04,parada
123,257,1,kept,0.4488,const_vel,MOT17-04,parada
123,259,1,kept,0.41626,const_vel,MOT17-04,parada
123,262,1,kept,0.36041,const_vel,MOT17-04,parada
123,265,29,switched,0.39949655172413795,const_vel,MOT17-04,parada
123,296,1,kept,0.43647,const_vel,MOT17-04,parada
123,300,1,kept,0.46674,const_vel,MOT17-04,parada
123,302,1,kept,0.50234,const_vel,MOT17-04,parada
123,355,1,kept,0.42045,const_vel,MOT17-04,parada
123,361,49,lost,0.3707293877551021,const_vel,MOT17-04,parada
106,399,4,kept,0.48398250000000004,const_vel,MOT17-04,parada
106,406,24,switched,0.33231583333333337,const_vel,MOT17-04,parada
106,433,1,kept,0.50482,const_vel,MOT17-04,parada
106,989,1,kept,0.59732,const_vel,MOT17-04,parada
106,998,53,lost,0.3479290566037737,const_vel,MOT17-04,parada
121,453,12,switched,0.4607483333333333,const_vel,MOT17-04,parada
121,535,1,kept,0.55556,const_vel,MOT17-04,parada
121,537,2,kept,0.5,const_vel,MOT17-04,parada
121,540,17,lost,0.27880705882352946,const_vel,MOT17-04,parada
125,531,1,kept,0.3855,const_vel,MOT17-04,parada
125,536,3,kept,0.31964,const_vel,MOT17-04,parada
125,541,1,kept,0.27425,const_vel,MOT17-04,parada
125,544,3,kept,0.24559666666666666,const_vel,MOT17-04,parada
125,548,33,switched,0.28215212121212124,const_vel,MOT17-04,parada
124,349,2,kept,0.457855,const_vel,MOT17-04,parada
124,352,2,kept,0.47082,const_vel,MOT17-04,parada
124,363,1,kept,0.497,const_vel,MOT17-04,parada
124,366,1,kept,0.51439,const_vel,MOT17-04,parada
124,368,1,kept,0.50195,const_vel,MOT17-04,parada
124,370,3,kept,0.49050666666666665,const_vel,MOT17-04,parada
124,374,2,kept,0.480215,const_vel,MOT17-04,parada
124,377,1,kept,0.47047,const_vel,MOT17-04,parada
111,422,2,kept,0.38224,const_vel,MOT17-04,parada
119,388,10,switched,0.37627299999999997,const_vel,MOT17-04,parada
119,404,11,switched,0.49086,const_vel,MOT17-04,parada
119,421,20,switched,0.07553675,const_vel,MOT17-04,parada
119,459,1,kept,0.29379,const_vel,MOT17-04,parada
119,461,3,kept,0.32093333333333335,const_vel,MOT17-04,parada
119,631,2,kept,0.54224,const_vel,MOT17-04,parada
119,637,2,kept,0.43248,const_vel,MOT17-04,parada
119,640,79,lost,0.16159059493670885,const_vel,MOT17-04,parada
120,441,12,switched,0.2679725,const_vel,MOT17-04,parada
120,454,1,switched,0.34389,const_vel,MOT17-04,parada
120,588,1,kept,0.35815,const_vel,MOT17-04,parada
120,602,2,kept,0.25184,const_vel,MOT17-04,parada
120,619,2,kept,0.18418,const_vel,MOT17-04,parada
120,623,1,kept,0.18354,const_vel,MOT17-04,parada
120,628,73,lost,0.13338002739726026,const_vel,MOT17-04,parada
105,835,2,switched,0.29146,const_vel,MOT17-04,parada
105,1001,50,lost,0.44222000000000006,const_vel,MOT17-04,parada
132,745,145,kept,0.9067101379310343,const_vel,MOT17-04,parada
133,574,1,kept,0.48014,const_vel,MOT17-04,parada
133,631,1,switched,0.61736,const_vel,MOT17-04,parada
133,634,1,kept,0.61392,const_vel,MOT17-04,parada
131,635,5,kept,0.23765199999999997,const_vel,MOT17-04,parada
131,651,1,kept,0.21392,const_vel,MOT17-04,parada
131,657,26,switched,0.15217076923076925,const_vel,MOT17-04,parada
131,984,6,lost,0.13321583333333334,const_vel,MOT17-04,parada
134,890,49,switched,0.23059173469387753,const_vel,MOT17-04,parada
141,639,1,kept,0.27609,const_vel,MOT17-04,parada
141,641,2,kept,0.323925,const_vel,MOT17-04,parada
141,646,4,kept,0.540275,const_vel,MOT17-04,parada
141,653,2,kept,0.6790849999999999,const_vel,MOT17-04,parada
141,659,1,kept,0.79452,const_vel,MOT17-04,parada
141,662,3,kept,0.7655166666666666,const_vel,MOT17-04,parada
141,667,1,kept,0.73103,const_vel,MOT17-04,parada
141,673,2,kept,0.70139,const_vel,MOT17-04,parada
141,676,375,lost,0.30484446266666665,const_vel,MOT17-04,parada
108,781,1,kept,0.21304,const_vel,MOT17-04,parada
108,788,2,kept,0.24283500000000002,const_vel,MOT17-04,parada
108,791,2,kept,0.25928,const_vel,MOT17-04,parada
108,796,2,kept,0.29535,const_vel,MOT17-04,parada
108,822,1,kept,0.14916,const_vel,MOT17-04,parada
108,824,1,kept,0.14306,const_vel,MOT17-04,parada
108,826,5,kept,0.14685600000000001,const_vel,MOT17-04,parada
108,832,3,switched,0.24717333333333333,const_vel,MOT17-04,parada
117,832,1,kept,0.49887,const_vel,MOT17-04,parada
117,839,2,kept,0.50147,const_vel,MOT17-04,parada
117,969,1,kept,0.7372,const_vel,MOT17-04,parada
117,972,3,kept,0.7280099999999999,const_vel,MOT17-04,parada
117,976,1,kept,0.74271,const_vel,MOT17-04,parada
117,1029,11,kept,0.3217027272727273,const_vel,MOT17-04,parada
117,1044,2,switched,0.292505,const_vel,MOT17-04,parada
117,1047,4,lost,0.5028475,const_vel,MOT17-04,parada
115,959,3,kept,0.4102866666666667,const_vel,MOT17-04,parada
115,966,24,switched,0.29324208333333335,const_vel,MOT17-04,parada
115,992,1,kept,0.27211,const_vel,MOT17-04,parada
115,1001,1,kept,0.33451,const_vel,MOT17-04,parada
115,1006,7,kept,0.34712714285714286,const_vel,MOT17-04,parada
115,1016,8,kept,0.35277875000000003,const_vel,MOT17-04,parada
115,1025,26,lost,0.34695692307692305,const_vel,MOT17-04,parada
126,811,2,kept,0.18247,const_vel,MOT17-04,parada
126,816,10,switched,0.18879300000000002,const_vel,MOT17-04,parada
126,846,13,switched,0.1775523076923077,const_vel,MOT17-04,parada
126,861,2,kept,0.26595500000000005,const_vel,MOT17-04,parada
126,867,1,kept,0.3111,const_vel,MOT17-04,parada
126,869,1,kept,0.3301,const_vel,MOT17-04,parada
127,888,9,switched,0.43142888888888886,const_vel,MOT17-04,parada
127,985,3,kept,0.42626000000000003,const_vel,MOT17-04,parada
127,990,6,kept,0.3854633333333333,const_vel,MOT17-04,parada
127,997,5,switched,0.373564,const_vel,MOT17-04,parada
128,938,1,kept,0.39359,const_vel,MOT17-04,parada
104,866,1,switched,0.34813,const_vel,MOT17-04,parada
104,1005,46,lost,0.3067384782608696,const_vel,MOT17-04,parada
129,988,2,switched,0.162105,const_vel,MOT17-04,parada
129,1001,1,kept,0.3468,const_vel,MOT17-04,parada
129,1018,1,kept,0.384,const_vel,MOT17-04,parada
129,1024,6,kept,0.337675,const_vel,MOT17-04,parada
129,1031,6,switched,0.30691999999999997,const_vel,MOT17-04,parada
129,1038,5,switched,0.274708,const_vel,MOT17-04,parada
130,1030,3,switched,0.08230066666666667,const_vel,MOT17-04,parada
130,1037,1,kept,0.1142,const_vel,MOT17-04,parada
130,1043,4,switched,0.1559525,const_vel,MOT17-04,parada
130,1049,1,kept,0.16732,const_vel,MOT17-04,parada
1,302,5,switched,0.17154660000000002,const_vel,MOT17-05,móvel
1,378,4,lost,0.3113525,const_vel,MOT17-05,móvel
2,65,3,kept,0.17508333333333334,const_vel,MOT17-05,móvel
2,75,1,kept,0.2197,const_vel,MOT17-05,móvel
2,86,1,kept,0.23077,const_vel,MOT17-05,móvel
2,88,1,kept,0.17308,const_vel,MOT17-05,móvel
2,136,2,kept,0.33562000000000003,const_vel,MOT17-05,móvel
2,139,1,kept,0.37671,const_vel,MOT17-05,móvel
2,148,1,kept,0.41781,const_vel,MOT17-05,móvel
2,153,1,kept,0.43836,const_vel,MOT17-05,móvel
2,262,4,kept,0.0625,const_vel,MOT17-05,móvel
2,272,9,switched,0.10506555555555556,const_vel,MOT17-05,móvel
2,283,2,switched,0.47331,const_vel,MOT17-05,móvel
2,289,1,kept,0.13333,const_vel,MOT17-05,móvel
2,291,1,kept,0.25,const_vel,MOT17-05,móvel
2,294,1,kept,0.25,const_vel,MOT17-05,móvel
2,299,10,switched,0.026330199999999998,const_vel,MOT17-05,móvel
2,315,8,switched,0.07776087500000001,const_vel,MOT17-05,móvel
2,325,12,lost,0.015504166666666666,const_vel,MOT17-05,móvel
14,19,3,switched,0.0,const_vel,MOT17-05,móvel
14,26,1,switched,0.0,const_vel,MOT17-05,móvel
14,29,3,switched,0.07407333333333334,const_vel,MOT17-05,móvel
14,43,3,kept,0.0,const_vel,MOT17-05,móvel
14,47,115,switched,0.0019875652173913043,const_vel,MOT17-05,móvel
14,163,1,kept,0.82857,const_vel,MOT17-05,móvel
14,166,1,kept,0.74286,const_vel,MOT17-05,móvel
14,171,9,switched,0.10493777777777777,const_vel,MOT17-05,móvel
14,189,2,kept,0.471425,const_vel,MOT17-05,móvel
14,195,2,kept,0.414285,const_vel,MOT17-05,móvel
14,200,1,kept,0.36111,const_vel,MOT17-05,móvel
14,204,1,kept,0.31429,const_vel,MOT17-05,móvel
14,210,1,kept,0.22857,const_vel,MOT17-05,móvel
14,213,1,kept,0.25714,const_vel,MOT17-05,móvel
14,215,2,kept,0.30000000000000004,const_vel,MOT17-05,móvel
14,234,2,lost,0.433475,const_vel,MOT17-05,móvel
117,32,4,switched,1.0,const_vel,MOT17-05,móvel
117,40,10,switched,0.0,const_vel,MOT17-05,móvel
117,52,35,switched,0.08336171428571429,const_vel,MOT17-05,móvel
117,89,1,lost,0.43333,const_vel,MOT17-05,móvel
125,262,19,switched,0.07161031578947367,const_vel,MOT17-05,móvel
125,282,3,lost,0.2732233333333333,const_vel,MOT17-05,móvel
150,12,4,lost,0.4524475,const_vel,MOT17-05,móvel
5,13,1,kept,0.11384,const_vel,MOT17-05,móvel
5,15,3,switched,0.10445433333333333,const_vel,MOT17-05,móvel
5,21,4,switched,0.0,const_vel,MOT17-05,móvel
5,27,1,switched,0.0,const_vel,MOT17-05,móvel
5,31,3,switched,0.12866,const_vel,MOT17-05,móvel
5,40,1,lost,0.061224,const_vel,MOT17-05,móvel
4,23,2,switched,0.0,const_vel,MOT17-05,móvel
4,26,2,kept,0.0,const_vel,MOT17-05,móvel
4,29,2,switched,0.0,const_vel,MOT17-05,móvel
4,38,7,lost,0.04738142857142857,const_vel,MOT17-05,móvel
3,21,3,switched,0.0,const_vel,MOT17-05,móvel
3,25,16,lost,0.0,const_vel,MOT17-05,móvel
6,25,15,switched,0.021370666666666666,const_vel,MOT17-05,móvel
6,42,4,kept,0.46573,const_vel,MOT17-05,móvel
6,48,1,kept,0.0,const_vel,MOT17-05,móvel
6,50,4,kept,0.0,const_vel,MOT17-05,móvel
6,55,1,lost,0.0,const_vel,MOT17-05,móvel
8,169,11,switched,0.17171636363636364,const_vel,MOT17-05,móvel
8,239,1,lost,0.69444,const_vel,MOT17-05,móvel
9,72,2,kept,0.32051,const_vel,MOT17-05,móvel
9,75,1,kept,0.37037,const_vel,MOT17-05,móvel
9,80,1,kept,0.0,const_vel,MOT17-05,móvel
9,83,8,kept,0.0,const_vel,MOT17-05,móvel
9,92,1,kept,0.0,const_vel,MOT17-05,móvel
9,94,1,kept,0.5,const_vel,MOT17-05,móvel
9,102,1,switched,0.16133,const_vel,MOT17-05,móvel
9,115,10,switched,0.046666,const_vel,MOT17-05,móvel
9,131,18,switched,0.09999983333333334,const_vel,MOT17-05,móvel
9,151,10,lost,0.0,const_vel,MOT17-05,móvel
107,77,3,switched,0.38154000000000005,const_vel,MOT17-05,móvel
107,81,3,switched,0.0,const_vel,MOT17-05,móvel
107,85,1,kept,0.0,const_vel,MOT17-05,móvel
107,88,1,kept,0.0,const_vel,MOT17-05,móvel
107,91,1,kept,0.0,const_vel,MOT17-05,móvel
107,96,2,kept,0.34058,const_vel,MOT17-05,móvel
107,103,5,switched,0.312962,const_vel,MOT17-05,móvel
107,113,19,switched,0.09561315789473683,const_vel,MOT17-05,móvel
107,148,14,switched,0.08489785714285714,const_vel,MOT17-05,móvel
107,163,2,kept,0.25862,const_vel,MOT17-05,móvel
107,167,3,kept,0.25862,const_vel,MOT17-05,móvel
107,171,2,kept,0.17857499999999998,const_vel,MOT17-05,móvel
107,174,10,switched,0.08849199999999999,const_vel,MOT17-05,móvel
107,193,3,kept,0.23660333333333336,const_vel,MOT17-05,móvel
107,199,1,kept,0.10345,const_vel,MOT17-05,móvel
107,204,1,lost,0.11538,const_vel,MOT17-05,móvel
10,96,1,lost,0.0,const_vel,MOT17-05,móvel
140,168,1,kept,1.0,const_vel,MOT17-05,móvel
140,170,4,switched,0.0,const_vel,MOT17-05,móvel
140,175,1,kept,0.0,const_vel,MOT17-05,móvel
140,177,1,kept,0.94737,const_vel,MOT17-05,móvel
12,171,1,kept,0.0,const_vel,MOT17-05,móvel
12,173,5,kept,0.0,const_vel,MOT17-05,móvel
12,199,8,switched,0.451925,const_vel,MOT17-05,móvel
13,195,10,lost,0.25499555,const_vel,MOT17-05,móvel
16,238,7,switched,0.14862442857142857,const_vel,MOT17-05,móvel
16,248,1,lost,0.0,const_vel,MOT17-05,móvel
20,256,8,switched,0.0663225,const_vel,MOT17-05,móvel
20,308,1,lost,0.42699,const_vel,MOT17-05,móvel
23,267,7,lost,0.15775614285714284,const_vel,MOT17-05,móvel
25,302,4,lost,0.39253,const_vel,MOT17-05,móvel
26,266,1,kept,0.0,const_vel,MOT17-05,móvel
26,269,17,switched,0.07651941176470588,const_vel,MOT17-05,móvel
26,293,4,lost,0.4167025,const_vel,MOT17-05,móvel
28,278,6,switched,0.05681866666666666,const_vel,MOT17-05,móvel
28,285,2,switched,0.31439,const_vel,MOT17-05,móvel
28,289,14,switched,0.10555052857142856,const_vel,MOT17-05,móvel
28,304,13,lost,0.06935546153846153,const_vel,MOT17-05,móvel
29,280,3,kept,0.07189666666666666,const_vel,MOT17-05,móvel
29,284,4,switched,0.286405,const_vel,MOT17-05,móvel
29,292,1,kept,0.28409,const_vel,MOT17-05,móvel
29,294,10,switched,0.1203427,const_vel,MOT17-05,móvel
30,283,7,switched,0.35454714285714284,const_vel,MOT17-05,móvel
30,309,1,lost,0.040541,const_vel,MOT17-05,móvel
31,298,10,switched,0.056486,const_vel,MOT17-05,móvel
31,309,19,switched,0.16662347368421054,const_vel,MOT17-05,móvel
31,329,1,kept,0.0,const_vel,MOT17-05,móvel
31,332,1,kept,0.17442,const_vel,MOT17-05,móvel
31,338,7,switched,0.3799442857142857,const_vel,MOT17-05,móvel
31,349,1,lost,0.47561,const_vel,MOT17-05,móvel
33,320,2,kept,0.42919,const_vel,MOT17-05,móvel
33,340,2,lost,0.418135,const_vel,MOT17-05,móvel
38,304,12,switched,0.39390624999999996,const_vel,MOT17-05,móvel
38,328,6,switched,0.10033266666666668,const_vel,MOT17-05,móvel
38,440,4,kept,0.0,const_vel,MOT17-05,móvel
38,470,3,lost,0.0,const_vel,MOT17-05,móvel
36,322,11,lost,0.9102345454545454,const_vel,MOT17-05,móvel
34,346,1,lost,0.36134,const_vel,MOT17-05,móvel
123,319,2,lost,0.52138,const_vel,MOT17-05,móvel
35,308,17,switched,0.0616336294117647,const_vel,MOT17-05,móvel
41,324,15,switched,0.046786013333333334,const_vel,MOT17-05,móvel
41,344,7,kept,0.32230857142857144,const_vel,MOT17-05,móvel
41,355,3,lost,0.5795466666666667,const_vel,MOT17-05,móvel
42,440,7,switched,0.18205571428571427,const_vel,MOT17-05,móvel
42,459,6,lost,0.5195733333333333,const_vel,MOT17-05,móvel
43,332,1,lost,0.037037,const_vel,MOT17-05,móvel
47,349,25,switched,0.1254104,const_vel,MOT17-05,móvel
44,355,10,switched,0.18630899999999997,const_vel,MOT17-05,móvel
44,366,1,lost,0.054795,const_vel,MOT17-05,móvel
45,391,6,lost,0.39210833333333334,const_vel,MOT17-05,móvel
46,365,2,lost,0.33157000000000003,const_vel,MOT17-05,móvel
127,379,2,kept,0.414605,const_vel,MOT17-05,móvel
127,382,2,lost,0.27835,const_vel,MOT17-05,móvel
144,399,1,lost,0.75,const_vel,MOT17-05,móvel
145,387,6,switched,0.9760683333333334,const_vel,MOT17-05,móvel
145,399,6,switched,1.0,const_vel,MOT17-05,móvel
48,386,1,switched,1.0,const_vel,MOT17-05,móvel
48,388,1,switched,1.0,const_vel,MOT17-05,móvel
48,402,2,kept,1.0,const_vel,MOT17-05,móvel
48,406,2,switched,1.0,const_vel,MOT17-05,móvel
48,409,2,switched,1.0,const_vel,MOT17-05,móvel
48,420,1,switched,1.0,const_vel,MOT17-05,móvel
48,425,1,switched,1.0,const_vel,MOT17-05,móvel
48,429,8,kept,1.0,const_vel,MOT17-05,móvel
48,439,6,kept,0.16666666666666666,const_vel,MOT17-05,móvel
48,455,1,kept,0.22727,const_vel,MOT17-05,móvel
48,458,3,kept,0.13942866666666667,const_vel,MOT17-05,móvel
48,462,7,lost,0.011904714285714286,const_vel,MOT17-05,móvel
49,381,1,kept,0.34375,const_vel,MOT17-05,móvel
49,387,4,switched,0.5331899999999999,const_vel,MOT17-05,móvel
49,394,8,switched,0.24401875,const_vel,MOT17-05,móvel
49,404,2,kept,0.326075,const_vel,MOT17-05,móvel
49,407,1,kept,0.34211,const_vel,MOT17-05,móvel
49,411,7,switched,0.40291,const_vel,MOT17-05,móvel
49,419,1,kept,0.37931,const_vel,MOT17-05,móvel
49,421,1,switched,0.27586,const_vel,MOT17-05,móvel
49,423,6,switched,0.4397933333333333,const_vel,MOT17-05,móvel
49,437,7,kept,0.03846142857142858,const_vel,MOT17-05,móvel
49,445,9,switched,0.3525655555555556,const_vel,MOT17-05,móvel
49,457,1,switched,0.55,const_vel,MOT17-05,móvel
49,459,1,kept,0.33487,const_vel,MOT17-05,móvel
50,401,1,lost,0.40444,const_vel,MOT17-05,móvel
128,435,6,kept,0.041174999999999996,const_vel,MOT17-05,móvel
128,506,12,kept,0.06507500000000001,const_vel,MOT17-05,móvel
128,671,1,kept,0.50505,const_vel,MOT17-05,móvel
128,673,1,kept,0.48208,const_vel,MOT17-05,móvel
128,677,3,kept,0.4910133333333333,const_vel,MOT17-05,móvel
128,681,26,switched,0.4502803846153846,const_vel,MOT17-05,móvel
128,751,57,lost,0.35569,const_vel,MOT17-05,móvel
54,480,19,switched,0.18255363157894738,const_vel,MOT17-05,móvel
54,510,1,kept,0.0,const_vel,MOT17-05,móvel
54,512,40,switched,0.04385699999999999,const_vel,MOT17-05,móvel
54,562,5,switched,0.0,const_vel,MOT17-05,móvel
54,568,18,switched,0.16019244444444444,const_vel,MOT17-05,móvel
54,587,1,kept,0.38235,const_vel,MOT17-05,móvel
54,595,1,kept,0.39726,const_vel,MOT17-05,móvel
54,597,16,lost,0.09460443750000001,const_vel,MOT17-05,móvel
124,528,14,lost,0.3581371428571428,const_vel,MOT17-05,móvel
52,516,10,kept,0.0,const_vel,MOT17-05,móvel
52,527,2,switched,0.3125,const_vel,MOT17-05,móvel
52,549,35,lost,0.0539254,const_vel,MOT17-05,móvel
53,452,1,kept,0.27673,const_vel,MOT17-05,móvel
53,454,1,kept,0.25,const_vel,MOT17-05,móvel
53,458,6,kept,0.3298466666666666,const_vel,MOT17-05,móvel
53,520,1,kept,0.30303,const_vel,MOT17-05,móvel
53,522,6,switched,0.0,const_vel,MOT17-05,móvel
53,564,4,kept,0.2080245,const_vel,MOT17-05,móvel
53,574,4,switched,0.0,const_vel,MOT17-05,móvel
53,586,13,lost,0.04646553846153846,const_vel,MOT17-05,móvel
55,523,1,kept,0.375,const_vel,MOT17-05,móvel
55,534,19,lost,0.12399521052631576,const_vel,MOT17-05,móvel
57,546,1,lost,0.32432,const_vel,MOT17-05,móvel
59,572,1,lost,0.38228,const_vel,MOT17-05,móvel
60,578,2,lost,0.31183,const_vel,MOT17-05,móvel
129,626,1,kept,0.47123,const_vel,MOT17-05,móvel
67,659,1,kept,0.55224,const_vel,MOT17-05,móvel
67,661,1,kept,0.35088,const_vel,MOT17-05,móvel
67,669,1,kept,0.44737,const_vel,MOT17-05,móvel
67,672,1,kept,0.34921,const_vel,MOT17-05,móvel
67,687,1,kept,0.44828,const_vel,MOT17-05,móvel
67,689,2,kept,0.390875,const_vel,MOT17-05,móvel
67,692,1,lost,0.27586,const_vel,MOT17-05,móvel
65,628,7,lost,0.015727142857142856,const_vel,MOT17-05,móvel
66,712,1,kept,0.06,const_vel,MOT17-05,móvel
66,715,1,kept,0.34694,const_vel,MOT17-05,móvel
66,723,1,kept,0.3353,const_vel,MOT17-05,móvel
66,726,11,lost,0.1722566363636364,const_vel,MOT17-05,móvel
109,620,26,switched,0.05230673076923077,const_vel,MOT17-05,móvel
109,649,1,kept,0.073171,const_vel,MOT17-05,móvel
109,651,30,lost,0.024247233333333333,const_vel,MOT17-05,móvel
69,632,13,lost,0.03796,const_vel,MOT17-05,móvel
71,780,45,switched,0.05911655555555556,const_vel,MOT17-05,móvel
72,676,1,lost,0.38953,const_vel,MOT17-05,móvel
75,684,7,kept,0.060317,const_vel,MOT17-05,móvel
75,692,10,switched,0.2938982,const_vel,MOT17-05,móvel
75,704,1,lost,0.25863,const_vel,MOT17-05,móvel
77,695,10,kept,0.1327134,const_vel,MOT17-05,móvel
76,700,1,lost,0.54545,const_vel,MOT17-05,móvel
81,712,1,lost,0.47482,const_vel,MOT17-05,móvel
82,727,2,lost,0.48689,const_vel,MOT17-05,móvel
131,714,15,switched,0.05908146666666667,const_vel,MOT17-05,móvel
131,730,2,lost,0.34707,const_vel,MOT17-05,móvel
136,735,1,lost,0.63636,const_vel,MOT17-05,móvel
83,757,25,switched,0.12920704,const_vel,MOT17-05,móvel
83,784,1,lost,0.275,const_vel,MOT17-05,móvel
85,746,10,switched,0.215191,const_vel,MOT17-05,móvel
86,751,2,lost,0.469265,const_vel,MOT17-05,móvel
87,743,1,kept,0.32173,const_vel,MOT17-05,móvel
87,764,1,kept,0.47273,const_vel,MOT17-05,móvel
87,767,9,lost,0.2804011111111111,const_vel,MOT17-05,móvel
88,763,1,lost,0.38168,const_vel,MOT17-05,móvel
89,758,5,kept,0.0,const_vel,MOT17-05,móvel
89,776,6,kept,0.46298833333333334,const_vel,MOT17-05,móvel
89,785,1,lost,0.15556,const_vel,MOT17-05,móvel
98,771,5,switched,0.149014,const_vel,MOT17-05,móvel
98,781,9,switched,0.05499333333333334,const_vel,MOT17-05,móvel
98,791,8,switched,0.16825374999999998,const_vel,MOT17-05,móvel
98,831,4,kept,0.13960425,const_vel,MOT17-05,móvel
141,759,22,lost,0.14462750000000002,const_vel,MOT17-05,móvel
90,786,1,lost,0.64706,const_vel,MOT17-05,móvel
96,768,1,kept,0.13793,const_vel,MOT17-05,móvel
96,770,8,switched,0.0008366,const_vel,MOT17-05,móvel
96,782,5,switched,0.4111984000000001,const_vel,MOT17-05,móvel
96,788,1,lost,0.27027,const_vel,MOT17-05,móvel
93,832,3,lost,0.3569333333333333,const_vel,MOT17-05,móvel
94,784,1,kept,0.0,const_vel,MOT17-05,móvel
94,788,2,kept,0.003383,const_vel,MOT17-05,móvel
94,791,1,kept,0.0097459,const_vel,MOT17-05,móvel
94,793,9,switched,0.3442016666666667,const_vel,MOT17-05,móvel
94,803,22,lost,0.3964729545454546,const_vel,MOT17-05,móvel
95,797,1,lost,0.43738,const_vel,MOT17-05,móvel
97,835,1,lost,0.70833,const_vel,MOT17-05,móvel
110,803,1,kept,0.35799,const_vel,MOT17-05,móvel
110,805,1,kept,0.22374,const_vel,MOT17-05,móvel
110,810,1,kept,0.15414,const_vel,MOT17-05,móvel
110,812,7,switched,0.06589602857142858,const_vel,MOT17-05,móvel
110,823,15,lost,0.15694132666666666,const_vel,MOT17-05,móvel
99,805,14,switched,0.3588912214285714,const_vel,MOT17-05,móvel
101,828,1,lost,0.55556,const_vel,MOT17-05,móvel
103,823,2,lost,0.0,const_vel,MOT17-05,móvel
105,828,2,switched,0.525,const_vel,MOT17-05,móvel
1,96,3,lost,0.4080000000000001,const_vel,MOT17-10,móvel
2,14,13,switched,0.181538,const_vel,MOT17-10,móvel
2,416,30,switched,0.12045753333333334,const_vel,MOT17-10,móvel
3,59,2,lost,0.36339,const_vel,MOT17-10,móvel
4,119,1,kept,0.83989,const_vel,MOT17-10,móvel
4,175,1,kept,1.0,const_vel,MOT17-10,móvel
4,207,15,kept,0.9736320000000002,const_vel,MOT17-10,móvel
4,237,1,switched,1.0,const_vel,MOT17-10,móvel
4,241,3,kept,0.9656966666666666,const_vel,MOT17-10,móvel
4,248,1,switched,0.90566,const_vel,MOT17-10,móvel
4,262,4,kept,0.5331975,const_vel,MOT17-10,móvel
4,276,1,kept,0.45902,const_vel,MOT17-10,móvel
4,278,1,kept,0.47368,const_vel,MOT17-10,móvel
4,280,4,kept,0.42767749999999993,const_vel,MOT17-10,móvel
4,285,14,switched,0.33358000000000004,const_vel,MOT17-10,móvel
4,305,2,kept,0.38983,const_vel,MOT17-10,móvel
5,50,2,lost,0.34091,const_vel,MOT17-10,móvel
6,5,41,switched,0.1293633658536585,const_vel,MOT17-10,móvel
6,54,3,switched,0.8679133333333334,const_vel,MOT17-10,móvel
6,80,3,lost,0.5246833333333333,const_vel,MOT17-10,móvel
8,49,5,lost,0.0398132,const_vel,MOT17-10,móvel
12,4,1,kept,0.80597,const_vel,MOT17-10,móvel
12,7,16,switched,0.646254375,const_vel,MOT17-10,móvel
12,24,49,switched,0.22555057142857143,const_vel,MOT17-10,móvel
12,383,11,kept,0.10880512727272727,const_vel,MOT17-10,móvel
12,529,2,lost,0.455185,const_vel,MOT17-10,móvel
13,25,4,switched,1.0,const_vel,MOT17-10,móvel
13,131,1,kept,0.2619,const_vel,MOT17-10,móvel
13,133,74,switched,0.15703955000000003,const_vel,MOT17-10,móvel
13,223,6,kept,0.38122666666666666,const_vel,MOT17-10,móvel
13,230,6,switched,0.43138666666666664,const_vel,MOT17-10,móvel
13,238,1,switched,0.40539,const_vel,MOT17-10,móvel
13,241,3,kept,0.44444333333333336,const_vel,MOT17-10,móvel
13,246,2,switched,0.27273,const_vel,MOT17-10,móvel
13,249,13,switched,0.28766230769230766,const_vel,MOT17-10,móvel
13,266,8,switched,0.40880500000000003,const_vel,MOT17-10,móvel
13,315,2,kept,1.0,const_vel,MOT17-10,móvel
15,34,25,switched,0.03820868,const_vel,MOT17-10,móvel
15,69,2,lost,0.489545,const_vel,MOT17-10,móvel
18,8,1,kept,1.0,const_vel,MOT17-10,móvel
18,16,1,kept,1.0,const_vel,MOT17-10,móvel
18,18,2,kept,1.0,const_vel,MOT17-10,móvel
18,71,48,switched,0.14010364583333332,const_vel,MOT17-10,móvel
18,120,31,switched,0.07428156451612904,const_vel,MOT17-10,móvel
18,155,1,kept,0.48387,const_vel,MOT17-10,móvel
18,157,1,kept,0.46875,const_vel,MOT17-10,móvel
18,159,1,kept,0.63636,const_vel,MOT17-10,móvel
18,165,8,switched,0.36673875,const_vel,MOT17-10,móvel
18,180,1,switched,0.94672,const_vel,MOT17-10,móvel
18,184,2,switched,0.9066350000000001,const_vel,MOT17-10,móvel
18,227,7,switched,0.36620428571428576,const_vel,MOT17-10,móvel
18,236,3,kept,0.34149999999999997,const_vel,MOT17-10,móvel
18,242,3,kept,0.20607666666666669,const_vel,MOT17-10,móvel
18,246,1,kept,0.41146,const_vel,MOT17-10,móvel
18,441,2,kept,1.0,const_vel,MOT17-10,móvel
18,468,1,switched,1.0,const_vel,MOT17-10,móvel
18,476,11,switched,1.0,const_vel,MOT17-10,móvel
18,503,1,kept,1.0,const_vel,MOT17-10,móvel
18,603,3,lost,0.36149666666666663,const_vel,MOT17-10,móvel
22,25,7,switched,0.6898685714285715,const_vel,MOT17-10,móvel
23,11,2,kept,0.21698,const_vel,MOT17-10,móvel
23,15,3,kept,0.13292666666666667,const_vel,MOT17-10,móvel
23,19,55,switched,0.04418567345454545,const_vel,MOT17-10,móvel
23,89,21,switched,0.0,const_vel,MOT17-10,móvel
23,119,1,kept,1.0,const_vel,MOT17-10,móvel
23,160,1,kept,1.0,const_vel,MOT17-10,móvel
23,243,2,kept,0.473305,const_vel,MOT17-10,móvel
23,247,21,switched,0.045221521904761905,const_vel,MOT17-10,móvel
23,285,2,kept,0.73043,const_vel,MOT17-10,móvel
23,293,18,switched,0.08579322222222223,const_vel,MOT17-10,móvel
23,313,1,kept,0.57853,const_vel,MOT17-10,móvel
23,349,34,switched,0.054603132352941175,const_vel,MOT17-10,móvel
23,585,17,lost,0.1254904705882353,const_vel,MOT17-10,móvel
26,16,2,kept,0.5178,const_vel,MOT17-10,móvel
26,20,5,switched,0.164676,const_vel,MOT17-10,móvel
26,30,2,switched,0.367485,const_vel,MOT17-10,móvel
26,44,1,kept,0.20381,const_vel,MOT17-10,móvel
26,46,1,kept,0.26855,const_vel,MOT17-10,móvel
26,51,1,kept,0.51724,const_vel,MOT17-10,móvel
26,54,45,switched,0.08653558444444447,const_vel,MOT17-10,móvel
26,102,2,kept,0.578125,const_vel,MOT17-10,móvel
26,121,2,switched,1.0,const_vel,MOT17-10,móvel
26,143,2,kept,0.28607,const_vel,MOT17-10,móvel
26,146,47,switched,0.13302399361702127,const_vel,MOT17-10,móvel
26,287,1,switched,0.85714,const_vel,MOT17-10,móvel
27,14,2,switched,0.858725,const_vel,MOT17-10,móvel
27,18,2,switched,0.9591149999999999,const_vel,MOT17-10,móvel
27,22,1,switched,0.55072,const_vel,MOT17-10,móvel
27,25,2,switched,0.539855,const_vel,MOT17-10,móvel
27,28,1,switched,0.52899,const_vel,MOT17-10,móvel
27,30,1,switched,0.52174,const_vel,MOT17-10,móvel
27,33,2,switched,0.49346500000000004,const_vel,MOT17-10,móvel
27,36,4,switched,0.616815,const_vel,MOT17-10,móvel
27,50,1,switched,0.6,const_vel,MOT17-10,móvel
27,60,5,lost,0.048,const_vel,MOT17-10,móvel
28,18,2,switched,0.56818,const_vel,MOT17-10,móvel
28,22,1,switched,0.72727,const_vel,MOT17-10,móvel
28,25,1,switched,0.54545,const_vel,MOT17-10,móvel
28,32,5,switched,1.0,const_vel,MOT17-10,móvel
28,39,2,switched,0.6818150000000001,const_vel,MOT17-10,móvel
28,43,4,switched,0.85714,const_vel,MOT17-10,móvel
28,51,2,switched,0.767315,const_vel,MOT17-10,móvel
28,55,1,kept,1.0,const_vel,MOT17-10,móvel
28,65,2,lost,0.0,const_vel,MOT17-10,móvel
38,6,1,switched,1.0,const_vel,MOT17-10,móvel
38,11,2,switched,1.0,const_vel,MOT17-10,móvel
38,14,2,switched,1.0,const_vel,MOT17-10,móvel
38,20,1,switched,1.0,const_vel,MOT17-10,móvel
38,27,1,switched,1.0,const_vel,MOT17-10,móvel
38,29,1,switched,1.0,const_vel,MOT17-10,móvel
38,59,1,lost,0.0,const_vel,MOT17-10,móvel
39,5,2,switched,1.0,const_vel,MOT17-10,móvel
39,15,1,switched,1.0,const_vel,MOT17-10,móvel
39,18,4,switched,1.0,const_vel,MOT17-10,móvel
39,23,2,switched,0.975835,const_vel,MOT17-10,móvel
39,26,2,switched,1.0,const_vel,MOT17-10,móvel
39,30,2,switched,1.0,const_vel,MOT17-10,móvel
39,50,1,lost,0.64538,const_vel,MOT17-10,móvel
40,5,3,switched,0.6897233333333334,const_vel,MOT17-10,móvel
40,19,3,switched,1.0,const_vel,MOT17-10,móvel
40,28,1,switched,1.0,const_vel,MOT17-10,móvel
40,49,1,switched,1.0,const_vel,MOT17-10,móvel
40,63,2,switched,1.0,const_vel,MOT17-10,móvel
40,67,4,lost,0.0,const_vel,MOT17-10,móvel
41,13,1,kept,0.71429,const_vel,MOT17-10,móvel
41,17,2,kept,1.0,const_vel,MOT17-10,móvel
41,24,8,switched,0.988095,const_vel,MOT17-10,móvel
41,37,2,switched,1.0,const_vel,MOT17-10,móvel
41,54,1,kept,1.0,const_vel,MOT17-10,móvel
41,72,43,switched,0.44007976744186045,const_vel,MOT17-10,móvel
41,116,68,switched,0.28807564117647066,const_vel,MOT17-10,móvel
41,186,2,kept,0.94426,const_vel,MOT17-10,móvel
41,189,2,switched,0.92761,const_vel,MOT17-10,móvel
41,192,9,lost,0.8885033333333334,const_vel,MOT17-10,móvel
43,121,2,switched,0.944445,const_vel,MOT17-10,móvel
43,126,1,kept,0.51852,const_vel,MOT17-10,móvel
43,146,1,kept,0.5,const_vel,MOT17-10,móvel
43,151,3,kept,0.34615,const_vel,MOT17-10,móvel
43,157,3,kept,0.47436000000000006,const_vel,MOT17-10,móvel
43,163,1,kept,0.33333,const_vel,MOT17-10,móvel
43,165,1,kept,0.40741,const_vel,MOT17-10,móvel
43,174,1,kept,0.55556,const_vel,MOT17-10,móvel
43,196,1,kept,0.48148,const_vel,MOT17-10,móvel
43,201,11,lost,0.07899545454545455,const_vel,MOT17-10,móvel
11,46,8,kept,0.40550875,const_vel,MOT17-10,móvel
11,56,1,kept,0.49576,const_vel,MOT17-10,móvel
11,94,31,switched,0.14717764516129037,const_vel,MOT17-10,móvel
24,96,25,switched,0.1688174,const_vel,MOT17-10,móvel
24,232,1,kept,0.26018,const_vel,MOT17-10,móvel
24,234,19,switched,0.111641,const_vel,MOT17-10,móvel
24,258,8,lost,0.15564725000000001,const_vel,MOT17-10,móvel
42,54,3,switched,0.59091,const_vel,MOT17-10,móvel
42,58,2,switched,0.65909,const_vel,MOT17-10,móvel
42,70,3,lost,0.0,const_vel,MOT17-10,móvel
7,70,1,switched,0.52778,const_vel,MOT17-10,móvel
7,410,1,lost,0.50774,const_vel,MOT17-10,móvel
29,122,1,switched,0.54286,const_vel,MOT17-10,móvel
29,136,2,switched,0.36765000000000003,const_vel,MOT17-10,móvel
29,350,2,lost,0.47058500000000003,const_vel,MOT17-10,móvel
30,106,1,kept,0.57143,const_vel,MOT17-10,móvel
30,113,2,switched,0.703705,const_vel,MOT17-10,móvel
30,116,6,switched,0.10493799999999999,const_vel,MOT17-10,móvel
30,161,2,switched,0.7142850000000001,const_vel,MOT17-10,móvel
30,175,1,kept,0.72414,const_vel,MOT17-10,móvel
30,179,3,switched,0.5850166666666666,const_vel,MOT17-10,móvel
30,187,1,kept,0.65625,const_vel,MOT17-10,móvel
30,201,6,switched,0.6770833333333334,const_vel,MOT17-10,móvel
30,229,1,kept,0.54762,const_vel,MOT17-10,móvel
30,278,1,kept,0.5814,const_vel,MOT17-10,móvel
30,287,1,kept,0.53061,const_vel,MOT17-10,móvel
30,289,1,kept,0.53846,const_vel,MOT17-10,móvel
30,319,1,kept,0.48485,const_vel,MOT17-10,móvel
30,322,1,kept,1.0,const_vel,MOT17-10,móvel
30,324,1,kept,1.0,const_vel,MOT17-10,móvel
30,328,2,kept,0.385595,const_vel,MOT17-10,móvel
30,337,2,kept,0.48005,const_vel,MOT17-10,móvel
30,340,5,lost,0.27987799999999996,const_vel,MOT17-10,móvel
34,110,48,switched,0.030795166666666665,const_vel,MOT17-10,móvel
34,166,1,switched,0.36872,const_vel,MOT17-10,móvel
34,187,1,switched,0.40107,const_vel,MOT17-10,móvel
34,189,3,switched,0.26755666666666666,const_vel,MOT17-10,móvel
34,194,98,switched,0.027158316326530613,const_vel,MOT17-10,móvel
34,308,1,kept,0.49242,const_vel,MOT17-10,móvel
34,310,5,kept,0.480302,const_vel,MOT17-10,móvel
34,335,1,kept,0.54545,const_vel,MOT17-10,móvel
34,342,2,switched,0.533335,const_vel,MOT17-10,móvel
34,353,10,switched,0.591739,const_vel,MOT17-10,móvel
34,365,19,kept,0.030307263157894736,const_vel,MOT17-10,móvel
34,438,73,switched,0.0316913698630137,const_vel,MOT17-10,móvel
34,576,3,lost,0.19482,const_vel,MOT17-10,móvel
9,146,1,kept,0.4837,const_vel,MOT17-10,móvel
9,365,36,lost,0.3240413888888889,const_vel,MOT17-10,móvel
45,166,2,switched,1.0,const_vel,MOT17-10,móvel
45,172,1,kept,1.0,const_vel,MOT17-10,móvel
45,174,1,switched,1.0,const_vel,MOT17-10,móvel
45,176,1,kept,1.0,const_vel,MOT17-10,móvel
45,274,1,kept,1.0,const_vel,MOT17-10,móvel
45,281,3,switched,1.0,const_vel,MOT17-10,móvel
45,285,1,kept,1.0,const_vel,MOT17-10,móvel
45,313,3,kept,1.0,const_vel,MOT17-10,móvel
45,332,22,switched,0.17071891045454546,const_vel,MOT17-10,móvel
45,360,29,lost,0.32549655172413794,const_vel,MOT17-10,móvel
54,195,8,switched,0.46311625,const_vel,MOT17-10,móvel
54,206,4,switched,0.19962999999999997,const_vel,MOT17-10,móvel
54,211,2,kept,0.32857000000000003,const_vel,MOT17-10,móvel
54,218,1,kept,0.30099,const_vel,MOT17-10,móvel
54,265,7,kept,0.1691977142857143,const_vel,MOT17-10,móvel
54,273,5,kept,0.281144,const_vel,MOT17-10,móvel
54,279,2,kept,0.029412,const_vel,MOT17-10,móvel
54,282,2,kept,0.0,const_vel,MOT17-10,móvel
54,286,2,kept,0.20211,const_vel,MOT17-10,móvel
54,289,2,kept,0.50415,const_vel,MOT17-10,móvel
54,292,3,kept,0.28481666666666666,const_vel,MOT17-10,móvel
54,297,39,lost,0.07223366666666667,const_vel,MOT17-10,móvel
44,152,2,switched,0.923125,const_vel,MOT17-10,móvel
44,159,1,switched,0.98195,const_vel,MOT17-10,móvel
44,162,1,switched,0.84492,const_vel,MOT17-10,móvel
44,164,1,switched,0.80147,const_vel,MOT17-10,móvel
44,166,1,switched,0.85561,const_vel,MOT17-10,móvel
44,168,1,switched,0.94203,const_vel,MOT17-10,móvel
44,170,7,switched,0.9980128571428571,const_vel,MOT17-10,móvel
44,188,2,kept,0.98064,const_vel,MOT17-10,móvel
44,198,1,kept,0.9391,const_vel,MOT17-10,móvel
44,200,6,switched,0.9556633333333334,const_vel,MOT17-10,móvel
44,208,1,kept,0.90598,const_vel,MOT17-10,móvel
44,262,1,kept,0.25115,const_vel,MOT17-10,móvel
44,281,2,switched,0.991015,const_vel,MOT17-10,móvel
71,244,1,kept,0.034455,const_vel,MOT17-10,móvel
71,257,1,kept,0.81132,const_vel,MOT17-10,móvel
71,259,1,kept,0.79245,const_vel,MOT17-10,móvel
71,264,12,switched,0.4083941666666666,const_vel,MOT17-10,móvel
71,277,1,switched,0.77358,const_vel,MOT17-10,móvel
71,279,5,switched,0.8954599999999999,const_vel,MOT17-10,móvel
71,286,11,switched,0.8682036363636363,const_vel,MOT17-10,móvel
71,304,3,switched,0.6667566666666667,const_vel,MOT17-10,móvel
71,312,28,switched,0.23866703571428574,const_vel,MOT17-10,móvel
71,348,22,switched,0.03734761363636364,const_vel,MOT17-10,móvel
71,371,2,switched,0.333125,const_vel,MOT17-10,móvel
71,374,8,switched,0.06944262500000001,const_vel,MOT17-10,móvel
71,383,20,switched,0.11569221999999998,const_vel,MOT17-10,móvel
71,414,1,kept,0.26223,const_vel,MOT17-10,móvel
71,417,16,switched,0.110733375,const_vel,MOT17-10,móvel
71,436,3,switched,0.78261,const_vel,MOT17-10,móvel
71,447,1,switched,0.86957,const_vel,MOT17-10,móvel
71,450,1,kept,0.82609,const_vel,MOT17-10,móvel
71,454,1,kept,0.73913,const_vel,MOT17-10,móvel
71,466,7,kept,1.0,const_vel,MOT17-10,móvel
71,515,3,switched,1.0,const_vel,MOT17-10,móvel
71,531,1,kept,1.0,const_vel,MOT17-10,móvel
71,533,1,kept,1.0,const_vel,MOT17-10,móvel
71,535,1,kept,1.0,const_vel,MOT17-10,móvel
71,560,1,kept,0.56522,const_vel,MOT17-10,móvel
71,562,1,lost,0.30435,const_vel,MOT17-10,móvel
16,161,2,lost,0.28081999999999996,const_vel,MOT17-10,móvel
25,167,1,switched,0.44118,const_vel,MOT17-10,móvel
25,171,9,kept,0.3692811111111111,const_vel,MOT17-10,móvel
25,186,255,switched,0.1687555617254902,const_vel,MOT17-10,móvel
25,443,2,switched,0.47936999999999996,const_vel,MOT17-10,móvel
25,446,18,switched,0.2654063888888889,const_vel,MOT17-10,móvel
25,466,3,switched,0.3681566666666667,const_vel,MOT17-10,móvel
25,486,17,switched,0.3159958823529412,const_vel,MOT17-10,móvel
25,504,4,kept,0.315575,const_vel,MOT17-10,móvel
25,509,8,switched,0.32696875,const_vel,MOT17-10,móvel
25,518,12,switched,0.3964741666666667,const_vel,MOT17-10,móvel
25,531,1,kept,0.3871,const_vel,MOT17-10,móvel
25,533,2,kept,0.41359999999999997,const_vel,MOT17-10,móvel
25,542,2,kept,0.41146,const_vel,MOT17-10,móvel
25,545,2,kept,0.424065,const_vel,MOT17-10,móvel
25,614,4,lost,0.3705225,const_vel,MOT17-10,móvel
10,317,6,lost,0.36308500000000005,const_vel,MOT17-10,móvel
31,193,34,switched,0.0023556323529411766,const_vel,MOT17-10,móvel
31,228,2,switched,0.1487805,const_vel,MOT17-10,móvel
31,234,3,switched,0.5416666666666666,const_vel,MOT17-10,móvel
31,239,46,switched,0.04104041304347827,const_vel,MOT17-10,móvel
31,288,15,kept,0.32449333333333336,const_vel,MOT17-10,móvel
31,314,2,switched,0.652975,const_vel,MOT17-10,móvel
31,318,1,switched,0.31517,const_vel,MOT17-10,móvel
31,320,1,switched,0.30772,const_vel,MOT17-10,móvel
31,326,1,switched,0.33405,const_vel,MOT17-10,móvel
31,329,1,switched,0.26686,const_vel,MOT17-10,móvel
31,332,1,kept,0.28978,const_vel,MOT17-10,móvel
31,340,3,kept,0.4368433333333333,const_vel,MOT17-10,móvel
31,363,2,kept,0.22754000000000002,const_vel,MOT17-10,móvel
31,368,60,switched,0.058871766666666665,const_vel,MOT17-10,móvel
31,473,1,lost,0.41558,const_vel,MOT17-10,móvel
32,222,1,kept,0.46512,const_vel,MOT17-10,móvel
32,229,1,switched,0.25581,const_vel,MOT17-10,móvel
32,234,7,switched,0.0010441428571428572,const_vel,MOT17-10,móvel
32,244,4,switched,0.0,const_vel,MOT17-10,móvel
32,249,22,switched,0.11295622727272728,const_vel,MOT17-10,móvel
32,276,3,kept,1.0,const_vel,MOT17-10,móvel
32,280,1,switched,1.0,const_vel,MOT17-10,móvel
32,285,1,kept,0.34728,const_vel,MOT17-10,móvel
32,287,1,switched,1.0,const_vel,MOT17-10,móvel
32,312,1,switched,0.5641,const_vel,MOT17-10,móvel
32,316,1,switched,0.19336,const_vel,MOT17-10,móvel
32,319,1,switched,0.52893,const_vel,MOT17-10,móvel
32,323,2,switched,0.54545,const_vel,MOT17-10,móvel
32,329,1,kept,0.56667,const_vel,MOT17-10,móvel
32,339,1,kept,0.48297,const_vel,MOT17-10,móvel
32,344,9,switched,0.11806355555555556,const_vel,MOT17-10,móvel
32,369,1,kept,0.49907,const_vel,MOT17-10,móvel
32,374,44,switched,0.03673406818181818,const_vel,MOT17-10,móvel
56,265,1,kept,0.95091,const_vel,MOT17-10,móvel
56,268,1,switched,0.92146,const_vel,MOT17-10,móvel
56,270,1,kept,0.8878,const_vel,MOT17-10,móvel
56,272,2,switched,0.976155,const_vel,MOT17-10,móvel
56,276,2,switched,1.0,const_vel,MOT17-10,móvel
56,281,2,switched,0.934785,const_vel,MOT17-10,móvel
56,302,17,switched,0.05302335294117647,const_vel,MOT17-10,móvel
56,328,31,switched,0.14956048387096774,const_vel,MOT17-10,móvel
56,369,2,switched,1.0,const_vel,MOT17-10,móvel
56,438,9,switched,0.9131811111111112,const_vel,MOT17-10,móvel
56,473,19,switched,0.19872652631578944,const_vel,MOT17-10,móvel
57,230,1,kept,0.83443,const_vel,MOT17-10,móvel
57,234,1,kept,0.79355,const_vel,MOT17-10,móvel
57,236,1,kept,0.72698,const_vel,MOT17-10,móvel
57,240,1,kept,0.57648,const_vel,MOT17-10,móvel
57,246,3,switched,0.7116233333333334,const_vel,MOT17-10,móvel
57,262,3,kept,0.7014933333333332,const_vel,MOT17-10,móvel
57,266,1,kept,0.74627,const_vel,MOT17-10,móvel
57,268,3,switched,0.6384733333333333,const_vel,MOT17-10,móvel
57,274,4,switched,0.7947724999999999,const_vel,MOT17-10,móvel
57,284,1,kept,0.79104,const_vel,MOT17-10,móvel
57,300,1,switched,0.8169,const_vel,MOT17-10,móvel
57,305,3,switched,0.6393933333333334,const_vel,MOT17-10,móvel
57,309,18,switched,0.03480177777777778,const_vel,MOT17-10,móvel
57,334,1,kept,0.91667,const_vel,MOT17-10,móvel
57,341,25,switched,0.11884011999999998,const_vel,MOT17-10,móvel
57,368,3,switched,0.9121833333333332,const_vel,MOT17-10,móvel
57,443,1,switched,0.40766,const_vel,MOT17-10,móvel
57,445,18,switched,0.1511513888888889,const_vel,MOT17-10,móvel
57,465,1,kept,0.44595,const_vel,MOT17-10,móvel
59,281,2,kept,0.76271,const_vel,MOT17-10,móvel
59,287,6,kept,0.8615816666666666,const_vel,MOT17-10,móvel
59,311,1,kept,0.7,const_vel,MOT17-10,móvel
59,319,1,kept,0.86441,const_vel,MOT17-10,móvel
59,325,1,kept,0.3913,const_vel,MOT17-10,móvel
59,327,15,switched,0.014492533333333335,const_vel,MOT17-10,móvel
59,348,1,kept,0.79104,const_vel,MOT17-10,móvel
59,351,22,switched,0.005793845454545455,const_vel,MOT17-10,móvel
59,399,1,kept,0.68,const_vel,MOT17-10,móvel
59,403,26,switched,0.4646627692307692,const_vel,MOT17-10,móvel
59,431,1,kept,0.29212,const_vel,MOT17-10,móvel
59,433,5,kept,0.27903,const_vel,MOT17-10,móvel
59,447,11,switched,0.10571206363636364,const_vel,MOT17-10,móvel
59,508,1,switched,1.0,const_vel,MOT17-10,móvel
59,518,2,switched,0.69765,const_vel,MOT17-10,móvel
14,270,1,kept,1.0,const_vel,MOT17-10,móvel
14,281,1,kept,1.0,const_vel,MOT17-10,móvel
14,493,1,kept,0.45161,const_vel,MOT17-10,móvel
14,495,1,kept,0.35556,const_vel,MOT17-10,móvel
14,498,2,kept,0.29776,const_vel,MOT17-10,móvel
14,501,38,switched,0.09972781578947369,const_vel,MOT17-10,móvel
49,362,4,switched,0.9875,const_vel,MOT17-10,móvel
49,368,5,switched,1.0,const_vel,MOT17-10,móvel
49,377,11,kept,0.6758372727272727,const_vel,MOT17-10,móvel
49,401,2,switched,1.0,const_vel,MOT17-10,móvel
49,447,1,kept,1.0,const_vel,MOT17-10,móvel
49,478,3,kept,1.0,const_vel,MOT17-10,móvel
49,518,3,kept,1.0,const_vel,MOT17-10,móvel
49,522,1,kept,1.0,const_vel,MOT17-10,móvel
49,526,1,kept,1.0,const_vel,MOT17-10,móvel
49,563,2,switched,1.0,const_vel,MOT17-10,móvel
49,567,2,switched,1.0,const_vel,MOT17-10,móvel
49,621,1,kept,0.66667,const_vel,MOT17-10,móvel
49,632,9,lost,0.17509433333333335,const_vel,MOT17-10,móvel
33,399,2,kept,0.28571,const_vel,MOT17-10,móvel
33,406,1,kept,0.35714,const_vel,MOT17-10,móvel
33,429,2,switched,0.55357,const_vel,MOT17-10,móvel
33,478,1,kept,1.0,const_vel,MOT17-10,móvel
33,480,1,kept,1.0,const_vel,MOT17-10,móvel
50,410,6,kept,0.3810766666666667,const_vel,MOT17-10,móvel
50,417,7,switched,0.3327414285714286,const_vel,MOT17-10,móvel
50,425,2,kept,0.244855,const_vel,MOT17-10,móvel
50,428,14,switched,0.546175,const_vel,MOT17-10,móvel
50,443,2,kept,0.367915,const_vel,MOT17-10,móvel
50,446,3,kept,0.20370533333333332,const_vel,MOT17-10,móvel
50,450,11,switched,0.2866198181818182,const_vel,MOT17-10,móvel
50,468,1,kept,0.7,const_vel,MOT17-10,móvel
50,472,1,kept,0.66667,const_vel,MOT17-10,móvel
50,568,2,switched,0.98007,const_vel,MOT17-10,móvel
50,578,3,kept,0.9434933333333334,const_vel,MOT17-10,móvel
50,618,1,kept,1.0,const_vel,MOT17-10,móvel
50,639,1,kept,1.0,const_vel,MOT17-10,móvel
50,651,1,kept,1.0,const_vel,MOT17-10,móvel
46,587,4,lost,0.46363750000000004,const_vel,MOT17-10,móvel
48,549,1,kept,1.0,const_vel,MOT17-10,móvel
48,642,12,kept,0.46637749999999994,const_vel,MOT17-10,móvel
47,529,2,kept,0.275865,const_vel,MOT17-10,móvel
47,532,42,switched,0.09678766666666667,const_vel,MOT17-10,móvel
47,633,2,lost,0.5340900000000001,const_vel,MOT17-10,móvel
72,651,4,lost,0.85714,const_vel,MOT17-10,móvel
67,541,7,kept,0.41496428571428573,const_vel,MOT17-10,móvel
67,550,3,kept,0.4920633333333333,const_vel,MOT17-10,móvel
67,555,3,switched,0.5505033333333333,const_vel,MOT17-10,móvel
67,566,3,kept,0.8115933333333333,const_vel,MOT17-10,móvel
67,577,3,kept,1.0,const_vel,MOT17-10,móvel
67,582,7,switched,0.47767571428571426,const_vel,MOT17-10,móvel
67,591,1,switched,0.63315,const_vel,MOT17-10,móvel
67,606,12,switched,0.27044999999999997,const_vel,MOT17-10,móvel
68,548,2,kept,0.5592699999999999,const_vel,MOT17-10,móvel
68,553,2,kept,1.0,const_vel,MOT17-10,móvel
68,560,6,switched,0.6205116666666666,const_vel,MOT17-10,móvel
68,572,1,kept,1.0,const_vel,MOT17-10,móvel
68,581,1,switched,0.53417,const_vel,MOT17-10,móvel
68,583,1,switched,0.57833,const_vel,MOT17-10,móvel
68,590,1,switched,0.70748,const_vel,MOT17-10,móvel
68,604,2,switched,1.0,const_vel,MOT17-10,móvel
68,612,8,switched,0.76260125,const_vel,MOT17-10,móvel
68,639,1,kept,1.0,const_vel,MOT17-10,móvel
66,562,4,switched,1.0,const_vel,MOT17-10,móvel
66,568,1,kept,0.68182,const_vel,MOT17-10,móvel
66,587,1,kept,1.0,const_vel,MOT17-10,móvel
66,600,2,switched,0.78261,const_vel,MOT17-10,móvel
66,618,1,switched,0.83333,const_vel,MOT17-10,móvel
66,645,1,switched,0.73566,const_vel,MOT17-10,móvel
1,708,22,switched,0.08193013636363636,const_vel,MOT17-11,móvel
1,746,14,kept,0.04433171428571429,const_vel,MOT17-11,móvel
2,10,4,lost,0.40841,const_vel,MOT17-11,móvel
4,98,2,kept,0.5002850000000001,const_vel,MOT17-11,móvel
4,101,2,lost,0.39483,const_vel,MOT17-11,móvel
5,253,3,lost,0.13125933333333334,const_vel,MOT17-11,móvel
6,67,1,kept,0.40741,const_vel,MOT17-11,móvel
6,70,2,kept,0.28704,const_vel,MOT17-11,móvel
6,91,73,switched,0.10638966712328768,const_vel,MOT17-11,móvel
6,267,2,lost,0.38590500000000005,const_vel,MOT17-11,móvel
13,267,6,switched,0.2388916666666667,const_vel,MOT17-11,móvel
13,285,1,lost,0.21911,const_vel,MOT17-11,móvel
14,14,1,kept,0.51724,const_vel,MOT17-11,móvel
14,16,1,kept,0.56034,const_vel,MOT17-11,móvel
14,318,1,kept,0.31188,const_vel,MOT17-11,móvel
14,320,16,kept,0.1048635,const_vel,MOT17-11,móvel
14,618,1,kept,0.51029,const_vel,MOT17-11,móvel
14,620,6,kept,0.47273000000000004,const_vel,MOT17-11,móvel
14,635,45,lost,0.4059751111111111,const_vel,MOT17-11,móvel
16,23,1,lost,0.5,const_vel,MOT17-11,móvel
17,6,2,kept,0.24452999999999997,const_vel,MOT17-11,móvel
17,15,1,kept,0.39581,const_vel,MOT17-11,móvel
17,18,2,switched,0.40347,const_vel,MOT17-11,móvel
17,23,2,switched,0.55543,const_vel,MOT17-11,móvel
17,26,1,switched,0.64948,const_vel,MOT17-11,móvel
17,114,2,lost,0.554955,const_vel,MOT17-11,móvel
18,17,2,switched,0.36746999999999996,const_vel,MOT17-11,móvel
18,21,1,switched,0.39911,const_vel,MOT17-11,móvel
18,23,2,switched,0.45403499999999997,const_vel,MOT17-11,móvel
25,96,3,switched,0.7368399999999999,const_vel,MOT17-11,móvel
25,110,2,kept,0.7886599999999999,const_vel,MOT17-11,móvel
25,174,2,kept,0.37619,const_vel,MOT17-11,móvel
25,178,10,kept,0.343783,const_vel,MOT17-11,móvel
25,189,58,switched,0.0957522896551724,const_vel,MOT17-11,móvel
25,252,2,kept,0.38854500000000003,const_vel,MOT17-11,móvel
25,255,1,kept,0.33333,const_vel,MOT17-11,móvel
25,261,3,kept,0.12650399999999998,const_vel,MOT17-11,móvel
25,265,26,switched,0.20770603846153846,const_vel,MOT17-11,móvel
25,294,1,kept,0.44954,const_vel,MOT17-11,móvel
25,377,4,kept,0.39024000000000003,const_vel,MOT17-11,móvel
25,382,1,kept,0.3629,const_vel,MOT17-11,móvel
25,385,1,kept,0.37097,const_vel,MOT17-11,móvel
25,387,2,kept,0.373485,const_vel,MOT17-11,móvel
25,390,1,kept,0.376,const_vel,MOT17-11,móvel
25,392,1,kept,0.416,const_vel,MOT17-11,móvel
25,394,2,kept,0.46399999999999997,const_vel,MOT17-11,móvel
25,516,1,kept,0.48936,const_vel,MOT17-11,móvel
25,523,1,kept,0.4539,const_vel,MOT17-11,móvel
25,527,1,kept,0.43262,const_vel,MOT17-11,móvel
25,539,1,kept,0.51296,const_vel,MOT17-11,móvel
25,549,3,switched,0.40864666666666666,const_vel,MOT17-11,móvel
25,694,7,kept,0.004668571428571429,const_vel,MOT17-11,móvel
25,705,17,switched,0.08068911764705883,const_vel,MOT17-11,móvel
25,730,1,kept,0.58333,const_vel,MOT17-11,móvel
25,732,23,kept,0.1556023043478261,const_vel,MOT17-11,móvel
25,756,2,switched,0.821655,const_vel,MOT17-11,móvel
28,26,9,lost,0.02716,const_vel,MOT17-11,móvel
29,23,1,switched,0.42478,const_vel,MOT17-11,móvel
29,25,1,switched,0.48673,const_vel,MOT17-11,móvel
29,27,1,switched,0.53982,const_vel,MOT17-11,móvel
29,40,2,switched,0.44298,const_vel,MOT17-11,móvel
29,43,2,switched,0.41483499999999995,const_vel,MOT17-11,móvel
29,61,1,switched,0.18227,const_vel,MOT17-11,móvel
29,70,4,switched,0.31626,const_vel,MOT17-11,móvel
29,83,2,switched,0.30387,const_vel,MOT17-11,móvel
29,98,1,switched,0.63866,const_vel,MOT17-11,móvel
29,125,2,switched,0.448035,const_vel,MOT17-11,móvel
29,136,3,switched,0.35813000000000006,const_vel,MOT17-11,móvel
29,140,4,lost,0.16320675,const_vel,MOT17-11,móvel
30,7,1,kept,0.14583,const_vel,MOT17-11,móvel
30,10,3,switched,0.19990666666666668,const_vel,MOT17-11,móvel
30,17,2,kept,0.083981,const_vel,MOT17-11,móvel
30,21,1,kept,0.0,const_vel,MOT17-11,móvel
30,24,1,switched,0.19743,const_vel,MOT17-11,móvel
30,26,3,switched,0.2594033333333334,const_vel,MOT17-11,móvel
30,31,9,switched,0.1690233333333333,const_vel,MOT17-11,móvel
30,41,1,kept,0.17541,const_vel,MOT17-11,móvel
30,44,8,switched,0.12164775,const_vel,MOT17-11,móvel
30,56,1,kept,0.18867,const_vel,MOT17-11,móvel
30,59,3,switched,0.11056866666666666,const_vel,MOT17-11,móvel
30,66,1,kept,0.17431,const_vel,MOT17-11,móvel
30,69,1,switched,0.20072,const_vel,MOT17-11,móvel
30,79,4,switched,0.22522750000000002,const_vel,MOT17-11,móvel
30,99,2,switched,0.27219499999999996,const_vel,MOT17-11,móvel
30,107,4,switched,0.36019,const_vel,MOT17-11,móvel
30,114,2,switched,0.22171,const_vel,MOT17-11,móvel
30,135,1,switched,0.18512,const_vel,MOT17-11,móvel
30,137,1,kept,0.19073,const_vel,MOT17-11,móvel
30,148,2,kept,0.16408,const_vel,MOT17-11,móvel
79,8,1,kept,0.58824,const_vel,MOT17-11,móvel
79,15,9,lost,0.09586111111111112,const_vel,MOT17-11,móvel
19,52,1,kept,0.57143,const_vel,MOT17-11,móvel
19,54,4,lost,0.215115,const_vel,MOT17-11,móvel
24,133,6,kept,1.0,const_vel,MOT17-11,móvel
24,141,12,kept,1.0,const_vel,MOT17-11,móvel
24,154,13,switched,1.0,const_vel,MOT17-11,móvel
24,173,11,lost,0.49992000000000003,const_vel,MOT17-11,móvel
88,98,2,lost,0.22368500000000002,const_vel,MOT17-11,móvel
26,98,12,switched,0.24097833333333332,const_vel,MOT17-11,móvel
26,112,3,switched,0.33735,const_vel,MOT17-11,móvel
26,116,1,kept,0.36585,const_vel,MOT17-11,móvel
26,120,1,kept,0.41975,const_vel,MOT17-11,móvel
76,125,3,lost,0.02141736666666667,const_vel,MOT17-11,móvel
77,126,2,kept,0.247645,const_vel,MOT17-11,móvel
77,131,30,lost,0.0035714333333333333,const_vel,MOT17-11,móvel
55,183,1,kept,0.11765,const_vel,MOT17-11,móvel
55,186,37,lost,0.2106517027027027,const_vel,MOT17-11,móvel
20,307,2,lost,0.46531500000000003,const_vel,MOT17-11,móvel
89,211,1,kept,0.58511,const_vel,MOT17-11,móvel
89,215,2,kept,0.362245,const_vel,MOT17-11,móvel
89,326,1,lost,0.33247,const_vel,MOT17-11,móvel
32,263,1,kept,0.7619,const_vel,MOT17-11,móvel
32,299,2,switched,0.765305,const_vel,MOT17-11,móvel
32,304,1,kept,0.77083,const_vel,MOT17-11,móvel
32,324,2,kept,0.5104150000000001,const_vel,MOT17-11,móvel
32,328,102,switched,0.06234921568627451,const_vel,MOT17-11,móvel
32,463,77,switched,0.03742653246753247,const_vel,MOT17-11,móvel
7,279,1,kept,0.40476,const_vel,MOT17-11,móvel
7,423,5,lost,0.29149600000000003,const_vel,MOT17-11,móvel
59,260,8,switched,0.6550475,const_vel,MOT17-11,móvel
59,269,1,kept,0.64423,const_vel,MOT17-11,móvel
59,271,1,kept,0.72115,const_vel,MOT17-11,móvel
59,302,1,switched,1.0,const_vel,MOT17-11,móvel
59,304,2,switched,1.0,const_vel,MOT17-11,móvel
27,254,1,kept,0.39623,const_vel,MOT17-11,móvel
27,257,3,kept,0.54547,const_vel,MOT17-11,móvel
27,342,1,kept,0.53435,const_vel,MOT17-11,móvel
27,344,2,lost,0.35991,const_vel,MOT17-11,móvel
31,429,19,switched,0.40408263157894736,const_vel,MOT17-11,móvel
31,454,2,kept,0.46909999999999996,const_vel,MOT17-11,móvel
31,458,100,switched,0.081927228,const_vel,MOT17-11,móvel
31,583,1,kept,0.40559,const_vel,MOT17-11,móvel
31,585,1,kept,0.32168,const_vel,MOT17-11,móvel
31,587,3,lost,0.24888333333333335,const_vel,MOT17-11,móvel
45,440,9,lost,0.2523388888888889,const_vel,MOT17-11,móvel
10,375,2,kept,0.267015,const_vel,MOT17-11,móvel
10,403,1,kept,0.47619,const_vel,MOT17-11,móvel
10,405,64,switched,0.2435813671875,const_vel,MOT17-11,móvel
10,562,10,lost,0.25851399999999997,const_vel,MOT17-11,móvel
12,408,1,kept,0.25,const_vel,MOT17-11,móvel
12,551,2,lost,0.10543050000000001,const_vel,MOT17-11,móvel
39,468,1,kept,0.5,const_vel,MOT17-11,móvel
39,563,5,switched,0.09069259999999998,const_vel,MOT17-11,móvel
39,569,4,switched,0.32210000000000005,const_vel,MOT17-11,móvel
39,608,1,switched,1.0,const_vel,MOT17-11,móvel
39,685,31,switched,0.034288451612903226,const_vel,MOT17-11,móvel
39,788,3,lost,0.37897333333333333,const_vel,MOT17-11,móvel
40,434,3,kept,0.27341,const_vel,MOT17-11,móvel
40,487,3,lost,0.0,const_vel,MOT17-11,móvel
46,437,46,switched,0.0,const_vel,MOT17-11,móvel
46,484,3,switched,0.017316,const_vel,MOT17-11,móvel
46,488,1,kept,0.091954,const_vel,MOT17-11,móvel
46,492,14,lost,0.18261935714285718,const_vel,MOT17-11,móvel
41,552,1,kept,0.51969,const_vel,MOT17-11,móvel
41,554,9,switched,0.802161111111111,const_vel,MOT17-11,móvel
41,579,1,kept,0.44295,const_vel,MOT17-11,móvel
41,583,3,kept,0.49959333333333333,const_vel,MOT17-11,móvel
41,587,2,kept,0.433825,const_vel,MOT17-11,móvel
41,590,17,lost,0.10731882352941176,const_vel,MOT17-11,móvel
42,539,1,kept,0.15942,const_vel,MOT17-11,móvel
42,541,71,switched,0.06293366197183099,const_vel,MOT17-11,móvel
42,639,4,switched,0.66227,const_vel,MOT17-11,móvel
42,644,3,kept,0.7155733333333334,const_vel,MOT17-11,móvel
42,711,3,lost,0.10385266666666666,const_vel,MOT17-11,móvel
47,625,2,kept,0.0576925,const_vel,MOT17-11,móvel
47,628,4,lost,0.0,const_vel,MOT17-11,móvel
60,600,1,kept,0.58696,const_vel,MOT17-11,móvel
60,608,60,lost,0.046377,const_vel,MOT17-11,móvel
61,613,1,kept,0.041357,const_vel,MOT17-11,móvel
61,621,2,kept,0.0,const_vel,MOT17-11,móvel
61,626,3,lost,0.0,const_vel,MOT17-11,móvel
44,718,12,lost,0.42645333333333335,const_vel,MOT17-11,móvel
33,720,18,switched,0.1091113888888889,const_vel,MOT17-11,móvel
33,758,1,kept,0.28049,const_vel,MOT17-11,móvel
33,760,17,switched,0.07670741176470587,const_vel,MOT17-11,móvel
33,806,2,kept,0.5652550000000001,const_vel,MOT17-11,móvel
33,809,7,lost,0.35184714285714286,const_vel,MOT17-11,móvel
48,652,53,switched,0.10938462075471699,const_vel,MOT17-11,móvel
48,737,6,lost,0.4747516666666666,const_vel,MOT17-11,móvel
34,711,1,kept,0.31522,const_vel,MOT17-11,móvel
34,716,19,switched,0.019870526315789474,const_vel,MOT17-11,móvel
34,737,66,switched,0.014283848484848484,const_vel,MOT17-11,móvel
34,812,2,switched,0.7851600000000001,const_vel,MOT17-11,móvel
34,846,6,lost,0.27029,const_vel,MOT17-11,móvel
43,724,19,switched,0.12391005263157895,const_vel,MOT17-11,móvel
43,745,10,lost,0.0530125,const_vel,MOT17-11,móvel
35,783,1,kept,0.52899,const_vel,MOT17-11,móvel
35,787,1,kept,0.34228,const_vel,MOT17-11,móvel
35,789,12,switched,0.21301416666666664,const_vel,MOT17-11,móvel
35,868,7,lost,0.26809999999999995,const_vel,MOT17-11,móvel
37,750,1,kept,0.56342,const_vel,MOT17-11,móvel
37,765,2,kept,0.44584500000000005,const_vel,MOT17-11,móvel
37,768,5,kept,0.352824,const_vel,MOT17-11,móvel
37,774,1,kept,0.38571,const_vel,MOT17-11,móvel
37,826,1,kept,0.33751,const_vel,MOT17-11,móvel
37,829,1,kept,0.24553,const_vel,MOT17-11,móvel
37,834,6,lost,0.0,const_vel,MOT17-11,móvel
38,755,1,kept,0.69828,const_vel,MOT17-11,móvel
38,840,5,lost,0.34741,const_vel,MOT17-11,móvel
36,881,1,kept,0.46913,const_vel,MOT17-11,móvel
36,883,5,lost,0.34022800000000003,const_vel,MOT17-11,móvel
49,803,2,kept,0.0,const_vel,MOT17-11,móvel
49,809,1,kept,0.0,const_vel,MOT17-11,móvel
49,811,1,kept,0.0,const_vel,MOT17-11,móvel
49,813,64,switched,0.030228125,const_vel,MOT17-11,móvel
62,867,3,lost,0.3612066666666667,const_vel,MOT17-11,móvel
67,845,1,switched,1.0,const_vel,MOT17-11,móvel
67,852,1,switched,1.0,const_vel,MOT17-11,móvel
67,887,2,switched,1.0,const_vel,MOT17-11,móvel
67,890,1,switched,1.0,const_vel,MOT17-11,móvel
67,897,1,switched,1.0,const_vel,MOT17-11,móvel
68,847,2,switched,0.91652,const_vel,MOT17-11,móvel
68,884,2,switched,0.8648549999999999,const_vel,MOT17-11,móvel
68,890,2,switched,0.981695,const_vel,MOT17-11,móvel
63,872,3,kept,1.0,const_vel,MOT17-11,móvel
63,877,14,switched,1.0,const_vel,MOT17-11,móvel
63,892,1,switched,1.0,const_vel,MOT17-11,móvel
63,895,6,lost,1.0,const_vel,MOT17-11,móvel
70,851,19,switched,0.008772105263157895,const_vel,MOT17-11,móvel
73,889,5,switched,1.0,const_vel,MOT17-11,móvel
73,895,6,lost,1.0,const_vel,MOT17-11,móvel
50,894,1,kept,0.39474,const_vel,MOT17-11,móvel
50,898,3,lost,0.42133333333333334,const_vel,MOT17-11,móvel
72,882,10,switched,0.2236849,const_vel,MOT17-11,móvel
66,893,8,lost,1.0,const_vel,MOT17-11,móvel
64,898,1,kept,0.49254,const_vel,MOT17-11,móvel
1,30,28,switched,0.08174103571428572,const_vel,MOT17-09,parada
1,163,27,switched,0.033412271111111114,const_vel,MOT17-09,parada
1,194,15,kept,0.017564053333333333,const_vel,MOT17-09,parada
1,211,36,switched,0.014249377777777779,const_vel,MOT17-09,parada
1,251,1,kept,0.12403,const_vel,MOT17-09,parada
1,258,103,switched,0.002990134951456311,const_vel,MOT17-09,parada
1,362,13,switched,0.0,const_vel,MOT17-09,parada
1,376,60,switched,0.0,const_vel,MOT17-09,parada
1,438,50,switched,0.0119050926,const_vel,MOT17-09,parada
1,489,2,lost,0.0,const_vel,MOT17-09,parada
19,196,5,lost,0.380134,const_vel,MOT17-09,parada
20,217,4,lost,0.2972325,const_vel,MOT17-09,parada
21,17,1,kept,1.0,const_vel,MOT17-09,parada
21,24,1,kept,1.0,const_vel,MOT17-09,parada
21,33,1,kept,0.43396,const_vel,MOT17-09,parada
21,54,1,kept,0.53846,const_vel,MOT17-09,parada
21,58,1,kept,0.54902,const_vel,MOT17-09,parada
21,60,1,kept,0.54902,const_vel,MOT17-09,parada
21,62,1,kept,0.54902,const_vel,MOT17-09,parada
21,70,1,kept,0.52941,const_vel,MOT17-09,parada
21,85,3,kept,0.4902,const_vel,MOT17-09,parada
21,90,1,kept,0.46154,const_vel,MOT17-09,parada
21,105,70,switched,0.02860547142857143,const_vel,MOT17-09,parada
21,195,6,kept,1.0,const_vel,MOT17-09,parada
21,204,1,kept,1.0,const_vel,MOT17-09,parada
21,206,1,kept,1.0,const_vel,MOT17-09,parada
21,208,4,kept,1.0,const_vel,MOT17-09,parada
21,213,1,kept,1.0,const_vel,MOT17-09,parada
21,217,1,kept,1.0,const_vel,MOT17-09,parada
21,220,1,kept,1.0,const_vel,MOT17-09,parada
21,223,1,kept,1.0,const_vel,MOT17-09,parada
21,226,1,kept,1.0,const_vel,MOT17-09,parada
21,229,1,kept,1.0,const_vel,MOT17-09,parada
21,231,1,kept,1.0,const_vel,MOT17-09,parada
21,244,1,kept,1.0,const_vel,MOT17-09,parada
21,324,2,kept,1.0,const_vel,MOT17-09,parada
21,347,1,kept,1.0,const_vel,MOT17-09,parada
21,349,3,kept,1.0,const_vel,MOT17-09,parada
21,367,3,kept,1.0,const_vel,MOT17-09,parada
21,371,4,switched,1.0,const_vel,MOT17-09,parada
21,380,3,lost,0.6191266666666667,const_vel,MOT17-09,parada
22,100,71,switched,0.04769402816901408,const_vel,MOT17-09,parada
22,240,3,switched,0.39519333333333334,const_vel,MOT17-09,parada
22,294,1,kept,0.9016,const_vel,MOT17-09,parada
22,300,1,kept,0.87417,const_vel,MOT17-09,parada
22,303,1,kept,0.9062,const_vel,MOT17-09,parada
22,388,5,lost,0.344538,const_vel,MOT17-09,parada
23,116,41,switched,0.09498526829268293,const_vel,MOT17-09,parada
23,236,1,kept,0.51269,const_vel,MOT17-09,parada
23,240,1,kept,0.40025,const_vel,MOT17-09,parada
23,243,48,lost,0.15554608333333333,const_vel,MOT17-09,parada
16,26,55,lost,0.045715490909090904,const_vel,MOT17-09,parada
43,60,1,lost,0.76596,const_vel,MOT17-09,parada
7,151,25,switched,0.07012328,const_vel,MOT17-09,parada
7,181,10,kept,0.013971,const_vel,MOT17-09,parada
7,196,1,kept,0.28767,const_vel,MOT17-09,parada
7,198,143,switched,0.038052353146853145,const_vel,MOT17-09,parada
7,389,1,kept,0.37838,const_vel,MOT17-09,parada
7,393,1,kept,0.37333,const_vel,MOT17-09,parada
7,396,3,lost,0.2762966666666667,const_vel,MOT17-09,parada
8,171,14,switched,0.05309319285714287,const_vel,MOT17-09,parada
8,186,16,switched,0.149342125,const_vel,MOT17-09,parada
8,299,1,kept,0.52202,const_vel,MOT17-09,parada
8,304,6,kept,0.36467833333333327,const_vel,MOT17-09,parada
8,316,1,switched,0.35183,const_vel,MOT17-09,parada
8,362,1,kept,0.54321,const_vel,MOT17-09,parada
8,365,18,lost,0.05010944444444444,const_vel,MOT17-09,parada
10,167,1,kept,0.40127,const_vel,MOT17-09,parada
10,175,12,kept,0.03947666666666667,const_vel,MOT17-09,parada
10,189,15,switched,0.06155286666666667,const_vel,MOT17-09,parada
10,254,1,kept,0.32231,const_vel,MOT17-09,parada
10,273,8,kept,0.1271175,const_vel,MOT17-09,parada
10,282,7,switched,0.14141771428571429,const_vel,MOT17-09,parada
10,294,2,kept,0.260645,const_vel,MOT17-09,parada
10,298,1,kept,0.27451,const_vel,MOT17-09,parada
10,304,1,kept,0.32941,const_vel,MOT17-09,parada
10,306,1,kept,0.36905,const_vel,MOT17-09,parada
10,311,1,kept,0.14717,const_vel,MOT17-09,parada
10,313,65,switched,0.01592623538461538,const_vel,MOT17-09,parada
10,379,2,switched,0.29851,const_vel,MOT17-09,parada
10,414,1,kept,0.27869,const_vel,MOT17-09,parada
10,417,12,lost,0.11230933333333332,const_vel,MOT17-09,parada
18,238,1,kept,1.0,const_vel,MOT17-09,parada
18,241,2,kept,1.0,const_vel,MOT17-09,parada
18,295,3,switched,0.6519133333333333,const_vel,MOT17-09,parada
18,311,27,lost,0.481202962962963,const_vel,MOT17-09,parada
29,189,8,switched,0.15741525,const_vel,MOT17-09,parada
29,203,9,switched,0.07614666666666665,const_vel,MOT17-09,parada
29,287,90,switched,0.15535456666666667,const_vel,MOT17-09,parada
29,408,1,switched,0.38845,const_vel,MOT17-09,parada
29,415,1,switched,0.47788,const_vel,MOT17-09,parada
29,423,1,switched,0.44506,const_vel,MOT17-09,parada
29,425,1,kept,0.43383,const_vel,MOT17-09,parada
29,430,15,lost,0.10989101333333332,const_vel,MOT17-09,parada
11,190,11,switched,0.017930818181818183,const_vel,MOT17-09,parada
11,207,9,switched,0.05773666666666667,const_vel,MOT17-09,parada
11,246,1,kept,0.50829,const_vel,MOT17-09,parada
11,248,2,kept,0.34435000000000004,const_vel,MOT17-09,parada
11,252,35,switched,0.05930583428571429,const_vel,MOT17-09,parada
11,336,94,switched,0.2090061914893617,const_vel,MOT17-09,parada
11,432,1,switched,0.37482,const_vel,MOT17-09,parada
11,447,2,switched,0.5654399999999999,const_vel,MOT17-09,parada
11,453,20,switched,0.053531276,const_vel,MOT17-09,parada
11,522,4,lost,0.0,const_vel,MOT17-09,parada
12,211,9,switched,0.13624841111111113,const_vel,MOT17-09,parada
12,375,40,switched,1.0,const_vel,MOT17-09,parada
12,416,3,switched,1.0,const_vel,MOT17-09,parada
12,422,1,switched,1.0,const_vel,MOT17-09,parada
12,447,23,lost,0.17590478260869563,const_vel,MOT17-09,parada
13,246,1,kept,0.4,const_vel,MOT17-09,parada
13,249,1,kept,0.36508,const_vel,MOT17-09,parada
13,430,8,switched,0.9395074999999999,const_vel,MOT17-09,parada
13,441,2,switched,0.74893,const_vel,MOT17-09,parada
13,446,1,switched,0.80435,const_vel,MOT17-09,parada
13,448,14,switched,0.04204135714285714,const_vel,MOT17-09,parada
13,488,2,switched,0.86936,const_vel,MOT17-09,parada
13,492,1,kept,0.51515,const_vel,MOT17-09,parada
13,494,16,lost,0.40301750000000003,const_vel,MOT17-09,parada
2,468,4,lost,0.3070525,const_vel,MOT17-09,parada
6,410,10,kept,0.1005906,const_vel,MOT17-09,parada
3,480,18,switched,0.14486833333333332,const_vel,MOT17-09,parada
17,448,1,kept,0.46269,const_vel,MOT17-09,parada
17,450,1,kept,0.20896,const_vel,MOT17-09,parada
17,452,74,lost,0.036929067567567565,const_vel,MOT17-09,parada
4,454,7,kept,0.10093685714285713,const_vel,MOT17-09,parada
4,511,1,kept,0.46,const_vel,MOT17-09,parada
4,516,10,lost,0.08648597000000001,const_vel,MOT17-09,parada
14,490,6,switched,0.16645566666666667,const_vel,MOT17-09,parada
15,463,1,kept,0.48527,const_vel,MOT17-09,parada
15,497,6,kept,0.11973833333333335,const_vel,MOT17-09,parada
9,508,13,kept,0.14924915384615384,const_vel,MOT17-09,parada
2,143,3,lost,0.4103833333333333,const_vel,MOT17-13,móvel
4,166,1,kept,0.192,const_vel,MOT17-13,móvel
4,242,2,lost,0.472865,const_vel,MOT17-13,móvel
5,44,2,lost,0.461035,const_vel,MOT17-13,móvel
6,34,3,lost,0.40009333333333336,const_vel,MOT17-13,móvel
7,89,1,kept,0.55446,const_vel,MOT17-13,móvel
7,115,1,kept,0.41976,const_vel,MOT17-13,móvel
7,274,6,switched,0.35623000000000005,const_vel,MOT17-13,móvel
10,13,1,kept,1.0,const_vel,MOT17-13,móvel
10,15,1,kept,1.0,const_vel,MOT17-13,móvel
10,20,1,lost,0.60606,const_vel,MOT17-13,móvel
11,25,5,lost,0.669948,const_vel,MOT17-13,móvel
13,117,2,lost,0.59127,const_vel,MOT17-13,móvel
14,124,1,lost,0.5082,const_vel,MOT17-13,móvel
15,4,2,switched,1.0,const_vel,MOT17-13,móvel
16,14,1,switched,0.47826,const_vel,MOT17-13,móvel
17,155,1,lost,0.67391,const_vel,MOT17-13,móvel
35,5,3,kept,0.98718,const_vel,MOT17-13,móvel
35,10,3,switched,0.9408266666666667,const_vel,MOT17-13,móvel
35,15,2,switched,0.94824,const_vel,MOT17-13,móvel
35,20,3,switched,1.0,const_vel,MOT17-13,móvel
35,26,1,kept,1.0,const_vel,MOT17-13,móvel
35,34,1,switched,1.0,const_vel,MOT17-13,móvel
35,37,1,switched,1.0,const_vel,MOT17-13,móvel
35,47,4,switched,1.0,const_vel,MOT17-13,móvel
35,71,1,switched,0.97374,const_vel,MOT17-13,móvel
35,73,1,switched,0.97059,const_vel,MOT17-13,móvel
35,84,9,switched,0.8554955555555556,const_vel,MOT17-13,móvel
35,95,7,switched,0.8558542857142857,const_vel,MOT17-13,móvel
35,103,4,switched,0.827315,const_vel,MOT17-13,móvel
35,110,10,switched,0.8208219999999999,const_vel,MOT17-13,móvel
35,122,2,switched,0.93808,const_vel,MOT17-13,móvel
35,134,1,kept,1.0,const_vel,MOT17-13,móvel
35,140,1,switched,0.46154,const_vel,MOT17-13,móvel
35,143,1,switched,0.23077,const_vel,MOT17-13,móvel
35,145,9,switched,0.009259222222222223,const_vel,MOT17-13,móvel
35,158,2,switched,0.0,const_vel,MOT17-13,móvel
35,162,3,switched,0.0,const_vel,MOT17-13,móvel
35,166,1,switched,0.0,const_vel,MOT17-13,móvel
35,172,1,switched,0.0,const_vel,MOT17-13,móvel
35,174,2,switched,0.0,const_vel,MOT17-13,móvel
35,177,1,switched,0.0,const_vel,MOT17-13,móvel
35,179,1,switched,0.0,const_vel,MOT17-13,móvel
35,185,1,kept,1.0,const_vel,MOT17-13,móvel
35,188,1,kept,1.0,const_vel,MOT17-13,móvel
35,200,1,switched,1.0,const_vel,MOT17-13,móvel
36,12,106,switched,0.33445677358490566,const_vel,MOT17-13,móvel
36,119,1,kept,0.56527,const_vel,MOT17-13,móvel
36,136,5,kept,0.347198,const_vel,MOT17-13,móvel
36,143,2,lost,0.4375,const_vel,MOT17-13,móvel
39,4,7,switched,0.9287657142857143,const_vel,MOT17-13,móvel
39,80,1,switched,1.0,const_vel,MOT17-13,móvel
39,268,1,switched,0.64,const_vel,MOT17-13,móvel
39,345,1,kept,0.027273,const_vel,MOT17-13,móvel
39,349,2,switched,0.1007455,const_vel,MOT17-13,móvel
39,367,1,kept,0.35185,const_vel,MOT17-13,móvel
47,25,1,switched,0.48936,const_vel,MOT17-13,móvel
47,32,2,switched,0.6723399999999999,const_vel,MOT17-13,móvel
47,100,1,kept,0.6,const_vel,MOT17-13,móvel
47,120,1,kept,0.82462,const_vel,MOT17-13,móvel
47,122,1,kept,0.73692,const_vel,MOT17-13,móvel
47,125,1,kept,0.73231,const_vel,MOT17-13,móvel
47,128,6,kept,0.613975,const_vel,MOT17-13,móvel
47,135,2,kept,0.5532950000000001,const_vel,MOT17-13,móvel
47,143,206,switched,0.1645504563106796,const_vel,MOT17-13,móvel
47,353,13,kept,0.14025715384615384,const_vel,MOT17-13,móvel
47,367,4,lost,0.2606925,const_vel,MOT17-13,móvel
49,13,2,switched,1.0,const_vel,MOT17-13,móvel
49,22,8,switched,0.26593625,const_vel,MOT17-13,móvel
49,86,1,kept,1.0,const_vel,MOT17-13,móvel
49,89,1,kept,1.0,const_vel,MOT17-13,móvel
49,103,2,kept,1.0,const_vel,MOT17-13,móvel
49,106,2,kept,1.0,const_vel,MOT17-13,móvel
49,109,4,kept,1.0,const_vel,MOT17-13,móvel
49,115,2,kept,1.0,const_vel,MOT17-13,móvel
49,118,10,switched,1.0,const_vel,MOT17-13,móvel
49,134,1,kept,1.0,const_vel,MOT17-13,móvel
49,137,6,kept,1.0,const_vel,MOT17-13,móvel
49,146,202,switched,0.995049504950495,const_vel,MOT17-13,móvel
49,349,4,kept,1.0,const_vel,MOT17-13,móvel
49,354,2,kept,1.0,const_vel,MOT17-13,móvel
49,357,6,kept,1.0,const_vel,MOT17-13,móvel
49,364,4,lost,0.6581625,const_vel,MOT17-13,móvel
50,27,2,switched,0.46738999999999997,const_vel,MOT17-13,móvel
50,96,1,kept,0.79661,const_vel,MOT17-13,móvel
50,104,1,kept,0.88095,const_vel,MOT17-13,móvel
50,117,2,kept,1.0,const_vel,MOT17-13,móvel
50,120,1,kept,1.0,const_vel,MOT17-13,móvel
50,174,1,kept,1.0,const_vel,MOT17-13,móvel
50,176,1,kept,1.0,const_vel,MOT17-13,móvel
50,213,2,kept,1.0,const_vel,MOT17-13,móvel
50,221,2,kept,1.0,const_vel,MOT17-13,móvel
50,224,8,lost,0.56027625,const_vel,MOT17-13,móvel
71,14,3,switched,0.4275533333333333,const_vel,MOT17-13,móvel
71,18,2,switched,0.43571499999999996,const_vel,MOT17-13,móvel
34,22,2,kept,0.52921,const_vel,MOT17-13,móvel
34,25,50,switched,0.5813031399999999,const_vel,MOT17-13,móvel
34,86,1,switched,1.0,const_vel,MOT17-13,móvel
34,89,1,kept,1.0,const_vel,MOT17-13,móvel
34,134,9,switched,0.15489666666666668,const_vel,MOT17-13,móvel
34,148,1,kept,0.61905,const_vel,MOT17-13,móvel
34,154,1,kept,0.2381,const_vel,MOT17-13,móvel
34,158,2,switched,0.13788,const_vel,MOT17-13,móvel
34,163,1,switched,0.045455,const_vel,MOT17-13,móvel
34,167,4,kept,0.14665424999999999,const_vel,MOT17-13,móvel
34,173,13,switched,0.02022697692307692,const_vel,MOT17-13,móvel
34,191,8,switched,0.17723250000000002,const_vel,MOT17-13,móvel
34,262,1,kept,0.0,const_vel,MOT17-13,móvel
34,265,4,lost,0.011104925,const_vel,MOT17-13,móvel
38,106,1,kept,0.23117,const_vel,MOT17-13,móvel
38,119,1,kept,0.2472,const_vel,MOT17-13,móvel
38,134,4,lost,0.11933674999999999,const_vel,MOT17-13,móvel
32,82,1,kept,0.52,const_vel,MOT17-13,móvel
32,95,3,kept,1.0,const_vel,MOT17-13,móvel
32,99,37,switched,0.9737813513513514,const_vel,MOT17-13,móvel
32,143,15,switched,0.313268,const_vel,MOT17-13,móvel
32,160,3,kept,0.09335500000000001,const_vel,MOT17-13,móvel
32,164,6,lost,0.09799466666666666,const_vel,MOT17-13,móvel
33,30,18,switched,0.4677438888888889,const_vel,MOT17-13,móvel
33,53,31,switched,1.0,const_vel,MOT17-13,móvel
33,85,1,kept,0.97574,const_vel,MOT17-13,móvel
33,87,1,kept,0.95174,const_vel,MOT17-13,móvel
33,93,12,kept,0.8232658333333333,const_vel,MOT17-13,móvel
33,116,1,switched,0.59809,const_vel,MOT17-13,móvel
33,288,1,lost,0.29897,const_vel,MOT17-13,móvel
63,39,9,switched,0.39546333333333333,const_vel,MOT17-13,móvel
19,141,2,lost,0.54615,const_vel,MOT17-13,móvel
67,52,2,switched,0.63561,const_vel,MOT17-13,móvel
67,106,1,switched,0.58442,const_vel,MOT17-13,móvel
67,110,1,kept,0.37842,const_vel,MOT17-13,móvel
62,62,1,kept,1.0,const_vel,MOT17-13,móvel
62,64,2,switched,0.97826,const_vel,MOT17-13,móvel
62,85,1,switched,0.82971,const_vel,MOT17-13,móvel
62,150,1,kept,0.94828,const_vel,MOT17-13,móvel
62,200,1,lost,0.49121,const_vel,MOT17-13,móvel
64,82,1,switched,1.0,const_vel,MOT17-13,móvel
64,93,1,kept,1.0,const_vel,MOT17-13,móvel
64,109,3,switched,1.0,const_vel,MOT17-13,móvel
37,77,2,switched,1.0,const_vel,MOT17-13,móvel
37,83,1,switched,1.0,const_vel,MOT17-13,móvel
37,122,1,kept,1.0,const_vel,MOT17-13,móvel
37,134,1,switched,1.0,const_vel,MOT17-13,móvel
37,159,1,kept,0.73684,const_vel,MOT17-13,móvel
37,161,1,kept,0.65,const_vel,MOT17-13,móvel
37,163,11,kept,0.5535881818181818,const_vel,MOT17-13,móvel
37,175,47,lost,0.4222554255319149,const_vel,MOT17-13,móvel
60,88,1,kept,0.29653,const_vel,MOT17-13,móvel
60,92,2,kept,0.35433000000000003,const_vel,MOT17-13,móvel
60,96,16,switched,0.31629062500000005,const_vel,MOT17-13,móvel
60,120,13,lost,0.24661607692307688,const_vel,MOT17-13,móvel
61,94,3,kept,0.066421,const_vel,MOT17-13,móvel
61,101,8,lost,0.3115375,const_vel,MOT17-13,móvel
156,98,20,switched,0.4006095,const_vel,MOT17-13,móvel
156,119,32,lost,0.59620759375,const_vel,MOT17-13,móvel
73,90,3,switched,0.21014333333333335,const_vel,MOT17-13,móvel
73,105,3,switched,0.5019866666666667,const_vel,MOT17-13,móvel
73,109,1,kept,0.69093,const_vel,MOT17-13,móvel
73,117,1,switched,1.0,const_vel,MOT17-13,móvel
73,121,1,kept,1.0,const_vel,MOT17-13,móvel
73,151,2,kept,1.0,const_vel,MOT17-13,móvel
73,231,2,kept,0.47222,const_vel,MOT17-13,móvel
72,93,2,switched,0.6341049999999999,const_vel,MOT17-13,móvel
72,99,1,kept,0.27214,const_vel,MOT17-13,móvel
72,101,8,switched,0.26092,const_vel,MOT17-13,móvel
72,110,6,switched,0.16667,const_vel,MOT17-13,móvel
72,118,3,switched,0.22426333333333334,const_vel,MOT17-13,móvel
72,137,2,switched,0.867185,const_vel,MOT17-13,móvel
72,144,1,switched,0.53929,const_vel,MOT17-13,móvel
72,245,1,lost,0.32722,const_vel,MOT17-13,móvel
145,100,1,kept,0.6371,const_vel,MOT17-13,móvel
145,102,3,kept,0.6264133333333334,const_vel,MOT17-13,móvel
145,106,1,kept,0.66935,const_vel,MOT17-13,móvel
145,108,1,kept,0.78446,const_vel,MOT17-13,móvel
145,146,1,kept,1.0,const_vel,MOT17-13,móvel
145,149,3,switched,1.0,const_vel,MOT17-13,móvel
145,153,2,kept,1.0,const_vel,MOT17-13,móvel
145,156,2,kept,1.0,const_vel,MOT17-13,móvel
145,159,1,kept,1.0,const_vel,MOT17-13,móvel
145,163,4,kept,0.8840725,const_vel,MOT17-13,móvel
145,171,12,lost,0.7076066666666666,const_vel,MOT17-13,móvel
167,107,1,kept,0.57633,const_vel,MOT17-13,móvel
167,109,47,lost,0.5041289787234043,const_vel,MOT17-13,móvel
51,149,2,switched,0.66,const_vel,MOT17-13,móvel
51,229,3,lost,0.030158666666666667,const_vel,MOT17-13,móvel
40,152,1,switched,0.6,const_vel,MOT17-13,móvel
40,155,1,kept,0.56,const_vel,MOT17-13,móvel
40,158,1,kept,0.52174,const_vel,MOT17-13,móvel
40,160,3,kept,0.42718000000000006,const_vel,MOT17-13,móvel
150,203,2,kept,1.0,const_vel,MOT17-13,móvel
150,209,1,kept,1.0,const_vel,MOT17-13,móvel
150,219,5,switched,1.0,const_vel,MOT17-13,móvel
150,226,4,kept,1.0,const_vel,MOT17-13,móvel
150,233,1,kept,0.86188,const_vel,MOT17-13,móvel
150,240,7,switched,0.68813,const_vel,MOT17-13,móvel
150,249,6,lost,0.4625266666666667,const_vel,MOT17-13,móvel
18,300,3,kept,0.5773433333333333,const_vel,MOT17-13,móvel
18,304,21,switched,0.6267833333333335,const_vel,MOT17-13,móvel
18,326,4,switched,0.71926,const_vel,MOT17-13,móvel
18,331,4,switched,0.66683,const_vel,MOT17-13,móvel
18,336,4,switched,0.7745725,const_vel,MOT17-13,móvel
18,350,1,kept,0.87977,const_vel,MOT17-13,móvel
18,352,2,kept,0.8936949999999999,const_vel,MOT17-13,móvel
18,357,1,kept,0.96303,const_vel,MOT17-13,móvel
158,172,1,kept,0.79211,const_vel,MOT17-13,móvel
158,175,1,kept,0.89696,const_vel,MOT17-13,móvel
158,177,3,kept,0.88761,const_vel,MOT17-13,móvel
158,182,19,lost,0.40984105263157894,const_vel,MOT17-13,móvel
133,190,1,kept,0.0044893,const_vel,MOT17-13,móvel
133,199,1,kept,0.0,const_vel,MOT17-13,móvel
133,201,84,switched,0.46604855952380947,const_vel,MOT17-13,móvel
133,298,31,switched,0.6240345161290323,const_vel,MOT17-13,móvel
133,330,1,kept,1.0,const_vel,MOT17-13,móvel
133,332,111,lost,0.8420604504504502,const_vel,MOT17-13,móvel
138,203,48,switched,0.5494933541666667,const_vel,MOT17-13,móvel
138,254,7,switched,0.30279428571428574,const_vel,MOT17-13,móvel
138,263,3,lost,0.25853333333333334,const_vel,MOT17-13,móvel
146,214,4,switched,0.0390625,const_vel,MOT17-13,móvel
146,219,5,switched,0.315376,const_vel,MOT17-13,móvel
146,225,4,kept,0.78363,const_vel,MOT17-13,móvel
146,233,2,kept,0.88046,const_vel,MOT17-13,móvel
146,236,15,switched,0.4696006666666666,const_vel,MOT17-13,móvel
146,257,7,switched,0.38848714285714286,const_vel,MOT17-13,móvel
146,270,2,lost,0.214425,const_vel,MOT17-13,móvel
168,210,1,kept,0.78814,const_vel,MOT17-13,móvel
168,213,1,kept,0.79098,const_vel,MOT17-13,móvel
168,216,91,lost,0.6376181318681319,const_vel,MOT17-13,móvel
52,236,1,kept,0.6,const_vel,MOT17-13,móvel
52,238,19,switched,0.5239031578947368,const_vel,MOT17-13,móvel
52,338,2,lost,0.471155,const_vel,MOT17-13,móvel
45,242,1,kept,1.0,const_vel,MOT17-13,móvel
45,258,1,kept,0.56579,const_vel,MOT17-13,móvel
45,261,2,kept,0.20986,const_vel,MOT17-13,móvel
169,292,3,kept,0.8843333333333333,const_vel,MOT17-13,móvel
169,296,41,lost,0.3198646341463415,const_vel,MOT17-13,móvel
157,286,157,lost,0.21839182165605092,const_vel,MOT17-13,móvel
155,337,10,switched,0.301842,const_vel,MOT17-13,móvel
155,348,114,switched,0.7663885087719299,const_vel,MOT17-13,móvel
155,463,10,lost,0.7877569999999999,const_vel,MOT17-13,móvel
48,303,2,switched,0.450895,const_vel,MOT17-13,móvel
48,321,1,switched,0.69669,const_vel,MOT17-13,móvel
48,324,3,switched,0.5496666666666666,const_vel,MOT17-13,móvel
48,330,2,switched,0.6277250000000001,const_vel,MOT17-13,móvel
48,335,1,kept,0.5601,const_vel,MOT17-13,móvel
48,348,6,kept,0.6960683333333333,const_vel,MOT17-13,móvel
48,356,3,kept,0.5959633333333333,const_vel,MOT17-13,móvel
48,362,2,kept,0.65029,const_vel,MOT17-13,móvel
48,365,6,lost,0.700285,const_vel,MOT17-13,móvel
143,313,40,lost,0.8461234999999998,const_vel,MOT17-13,móvel
151,449,2,kept,0.988095,const_vel,MOT17-13,móvel
151,453,1,kept,1.0,const_vel,MOT17-13,móvel
151,455,6,lost,0.7839933333333334,const_vel,MOT17-13,móvel
160,345,135,lost,0.5455250222222222,const_vel,MOT17-13,móvel
153,329,124,lost,0.6706345967741936,const_vel,MOT17-13,móvel
142,330,5,kept,0.47878800000000005,const_vel,MOT17-13,móvel
142,336,10,switched,0.409992,const_vel,MOT17-13,móvel
142,347,84,switched,0.3914620119047618,const_vel,MOT17-13,móvel
142,434,3,switched,0.6603033333333334,const_vel,MOT17-13,móvel
142,439,30,lost,0.49773639999999997,const_vel,MOT17-13,móvel
59,362,2,switched,0.546185,const_vel,MOT17-13,móvel
59,392,1,kept,0.3707,const_vel,MOT17-13,móvel
59,405,1,kept,0.35593,const_vel,MOT17-13,móvel
59,410,2,kept,0.385595,const_vel,MOT17-13,móvel
59,415,3,kept,0.3429166666666667,const_vel,MOT17-13,móvel
59,419,2,lost,0.26398,const_vel,MOT17-13,móvel
65,425,1,kept,0.6527,const_vel,MOT17-13,móvel
68,379,1,kept,0.17804,const_vel,MOT17-13,móvel
68,381,1,kept,0.24645,const_vel,MOT17-13,móvel
68,383,1,kept,0.25919,const_vel,MOT17-13,móvel
68,385,6,switched,0.21878499999999998,const_vel,MOT17-13,móvel
68,395,1,kept,0.13087,const_vel,MOT17-13,móvel
68,403,1,switched,0.19233,const_vel,MOT17-13,móvel
68,407,1,kept,0.1642,const_vel,MOT17-13,móvel
68,409,1,switched,0.16712,const_vel,MOT17-13,móvel
68,430,1,lost,0.042799,const_vel,MOT17-13,móvel
70,374,1,kept,0.13684,const_vel,MOT17-13,móvel
70,391,3,switched,0.5245266666666667,const_vel,MOT17-13,móvel
70,399,3,kept,0.4762866666666667,const_vel,MOT17-13,móvel
70,404,2,switched,0.46304999999999996,const_vel,MOT17-13,móvel
70,410,2,switched,0.47479,const_vel,MOT17-13,móvel
70,435,6,switched,0.6851233333333333,const_vel,MOT17-13,móvel
70,461,1,kept,0.91048,const_vel,MOT17-13,móvel
69,444,6,lost,0.40008333333333335,const_vel,MOT17-13,móvel
20,468,6,kept,0.5415666666666668,const_vel,MOT17-13,móvel
20,476,20,lost,0.378032,const_vel,MOT17-13,móvel
22,484,2,switched,0.74142,const_vel,MOT17-13,móvel
26,603,2,lost,0.30337000000000003,const_vel,MOT17-13,móvel
25,585,1,lost,0.22468,const_vel,MOT17-13,móvel
53,669,1,lost,0.19971,const_vel,MOT17-13,móvel
27,624,1,lost,0.10166,const_vel,MOT17-13,móvel
42,683,2,switched,1.0,const_vel,MOT17-13,móvel
56,652,2,switched,0.90689,const_vel,MOT17-13,móvel
56,656,3,switched,0.9460933333333333,const_vel,MOT17-13,móvel
56,671,1,kept,1.0,const_vel,MOT17-13,móvel
56,681,2,kept,1.0,const_vel,MOT17-13,móvel
56,684,4,switched,0.97796,const_vel,MOT17-13,móvel
43,622,1,kept,1.0,const_vel,MOT17-13,móvel
43,624,31,switched,0.9808896774193548,const_vel,MOT17-13,móvel
43,679,1,kept,1.0,const_vel,MOT17-13,móvel
43,681,4,switched,0.9054,const_vel,MOT17-13,móvel
55,660,1,kept,0.76471,const_vel,MOT17-13,móvel
55,662,2,switched,0.78125,const_vel,MOT17-13,móvel
55,678,2,kept,0.7666649999999999,const_vel,MOT17-13,móvel
55,681,2,switched,0.6294649999999999,const_vel,MOT17-13,móvel
55,688,2,switched,0.875,const_vel,MOT17-13,móvel
2,54,3,lost,0.51939,rnn,MOT17-02,parada
3,230,200,switched,0.10192960636000001,rnn,MOT17-02,parada
3,431,12,switched,0.11482916666666665,rnn,MOT17-02,parada
3,444,60,switched,0.027683293666666667,rnn,MOT17-02,parada
3,508,1,kept,0.15185,rnn,MOT17-02,parada
3,511,19,kept,0.010635310526315792,rnn,MOT17-02,parada
3,556,1,kept,0.47432,rnn,MOT17-02,parada
3,558,1,kept,0.45197,rnn,MOT17-02,parada
3,560,1,kept,0.39992,rnn,MOT17-02,parada
3,562,1,kept,0.3443,rnn,MOT17-02,parada
3,564,12,lost,0.12207939166666665,rnn,MOT17-02,parada
8,5,1,kept,0.50829,rnn,MOT17-02,parada
8,18,6,kept,0.3262433333333334,rnn,MOT17-02,parada
8,25,2,kept,0.47936,rnn,MOT17-02,parada
8,35,9,lost,0.15014066666666667,rnn,MOT17-02,parada
9,186,38,switched,0.049079184210526317,rnn,MOT17-02,parada
9,228,3,switched,0.9,rnn,MOT17-02,parada
9,252,80,switched,0.0176828,rnn,MOT17-02,parada
9,333,5,kept,0.23902199999999998,rnn,MOT17-02,parada
9,340,3,kept,0.29268,rnn,MOT17-02,parada
9,344,2,kept,0.32926500000000003,rnn,MOT17-02,parada
9,347,2,kept,0.353655,rnn,MOT17-02,parada
9,350,3,kept,0.21951033333333334,rnn,MOT17-02,parada
9,354,110,switched,0.00018143636363636363,rnn,MOT17-02,parada
9,465,1,kept,0.086654,rnn,MOT17-02,parada
9,467,3,kept,0.25177333333333335,rnn,MOT17-02,parada
9,504,16,switched,0.162498125,rnn,MOT17-02,parada
9,522,79,lost,0.029211517721518986,rnn,MOT17-02,parada
10,163,1,kept,1.0,rnn,MOT17-02,parada
10,196,30,kept,0.019298199999999998,rnn,MOT17-02,parada
10,245,1,kept,1.0,rnn,MOT17-02,parada
10,248,1,kept,0.525,rnn,MOT17-02,parada
10,257,1,kept,0.0,rnn,MOT17-02,parada
10,259,202,switched,0.0022719801980198018,rnn,MOT17-02,parada
10,494,1,kept,1.0,rnn,MOT17-02,parada
10,497,1,kept,1.0,rnn,MOT17-02,parada
10,501,3,switched,0.9593666666666668,rnn,MOT17-02,parada
10,514,69,switched,0.015483753623188408,rnn,MOT17-02,parada
10,584,1,kept,0.2619,rnn,MOT17-02,parada
10,586,1,kept,0.2619,rnn,MOT17-02,parada
10,588,13,lost,0.029304538461538465,rnn,MOT17-02,parada
14,185,3,kept,1.0,rnn,MOT17-02,parada
14,189,1,kept,1.0,rnn,MOT17-02,parada
14,191,1,kept,1.0,rnn,MOT17-02,parada
14,210,22,switched,0.005454363636363636,rnn,MOT17-02,parada
14,233,1,kept,0.069744,rnn,MOT17-02,parada
14,236,1,kept,0.28359,rnn,MOT17-02,parada
14,246,1,kept,0.69231,rnn,MOT17-02,parada
14,248,1,kept,0.5641,rnn,MOT17-02,parada
14,254,3,kept,0.04273366666666667,rnn,MOT17-02,parada
14,273,1,switched,0.0,rnn,MOT17-02,parada
14,275,14,kept,0.0,rnn,MOT17-02,parada
14,290,17,lost,0.0,rnn,MOT17-02,parada
15,35,17,kept,0.9854805882352942,rnn,MOT17-02,parada
15,54,2,kept,0.93829,rnn,MOT17-02,parada
15,57,1,kept,0.93829,rnn,MOT17-02,parada
15,61,1,kept,0.92287,rnn,MOT17-02,parada
15,64,1,switched,0.90791,rnn,MOT17-02,parada
15,115,1,kept,0.93602,rnn,MOT17-02,parada
15,124,1,kept,0.93405,rnn,MOT17-02,parada
15,130,1,switched,0.91757,rnn,MOT17-02,parada
15,132,1,kept,0.91757,rnn,MOT17-02,parada
15,140,2,switched,0.88459,rnn,MOT17-02,parada
15,172,1,kept,0.32432,rnn,MOT17-02,parada
15,174,6,kept,0.0,rnn,MOT17-02,parada
15,181,28,kept,0.0003764642857142857,rnn,MOT17-02,parada
15,210,3,switched,0.12178300000000002,rnn,MOT17-02,parada
15,215,1,kept,0.36111,rnn,MOT17-02,parada
15,217,1,kept,0.36111,rnn,MOT17-02,parada
15,219,75,switched,0.004444386666666666,rnn,MOT17-02,parada
15,295,70,switched,0.0,rnn,MOT17-02,parada
15,369,2,kept,0.0,rnn,MOT17-02,parada
15,374,2,kept,0.0255675,rnn,MOT17-02,parada
15,377,1,kept,0.1156,rnn,MOT17-02,parada
15,379,1,kept,0.14376,rnn,MOT17-02,parada
15,382,26,kept,0.013387403846153846,rnn,MOT17-02,parada
15,409,1,kept,0.19805,rnn,MOT17-02,parada
15,421,2,switched,0.35472,rnn,MOT17-02,parada
15,425,1,kept,0.33698,rnn,MOT17-02,parada
15,431,1,kept,0.30151,rnn,MOT17-02,parada
15,433,1,kept,0.28783,rnn,MOT17-02,parada
15,438,5,kept,0.27853,rnn,MOT17-02,parada
15,444,157,lost,0.048680564012738854,rnn,MOT17-02,parada
17,133,11,kept,0.53761,rnn,MOT17-02,parada
17,146,1,kept,0.52317,rnn,MOT17-02,parada
17,150,1,kept,0.52317,rnn,MOT17-02,parada
17,154,3,kept,0.4878466666666667,rnn,MOT17-02,parada
17,158,1,kept,0.50872,rnn,MOT17-02,parada
17,166,2,kept,0.5275,rnn,MOT17-02,parada
17,172,1,kept,0.54182,rnn,MOT17-02,parada
17,178,1,kept,0.55614,rnn,MOT17-02,parada
17,206,24,switched,0.03107039166666667,rnn,MOT17-02,parada
17,239,1,kept,0.1324,rnn,MOT17-02,parada
17,242,1,kept,0.092541,rnn,MOT17-02,parada
17,245,1,switched,0.085548,rnn,MOT17-02,parada
17,250,4,kept,0.02517475,rnn,MOT17-02,parada
17,255,1,kept,0.016783,rnn,MOT17-02,parada
17,257,6,switched,0.0069153999999999995,rnn,MOT17-02,parada
17,264,2,kept,0.0,rnn,MOT17-02,parada
17,268,17,kept,0.0,rnn,MOT17-02,parada
17,288,3,kept,0.0,rnn,MOT17-02,parada
17,292,6,kept,0.0,rnn,MOT17-02,parada
17,299,1,kept,0.0,rnn,MOT17-02,parada
17,301,29,kept,0.0,rnn,MOT17-02,parada
17,331,13,kept,0.0,rnn,MOT17-02,parada
17,345,2,kept,0.0,rnn,MOT17-02,parada
17,348,89,switched,0.0,rnn,MOT17-02,parada
17,438,2,kept,0.0,rnn,MOT17-02,parada
17,441,7,kept,0.0,rnn,MOT17-02,parada
17,452,6,kept,0.017093333333333332,rnn,MOT17-02,parada
17,494,98,switched,0.01020335918367347,rnn,MOT17-02,parada
17,599,1,kept,0.14927,rnn,MOT17-02,parada
18,157,1,kept,0.26174,rnn,MOT17-02,parada
18,167,128,switched,0.009367165625,rnn,MOT17-02,parada
18,296,2,kept,0.0,rnn,MOT17-02,parada
18,299,4,kept,0.0,rnn,MOT17-02,parada
18,304,1,kept,0.0,rnn,MOT17-02,parada
18,307,2,kept,0.0,rnn,MOT17-02,parada
18,312,2,kept,0.0,rnn,MOT17-02,parada
18,316,1,kept,0.0,rnn,MOT17-02,parada
18,318,1,kept,0.0,rnn,MOT17-02,parada
18,320,1,kept,0.0,rnn,MOT17-02,parada
18,322,3,kept,0.0,rnn,MOT17-02,parada
18,327,1,kept,0.0,rnn,MOT17-02,parada
18,329,1,kept,0.0,rnn,MOT17-02,parada
18,331,62,switched,0.0,rnn,MOT17-02,parada
18,399,4,kept,0.0,rnn,MOT17-02,parada
18,404,1,kept,0.0,rnn,MOT17-02,parada
18,425,4,switched,0.008013000000000001,rnn,MOT17-02,parada
18,431,1,kept,0.063725,rnn,MOT17-02,parada
18,433,16,kept,0.15829187500000003,rnn,MOT17-02,parada
18,452,1,kept,0.74167,rnn,MOT17-02,parada
18,459,3,switched,0.74167,rnn,MOT17-02,parada
18,488,1,kept,0.0,rnn,MOT17-02,parada
18,490,107,switched,0.04185671962616822,rnn,MOT17-02,parada
18,600,1,lost,0.30988,rnn,MOT17-02,parada
19,109,1,kept,1.0,rnn,MOT17-02,parada
19,153,3,switched,1.0,rnn,MOT17-02,parada
19,157,3,kept,1.0,rnn,MOT17-02,parada
19,165,1,kept,1.0,rnn,MOT17-02,parada
19,169,4,kept,1.0,rnn,MOT17-02,parada
19,174,2,kept,1.0,rnn,MOT17-02,parada
19,177,1,kept,1.0,rnn,MOT17-02,parada
19,179,1,kept,1.0,rnn,MOT17-02,parada
19,181,3,kept,1.0,rnn,MOT17-02,parada
19,185,38,switched,1.0,rnn,MOT17-02,parada
19,437,1,kept,0.61502,rnn,MOT17-02,parada
19,440,1,kept,0.0,rnn,MOT17-02,parada
19,443,1,kept,0.057018,rnn,MOT17-02,parada
19,541,9,lost,0.470358888888889,rnn,MOT17-02,parada
20,21,1,kept,0.51429,rnn,MOT17-02,parada
20,24,2,kept,0.5,rnn,MOT17-02,parada
20,35,1,kept,0.47826,rnn,MOT17-02,parada
20,40,2,kept,0.456525,rnn,MOT17-02,parada
20,43,2,kept,0.44366,rnn,MOT17-02,parada
20,54,1,kept,0.52,rnn,MOT17-02,parada
20,317,2,switched,0.770085,rnn,MOT17-02,parada
20,321,2,lost,0.397775,rnn,MOT17-02,parada
22,33,3,kept,0.5467066666666666,rnn,MOT17-02,parada
22,38,2,lost,0.396225,rnn,MOT17-02,parada
23,101,2,kept,0.25658000000000003,rnn,MOT17-02,parada
23,104,1,kept,0.22917,rnn,MOT17-02,parada
23,106,3,kept,0.19727333333333333,rnn,MOT17-02,parada
23,110,43,switched,0.05183794651162791,rnn,MOT17-02,parada
23,223,21,switched,0.17550914285714286,rnn,MOT17-02,parada
23,421,2,kept,0.45,rnn,MOT17-02,parada
23,424,8,kept,0.44096875,rnn,MOT17-02,parada
23,442,6,kept,0.0,rnn,MOT17-02,parada
26,9,1,kept,0.38889,rnn,MOT17-02,parada
26,11,1,kept,0.33333,rnn,MOT17-02,parada
26,13,4,kept,0.25,rnn,MOT17-02,parada
26,19,9,kept,0.06481522222222223,rnn,MOT17-02,parada
26,29,3,kept,0.0,rnn,MOT17-02,parada
26,33,113,switched,0.3721090265486726,rnn,MOT17-02,parada
26,163,7,kept,1.0,rnn,MOT17-02,parada
26,173,1,kept,1.0,rnn,MOT17-02,parada
26,176,1,kept,1.0,rnn,MOT17-02,parada
26,206,1,kept,1.0,rnn,MOT17-02,parada
26,289,1,kept,1.0,rnn,MOT17-02,parada
26,339,2,kept,0.0,rnn,MOT17-02,parada
26,342,11,kept,0.0,rnn,MOT17-02,parada
26,354,6,kept,0.19444333333333333,rnn,MOT17-02,parada
26,362,1,kept,0.46939,rnn,MOT17-02,parada
26,370,1,kept,0.61224,rnn,MOT17-02,parada
26,372,1,kept,0.4902,rnn,MOT17-02,parada
26,374,2,kept,0.215685,rnn,MOT17-02,parada
26,381,9,kept,0.012578666666666667,rnn,MOT17-02,parada
26,391,13,kept,0.0,rnn,MOT17-02,parada
26,416,1,kept,0.20755,rnn,MOT17-02,parada
26,418,2,kept,0.0,rnn,MOT17-02,parada
26,421,11,kept,0.04795454545454545,rnn,MOT17-02,parada
26,462,3,kept,0.0,rnn,MOT17-02,parada
26,479,1,kept,0.22308,rnn,MOT17-02,parada
26,484,1,kept,0.10435,rnn,MOT17-02,parada
26,486,3,kept,0.12586333333333333,rnn,MOT17-02,parada
31,12,1,kept,0.58537,rnn,MOT17-02,parada
31,17,1,kept,0.68293,rnn,MOT17-02,parada
31,35,8,kept,1.0,rnn,MOT17-02,parada
31,45,3,kept,1.0,rnn,MOT17-02,parada
31,67,1,kept,1.0,rnn,MOT17-02,parada
31,70,2,kept,1.0,rnn,MOT17-02,parada
31,73,3,kept,1.0,rnn,MOT17-02,parada
31,77,2,kept,1.0,rnn,MOT17-02,parada
31,81,1,kept,1.0,rnn,MOT17-02,parada
31,83,4,kept,1.0,rnn,MOT17-02,parada
31,88,3,kept,0.9754233333333334,rnn,MOT17-02,parada
31,92,3,kept,0.8733466666666668,rnn,MOT17-02,parada
31,98,1,kept,0.7098,rnn,MOT17-02,parada
31,100,38,switched,0.3128881578947369,rnn,MOT17-02,parada
31,142,101,switched,0.1513550297029703,rnn,MOT17-02,parada
31,245,17,switched,0.24393517647058824,rnn,MOT17-02,parada
31,266,1,kept,0.0548,rnn,MOT17-02,parada
31,269,1,kept,0.059464,rnn,MOT17-02,parada
31,271,1,kept,0.059464,rnn,MOT17-02,parada
31,273,1,kept,0.056354,rnn,MOT17-02,parada
31,275,8,switched,0.045679874999999995,rnn,MOT17-02,parada
31,285,1,kept,0.043779,rnn,MOT17-02,parada
31,287,1,kept,0.045699,rnn,MOT17-02,parada
31,290,1,switched,0.043395,rnn,MOT17-02,parada
31,292,1,kept,0.049539,rnn,MOT17-02,parada
31,294,3,kept,0.049539,rnn,MOT17-02,parada
31,304,1,kept,0.050967,rnn,MOT17-02,parada
31,307,5,kept,0.050153399999999994,rnn,MOT17-02,parada
31,318,2,kept,0.038155999999999995,rnn,MOT17-02,parada
31,325,3,kept,0.030134000000000005,rnn,MOT17-02,parada
31,331,1,kept,0.030134,rnn,MOT17-02,parada
31,336,1,kept,0.027158,rnn,MOT17-02,parada
31,338,19,kept,0.00013706315789473685,rnn,MOT17-02,parada
31,358,18,kept,0.004845088888888889,rnn,MOT17-02,parada
31,377,1,kept,0.0059524,rnn,MOT17-02,parada
31,379,222,lost,0.017453609009009014,rnn,MOT17-02,parada
36,29,1,kept,0.25203,rnn,MOT17-02,parada
36,73,1,kept,0.0,rnn,MOT17-02,parada
36,79,14,kept,0.0,rnn,MOT17-02,parada
36,94,3,kept,0.0,rnn,MOT17-02,parada
36,99,1,kept,0.0,rnn,MOT17-02,parada
36,101,2,kept,0.0,rnn,MOT17-02,parada
36,104,48,switched,0.0,rnn,MOT17-02,parada
36,335,1,kept,0.33766,rnn,MOT17-02,parada
36,337,2,kept,0.27106,rnn,MOT17-02,parada
36,340,91,switched,0.012099505494505496,rnn,MOT17-02,parada
36,434,8,kept,0.0366425,rnn,MOT17-02,parada
36,456,1,kept,0.53175,rnn,MOT17-02,parada
36,485,1,kept,0.57949,rnn,MOT17-02,parada
39,32,1,kept,0.13054,rnn,MOT17-02,parada
39,34,1,switched,0.10723,rnn,MOT17-02,parada
39,52,3,kept,0.21445,rnn,MOT17-02,parada
39,56,2,switched,0.27836000000000005,rnn,MOT17-02,parada
39,78,2,kept,0.49553,rnn,MOT17-02,parada
39,82,8,kept,0.3837375,rnn,MOT17-02,parada
39,92,1,kept,0.36208,rnn,MOT17-02,parada
39,95,1,kept,0.32828,rnn,MOT17-02,parada
39,113,20,switched,0.07289989999999999,rnn,MOT17-02,parada
39,144,2,switched,0.6572849999999999,rnn,MOT17-02,parada
39,176,1,kept,0.42424,rnn,MOT17-02,parada
39,178,7,kept,0.10216000000000001,rnn,MOT17-02,parada
39,188,1,kept,0.36585,rnn,MOT17-02,parada
39,190,1,kept,0.43902,rnn,MOT17-02,parada
39,230,1,kept,0.1087,rnn,MOT17-02,parada
39,232,33,switched,0.03385636363636364,rnn,MOT17-02,parada
39,298,11,kept,0.058710454545454545,rnn,MOT17-02,parada
39,376,1,lost,0.46809,rnn,MOT17-02,parada
68,26,7,kept,0.5179357142857144,rnn,MOT17-02,parada
68,37,25,kept,0.4061032,rnn,MOT17-02,parada
68,63,2,kept,0.352275,rnn,MOT17-02,parada
68,66,64,switched,0.36825312499999996,rnn,MOT17-02,parada
68,133,1,kept,0.14177,rnn,MOT17-02,parada
68,135,4,kept,0.162605,rnn,MOT17-02,parada
68,141,1,kept,0.18939,rnn,MOT17-02,parada
68,144,4,kept,0.18939,rnn,MOT17-02,parada
68,156,1,kept,0.10606,rnn,MOT17-02,parada
68,158,1,kept,0.058442,rnn,MOT17-02,parada
68,160,1,switched,0.022727,rnn,MOT17-02,parada
68,165,1,kept,0.0,rnn,MOT17-02,parada
68,168,1,kept,0.0,rnn,MOT17-02,parada
68,171,1,kept,0.0,rnn,MOT17-02,parada
68,173,50,switched,0.5058229999999999,rnn,MOT17-02,parada
68,225,5,kept,0.60195,rnn,MOT17-02,parada
68,231,1,kept,0.59091,rnn,MOT17-02,parada
68,236,1,switched,0.56061,rnn,MOT17-02,parada
68,238,2,kept,0.549245,rnn,MOT17-02,parada
68,241,6,switched,0.5376983333333333,rnn,MOT17-02,parada
68,248,2,kept,0.54329,rnn,MOT17-02,parada
68,254,1,kept,0.53571,rnn,MOT17-02,parada
68,261,2,kept,0.52489,rnn,MOT17-02,parada
68,269,1,kept,0.4697,rnn,MOT17-02,parada
68,271,1,kept,0.4697,rnn,MOT17-02,parada
68,287,1,switched,0.40152,rnn,MOT17-02,parada
68,291,1,kept,0.39719,rnn,MOT17-02,parada
68,297,1,kept,0.38312,rnn,MOT17-02,parada
68,299,2,kept,0.36039,rnn,MOT17-02,parada
68,303,1,kept,0.36039,rnn,MOT17-02,parada
68,306,1,kept,0.33766,rnn,MOT17-02,parada
68,310,4,kept,0.32062,rnn,MOT17-02,parada
68,315,1,lost,0.31494,rnn,MOT17-02,parada
69,7,2,kept,0.32436,rnn,MOT17-02,parada
69,11,1,kept,0.34517,rnn,MOT17-02,parada
69,14,1,kept,0.32191,rnn,MOT17-02,parada
69,17,1,kept,0.34517,rnn,MOT17-02,parada
69,19,1,kept,0.34517,rnn,MOT17-02,parada
69,21,1,kept,0.34027,rnn,MOT17-02,parada
69,23,2,kept,0.3519,rnn,MOT17-02,parada
69,26,1,kept,0.36353,rnn,MOT17-02,parada
69,29,1,kept,0.35863,rnn,MOT17-02,parada
69,31,2,kept,0.37699,rnn,MOT17-02,parada
69,73,7,kept,0.31911285714285714,rnn,MOT17-02,parada
69,85,1,kept,0.27907,rnn,MOT17-02,parada
69,87,1,kept,0.29376,rnn,MOT17-02,parada
69,89,1,kept,0.29376,rnn,MOT17-02,parada
69,91,1,kept,0.30845,rnn,MOT17-02,parada
69,93,1,kept,0.30845,rnn,MOT17-02,parada
69,95,1,kept,0.28274,rnn,MOT17-02,parada
69,97,1,kept,0.28274,rnn,MOT17-02,parada
69,101,2,kept,0.27601,rnn,MOT17-02,parada
69,104,1,kept,0.27907,rnn,MOT17-02,parada
69,108,2,kept,0.21542,rnn,MOT17-02,parada
69,111,1,kept,0.20196,rnn,MOT17-02,parada
69,113,3,kept,0.22440000000000002,rnn,MOT17-02,parada
69,117,1,kept,0.25581,rnn,MOT17-02,parada
69,120,2,kept,0.26316,rnn,MOT17-02,parada
69,123,1,kept,0.23256,rnn,MOT17-02,parada
69,125,1,kept,0.20808,rnn,MOT17-02,parada
69,133,1,kept,0.11016,rnn,MOT17-02,parada
69,135,1,switched,0.12118,rnn,MOT17-02,parada
69,141,1,kept,0.15422,rnn,MOT17-02,parada
69,144,2,kept,0.15422,rnn,MOT17-02,parada
69,149,1,kept,0.15422,rnn,MOT17-02,parada
69,155,1,kept,0.088127,rnn,MOT17-02,parada
69,160,3,kept,0.0,rnn,MOT17-02,parada
69,164,1,kept,0.0,rnn,MOT17-02,parada
69,166,2,kept,0.0,rnn,MOT17-02,parada
69,169,4,kept,0.0,rnn,MOT17-02,parada
69,237,1,kept,0.39045,rnn,MOT17-02,parada
69,240,1,kept,0.37576,rnn,MOT17-02,parada
69,263,1,switched,0.36353,rnn,MOT17-02,parada
69,278,1,kept,0.28397,rnn,MOT17-02,parada
69,280,1,lost,0.28397,rnn,MOT17-02,parada
70,58,57,kept,0.029253122807017543,rnn,MOT17-02,parada
70,116,2,switched,0.16607,rnn,MOT17-02,parada
70,122,1,switched,0.23662,rnn,MOT17-02,parada
70,134,73,lost,0.012050095890410957,rnn,MOT17-02,parada
40,128,1,kept,0.10274,rnn,MOT17-02,parada
40,130,80,switched,0.042729705,rnn,MOT17-02,parada
40,211,17,switched,0.2284681,rnn,MOT17-02,parada
40,241,1,kept,0.33989,rnn,MOT17-02,parada
40,243,2,kept,0.33691,rnn,MOT17-02,parada
40,246,6,switched,0.32517500000000005,rnn,MOT17-02,parada
40,253,2,switched,0.425045,rnn,MOT17-02,parada
40,256,18,kept,0.38160333333333335,rnn,MOT17-02,parada
40,277,1,switched,0.081633,rnn,MOT17-02,parada
40,306,10,kept,0.1208333,rnn,MOT17-02,parada
40,317,3,kept,0.0,rnn,MOT17-02,parada
40,321,13,kept,0.004807692307692308,rnn,MOT17-02,parada
40,335,1,kept,0.020833,rnn,MOT17-02,parada
40,337,2,kept,0.0,rnn,MOT17-02,parada
40,343,3,kept,0.0,rnn,MOT17-02,parada
40,350,8,kept,0.0,rnn,MOT17-02,parada
40,360,10,kept,0.0681818,rnn,MOT17-02,parada
40,372,1,kept,0.16279,rnn,MOT17-02,parada
40,375,2,kept,0.232555,rnn,MOT17-02,parada
40,379,4,switched,0.15040775,rnn,MOT17-02,parada
40,384,109,switched,0.044823211009174316,rnn,MOT17-02,parada
27,55,9,kept,0.0,rnn,MOT17-02,parada
27,65,3,switched,0.0,rnn,MOT17-02,parada
27,69,1,kept,0.014103,rnn,MOT17-02,parada
27,78,1,kept,0.32885,rnn,MOT17-02,parada
27,358,1,kept,0.0,rnn,MOT17-02,parada
27,361,7,kept,0.0,rnn,MOT17-02,parada
27,369,5,kept,0.0,rnn,MOT17-02,parada
27,375,1,kept,0.32432,rnn,MOT17-02,parada
27,387,1,kept,0.055556,rnn,MOT17-02,parada
27,389,1,kept,0.0,rnn,MOT17-02,parada
27,391,1,kept,0.0,rnn,MOT17-02,parada
27,393,28,kept,0.0,rnn,MOT17-02,parada
27,422,1,kept,0.0,rnn,MOT17-02,parada
27,425,40,kept,0.08797569999999999,rnn,MOT17-02,parada
27,474,8,kept,0.09585137499999999,rnn,MOT17-02,parada
27,484,117,lost,0.02573403162393163,rnn,MOT17-02,parada
57,62,7,kept,0.0,rnn,MOT17-02,parada
57,71,1,kept,0.0,rnn,MOT17-02,parada
57,73,162,switched,0.06832435185185186,rnn,MOT17-02,parada
57,255,4,kept,1.0,rnn,MOT17-02,parada
57,265,1,switched,1.0,rnn,MOT17-02,parada
57,270,1,kept,1.0,rnn,MOT17-02,parada
57,273,3,kept,1.0,rnn,MOT17-02,parada
57,281,1,kept,0.8658,rnn,MOT17-02,parada
57,288,1,kept,0.68695,rnn,MOT17-02,parada
57,365,1,kept,0.28571,rnn,MOT17-02,parada
57,370,1,kept,0.047619,rnn,MOT17-02,parada
57,372,75,switched,0.0756224,rnn,MOT17-02,parada
57,449,21,kept,0.009824285714285714,rnn,MOT17-02,parada
57,471,37,lost,0.3840678918918919,rnn,MOT17-02,parada
59,60,68,switched,0.01,rnn,MOT17-02,parada
59,130,1,kept,0.52,rnn,MOT17-02,parada
59,133,1,kept,0.6,rnn,MOT17-02,parada
59,159,1,kept,0.0,rnn,MOT17-02,parada
59,267,1,kept,0.51329,rnn,MOT17-02,parada
59,272,6,switched,0.383245,rnn,MOT17-02,parada
59,279,2,kept,0.26757,rnn,MOT17-02,parada
59,283,91,lost,0.08927892307692309,rnn,MOT17-02,parada
61,55,1,kept,0.0,rnn,MOT17-02,parada
61,57,7,kept,0.0,rnn,MOT17-02,parada
61,68,23,kept,0.0,rnn,MOT17-02,parada
61,92,130,switched,0.01411893692307692,rnn,MOT17-02,parada
61,226,14,switched,0.2694235714285715,rnn,MOT17-02,parada
61,262,3,switched,0.25953,rnn,MOT17-02,parada
61,266,1,switched,0.25819,rnn,MOT17-02,parada
61,269,1,kept,0.21873,rnn,MOT17-02,parada
61,271,2,kept,0.19431500000000002,rnn,MOT17-02,parada
61,276,5,kept,0.09591960000000001,rnn,MOT17-02,parada
61,282,6,kept,0.09420250000000001,rnn,MOT17-02,parada
61,289,110,switched,0.08445651818181817,rnn,MOT17-02,parada
61,404,68,switched,0.006691176470588235,rnn,MOT17-02,parada
61,505,1,kept,0.226,rnn,MOT17-02,parada
61,510,5,kept,0.2736,rnn,MOT17-02,parada
61,516,4,kept,0.248,rnn,MOT17-02,parada
61,521,80,lost,0.11863641249999998,rnn,MOT17-02,parada
37,163,1,kept,0.65534,rnn,MOT17-02,parada
37,166,3,kept,0.3550966666666666,rnn,MOT17-02,parada
37,170,2,kept,0.34717,rnn,MOT17-02,parada
37,180,1,kept,0.61807,rnn,MOT17-02,parada
37,190,1,kept,0.63159,rnn,MOT17-02,parada
37,207,16,kept,0.220454875,rnn,MOT17-02,parada
37,224,93,switched,0.19512625806451614,rnn,MOT17-02,parada
37,332,5,lost,0.621354,rnn,MOT17-02,parada
29,68,1,kept,0.66667,rnn,MOT17-02,parada
29,70,3,switched,0.8064533333333334,rnn,MOT17-02,parada
29,141,1,kept,1.0,rnn,MOT17-02,parada
29,145,1,kept,1.0,rnn,MOT17-02,parada
29,157,1,kept,1.0,rnn,MOT17-02,parada
29,164,1,kept,1.0,rnn,MOT17-02,parada
29,178,1,kept,1.0,rnn,MOT17-02,parada
29,181,1,kept,1.0,rnn,MOT17-02,parada
29,183,2,kept,1.0,rnn,MOT17-02,parada
29,188,2,switched,1.0,rnn,MOT17-02,parada
29,199,2,kept,1.0,rnn,MOT17-02,parada
29,202,1,kept,0.98,rnn,MOT17-02,parada
29,212,1,kept,0.75,rnn,MOT17-02,parada
29,220,1,kept,0.56522,rnn,MOT17-02,parada
29,223,1,kept,0.46667,rnn,MOT17-02,parada
29,226,1,kept,0.3913,rnn,MOT17-02,parada
29,228,1,kept,0.34043,rnn,MOT17-02,parada
29,230,4,kept,0.2828,rnn,MOT17-02,parada
29,235,38,kept,0.2672244736842105,rnn,MOT17-02,parada
29,274,1,kept,0.5,rnn,MOT17-02,parada
29,276,1,kept,0.5,rnn,MOT17-02,parada
29,284,1,kept,0.58333,rnn,MOT17-02,parada
29,303,1,kept,0.65957,rnn,MOT17-02,parada
29,306,1,kept,0.65957,rnn,MOT17-02,parada
29,312,3,kept,0.65957,rnn,MOT17-02,parada
29,316,2,kept,0.65957,rnn,MOT17-02,parada
29,320,5,kept,0.65957,rnn,MOT17-02,parada
29,328,2,kept,0.67391,rnn,MOT17-02,parada
29,334,2,kept,0.67391,rnn,MOT17-02,parada
29,337,1,kept,0.67391,rnn,MOT17-02,parada
29,340,1,kept,0.0,rnn,MOT17-02,parada
29,343,3,kept,0.0,rnn,MOT17-02,parada
29,348,5,kept,0.0,rnn,MOT17-02,parada
29,355,16,kept,0.0,rnn,MOT17-02,parada
29,376,1,kept,0.62222,rnn,MOT17-02,parada
29,383,1,kept,0.31111,rnn,MOT17-02,parada
29,387,24,kept,0.0,rnn,MOT17-02,parada
29,415,1,kept,0.18182,rnn,MOT17-02,parada
29,418,1,kept,0.0,rnn,MOT17-02,parada
29,421,27,kept,0.12022351851851852,rnn,MOT17-02,parada
29,460,1,kept,0.0,rnn,MOT17-02,parada
29,462,13,switched,0.07347769230769231,rnn,MOT17-02,parada
29,479,6,kept,0.03633433333333334,rnn,MOT17-02,parada
71,105,1,kept,0.21694,rnn,MOT17-02,parada
71,107,44,lost,0.08088353409090908,rnn,MOT17-02,parada
62,155,1,kept,0.29032,rnn,MOT17-02,parada
62,157,113,switched,0.09748679646017702,rnn,MOT17-02,parada
62,277,1,kept,0.5,rnn,MOT17-02,parada
62,293,2,kept,0.613635,rnn,MOT17-02,parada
62,360,27,kept,0.0,rnn,MOT17-02,parada
62,388,2,kept,0.003017235,rnn,MOT17-02,parada
62,394,1,switched,0.42659,rnn,MOT17-02,parada
62,401,14,lost,0.0,rnn,MOT17-02,parada
73,160,2,kept,0.0,rnn,MOT17-02,parada
73,163,4,kept,0.0,rnn,MOT17-02,parada
73,168,65,lost,0.02487092769230769,rnn,MOT17-02,parada
43,222,4,kept,0.0143145,rnn,MOT17-02,parada
43,235,17,switched,0.04642582352941177,rnn,MOT17-02,parada
43,255,1,kept,0.53333,rnn,MOT17-02,parada
43,257,1,kept,0.76587,rnn,MOT17-02,parada
43,261,2,switched,0.881745,rnn,MOT17-02,parada
43,379,25,kept,0.04358732,rnn,MOT17-02,parada
43,406,83,switched,0.06935309879518073,rnn,MOT17-02,parada
43,490,1,kept,0.58824,rnn,MOT17-02,parada
43,493,1,kept,0.60606,rnn,MOT17-02,parada
43,531,1,kept,0.58065,rnn,MOT17-02,parada
43,533,3,kept,0.43111666666666665,rnn,MOT17-02,parada
43,537,21,kept,0.15344980952380954,rnn,MOT17-02,parada
58,152,1,kept,0.0,rnn,MOT17-02,parada
58,154,2,kept,0.0,rnn,MOT17-02,parada
58,157,50,switched,0.039783660000000005,rnn,MOT17-02,parada
58,240,3,switched,1.0,rnn,MOT17-02,parada
58,244,4,kept,1.0,rnn,MOT17-02,parada
58,249,6,kept,1.0,rnn,MOT17-02,parada
58,256,1,kept,1.0,rnn,MOT17-02,parada
58,258,4,kept,1.0,rnn,MOT17-02,parada
58,263,2,kept,1.0,rnn,MOT17-02,parada
58,362,3,kept,0.0,rnn,MOT17-02,parada
58,366,2,kept,0.0,rnn,MOT17-02,parada
58,369,24,switched,0.010965,rnn,MOT17-02,parada
58,403,40,lost,0.0,rnn,MOT17-02,parada
67,207,1,kept,0.0,rnn,MOT17-02,parada
67,209,107,switched,0.002097308411214953,rnn,MOT17-02,parada
67,318,4,kept,0.025,rnn,MOT17-02,parada
67,324,100,switched,0.0,rnn,MOT17-02,parada
67,425,3,kept,0.0,rnn,MOT17-02,parada
67,429,38,switched,0.0040249831578947366,rnn,MOT17-02,parada
67,471,2,kept,0.0,rnn,MOT17-02,parada
67,474,1,kept,0.034483,rnn,MOT17-02,parada
67,476,2,kept,0.22215000000000001,rnn,MOT17-02,parada
67,479,16,lost,0.282796875,rnn,MOT17-02,parada
28,170,3,kept,0.16087666666666667,rnn,MOT17-02,parada
28,292,3,kept,0.6830633333333335,rnn,MOT17-02,parada
28,297,3,kept,0.6081266666666667,rnn,MOT17-02,parada
28,301,1,kept,0.56989,rnn,MOT17-02,parada
28,308,4,kept,0.4601975,rnn,MOT17-02,parada
28,315,2,kept,0.389165,rnn,MOT17-02,parada
28,318,2,kept,0.36075500000000005,rnn,MOT17-02,parada
28,322,1,kept,0.31814,rnn,MOT17-02,parada
28,325,3,kept,0.28973,rnn,MOT17-02,parada
28,330,5,kept,0.27268400000000004,rnn,MOT17-02,parada
28,336,12,kept,0.08940116666666666,rnn,MOT17-02,parada
28,349,11,kept,0.0,rnn,MOT17-02,parada
28,361,15,kept,0.025647866666666665,rnn,MOT17-02,parada
28,377,6,kept,0.10417333333333333,rnn,MOT17-02,parada
28,384,12,switched,0.0,rnn,MOT17-02,parada
28,397,41,switched,0.0075934999999999996,rnn,MOT17-02,parada
28,440,1,kept,0.025747,rnn,MOT17-02,parada
28,448,153,lost,0.06178660653594772,rnn,MOT17-02,parada
60,242,13,switched,0.01370472153846154,rnn,MOT17-02,parada
60,259,2,switched,0.0057471,rnn,MOT17-02,parada
60,262,9,switched,0.060184244444444444,rnn,MOT17-02,parada
60,373,155,switched,0.04543877419354839,rnn,MOT17-02,parada
60,529,5,kept,0.176614,rnn,MOT17-02,parada
60,541,1,kept,0.19709,rnn,MOT17-02,parada
60,545,2,kept,0.21837,rnn,MOT17-02,parada
60,548,4,kept,0.22196000000000002,rnn,MOT17-02,parada
60,555,1,switched,0.243,rnn,MOT17-02,parada
60,558,1,kept,0.24828,rnn,MOT17-02,parada
60,564,3,kept,0.25506999999999996,rnn,MOT17-02,parada
60,571,1,kept,0.22311,rnn,MOT17-02,parada
60,573,2,kept,0.21264,rnn,MOT17-02,parada
60,584,1,kept,0.15556,rnn,MOT17-02,parada
60,586,1,kept,0.15217,rnn,MOT17-02,parada
60,589,1,kept,0.14556,rnn,MOT17-02,parada
60,593,2,kept,0.16595500000000002,rnn,MOT17-02,parada
60,599,2,lost,0.17389,rnn,MOT17-02,parada
41,230,3,switched,0.12254999999999999,rnn,MOT17-02,parada
41,234,30,switched,0.33217929999999996,rnn,MOT17-02,parada
41,266,2,kept,0.68309,rnn,MOT17-02,parada
41,272,15,switched,0.15158566666666667,rnn,MOT17-02,parada
41,289,2,kept,0.283835,rnn,MOT17-02,parada
41,292,77,switched,0.10485827272727273,rnn,MOT17-02,parada
41,370,34,switched,0.04691538235294118,rnn,MOT17-02,parada
41,415,1,kept,0.14014,rnn,MOT17-02,parada
41,443,7,switched,0.0,rnn,MOT17-02,parada
41,459,1,kept,0.87097,rnn,MOT17-02,parada
41,462,22,switched,0.27819109090909094,rnn,MOT17-02,parada
41,490,24,switched,0.07252807958333334,rnn,MOT17-02,parada
41,515,1,kept,0.28571,rnn,MOT17-02,parada
41,518,1,kept,0.35897,rnn,MOT17-02,parada
41,521,1,kept,0.44444,rnn,MOT17-02,parada
41,523,10,kept,0.2350869,rnn,MOT17-02,parada
41,534,6,kept,0.37991166666666665,rnn,MOT17-02,parada
41,560,1,kept,0.5,rnn,MOT17-02,parada
41,564,2,kept,0.642285,rnn,MOT17-02,parada
41,572,9,lost,0.06339198888888889,rnn,MOT17-02,parada
42,258,71,switched,0.12972698591549298,rnn,MOT17-02,parada
42,330,1,kept,0.25589,rnn,MOT17-02,parada
42,335,16,kept,0.37888000000000005,rnn,MOT17-02,parada
42,359,1,kept,0.78355,rnn,MOT17-02,parada
42,364,30,kept,0.1640534,rnn,MOT17-02,parada
42,396,8,switched,0.0550735,rnn,MOT17-02,parada
42,408,2,switched,0.37271,rnn,MOT17-02,parada
42,420,3,switched,0.35502999999999996,rnn,MOT17-02,parada
42,425,1,kept,0.29882,rnn,MOT17-02,parada
42,444,15,switched,0.0012871266666666667,rnn,MOT17-02,parada
42,463,8,switched,0.279698125,rnn,MOT17-02,parada
42,473,17,switched,0.12533302941176472,rnn,MOT17-02,parada
42,498,3,kept,0.15564266666666668,rnn,MOT17-02,parada
42,504,2,kept,0.0362195,rnn,MOT17-02,parada
42,507,16,switched,0.006655875,rnn,MOT17-02,parada
42,524,46,lost,0.0002545826086956522,rnn,MOT17-02,parada
54,471,11,kept,0.18797272727272726,rnn,MOT17-02,parada
54,564,16,lost,0.355114375,rnn,MOT17-02,parada
44,282,2,kept,0.521855,rnn,MOT17-02,parada
44,285,5,kept,0.41858000000000006,rnn,MOT17-02,parada
44,291,1,kept,0.31148,rnn,MOT17-02,parada
44,293,1,kept,0.23497,rnn,MOT17-02,parada
44,303,7,kept,0.23301857142857144,rnn,MOT17-02,parada
44,312,1,kept,0.2418,rnn,MOT17-02,parada
44,317,1,kept,0.2418,rnn,MOT17-02,parada
44,327,28,switched,0.19528821428571427,rnn,MOT17-02,parada
44,370,1,kept,0.27967,rnn,MOT17-02,parada
44,376,1,kept,0.31189,rnn,MOT17-02,parada
44,388,1,kept,0.31505,rnn,MOT17-02,parada
44,390,1,kept,0.30317,rnn,MOT17-02,parada
44,395,4,kept,0.19703,rnn,MOT17-02,parada
44,401,2,kept,0.0,rnn,MOT17-02,parada
44,404,75,switched,0.05338276,rnn,MOT17-02,parada
44,484,32,switched,0.0021551875,rnn,MOT17-02,parada
44,517,1,kept,0.31034,rnn,MOT17-02,parada
38,284,6,kept,0.07068201666666667,rnn,MOT17-02,parada
38,328,34,switched,0.0723375294117647,rnn,MOT17-02,parada
38,363,1,kept,0.025,rnn,MOT17-02,parada
38,368,14,kept,0.052631357142857146,rnn,MOT17-02,parada
38,438,2,kept,0.096722,rnn,MOT17-02,parada
38,442,2,kept,0.0,rnn,MOT17-02,parada
38,445,10,kept,0.0,rnn,MOT17-02,parada
38,456,1,kept,0.0,rnn,MOT17-02,parada
38,466,14,kept,0.05373178571428572,rnn,MOT17-02,parada
38,492,2,kept,0.090911,rnn,MOT17-02,parada
38,495,16,switched,0.152615625,rnn,MOT17-02,parada
32,442,1,kept,1.0,rnn,MOT17-02,parada
32,445,9,switched,0.08410333333333334,rnn,MOT17-02,parada
32,477,2,kept,0.845145,rnn,MOT17-02,parada
32,486,23,kept,0.15492434782608694,rnn,MOT17-02,parada
32,511,2,kept,0.39005999999999996,rnn,MOT17-02,parada
76,376,10,kept,0.0,rnn,MOT17-02,parada
76,387,1,kept,0.0,rnn,MOT17-02,parada
76,389,48,switched,0.0,rnn,MOT17-02,parada
76,438,1,kept,0.0,rnn,MOT17-02,parada
76,440,7,kept,0.0,rnn,MOT17-02,parada
76,448,9,switched,0.0,rnn,MOT17-02,parada
76,459,1,kept,0.0,rnn,MOT17-02,parada
76,461,5,lost,0.010561200000000001,rnn,MOT17-02,parada
56,333,1,kept,0.55556,rnn,MOT17-02,parada
56,335,1,kept,0.58824,rnn,MOT17-02,parada
56,346,1,kept,0.61111,rnn,MOT17-02,parada
56,348,1,kept,0.61111,rnn,MOT17-02,parada
56,359,26,kept,0.0,rnn,MOT17-02,parada
56,386,76,switched,0.00037593947368421056,rnn,MOT17-02,parada
56,466,16,kept,0.0155575,rnn,MOT17-02,parada
56,497,64,switched,0.21784234375,rnn,MOT17-02,parada
56,562,3,kept,0.30435,rnn,MOT17-02,parada
56,566,11,kept,0.32371818181818185,rnn,MOT17-02,parada
56,584,1,kept,0.46872,rnn,MOT17-02,parada
56,586,1,kept,0.46872,rnn,MOT17-02,parada
56,588,2,kept,0.46872,rnn,MOT17-02,parada
56,592,4,kept,0.42308,rnn,MOT17-02,parada
56,599,2,lost,0.42308,rnn,MOT17-02,parada
33,361,1,kept,0.56637,rnn,MOT17-02,parada
33,377,2,kept,0.412045,rnn,MOT17-02,parada
33,380,1,kept,0.45103,rnn,MOT17-02,parada
33,451,25,switched,0.1709868,rnn,MOT17-02,parada
33,548,3,kept,0.31003000000000003,rnn,MOT17-02,parada
33,552,3,kept,0.18358,rnn,MOT17-02,parada
33,556,4,kept,0.27418750000000003,rnn,MOT17-02,parada
33,569,5,switched,0.0979638,rnn,MOT17-02,parada
33,581,1,kept,0.26046,rnn,MOT17-02,parada
48,390,1,kept,0.38462,rnn,MOT17-02,parada
48,392,50,switched,0.05449260000000001,rnn,MOT17-02,parada
48,443,1,kept,0.17879,rnn,MOT17-02,parada
48,445,25,switched,0.06260296,rnn,MOT17-02,parada
34,452,5,kept,0.0,rnn,MOT17-02,parada
34,555,1,kept,1.0,rnn,MOT17-02,parada
34,560,9,kept,1.0,rnn,MOT17-02,parada
35,456,4,kept,0.0,rnn,MOT17-02,parada
49,388,7,kept,0.14857142857142858,rnn,MOT17-02,parada
49,396,38,switched,0.10736842105263159,rnn,MOT17-02,parada
49,436,37,switched,0.031931675675675675,rnn,MOT17-02,parada
49,482,15,kept,1.0,rnn,MOT17-02,parada
49,577,1,switched,1.0,rnn,MOT17-02,parada
16,437,1,switched,0.74508,rnn,MOT17-02,parada
16,441,2,kept,0.732215,rnn,MOT17-02,parada
16,446,1,kept,0.74568,rnn,MOT17-02,parada
16,454,1,kept,0.72262,rnn,MOT17-02,parada
16,456,5,kept,0.7225940000000001,rnn,MOT17-02,parada
16,462,1,kept,0.73755,rnn,MOT17-02,parada
16,464,1,kept,0.74066,rnn,MOT17-02,parada
16,467,1,switched,0.73755,rnn,MOT17-02,parada
16,470,4,kept,0.6795175,rnn,MOT17-02,parada
16,475,13,lost,0.3422123076923077,rnn,MOT17-02,parada
64,542,2,kept,0.29004,rnn,MOT17-02,parada
64,548,2,kept,0.314935,rnn,MOT17-02,parada
64,551,1,kept,0.36797,rnn,MOT17-02,parada
64,553,3,kept,0.3932166666666667,rnn,MOT17-02,parada
64,557,2,kept,0.40909,rnn,MOT17-02,parada
64,563,2,kept,0.45455,rnn,MOT17-02,parada
64,567,3,kept,0.46392666666666665,rnn,MOT17-02,parada
64,572,1,kept,0.51515,rnn,MOT17-02,parada
64,576,9,kept,0.5471377777777778,rnn,MOT17-02,parada
64,586,9,switched,0.5678211111111111,rnn,MOT17-02,parada
64,597,4,lost,0.5248925,rnn,MOT17-02,parada
78,495,12,switched,0.016154733333333334,rnn,MOT17-02,parada
78,508,8,lost,0.00084683125,rnn,MOT17-02,parada
79,552,2,kept,0.560605,rnn,MOT17-02,parada
79,555,27,lost,0.003367,rnn,MOT17-02,parada
55,573,1,kept,0.55898,rnn,MOT17-02,parada
55,577,8,lost,0.18224125000000002,rnn,MOT17-02,parada
2,610,71,lost,0.06596702535211267,rnn,MOT17-04,parada
3,204,2,kept,0.41491,rnn,MOT17-04,parada
3,207,1,kept,0.41365,rnn,MOT17-04,parada
3,209,2,kept,0.40097000000000005,rnn,MOT17-04,parada
3,225,2,kept,0.313825,rnn,MOT17-04,parada
3,228,2,kept,0.319275,rnn,MOT17-04,parada
3,233,3,kept,0.47927000000000003,rnn,MOT17-04,parada
5,115,2,kept,0.58755,rnn,MOT17-04,parada
5,141,1,kept,0.59851,rnn,MOT17-04,parada
5,150,1,kept,0.61314,rnn,MOT17-04,parada
5,166,1,kept,0.63082,rnn,MOT17-04,parada
5,173,3,kept,0.6165666666666666,rnn,MOT17-04,parada
5,186,1,kept,0.6087,rnn,MOT17-04,parada
5,265,1,kept,0.61455,rnn,MOT17-04,parada
5,284,1,kept,0.60902,rnn,MOT17-04,parada
5,290,1,kept,0.61654,rnn,MOT17-04,parada
5,292,1,kept,0.61798,rnn,MOT17-04,parada
5,342,1,kept,0.6037,rnn,MOT17-04,parada
5,362,1,kept,0.60687,rnn,MOT17-04,parada
5,424,1,kept,0.60078,rnn,MOT17-04,parada
5,430,2,kept,0.607,rnn,MOT17-04,parada
5,440,2,kept,0.6049150000000001,rnn,MOT17-04,parada
5,443,1,kept,0.60606,rnn,MOT17-04,parada
5,479,1,kept,0.58846,rnn,MOT17-04,parada
5,490,1,kept,0.56972,rnn,MOT17-04,parada
5,493,1,kept,0.56972,rnn,MOT17-04,parada
5,495,1,kept,0.56972,rnn,MOT17-04,parada
5,497,2,kept,0.56972,rnn,MOT17-04,parada
5,506,2,kept,0.5823499999999999,rnn,MOT17-04,parada
5,515,2,kept,0.58915,rnn,MOT17-04,parada
5,518,1,kept,0.58755,rnn,MOT17-04,parada
5,522,1,kept,0.58527,rnn,MOT17-04,parada
5,527,2,kept,0.58366,rnn,MOT17-04,parada
5,531,1,kept,0.57977,rnn,MOT17-04,parada
5,536,2,kept,0.57812,rnn,MOT17-04,parada
5,540,2,kept,0.575635,rnn,MOT17-04,parada
5,543,50,switched,0.5876917999999999,rnn,MOT17-04,parada
5,594,36,switched,0.5675075,rnn,MOT17-04,parada
5,640,1,kept,0.59231,rnn,MOT17-04,parada
5,643,2,kept,0.59231,rnn,MOT17-04,parada
5,647,2,kept,0.59073,rnn,MOT17-04,parada
5,670,1,kept,0.58846,rnn,MOT17-04,parada
5,682,2,kept,0.6050150000000001,rnn,MOT17-04,parada
5,688,1,kept,0.59696,rnn,MOT17-04,parada
5,699,2,kept,0.578945,rnn,MOT17-04,parada
5,706,1,kept,0.57647,rnn,MOT17-04,parada
5,708,1,kept,0.57647,rnn,MOT17-04,parada
5,714,1,kept,0.57647,rnn,MOT17-04,parada
5,717,4,kept,0.5735399999999999,rnn,MOT17-04,parada
5,726,87,switched,0.5526022988505747,rnn,MOT17-04,parada
5,822,18,kept,0.5747550000000001,rnn,MOT17-04,parada
5,842,3,kept,0.5668,rnn,MOT17-04,parada
5,846,4,kept,0.5698375,rnn,MOT17-04,parada
5,851,3,kept,0.57085,rnn,MOT17-04,parada
5,858,5,kept,0.570966,rnn,MOT17-04,parada
5,864,3,kept,0.57317,rnn,MOT17-04,parada
5,868,4,kept,0.57724,rnn,MOT17-04,parada
5,876,10,kept,0.588618,rnn,MOT17-04,parada
5,895,1,kept,0.57959,rnn,MOT17-04,parada
5,897,1,kept,0.57551,rnn,MOT17-04,parada
5,900,46,switched,0.5588347826086958,rnn,MOT17-04,parada
5,950,2,kept,0.582355,rnn,MOT17-04,parada
5,953,3,kept,0.58203,rnn,MOT17-04,parada
5,975,2,kept,0.58039,rnn,MOT17-04,parada
5,980,1,kept,0.58039,rnn,MOT17-04,parada
5,985,54,switched,0.5624544444444445,rnn,MOT17-04,parada
60,69,10,kept,0.24573299999999998,rnn,MOT17-04,parada
60,104,4,kept,0.38801,rnn,MOT17-04,parada
60,109,2,kept,0.33049,rnn,MOT17-04,parada
60,113,1,kept,0.29714,rnn,MOT17-04,parada
60,117,1,kept,0.33321,rnn,MOT17-04,parada
60,120,2,kept,0.367355,rnn,MOT17-04,parada
60,124,2,kept,0.39925,rnn,MOT17-04,parada
61,62,2,kept,0.61111,rnn,MOT17-04,parada
61,69,12,lost,0.3715275,rnn,MOT17-04,parada
62,397,4,kept,0.570075,rnn,MOT17-04,parada
62,405,60,lost,0.30382878333333335,rnn,MOT17-04,parada
63,141,1,kept,0.36962,rnn,MOT17-04,parada
63,147,1,kept,0.3281,rnn,MOT17-04,parada
63,152,1,kept,0.34392,rnn,MOT17-04,parada
63,572,1,kept,0.56552,rnn,MOT17-04,parada
63,588,101,lost,0.32231089108910893,rnn,MOT17-04,parada
65,136,1,kept,0.79006,rnn,MOT17-04,parada
65,138,1,kept,0.7967,rnn,MOT17-04,parada
65,140,1,kept,0.80663,rnn,MOT17-04,parada
65,142,5,kept,0.8139580000000001,rnn,MOT17-04,parada
65,149,1,kept,0.82222,rnn,MOT17-04,parada
65,568,1,kept,0.54777,rnn,MOT17-04,parada
65,570,3,kept,0.5360333333333333,rnn,MOT17-04,parada
65,574,77,lost,0.30754277922077916,rnn,MOT17-04,parada
66,17,1,kept,1.0,rnn,MOT17-04,parada
66,54,10,switched,1.0,rnn,MOT17-04,parada
66,387,1,kept,0.62745,rnn,MOT17-04,parada
66,390,39,switched,0.1730991076923077,rnn,MOT17-04,parada
66,444,42,switched,0.23535309523809525,rnn,MOT17-04,parada
67,13,1,kept,0.40975,rnn,MOT17-04,parada
67,16,1,kept,0.34682,rnn,MOT17-04,parada
67,18,7,kept,0.41339571428571426,rnn,MOT17-04,parada
67,26,1,kept,0.53448,rnn,MOT17-04,parada
67,435,1,kept,0.38878,rnn,MOT17-04,parada
67,438,2,kept,0.38288,rnn,MOT17-04,parada
67,442,78,lost,0.06191851282051283,rnn,MOT17-04,parada
68,13,1,kept,1.0,rnn,MOT17-04,parada
68,16,1,kept,1.0,rnn,MOT17-04,parada
68,102,6,switched,0.6224500000000001,rnn,MOT17-04,parada
68,109,2,switched,0.60922,rnn,MOT17-04,parada
68,115,2,kept,0.60714,rnn,MOT17-04,parada
68,119,1,kept,0.60714,rnn,MOT17-04,parada
68,122,5,switched,0.60749,rnn,MOT17-04,parada
68,132,1,kept,0.60749,rnn,MOT17-04,parada
68,135,1,kept,0.60749,rnn,MOT17-04,parada
68,138,7,kept,0.60749,rnn,MOT17-04,parada
68,154,1,kept,0.60749,rnn,MOT17-04,parada
68,156,1,switched,0.60749,rnn,MOT17-04,parada
68,162,2,kept,0.60749,rnn,MOT17-04,parada
68,172,1,kept,0.60749,rnn,MOT17-04,parada
68,174,2,switched,0.60749,rnn,MOT17-04,parada
68,182,1,switched,0.60749,rnn,MOT17-04,parada
68,185,2,switched,0.60749,rnn,MOT17-04,parada
68,194,1,kept,0.6155,rnn,MOT17-04,parada
68,197,1,kept,0.6155,rnn,MOT17-04,parada
68,199,1,switched,0.6155,rnn,MOT17-04,parada
68,205,2,kept,0.6155,rnn,MOT17-04,parada
68,208,26,switched,0.6155000000000002,rnn,MOT17-04,parada
68,236,1,kept,0.6155,rnn,MOT17-04,parada
68,239,2,kept,0.6155,rnn,MOT17-04,parada
68,248,1,kept,0.6155,rnn,MOT17-04,parada
68,274,2,kept,0.62319,rnn,MOT17-04,parada
68,279,1,kept,0.62319,rnn,MOT17-04,parada
68,282,1,kept,0.62319,rnn,MOT17-04,parada
68,285,1,kept,0.62319,rnn,MOT17-04,parada
68,287,2,kept,0.62319,rnn,MOT17-04,parada
68,290,3,kept,0.62319,rnn,MOT17-04,parada
68,294,2,kept,0.62319,rnn,MOT17-04,parada
68,299,1,kept,0.62319,rnn,MOT17-04,parada
68,301,1,kept,0.62319,rnn,MOT17-04,parada
68,304,1,kept,0.62319,rnn,MOT17-04,parada
68,315,1,kept,0.62319,rnn,MOT17-04,parada
68,318,1,kept,0.62319,rnn,MOT17-04,parada
68,322,1,kept,0.62319,rnn,MOT17-04,parada
68,328,1,kept,0.62319,rnn,MOT17-04,parada
68,339,1,kept,0.63253,rnn,MOT17-04,parada
68,343,1,kept,0.63253,rnn,MOT17-04,parada
68,346,1,kept,0.63253,rnn,MOT17-04,parada
68,366,1,kept,0.63253,rnn,MOT17-04,parada
68,383,1,kept,0.63768,rnn,MOT17-04,parada
68,391,1,kept,0.63768,rnn,MOT17-04,parada
68,394,2,kept,0.63768,rnn,MOT17-04,parada
68,399,1,kept,0.63768,rnn,MOT17-04,parada
68,839,1,kept,0.45532,rnn,MOT17-04,parada
68,843,1,kept,0.44856,rnn,MOT17-04,parada
68,853,2,kept,0.428995,rnn,MOT17-04,parada
68,861,1,kept,0.44632,rnn,MOT17-04,parada
68,863,2,kept,0.47452000000000005,rnn,MOT17-04,parada
68,867,1,kept,0.49378,rnn,MOT17-04,parada
68,880,2,kept,0.55385,rnn,MOT17-04,parada
68,925,1,kept,0.15842,rnn,MOT17-04,parada
68,928,1,kept,0.15865,rnn,MOT17-04,parada
68,933,2,kept,0.188875,rnn,MOT17-04,parada
68,936,24,kept,0.21167166666666667,rnn,MOT17-04,parada
68,961,4,kept,0.231925,rnn,MOT17-04,parada
68,980,4,switched,0.132626,rnn,MOT17-04,parada
68,986,1,kept,0.2475,rnn,MOT17-04,parada
68,990,1,kept,0.40308,rnn,MOT17-04,parada
68,1013,1,kept,0.72727,rnn,MOT17-04,parada
69,20,82,switched,0.2850563414634146,rnn,MOT17-04,parada
69,112,1,kept,0.39381,rnn,MOT17-04,parada
69,114,1,kept,0.39381,rnn,MOT17-04,parada
69,118,1,kept,0.39381,rnn,MOT17-04,parada
69,120,2,kept,0.39931,rnn,MOT17-04,parada
69,128,4,switched,0.40746750000000004,rnn,MOT17-04,parada
69,133,2,kept,0.41544,rnn,MOT17-04,parada
69,136,2,kept,0.41544,rnn,MOT17-04,parada
69,145,1,kept,0.4257,rnn,MOT17-04,parada
69,147,3,kept,0.4257,rnn,MOT17-04,parada
69,151,2,kept,0.4356,rnn,MOT17-04,parada
69,157,2,kept,0.4356,rnn,MOT17-04,parada
69,160,2,kept,0.44038,rnn,MOT17-04,parada
69,164,6,switched,0.44516,rnn,MOT17-04,parada
69,176,1,kept,0.45441,rnn,MOT17-04,parada
69,178,2,kept,0.45441,rnn,MOT17-04,parada
69,181,1,kept,0.46336,rnn,MOT17-04,parada
69,190,1,kept,0.46336,rnn,MOT17-04,parada
69,200,1,kept,0.38911,rnn,MOT17-04,parada
69,283,1,kept,0.2989,rnn,MOT17-04,parada
69,342,1,kept,0.28088,rnn,MOT17-04,parada
69,344,1,kept,0.28088,rnn,MOT17-04,parada
69,398,1,kept,0.26649,rnn,MOT17-04,parada
69,405,1,kept,0.24129,rnn,MOT17-04,parada
69,407,2,kept,0.225135,rnn,MOT17-04,parada
69,418,1,kept,0.19019,rnn,MOT17-04,parada
69,452,1,kept,0.20306,rnn,MOT17-04,parada
69,457,1,kept,0.2189,rnn,MOT17-04,parada
69,460,1,kept,0.22732,rnn,MOT17-04,parada
69,960,1,kept,0.49276,rnn,MOT17-04,parada
69,964,16,switched,0.53193875,rnn,MOT17-04,parada
70,118,2,kept,0.7641249999999999,rnn,MOT17-04,parada
70,122,1,kept,0.76224,rnn,MOT17-04,parada
70,635,56,lost,0.3888441785714286,rnn,MOT17-04,parada
71,4,1,kept,0.56,rnn,MOT17-04,parada
71,13,1,kept,0.51923,rnn,MOT17-04,parada
71,40,14,kept,0.21684571428571425,rnn,MOT17-04,parada
71,438,1,kept,0.60241,rnn,MOT17-04,parada
71,444,1,kept,1.0,rnn,MOT17-04,parada
71,459,1,kept,0.68478,rnn,MOT17-04,parada
71,481,1,kept,0.5,rnn,MOT17-04,parada
71,486,2,kept,0.594595,rnn,MOT17-04,parada
71,506,1,kept,0.57961,rnn,MOT17-04,parada
71,519,1,kept,0.4539,rnn,MOT17-04,parada
71,526,1,kept,0.45405,rnn,MOT17-04,parada
71,538,1,kept,0.4337,rnn,MOT17-04,parada
71,542,1,kept,0.80106,rnn,MOT17-04,parada
71,546,1,kept,0.8266,rnn,MOT17-04,parada
71,626,55,lost,0.3008998181818181,rnn,MOT17-04,parada
72,17,64,lost,0.31519046875,rnn,MOT17-04,parada
73,12,1,kept,0.46505,rnn,MOT17-04,parada
73,16,2,kept,0.44022,rnn,MOT17-04,parada
73,21,51,lost,0.2897635294117647,rnn,MOT17-04,parada
74,231,21,switched,0.22690280952380953,rnn,MOT17-04,parada
74,307,1,kept,0.48516,rnn,MOT17-04,parada
74,310,2,kept,0.44757,rnn,MOT17-04,parada
74,313,14,switched,0.3383842857142857,rnn,MOT17-04,parada
74,422,1,kept,0.49723,rnn,MOT17-04,parada
74,503,1,kept,0.24737,rnn,MOT17-04,parada
74,505,30,switched,0.07390079333333333,rnn,MOT17-04,parada
74,626,168,switched,0.8403173214285713,rnn,MOT17-04,parada
74,797,8,kept,0.71728375,rnn,MOT17-04,parada
74,806,4,switched,0.7242875,rnn,MOT17-04,parada
74,812,1,kept,0.72741,rnn,MOT17-04,parada
74,821,1,kept,0.76711,rnn,MOT17-04,parada
74,827,1,kept,0.76797,rnn,MOT17-04,parada
74,831,1,kept,0.77299,rnn,MOT17-04,parada
74,833,2,kept,0.77344,rnn,MOT17-04,parada
74,836,2,kept,0.77891,rnn,MOT17-04,parada
74,839,1,kept,0.78237,rnn,MOT17-04,parada
74,841,1,kept,0.78438,rnn,MOT17-04,parada
74,847,5,kept,0.828496,rnn,MOT17-04,parada
74,853,1,kept,0.84261,rnn,MOT17-04,parada
74,856,1,kept,0.84162,rnn,MOT17-04,parada
74,860,3,kept,0.8354866666666667,rnn,MOT17-04,parada
74,864,2,kept,0.83225,rnn,MOT17-04,parada
74,869,6,kept,0.8355899999999999,rnn,MOT17-04,parada
74,876,4,kept,0.82257,rnn,MOT17-04,parada
74,882,7,kept,0.80417,rnn,MOT17-04,parada
74,890,7,kept,0.8065328571428572,rnn,MOT17-04,parada
74,899,1,kept,0.80817,rnn,MOT17-04,parada
74,901,2,kept,0.81205,rnn,MOT17-04,parada
74,905,1,kept,0.81593,rnn,MOT17-04,parada
74,918,1,kept,0.82134,rnn,MOT17-04,parada
74,933,3,kept,0.82965,rnn,MOT17-04,parada
74,944,1,kept,0.82341,rnn,MOT17-04,parada
74,946,1,kept,0.81617,rnn,MOT17-04,parada
74,967,1,kept,0.81132,rnn,MOT17-04,parada
74,972,3,kept,0.8113199999999999,rnn,MOT17-04,parada
74,986,2,kept,0.81659,rnn,MOT17-04,parada
74,992,1,kept,0.82406,rnn,MOT17-04,parada
74,994,1,kept,0.82406,rnn,MOT17-04,parada
74,1005,1,kept,0.83015,rnn,MOT17-04,parada
74,1008,3,kept,0.83015,rnn,MOT17-04,parada
74,1012,8,kept,0.8271825,rnn,MOT17-04,parada
74,1028,2,kept,0.82409,rnn,MOT17-04,parada
74,1031,1,kept,0.82116,rnn,MOT17-04,parada
74,1036,2,kept,0.82409,rnn,MOT17-04,parada
74,1040,5,kept,0.827074,rnn,MOT17-04,parada
74,1046,3,kept,0.82835,rnn,MOT17-04,parada
75,193,10,kept,0.31562899999999994,rnn,MOT17-04,parada
75,224,15,kept,0.3522186666666666,rnn,MOT17-04,parada
75,240,1,kept,0.52575,rnn,MOT17-04,parada
75,535,25,switched,0.43374880000000005,rnn,MOT17-04,parada
75,794,3,kept,0.32607,rnn,MOT17-04,parada
75,805,1,kept,0.35266,rnn,MOT17-04,parada
75,809,1,kept,0.365,rnn,MOT17-04,parada
75,813,8,kept,0.36930250000000003,rnn,MOT17-04,parada
75,822,5,kept,0.369414,rnn,MOT17-04,parada
75,828,3,kept,0.38039,rnn,MOT17-04,parada
75,832,1,kept,0.37595,rnn,MOT17-04,parada
75,835,1,kept,0.37152,rnn,MOT17-04,parada
75,840,1,kept,0.37748,rnn,MOT17-04,parada
75,858,1,kept,0.38462,rnn,MOT17-04,parada
75,863,1,kept,0.38462,rnn,MOT17-04,parada
75,875,1,kept,0.35832,rnn,MOT17-04,parada
75,880,1,kept,0.36162,rnn,MOT17-04,parada
75,897,2,kept,0.36333,rnn,MOT17-04,parada
75,900,1,kept,0.36333,rnn,MOT17-04,parada
75,903,2,kept,0.35083,rnn,MOT17-04,parada
75,906,12,kept,0.3224116666666666,rnn,MOT17-04,parada
75,919,14,kept,0.2207178571428572,rnn,MOT17-04,parada
75,936,8,kept,0.2308775,rnn,MOT17-04,parada
75,945,1,kept,0.26401,rnn,MOT17-04,parada
75,947,15,kept,0.32414600000000005,rnn,MOT17-04,parada
75,963,2,kept,0.35521,rnn,MOT17-04,parada
75,966,1,kept,0.36839,rnn,MOT17-04,parada
75,969,2,kept,0.38623,rnn,MOT17-04,parada
75,979,2,kept,0.45315,rnn,MOT17-04,parada
76,453,1,kept,0.58219,rnn,MOT17-04,parada
76,458,1,kept,0.5411,rnn,MOT17-04,parada
76,460,49,lost,0.33227,rnn,MOT17-04,parada
78,6,1,kept,0.28477,rnn,MOT17-04,parada
78,1044,1,kept,0.21845,rnn,MOT17-04,parada
80,123,11,kept,1.0,rnn,MOT17-04,parada
80,475,1,kept,1.0,rnn,MOT17-04,parada
80,526,1,kept,0.648,rnn,MOT17-04,parada
80,532,12,switched,0.37494416666666663,rnn,MOT17-04,parada
80,574,1,kept,1.0,rnn,MOT17-04,parada
80,582,1,kept,1.0,rnn,MOT17-04,parada
80,584,2,kept,1.0,rnn,MOT17-04,parada
80,587,1,kept,1.0,rnn,MOT17-04,parada
80,589,1,kept,1.0,rnn,MOT17-04,parada
80,592,1,kept,1.0,rnn,MOT17-04,parada
80,598,1,kept,1.0,rnn,MOT17-04,parada
80,600,1,kept,1.0,rnn,MOT17-04,parada
80,608,4,switched,1.0,rnn,MOT17-04,parada
80,613,3,switched,1.0,rnn,MOT17-04,parada
80,621,1,kept,1.0,rnn,MOT17-04,parada
80,623,1,kept,1.0,rnn,MOT17-04,parada
80,625,4,kept,0.9842825000000001,rnn,MOT17-04,parada
80,632,43,switched,0.580682558139535,rnn,MOT17-04,parada
80,678,2,kept,0.59414,rnn,MOT17-04,parada
80,681,2,kept,0.62557,rnn,MOT17-04,parada
80,686,2,kept,0.674375,rnn,MOT17-04,parada
80,692,2,kept,0.740205,rnn,MOT17-04,parada
80,754,1,kept,0.38347,rnn,MOT17-04,parada
80,814,4,kept,0.57331,rnn,MOT17-04,parada
80,819,72,lost,0.2603511722222222,rnn,MOT17-04,parada
82,32,97,switched,0.1545161443298969,rnn,MOT17-04,parada
82,133,1,kept,0.56604,rnn,MOT17-04,parada
82,347,11,kept,0.30550181818181815,rnn,MOT17-04,parada
82,541,1,kept,0.87692,rnn,MOT17-04,parada
82,544,1,kept,0.85385,rnn,MOT17-04,parada
82,546,2,kept,0.83077,rnn,MOT17-04,parada
82,549,14,switched,0.7491607142857143,rnn,MOT17-04,parada
82,565,1,kept,0.67433,rnn,MOT17-04,parada
82,567,1,kept,0.659,rnn,MOT17-04,parada
82,573,1,kept,0.62016,rnn,MOT17-04,parada
82,575,2,kept,0.6027549999999999,rnn,MOT17-04,parada
82,578,1,kept,0.58635,rnn,MOT17-04,parada
82,580,54,lost,0.3940094444444444,rnn,MOT17-04,parada
83,19,1,kept,1.0,rnn,MOT17-04,parada
83,23,9,switched,1.0,rnn,MOT17-04,parada
83,337,1,kept,0.41209,rnn,MOT17-04,parada
83,604,1,kept,0.51845,rnn,MOT17-04,parada
83,608,43,lost,0.4010593023255815,rnn,MOT17-04,parada
84,54,1,kept,0.35049,rnn,MOT17-04,parada
84,147,1,kept,0.35823,rnn,MOT17-04,parada
84,149,1,kept,0.30946,rnn,MOT17-04,parada
84,152,1,kept,0.29751,rnn,MOT17-04,parada
84,156,1,kept,0.32017,rnn,MOT17-04,parada
84,158,1,kept,0.32061,rnn,MOT17-04,parada
84,209,1,kept,0.55333,rnn,MOT17-04,parada
84,212,89,lost,0.31358573033707865,rnn,MOT17-04,parada
85,47,1,switched,0.33141,rnn,MOT17-04,parada
85,179,2,kept,0.369495,rnn,MOT17-04,parada
85,200,1,kept,0.25625,rnn,MOT17-04,parada
85,210,1,kept,0.35788,rnn,MOT17-04,parada
85,212,99,lost,0.29657565656565654,rnn,MOT17-04,parada
86,192,1,kept,0.45833,rnn,MOT17-04,parada
86,194,1,kept,0.44643,rnn,MOT17-04,parada
86,196,2,kept,0.436135,rnn,MOT17-04,parada
86,200,1,kept,0.42808,rnn,MOT17-04,parada
87,219,1,kept,0.49859,rnn,MOT17-04,parada
87,228,1,kept,0.36386,rnn,MOT17-04,parada
87,230,1,kept,0.33689,rnn,MOT17-04,parada
87,232,4,kept,0.330705,rnn,MOT17-04,parada
87,237,8,kept,0.30415625,rnn,MOT17-04,parada
87,246,2,kept,0.2902,rnn,MOT17-04,parada
87,250,1,kept,0.28525,rnn,MOT17-04,parada
87,514,1,kept,0.34996,rnn,MOT17-04,parada
87,516,1,kept,0.3494,rnn,MOT17-04,parada
87,532,2,kept,0.32126,rnn,MOT17-04,parada
87,535,1,kept,0.30935,rnn,MOT17-04,parada
88,58,5,kept,1.0,rnn,MOT17-04,parada
88,157,1,kept,1.0,rnn,MOT17-04,parada
88,523,1,kept,0.31947,rnn,MOT17-04,parada
88,525,1,kept,0.29974,rnn,MOT17-04,parada
88,527,6,kept,0.3906133333333333,rnn,MOT17-04,parada
88,842,1,kept,0.52047,rnn,MOT17-04,parada
88,844,23,kept,0.49868565217391336,rnn,MOT17-04,parada
88,873,1,kept,0.49369,rnn,MOT17-04,parada
88,881,1,kept,0.44178,rnn,MOT17-04,parada
88,978,1,kept,0.36781,rnn,MOT17-04,parada
88,980,6,kept,0.34425666666666666,rnn,MOT17-04,parada
88,990,1,kept,0.3471,rnn,MOT17-04,parada
88,1028,2,kept,0.98306,rnn,MOT17-04,parada
89,13,18,kept,0.23604833333333333,rnn,MOT17-04,parada
89,32,2,kept,0.45516999999999996,rnn,MOT17-04,parada
89,36,11,switched,0.7811672727272726,rnn,MOT17-04,parada
89,53,1,kept,1.0,rnn,MOT17-04,parada
89,186,9,kept,0.4027277777777778,rnn,MOT17-04,parada
89,196,2,kept,0.47375500000000004,rnn,MOT17-04,parada
89,200,1,kept,0.51401,rnn,MOT17-04,parada
89,226,8,kept,0.16147250000000002,rnn,MOT17-04,parada
89,235,4,kept,0.049335250000000004,rnn,MOT17-04,parada
89,241,10,kept,0.11695390000000001,rnn,MOT17-04,parada
89,296,14,kept,0.2563485714285714,rnn,MOT17-04,parada
89,315,6,kept,0.30955666666666665,rnn,MOT17-04,parada
89,471,14,kept,0.3358692857142857,rnn,MOT17-04,parada
89,557,1,kept,0.29085,rnn,MOT17-04,parada
89,559,2,lost,0.271905,rnn,MOT17-04,parada
90,321,4,kept,1.0,rnn,MOT17-04,parada
90,399,1,kept,1.0,rnn,MOT17-04,parada
90,419,3,kept,0.86318,rnn,MOT17-04,parada
90,424,2,kept,1.0,rnn,MOT17-04,parada
90,428,9,kept,1.0,rnn,MOT17-04,parada
90,438,4,kept,0.996745,rnn,MOT17-04,parada
90,445,1,kept,0.94262,rnn,MOT17-04,parada
90,477,4,kept,0.494675,rnn,MOT17-04,parada
90,483,3,kept,0.5272333333333333,rnn,MOT17-04,parada
90,550,3,kept,1.0,rnn,MOT17-04,parada
90,554,2,kept,1.0,rnn,MOT17-04,parada
90,557,8,kept,1.0,rnn,MOT17-04,parada
90,566,7,kept,1.0,rnn,MOT17-04,parada
90,574,3,kept,1.0,rnn,MOT17-04,parada
90,578,1,kept,1.0,rnn,MOT17-04,parada
90,580,5,kept,1.0,rnn,MOT17-04,parada
90,586,21,kept,0.9835080952380953,rnn,MOT17-04,parada
90,609,2,kept,0.94694,rnn,MOT17-04,parada
90,612,1,kept,0.94118,rnn,MOT17-04,parada
90,634,1,kept,0.84442,rnn,MOT17-04,parada
90,638,1,kept,0.8102,rnn,MOT17-04,parada
90,641,1,kept,0.78367,rnn,MOT17-04,parada
90,650,2,kept,0.72731,rnn,MOT17-04,parada
90,749,1,kept,0.55148,rnn,MOT17-04,parada
90,754,1,kept,0.49302,rnn,MOT17-04,parada
90,757,3,kept,0.44923,rnn,MOT17-04,parada
90,761,37,switched,0.31616513513513517,rnn,MOT17-04,parada
90,800,2,kept,0.29829,rnn,MOT17-04,parada
90,813,1,kept,0.25444,rnn,MOT17-04,parada
90,815,20,switched,0.272567,rnn,MOT17-04,parada
90,844,9,kept,0.32482444444444447,rnn,MOT17-04,parada
90,862,1,kept,0.3212,rnn,MOT17-04,parada
90,916,1,kept,0.27299,rnn,MOT17-04,parada
90,971,1,kept,0.84104,rnn,MOT17-04,parada
90,1013,1,kept,0.99536,rnn,MOT17-04,parada
90,1016,1,kept,1.0,rnn,MOT17-04,parada
90,1021,1,kept,1.0,rnn,MOT17-04,parada
90,1040,1,kept,1.0,rnn,MOT17-04,parada
90,1045,1,kept,1.0,rnn,MOT17-04,parada
90,1050,1,lost,1.0,rnn,MOT17-04,parada
91,11,1,kept,0.40206,rnn,MOT17-04,parada
91,25,3,kept,0.4336,rnn,MOT17-04,parada
91,29,1,kept,0.42789,rnn,MOT17-04,parada
91,31,27,switched,0.34125259259259266,rnn,MOT17-04,parada
91,63,19,switched,0.38269052631578954,rnn,MOT17-04,parada
91,98,1,kept,0.30122,rnn,MOT17-04,parada
91,101,1,kept,0.28075,rnn,MOT17-04,parada
91,103,5,kept,0.29716,rnn,MOT17-04,parada
91,111,2,kept,0.30296999999999996,rnn,MOT17-04,parada
91,114,29,kept,0.35910344827586194,rnn,MOT17-04,parada
91,144,3,kept,0.3380366666666667,rnn,MOT17-04,parada
91,148,9,kept,0.33415,rnn,MOT17-04,parada
91,158,10,kept,0.36436999999999997,rnn,MOT17-04,parada
91,169,5,kept,0.37122,rnn,MOT17-04,parada
91,176,2,kept,0.375275,rnn,MOT17-04,parada
91,179,1,kept,0.37841,rnn,MOT17-04,parada
91,183,1,kept,0.38092,rnn,MOT17-04,parada
91,189,1,kept,0.38131,rnn,MOT17-04,parada
91,193,1,kept,0.38083,rnn,MOT17-04,parada
91,196,2,kept,0.38103,rnn,MOT17-04,parada
91,199,9,kept,0.3833433333333333,rnn,MOT17-04,parada
91,210,4,kept,0.38475,rnn,MOT17-04,parada
91,216,2,kept,0.37765,rnn,MOT17-04,parada
91,223,1,kept,0.35671,rnn,MOT17-04,parada
91,226,5,kept,0.353578,rnn,MOT17-04,parada
91,232,2,kept,0.35634,rnn,MOT17-04,parada
91,235,4,kept,0.36102999999999996,rnn,MOT17-04,parada
91,240,2,kept,0.36556500000000003,rnn,MOT17-04,parada
91,244,287,switched,0.28239759581881535,rnn,MOT17-04,parada
91,533,296,switched,0.21301543581081084,rnn,MOT17-04,parada
91,832,1,kept,0.23071,rnn,MOT17-04,parada
91,839,3,kept,0.21682666666666664,rnn,MOT17-04,parada
91,843,1,kept,0.2181,rnn,MOT17-04,parada
91,855,5,kept,0.20221399999999998,rnn,MOT17-04,parada
91,867,1,kept,0.18321,rnn,MOT17-04,parada
91,871,2,kept,0.17643,rnn,MOT17-04,parada
91,876,3,kept,0.16738,rnn,MOT17-04,parada
91,880,1,kept,0.16286,rnn,MOT17-04,parada
91,883,1,kept,0.16964,rnn,MOT17-04,parada
91,885,144,switched,0.23529812499999997,rnn,MOT17-04,parada
91,1030,21,lost,0.34767285714285706,rnn,MOT17-04,parada
92,323,1,kept,0.94085,rnn,MOT17-04,parada
92,334,2,kept,0.946445,rnn,MOT17-04,parada
92,337,1,kept,0.94742,rnn,MOT17-04,parada
92,348,1,kept,0.93788,rnn,MOT17-04,parada
92,354,1,kept,0.92373,rnn,MOT17-04,parada
92,482,5,switched,0.966668,rnn,MOT17-04,parada
92,489,77,switched,0.963503246753247,rnn,MOT17-04,parada
92,612,1,kept,0.76808,rnn,MOT17-04,parada
92,618,1,kept,0.68018,rnn,MOT17-04,parada
92,645,1,kept,0.56503,rnn,MOT17-04,parada
92,648,2,kept,0.549625,rnn,MOT17-04,parada
92,651,3,kept,0.5305733333333333,rnn,MOT17-04,parada
92,655,1,kept,0.51642,rnn,MOT17-04,parada
92,657,18,kept,0.5117838888888889,rnn,MOT17-04,parada
92,676,18,switched,0.6041811111111111,rnn,MOT17-04,parada
92,706,1,kept,0.71989,rnn,MOT17-04,parada
92,710,8,switched,0.69640375,rnn,MOT17-04,parada
92,721,1,kept,0.64439,rnn,MOT17-04,parada
92,723,1,kept,0.6411,rnn,MOT17-04,parada
92,727,1,kept,0.62098,rnn,MOT17-04,parada
92,736,1,kept,0.56902,rnn,MOT17-04,parada
92,754,1,kept,0.66227,rnn,MOT17-04,parada
92,765,3,kept,0.8102266666666668,rnn,MOT17-04,parada
92,787,2,kept,0.93805,rnn,MOT17-04,parada
92,790,1,kept,0.93805,rnn,MOT17-04,parada
92,796,2,kept,0.93659,rnn,MOT17-04,parada
92,801,1,kept,0.93561,rnn,MOT17-04,parada
92,807,1,kept,0.93561,rnn,MOT17-04,parada
92,818,7,kept,0.9838571428571429,rnn,MOT17-04,parada
92,826,1,kept,1.0,rnn,MOT17-04,parada
92,852,1,kept,1.0,rnn,MOT17-04,parada
92,862,1,kept,1.0,rnn,MOT17-04,parada
92,870,3,kept,1.0,rnn,MOT17-04,parada
92,880,1,kept,1.0,rnn,MOT17-04,parada
92,952,2,kept,1.0,rnn,MOT17-04,parada
92,960,2,kept,0.99517,rnn,MOT17-04,parada
92,963,5,kept,0.99505,rnn,MOT17-04,parada
92,970,1,kept,0.99505,rnn,MOT17-04,parada
92,981,3,kept,0.99737,rnn,MOT17-04,parada
92,986,1,kept,0.99724,rnn,MOT17-04,parada
93,307,1,kept,0.2973,rnn,MOT17-04,parada
93,313,1,kept,0.30903,rnn,MOT17-04,parada
93,318,4,kept,0.27536000000000005,rnn,MOT17-04,parada
93,324,2,kept,0.27014,rnn,MOT17-04,parada
93,327,2,kept,0.273235,rnn,MOT17-04,parada
93,330,4,kept,0.28701,rnn,MOT17-04,parada
93,336,1,kept,0.30229,rnn,MOT17-04,parada
93,338,10,kept,0.319671,rnn,MOT17-04,parada
93,349,5,kept,0.32272,rnn,MOT17-04,parada
93,356,1,kept,0.31051,rnn,MOT17-04,parada
93,359,3,kept,0.30000666666666664,rnn,MOT17-04,parada
93,363,1,kept,0.31142,rnn,MOT17-04,parada
93,365,12,kept,0.31889083333333335,rnn,MOT17-04,parada
93,379,2,kept,0.25037,rnn,MOT17-04,parada
93,382,100,kept,0.19733259999999997,rnn,MOT17-04,parada
93,566,47,switched,0.1792091489361702,rnn,MOT17-04,parada
93,694,12,kept,0.3159516666666667,rnn,MOT17-04,parada
93,707,3,kept,0.3707466666666666,rnn,MOT17-04,parada
93,851,1,kept,0.4163,rnn,MOT17-04,parada
93,858,1,kept,0.38318,rnn,MOT17-04,parada
93,951,1,kept,0.37035,rnn,MOT17-04,parada
93,962,1,kept,0.32412,rnn,MOT17-04,parada
93,987,1,kept,0.3895,rnn,MOT17-04,parada
94,273,1,kept,0.12579,rnn,MOT17-04,parada
94,282,39,kept,0.1621497435897436,rnn,MOT17-04,parada
94,417,2,kept,0.21937,rnn,MOT17-04,parada
94,422,1,kept,0.22172,rnn,MOT17-04,parada
94,446,48,kept,0.17491270833333336,rnn,MOT17-04,parada
94,495,56,switched,0.2712266071428572,rnn,MOT17-04,parada
94,556,1,kept,0.25439,rnn,MOT17-04,parada
94,573,9,switched,0.2494,rnn,MOT17-04,parada
94,584,4,kept,0.24392500000000003,rnn,MOT17-04,parada
94,591,1,kept,0.23008,rnn,MOT17-04,parada
94,598,1,kept,0.23008,rnn,MOT17-04,parada
94,606,3,switched,0.3463433333333333,rnn,MOT17-04,parada
94,813,3,kept,0.21642333333333333,rnn,MOT17-04,parada
94,835,9,kept,0.20137666666666665,rnn,MOT17-04,parada
94,853,6,switched,0.18913333333333335,rnn,MOT17-04,parada
94,861,9,kept,0.1710422222222222,rnn,MOT17-04,parada
94,874,1,kept,0.16298,rnn,MOT17-04,parada
94,879,1,kept,0.16548,rnn,MOT17-04,parada
94,881,1,kept,0.1614,rnn,MOT17-04,parada
94,883,38,switched,0.16553473684210526,rnn,MOT17-04,parada
94,945,3,kept,0.19495333333333334,rnn,MOT17-04,parada
94,949,1,kept,0.20214,rnn,MOT17-04,parada
95,263,1,kept,0.14295,rnn,MOT17-04,parada
95,265,2,kept,0.1472,rnn,MOT17-04,parada
95,270,19,kept,0.16652578947368418,rnn,MOT17-04,parada
95,290,13,kept,0.1773530769230769,rnn,MOT17-04,parada
95,304,3,kept,0.18225000000000002,rnn,MOT17-04,parada
95,308,1,kept,0.18563,rnn,MOT17-04,parada
95,310,7,kept,0.1864542857142857,rnn,MOT17-04,parada
95,318,99,kept,0.09519458585858585,rnn,MOT17-04,parada
95,419,27,kept,0.10889018518518517,rnn,MOT17-04,parada
95,492,3,kept,0.11155666666666668,rnn,MOT17-04,parada
95,548,1,kept,0.25081,rnn,MOT17-04,parada
95,551,23,kept,0.27072086956521735,rnn,MOT17-04,parada
95,582,1,kept,0.29766,rnn,MOT17-04,parada
95,585,1,kept,0.29766,rnn,MOT17-04,parada
95,594,2,kept,0.31099,rnn,MOT17-04,parada
95,599,7,kept,0.24382857142857142,rnn,MOT17-04,parada
95,607,142,switched,0.17500521126760563,rnn,MOT17-04,parada
95,750,4,kept,0.23445,rnn,MOT17-04,parada
95,755,2,kept,0.24601,rnn,MOT17-04,parada
95,760,1,kept,0.25589,rnn,MOT17-04,parada
95,826,1,kept,0.16901,rnn,MOT17-04,parada
95,829,3,kept,0.15987,rnn,MOT17-04,parada
95,833,13,switched,0.1565284615384615,rnn,MOT17-04,parada
96,140,4,kept,0.244045,rnn,MOT17-04,parada
96,148,1,kept,0.20386,rnn,MOT17-04,parada
96,150,239,switched,0.13507562887029295,rnn,MOT17-04,parada
96,390,1,kept,0.23093,rnn,MOT17-04,parada
96,415,1,kept,0.20217,rnn,MOT17-04,parada
96,421,1,kept,0.19061,rnn,MOT17-04,parada
96,450,1,kept,0.21274,rnn,MOT17-04,parada
96,472,2,kept,0.16241,rnn,MOT17-04,parada
96,475,1,kept,0.16467,rnn,MOT17-04,parada
96,479,1,kept,0.16467,rnn,MOT17-04,parada
96,486,3,kept,0.16467,rnn,MOT17-04,parada
96,493,1,kept,0.16467,rnn,MOT17-04,parada
96,505,1,kept,0.16467,rnn,MOT17-04,parada
96,509,1,kept,0.16467,rnn,MOT17-04,parada
96,514,1,kept,0.16467,rnn,MOT17-04,parada
96,517,3,kept,0.16467,rnn,MOT17-04,parada
96,521,1,kept,0.16467,rnn,MOT17-04,parada
96,523,1,kept,0.16467,rnn,MOT17-04,parada
96,532,5,kept,0.16512200000000002,rnn,MOT17-04,parada
96,538,18,kept,0.16076999999999997,rnn,MOT17-04,parada
96,559,7,kept,0.12132857142857144,rnn,MOT17-04,parada
96,567,484,lost,0.04381604925619835,rnn,MOT17-04,parada
97,334,2,kept,0.57143,rnn,MOT17-04,parada
97,619,3,kept,0.52469,rnn,MOT17-04,parada
97,624,427,lost,0.29878651873536305,rnn,MOT17-04,parada
99,328,1,kept,0.50263,rnn,MOT17-04,parada
99,333,2,kept,0.48387,rnn,MOT17-04,parada
99,599,1,kept,0.49124,rnn,MOT17-04,parada
99,606,1,kept,0.44691,rnn,MOT17-04,parada
99,691,1,kept,0.3625,rnn,MOT17-04,parada
99,694,1,kept,0.34417,rnn,MOT17-04,parada
99,703,7,kept,0.17859999999999995,rnn,MOT17-04,parada
99,711,79,lost,0.15999601265822788,rnn,MOT17-04,parada
98,236,1,kept,0.31146,rnn,MOT17-04,parada
98,347,2,kept,0.472665,rnn,MOT17-04,parada
98,351,13,kept,0.3845623076923077,rnn,MOT17-04,parada
98,366,1,kept,0.35818,rnn,MOT17-04,parada
98,369,1,kept,0.36645,rnn,MOT17-04,parada
98,371,3,kept,0.3450933333333333,rnn,MOT17-04,parada
98,375,4,kept,0.349685,rnn,MOT17-04,parada
98,380,2,kept,0.34672000000000003,rnn,MOT17-04,parada
98,383,1,kept,0.38596,rnn,MOT17-04,parada
98,386,1,kept,0.4386,rnn,MOT17-04,parada
98,1024,27,lost,0.5336562962962963,rnn,MOT17-04,parada
118,394,1,kept,1.0,rnn,MOT17-04,parada
118,398,4,kept,1.0,rnn,MOT17-04,parada
118,403,1,kept,1.0,rnn,MOT17-04,parada
118,416,1,kept,1.0,rnn,MOT17-04,parada
118,438,1,kept,1.0,rnn,MOT17-04,parada
118,464,3,kept,1.0,rnn,MOT17-04,parada
118,600,1,kept,0.66197,rnn,MOT17-04,parada
118,603,18,lost,0.4238205555555556,rnn,MOT17-04,parada
122,247,3,kept,1.0,rnn,MOT17-04,parada
122,251,1,kept,1.0,rnn,MOT17-04,parada
122,263,1,kept,1.0,rnn,MOT17-04,parada
122,320,2,kept,0.673355,rnn,MOT17-04,parada
122,325,1,kept,0.62963,rnn,MOT17-04,parada
122,330,1,kept,0.59091,rnn,MOT17-04,parada
122,337,2,kept,0.563625,rnn,MOT17-04,parada
122,340,38,lost,0.3447663157894737,rnn,MOT17-04,parada
123,252,1,kept,0.52684,rnn,MOT17-04,parada
123,257,1,kept,0.4488,rnn,MOT17-04,parada
123,259,1,kept,0.41626,rnn,MOT17-04,parada
123,262,1,kept,0.36041,rnn,MOT17-04,parada
123,265,3,kept,0.2894466666666667,rnn,MOT17-04,parada
123,269,8,kept,0.36933249999999995,rnn,MOT17-04,parada
123,279,7,kept,0.4680671428571429,rnn,MOT17-04,parada
123,287,2,kept,0.40258499999999997,rnn,MOT17-04,parada
123,290,2,kept,0.40686,rnn,MOT17-04,parada
123,296,1,kept,0.43647,rnn,MOT17-04,parada
123,300,1,kept,0.46674,rnn,MOT17-04,parada
123,302,1,kept,0.50234,rnn,MOT17-04,parada
123,355,1,kept,0.42045,rnn,MOT17-04,parada
123,361,49,lost,0.3707293877551021,rnn,MOT17-04,parada
106,399,4,kept,0.48398250000000004,rnn,MOT17-04,parada
106,406,22,kept,0.32392181818181814,rnn,MOT17-04,parada
106,433,1,kept,0.50482,rnn,MOT17-04,parada
106,989,1,kept,0.59732,rnn,MOT17-04,parada
106,998,53,lost,0.3479290566037737,rnn,MOT17-04,parada
121,452,1,kept,0.57446,rnn,MOT17-04,parada
121,454,10,kept,0.450256,rnn,MOT17-04,parada
121,535,1,kept,0.55556,rnn,MOT17-04,parada
121,537,2,kept,0.5,rnn,MOT17-04,parada
121,540,17,lost,0.27880705882352946,rnn,MOT17-04,parada
125,531,3,switched,0.36882666666666664,rnn,MOT17-04,parada
125,536,3,kept,0.31964,rnn,MOT17-04,parada
125,541,1,kept,0.27425,rnn,MOT17-04,parada
125,544,3,kept,0.24559666666666666,rnn,MOT17-04,parada
125,548,7,kept,0.24584428571428574,rnn,MOT17-04,parada
125,556,2,kept,0.26737,rnn,MOT17-04,parada
125,559,9,kept,0.2950088888888889,rnn,MOT17-04,parada
125,569,12,kept,0.29585749999999994,rnn,MOT17-04,parada
124,349,2,kept,0.457855,rnn,MOT17-04,parada
124,352,2,kept,0.47082,rnn,MOT17-04,parada
124,363,1,kept,0.497,rnn,MOT17-04,parada
124,366,1,kept,0.51439,rnn,MOT17-04,parada
124,368,1,kept,0.50195,rnn,MOT17-04,parada
124,370,3,kept,0.49050666666666665,rnn,MOT17-04,parada
124,374,2,kept,0.480215,rnn,MOT17-04,parada
124,377,1,kept,0.47047,rnn,MOT17-04,parada
111,422,2,kept,0.38224,rnn,MOT17-04,parada
119,387,1,kept,0.43805,rnn,MOT17-04,parada
119,389,5,kept,0.368958,rnn,MOT17-04,parada
119,395,1,kept,0.37624,rnn,MOT17-04,parada
119,404,9,kept,0.5048066666666666,rnn,MOT17-04,parada
119,421,5,kept,0.1267172,rnn,MOT17-04,parada
119,427,5,kept,0.00617752,rnn,MOT17-04,parada
119,440,1,kept,0.25257,rnn,MOT17-04,parada
119,459,1,kept,0.29379,rnn,MOT17-04,parada
119,461,3,kept,0.32093333333333335,rnn,MOT17-04,parada
119,631,2,kept,0.54224,rnn,MOT17-04,parada
119,637,2,kept,0.43248,rnn,MOT17-04,parada
119,640,79,lost,0.16159059493670885,rnn,MOT17-04,parada
120,426,1,kept,0.83467,rnn,MOT17-04,parada
120,432,7,kept,0.6034214285714284,rnn,MOT17-04,parada
120,441,1,kept,0.39009,rnn,MOT17-04,parada
120,443,3,kept,0.3429966666666666,rnn,MOT17-04,parada
120,447,5,kept,0.18048800000000004,rnn,MOT17-04,parada
120,588,1,kept,0.35815,rnn,MOT17-04,parada
120,602,2,kept,0.25184,rnn,MOT17-04,parada
120,619,2,kept,0.18418,rnn,MOT17-04,parada
120,623,1,kept,0.18354,rnn,MOT17-04,parada
120,628,73,lost,0.13338002739726026,rnn,MOT17-04,parada
105,1001,50,lost,0.44222000000000006,rnn,MOT17-04,parada
132,745,145,kept,0.9067101379310343,rnn,MOT17-04,parada
133,574,1,kept,0.48014,rnn,MOT17-04,parada
133,631,1,switched,0.61736,rnn,MOT17-04,parada
133,634,1,kept,0.61392,rnn,MOT17-04,parada
131,635,5,kept,0.23765199999999997,rnn,MOT17-04,parada
131,651,1,kept,0.21392,rnn,MOT17-04,parada
131,657,26,kept,0.15217076923076925,rnn,MOT17-04,parada
131,984,6,lost,0.13321583333333334,rnn,MOT17-04,parada
134,890,49,switched,0.23059173469387753,rnn,MOT17-04,parada
141,639,1,kept,0.27609,rnn,MOT17-04,parada
141,641,2,kept,0.323925,rnn,MOT17-04,parada
141,646,4,kept,0.540275,rnn,MOT17-04,parada
141,653,2,kept,0.6790849999999999,rnn,MOT17-04,parada
141,659,1,kept,0.79452,rnn,MOT17-04,parada
141,662,3,kept,0.7655166666666666,rnn,MOT17-04,parada
141,667,1,kept,0.73103,rnn,MOT17-04,parada
141,673,2,kept,0.70139,rnn,MOT17-04,parada
141,676,375,lost,0.30484446266666665,rnn,MOT17-04,parada
108,781,1,kept,0.21304,rnn,MOT17-04,parada
108,788,2,kept,0.24283500000000002,rnn,MOT17-04,parada
108,791,2,kept,0.25928,rnn,MOT17-04,parada
108,796,2,kept,0.29535,rnn,MOT17-04,parada
108,822,1,kept,0.14916,rnn,MOT17-04,parada
108,824,1,kept,0.14306,rnn,MOT17-04,parada
108,826,5,kept,0.14685600000000001,rnn,MOT17-04,parada
108,832,3,kept,0.24717333333333333,rnn,MOT17-04,parada
117,832,1,kept,0.49887,rnn,MOT17-04,parada
117,839,2,kept,0.50147,rnn,MOT17-04,parada
117,969,1,kept,0.7372,rnn,MOT17-04,parada
117,972,3,kept,0.7280099999999999,rnn,MOT17-04,parada
117,976,1,kept,0.74271,rnn,MOT17-04,parada
117,1029,11,kept,0.3217027272727273,rnn,MOT17-04,parada
117,1044,2,kept,0.292505,rnn,MOT17-04,parada
117,1047,3,kept,0.46764,rnn,MOT17-04,parada
115,959,3,kept,0.4102866666666667,rnn,MOT17-04,parada
115,966,14,kept,0.3244964285714286,rnn,MOT17-04,parada
115,981,2,kept,0.2415,rnn,MOT17-04,parada
115,984,4,kept,0.2513225,rnn,MOT17-04,parada
115,992,1,kept,0.27211,rnn,MOT17-04,parada
115,1001,1,kept,0.33451,rnn,MOT17-04,parada
115,1006,7,kept,0.34712714285714286,rnn,MOT17-04,parada
115,1016,8,kept,0.35277875000000003,rnn,MOT17-04,parada
115,1025,10,kept,0.352001,rnn,MOT17-04,parada
115,1037,1,kept,0.34929,rnn,MOT17-04,parada
115,1040,1,kept,0.34733,rnn,MOT17-04,parada
115,1043,1,kept,0.34314,rnn,MOT17-04,parada
115,1046,1,kept,0.34118,rnn,MOT17-04,parada
115,1049,1,kept,0.34118,rnn,MOT17-04,parada
126,811,2,kept,0.18247,rnn,MOT17-04,parada
126,816,10,switched,0.18879300000000002,rnn,MOT17-04,parada
126,846,5,kept,0.163084,rnn,MOT17-04,parada
126,852,3,kept,0.18219333333333332,rnn,MOT17-04,parada
126,861,2,kept,0.26595500000000005,rnn,MOT17-04,parada
126,867,1,kept,0.3111,rnn,MOT17-04,parada
126,869,1,kept,0.3301,rnn,MOT17-04,parada
127,888,7,kept,0.4354114285714286,rnn,MOT17-04,parada
127,985,3,kept,0.42626000000000003,rnn,MOT17-04,parada
127,990,6,kept,0.3854633333333333,rnn,MOT17-04,parada
127,997,3,kept,0.3748066666666667,rnn,MOT17-04,parada
128,938,1,kept,0.39359,rnn,MOT17-04,parada
104,1005,46,lost,0.3067384782608696,rnn,MOT17-04,parada
129,988,2,switched,0.162105,rnn,MOT17-04,parada
129,1001,1,kept,0.3468,rnn,MOT17-04,parada
129,1018,1,kept,0.384,rnn,MOT17-04,parada
129,1024,6,kept,0.337675,rnn,MOT17-04,parada
129,1031,6,switched,0.30691999999999997,rnn,MOT17-04,parada
129,1038,3,kept,0.27685,rnn,MOT17-04,parada
129,1042,1,kept,0.26999,rnn,MOT17-04,parada
130,1030,1,kept,0.080788,rnn,MOT17-04,parada
130,1037,1,kept,0.1142,rnn,MOT17-04,parada
130,1043,2,kept,0.15402,rnn,MOT17-04,parada
130,1049,1,kept,0.16732,rnn,MOT17-04,parada
1,302,5,kept,0.17154660000000002,rnn,MOT17-05,móvel
1,378,4,lost,0.3113525,rnn,MOT17-05,móvel
2,65,3,kept,0.17508333333333334,rnn,MOT17-05,móvel
2,75,1,kept,0.2197,rnn,MOT17-05,móvel
2,86,1,kept,0.23077,rnn,MOT17-05,móvel
2,88,1,kept,0.17308,rnn,MOT17-05,móvel
2,136,2,kept,0.33562000000000003,rnn,MOT17-05,móvel
2,139,1,kept,0.37671,rnn,MOT17-05,móvel
2,148,1,kept,0.41781,rnn,MOT17-05,móvel
2,153,1,kept,0.43836,rnn,MOT17-05,móvel
2,262,4,kept,0.0625,rnn,MOT17-05,móvel
2,272,9,switched,0.10506555555555556,rnn,MOT17-05,móvel
2,289,1,kept,0.13333,rnn,MOT17-05,móvel
2,291,1,kept,0.25,rnn,MOT17-05,móvel
2,294,1,kept,0.25,rnn,MOT17-05,móvel
2,299,12,switched,0.13227933333333333,rnn,MOT17-05,móvel
2,315,8,switched,0.07776087500000001,rnn,MOT17-05,móvel
2,325,12,lost,0.015504166666666666,rnn,MOT17-05,móvel
14,5,2,switched,0.7958350000000001,rnn,MOT17-05,móvel
14,19,1,kept,0.0,rnn,MOT17-05,móvel
14,29,1,kept,0.0,rnn,MOT17-05,móvel
14,43,3,kept,0.0,rnn,MOT17-05,móvel
14,47,115,switched,0.0019875652173913043,rnn,MOT17-05,móvel
14,163,1,kept,0.82857,rnn,MOT17-05,móvel
14,166,1,kept,0.74286,rnn,MOT17-05,móvel
14,171,7,kept,0.0,rnn,MOT17-05,móvel
14,189,2,kept,0.471425,rnn,MOT17-05,móvel
14,195,2,kept,0.414285,rnn,MOT17-05,móvel
14,200,1,kept,0.36111,rnn,MOT17-05,móvel
14,204,1,kept,0.31429,rnn,MOT17-05,móvel
14,210,1,kept,0.22857,rnn,MOT17-05,móvel
14,213,1,kept,0.25714,rnn,MOT17-05,móvel
14,215,2,kept,0.30000000000000004,rnn,MOT17-05,móvel
14,234,2,lost,0.433475,rnn,MOT17-05,móvel
117,32,6,switched,1.0,rnn,MOT17-05,móvel
117,40,2,kept,0.0,rnn,MOT17-05,móvel
117,43,6,switched,0.0,rnn,MOT17-05,móvel
117,52,35,switched,0.08336171428571429,rnn,MOT17-05,móvel
117,89,1,lost,0.43333,rnn,MOT17-05,móvel
125,262,19,switched,0.07161031578947367,rnn,MOT17-05,móvel
125,282,3,lost,0.2732233333333333,rnn,MOT17-05,móvel
150,12,4,lost,0.4524475,rnn,MOT17-05,móvel
5,20,5,kept,0.0,rnn,MOT17-05,móvel
5,27,1,switched,0.0,rnn,MOT17-05,móvel
5,31,1,kept,0.0,rnn,MOT17-05,móvel
5,40,1,lost,0.061224,rnn,MOT17-05,móvel
4,13,1,switched,0.66667,rnn,MOT17-05,móvel
4,15,1,switched,0.95949,rnn,MOT17-05,móvel
4,24,1,switched,0.0,rnn,MOT17-05,móvel
4,26,2,kept,0.0,rnn,MOT17-05,móvel
4,29,1,switched,0.0,rnn,MOT17-05,móvel
4,38,7,lost,0.04738142857142857,rnn,MOT17-05,móvel
3,8,4,switched,0.7579175,rnn,MOT17-05,móvel
3,21,1,kept,0.0,rnn,MOT17-05,móvel
3,25,16,lost,0.0,rnn,MOT17-05,móvel
6,25,15,switched,0.021370666666666666,rnn,MOT17-05,móvel
6,42,4,kept,0.46573,rnn,MOT17-05,móvel
6,48,1,kept,0.0,rnn,MOT17-05,móvel
6,50,4,kept,0.0,rnn,MOT17-05,móvel
6,55,1,lost,0.0,rnn,MOT17-05,móvel
8,169,9,kept,0.1111111111111111,rnn,MOT17-05,móvel
8,239,1,lost,0.69444,rnn,MOT17-05,móvel
9,72,2,kept,0.32051,rnn,MOT17-05,móvel
9,75,1,kept,0.37037,rnn,MOT17-05,móvel
9,77,1,kept,0.37037,rnn,MOT17-05,móvel
9,80,1,kept,0.0,rnn,MOT17-05,móvel
9,83,8,kept,0.0,rnn,MOT17-05,móvel
9,92,1,kept,0.0,rnn,MOT17-05,móvel
9,94,1,kept,0.5,rnn,MOT17-05,móvel
9,102,1,kept,0.16133,rnn,MOT17-05,móvel
9,115,13,switched,0.08461461538461539,rnn,MOT17-05,móvel
9,131,16,kept,0.10833318750000001,rnn,MOT17-05,móvel
9,148,1,kept,0.033333,rnn,MOT17-05,móvel
9,151,10,lost,0.0,rnn,MOT17-05,móvel
107,78,2,kept,0.38,rnn,MOT17-05,móvel
107,81,3,kept,0.0,rnn,MOT17-05,móvel
107,85,1,switched,0.0,rnn,MOT17-05,móvel
107,88,1,switched,0.0,rnn,MOT17-05,móvel
107,91,1,kept,0.0,rnn,MOT17-05,móvel
107,96,2,kept,0.34058,rnn,MOT17-05,móvel
107,103,3,kept,0.2904933333333333,rnn,MOT17-05,móvel
107,113,7,kept,0.0,rnn,MOT17-05,móvel
107,122,1,kept,0.0,rnn,MOT17-05,móvel
107,128,4,kept,0.19375,rnn,MOT17-05,móvel
107,147,15,switched,0.095238,rnn,MOT17-05,móvel
107,163,2,kept,0.25862,rnn,MOT17-05,móvel
107,167,3,kept,0.25862,rnn,MOT17-05,móvel
107,171,2,kept,0.17857499999999998,rnn,MOT17-05,móvel
107,174,4,kept,0.026785,rnn,MOT17-05,móvel
107,179,3,kept,0.0,rnn,MOT17-05,móvel
107,193,3,kept,0.23660333333333336,rnn,MOT17-05,móvel
107,199,1,kept,0.10345,rnn,MOT17-05,móvel
107,204,1,lost,0.11538,rnn,MOT17-05,móvel
10,96,1,lost,0.0,rnn,MOT17-05,móvel
140,168,1,kept,1.0,rnn,MOT17-05,móvel
140,171,2,kept,0.0,rnn,MOT17-05,móvel
140,175,1,kept,0.0,rnn,MOT17-05,móvel
140,177,1,kept,0.94737,rnn,MOT17-05,móvel
12,171,1,kept,0.0,rnn,MOT17-05,móvel
12,173,5,kept,0.0,rnn,MOT17-05,móvel
12,199,6,kept,0.43589999999999995,rnn,MOT17-05,móvel
13,195,10,lost,0.25499555,rnn,MOT17-05,móvel
16,238,7,kept,0.14862442857142857,rnn,MOT17-05,móvel
16,248,1,lost,0.0,rnn,MOT17-05,móvel
20,256,8,switched,0.0663225,rnn,MOT17-05,móvel
20,308,1,lost,0.42699,rnn,MOT17-05,móvel
23,267,7,lost,0.15775614285714284,rnn,MOT17-05,móvel
25,302,4,lost,0.39253,rnn,MOT17-05,móvel
26,266,1,kept,0.0,rnn,MOT17-05,móvel
26,269,17,kept,0.07651941176470588,rnn,MOT17-05,móvel
26,287,2,switched,0.85075,rnn,MOT17-05,móvel
26,293,4,lost,0.4167025,rnn,MOT17-05,móvel
28,278,8,switched,0.11079525,rnn,MOT17-05,móvel
28,289,14,switched,0.10555052857142856,rnn,MOT17-05,móvel
28,304,13,lost,0.06935546153846153,rnn,MOT17-05,móvel
29,285,3,switched,0.2875333333333333,rnn,MOT17-05,móvel
29,292,1,kept,0.28409,rnn,MOT17-05,móvel
29,294,10,switched,0.1203427,rnn,MOT17-05,móvel
31,298,10,switched,0.056486,rnn,MOT17-05,móvel
31,309,2,kept,0.22841,rnn,MOT17-05,móvel
31,312,2,kept,0.24798000000000003,rnn,MOT17-05,móvel
31,315,8,switched,0.17294374999999998,rnn,MOT17-05,móvel
31,324,2,kept,0.09375,rnn,MOT17-05,móvel
31,329,1,kept,0.0,rnn,MOT17-05,móvel
31,332,1,kept,0.17442,rnn,MOT17-05,móvel
31,338,5,switched,0.34425,rnn,MOT17-05,móvel
31,349,1,lost,0.47561,rnn,MOT17-05,móvel
33,320,12,kept,0.33148500000000003,rnn,MOT17-05,móvel
33,340,2,lost,0.418135,rnn,MOT17-05,móvel
38,304,12,switched,0.39390624999999996,rnn,MOT17-05,móvel
38,328,8,switched,0.26085575,rnn,MOT17-05,móvel
38,440,4,kept,0.0,rnn,MOT17-05,móvel
38,470,3,lost,0.0,rnn,MOT17-05,móvel
36,332,1,lost,0.63636,rnn,MOT17-05,móvel
34,346,1,lost,0.36134,rnn,MOT17-05,móvel
123,319,2,lost,0.52138,rnn,MOT17-05,móvel
35,308,17,switched,0.0616336294117647,rnn,MOT17-05,móvel
41,324,15,switched,0.046786013333333334,rnn,MOT17-05,móvel
41,344,9,switched,0.38398,rnn,MOT17-05,móvel
41,355,3,lost,0.5795466666666667,rnn,MOT17-05,móvel
42,440,5,kept,0.0,rnn,MOT17-05,móvel
42,459,6,lost,0.5195733333333333,rnn,MOT17-05,móvel
43,332,1,lost,0.037037,rnn,MOT17-05,móvel
47,349,25,switched,0.1254104,rnn,MOT17-05,móvel
44,355,10,switched,0.18630899999999997,rnn,MOT17-05,móvel
44,366,1,lost,0.054795,rnn,MOT17-05,móvel
45,391,6,lost,0.39210833333333334,rnn,MOT17-05,móvel
46,365,2,lost,0.33157000000000003,rnn,MOT17-05,móvel
127,379,2,kept,0.414605,rnn,MOT17-05,móvel
127,382,2,lost,0.27835,rnn,MOT17-05,móvel
144,385,3,kept,0.8274433333333334,rnn,MOT17-05,móvel
144,392,1,kept,0.91892,rnn,MOT17-05,móvel
144,394,2,kept,1.0,rnn,MOT17-05,móvel
144,399,1,lost,0.75,rnn,MOT17-05,móvel
145,389,1,kept,1.0,rnn,MOT17-05,móvel
145,395,1,switched,1.0,rnn,MOT17-05,móvel
145,399,4,kept,1.0,rnn,MOT17-05,móvel
48,386,1,switched,1.0,rnn,MOT17-05,móvel
48,388,1,switched,1.0,rnn,MOT17-05,móvel
48,402,2,kept,1.0,rnn,MOT17-05,móvel
48,406,2,switched,1.0,rnn,MOT17-05,móvel
48,409,2,switched,1.0,rnn,MOT17-05,móvel
48,425,1,switched,1.0,rnn,MOT17-05,móvel
48,429,8,kept,1.0,rnn,MOT17-05,móvel
48,439,6,kept,0.16666666666666666,rnn,MOT17-05,móvel
48,452,2,switched,0.28500000000000003,rnn,MOT17-05,móvel
48,455,1,kept,0.22727,rnn,MOT17-05,móvel
48,458,3,kept,0.13942866666666667,rnn,MOT17-05,móvel
48,462,7,lost,0.011904714285714286,rnn,MOT17-05,móvel
49,381,1,kept,0.34375,rnn,MOT17-05,móvel
49,387,15,switched,0.37270733333333333,rnn,MOT17-05,móvel
49,404,2,kept,0.326075,rnn,MOT17-05,móvel
49,407,1,kept,0.34211,rnn,MOT17-05,móvel
49,411,18,switched,0.38998777777777777,rnn,MOT17-05,móvel
49,437,7,kept,0.03846142857142858,rnn,MOT17-05,móvel
49,445,6,kept,0.3171933333333333,rnn,MOT17-05,móvel
49,457,1,kept,0.55,rnn,MOT17-05,móvel
49,459,1,kept,0.33487,rnn,MOT17-05,móvel
50,401,1,lost,0.40444,rnn,MOT17-05,móvel
128,435,6,kept,0.041174999999999996,rnn,MOT17-05,móvel
128,506,12,kept,0.06507500000000001,rnn,MOT17-05,móvel
128,671,1,kept,0.50505,rnn,MOT17-05,móvel
128,673,1,kept,0.48208,rnn,MOT17-05,móvel
128,677,3,kept,0.4910133333333333,rnn,MOT17-05,móvel
128,681,24,kept,0.44197083333333337,rnn,MOT17-05,móvel
128,751,57,lost,0.35569,rnn,MOT17-05,móvel
54,480,19,switched,0.18255363157894738,rnn,MOT17-05,móvel
54,510,1,kept,0.0,rnn,MOT17-05,móvel
54,512,40,switched,0.04385699999999999,rnn,MOT17-05,móvel
54,562,5,switched,0.0,rnn,MOT17-05,móvel
54,568,16,switched,0.1340015,rnn,MOT17-05,móvel
54,585,1,kept,0.31944,rnn,MOT17-05,móvel
54,587,1,kept,0.38235,rnn,MOT17-05,móvel
54,595,1,kept,0.39726,rnn,MOT17-05,móvel
54,597,16,lost,0.09460443750000001,rnn,MOT17-05,móvel
124,528,14,lost,0.3581371428571428,rnn,MOT17-05,móvel
52,516,10,kept,0.0,rnn,MOT17-05,móvel
52,549,35,lost,0.0539254,rnn,MOT17-05,móvel
53,452,1,kept,0.27673,rnn,MOT17-05,móvel
53,454,1,kept,0.25,rnn,MOT17-05,móvel
53,458,6,kept,0.3298466666666666,rnn,MOT17-05,móvel
53,520,1,kept,0.30303,rnn,MOT17-05,móvel
53,522,7,switched,0.0,rnn,MOT17-05,móvel
53,564,4,kept,0.2080245,rnn,MOT17-05,móvel
53,574,4,switched,0.0,rnn,MOT17-05,móvel
53,586,1,kept,0.32026,rnn,MOT17-05,móvel
53,588,11,lost,0.016230181818181817,rnn,MOT17-05,móvel
55,523,1,kept,0.375,rnn,MOT17-05,móvel
55,534,19,lost,0.12399521052631576,rnn,MOT17-05,móvel
57,546,1,lost,0.32432,rnn,MOT17-05,móvel
59,572,1,lost,0.38228,rnn,MOT17-05,móvel
60,578,2,lost,0.31183,rnn,MOT17-05,móvel
129,626,1,kept,0.47123,rnn,MOT17-05,móvel
67,659,1,kept,0.55224,rnn,MOT17-05,móvel
67,661,1,kept,0.35088,rnn,MOT17-05,móvel
67,669,1,kept,0.44737,rnn,MOT17-05,móvel
67,672,1,kept,0.34921,rnn,MOT17-05,móvel
67,679,2,switched,0.316857,rnn,MOT17-05,móvel
67,687,1,switched,0.44828,rnn,MOT17-05,móvel
67,689,2,kept,0.390875,rnn,MOT17-05,móvel
67,692,1,lost,0.27586,rnn,MOT17-05,móvel
65,628,7,lost,0.015727142857142856,rnn,MOT17-05,móvel
66,712,1,kept,0.06,rnn,MOT17-05,móvel
66,715,1,kept,0.34694,rnn,MOT17-05,móvel
66,723,1,kept,0.3353,rnn,MOT17-05,móvel
66,726,11,lost,0.1722566363636364,rnn,MOT17-05,móvel
109,620,26,switched,0.05230673076923077,rnn,MOT17-05,móvel
109,649,1,kept,0.073171,rnn,MOT17-05,móvel
109,651,28,kept,0.005570964285714286,rnn,MOT17-05,móvel
69,632,13,lost,0.03796,rnn,MOT17-05,móvel
71,780,45,switched,0.05911655555555556,rnn,MOT17-05,móvel
72,676,1,lost,0.38953,rnn,MOT17-05,móvel
75,684,7,kept,0.060317,rnn,MOT17-05,móvel
75,692,10,switched,0.2938982,rnn,MOT17-05,móvel
75,704,1,lost,0.25863,rnn,MOT17-05,móvel
77,695,11,lost,0.12064854545454545,rnn,MOT17-05,móvel
76,700,1,lost,0.54545,rnn,MOT17-05,móvel
81,712,1,lost,0.47482,rnn,MOT17-05,móvel
82,727,2,lost,0.48689,rnn,MOT17-05,móvel
131,714,15,switched,0.05908146666666667,rnn,MOT17-05,móvel
131,730,2,lost,0.34707,rnn,MOT17-05,móvel
136,735,1,lost,0.63636,rnn,MOT17-05,móvel
83,757,25,switched,0.12920704,rnn,MOT17-05,móvel
83,784,1,lost,0.275,rnn,MOT17-05,móvel
85,746,10,switched,0.215191,rnn,MOT17-05,móvel
86,751,2,lost,0.469265,rnn,MOT17-05,móvel
87,743,1,kept,0.32173,rnn,MOT17-05,móvel
87,764,1,kept,0.47273,rnn,MOT17-05,móvel
87,767,9,lost,0.2804011111111111,rnn,MOT17-05,móvel
88,763,1,lost,0.38168,rnn,MOT17-05,móvel
89,758,5,kept,0.0,rnn,MOT17-05,móvel
89,776,6,switched,0.46298833333333334,rnn,MOT17-05,móvel
89,785,1,lost,0.15556,rnn,MOT17-05,móvel
98,770,4,switched,0.166665,rnn,MOT17-05,móvel
98,781,9,switched,0.05499333333333334,rnn,MOT17-05,móvel
98,791,8,switched,0.16825374999999998,rnn,MOT17-05,móvel
98,831,4,kept,0.13960425,rnn,MOT17-05,móvel
141,759,22,lost,0.14462750000000002,rnn,MOT17-05,móvel
90,786,1,lost,0.64706,rnn,MOT17-05,móvel
96,768,12,switched,0.012051899999999999,rnn,MOT17-05,móvel
96,782,3,switched,0.28827733333333333,rnn,MOT17-05,móvel
96,788,1,lost,0.27027,rnn,MOT17-05,móvel
93,832,3,lost,0.3569333333333333,rnn,MOT17-05,móvel
94,784,1,switched,0.0,rnn,MOT17-05,móvel
94,788,2,kept,0.003383,rnn,MOT17-05,móvel
94,791,1,kept,0.0097459,rnn,MOT17-05,móvel
94,793,7,kept,0.24803642857142857,rnn,MOT17-05,móvel
94,803,22,lost,0.3964729545454546,rnn,MOT17-05,móvel
95,797,1,lost,0.43738,rnn,MOT17-05,móvel
97,835,1,lost,0.70833,rnn,MOT17-05,móvel
110,803,1,kept,0.35799,rnn,MOT17-05,móvel
110,805,1,kept,0.22374,rnn,MOT17-05,móvel
110,810,1,kept,0.15414,rnn,MOT17-05,móvel
110,812,3,switched,0.004388066666666667,rnn,MOT17-05,móvel
110,816,1,kept,0.072307,rnn,MOT17-05,móvel
110,823,15,lost,0.15694132666666666,rnn,MOT17-05,móvel
99,800,2,switched,0.9729749999999999,rnn,MOT17-05,móvel
99,805,14,switched,0.3588912214285714,rnn,MOT17-05,móvel
101,828,1,lost,0.55556,rnn,MOT17-05,móvel
103,823,2,lost,0.0,rnn,MOT17-05,móvel
1,96,3,lost,0.4080000000000001,rnn,MOT17-10,móvel
2,14,13,switched,0.181538,rnn,MOT17-10,móvel
2,416,28,switched,0.11135985714285715,rnn,MOT17-10,móvel
3,59,2,lost,0.36339,rnn,MOT17-10,móvel
4,119,1,switched,0.83989,rnn,MOT17-10,móvel
4,121,2,switched,0.93309,rnn,MOT17-10,móvel
4,175,1,kept,1.0,rnn,MOT17-10,móvel
4,207,15,kept,0.9736320000000002,rnn,MOT17-10,móvel
4,237,1,kept,1.0,rnn,MOT17-10,móvel
4,241,3,kept,0.9656966666666666,rnn,MOT17-10,móvel
4,248,1,switched,0.90566,rnn,MOT17-10,móvel
4,263,3,kept,0.51093,rnn,MOT17-10,móvel
4,276,23,switched,0.38331043478260873,rnn,MOT17-10,móvel
4,305,2,kept,0.38983,rnn,MOT17-10,móvel
5,50,2,lost,0.34091,rnn,MOT17-10,móvel
6,5,41,switched,0.1293633658536585,rnn,MOT17-10,móvel
6,54,3,switched,0.8679133333333334,rnn,MOT17-10,móvel
6,80,3,lost,0.5246833333333333,rnn,MOT17-10,móvel
8,49,5,lost,0.0398132,rnn,MOT17-10,móvel
12,4,1,kept,0.80597,rnn,MOT17-10,móvel
12,7,2,kept,0.7974,rnn,MOT17-10,móvel
12,10,13,switched,0.6120161538461539,rnn,MOT17-10,móvel
12,24,49,switched,0.22555057142857143,rnn,MOT17-10,móvel
12,383,11,kept,0.10880512727272727,rnn,MOT17-10,móvel
12,529,2,lost,0.455185,rnn,MOT17-10,móvel
13,25,2,switched,1.0,rnn,MOT17-10,móvel
13,28,4,switched,1.0,rnn,MOT17-10,móvel
13,120,3,switched,0.87805,rnn,MOT17-10,móvel
13,131,1,kept,0.2619,rnn,MOT17-10,móvel
13,133,63,switched,0.1466556619047619,rnn,MOT17-10,móvel
13,197,10,switched,0.20792899999999997,rnn,MOT17-10,móvel
13,223,6,kept,0.38122666666666666,rnn,MOT17-10,móvel
13,230,6,switched,0.43138666666666664,rnn,MOT17-10,móvel
13,238,1,switched,0.40539,rnn,MOT17-10,móvel
13,241,3,kept,0.44444333333333336,rnn,MOT17-10,móvel
13,245,3,kept,0.27484333333333333,rnn,MOT17-10,móvel
13,249,13,switched,0.28766230769230766,rnn,MOT17-10,móvel
13,266,1,switched,0.35556,rnn,MOT17-10,móvel
13,268,2,kept,0.32222,rnn,MOT17-10,móvel
13,271,3,switched,0.5028466666666667,rnn,MOT17-10,móvel
13,278,1,switched,0.35556,rnn,MOT17-10,móvel
13,280,1,switched,0.53333,rnn,MOT17-10,móvel
13,315,2,kept,1.0,rnn,MOT17-10,móvel
15,34,25,switched,0.03820868,rnn,MOT17-10,móvel
15,69,2,lost,0.489545,rnn,MOT17-10,móvel
18,8,1,kept,1.0,rnn,MOT17-10,móvel
18,16,1,kept,1.0,rnn,MOT17-10,móvel
18,18,2,kept,1.0,rnn,MOT17-10,móvel
18,71,6,kept,0.37150666666666665,rnn,MOT17-10,móvel
18,78,41,switched,0.10225280487804879,rnn,MOT17-10,móvel
18,123,30,switched,0.10787233333333333,rnn,MOT17-10,móvel
18,155,1,kept,0.48387,rnn,MOT17-10,móvel
18,157,1,kept,0.46875,rnn,MOT17-10,móvel
18,159,1,kept,0.63636,rnn,MOT17-10,móvel
18,165,8,switched,0.36673875,rnn,MOT17-10,móvel
18,184,2,switched,0.9066350000000001,rnn,MOT17-10,móvel
18,227,7,switched,0.36620428571428576,rnn,MOT17-10,móvel
18,236,3,kept,0.34149999999999997,rnn,MOT17-10,móvel
18,242,3,kept,0.20607666666666669,rnn,MOT17-10,móvel
18,246,1,kept,0.41146,rnn,MOT17-10,móvel
18,439,1,kept,1.0,rnn,MOT17-10,móvel
18,441,1,kept,1.0,rnn,MOT17-10,móvel
18,485,2,switched,1.0,rnn,MOT17-10,móvel
18,503,1,kept,1.0,rnn,MOT17-10,móvel
18,603,3,lost,0.36149666666666663,rnn,MOT17-10,móvel
22,25,7,switched,0.6898685714285715,rnn,MOT17-10,móvel
23,11,2,kept,0.21698,rnn,MOT17-10,móvel
23,15,3,kept,0.13292666666666667,rnn,MOT17-10,móvel
23,19,55,switched,0.04418567345454545,rnn,MOT17-10,móvel
23,89,21,kept,0.0,rnn,MOT17-10,móvel
23,119,1,kept,1.0,rnn,MOT17-10,móvel
23,160,1,kept,1.0,rnn,MOT17-10,móvel
23,247,1,kept,0.19983,rnn,MOT17-10,móvel
23,249,19,switched,0.03315747157894737,rnn,MOT17-10,móvel
23,285,2,kept,0.73043,rnn,MOT17-10,móvel
23,293,23,switched,0.19093426086956522,rnn,MOT17-10,móvel
23,349,34,switched,0.054603132352941175,rnn,MOT17-10,móvel
23,585,17,lost,0.1254904705882353,rnn,MOT17-10,móvel
26,5,3,switched,0.39414999999999994,rnn,MOT17-10,móvel
26,16,2,kept,0.5178,rnn,MOT17-10,móvel
26,20,5,switched,0.164676,rnn,MOT17-10,móvel
26,44,1,kept,0.20381,rnn,MOT17-10,móvel
26,46,1,kept,0.26855,rnn,MOT17-10,móvel
26,51,1,kept,0.51724,rnn,MOT17-10,móvel
26,54,45,switched,0.08653558444444447,rnn,MOT17-10,móvel
26,102,2,kept,0.578125,rnn,MOT17-10,móvel
26,121,2,switched,1.0,rnn,MOT17-10,móvel
26,143,2,kept,0.28607,rnn,MOT17-10,móvel
26,146,47,switched,0.13302399361702127,rnn,MOT17-10,móvel
26,372,2,switched,1.0,rnn,MOT17-10,móvel
27,5,2,switched,0.799785,rnn,MOT17-10,móvel
27,14,2,switched,0.858725,rnn,MOT17-10,móvel
27,18,2,switched,0.9591149999999999,rnn,MOT17-10,móvel
27,22,1,switched,0.55072,rnn,MOT17-10,móvel
27,25,2,switched,0.539855,rnn,MOT17-10,móvel
27,28,1,switched,0.52899,rnn,MOT17-10,móvel
27,33,2,switched,0.49346500000000004,rnn,MOT17-10,móvel
27,36,4,switched,0.616815,rnn,MOT17-10,móvel
27,60,5,lost,0.048,rnn,MOT17-10,móvel
28,18,1,switched,0.54545,rnn,MOT17-10,móvel
28,22,2,switched,0.704545,rnn,MOT17-10,móvel
28,25,1,switched,0.54545,rnn,MOT17-10,móvel
28,31,6,switched,0.94697,rnn,MOT17-10,móvel
28,43,1,kept,0.85714,rnn,MOT17-10,móvel
28,45,2,switched,0.85714,rnn,MOT17-10,móvel
28,55,1,switched,1.0,rnn,MOT17-10,móvel
28,65,2,lost,0.0,rnn,MOT17-10,móvel
38,14,2,switched,1.0,rnn,MOT17-10,móvel
38,27,1,switched,1.0,rnn,MOT17-10,móvel
38,29,1,switched,1.0,rnn,MOT17-10,móvel
38,47,2,switched,1.0,rnn,MOT17-10,móvel
38,59,1,lost,0.0,rnn,MOT17-10,móvel
39,5,2,switched,1.0,rnn,MOT17-10,móvel
39,15,1,switched,1.0,rnn,MOT17-10,móvel
39,18,2,switched,1.0,rnn,MOT17-10,móvel
39,23,2,switched,0.975835,rnn,MOT17-10,móvel
39,26,1,switched,1.0,rnn,MOT17-10,móvel
39,28,1,switched,1.0,rnn,MOT17-10,móvel
39,50,1,lost,0.64538,rnn,MOT17-10,móvel
40,5,1,kept,0.59091,rnn,MOT17-10,móvel
40,19,1,kept,1.0,rnn,MOT17-10,móvel
40,25,2,switched,1.0,rnn,MOT17-10,móvel
40,28,1,switched,1.0,rnn,MOT17-10,móvel
40,30,1,switched,1.0,rnn,MOT17-10,móvel
40,49,1,switched,1.0,rnn,MOT17-10,móvel
40,51,2,switched,1.0,rnn,MOT17-10,móvel
40,55,1,switched,1.0,rnn,MOT17-10,móvel
40,67,4,lost,0.0,rnn,MOT17-10,móvel
41,13,1,kept,0.71429,rnn,MOT17-10,móvel
41,17,2,kept,1.0,rnn,MOT17-10,móvel
41,24,8,switched,0.988095,rnn,MOT17-10,móvel
41,37,2,switched,1.0,rnn,MOT17-10,móvel
41,54,3,switched,1.0,rnn,MOT17-10,móvel
41,72,43,switched,0.44007976744186045,rnn,MOT17-10,móvel
41,116,68,switched,0.28807564117647066,rnn,MOT17-10,móvel
41,186,2,kept,0.94426,rnn,MOT17-10,móvel
41,189,2,kept,0.92761,rnn,MOT17-10,móvel
41,192,9,lost,0.8885033333333334,rnn,MOT17-10,móvel
43,121,2,switched,0.944445,rnn,MOT17-10,móvel
43,126,1,kept,0.51852,rnn,MOT17-10,móvel
43,146,1,kept,0.5,rnn,MOT17-10,móvel
43,151,3,kept,0.34615,rnn,MOT17-10,móvel
43,157,3,kept,0.47436000000000006,rnn,MOT17-10,móvel
43,163,1,kept,0.33333,rnn,MOT17-10,móvel
43,165,1,kept,0.40741,rnn,MOT17-10,móvel
43,174,1,kept,0.55556,rnn,MOT17-10,móvel
43,196,1,kept,0.48148,rnn,MOT17-10,móvel
43,201,11,lost,0.07899545454545455,rnn,MOT17-10,móvel
11,46,8,kept,0.40550875,rnn,MOT17-10,móvel
11,56,1,kept,0.49576,rnn,MOT17-10,móvel
11,94,29,kept,0.10881265517241381,rnn,MOT17-10,móvel
24,96,20,kept,0.13276375,rnn,MOT17-10,móvel
24,118,1,kept,0.27759,rnn,MOT17-10,móvel
24,232,1,kept,0.26018,rnn,MOT17-10,móvel
24,234,19,switched,0.111641,rnn,MOT17-10,móvel
24,258,8,lost,0.15564725000000001,rnn,MOT17-10,móvel
42,54,2,switched,0.59091,rnn,MOT17-10,móvel
42,61,1,kept,0.59091,rnn,MOT17-10,móvel
42,70,3,lost,0.0,rnn,MOT17-10,móvel
7,70,1,switched,0.52778,rnn,MOT17-10,móvel
7,410,1,lost,0.50774,rnn,MOT17-10,móvel
29,122,1,switched,0.54286,rnn,MOT17-10,móvel
29,201,2,switched,0.69086,rnn,MOT17-10,móvel
29,350,2,lost,0.47058500000000003,rnn,MOT17-10,móvel
30,106,1,kept,0.57143,rnn,MOT17-10,móvel
30,113,2,switched,0.703705,rnn,MOT17-10,móvel
30,116,6,switched,0.10493799999999999,rnn,MOT17-10,móvel
30,161,1,kept,0.78571,rnn,MOT17-10,móvel
30,175,1,kept,0.72414,rnn,MOT17-10,móvel
30,179,1,kept,0.58065,rnn,MOT17-10,móvel
30,187,1,kept,0.65625,rnn,MOT17-10,móvel
30,201,1,kept,0.625,rnn,MOT17-10,móvel
30,204,3,kept,0.65625,rnn,MOT17-10,móvel
30,229,1,kept,0.54762,rnn,MOT17-10,móvel
30,243,2,kept,0.4754,rnn,MOT17-10,móvel
30,248,1,kept,0.52083,rnn,MOT17-10,móvel
30,278,1,kept,0.5814,rnn,MOT17-10,móvel
30,287,1,kept,0.53061,rnn,MOT17-10,móvel
30,289,1,kept,0.53846,rnn,MOT17-10,móvel
30,319,1,kept,0.48485,rnn,MOT17-10,móvel
30,322,1,kept,1.0,rnn,MOT17-10,móvel
30,324,1,kept,1.0,rnn,MOT17-10,móvel
30,328,2,kept,0.385595,rnn,MOT17-10,móvel
30,337,2,kept,0.48005,rnn,MOT17-10,móvel
30,340,5,lost,0.27987799999999996,rnn,MOT17-10,móvel
34,110,46,switched,0.024540326086956527,rnn,MOT17-10,móvel
34,166,1,switched,0.36872,rnn,MOT17-10,móvel
34,191,1,kept,0.25909,rnn,MOT17-10,móvel
34,194,100,switched,0.03508655,rnn,MOT17-10,móvel
34,308,1,kept,0.49242,rnn,MOT17-10,móvel
34,310,5,kept,0.480302,rnn,MOT17-10,móvel
34,335,1,kept,0.54545,rnn,MOT17-10,móvel
34,342,2,switched,0.533335,rnn,MOT17-10,móvel
34,353,10,switched,0.591739,rnn,MOT17-10,móvel
34,365,21,switched,0.07257657142857143,rnn,MOT17-10,móvel
34,438,73,switched,0.0316913698630137,rnn,MOT17-10,móvel
34,576,3,lost,0.19482,rnn,MOT17-10,móvel
9,146,1,kept,0.4837,rnn,MOT17-10,móvel
9,365,36,lost,0.3240413888888889,rnn,MOT17-10,móvel
45,172,1,kept,1.0,rnn,MOT17-10,móvel
45,174,1,kept,1.0,rnn,MOT17-10,móvel
45,176,1,kept,1.0,rnn,MOT17-10,móvel
45,274,1,kept,1.0,rnn,MOT17-10,móvel
45,281,1,kept,1.0,rnn,MOT17-10,móvel
45,283,1,switched,1.0,rnn,MOT17-10,móvel
45,285,1,kept,1.0,rnn,MOT17-10,móvel
45,313,3,kept,1.0,rnn,MOT17-10,móvel
45,332,22,switched,0.17071891045454546,rnn,MOT17-10,móvel
45,360,29,lost,0.32549655172413794,rnn,MOT17-10,móvel
54,185,3,kept,0.20311999999999997,rnn,MOT17-10,móvel
54,190,2,kept,0.30196999999999996,rnn,MOT17-10,móvel
54,195,8,switched,0.46311625,rnn,MOT17-10,móvel
54,206,4,switched,0.19962999999999997,rnn,MOT17-10,móvel
54,211,2,kept,0.32857000000000003,rnn,MOT17-10,móvel
54,218,1,kept,0.30099,rnn,MOT17-10,móvel
54,265,7,kept,0.1691977142857143,rnn,MOT17-10,móvel
54,273,11,switched,0.14537854545454545,rnn,MOT17-10,móvel
54,286,2,kept,0.20211,rnn,MOT17-10,móvel
54,289,2,kept,0.50415,rnn,MOT17-10,móvel
54,292,3,kept,0.28481666666666666,rnn,MOT17-10,móvel
54,297,9,kept,0.17068922222222221,rnn,MOT17-10,móvel
54,308,28,lost,0.025708214285714286,rnn,MOT17-10,móvel
44,159,1,switched,0.98195,rnn,MOT17-10,móvel
44,162,1,switched,0.84492,rnn,MOT17-10,móvel
44,164,1,switched,0.80147,rnn,MOT17-10,móvel
44,166,1,switched,0.85561,rnn,MOT17-10,móvel
44,168,1,switched,0.94203,rnn,MOT17-10,móvel
44,170,7,switched,0.9980128571428571,rnn,MOT17-10,móvel
44,188,2,kept,0.98064,rnn,MOT17-10,móvel
44,198,1,kept,0.9391,rnn,MOT17-10,móvel
44,200,4,switched,0.9401725,rnn,MOT17-10,móvel
44,205,4,switched,0.91119,rnn,MOT17-10,móvel
44,211,2,switched,0.90812,rnn,MOT17-10,móvel
44,262,1,kept,0.25115,rnn,MOT17-10,móvel
71,244,1,kept,0.034455,rnn,MOT17-10,móvel
71,257,1,kept,0.81132,rnn,MOT17-10,móvel
71,259,2,switched,0.79245,rnn,MOT17-10,móvel
71,264,12,kept,0.4083941666666666,rnn,MOT17-10,móvel
71,279,5,switched,0.8954599999999999,rnn,MOT17-10,móvel
71,286,5,switched,0.7665519999999999,rnn,MOT17-10,móvel
71,292,5,switched,0.985454,rnn,MOT17-10,móvel
71,304,1,kept,0.84483,rnn,MOT17-10,móvel
71,312,1,switched,0.80454,rnn,MOT17-10,móvel
71,314,26,switched,0.19329526923076923,rnn,MOT17-10,móvel
71,348,22,kept,0.03734761363636364,rnn,MOT17-10,móvel
71,372,10,switched,0.1588041,rnn,MOT17-10,móvel
71,383,20,kept,0.11569221999999998,rnn,MOT17-10,móvel
71,414,1,kept,0.26223,rnn,MOT17-10,móvel
71,417,16,switched,0.110733375,rnn,MOT17-10,móvel
71,436,1,kept,0.34783,rnn,MOT17-10,móvel
71,447,1,switched,0.86957,rnn,MOT17-10,móvel
71,450,1,kept,0.82609,rnn,MOT17-10,móvel
71,466,7,kept,1.0,rnn,MOT17-10,móvel
71,515,4,kept,1.0,rnn,MOT17-10,móvel
71,531,1,kept,1.0,rnn,MOT17-10,móvel
71,533,1,kept,1.0,rnn,MOT17-10,móvel
71,535,1,kept,1.0,rnn,MOT17-10,móvel
71,560,1,kept,0.56522,rnn,MOT17-10,móvel
71,562,1,lost,0.30435,rnn,MOT17-10,móvel
16,161,2,lost,0.28081999999999996,rnn,MOT17-10,móvel
25,167,1,switched,0.44118,rnn,MOT17-10,móvel
25,171,9,switched,0.3692811111111111,rnn,MOT17-10,móvel
25,186,248,switched,0.1661985816129032,rnn,MOT17-10,móvel
25,436,3,kept,0.2960633333333333,rnn,MOT17-10,móvel
25,440,1,kept,0.21429,rnn,MOT17-10,móvel
25,442,1,kept,0.49153,rnn,MOT17-10,móvel
25,444,20,switched,0.28394774999999994,rnn,MOT17-10,móvel
25,466,1,kept,0.34328,rnn,MOT17-10,móvel
25,468,1,kept,0.38806,rnn,MOT17-10,móvel
25,476,9,switched,0.2399133333333333,rnn,MOT17-10,móvel
25,486,8,kept,0.30409375000000005,rnn,MOT17-10,móvel
25,495,6,switched,0.3156933333333334,rnn,MOT17-10,móvel
25,504,4,kept,0.315575,rnn,MOT17-10,móvel
25,509,3,kept,0.2790066666666667,rnn,MOT17-10,móvel
25,514,1,kept,0.35955,rnn,MOT17-10,móvel
25,518,2,kept,0.353935,rnn,MOT17-10,móvel
25,521,1,kept,0.44944,rnn,MOT17-10,móvel
25,523,1,kept,0.40909,rnn,MOT17-10,móvel
25,526,2,kept,0.403295,rnn,MOT17-10,móvel
25,531,1,kept,0.3871,rnn,MOT17-10,móvel
25,533,2,kept,0.41359999999999997,rnn,MOT17-10,móvel
25,542,2,kept,0.41146,rnn,MOT17-10,móvel
25,545,2,kept,0.424065,rnn,MOT17-10,móvel
25,614,4,lost,0.3705225,rnn,MOT17-10,móvel
10,317,6,lost,0.36308500000000005,rnn,MOT17-10,móvel
31,193,34,switched,0.0023556323529411766,rnn,MOT17-10,móvel
31,228,2,switched,0.1487805,rnn,MOT17-10,móvel
31,234,3,switched,0.5416666666666666,rnn,MOT17-10,móvel
31,239,46,switched,0.04104041304347827,rnn,MOT17-10,móvel
31,288,15,kept,0.32449333333333336,rnn,MOT17-10,móvel
31,314,2,kept,0.652975,rnn,MOT17-10,móvel
31,318,3,kept,0.31109000000000003,rnn,MOT17-10,móvel
31,326,1,switched,0.33405,rnn,MOT17-10,móvel
31,332,2,switched,0.31166,rnn,MOT17-10,móvel
31,340,3,kept,0.4368433333333333,rnn,MOT17-10,móvel
31,363,2,switched,0.22754000000000002,rnn,MOT17-10,móvel
31,369,1,kept,0.41339,rnn,MOT17-10,móvel
31,372,1,kept,0.22079,rnn,MOT17-10,móvel
31,374,54,switched,0.030557888888888884,rnn,MOT17-10,móvel
31,473,1,lost,0.41558,rnn,MOT17-10,móvel
32,222,1,kept,0.46512,rnn,MOT17-10,móvel
32,229,1,switched,0.25581,rnn,MOT17-10,móvel
32,234,7,switched,0.0010441428571428572,rnn,MOT17-10,móvel
32,244,4,switched,0.0,rnn,MOT17-10,móvel
32,249,5,switched,0.0,rnn,MOT17-10,móvel
32,255,18,switched,0.1790626111111111,rnn,MOT17-10,móvel
32,276,3,kept,1.0,rnn,MOT17-10,móvel
32,280,3,switched,1.0,rnn,MOT17-10,móvel
32,285,1,kept,0.34728,rnn,MOT17-10,móvel
32,287,1,switched,1.0,rnn,MOT17-10,móvel
32,312,1,kept,0.5641,rnn,MOT17-10,móvel
32,316,1,switched,0.19336,rnn,MOT17-10,móvel
32,323,2,switched,0.54545,rnn,MOT17-10,móvel
32,329,1,kept,0.56667,rnn,MOT17-10,móvel
32,339,1,kept,0.48297,rnn,MOT17-10,móvel
32,344,9,switched,0.11806355555555556,rnn,MOT17-10,móvel
32,369,1,kept,0.49907,rnn,MOT17-10,móvel
32,374,44,switched,0.03673406818181818,rnn,MOT17-10,móvel
56,265,1,kept,0.95091,rnn,MOT17-10,móvel
56,268,3,kept,0.9027599999999999,rnn,MOT17-10,móvel
56,276,2,switched,1.0,rnn,MOT17-10,móvel
56,281,2,switched,0.934785,rnn,MOT17-10,móvel
56,302,15,switched,0.011608466666666668,rnn,MOT17-10,móvel
56,328,8,switched,0.23863687500000003,rnn,MOT17-10,móvel
56,337,22,switched,0.12396727272727272,rnn,MOT17-10,móvel
56,369,2,switched,1.0,rnn,MOT17-10,móvel
56,473,17,kept,0.15151788235294117,rnn,MOT17-10,móvel
57,230,1,kept,0.83443,rnn,MOT17-10,móvel
57,234,4,switched,0.7512675,rnn,MOT17-10,móvel
57,240,1,kept,0.57648,rnn,MOT17-10,móvel
57,246,1,switched,0.71135,rnn,MOT17-10,móvel
57,248,1,kept,0.71217,rnn,MOT17-10,móvel
57,262,3,kept,0.7014933333333332,rnn,MOT17-10,móvel
57,266,1,kept,0.74627,rnn,MOT17-10,móvel
57,268,1,kept,0.73798,rnn,MOT17-10,móvel
57,274,2,switched,0.79104,rnn,MOT17-10,móvel
57,277,1,switched,0.79104,rnn,MOT17-10,móvel
57,284,1,kept,0.79104,rnn,MOT17-10,móvel
57,305,22,switched,0.134291,rnn,MOT17-10,móvel
57,334,1,kept,0.91667,rnn,MOT17-10,móvel
57,341,23,switched,0.0678218695652174,rnn,MOT17-10,móvel
57,368,3,switched,0.9121833333333332,rnn,MOT17-10,móvel
57,443,1,kept,0.40766,rnn,MOT17-10,móvel
57,445,13,kept,0.11246500000000001,rnn,MOT17-10,móvel
57,460,1,kept,0.21107,rnn,MOT17-10,móvel
57,465,1,kept,0.44595,rnn,MOT17-10,móvel
59,281,2,kept,0.76271,rnn,MOT17-10,móvel
59,287,6,switched,0.8615816666666666,rnn,MOT17-10,móvel
59,311,1,switched,0.7,rnn,MOT17-10,móvel
59,319,1,kept,0.86441,rnn,MOT17-10,móvel
59,325,1,kept,0.3913,rnn,MOT17-10,móvel
59,327,15,switched,0.014492533333333335,rnn,MOT17-10,móvel
59,348,1,kept,0.79104,rnn,MOT17-10,móvel
59,351,21,switched,0.005718095238095238,rnn,MOT17-10,móvel
59,374,2,switched,0.723385,rnn,MOT17-10,móvel
59,399,1,kept,0.68,rnn,MOT17-10,móvel
59,403,26,switched,0.4646627692307692,rnn,MOT17-10,móvel
59,431,1,kept,0.29212,rnn,MOT17-10,móvel
59,433,22,switched,0.09925611818181816,rnn,MOT17-10,móvel
59,457,2,switched,0.544295,rnn,MOT17-10,móvel
14,270,1,kept,1.0,rnn,MOT17-10,móvel
14,281,1,kept,1.0,rnn,MOT17-10,móvel
14,493,1,kept,0.45161,rnn,MOT17-10,móvel
14,495,1,kept,0.35556,rnn,MOT17-10,móvel
14,498,2,kept,0.29776,rnn,MOT17-10,móvel
14,501,38,switched,0.09972781578947369,rnn,MOT17-10,móvel
49,352,2,kept,0.275,rnn,MOT17-10,móvel
49,355,2,kept,0.275,rnn,MOT17-10,móvel
49,362,4,switched,0.9875,rnn,MOT17-10,móvel
49,368,1,kept,1.0,rnn,MOT17-10,móvel
49,370,3,switched,1.0,rnn,MOT17-10,móvel
49,377,11,kept,0.6758372727272727,rnn,MOT17-10,móvel
49,401,1,kept,1.0,rnn,MOT17-10,móvel
49,447,1,kept,1.0,rnn,MOT17-10,móvel
49,478,3,kept,1.0,rnn,MOT17-10,móvel
49,518,3,kept,1.0,rnn,MOT17-10,móvel
49,522,1,kept,1.0,rnn,MOT17-10,móvel
49,526,1,kept,1.0,rnn,MOT17-10,móvel
49,621,1,kept,0.66667,rnn,MOT17-10,móvel
49,632,4,kept,0.26723749999999996,rnn,MOT17-10,móvel
49,637,4,lost,0.08505725,rnn,MOT17-10,móvel
33,399,2,kept,0.28571,rnn,MOT17-10,móvel
33,406,1,kept,0.35714,rnn,MOT17-10,móvel
33,429,2,kept,0.55357,rnn,MOT17-10,móvel
33,478,1,kept,1.0,rnn,MOT17-10,móvel
33,480,1,kept,1.0,rnn,MOT17-10,móvel
50,410,6,kept,0.3810766666666667,rnn,MOT17-10,móvel
50,417,7,switched,0.3327414285714286,rnn,MOT17-10,móvel
50,425,2,kept,0.244855,rnn,MOT17-10,móvel
50,428,14,switched,0.546175,rnn,MOT17-10,móvel
50,443,2,kept,0.367915,rnn,MOT17-10,móvel
50,446,3,kept,0.20370533333333332,rnn,MOT17-10,móvel
50,450,3,kept,0.032124,rnn,MOT17-10,móvel
50,454,5,kept,0.33872,rnn,MOT17-10,móvel
50,468,1,kept,0.7,rnn,MOT17-10,móvel
50,472,1,kept,0.66667,rnn,MOT17-10,móvel
50,568,2,kept,0.98007,rnn,MOT17-10,móvel
50,578,3,switched,0.9434933333333334,rnn,MOT17-10,móvel
50,590,2,switched,1.0,rnn,MOT17-10,móvel
50,618,1,kept,1.0,rnn,MOT17-10,móvel
50,639,1,kept,1.0,rnn,MOT17-10,móvel
50,651,1,kept,1.0,rnn,MOT17-10,móvel
46,587,4,lost,0.46363750000000004,rnn,MOT17-10,móvel
48,549,1,kept,1.0,rnn,MOT17-10,móvel
48,642,12,switched,0.46637749999999994,rnn,MOT17-10,móvel
47,529,2,kept,0.275865,rnn,MOT17-10,móvel
47,532,42,switched,0.09678766666666667,rnn,MOT17-10,móvel
47,633,2,lost,0.5340900000000001,rnn,MOT17-10,móvel
72,596,59,lost,0.7357899999999999,rnn,MOT17-10,móvel
67,541,7,kept,0.41496428571428573,rnn,MOT17-10,móvel
67,550,3,kept,0.4920633333333333,rnn,MOT17-10,móvel
67,555,3,switched,0.5505033333333333,rnn,MOT17-10,móvel
67,566,3,kept,0.8115933333333333,rnn,MOT17-10,móvel
67,577,3,kept,1.0,rnn,MOT17-10,móvel
67,582,7,switched,0.47767571428571426,rnn,MOT17-10,móvel
67,591,1,kept,0.63315,rnn,MOT17-10,móvel
67,606,12,switched,0.27044999999999997,rnn,MOT17-10,móvel
68,548,2,kept,0.5592699999999999,rnn,MOT17-10,móvel
68,553,2,kept,1.0,rnn,MOT17-10,móvel
68,560,6,switched,0.6205116666666666,rnn,MOT17-10,móvel
68,572,1,kept,1.0,rnn,MOT17-10,móvel
68,581,1,switched,0.53417,rnn,MOT17-10,móvel
68,583,1,switched,0.57833,rnn,MOT17-10,móvel
68,590,1,switched,0.70748,rnn,MOT17-10,móvel
68,604,1,kept,1.0,rnn,MOT17-10,móvel
68,612,2,switched,0.78,rnn,MOT17-10,móvel
68,639,1,kept,1.0,rnn,MOT17-10,móvel
66,562,1,kept,1.0,rnn,MOT17-10,móvel
66,565,1,kept,1.0,rnn,MOT17-10,móvel
66,568,1,kept,0.68182,rnn,MOT17-10,móvel
66,587,1,kept,1.0,rnn,MOT17-10,móvel
66,600,2,switched,0.78261,rnn,MOT17-10,móvel
66,618,1,switched,0.83333,rnn,MOT17-10,móvel
66,645,1,switched,0.73566,rnn,MOT17-10,móvel
65,558,2,switched,0.823075,rnn,MOT17-10,móvel
1,708,20,kept,0.06051415,rnn,MOT17-11,móvel
1,746,14,kept,0.04433171428571429,rnn,MOT17-11,móvel
2,10,4,lost,0.40841,rnn,MOT17-11,móvel
4,98,2,kept,0.5002850000000001,rnn,MOT17-11,móvel
4,101,2,lost,0.39483,rnn,MOT17-11,móvel
5,253,3,lost,0.13125933333333334,rnn,MOT17-11,móvel
6,67,1,kept,0.40741,rnn,MOT17-11,móvel
6,70,2,kept,0.28704,rnn,MOT17-11,móvel
6,91,73,switched,0.10638966712328768,rnn,MOT17-11,móvel
6,267,2,lost,0.38590500000000005,rnn,MOT17-11,móvel
13,267,6,kept,0.2388916666666667,rnn,MOT17-11,móvel
13,285,1,lost,0.21911,rnn,MOT17-11,móvel
14,14,1,kept,0.51724,rnn,MOT17-11,móvel
14,16,1,kept,0.56034,rnn,MOT17-11,móvel
14,318,1,kept,0.31188,rnn,MOT17-11,móvel
14,320,16,kept,0.1048635,rnn,MOT17-11,móvel
14,618,1,kept,0.51029,rnn,MOT17-11,móvel
14,620,6,kept,0.47273000000000004,rnn,MOT17-11,móvel
14,635,45,lost,0.4059751111111111,rnn,MOT17-11,móvel
16,23,1,lost,0.5,rnn,MOT17-11,móvel
17,6,2,kept,0.24452999999999997,rnn,MOT17-11,móvel
17,15,1,kept,0.39581,rnn,MOT17-11,móvel
17,18,2,switched,0.40347,rnn,MOT17-11,móvel
17,23,2,switched,0.55543,rnn,MOT17-11,móvel
17,26,3,switched,0.6242133333333334,rnn,MOT17-11,móvel
17,114,2,lost,0.554955,rnn,MOT17-11,móvel
18,17,2,kept,0.36746999999999996,rnn,MOT17-11,móvel
18,21,4,switched,0.430085,rnn,MOT17-11,móvel
25,110,2,kept,0.7886599999999999,rnn,MOT17-11,móvel
25,174,2,kept,0.37619,rnn,MOT17-11,móvel
25,178,10,kept,0.343783,rnn,MOT17-11,móvel
25,189,58,switched,0.0957522896551724,rnn,MOT17-11,móvel
25,252,2,kept,0.38854500000000003,rnn,MOT17-11,móvel
25,255,1,kept,0.33333,rnn,MOT17-11,móvel
25,261,3,kept,0.12650399999999998,rnn,MOT17-11,móvel
25,265,26,switched,0.20770603846153846,rnn,MOT17-11,móvel
25,294,1,kept,0.44954,rnn,MOT17-11,móvel
25,377,4,kept,0.39024000000000003,rnn,MOT17-11,móvel
25,382,1,kept,0.3629,rnn,MOT17-11,móvel
25,385,1,kept,0.37097,rnn,MOT17-11,móvel
25,387,2,kept,0.373485,rnn,MOT17-11,móvel
25,390,1,kept,0.376,rnn,MOT17-11,móvel
25,392,1,kept,0.416,rnn,MOT17-11,móvel
25,394,2,kept,0.46399999999999997,rnn,MOT17-11,móvel
25,516,1,kept,0.48936,rnn,MOT17-11,móvel
25,523,1,kept,0.4539,rnn,MOT17-11,móvel
25,527,1,kept,0.43262,rnn,MOT17-11,móvel
25,539,1,kept,0.51296,rnn,MOT17-11,móvel
25,549,3,switched,0.40864666666666666,rnn,MOT17-11,móvel
25,694,7,kept,0.004668571428571429,rnn,MOT17-11,móvel
25,705,17,switched,0.08068911764705883,rnn,MOT17-11,móvel
25,730,1,kept,0.58333,rnn,MOT17-11,móvel
25,732,25,switched,0.19665732,rnn,MOT17-11,móvel
28,26,9,lost,0.02716,rnn,MOT17-11,móvel
29,11,2,switched,0.40090000000000003,rnn,MOT17-11,móvel
29,23,1,switched,0.42478,rnn,MOT17-11,móvel
29,25,1,switched,0.48673,rnn,MOT17-11,móvel
29,27,1,switched,0.53982,rnn,MOT17-11,móvel
29,40,2,switched,0.44298,rnn,MOT17-11,móvel
29,43,2,kept,0.41483499999999995,rnn,MOT17-11,móvel
29,61,1,kept,0.18227,rnn,MOT17-11,móvel
29,71,1,kept,0.29872,rnn,MOT17-11,móvel
29,136,1,kept,0.38938,rnn,MOT17-11,móvel
29,140,4,lost,0.16320675,rnn,MOT17-11,móvel
30,7,1,kept,0.14583,rnn,MOT17-11,móvel
30,9,2,switched,0.17289500000000002,rnn,MOT17-11,móvel
30,17,2,switched,0.083981,rnn,MOT17-11,móvel
30,21,1,kept,0.0,rnn,MOT17-11,móvel
30,24,1,switched,0.19743,rnn,MOT17-11,móvel
30,26,3,switched,0.2594033333333334,rnn,MOT17-11,móvel
30,31,9,switched,0.1690233333333333,rnn,MOT17-11,móvel
30,41,1,kept,0.17541,rnn,MOT17-11,móvel
30,45,7,kept,0.11651457142857143,rnn,MOT17-11,móvel
30,56,1,kept,0.18867,rnn,MOT17-11,móvel
30,59,2,kept,0.118715,rnn,MOT17-11,móvel
30,66,6,switched,0.19632166666666664,rnn,MOT17-11,móvel
30,80,1,kept,0.22417,rnn,MOT17-11,móvel
30,98,1,kept,0.125,rnn,MOT17-11,móvel
30,107,2,switched,0.341075,rnn,MOT17-11,móvel
30,135,1,kept,0.18512,rnn,MOT17-11,móvel
30,137,1,kept,0.19073,rnn,MOT17-11,móvel
30,148,2,kept,0.16408,rnn,MOT17-11,móvel
79,8,1,kept,0.58824,rnn,MOT17-11,móvel
79,15,9,lost,0.09586111111111112,rnn,MOT17-11,móvel
19,30,21,switched,0.26639595238095237,rnn,MOT17-11,móvel
19,52,1,kept,0.57143,rnn,MOT17-11,móvel
19,54,4,lost,0.215115,rnn,MOT17-11,móvel
24,133,6,kept,1.0,rnn,MOT17-11,móvel
24,141,12,kept,1.0,rnn,MOT17-11,móvel
24,154,1,kept,1.0,rnn,MOT17-11,móvel
24,156,11,switched,1.0,rnn,MOT17-11,móvel
24,173,11,lost,0.49992000000000003,rnn,MOT17-11,móvel
88,98,2,lost,0.22368500000000002,rnn,MOT17-11,móvel
26,112,3,switched,0.33735,rnn,MOT17-11,móvel
26,116,1,kept,0.36585,rnn,MOT17-11,móvel
26,120,1,kept,0.41975,rnn,MOT17-11,móvel
76,125,3,lost,0.02141736666666667,rnn,MOT17-11,móvel
77,126,2,kept,0.247645,rnn,MOT17-11,móvel
77,131,4,kept,0.02678575,rnn,MOT17-11,móvel
77,137,2,kept,0.0,rnn,MOT17-11,móvel
77,140,11,kept,0.0,rnn,MOT17-11,móvel
77,152,9,lost,0.0,rnn,MOT17-11,móvel
55,183,1,kept,0.11765,rnn,MOT17-11,móvel
55,186,37,lost,0.2106517027027027,rnn,MOT17-11,móvel
20,307,2,lost,0.46531500000000003,rnn,MOT17-11,móvel
89,211,1,kept,0.58511,rnn,MOT17-11,móvel
89,215,2,kept,0.362245,rnn,MOT17-11,móvel
89,326,1,lost,0.33247,rnn,MOT17-11,móvel
32,263,1,kept,0.7619,rnn,MOT17-11,móvel
32,304,1,kept,0.77083,rnn,MOT17-11,móvel
32,324,2,kept,0.5104150000000001,rnn,MOT17-11,móvel
32,328,102,switched,0.06234921568627451,rnn,MOT17-11,móvel
32,463,5,kept,0.296584,rnn,MOT17-11,móvel
32,469,71,switched,0.017253704225352114,rnn,MOT17-11,móvel
7,279,1,kept,0.40476,rnn,MOT17-11,móvel
7,423,5,lost,0.29149600000000003,rnn,MOT17-11,móvel
59,260,8,switched,0.6550475,rnn,MOT17-11,móvel
59,269,1,kept,0.64423,rnn,MOT17-11,móvel
59,271,1,kept,0.72115,rnn,MOT17-11,móvel
59,302,1,switched,1.0,rnn,MOT17-11,móvel
59,304,2,switched,1.0,rnn,MOT17-11,móvel
27,254,1,kept,0.39623,rnn,MOT17-11,móvel
27,257,3,kept,0.54547,rnn,MOT17-11,móvel
27,342,1,kept,0.53435,rnn,MOT17-11,móvel
27,344,2,lost,0.35991,rnn,MOT17-11,móvel
31,429,19,switched,0.40408263157894736,rnn,MOT17-11,móvel
31,454,2,kept,0.46909999999999996,rnn,MOT17-11,móvel
31,458,100,switched,0.081927228,rnn,MOT17-11,móvel
31,583,1,kept,0.40559,rnn,MOT17-11,móvel
31,585,1,kept,0.32168,rnn,MOT17-11,móvel
31,587,3,lost,0.24888333333333335,rnn,MOT17-11,móvel
45,440,9,lost,0.2523388888888889,rnn,MOT17-11,móvel
10,375,2,kept,0.267015,rnn,MOT17-11,móvel
10,403,1,kept,0.47619,rnn,MOT17-11,móvel
10,405,2,kept,0.37059,rnn,MOT17-11,móvel
10,408,1,kept,0.36047,rnn,MOT17-11,móvel
10,411,3,kept,0.27455999999999997,rnn,MOT17-11,móvel
10,415,3,kept,0.16296333333333335,rnn,MOT17-11,móvel
10,419,1,kept,0.30337,rnn,MOT17-11,móvel
10,421,8,kept,0.37007,rnn,MOT17-11,móvel
10,430,39,switched,0.19573480769230775,rnn,MOT17-11,móvel
10,562,10,lost,0.25851399999999997,rnn,MOT17-11,móvel
12,551,2,lost,0.10543050000000001,rnn,MOT17-11,móvel
39,432,2,switched,0.16451,rnn,MOT17-11,móvel
39,468,1,kept,0.5,rnn,MOT17-11,móvel
39,563,5,switched,0.09069259999999998,rnn,MOT17-11,móvel
39,569,2,kept,0.250815,rnn,MOT17-11,móvel
39,685,31,switched,0.034288451612903226,rnn,MOT17-11,móvel
39,788,3,lost,0.37897333333333333,rnn,MOT17-11,móvel
40,434,3,kept,0.27341,rnn,MOT17-11,móvel
40,487,3,lost,0.0,rnn,MOT17-11,móvel
46,437,50,switched,0.00103896,rnn,MOT17-11,móvel
46,488,1,kept,0.091954,rnn,MOT17-11,móvel
46,492,4,kept,0.46609,rnn,MOT17-11,móvel
46,497,2,kept,0.102566,rnn,MOT17-11,móvel
46,500,6,lost,0.0235045,rnn,MOT17-11,móvel
41,552,1,kept,0.51969,rnn,MOT17-11,móvel
41,554,9,switched,0.802161111111111,rnn,MOT17-11,móvel
41,579,1,kept,0.44295,rnn,MOT17-11,móvel
41,583,3,kept,0.49959333333333333,rnn,MOT17-11,móvel
41,587,2,kept,0.433825,rnn,MOT17-11,móvel
41,590,17,lost,0.10731882352941176,rnn,MOT17-11,móvel
42,539,1,kept,0.15942,rnn,MOT17-11,móvel
42,541,71,switched,0.06293366197183099,rnn,MOT17-11,móvel
42,639,4,switched,0.66227,rnn,MOT17-11,móvel
42,644,3,kept,0.7155733333333334,rnn,MOT17-11,móvel
42,711,3,lost,0.10385266666666666,rnn,MOT17-11,móvel
47,625,2,kept,0.0576925,rnn,MOT17-11,móvel
47,628,4,lost,0.0,rnn,MOT17-11,móvel
60,600,1,kept,0.58696,rnn,MOT17-11,móvel
60,608,60,lost,0.046377,rnn,MOT17-11,móvel
61,613,1,kept,0.041357,rnn,MOT17-11,móvel
61,621,2,kept,0.0,rnn,MOT17-11,móvel
61,626,3,lost,0.0,rnn,MOT17-11,móvel
44,718,12,lost,0.42645333333333335,rnn,MOT17-11,móvel
33,720,18,switched,0.1091113888888889,rnn,MOT17-11,móvel
33,758,1,kept,0.28049,rnn,MOT17-11,móvel
33,760,15,kept,0.03467973333333333,rnn,MOT17-11,móvel
33,806,2,kept,0.5652550000000001,rnn,MOT17-11,móvel
33,809,7,lost,0.35184714285714286,rnn,MOT17-11,móvel
48,652,2,kept,0.0458335,rnn,MOT17-11,móvel
48,656,49,switched,0.1139145081632653,rnn,MOT17-11,móvel
48,737,6,lost,0.4747516666666666,rnn,MOT17-11,móvel
34,711,1,kept,0.31522,rnn,MOT17-11,móvel
34,716,17,switched,0.0,rnn,MOT17-11,móvel
34,737,66,switched,0.014283848484848484,rnn,MOT17-11,móvel
34,846,6,lost,0.27029,rnn,MOT17-11,móvel
43,724,19,switched,0.12391005263157895,rnn,MOT17-11,móvel
43,745,10,lost,0.0530125,rnn,MOT17-11,móvel
35,747,22,switched,0.03935913636363637,rnn,MOT17-11,móvel
35,783,1,kept,0.52899,rnn,MOT17-11,móvel
35,787,1,kept,0.34228,rnn,MOT17-11,móvel
35,789,10,kept,0.20098699999999997,rnn,MOT17-11,móvel
35,868,7,lost,0.26809999999999995,rnn,MOT17-11,móvel
37,750,1,kept,0.56342,rnn,MOT17-11,móvel
37,765,2,kept,0.44584500000000005,rnn,MOT17-11,móvel
37,768,5,kept,0.352824,rnn,MOT17-11,móvel
37,774,1,kept,0.38571,rnn,MOT17-11,móvel
37,826,1,kept,0.33751,rnn,MOT17-11,móvel
37,829,1,kept,0.24553,rnn,MOT17-11,móvel
37,834,6,lost,0.0,rnn,MOT17-11,móvel
38,751,1,kept,0.62617,rnn,MOT17-11,móvel
38,755,1,kept,0.69828,rnn,MOT17-11,móvel
38,840,5,lost,0.34741,rnn,MOT17-11,móvel
36,881,1,kept,0.46913,rnn,MOT17-11,móvel
36,883,5,lost,0.34022800000000003,rnn,MOT17-11,móvel
49,803,2,kept,0.0,rnn,MOT17-11,móvel
49,809,1,kept,0.0,rnn,MOT17-11,móvel
49,811,1,kept,0.0,rnn,MOT17-11,móvel
49,813,64,switched,0.030228125,rnn,MOT17-11,móvel
62,867,3,lost,0.3612066666666667,rnn,MOT17-11,móvel
67,845,1,switched,1.0,rnn,MOT17-11,móvel
67,887,2,switched,1.0,rnn,MOT17-11,móvel
67,890,1,switched,1.0,rnn,MOT17-11,móvel
67,894,1,switched,1.0,rnn,MOT17-11,móvel
67,897,1,switched,1.0,rnn,MOT17-11,móvel
68,847,2,switched,0.91652,rnn,MOT17-11,móvel
68,884,2,switched,0.8648549999999999,rnn,MOT17-11,móvel
68,890,2,switched,0.981695,rnn,MOT17-11,móvel
63,872,3,kept,1.0,rnn,MOT17-11,móvel
63,877,14,switched,1.0,rnn,MOT17-11,móvel
63,892,1,switched,1.0,rnn,MOT17-11,móvel
63,895,6,lost,1.0,rnn,MOT17-11,móvel
70,851,19,switched,0.008772105263157895,rnn,MOT17-11,móvel
70,884,2,switched,1.0,rnn,MOT17-11,móvel
73,889,5,switched,1.0,rnn,MOT17-11,móvel
73,895,6,lost,1.0,rnn,MOT17-11,móvel
50,894,1,kept,0.39474,rnn,MOT17-11,móvel
50,898,1,kept,0.3949,rnn,MOT17-11,móvel
72,882,1,kept,0.39474,rnn,MOT17-11,móvel
72,886,4,switched,0.19736925,rnn,MOT17-11,móvel
72,891,3,switched,0.6005733333333333,rnn,MOT17-11,móvel
66,893,8,lost,1.0,rnn,MOT17-11,móvel
64,898,1,kept,0.49254,rnn,MOT17-11,móvel
65,899,2,lost,0.34375,rnn,MOT17-11,móvel
1,30,26,kept,0.037377269230769235,rnn,MOT17-09,parada
1,163,25,kept,0.026245168800000003,rnn,MOT17-09,parada
1,194,15,kept,0.017564053333333333,rnn,MOT17-09,parada
1,211,36,switched,0.014249377777777779,rnn,MOT17-09,parada
1,251,1,kept,0.12403,rnn,MOT17-09,parada
1,258,101,switched,0.003049345544554456,rnn,MOT17-09,parada
1,362,4,kept,0.0,rnn,MOT17-09,parada
1,367,8,kept,0.0,rnn,MOT17-09,parada
1,376,60,switched,0.0,rnn,MOT17-09,parada
1,438,53,lost,0.011231219433962264,rnn,MOT17-09,parada
19,196,5,lost,0.380134,rnn,MOT17-09,parada
20,217,4,lost,0.2972325,rnn,MOT17-09,parada
21,17,1,kept,1.0,rnn,MOT17-09,parada
21,24,1,kept,1.0,rnn,MOT17-09,parada
21,33,1,kept,0.43396,rnn,MOT17-09,parada
21,54,1,kept,0.53846,rnn,MOT17-09,parada
21,58,1,kept,0.54902,rnn,MOT17-09,parada
21,60,1,kept,0.54902,rnn,MOT17-09,parada
21,62,1,kept,0.54902,rnn,MOT17-09,parada
21,70,1,kept,0.52941,rnn,MOT17-09,parada
21,85,3,kept,0.4902,rnn,MOT17-09,parada
21,90,1,kept,0.46154,rnn,MOT17-09,parada
21,105,70,switched,0.02860547142857143,rnn,MOT17-09,parada
21,195,6,kept,1.0,rnn,MOT17-09,parada
21,204,1,kept,1.0,rnn,MOT17-09,parada
21,206,1,kept,1.0,rnn,MOT17-09,parada
21,208,4,kept,1.0,rnn,MOT17-09,parada
21,213,1,kept,1.0,rnn,MOT17-09,parada
21,217,1,kept,1.0,rnn,MOT17-09,parada
21,220,1,kept,1.0,rnn,MOT17-09,parada
21,223,1,kept,1.0,rnn,MOT17-09,parada
21,226,1,kept,1.0,rnn,MOT17-09,parada
21,229,1,kept,1.0,rnn,MOT17-09,parada
21,231,1,kept,1.0,rnn,MOT17-09,parada
21,244,1,kept,1.0,rnn,MOT17-09,parada
21,324,2,kept,1.0,rnn,MOT17-09,parada
21,347,1,kept,1.0,rnn,MOT17-09,parada
21,349,3,kept,1.0,rnn,MOT17-09,parada
21,367,3,kept,1.0,rnn,MOT17-09,parada
21,371,4,kept,1.0,rnn,MOT17-09,parada
21,380,3,lost,0.6191266666666667,rnn,MOT17-09,parada
22,100,71,switched,0.04769402816901408,rnn,MOT17-09,parada
22,240,2,kept,0.389985,rnn,MOT17-09,parada
22,294,1,kept,0.9016,rnn,MOT17-09,parada
22,300,1,kept,0.87417,rnn,MOT17-09,parada
22,303,1,kept,0.9062,rnn,MOT17-09,parada
22,388,5,lost,0.344538,rnn,MOT17-09,parada
23,116,15,kept,0.07823359999999999,rnn,MOT17-09,parada
23,133,20,kept,0.03529365,rnn,MOT17-09,parada
23,154,1,kept,0.44966,rnn,MOT17-09,parada
23,236,1,kept,0.51269,rnn,MOT17-09,parada
23,240,1,kept,0.40025,rnn,MOT17-09,parada
23,242,2,kept,0.33996000000000004,rnn,MOT17-09,parada
23,245,1,kept,0.29383,rnn,MOT17-09,parada
23,247,44,lost,0.1422345909090909,rnn,MOT17-09,parada
16,26,55,lost,0.045715490909090904,rnn,MOT17-09,parada
43,60,1,lost,0.76596,rnn,MOT17-09,parada
7,151,23,kept,0.03423182608695652,rnn,MOT17-09,parada
7,181,10,kept,0.013971,rnn,MOT17-09,parada
7,196,1,kept,0.28767,rnn,MOT17-09,parada
7,198,143,switched,0.038052353146853145,rnn,MOT17-09,parada
7,389,1,kept,0.37838,rnn,MOT17-09,parada
7,393,1,kept,0.37333,rnn,MOT17-09,parada
7,396,3,lost,0.2762966666666667,rnn,MOT17-09,parada
8,171,12,kept,0.05507364166666667,rnn,MOT17-09,parada
8,186,14,kept,0.06330457142857142,rnn,MOT17-09,parada
8,299,1,kept,0.52202,rnn,MOT17-09,parada
8,304,6,kept,0.36467833333333327,rnn,MOT17-09,parada
8,362,1,kept,0.54321,rnn,MOT17-09,parada
8,365,18,lost,0.05010944444444444,rnn,MOT17-09,parada
10,167,1,kept,0.40127,rnn,MOT17-09,parada
10,175,12,kept,0.03947666666666667,rnn,MOT17-09,parada
10,189,15,kept,0.06155286666666667,rnn,MOT17-09,parada
10,254,1,kept,0.32231,rnn,MOT17-09,parada
10,273,8,kept,0.1271175,rnn,MOT17-09,parada
10,282,1,kept,0.0,rnn,MOT17-09,parada
10,284,1,kept,0.081395,rnn,MOT17-09,parada
10,286,1,kept,0.20455,rnn,MOT17-09,parada
10,294,2,kept,0.260645,rnn,MOT17-09,parada
10,298,1,kept,0.27451,rnn,MOT17-09,parada
10,304,1,kept,0.32941,rnn,MOT17-09,parada
10,306,1,kept,0.36905,rnn,MOT17-09,parada
10,311,1,kept,0.14717,rnn,MOT17-09,parada
10,313,67,switched,0.02253351194029851,rnn,MOT17-09,parada
10,414,1,kept,0.27869,rnn,MOT17-09,parada
10,417,5,kept,0.214598,rnn,MOT17-09,parada
10,423,6,lost,0.029658,rnn,MOT17-09,parada
18,238,1,kept,1.0,rnn,MOT17-09,parada
18,241,1,kept,1.0,rnn,MOT17-09,parada
18,244,1,kept,1.0,rnn,MOT17-09,parada
18,246,1,kept,1.0,rnn,MOT17-09,parada
18,295,1,kept,0.65,rnn,MOT17-09,parada
18,311,27,lost,0.481202962962963,rnn,MOT17-09,parada
29,189,8,switched,0.15741525,rnn,MOT17-09,parada
29,203,7,kept,0.0,rnn,MOT17-09,parada
29,287,7,switched,0.27676142857142855,rnn,MOT17-09,parada
29,295,110,switched,0.17483355454545454,rnn,MOT17-09,parada
29,408,1,kept,0.38845,rnn,MOT17-09,parada
29,415,1,kept,0.47788,rnn,MOT17-09,parada
29,423,1,kept,0.44506,rnn,MOT17-09,parada
29,425,1,kept,0.43383,rnn,MOT17-09,parada
29,430,15,lost,0.10989101333333332,rnn,MOT17-09,parada
11,190,2,kept,0.054795,rnn,MOT17-09,parada
11,193,8,switched,0.010956125,rnn,MOT17-09,parada
11,207,7,kept,0.0,rnn,MOT17-09,parada
11,246,1,kept,0.50829,rnn,MOT17-09,parada
11,248,2,kept,0.34435000000000004,rnn,MOT17-09,parada
11,252,35,switched,0.05930583428571429,rnn,MOT17-09,parada
11,336,94,switched,0.2090061914893617,rnn,MOT17-09,parada
11,432,1,switched,0.37482,rnn,MOT17-09,parada
11,453,20,switched,0.053531276,rnn,MOT17-09,parada
11,522,4,lost,0.0,rnn,MOT17-09,parada
12,211,9,switched,0.13624841111111113,rnn,MOT17-09,parada
12,294,1,kept,1.0,rnn,MOT17-09,parada
12,405,10,switched,1.0,rnn,MOT17-09,parada
12,416,1,kept,1.0,rnn,MOT17-09,parada
12,422,1,kept,1.0,rnn,MOT17-09,parada
12,447,23,lost,0.17590478260869563,rnn,MOT17-09,parada
13,246,1,kept,0.4,rnn,MOT17-09,parada
13,249,1,kept,0.36508,rnn,MOT17-09,parada
13,430,8,switched,0.9395074999999999,rnn,MOT17-09,parada
13,441,2,switched,0.74893,rnn,MOT17-09,parada
13,446,1,switched,0.80435,rnn,MOT17-09,parada
13,448,14,switched,0.04204135714285714,rnn,MOT17-09,parada
13,492,1,kept,0.51515,rnn,MOT17-09,parada
13,494,16,lost,0.40301750000000003,rnn,MOT17-09,parada
2,468,4,lost,0.3070525,rnn,MOT17-09,parada
6,410,10,kept,0.1005906,rnn,MOT17-09,parada
3,480,18,switched,0.14486833333333332,rnn,MOT17-09,parada
17,448,1,kept,0.46269,rnn,MOT17-09,parada
17,450,1,kept,0.20896,rnn,MOT17-09,parada
17,452,74,lost,0.036929067567567565,rnn,MOT17-09,parada
4,454,7,kept,0.10093685714285713,rnn,MOT17-09,parada
4,511,1,kept,0.46,rnn,MOT17-09,parada
4,516,10,lost,0.08648597000000001,rnn,MOT17-09,parada
14,490,6,switched,0.16645566666666667,rnn,MOT17-09,parada
15,463,1,kept,0.48527,rnn,MOT17-09,parada
15,497,6,switched,0.11973833333333335,rnn,MOT17-09,parada
9,508,13,kept,0.14924915384615384,rnn,MOT17-09,parada
2,143,3,lost,0.4103833333333333,rnn,MOT17-13,móvel
4,167,2,switched,0.23461500000000002,rnn,MOT17-13,móvel
4,242,2,lost,0.472865,rnn,MOT17-13,móvel
5,44,2,lost,0.461035,rnn,MOT17-13,móvel
6,34,3,lost,0.40009333333333336,rnn,MOT17-13,móvel
7,89,1,kept,0.55446,rnn,MOT17-13,móvel
7,115,1,kept,0.41976,rnn,MOT17-13,móvel
7,274,4,kept,0.29740500000000003,rnn,MOT17-13,móvel
10,13,1,kept,1.0,rnn,MOT17-13,móvel
10,15,1,kept,1.0,rnn,MOT17-13,móvel
10,20,1,lost,0.60606,rnn,MOT17-13,móvel
11,25,5,lost,0.669948,rnn,MOT17-13,móvel
13,117,2,lost,0.59127,rnn,MOT17-13,móvel
14,124,1,lost,0.5082,rnn,MOT17-13,móvel
16,14,1,switched,0.47826,rnn,MOT17-13,móvel
17,155,1,lost,0.67391,rnn,MOT17-13,móvel
35,5,3,kept,0.98718,rnn,MOT17-13,móvel
35,11,1,switched,0.89655,rnn,MOT17-13,móvel
35,20,3,kept,1.0,rnn,MOT17-13,móvel
35,32,1,switched,1.0,rnn,MOT17-13,móvel
35,34,1,kept,1.0,rnn,MOT17-13,móvel
35,37,1,switched,1.0,rnn,MOT17-13,móvel
35,47,4,switched,1.0,rnn,MOT17-13,móvel
35,67,2,switched,1.0,rnn,MOT17-13,móvel
35,71,1,switched,0.97374,rnn,MOT17-13,móvel
35,73,1,switched,0.97059,rnn,MOT17-13,móvel
35,84,9,switched,0.8554955555555556,rnn,MOT17-13,móvel
35,95,2,switched,0.89885,rnn,MOT17-13,móvel
35,98,4,switched,0.8316525,rnn,MOT17-13,móvel
35,103,4,switched,0.827315,rnn,MOT17-13,móvel
35,122,1,kept,0.87616,rnn,MOT17-13,móvel
35,129,2,switched,1.0,rnn,MOT17-13,móvel
35,132,3,switched,1.0,rnn,MOT17-13,móvel
35,140,1,switched,0.46154,rnn,MOT17-13,móvel
35,143,1,switched,0.23077,rnn,MOT17-13,móvel
35,145,12,switched,0.006944416666666667,rnn,MOT17-13,móvel
35,158,2,switched,0.0,rnn,MOT17-13,móvel
35,162,3,switched,0.0,rnn,MOT17-13,móvel
35,166,1,switched,0.0,rnn,MOT17-13,móvel
35,172,1,switched,0.0,rnn,MOT17-13,móvel
35,174,2,switched,0.0,rnn,MOT17-13,móvel
35,177,1,switched,0.0,rnn,MOT17-13,móvel
35,179,1,switched,0.0,rnn,MOT17-13,móvel
35,185,1,kept,1.0,rnn,MOT17-13,móvel
35,192,1,switched,1.0,rnn,MOT17-13,móvel
35,200,1,kept,1.0,rnn,MOT17-13,móvel
36,12,106,switched,0.33445677358490566,rnn,MOT17-13,móvel
36,119,1,kept,0.56527,rnn,MOT17-13,móvel
36,136,5,kept,0.347198,rnn,MOT17-13,móvel
36,143,2,lost,0.4375,rnn,MOT17-13,móvel
39,4,5,switched,0.900272,rnn,MOT17-13,móvel
39,80,1,kept,1.0,rnn,MOT17-13,móvel
39,268,1,switched,0.64,rnn,MOT17-13,móvel
39,345,1,kept,0.027273,rnn,MOT17-13,móvel
39,349,2,switched,0.1007455,rnn,MOT17-13,móvel
39,355,2,switched,0.193565,rnn,MOT17-13,móvel
47,100,1,kept,0.6,rnn,MOT17-13,móvel
47,120,1,kept,0.82462,rnn,MOT17-13,móvel
47,122,1,kept,0.73692,rnn,MOT17-13,móvel
47,125,1,kept,0.73231,rnn,MOT17-13,móvel
47,128,6,kept,0.613975,rnn,MOT17-13,móvel
47,135,2,kept,0.5532950000000001,rnn,MOT17-13,móvel
47,143,206,kept,0.1645504563106796,rnn,MOT17-13,móvel
47,353,13,kept,0.14025715384615384,rnn,MOT17-13,móvel
47,367,4,lost,0.2606925,rnn,MOT17-13,móvel
49,22,5,kept,0.24344200000000002,rnn,MOT17-13,móvel
49,29,1,kept,0.30612,rnn,MOT17-13,móvel
49,86,1,kept,1.0,rnn,MOT17-13,móvel
49,89,1,kept,1.0,rnn,MOT17-13,móvel
49,103,2,kept,1.0,rnn,MOT17-13,móvel
49,106,2,kept,1.0,rnn,MOT17-13,móvel
49,109,4,kept,1.0,rnn,MOT17-13,móvel
49,115,2,kept,1.0,rnn,MOT17-13,móvel
49,118,10,switched,1.0,rnn,MOT17-13,móvel
49,134,1,kept,1.0,rnn,MOT17-13,móvel
49,137,6,kept,1.0,rnn,MOT17-13,móvel
49,146,202,kept,0.995049504950495,rnn,MOT17-13,móvel
49,349,4,kept,1.0,rnn,MOT17-13,móvel
49,354,2,kept,1.0,rnn,MOT17-13,móvel
49,357,6,kept,1.0,rnn,MOT17-13,móvel
49,364,4,lost,0.6581625,rnn,MOT17-13,móvel
50,96,1,kept,0.79661,rnn,MOT17-13,móvel
50,104,1,kept,0.88095,rnn,MOT17-13,móvel
50,117,2,kept,1.0,rnn,MOT17-13,móvel
50,120,3,switched,1.0,rnn,MOT17-13,móvel
50,174,1,switched,1.0,rnn,MOT17-13,móvel
50,176,1,kept,1.0,rnn,MOT17-13,móvel
50,213,4,switched,1.0,rnn,MOT17-13,móvel
50,221,2,kept,1.0,rnn,MOT17-13,móvel
50,224,8,lost,0.56027625,rnn,MOT17-13,móvel
71,14,3,kept,0.4275533333333333,rnn,MOT17-13,móvel
71,18,2,kept,0.43571499999999996,rnn,MOT17-13,móvel
34,22,2,kept,0.52921,rnn,MOT17-13,móvel
34,25,50,switched,0.5813031399999999,rnn,MOT17-13,móvel
34,86,1,switched,1.0,rnn,MOT17-13,móvel
34,89,4,switched,1.0,rnn,MOT17-13,móvel
34,148,1,switched,0.61905,rnn,MOT17-13,móvel
34,150,2,switched,0.52381,rnn,MOT17-13,móvel
34,154,1,switched,0.2381,rnn,MOT17-13,móvel
34,158,2,switched,0.13788,rnn,MOT17-13,móvel
34,163,1,switched,0.045455,rnn,MOT17-13,móvel
34,167,4,kept,0.14665424999999999,rnn,MOT17-13,móvel
34,173,12,switched,0.021912558333333332,rnn,MOT17-13,móvel
34,191,8,switched,0.17723250000000002,rnn,MOT17-13,móvel
34,201,25,switched,0.29708088,rnn,MOT17-13,móvel
34,262,1,kept,0.0,rnn,MOT17-13,móvel
34,265,4,lost,0.011104925,rnn,MOT17-13,móvel
38,106,1,kept,0.23117,rnn,MOT17-13,móvel
38,119,1,kept,0.2472,rnn,MOT17-13,móvel
38,134,4,lost,0.11933674999999999,rnn,MOT17-13,móvel
32,82,1,kept,0.52,rnn,MOT17-13,móvel
32,95,3,kept,1.0,rnn,MOT17-13,móvel
32,99,52,switched,0.8595496153846154,rnn,MOT17-13,móvel
32,152,4,switched,0.17262,rnn,MOT17-13,móvel
32,157,1,kept,0.11538,rnn,MOT17-13,móvel
32,160,3,switched,0.09335500000000001,rnn,MOT17-13,móvel
32,164,6,lost,0.09799466666666666,rnn,MOT17-13,móvel
33,30,18,switched,0.4677438888888889,rnn,MOT17-13,móvel
33,53,31,switched,1.0,rnn,MOT17-13,móvel
33,85,1,kept,0.97574,rnn,MOT17-13,móvel
33,87,1,kept,0.95174,rnn,MOT17-13,móvel
33,93,9,kept,0.8366955555555555,rnn,MOT17-13,móvel
33,103,2,switched,0.7723800000000001,rnn,MOT17-13,móvel
33,116,1,kept,0.59809,rnn,MOT17-13,móvel
33,288,1,lost,0.29897,rnn,MOT17-13,móvel
63,39,7,kept,0.32988142857142855,rnn,MOT17-13,móvel
19,141,2,lost,0.54615,rnn,MOT17-13,móvel
67,106,1,switched,0.58442,rnn,MOT17-13,móvel
67,110,1,kept,0.37842,rnn,MOT17-13,móvel
62,62,1,kept,1.0,rnn,MOT17-13,móvel
62,64,2,switched,0.97826,rnn,MOT17-13,móvel
62,85,1,switched,0.82971,rnn,MOT17-13,móvel
62,150,1,kept,0.94828,rnn,MOT17-13,móvel
62,200,1,lost,0.49121,rnn,MOT17-13,móvel
64,82,1,switched,1.0,rnn,MOT17-13,móvel
64,93,1,kept,1.0,rnn,MOT17-13,móvel
64,109,1,kept,1.0,rnn,MOT17-13,móvel
37,83,1,switched,1.0,rnn,MOT17-13,móvel
37,122,1,kept,1.0,rnn,MOT17-13,móvel
37,134,1,switched,1.0,rnn,MOT17-13,móvel
37,159,1,kept,0.73684,rnn,MOT17-13,móvel
37,161,1,kept,0.65,rnn,MOT17-13,móvel
37,163,11,switched,0.5535881818181818,rnn,MOT17-13,móvel
37,175,40,switched,0.378293125,rnn,MOT17-13,móvel
37,217,5,lost,0.638094,rnn,MOT17-13,móvel
60,88,1,switched,0.29653,rnn,MOT17-13,móvel
60,91,3,switched,0.3395533333333333,rnn,MOT17-13,móvel
60,96,16,switched,0.31629062500000005,rnn,MOT17-13,móvel
60,120,13,lost,0.24661607692307688,rnn,MOT17-13,móvel
61,94,3,kept,0.066421,rnn,MOT17-13,móvel
61,101,8,lost,0.3115375,rnn,MOT17-13,móvel
156,98,15,switched,0.36866133333333323,rnn,MOT17-13,móvel
156,114,1,kept,0.44992,rnn,MOT17-13,móvel
156,117,1,switched,0.58838,rnn,MOT17-13,móvel
156,119,2,kept,0.669495,rnn,MOT17-13,móvel
156,122,1,kept,0.62177,rnn,MOT17-13,móvel
156,124,19,switched,0.7437747368421053,rnn,MOT17-13,móvel
156,145,6,lost,0.16341883333333335,rnn,MOT17-13,móvel
73,90,3,switched,0.21014333333333335,rnn,MOT17-13,móvel
73,102,2,switched,0.34603,rnn,MOT17-13,móvel
73,105,3,switched,0.5019866666666667,rnn,MOT17-13,móvel
73,109,1,kept,0.69093,rnn,MOT17-13,móvel
73,117,1,kept,1.0,rnn,MOT17-13,móvel
73,148,2,switched,1.0,rnn,MOT17-13,móvel
73,151,2,kept,1.0,rnn,MOT17-13,móvel
73,231,2,kept,0.47222,rnn,MOT17-13,móvel
72,93,2,switched,0.6341049999999999,rnn,MOT17-13,móvel
72,99,1,kept,0.27214,rnn,MOT17-13,móvel
72,101,8,switched,0.26092,rnn,MOT17-13,móvel
72,110,6,switched,0.16667,rnn,MOT17-13,móvel
72,118,1,kept,0.2317,rnn,MOT17-13,móvel
72,137,2,switched,0.867185,rnn,MOT17-13,móvel
72,143,1,kept,0.51124,rnn,MOT17-13,móvel
72,245,1,lost,0.32722,rnn,MOT17-13,móvel
145,100,1,kept,0.6371,rnn,MOT17-13,móvel
145,102,3,kept,0.6264133333333334,rnn,MOT17-13,móvel
145,106,1,kept,0.66935,rnn,MOT17-13,móvel
145,108,1,kept,0.78446,rnn,MOT17-13,móvel
145,115,19,kept,0.23444784210526315,rnn,MOT17-13,móvel
145,146,1,kept,1.0,rnn,MOT17-13,móvel
145,149,1,kept,1.0,rnn,MOT17-13,móvel
145,153,2,kept,1.0,rnn,MOT17-13,móvel
145,156,2,kept,1.0,rnn,MOT17-13,móvel
145,159,1,kept,1.0,rnn,MOT17-13,móvel
145,163,4,kept,0.8840725,rnn,MOT17-13,móvel
145,171,12,lost,0.7076066666666666,rnn,MOT17-13,móvel
167,107,1,kept,0.57633,rnn,MOT17-13,móvel
167,109,19,switched,0.25569484210526316,rnn,MOT17-13,móvel
167,129,1,switched,0.23692,rnn,MOT17-13,móvel
167,131,16,switched,0.61531,rnn,MOT17-13,móvel
167,148,4,switched,0.90625,rnn,MOT17-13,móvel
167,153,3,lost,1.0,rnn,MOT17-13,móvel
51,229,3,lost,0.030158666666666667,rnn,MOT17-13,móvel
40,134,11,switched,0.61384,rnn,MOT17-13,móvel
40,152,1,switched,0.6,rnn,MOT17-13,móvel
40,155,1,kept,0.56,rnn,MOT17-13,móvel
40,158,1,kept,0.52174,rnn,MOT17-13,móvel
40,160,3,kept,0.42718000000000006,rnn,MOT17-13,móvel
150,203,2,kept,1.0,rnn,MOT17-13,móvel
150,209,1,kept,1.0,rnn,MOT17-13,móvel
150,219,3,kept,1.0,rnn,MOT17-13,móvel
150,226,6,switched,1.0,rnn,MOT17-13,móvel
150,233,1,kept,0.86188,rnn,MOT17-13,móvel
150,240,7,switched,0.68813,rnn,MOT17-13,móvel
150,249,6,lost,0.4625266666666667,rnn,MOT17-13,móvel
18,300,3,kept,0.5773433333333333,rnn,MOT17-13,móvel
18,304,16,kept,0.6157675,rnn,MOT17-13,móvel
18,321,4,kept,0.6679900000000001,rnn,MOT17-13,móvel
18,326,9,kept,0.6911922222222223,rnn,MOT17-13,móvel
18,336,4,switched,0.7745725,rnn,MOT17-13,móvel
18,350,1,kept,0.87977,rnn,MOT17-13,móvel
18,352,2,kept,0.8936949999999999,rnn,MOT17-13,móvel
18,357,1,kept,0.96303,rnn,MOT17-13,móvel
158,172,1,kept,0.79211,rnn,MOT17-13,móvel
158,175,1,kept,0.89696,rnn,MOT17-13,móvel
158,177,3,kept,0.88761,rnn,MOT17-13,móvel
158,182,19,lost,0.40984105263157894,rnn,MOT17-13,móvel
133,182,7,switched,0.02669928571428571,rnn,MOT17-13,móvel
133,190,1,kept,0.0044893,rnn,MOT17-13,móvel
133,199,1,kept,0.0,rnn,MOT17-13,móvel
133,226,57,kept,0.45901675438596495,rnn,MOT17-13,móvel
133,298,15,kept,0.37529066666666666,rnn,MOT17-13,móvel
133,314,1,kept,0.26119,rnn,MOT17-13,móvel
133,316,2,kept,0.8607400000000001,rnn,MOT17-13,móvel
133,319,2,kept,1.0,rnn,MOT17-13,móvel
133,322,5,kept,1.0,rnn,MOT17-13,móvel
133,330,1,kept,1.0,rnn,MOT17-13,móvel
133,332,111,lost,0.8420604504504502,rnn,MOT17-13,móvel
138,203,45,switched,0.5663153555555556,rnn,MOT17-13,móvel
138,249,2,switched,0.294385,rnn,MOT17-13,móvel
138,254,3,switched,0.24718666666666667,rnn,MOT17-13,móvel
138,258,2,kept,0.28318,rnn,MOT17-13,móvel
138,263,3,lost,0.25853333333333334,rnn,MOT17-13,móvel
146,214,4,switched,0.0390625,rnn,MOT17-13,móvel
146,219,5,switched,0.315376,rnn,MOT17-13,móvel
146,225,4,kept,0.78363,rnn,MOT17-13,móvel
146,233,2,switched,0.88046,rnn,MOT17-13,móvel
146,236,15,kept,0.4696006666666666,rnn,MOT17-13,móvel
146,257,7,switched,0.38848714285714286,rnn,MOT17-13,móvel
146,270,2,lost,0.214425,rnn,MOT17-13,móvel
168,210,1,kept,0.78814,rnn,MOT17-13,móvel
168,213,1,kept,0.79098,rnn,MOT17-13,móvel
168,216,35,switched,0.5338511428571429,rnn,MOT17-13,móvel
168,252,55,lost,0.697062909090909,rnn,MOT17-13,móvel
52,236,1,kept,0.6,rnn,MOT17-13,móvel
52,238,19,switched,0.5239031578947368,rnn,MOT17-13,móvel
52,338,2,lost,0.471155,rnn,MOT17-13,móvel
45,242,1,kept,1.0,rnn,MOT17-13,móvel
45,258,1,kept,0.56579,rnn,MOT17-13,móvel
45,261,2,kept,0.20986,rnn,MOT17-13,móvel
163,266,188,lost,0.5251098936170213,rnn,MOT17-13,móvel
170,315,39,lost,0.3898715384615385,rnn,MOT17-13,móvel
169,292,3,kept,0.8843333333333333,rnn,MOT17-13,móvel
169,296,41,lost,0.3198646341463415,rnn,MOT17-13,móvel
147,289,150,lost,0.6908125533333332,rnn,MOT17-13,móvel
157,286,157,lost,0.21839182165605092,rnn,MOT17-13,móvel
155,337,10,switched,0.301842,rnn,MOT17-13,móvel
155,348,114,switched,0.7663885087719299,rnn,MOT17-13,móvel
155,463,10,lost,0.7877569999999999,rnn,MOT17-13,móvel
48,303,1,kept,0.4375,rnn,MOT17-13,móvel
48,320,1,kept,0.6254,rnn,MOT17-13,móvel
48,324,2,kept,0.540185,rnn,MOT17-13,móvel
48,335,1,kept,0.5601,rnn,MOT17-13,móvel
48,348,6,kept,0.6960683333333333,rnn,MOT17-13,móvel
48,356,3,kept,0.5959633333333333,rnn,MOT17-13,móvel
48,362,2,kept,0.65029,rnn,MOT17-13,móvel
48,365,6,lost,0.700285,rnn,MOT17-13,móvel
143,313,40,lost,0.8461234999999998,rnn,MOT17-13,móvel
151,449,2,kept,0.988095,rnn,MOT17-13,móvel
151,453,1,kept,1.0,rnn,MOT17-13,móvel
151,455,6,lost,0.7839933333333334,rnn,MOT17-13,móvel
160,345,135,lost,0.5455250222222222,rnn,MOT17-13,móvel
142,330,5,kept,0.47878800000000005,rnn,MOT17-13,móvel
142,336,10,kept,0.409992,rnn,MOT17-13,móvel
142,347,17,kept,0.4747552941176471,rnn,MOT17-13,móvel
142,365,4,kept,0.6151975000000001,rnn,MOT17-13,móvel
142,370,5,kept,0.5745100000000001,rnn,MOT17-13,móvel
142,376,1,kept,0.31373,rnn,MOT17-13,móvel
142,378,53,switched,0.3207322452830189,rnn,MOT17-13,móvel
142,434,3,switched,0.6603033333333334,rnn,MOT17-13,móvel
142,439,30,lost,0.49773639999999997,rnn,MOT17-13,móvel
59,392,1,kept,0.3707,rnn,MOT17-13,móvel
59,405,1,kept,0.35593,rnn,MOT17-13,móvel
59,410,2,kept,0.385595,rnn,MOT17-13,móvel
59,415,6,lost,0.31481833333333337,rnn,MOT17-13,móvel
65,425,1,kept,0.6527,rnn,MOT17-13,móvel
65,441,2,switched,0.84186,rnn,MOT17-13,móvel
68,379,1,kept,0.17804,rnn,MOT17-13,móvel
68,381,10,switched,0.228303,rnn,MOT17-13,móvel
68,395,1,kept,0.13087,rnn,MOT17-13,móvel
68,403,1,kept,0.19233,rnn,MOT17-13,móvel
68,407,1,kept,0.1642,rnn,MOT17-13,móvel
68,409,1,switched,0.16712,rnn,MOT17-13,móvel
68,430,1,lost,0.042799,rnn,MOT17-13,móvel
70,374,1,kept,0.13684,rnn,MOT17-13,móvel
70,391,3,switched,0.5245266666666667,rnn,MOT17-13,móvel
70,399,3,kept,0.4762866666666667,rnn,MOT17-13,móvel
70,410,2,switched,0.47479,rnn,MOT17-13,móvel
70,431,1,kept,0.67568,rnn,MOT17-13,móvel
70,435,6,switched,0.6851233333333333,rnn,MOT17-13,móvel
70,461,1,kept,0.91048,rnn,MOT17-13,móvel
70,463,1,kept,0.98218,rnn,MOT17-13,móvel
69,444,2,kept,0.41392,rnn,MOT17-13,móvel
69,447,3,lost,0.38151,rnn,MOT17-13,móvel
58,412,1,switched,1.0,rnn,MOT17-13,móvel
20,468,28,lost,0.41913249999999996,rnn,MOT17-13,móvel
22,484,2,switched,0.74142,rnn,MOT17-13,móvel
26,603,2,lost,0.30337000000000003,rnn,MOT17-13,móvel
28,519,5,switched,0.768696,rnn,MOT17-13,móvel
28,525,15,switched,0.5624006666666668,rnn,MOT17-13,móvel
25,585,1,lost,0.22468,rnn,MOT17-13,móvel
53,669,1,lost,0.19971,rnn,MOT17-13,móvel
27,624,1,lost,0.10166,rnn,MOT17-13,móvel
56,656,5,switched,0.933238,rnn,MOT17-13,móvel
56,673,3,switched,1.0,rnn,MOT17-13,móvel
56,682,1,kept,1.0,rnn,MOT17-13,móvel
56,685,1,switched,0.95439,rnn,MOT17-13,móvel
43,622,1,kept,1.0,rnn,MOT17-13,móvel
43,624,31,switched,0.9808896774193548,rnn,MOT17-13,móvel
43,681,2,kept,1.0,rnn,MOT17-13,móvel
55,679,1,switched,0.53333,rnn,MOT17-13,móvel
55,681,5,switched,0.8517859999999999,rnn,MOT17-13,móvel
