video,method,N,gt_id,start,outcome
02,static,0,9,179,kept
02,static,0,40,518,kept
02,static,0,26,556,kept
02,static,0,18,116,kept
02,static,0,14,62,kept
02,static,0,15,149,kept
02,static,0,59,260,kept
02,static,0,69,49,kept
02,static,0,36,482,kept
02,static,0,35,422,kept
02,static,0,44,536,kept
02,static,0,23,326,kept
02,const_vel,0,9,179,kept
02,const_vel,0,40,518,kept
02,const_vel,0,26,556,kept
02,const_vel,0,18,116,kept
02,const_vel,0,14,62,kept
02,const_vel,0,15,149,kept
02,const_vel,0,59,260,kept
02,const_vel,0,69,49,kept
02,const_vel,0,36,482,kept
02,const_vel,0,35,422,kept
02,const_vel,0,44,536,kept
02,const_vel,0,23,326,kept
02,rnn,0,9,179,kept
02,rnn,0,40,518,kept
02,rnn,0,26,556,kept
02,rnn,0,18,116,kept
02,rnn,0,14,62,kept
02,rnn,0,15,149,reborn
02,rnn,0,59,260,kept
02,rnn,0,69,49,kept
02,rnn,0,36,482,kept
02,rnn,0,35,422,kept
02,rnn,0,44,536,kept
02,rnn,0,23,326,kept
02,static,0,36,481,kept
02,static,0,10,183,kept
02,static,0,18,469,kept
02,static,0,34,516,kept
02,static,0,58,284,kept
02,static,0,57,237,kept
02,static,0,33,400,kept
02,static,0,60,323,kept
02,static,0,14,85,kept
02,static,0,62,118,kept
02,static,0,19,383,kept
02,static,0,17,597,kept
02,const_vel,0,36,481,kept
02,const_vel,0,10,183,kept
02,const_vel,0,18,469,kept
02,const_vel,0,34,516,kept
02,const_vel,0,58,284,kept
02,const_vel,0,57,237,kept
02,const_vel,0,33,400,kept
02,const_vel,0,60,323,kept
02,const_vel,0,14,85,kept
02,const_vel,0,62,118,kept
02,const_vel,0,19,383,kept
02,const_vel,0,17,597,kept
02,rnn,0,36,481,kept
02,rnn,0,10,183,kept
02,rnn,0,18,469,kept
02,rnn,0,34,516,kept
02,rnn,0,58,284,kept
02,rnn,0,57,237,kept
02,rnn,0,33,400,kept
02,rnn,0,60,323,kept
02,rnn,0,14,85,kept
02,rnn,0,62,118,kept
02,rnn,0,19,383,kept
02,rnn,0,17,597,kept
02,static,0,3,47,kept
02,static,0,38,487,kept
02,static,0,32,380,kept
02,static,0,42,435,kept
02,static,0,19,289,kept
02,static,0,39,333,kept
02,static,0,9,58,kept
02,static,0,23,261,kept
02,static,0,54,552,kept
02,static,0,33,514,kept
02,static,0,18,19,kept
02,static,0,28,181,kept
02,const_vel,0,3,47,kept
02,const_vel,0,38,487,kept
02,const_vel,0,32,380,kept
02,const_vel,0,42,435,kept
02,const_vel,0,19,289,kept
02,const_vel,0,39,333,kept
02,const_vel,0,9,58,kept
02,const_vel,0,23,261,kept
02,const_vel,0,54,552,kept
02,const_vel,0,33,514,kept
02,const_vel,0,18,19,kept
02,const_vel,0,28,181,kept
02,rnn,0,3,47,kept
02,rnn,0,38,487,kept
02,rnn,0,32,380,kept
02,rnn,0,42,435,kept
02,rnn,0,19,289,kept
02,rnn,0,39,333,kept
02,rnn,0,9,58,kept
02,rnn,0,23,261,kept
02,rnn,0,54,552,kept
02,rnn,0,33,514,kept
02,rnn,0,18,19,kept
02,rnn,0,28,181,kept
02,static,0,17,74,kept
02,static,0,69,202,kept
02,static,0,23,469,kept
02,static,0,18,49,kept
02,static,0,43,372,kept
02,static,0,14,92,kept
02,static,0,10,112,kept
02,static,0,28,179,kept
02,static,0,27,149,kept
02,static,0,34,495,kept
02,static,0,49,551,kept
02,static,0,40,283,kept
02,const_vel,0,17,74,kept
02,const_vel,0,69,202,kept
02,const_vel,0,23,469,kept
02,const_vel,0,18,49,kept
02,const_vel,0,43,372,kept
02,const_vel,0,14,92,kept
02,const_vel,0,10,112,kept
02,const_vel,0,28,179,kept
02,const_vel,0,27,149,kept
02,const_vel,0,34,495,kept
02,const_vel,0,49,551,kept
02,const_vel,0,40,283,kept
02,rnn,0,17,74,kept
02,rnn,0,69,202,kept
02,rnn,0,23,469,kept
02,rnn,0,18,49,kept
02,rnn,0,43,372,kept
02,rnn,0,14,92,kept
02,rnn,0,10,112,kept
02,rnn,0,28,179,kept
02,rnn,0,27,149,kept
02,rnn,0,34,495,kept
02,rnn,0,49,551,kept
02,rnn,0,40,283,kept
02,static,1,26,455,kept
02,static,1,49,531,kept
02,static,1,35,595,kept
02,static,1,69,183,kept
02,static,1,14,41,kept
02,static,1,39,170,kept
02,static,1,44,272,kept
02,static,1,18,414,swapped
02,static,1,23,300,kept
02,static,1,48,564,kept
02,static,1,19,247,kept
02,static,1,40,499,kept
02,const_vel,1,26,455,kept
02,const_vel,1,49,531,kept
02,const_vel,1,35,595,kept
02,const_vel,1,69,183,kept
02,const_vel,1,14,41,kept
02,const_vel,1,39,170,kept
02,const_vel,1,44,272,kept
02,const_vel,1,23,300,kept
02,const_vel,1,48,564,kept
02,const_vel,1,19,247,kept
02,const_vel,1,40,499,kept
02,rnn,1,26,455,kept
02,rnn,1,49,531,kept
02,rnn,1,35,595,kept
02,rnn,1,69,183,kept
02,rnn,1,14,41,kept
02,rnn,1,39,170,kept
02,rnn,1,44,272,kept
02,rnn,1,18,414,swapped
02,rnn,1,23,300,kept
02,rnn,1,48,564,kept
02,rnn,1,19,247,kept
02,rnn,1,40,499,kept
02,static,1,18,8,kept
02,static,1,9,478,kept
02,static,1,23,460,kept
02,static,1,38,519,kept
02,static,1,39,169,kept
02,static,1,19,410,kept
02,static,1,36,218,kept
02,static,1,20,294,kept
02,static,1,28,185,kept
02,static,1,69,234,kept
02,static,1,57,323,kept
02,static,1,3,114,kept
02,const_vel,1,18,8,kept
02,const_vel,1,9,478,kept
02,const_vel,1,23,460,kept
02,const_vel,1,38,519,kept
02,const_vel,1,39,169,kept
02,const_vel,1,19,410,kept
02,const_vel,1,36,218,kept
02,const_vel,1,20,294,kept
02,const_vel,1,28,185,kept
02,const_vel,1,69,234,kept
02,const_vel,1,57,323,kept
02,const_vel,1,3,114,kept
02,rnn,1,18,8,kept
02,rnn,1,9,478,kept
02,rnn,1,23,460,kept
02,rnn,1,38,519,kept
02,rnn,1,39,169,kept
02,rnn,1,19,410,kept
02,rnn,1,36,218,kept
02,rnn,1,20,294,kept
02,rnn,1,28,185,kept
02,rnn,1,69,234,kept
02,rnn,1,57,323,kept
02,rnn,1,3,114,kept
02,static,1,33,393,kept
02,static,1,69,201,kept
02,static,1,23,438,kept
02,static,1,31,61,kept
02,static,1,44,577,kept
02,static,1,34,465,reborn
02,static,1,14,85,kept
02,static,1,38,419,kept
02,static,1,39,7,kept
02,static,1,26,522,kept
02,static,1,27,158,kept
02,static,1,35,451,kept
02,const_vel,1,33,393,kept
02,const_vel,1,69,201,kept
02,const_vel,1,23,438,kept
02,const_vel,1,31,61,kept
02,const_vel,1,44,577,kept
02,const_vel,1,34,465,kept
02,const_vel,1,14,85,kept
02,const_vel,1,38,419,kept
02,const_vel,1,39,7,kept
02,const_vel,1,26,522,kept
02,const_vel,1,27,158,kept
02,const_vel,1,35,451,kept
02,rnn,1,33,393,kept
02,rnn,1,69,201,kept
02,rnn,1,23,438,kept
02,rnn,1,31,61,kept
02,rnn,1,44,577,kept
02,rnn,1,34,465,kept
02,rnn,1,14,85,kept
02,rnn,1,38,419,kept
02,rnn,1,39,7,kept
02,rnn,1,26,522,kept
02,rnn,1,27,158,kept
02,rnn,1,35,451,kept
02,static,1,23,338,kept
02,static,1,17,70,kept
02,static,1,3,168,kept
02,static,1,20,51,kept
02,static,1,48,473,kept
02,static,1,58,283,kept
02,static,1,10,13,kept
02,static,1,44,358,reborn
02,static,1,38,536,kept
02,static,1,55,559,kept
02,static,1,40,298,kept
02,static,1,15,154,kept
02,const_vel,1,23,338,kept
02,const_vel,1,17,70,kept
02,const_vel,1,3,168,kept
02,const_vel,1,20,51,kept
02,const_vel,1,48,473,kept
02,const_vel,1,58,283,kept
02,const_vel,1,10,13,kept
02,const_vel,1,44,358,kept
02,const_vel,1,38,536,kept
02,const_vel,1,55,559,kept
02,const_vel,1,40,298,kept
02,const_vel,1,15,154,kept
02,rnn,1,23,338,kept
02,rnn,1,17,70,kept
02,rnn,1,3,168,kept
02,rnn,1,20,51,kept
02,rnn,1,48,473,kept
02,rnn,1,58,283,kept
02,rnn,1,10,13,kept
02,rnn,1,44,358,kept
02,rnn,1,38,536,kept
02,rnn,1,55,559,kept
02,rnn,1,40,298,kept
02,rnn,1,15,154,kept
02,static,2,35,421,kept
02,static,2,43,510,kept
02,static,2,17,19,kept
02,static,2,37,203,kept
02,static,2,10,106,kept
02,static,2,23,157,kept
02,static,2,49,568,kept
02,static,2,20,180,kept
02,static,2,26,310,kept
02,static,2,54,552,kept
02,static,2,29,140,kept
02,static,2,69,230,kept
02,const_vel,2,35,421,kept
02,const_vel,2,43,510,kept
02,const_vel,2,17,19,kept
02,const_vel,2,37,203,kept
02,const_vel,2,10,106,kept
02,const_vel,2,49,568,kept
02,const_vel,2,20,180,kept
02,const_vel,2,26,310,kept
02,const_vel,2,54,552,kept
02,const_vel,2,29,140,kept
02,const_vel,2,69,230,kept
02,rnn,2,35,421,kept
02,rnn,2,43,510,kept
02,rnn,2,17,19,kept
02,rnn,2,37,203,kept
02,rnn,2,10,106,kept
02,rnn,2,23,157,kept
02,rnn,2,49,568,kept
02,rnn,2,20,180,kept
02,rnn,2,26,310,kept
02,rnn,2,54,552,kept
02,rnn,2,29,140,kept
02,rnn,2,69,230,kept
02,static,2,44,249,kept
02,static,2,29,121,kept
02,static,2,23,513,kept
02,static,2,20,171,kept
02,static,2,27,280,kept
02,static,2,36,60,kept
02,static,2,14,104,kept
02,static,2,19,471,kept
02,static,2,54,554,kept
02,static,2,42,414,kept
02,static,2,9,11,kept
02,static,2,3,225,kept
02,const_vel,2,44,249,kept
02,const_vel,2,29,121,kept
02,const_vel,2,23,513,kept
02,const_vel,2,20,171,kept
02,const_vel,2,27,280,kept
02,const_vel,2,36,60,kept
02,const_vel,2,14,104,kept
02,const_vel,2,19,471,kept
02,const_vel,2,54,554,kept
02,const_vel,2,42,414,kept
02,const_vel,2,9,11,kept
02,const_vel,2,3,225,kept
02,rnn,2,44,249,kept
02,rnn,2,29,121,kept
02,rnn,2,23,513,kept
02,rnn,2,20,171,kept
02,rnn,2,27,280,kept
02,rnn,2,36,60,kept
02,rnn,2,14,104,kept
02,rnn,2,19,471,kept
02,rnn,2,54,554,kept
02,rnn,2,42,414,kept
02,rnn,2,9,11,kept
02,rnn,2,3,225,kept
02,static,2,58,318,kept
02,static,2,27,241,kept
02,static,2,17,120,kept
02,static,2,9,180,kept
02,static,2,38,549,kept
02,static,2,48,490,kept
02,static,2,28,262,kept
02,static,2,19,407,kept
02,static,2,36,38,kept
02,static,2,26,587,kept
02,static,2,32,536,kept
02,static,2,43,303,kept
02,const_vel,2,58,318,kept
02,const_vel,2,27,241,kept
02,const_vel,2,17,120,kept
02,const_vel,2,9,180,kept
02,const_vel,2,38,549,kept
02,const_vel,2,48,490,kept
02,const_vel,2,28,262,kept
02,const_vel,2,19,407,kept
02,const_vel,2,36,38,kept
02,const_vel,2,26,587,kept
02,const_vel,2,32,536,kept
02,const_vel,2,43,303,kept
02,rnn,2,58,318,kept
02,rnn,2,27,241,kept
02,rnn,2,17,120,kept
02,rnn,2,9,180,kept
02,rnn,2,38,549,kept
02,rnn,2,48,490,kept
02,rnn,2,28,262,kept
02,rnn,2,19,407,kept
02,rnn,2,36,38,kept
02,rnn,2,26,587,kept
02,rnn,2,32,536,kept
02,rnn,2,43,303,kept
02,static,2,31,30,kept
02,static,2,14,156,kept
02,static,2,34,550,reborn
02,static,2,3,133,kept
02,static,2,39,350,kept
02,static,2,17,199,kept
02,static,2,23,171,kept
02,static,2,69,257,kept
02,static,2,27,97,kept
02,static,2,19,510,kept
02,static,2,60,283,kept
02,static,2,32,331,kept
02,const_vel,2,31,30,kept
02,const_vel,2,14,156,kept
02,const_vel,2,34,550,reborn
02,const_vel,2,3,133,kept
02,const_vel,2,39,350,kept
02,const_vel,2,17,199,kept
02,const_vel,2,23,171,kept
02,const_vel,2,69,257,kept
02,const_vel,2,27,97,kept
02,const_vel,2,19,510,kept
02,const_vel,2,60,283,kept
02,const_vel,2,32,331,kept
02,rnn,2,31,30,kept
02,rnn,2,14,156,kept
02,rnn,2,34,550,kept
02,rnn,2,3,133,kept
02,rnn,2,39,350,kept
02,rnn,2,17,199,kept
02,rnn,2,23,171,kept
02,rnn,2,69,257,kept
02,rnn,2,27,97,kept
02,rnn,2,19,510,kept
02,rnn,2,60,283,kept
02,rnn,2,32,331,kept
02,static,3,9,247,kept
02,static,3,33,408,kept
02,static,3,14,35,kept
02,static,3,43,577,kept
02,static,3,38,546,kept
02,static,3,3,169,kept
02,static,3,56,488,kept
02,static,3,23,512,kept
02,static,3,26,227,kept
02,static,3,59,206,kept
02,static,3,19,393,kept
02,static,3,58,273,kept
02,const_vel,3,9,247,kept
02,const_vel,3,33,408,kept
02,const_vel,3,14,35,kept
02,const_vel,3,43,577,kept
02,const_vel,3,38,546,kept
02,const_vel,3,3,169,kept
02,const_vel,3,56,488,kept
02,const_vel,3,23,512,kept
02,const_vel,3,26,227,kept
02,const_vel,3,59,206,kept
02,const_vel,3,19,393,kept
02,const_vel,3,58,273,reborn
02,rnn,3,9,247,kept
02,rnn,3,33,408,kept
02,rnn,3,14,35,kept
02,rnn,3,43,577,kept
02,rnn,3,38,546,kept
02,rnn,3,3,169,kept
02,rnn,3,56,488,kept
02,rnn,3,23,512,kept
02,rnn,3,26,227,kept
02,rnn,3,59,206,kept
02,rnn,3,19,393,kept
02,rnn,3,58,273,reborn
02,static,3,3,116,kept
02,static,3,28,241,kept
02,static,3,9,486,kept
02,static,3,26,198,kept
02,static,3,29,301,kept
02,static,3,10,132,kept
02,static,3,17,47,kept
02,static,3,58,218,kept
02,static,3,48,586,kept
02,static,3,23,539,kept
02,static,3,27,152,kept
02,static,3,39,284,kept
02,const_vel,3,3,116,kept
02,const_vel,3,28,241,kept
02,const_vel,3,9,486,kept
02,const_vel,3,26,198,kept
02,const_vel,3,29,301,swapped
02,const_vel,3,10,132,kept
02,const_vel,3,17,47,kept
02,const_vel,3,58,218,reborn
02,const_vel,3,48,586,kept
02,const_vel,3,23,539,kept
02,const_vel,3,27,152,kept
02,const_vel,3,39,284,kept
02,rnn,3,3,116,kept
02,rnn,3,28,241,kept
02,rnn,3,9,486,kept
02,rnn,3,26,198,kept
02,rnn,3,29,301,kept
02,rnn,3,10,132,kept
02,rnn,3,17,47,kept
02,rnn,3,58,218,kept
02,rnn,3,48,586,kept
02,rnn,3,23,539,kept
02,rnn,3,27,152,kept
02,rnn,3,39,284,kept
02,static,3,38,570,kept
02,static,3,58,355,kept
02,static,3,26,248,kept
02,static,3,36,300,kept
02,static,3,62,314,kept
02,static,3,43,505,kept
02,static,3,57,335,kept
02,static,3,59,168,kept
02,static,3,19,224,kept
02,static,3,9,13,kept
02,static,3,34,381,kept
02,static,3,15,114,kept
02,const_vel,3,38,570,kept
02,const_vel,3,58,355,kept
02,const_vel,3,26,248,kept
02,const_vel,3,36,300,kept
02,const_vel,3,62,314,kept
02,const_vel,3,43,505,reborn
02,const_vel,3,57,335,kept
02,const_vel,3,59,168,kept
02,const_vel,3,19,224,kept
02,const_vel,3,9,13,kept
02,const_vel,3,34,381,kept
02,const_vel,3,15,114,reborn
02,rnn,3,38,570,kept
02,rnn,3,58,355,reborn
02,rnn,3,26,248,reborn
02,rnn,3,36,300,kept
02,rnn,3,62,314,kept
02,rnn,3,43,505,kept
02,rnn,3,57,335,kept
02,rnn,3,59,168,kept
02,rnn,3,19,224,kept
02,rnn,3,9,13,kept
02,rnn,3,34,381,kept
02,rnn,3,15,114,reborn
02,static,3,10,92,kept
02,static,3,3,50,kept
02,static,3,43,327,kept
02,static,3,39,23,kept
02,static,3,34,402,kept
02,static,3,36,293,kept
02,static,3,48,494,reborn
02,static,3,23,581,kept
02,static,3,59,188,kept
02,static,3,40,513,kept
02,static,3,58,226,kept
02,static,3,14,171,kept
02,const_vel,3,10,92,kept
02,const_vel,3,3,50,kept
02,const_vel,3,43,327,kept
02,const_vel,3,39,23,reborn
02,const_vel,3,34,402,kept
02,const_vel,3,36,293,kept
02,const_vel,3,48,494,kept
02,const_vel,3,23,581,kept
02,const_vel,3,59,188,kept
02,const_vel,3,40,513,kept
02,const_vel,3,58,226,kept
02,const_vel,3,14,171,kept
02,rnn,3,10,92,kept
02,rnn,3,3,50,kept
02,rnn,3,43,327,kept
02,rnn,3,39,23,kept
02,rnn,3,34,402,kept
02,rnn,3,36,293,kept
02,rnn,3,48,494,kept
02,rnn,3,23,581,kept
02,rnn,3,59,188,kept
02,rnn,3,40,513,reborn
02,rnn,3,58,226,kept
02,rnn,3,14,171,kept
02,static,5,34,452,kept
02,static,5,57,309,kept
02,static,5,23,62,kept
02,static,5,10,99,kept
02,static,5,32,432,kept
02,static,5,36,250,kept
02,static,5,39,338,kept
02,static,5,26,525,kept
02,static,5,44,557,kept
02,static,5,29,154,kept
02,static,5,19,266,kept
02,static,5,62,122,kept
02,const_vel,5,34,452,kept
02,const_vel,5,57,309,kept
02,const_vel,5,23,62,kept
02,const_vel,5,10,99,kept
02,const_vel,5,32,432,reborn
02,const_vel,5,36,250,kept
02,const_vel,5,39,338,kept
02,const_vel,5,26,525,kept
02,const_vel,5,44,557,kept
02,const_vel,5,29,154,kept
02,const_vel,5,19,266,kept
02,const_vel,5,62,122,kept
02,rnn,5,34,452,kept
02,rnn,5,57,309,kept
02,rnn,5,23,62,kept
02,rnn,5,10,99,kept
02,rnn,5,32,432,kept
02,rnn,5,36,250,kept
02,rnn,5,39,338,kept
02,rnn,5,26,525,kept
02,rnn,5,44,557,kept
02,rnn,5,29,154,kept
02,rnn,5,19,266,kept
02,rnn,5,62,122,kept
02,static,5,26,328,kept
02,static,5,48,479,reborn
02,static,5,18,56,kept
02,static,5,9,234,kept
02,static,5,32,527,kept
02,static,5,62,306,kept
02,static,5,17,40,kept
02,static,5,69,188,kept
02,static,5,43,591,kept
02,static,5,27,263,kept
02,static,5,34,420,kept
02,static,5,3,17,kept
02,const_vel,5,26,328,kept
02,const_vel,5,48,479,kept
02,const_vel,5,18,56,kept
02,const_vel,5,9,234,kept
02,const_vel,5,32,527,kept
02,const_vel,5,62,306,kept
02,const_vel,5,17,40,kept
02,const_vel,5,69,188,kept
02,const_vel,5,43,591,kept
02,const_vel,5,27,263,kept
02,const_vel,5,34,420,kept
02,const_vel,5,3,17,kept
02,rnn,5,26,328,kept
02,rnn,5,48,479,kept
02,rnn,5,18,56,kept
02,rnn,5,9,234,kept
02,rnn,5,32,527,kept
02,rnn,5,62,306,kept
02,rnn,5,17,40,kept
02,rnn,5,69,188,kept
02,rnn,5,43,591,kept
02,rnn,5,27,263,kept
02,rnn,5,34,420,kept
02,rnn,5,3,17,kept
02,static,5,9,131,kept
02,static,5,44,559,kept
02,static,5,33,488,kept
02,static,5,17,54,kept
02,static,5,26,307,kept
02,static,5,39,164,kept
02,static,5,38,576,kept
02,static,5,32,541,kept
02,static,5,18,73,kept
02,static,5,19,333,kept
02,static,5,27,213,kept
02,static,5,23,261,kept
02,const_vel,5,9,131,kept
02,const_vel,5,44,559,kept
02,const_vel,5,33,488,swapped
02,const_vel,5,17,54,kept
02,const_vel,5,26,307,kept
02,const_vel,5,39,164,kept
02,const_vel,5,38,576,kept
02,const_vel,5,32,541,kept
02,const_vel,5,18,73,kept
02,const_vel,5,19,333,kept
02,const_vel,5,27,213,kept
02,const_vel,5,23,261,kept
02,rnn,5,9,131,kept
02,rnn,5,44,559,kept
02,rnn,5,33,488,kept
02,rnn,5,17,54,kept
02,rnn,5,26,307,kept
02,rnn,5,39,164,kept
02,rnn,5,38,576,kept
02,rnn,5,32,541,kept
02,rnn,5,18,73,kept
02,rnn,5,19,333,kept
02,rnn,5,27,213,kept
02,rnn,5,23,261,kept
02,static,5,36,270,kept
02,static,5,27,125,kept
02,static,5,69,57,kept
02,static,5,10,238,kept
02,static,5,34,426,kept
02,static,5,17,103,kept
02,static,5,35,578,kept
02,static,5,26,448,kept
02,static,5,9,40,kept
02,static,5,20,12,kept
02,static,5,23,297,kept
02,static,5,48,494,kept
02,const_vel,5,36,270,kept
02,const_vel,5,27,125,kept
02,const_vel,5,69,57,kept
02,const_vel,5,10,238,kept
02,const_vel,5,34,426,kept
02,const_vel,5,17,103,kept
02,const_vel,5,35,578,kept
02,const_vel,5,26,448,kept
02,const_vel,5,9,40,kept
02,const_vel,5,20,12,kept
02,const_vel,5,23,297,kept
02,const_vel,5,48,494,kept
02,rnn,5,36,270,kept
02,rnn,5,27,125,kept
02,rnn,5,69,57,kept
02,rnn,5,10,238,kept
02,rnn,5,34,426,kept
02,rnn,5,17,103,kept
02,rnn,5,35,578,kept
02,rnn,5,26,448,kept
02,rnn,5,9,40,kept
02,rnn,5,20,12,kept
02,rnn,5,23,297,kept
02,rnn,5,48,494,kept
02,static,8,44,561,kept
02,static,8,26,250,reborn
02,static,8,23,502,reborn
02,static,8,42,418,kept
02,static,8,9,73,kept
02,static,8,29,300,swapped
02,static,8,28,206,kept
02,static,8,18,475,kept
02,static,8,58,226,kept
02,static,8,14,112,kept
02,static,8,10,48,kept
02,static,8,69,178,kept
02,const_vel,8,44,561,kept
02,const_vel,8,26,250,kept
02,const_vel,8,23,502,kept
02,const_vel,8,42,418,reborn
02,const_vel,8,9,73,kept
02,const_vel,8,29,300,reborn
02,const_vel,8,28,206,swapped
02,const_vel,8,18,475,kept
02,const_vel,8,58,226,reborn
02,const_vel,8,14,112,reborn
02,const_vel,8,10,48,kept
02,const_vel,8,69,178,kept
02,rnn,8,44,561,kept
02,rnn,8,26,250,reborn
02,rnn,8,23,502,kept
02,rnn,8,42,418,kept
02,rnn,8,9,73,kept
02,rnn,8,29,300,swapped
02,rnn,8,28,206,kept
02,rnn,8,18,475,kept
02,rnn,8,58,226,kept
02,rnn,8,14,112,kept
02,rnn,8,10,48,kept
02,rnn,8,69,178,kept
02,static,8,62,275,reborn
02,static,8,36,252,kept
02,static,8,17,189,kept
02,static,8,14,102,kept
02,static,8,39,359,kept
02,static,8,60,339,kept
02,static,8,10,482,kept
02,static,8,15,158,reborn
02,static,8,32,418,kept
02,static,8,34,548,swapped
02,static,8,35,439,kept
02,const_vel,8,36,252,kept
02,const_vel,8,17,189,kept
02,const_vel,8,14,102,kept
02,const_vel,8,39,359,kept
02,const_vel,8,60,339,reborn
02,const_vel,8,10,482,kept
02,const_vel,8,15,158,kept
02,const_vel,8,32,418,kept
02,const_vel,8,34,548,swapped
02,const_vel,8,35,439,kept
02,rnn,8,62,275,kept
02,rnn,8,36,252,kept
02,rnn,8,17,189,kept
02,rnn,8,14,102,kept
02,rnn,8,39,359,kept
02,rnn,8,29,208,swapped
02,rnn,8,60,339,kept
02,rnn,8,10,482,kept
02,rnn,8,15,158,kept
02,rnn,8,32,418,kept
02,rnn,8,34,548,kept
02,rnn,8,35,439,kept
02,static,8,44,533,kept
02,static,8,43,276,kept
02,static,8,58,214,kept
02,static,8,9,150,kept
02,static,8,19,347,kept
02,static,8,29,98,kept
02,static,8,3,61,kept
02,static,8,34,590,kept
02,static,8,55,562,kept
02,static,8,28,184,kept
02,static,8,35,475,kept
02,static,8,14,15,kept
02,const_vel,8,44,533,kept
02,const_vel,8,43,276,reborn
02,const_vel,8,58,214,reborn
02,const_vel,8,9,150,kept
02,const_vel,8,19,347,kept
02,const_vel,8,29,98,swapped
02,const_vel,8,3,61,kept
02,const_vel,8,34,590,kept
02,const_vel,8,55,562,kept
02,const_vel,8,28,184,kept
02,const_vel,8,35,475,kept
02,const_vel,8,14,15,kept
02,rnn,8,44,533,kept
02,rnn,8,43,276,kept
02,rnn,8,58,214,reborn
02,rnn,8,9,150,kept
02,rnn,8,19,347,kept
02,rnn,8,29,98,kept
02,rnn,8,3,61,kept
02,rnn,8,34,590,kept
02,rnn,8,55,562,reborn
02,rnn,8,28,184,kept
02,rnn,8,35,475,kept
02,rnn,8,14,15,kept
02,static,8,29,81,kept
02,static,8,26,531,kept
02,static,8,44,264,reborn
02,static,8,36,207,kept
02,static,8,32,341,kept
02,static,8,27,236,kept
02,static,8,48,586,kept
02,static,8,34,472,kept
02,static,8,17,51,kept
02,static,8,23,440,kept
02,static,8,33,387,kept
02,static,8,54,500,kept
02,const_vel,8,29,81,kept
02,const_vel,8,26,531,kept
02,const_vel,8,44,264,reborn
02,const_vel,8,36,207,kept
02,const_vel,8,32,341,kept
02,const_vel,8,27,236,kept
02,const_vel,8,48,586,kept
02,const_vel,8,34,472,reborn
02,const_vel,8,17,51,kept
02,const_vel,8,23,440,kept
02,const_vel,8,33,387,kept
02,const_vel,8,54,500,reborn
02,rnn,8,29,81,kept
02,rnn,8,26,531,kept
02,rnn,8,44,264,reborn
02,rnn,8,36,207,kept
02,rnn,8,32,341,kept
02,rnn,8,27,236,kept
02,rnn,8,48,586,kept
02,rnn,8,34,472,kept
02,rnn,8,17,51,kept
02,rnn,8,23,440,kept
02,rnn,8,33,387,kept
02,rnn,8,54,500,kept
02,static,10,36,193,kept
02,static,10,54,498,kept
02,static,10,21,23,reborn
02,static,10,41,422,swapped
02,static,10,19,373,kept
02,static,10,39,137,reborn
02,static,10,32,569,kept
02,static,10,20,216,kept
02,static,10,59,171,kept
02,static,10,14,65,kept
02,static,10,57,248,kept
02,static,10,27,304,kept
02,const_vel,10,36,193,kept
02,const_vel,10,54,498,kept
02,const_vel,10,21,23,kept
02,const_vel,10,41,422,reborn
02,const_vel,10,19,373,kept
02,const_vel,10,39,137,reborn
02,const_vel,10,32,569,reborn
02,const_vel,10,20,216,kept
02,const_vel,10,59,171,kept
02,const_vel,10,14,65,kept
02,const_vel,10,57,248,reborn
02,const_vel,10,27,304,kept
02,rnn,10,36,193,kept
02,rnn,10,54,498,kept
02,rnn,10,21,23,kept
02,rnn,10,41,422,swapped
02,rnn,10,19,373,kept
02,rnn,10,39,137,reborn
02,rnn,10,32,569,kept
02,rnn,10,20,216,kept
02,rnn,10,59,171,kept
02,rnn,10,14,65,kept
02,rnn,10,57,248,kept
02,rnn,10,27,304,kept
02,static,10,23,460,kept
02,static,10,44,266,reborn
02,static,10,19,408,kept
02,static,10,27,140,reborn
02,static,10,59,244,kept
02,static,10,29,197,kept
02,static,10,35,555,kept
02,static,10,9,85,kept
02,static,10,43,341,kept
02,static,10,26,320,kept
02,static,10,21,63,reborn
02,static,10,33,483,kept
02,const_vel,10,23,460,kept
02,const_vel,10,44,266,reborn
02,const_vel,10,19,408,kept
02,const_vel,10,27,140,reborn
02,const_vel,10,59,244,kept
02,const_vel,10,29,197,reborn
02,const_vel,10,35,555,reborn
02,const_vel,10,9,85,kept
02,const_vel,10,43,341,kept
02,const_vel,10,26,320,kept
02,const_vel,10,21,63,reborn
02,const_vel,10,33,483,kept
02,rnn,10,23,460,kept
02,rnn,10,44,266,reborn
02,rnn,10,19,408,kept
02,rnn,10,27,140,kept
02,rnn,10,59,244,kept
02,rnn,10,29,197,kept
02,rnn,10,35,555,kept
02,rnn,10,9,85,kept
02,rnn,10,43,341,kept
02,rnn,10,26,320,kept
02,rnn,10,21,63,kept
02,rnn,10,33,483,kept
02,static,10,19,264,kept
02,static,10,26,519,kept
02,static,10,38,388,swapped
02,static,10,36,205,kept
02,static,10,9,104,kept
02,static,10,35,473,kept
02,static,10,2,25,swapped
02,static,10,58,324,kept
02,static,10,10,48,kept
02,static,10,43,579,kept
02,static,10,34,428,kept
02,static,10,15,150,kept
02,const_vel,10,19,264,kept
02,const_vel,10,26,519,kept
02,const_vel,10,38,388,reborn
02,const_vel,10,36,205,reborn
02,const_vel,10,9,104,reborn
02,const_vel,10,35,473,reborn
02,const_vel,10,2,25,reborn
02,const_vel,10,58,324,kept
02,const_vel,10,10,48,kept
02,const_vel,10,43,579,reborn
02,const_vel,10,34,428,reborn
02,const_vel,10,15,150,kept
02,rnn,10,19,264,kept
02,rnn,10,26,519,kept
02,rnn,10,38,388,kept
02,rnn,10,36,205,kept
02,rnn,10,9,104,kept
02,rnn,10,35,473,kept
02,rnn,10,2,25,kept
02,rnn,10,58,324,kept
02,rnn,10,10,48,kept
02,rnn,10,43,579,kept
02,rnn,10,34,428,kept
02,rnn,10,15,150,kept
02,static,10,19,237,kept
02,static,10,39,154,kept
02,static,10,38,530,kept
02,static,10,60,302,kept
02,static,10,23,335,kept
02,static,10,10,47,kept
02,static,10,29,129,kept
02,static,10,35,430,kept
02,static,10,18,26,kept
02,static,10,14,185,reborn
02,static,10,27,85,reborn
02,static,10,36,206,kept
02,const_vel,10,19,237,kept
02,const_vel,10,39,154,reborn
02,const_vel,10,38,530,swapped
02,const_vel,10,60,302,kept
02,const_vel,10,23,335,kept
02,const_vel,10,10,47,kept
02,const_vel,10,29,129,reborn
02,const_vel,10,35,430,kept
02,const_vel,10,18,26,reborn
02,const_vel,10,14,185,reborn
02,const_vel,10,27,85,reborn
02,const_vel,10,36,206,kept
02,rnn,10,19,237,kept
02,rnn,10,39,154,reborn
02,rnn,10,38,530,kept
02,rnn,10,60,302,kept
02,rnn,10,23,335,kept
02,rnn,10,10,47,kept
02,rnn,10,29,129,kept
02,rnn,10,35,430,kept
02,rnn,10,18,26,kept
02,rnn,10,14,185,kept
02,rnn,10,27,85,reborn
02,rnn,10,36,206,kept
02,static,15,19,237,kept
02,static,15,39,198,reborn
02,static,15,26,546,kept
02,static,15,38,303,reborn
02,static,15,14,76,kept
02,static,15,10,170,kept
02,static,15,23,440,kept
02,static,15,18,397,reborn
02,static,15,3,20,kept
02,static,15,60,340,kept
02,static,15,9,128,kept
02,static,15,54,509,kept
02,const_vel,15,19,237,kept
02,const_vel,15,39,198,reborn
02,const_vel,15,26,546,kept
02,const_vel,15,38,303,reborn
02,const_vel,15,14,76,kept
02,const_vel,15,10,170,kept
02,const_vel,15,23,440,kept
02,const_vel,15,18,397,reborn
02,const_vel,15,3,20,reborn
02,const_vel,15,60,340,reborn
02,const_vel,15,9,128,reborn
02,const_vel,15,54,509,reborn
02,rnn,15,19,237,reborn
02,rnn,15,39,198,kept
02,rnn,15,26,546,kept
02,rnn,15,38,303,reborn
02,rnn,15,14,76,kept
02,rnn,15,10,170,kept
02,rnn,15,23,440,swapped
02,rnn,15,18,397,reborn
02,rnn,15,3,20,kept
02,rnn,15,60,340,reborn
02,rnn,15,9,128,kept
02,rnn,15,54,509,kept
02,static,15,33,489,reborn
02,static,15,34,372,reborn
02,static,15,59,226,kept
02,static,15,19,317,kept
02,static,15,35,558,reborn
02,static,15,9,108,kept
02,static,15,48,527,kept
02,static,15,2,15,reborn
02,static,15,27,148,kept
02,static,15,14,41,kept
02,static,15,23,258,kept
02,static,15,10,78,kept
02,const_vel,15,33,489,swapped
02,const_vel,15,34,372,reborn
02,const_vel,15,59,226,reborn
02,const_vel,15,19,317,kept
02,const_vel,15,35,558,reborn
02,const_vel,15,9,108,kept
02,const_vel,15,48,527,reborn
02,const_vel,15,2,15,kept
02,const_vel,15,27,148,swapped
02,const_vel,15,14,41,kept
02,const_vel,15,23,258,kept
02,const_vel,15,10,78,kept
02,rnn,15,33,489,kept
02,rnn,15,34,372,kept
02,rnn,15,59,226,kept
02,rnn,15,19,317,kept
02,rnn,15,35,558,kept
02,rnn,15,9,108,kept
02,rnn,15,48,527,kept
02,rnn,15,2,15,kept
02,rnn,15,27,148,kept
02,rnn,15,14,41,kept
02,rnn,15,23,258,kept
02,rnn,15,10,78,kept
02,static,15,18,29,reborn
02,static,15,39,344,reborn
02,static,15,34,419,reborn
02,static,15,28,206,kept
02,static,15,43,574,kept
02,static,15,32,519,kept
02,static,15,29,87,kept
02,static,15,3,165,kept
02,static,15,60,318,kept
02,static,15,10,476,kept
02,static,15,27,137,kept
02,static,15,62,286,kept
02,const_vel,15,18,29,reborn
02,const_vel,15,39,344,reborn
02,const_vel,15,34,419,reborn
02,const_vel,15,28,206,swapped
02,const_vel,15,43,574,kept
02,const_vel,15,32,519,kept
02,const_vel,15,29,87,reborn
02,const_vel,15,3,165,reborn
02,const_vel,15,60,318,reborn
02,const_vel,15,10,476,reborn
02,const_vel,15,27,137,kept
02,const_vel,15,62,286,kept
02,rnn,15,18,29,reborn
02,rnn,15,39,344,kept
02,rnn,15,34,419,kept
02,rnn,15,28,206,kept
02,rnn,15,43,574,kept
02,rnn,15,32,519,kept
02,rnn,15,29,87,kept
02,rnn,15,3,165,kept
02,rnn,15,60,318,kept
02,rnn,15,10,476,kept
02,rnn,15,27,137,kept
02,rnn,15,62,286,kept
02,static,15,27,179,kept
02,static,15,28,268,kept
02,static,15,29,121,reborn
02,static,15,23,305,kept
02,static,15,57,237,kept
02,static,15,19,386,kept
02,static,15,62,338,kept
02,static,15,21,39,reborn
02,static,15,39,6,kept
02,static,15,10,75,kept
02,static,15,38,582,kept
02,static,15,35,509,reborn
02,const_vel,15,27,179,kept
02,const_vel,15,28,268,reborn
02,const_vel,15,29,121,reborn
02,const_vel,15,23,305,kept
02,const_vel,15,57,237,reborn
02,const_vel,15,19,386,kept
02,const_vel,15,62,338,reborn
02,const_vel,15,21,39,kept
02,const_vel,15,39,6,reborn
02,const_vel,15,10,75,kept
02,const_vel,15,38,582,reborn
02,const_vel,15,35,509,reborn
02,rnn,15,27,179,kept
02,rnn,15,28,268,kept
02,rnn,15,29,121,reborn
02,rnn,15,23,305,kept
02,rnn,15,57,237,kept
02,rnn,15,19,386,kept
02,rnn,15,62,338,kept
02,rnn,15,21,39,kept
02,rnn,15,39,6,reborn
02,rnn,15,10,75,kept
02,rnn,15,38,582,kept
02,rnn,15,35,509,kept
02,static,20,40,238,reborn
02,static,20,20,147,kept
02,static,20,14,106,kept
02,static,20,33,342,reborn
02,static,20,9,41,kept
02,static,20,35,574,reborn
02,static,20,23,513,reborn
02,static,20,38,466,reborn
02,static,20,34,430,reborn
02,static,20,36,281,reborn
02,static,20,3,193,kept
02,static,20,32,390,reborn
02,const_vel,20,40,238,reborn
02,const_vel,20,20,147,reborn
02,const_vel,20,14,106,reborn
02,const_vel,20,33,342,reborn
02,const_vel,20,9,41,kept
02,const_vel,20,35,574,reborn
02,const_vel,20,23,513,kept
02,const_vel,20,38,466,kept
02,const_vel,20,34,430,reborn
02,const_vel,20,36,281,reborn
02,const_vel,20,3,193,kept
02,const_vel,20,32,390,kept
02,rnn,20,40,238,swapped
02,rnn,20,20,147,kept
02,rnn,20,14,106,kept
02,rnn,20,33,342,reborn
02,rnn,20,9,41,kept
02,rnn,20,35,574,kept
02,rnn,20,23,513,kept
02,rnn,20,38,466,kept
02,rnn,20,34,430,kept
02,rnn,20,36,281,kept
02,rnn,20,3,193,kept
02,rnn,20,32,390,kept
02,static,20,23,185,reborn
02,static,20,49,513,kept
02,static,20,18,84,kept
02,static,20,43,325,kept
02,static,20,44,573,kept
02,static,20,19,384,kept
02,static,20,10,467,kept
02,static,20,15,123,kept
02,static,20,36,269,reborn
02,static,20,59,235,kept
02,static,20,3,42,kept
02,static,20,34,427,reborn
02,const_vel,20,23,185,reborn
02,const_vel,20,49,513,reborn
02,const_vel,20,18,84,reborn
02,const_vel,20,43,325,reborn
02,const_vel,20,44,573,reborn
02,const_vel,20,19,384,kept
02,const_vel,20,10,467,reborn
02,const_vel,20,15,123,kept
02,const_vel,20,36,269,reborn
02,const_vel,20,59,235,reborn
02,const_vel,20,3,42,reborn
02,const_vel,20,34,427,reborn
02,rnn,20,23,185,kept
02,rnn,20,49,513,kept
02,rnn,20,18,84,kept
02,rnn,20,43,325,kept
02,rnn,20,44,573,kept
02,rnn,20,19,384,kept
02,rnn,20,10,467,reborn
02,rnn,20,15,123,swapped
02,rnn,20,36,269,kept
02,rnn,20,59,235,kept
02,rnn,20,3,42,kept
02,rnn,20,34,427,kept
02,static,20,36,261,reborn
02,static,20,35,564,reborn
02,static,20,14,40,kept
02,static,20,44,526,kept
02,static,20,27,175,kept
02,static,20,39,132,reborn
02,static,20,19,495,reborn
02,static,20,33,355,reborn
02,static,20,32,395,reborn
02,static,20,29,83,kept
02,static,20,62,293,reborn
02,static,20,58,221,kept
02,const_vel,20,36,261,reborn
02,const_vel,20,35,564,reborn
02,const_vel,20,14,40,reborn
02,const_vel,20,44,526,kept
02,const_vel,20,27,175,reborn
02,const_vel,20,39,132,reborn
02,const_vel,20,19,495,reborn
02,const_vel,20,33,355,reborn
02,const_vel,20,32,395,kept
02,const_vel,20,29,83,kept
02,const_vel,20,62,293,reborn
02,const_vel,20,58,221,reborn
02,rnn,20,36,261,kept
02,rnn,20,35,564,kept
02,rnn,20,14,40,kept
02,rnn,20,44,526,kept
02,rnn,20,27,175,kept
02,rnn,20,39,132,reborn
02,rnn,20,19,495,reborn
02,rnn,20,33,355,kept
02,rnn,20,32,395,kept
02,rnn,20,29,83,kept
02,rnn,20,62,293,reborn
02,rnn,20,58,221,reborn
02,static,20,32,402,reborn
02,static,20,69,155,kept
02,static,20,48,574,kept
02,static,20,14,13,kept
02,static,20,19,482,reborn
02,static,20,17,91,kept
02,static,20,36,194,kept
02,static,20,57,319,kept
02,static,20,28,240,kept
02,static,20,38,284,reborn
02,static,20,9,54,kept
02,static,20,33,350,reborn
02,const_vel,20,32,402,reborn
02,const_vel,20,69,155,reborn
02,const_vel,20,48,574,reborn
02,const_vel,20,14,13,kept
02,const_vel,20,19,482,reborn
02,const_vel,20,17,91,reborn
02,const_vel,20,36,194,reborn
02,const_vel,20,57,319,reborn
02,const_vel,20,28,240,reborn
02,const_vel,20,38,284,reborn
02,const_vel,20,9,54,reborn
02,const_vel,20,33,350,kept
02,rnn,20,32,402,kept
02,rnn,20,69,155,reborn
02,rnn,20,48,574,kept
02,rnn,20,14,13,kept
02,rnn,20,19,482,kept
02,rnn,20,17,91,kept
02,rnn,20,36,194,kept
02,rnn,20,57,319,kept
02,rnn,20,28,240,kept
02,rnn,20,38,284,reborn
02,rnn,20,9,54,kept
02,rnn,20,33,350,kept
02,static,25,20,169,reborn
02,static,25,54,534,kept
02,static,25,19,293,kept
02,static,25,36,470,reborn
02,static,25,33,418,reborn
02,static,25,3,45,kept
02,static,25,44,572,kept
02,static,25,27,245,kept
02,static,25,60,344,kept
02,static,25,2,9,reborn
02,static,25,62,125,reborn
02,static,25,29,86,reborn
02,const_vel,25,20,169,reborn
02,const_vel,25,54,534,reborn
02,const_vel,25,19,293,reborn
02,const_vel,25,36,470,reborn
02,const_vel,25,33,418,reborn
02,const_vel,25,3,45,reborn
02,const_vel,25,44,572,kept
02,const_vel,25,27,245,reborn
02,const_vel,25,60,344,reborn
02,const_vel,25,2,9,reborn
02,const_vel,25,62,125,reborn
02,const_vel,25,29,86,reborn
02,rnn,25,20,169,kept
02,rnn,25,54,534,kept
02,rnn,25,19,293,kept
02,rnn,25,36,470,kept
02,rnn,25,33,418,kept
02,rnn,25,3,45,kept
02,rnn,25,44,572,kept
02,rnn,25,27,245,kept
02,rnn,25,60,344,reborn
02,rnn,25,2,9,reborn
02,rnn,25,62,125,reborn
02,rnn,25,29,86,reborn
02,static,25,38,571,kept
02,static,25,41,457,reborn
02,static,25,69,183,kept
02,static,25,19,258,kept
02,static,25,3,141,reborn
02,static,25,59,220,kept
02,static,25,54,519,kept
02,static,25,14,42,kept
02,static,25,39,335,reborn
02,static,25,10,78,kept
02,static,25,60,299,kept
02,static,25,34,404,reborn
02,const_vel,25,38,571,reborn
02,const_vel,25,41,457,reborn
02,const_vel,25,69,183,reborn
02,const_vel,25,19,258,reborn
02,const_vel,25,3,141,reborn
02,const_vel,25,59,220,reborn
02,const_vel,25,54,519,kept
02,const_vel,25,14,42,reborn
02,const_vel,25,39,335,reborn
02,const_vel,25,10,78,reborn
02,const_vel,25,60,299,reborn
02,const_vel,25,34,404,reborn
02,rnn,25,38,571,kept
02,rnn,25,41,457,reborn
02,rnn,25,69,183,kept
02,rnn,25,19,258,reborn
02,rnn,25,3,141,kept
02,rnn,25,59,220,reborn
02,rnn,25,54,519,kept
02,rnn,25,14,42,kept
02,rnn,25,39,335,kept
02,rnn,25,10,78,kept
02,rnn,25,60,299,kept
02,rnn,25,34,404,kept
02,static,25,35,565,reborn
02,static,25,32,360,reborn
02,static,25,69,184,kept
02,static,25,23,247,kept
02,static,25,38,415,reborn
02,static,25,36,485,reborn
02,static,25,44,300,reborn
02,static,25,29,79,kept
02,static,25,14,12,kept
02,static,25,10,132,kept
02,static,25,34,522,reborn
02,const_vel,25,35,565,reborn
02,const_vel,25,32,360,reborn
02,const_vel,25,69,184,kept
02,const_vel,25,23,247,reborn
02,const_vel,25,38,415,kept
02,const_vel,25,36,485,reborn
02,const_vel,25,44,300,kept
02,const_vel,25,29,79,reborn
02,const_vel,25,14,12,reborn
02,const_vel,25,10,132,reborn
02,const_vel,25,34,522,reborn
02,rnn,25,35,565,kept
02,rnn,25,32,360,kept
02,rnn,25,69,184,kept
02,rnn,25,23,247,kept
02,rnn,25,38,415,kept
02,rnn,25,36,485,kept
02,rnn,25,44,300,reborn
02,rnn,25,29,79,reborn
02,rnn,25,14,12,kept
02,rnn,25,10,132,kept
02,rnn,25,34,522,kept
02,static,25,36,481,reborn
02,static,25,57,312,kept
02,static,25,69,250,reborn
02,static,25,3,138,kept
02,static,25,38,530,swapped
02,static,25,44,569,kept
02,static,25,29,79,kept
02,static,25,14,176,swapped
02,static,25,31,33,kept
02,static,25,23,381,kept
02,static,25,19,437,reborn
02,static,25,28,214,kept
02,const_vel,25,36,481,reborn
02,const_vel,25,57,312,reborn
02,const_vel,25,69,250,reborn
02,const_vel,25,3,138,reborn
02,const_vel,25,38,530,reborn
02,const_vel,25,44,569,reborn
02,const_vel,25,29,79,reborn
02,const_vel,25,14,176,reborn
02,const_vel,25,31,33,reborn
02,const_vel,25,23,381,reborn
02,const_vel,25,19,437,reborn
02,const_vel,25,28,214,kept
02,rnn,25,36,481,kept
02,rnn,25,57,312,kept
02,rnn,25,69,250,reborn
02,rnn,25,3,138,kept
02,rnn,25,38,530,kept
02,rnn,25,44,569,kept
02,rnn,25,29,79,reborn
02,rnn,25,14,176,reborn
02,rnn,25,31,33,kept
02,rnn,25,23,381,kept
02,rnn,25,19,437,reborn
02,rnn,25,28,214,kept
02,static,30,34,495,reborn
02,static,30,10,100,kept
02,static,30,23,52,kept
02,static,30,58,286,reborn
02,static,30,19,244,reborn
02,static,30,32,330,reborn
02,static,30,38,397,reborn
02,static,30,26,159,reborn
02,static,30,49,556,kept
02,static,30,36,201,reborn
02,static,30,3,8,kept
02,static,30,33,446,reborn
02,const_vel,30,34,495,reborn
02,const_vel,30,10,100,reborn
02,const_vel,30,23,52,reborn
02,const_vel,30,58,286,reborn
02,const_vel,30,19,244,reborn
02,const_vel,30,32,330,reborn
02,const_vel,30,38,397,reborn
02,const_vel,30,26,159,reborn
02,const_vel,30,49,556,swapped
02,const_vel,30,36,201,reborn
02,const_vel,30,3,8,reborn
02,const_vel,30,33,446,reborn
02,rnn,30,34,495,kept
02,rnn,30,10,100,kept
02,rnn,30,23,52,kept
02,rnn,30,58,286,kept
02,rnn,30,19,244,reborn
02,rnn,30,32,330,kept
02,rnn,30,38,397,reborn
02,rnn,30,26,159,reborn
02,rnn,30,49,556,kept
02,rnn,30,36,201,kept
02,rnn,30,3,8,kept
02,rnn,30,33,446,reborn
02,static,30,69,192,kept
02,static,30,14,58,kept
02,static,30,19,383,kept
02,static,30,26,522,kept
02,static,30,23,329,kept
02,static,30,36,468,reborn
02,static,30,18,125,kept
02,static,30,43,271,reborn
02,static,30,41,424,swapped
02,static,30,39,12,swapped
02,static,30,48,568,kept
02,const_vel,30,69,192,reborn
02,const_vel,30,14,58,reborn
02,const_vel,30,19,383,reborn
02,const_vel,30,26,522,kept
02,const_vel,30,23,329,kept
02,const_vel,30,36,468,kept
02,const_vel,30,18,125,reborn
02,const_vel,30,43,271,reborn
02,const_vel,30,41,424,reborn
02,const_vel,30,48,568,kept
02,rnn,30,69,192,kept
02,rnn,30,14,58,kept
02,rnn,30,19,383,kept
02,rnn,30,26,522,kept
02,rnn,30,23,329,kept
02,rnn,30,36,468,kept
02,rnn,30,18,125,kept
02,rnn,30,43,271,reborn
02,rnn,30,41,424,reborn
02,rnn,30,39,12,swapped
02,rnn,30,48,568,kept
02,static,30,27,191,kept
02,static,30,9,40,kept
02,static,30,14,145,reborn
02,static,30,23,363,kept
02,static,30,38,277,reborn
02,static,30,34,527,swapped
02,static,30,17,84,kept
02,static,30,19,427,reborn
02,static,30,35,469,reborn
02,static,30,43,318,kept
02,static,30,26,236,reborn
02,static,30,32,568,reborn
02,const_vel,30,27,191,reborn
02,const_vel,30,9,40,reborn
02,const_vel,30,14,145,reborn
02,const_vel,30,23,363,reborn
02,const_vel,30,38,277,reborn
02,const_vel,30,34,527,swapped
02,const_vel,30,17,84,kept
02,const_vel,30,19,427,reborn
02,const_vel,30,35,469,reborn
02,const_vel,30,43,318,reborn
02,const_vel,30,26,236,reborn
02,const_vel,30,32,568,reborn
02,rnn,30,27,191,kept
02,rnn,30,9,40,kept
02,rnn,30,14,145,kept
02,rnn,30,23,363,kept
02,rnn,30,38,277,reborn
02,rnn,30,34,527,swapped
02,rnn,30,17,84,kept
02,rnn,30,19,427,reborn
02,rnn,30,35,469,reborn
02,rnn,30,43,318,reborn
02,rnn,30,26,236,reborn
02,rnn,30,32,568,reborn
02,static,30,39,166,reborn
02,static,30,14,109,reborn
02,static,30,48,513,reborn
02,static,30,10,27,kept
02,static,30,38,430,reborn
02,static,30,36,222,reborn
02,static,30,32,356,reborn
02,static,30,26,276,kept
02,static,30,44,568,kept
02,static,30,23,68,reborn
02,static,30,19,471,reborn
02,const_vel,30,39,166,reborn
02,const_vel,30,14,109,reborn
02,const_vel,30,48,513,reborn
02,const_vel,30,10,27,reborn
02,const_vel,30,38,430,reborn
02,const_vel,30,36,222,kept
02,const_vel,30,32,356,reborn
02,const_vel,30,26,276,reborn
02,const_vel,30,44,568,reborn
02,const_vel,30,23,68,reborn
02,const_vel,30,19,471,reborn
02,rnn,30,39,166,kept
02,rnn,30,14,109,kept
02,rnn,30,48,513,reborn
02,rnn,30,10,27,kept
02,rnn,30,38,430,kept
02,rnn,30,36,222,kept
02,rnn,30,32,356,kept
02,rnn,30,26,276,kept
02,rnn,30,44,568,kept
02,rnn,30,23,68,reborn
02,rnn,30,19,471,kept
02,static,40,48,499,swapped
02,static,40,36,224,reborn
02,static,40,39,152,reborn
02,static,40,18,69,kept
02,static,40,26,554,kept
02,static,40,35,403,reborn
02,static,40,60,308,kept
02,static,40,9,9,kept
02,const_vel,40,48,499,reborn
02,const_vel,40,36,224,reborn
02,const_vel,40,39,152,reborn
02,const_vel,40,18,69,reborn
02,const_vel,40,26,554,reborn
02,const_vel,40,35,403,reborn
02,const_vel,40,60,308,reborn
02,const_vel,40,9,9,reborn
02,rnn,40,48,499,swapped
02,rnn,40,36,224,kept
02,rnn,40,39,152,reborn
02,rnn,40,18,69,kept
02,rnn,40,26,554,kept
02,rnn,40,35,403,kept
02,rnn,40,60,308,kept
02,rnn,40,9,9,kept
02,static,40,35,433,reborn
02,static,40,20,176,swapped
02,static,40,32,361,reborn
02,static,40,33,506,reborn
02,static,40,27,285,kept
02,static,40,39,109,reborn
02,static,40,3,32,kept
02,static,40,19,227,reborn
02,static,40,26,558,kept
02,const_vel,40,35,433,reborn
02,const_vel,40,20,176,swapped
02,const_vel,40,32,361,reborn
02,const_vel,40,33,506,kept
02,const_vel,40,27,285,reborn
02,const_vel,40,39,109,reborn
02,const_vel,40,3,32,reborn
02,const_vel,40,19,227,kept
02,const_vel,40,26,558,reborn
02,rnn,40,35,433,reborn
02,rnn,40,20,176,swapped
02,rnn,40,32,361,reborn
02,rnn,40,33,506,reborn
02,rnn,40,27,285,kept
02,rnn,40,39,109,reborn
02,rnn,40,3,32,kept
02,rnn,40,19,227,swapped
02,rnn,40,26,558,kept
02,static,40,34,548,reborn
02,static,40,59,196,kept
02,static,40,27,101,reborn
02,static,40,26,455,kept
02,static,40,38,273,reborn
02,static,40,23,24,kept
02,static,40,62,356,kept
02,const_vel,40,34,548,reborn
02,const_vel,40,59,196,reborn
02,const_vel,40,27,101,reborn
02,const_vel,40,26,455,reborn
02,const_vel,40,38,273,reborn
02,const_vel,40,23,24,reborn
02,const_vel,40,62,356,reborn
02,rnn,40,34,548,kept
02,rnn,40,59,196,kept
02,rnn,40,27,101,reborn
02,rnn,40,26,455,reborn
02,rnn,40,38,273,reborn
02,rnn,40,23,24,kept
02,rnn,40,62,356,kept
02,static,40,32,364,reborn
02,static,40,49,553,kept
02,static,40,10,102,kept
02,static,40,9,480,reborn
02,static,40,23,161,reborn
02,static,40,19,231,reborn
02,static,40,21,15,reborn
02,static,40,62,310,kept
02,static,40,35,426,reborn
02,const_vel,40,32,364,reborn
02,const_vel,40,49,553,reborn
02,const_vel,40,10,102,reborn
02,const_vel,40,9,480,reborn
02,const_vel,40,23,161,reborn
02,const_vel,40,19,231,reborn
02,const_vel,40,21,15,reborn
02,const_vel,40,62,310,reborn
02,const_vel,40,35,426,reborn
02,rnn,40,32,364,reborn
02,rnn,40,49,553,reborn
02,rnn,40,10,102,kept
02,rnn,40,9,480,kept
02,rnn,40,23,161,kept
02,rnn,40,19,231,reborn
02,rnn,40,21,15,reborn
02,rnn,40,62,310,kept
02,rnn,40,35,426,reborn
02,static,50,36,162,reborn
02,static,50,54,490,kept
02,static,50,58,232,reborn
02,static,50,3,76,reborn
02,static,50,23,327,kept
02,static,50,34,394,reborn
02,static,50,39,7,swapped
02,const_vel,50,36,162,reborn
02,const_vel,50,54,490,reborn
02,const_vel,50,58,232,kept
02,const_vel,50,3,76,reborn
02,const_vel,50,23,327,reborn
02,const_vel,50,34,394,swapped
02,const_vel,50,39,7,reborn
02,rnn,50,36,162,reborn
02,rnn,50,54,490,kept
02,rnn,50,58,232,reborn
02,rnn,50,3,76,reborn
02,rnn,50,23,327,kept
02,rnn,50,34,394,reborn
02,rnn,50,39,7,reborn
02,static,50,14,142,reborn
02,static,50,17,43,kept
02,static,50,48,514,kept
02,static,50,44,268,reborn
02,static,50,35,386,reborn
02,static,50,33,450,reborn
02,static,50,36,204,reborn
02,const_vel,50,14,142,reborn
02,const_vel,50,17,43,reborn
02,const_vel,50,48,514,reborn
02,const_vel,50,44,268,reborn
02,const_vel,50,35,386,swapped
02,const_vel,50,33,450,reborn
02,const_vel,50,36,204,reborn
02,rnn,50,14,142,reborn
02,rnn,50,17,43,kept
02,rnn,50,48,514,kept
02,rnn,50,44,268,reborn
02,rnn,50,35,386,kept
02,rnn,50,33,450,reborn
02,rnn,50,36,204,kept
02,static,50,58,236,reborn
02,static,50,34,528,reborn
02,static,50,3,64,reborn
02,static,50,19,432,reborn
02,static,50,27,154,reborn
02,static,50,23,330,kept
02,const_vel,50,58,236,reborn
02,const_vel,50,34,528,reborn
02,const_vel,50,3,64,reborn
02,const_vel,50,19,432,reborn
02,const_vel,50,27,154,reborn
02,const_vel,50,23,330,reborn
02,rnn,50,58,236,kept
02,rnn,50,34,528,reborn
02,rnn,50,3,64,reborn
02,rnn,50,19,432,reborn
02,rnn,50,27,154,reborn
02,rnn,50,23,330,kept
02,static,50,9,51,kept
02,static,50,18,419,reborn
02,static,50,3,169,reborn
02,static,50,23,358,kept
02,static,50,19,282,reborn
02,static,50,38,535,reborn
02,const_vel,50,9,51,reborn
02,const_vel,50,18,419,reborn
02,const_vel,50,3,169,reborn
02,const_vel,50,23,358,reborn
02,const_vel,50,19,282,reborn
02,const_vel,50,38,535,reborn
02,rnn,50,9,51,kept
02,rnn,50,18,419,reborn
02,rnn,50,3,169,kept
02,rnn,50,23,358,kept
02,rnn,50,19,282,kept
02,rnn,50,38,535,kept
02,static,60,17,35,kept
02,static,60,3,112,reborn
02,static,60,38,428,reborn
02,static,60,19,333,kept
02,static,60,48,531,kept
02,static,60,23,196,reborn
02,const_vel,60,17,35,reborn
02,const_vel,60,3,112,reborn
02,const_vel,60,38,428,reborn
02,const_vel,60,19,333,reborn
02,const_vel,60,48,531,reborn
02,const_vel,60,23,196,reborn
02,rnn,60,17,35,kept
02,rnn,60,3,112,reborn
02,rnn,60,38,428,reborn
02,rnn,60,19,333,kept
02,rnn,60,48,531,reborn
02,rnn,60,23,196,reborn
02,static,60,35,434,swapped
02,static,60,39,160,reborn
02,static,60,27,245,kept
02,static,60,14,59,reborn
02,static,60,23,354,reborn
02,static,60,43,513,reborn
02,const_vel,60,35,434,reborn
02,const_vel,60,39,160,swapped
02,const_vel,60,27,245,reborn
02,const_vel,60,14,59,reborn
02,const_vel,60,23,354,reborn
02,const_vel,60,43,513,reborn
02,rnn,60,35,434,reborn
02,rnn,60,39,160,kept
02,rnn,60,27,245,kept
02,rnn,60,14,59,reborn
02,rnn,60,23,354,kept
02,rnn,60,43,513,reborn
02,static,60,33,429,reborn
02,static,60,3,113,reborn
02,static,60,32,333,reborn
02,static,60,19,227,reborn
02,static,60,17,26,kept
02,static,60,34,526,reborn
02,const_vel,60,33,429,reborn
02,const_vel,60,3,113,reborn
02,const_vel,60,32,333,reborn
02,const_vel,60,19,227,kept
02,const_vel,60,17,26,reborn
02,const_vel,60,34,526,reborn
02,rnn,60,33,429,swapped
02,rnn,60,3,113,reborn
02,rnn,60,32,333,reborn
02,rnn,60,19,227,reborn
02,rnn,60,17,26,kept
02,rnn,60,34,526,reborn
02,static,60,36,165,reborn
02,static,60,27,278,reborn
02,static,60,35,493,reborn
02,static,60,18,45,kept
02,static,60,19,350,kept
02,static,60,23,421,reborn
02,const_vel,60,36,165,reborn
02,const_vel,60,27,278,reborn
02,const_vel,60,35,493,reborn
02,const_vel,60,18,45,reborn
02,const_vel,60,19,350,reborn
02,const_vel,60,23,421,reborn
02,rnn,60,36,165,reborn
02,rnn,60,27,278,reborn
02,rnn,60,35,493,reborn
02,rnn,60,18,45,kept
02,rnn,60,19,350,kept
02,rnn,60,23,421,reborn
04,static,0,95,591,kept
04,static,0,66,37,kept
04,static,0,60,1005,kept
04,static,0,69,378,kept
04,static,0,103,950,kept
04,static,0,83,288,kept
04,static,0,67,404,kept
04,static,0,71,261,kept
04,static,0,63,16,kept
04,static,0,92,639,kept
04,static,0,101,989,kept
04,static,0,78,1024,kept
04,const_vel,0,95,591,kept
04,const_vel,0,66,37,kept
04,const_vel,0,60,1005,kept
04,const_vel,0,69,378,kept
04,const_vel,0,103,950,kept
04,const_vel,0,83,288,kept
04,const_vel,0,67,404,kept
04,const_vel,0,71,261,kept
04,const_vel,0,63,16,kept
04,const_vel,0,92,639,kept
04,const_vel,0,101,989,kept
04,const_vel,0,78,1024,kept
04,rnn,0,95,591,kept
04,rnn,0,66,37,kept
04,rnn,0,60,1005,kept
04,rnn,0,69,378,kept
04,rnn,0,103,950,kept
04,rnn,0,83,288,kept
04,rnn,0,67,404,kept
04,rnn,0,71,261,kept
04,rnn,0,63,16,kept
04,rnn,0,92,639,kept
04,rnn,0,101,989,kept
04,rnn,0,78,1024,kept
04,static,0,98,301,kept
04,static,0,75,28,kept
04,static,0,2,166,kept
04,static,0,6,94,kept
04,static,0,118,478,kept
04,static,0,1,719,kept
04,static,0,60,63,kept
04,static,0,5,694,kept
04,static,0,125,994,kept
04,static,0,106,598,kept
04,static,0,123,238,kept
04,static,0,86,105,kept
04,const_vel,0,98,301,kept
04,const_vel,0,75,28,kept
04,const_vel,0,2,166,kept
04,const_vel,0,6,94,kept
04,const_vel,0,118,478,kept
04,const_vel,0,1,719,kept
04,const_vel,0,60,63,kept
04,const_vel,0,5,694,kept
04,const_vel,0,125,994,kept
04,const_vel,0,106,598,kept
04,const_vel,0,123,238,kept
04,const_vel,0,86,105,kept
04,rnn,0,98,301,kept
04,rnn,0,75,28,kept
04,rnn,0,2,166,kept
04,rnn,0,6,94,kept
04,rnn,0,118,478,kept
04,rnn,0,1,719,kept
04,rnn,0,60,63,kept
04,rnn,0,5,694,kept
04,rnn,0,125,994,kept
04,rnn,0,106,598,kept
04,rnn,0,123,238,kept
04,rnn,0,86,105,kept
04,static,0,83,357,kept
04,static,0,90,460,kept
04,static,0,75,100,kept
04,static,0,140,333,kept
04,static,0,133,960,kept
04,static,0,3,181,kept
04,static,0,124,565,kept
04,static,0,61,19,kept
04,static,0,100,859,kept
04,static,0,78,124,kept
04,static,0,94,1009,kept
04,static,0,125,876,kept
04,const_vel,0,83,357,kept
04,const_vel,0,90,460,kept
04,const_vel,0,75,100,kept
04,const_vel,0,140,333,kept
04,const_vel,0,133,960,kept
04,const_vel,0,3,181,kept
04,const_vel,0,124,565,kept
04,const_vel,0,61,19,kept
04,const_vel,0,100,859,kept
04,const_vel,0,78,124,kept
04,const_vel,0,94,1009,kept
04,const_vel,0,125,876,kept
04,rnn,0,83,357,kept
04,rnn,0,90,460,kept
04,rnn,0,75,100,kept
04,rnn,0,140,333,kept
04,rnn,0,133,960,kept
04,rnn,0,3,181,kept
04,rnn,0,124,565,kept
04,rnn,0,61,19,kept
04,rnn,0,100,859,kept
04,rnn,0,78,124,kept
04,rnn,0,94,1009,kept
04,rnn,0,125,876,kept
04,static,0,131,945,kept
04,static,0,101,923,kept
04,static,0,2,479,kept
04,static,0,106,651,kept
04,static,0,4,768,kept
04,static,0,93,782,reborn
04,static,0,90,280,kept
04,static,0,111,514,kept
04,static,0,86,892,kept
04,static,0,97,550,kept
04,static,0,69,80,kept
04,static,0,126,1047,kept
04,const_vel,0,131,945,kept
04,const_vel,0,101,923,kept
04,const_vel,0,2,479,kept
04,const_vel,0,106,651,kept
04,const_vel,0,4,768,kept
04,const_vel,0,93,782,kept
04,const_vel,0,90,280,kept
04,const_vel,0,111,514,kept
04,const_vel,0,86,892,kept
04,const_vel,0,97,550,kept
04,const_vel,0,69,80,kept
04,const_vel,0,126,1047,kept
04,rnn,0,131,945,kept
04,rnn,0,101,923,kept
04,rnn,0,2,479,kept
04,rnn,0,106,651,kept
04,rnn,0,4,768,kept
04,rnn,0,93,782,kept
04,rnn,0,90,280,kept
04,rnn,0,111,514,kept
04,rnn,0,86,892,kept
04,rnn,0,97,550,kept
04,rnn,0,69,80,kept
04,rnn,0,126,1047,kept
04,static,1,122,280,kept
04,static,1,124,788,kept
04,static,1,80,323,kept
04,static,1,68,7,kept
04,static,1,105,584,kept
04,static,1,98,920,kept
04,static,1,86,526,kept
04,static,1,71,382,kept
04,static,1,111,705,kept
04,static,1,3,419,kept
04,static,1,69,769,kept
04,static,1,106,598,kept
04,const_vel,1,122,280,kept
04,const_vel,1,124,788,kept
04,const_vel,1,80,323,kept
04,const_vel,1,68,7,kept
04,const_vel,1,105,584,kept
04,const_vel,1,98,920,kept
04,const_vel,1,86,526,kept
04,const_vel,1,71,382,kept
04,const_vel,1,111,705,kept
04,const_vel,1,3,419,kept
04,const_vel,1,69,769,kept
04,const_vel,1,106,598,kept
04,rnn,1,122,280,kept
04,rnn,1,124,788,kept
04,rnn,1,80,323,kept
04,rnn,1,68,7,kept
04,rnn,1,105,584,kept
04,rnn,1,98,920,kept
04,rnn,1,86,526,kept
04,rnn,1,71,382,kept
04,rnn,1,111,705,kept
04,rnn,1,3,419,kept
04,rnn,1,69,769,kept
04,rnn,1,106,598,kept
04,static,1,3,823,kept
04,static,1,83,511,kept
04,static,1,87,968,kept
04,static,1,133,767,kept
04,static,1,70,166,kept
04,static,1,88,540,kept
04,static,1,99,374,kept
04,static,1,111,687,kept
04,static,1,74,135,kept
04,static,1,120,572,kept
04,static,1,127,1033,kept
04,static,1,4,669,kept
04,const_vel,1,3,823,kept
04,const_vel,1,83,511,kept
04,const_vel,1,87,968,kept
04,const_vel,1,133,767,kept
04,const_vel,1,70,166,kept
04,const_vel,1,88,540,kept
04,const_vel,1,99,374,kept
04,const_vel,1,111,687,kept
04,const_vel,1,74,135,kept
04,const_vel,1,120,572,kept
04,const_vel,1,127,1033,kept
04,const_vel,1,4,669,kept
04,rnn,1,3,823,kept
04,rnn,1,83,511,kept
04,rnn,1,87,968,kept
04,rnn,1,133,767,kept
04,rnn,1,70,166,kept
04,rnn,1,88,540,kept
04,rnn,1,99,374,kept
04,rnn,1,111,687,kept
04,rnn,1,74,135,kept
04,rnn,1,120,572,kept
04,rnn,1,127,1033,kept
04,rnn,1,4,669,kept
04,static,1,69,606,kept
04,static,1,68,815,kept
04,static,1,124,681,kept
04,static,1,125,395,kept
04,static,1,134,1022,kept
04,static,1,6,986,kept
04,static,1,63,549,kept
04,static,1,60,943,kept
04,static,1,2,456,kept
04,static,1,82,337,kept
04,static,1,107,1004,kept
04,static,1,71,362,kept
04,const_vel,1,69,606,kept
04,const_vel,1,68,815,kept
04,const_vel,1,124,681,kept
04,const_vel,1,125,395,kept
04,const_vel,1,134,1022,kept
04,const_vel,1,6,986,kept
04,const_vel,1,63,549,kept
04,const_vel,1,60,943,kept
04,const_vel,1,2,456,kept
04,const_vel,1,82,337,kept
04,const_vel,1,107,1004,kept
04,const_vel,1,71,362,kept
04,rnn,1,69,606,kept
04,rnn,1,68,815,kept
04,rnn,1,124,681,kept
04,rnn,1,125,395,kept
04,rnn,1,134,1022,kept
04,rnn,1,6,986,kept
04,rnn,1,63,549,kept
04,rnn,1,60,943,kept
04,rnn,1,2,456,kept
04,rnn,1,82,337,kept
04,rnn,1,107,1004,kept
04,rnn,1,71,362,kept
04,static,1,84,132,kept
04,static,1,124,559,kept
04,static,1,92,330,kept
04,static,1,69,985,kept
04,static,1,62,17,kept
04,static,1,101,941,kept
04,static,1,78,356,kept
04,static,1,125,373,kept
04,static,1,87,157,kept
04,static,1,82,396,kept
04,static,1,118,268,kept
04,static,1,80,488,kept
04,const_vel,1,84,132,kept
04,const_vel,1,124,559,kept
04,const_vel,1,92,330,kept
04,const_vel,1,69,985,kept
04,const_vel,1,62,17,kept
04,const_vel,1,101,941,kept
04,const_vel,1,78,356,kept
04,const_vel,1,125,373,kept
04,const_vel,1,87,157,kept
04,const_vel,1,82,396,kept
04,const_vel,1,118,268,kept
04,const_vel,1,80,488,kept
04,rnn,1,84,132,kept
04,rnn,1,124,559,kept
04,rnn,1,92,330,kept
04,rnn,1,69,985,kept
04,rnn,1,62,17,kept
04,rnn,1,101,941,kept
04,rnn,1,78,356,kept
04,rnn,1,125,373,kept
04,rnn,1,87,157,kept
04,rnn,1,82,396,kept
04,rnn,1,118,268,kept
04,rnn,1,80,488,kept
04,static,2,68,914,reborn
04,static,2,82,466,kept
04,static,2,75,571,kept
04,static,2,80,334,kept
04,static,2,126,1018,kept
04,static,2,90,664,kept
04,static,2,2,153,kept
04,static,2,119,556,kept
04,static,2,63,426,kept
04,static,2,117,839,kept
04,static,2,4,893,kept
04,static,2,92,96,kept
04,const_vel,2,68,914,kept
04,const_vel,2,82,466,kept
04,const_vel,2,75,571,kept
04,const_vel,2,80,334,kept
04,const_vel,2,126,1018,kept
04,const_vel,2,90,664,kept
04,const_vel,2,2,153,kept
04,const_vel,2,119,556,kept
04,const_vel,2,63,426,kept
04,const_vel,2,117,839,kept
04,const_vel,2,4,893,kept
04,const_vel,2,92,96,kept
04,rnn,2,68,914,kept
04,rnn,2,82,466,kept
04,rnn,2,75,571,kept
04,rnn,2,80,334,kept
04,rnn,2,126,1018,kept
04,rnn,2,90,664,kept
04,rnn,2,2,153,kept
04,rnn,2,119,556,kept
04,rnn,2,63,426,kept
04,rnn,2,117,839,kept
04,rnn,2,4,893,kept
04,rnn,2,92,96,kept
04,static,2,101,976,kept
04,static,2,6,63,kept
04,static,2,60,24,kept
04,static,2,132,1016,kept
04,static,2,124,522,kept
04,static,2,86,256,kept
04,static,2,108,809,kept
04,static,2,87,898,kept
04,static,2,84,137,kept
04,static,2,69,576,kept
04,static,2,78,486,kept
04,static,2,94,822,kept
04,const_vel,2,101,976,kept
04,const_vel,2,6,63,kept
04,const_vel,2,60,24,kept
04,const_vel,2,132,1016,kept
04,const_vel,2,124,522,kept
04,const_vel,2,86,256,kept
04,const_vel,2,108,809,kept
04,const_vel,2,87,898,kept
04,const_vel,2,84,137,kept
04,const_vel,2,69,576,kept
04,const_vel,2,78,486,kept
04,const_vel,2,94,822,kept
04,rnn,2,101,976,kept
04,rnn,2,6,63,kept
04,rnn,2,60,24,kept
04,rnn,2,132,1016,kept
04,rnn,2,124,522,kept
04,rnn,2,86,256,kept
04,rnn,2,108,809,kept
04,rnn,2,87,898,kept
04,rnn,2,84,137,kept
04,rnn,2,69,576,kept
04,rnn,2,78,486,kept
04,rnn,2,94,822,kept
04,static,2,60,233,kept
04,static,2,94,970,kept
04,static,2,3,522,kept
04,static,2,4,838,kept
04,static,2,70,553,kept
04,static,2,5,185,kept
04,static,2,85,18,kept
04,static,2,125,460,kept
04,static,2,78,539,kept
04,static,2,83,487,kept
04,static,2,80,789,kept
04,static,2,87,136,kept
04,const_vel,2,60,233,kept
04,const_vel,2,94,970,kept
04,const_vel,2,3,522,kept
04,const_vel,2,4,838,kept
04,const_vel,2,70,553,kept
04,const_vel,2,5,185,kept
04,const_vel,2,85,18,kept
04,const_vel,2,125,460,kept
04,const_vel,2,78,539,kept
04,const_vel,2,83,487,kept
04,const_vel,2,80,789,kept
04,const_vel,2,87,136,kept
04,rnn,2,60,233,kept
04,rnn,2,94,970,kept
04,rnn,2,3,522,kept
04,rnn,2,4,838,kept
04,rnn,2,70,553,kept
04,rnn,2,5,185,kept
04,rnn,2,85,18,kept
04,rnn,2,125,460,kept
04,rnn,2,78,539,kept
04,rnn,2,83,487,kept
04,rnn,2,80,789,kept
04,rnn,2,87,136,kept
04,static,2,3,456,kept
04,static,2,91,19,kept
04,static,2,1,933,kept
04,static,2,60,713,kept
04,static,2,68,825,kept
04,static,2,5,418,kept
04,static,2,71,114,kept
04,static,2,66,543,kept
04,static,2,88,342,kept
04,static,2,75,443,kept
04,static,2,67,220,kept
04,static,2,69,306,kept
04,const_vel,2,3,456,kept
04,const_vel,2,91,19,kept
04,const_vel,2,1,933,kept
04,const_vel,2,60,713,kept
04,const_vel,2,68,825,kept
04,const_vel,2,5,418,kept
04,const_vel,2,71,114,kept
04,const_vel,2,66,543,kept
04,const_vel,2,88,342,kept
04,const_vel,2,75,443,kept
04,const_vel,2,67,220,kept
04,const_vel,2,69,306,kept
04,rnn,2,3,456,kept
04,rnn,2,91,19,kept
04,rnn,2,1,933,kept
04,rnn,2,60,713,kept
04,rnn,2,68,825,kept
04,rnn,2,5,418,kept
04,rnn,2,71,114,kept
04,rnn,2,66,543,kept
04,rnn,2,88,342,kept
04,rnn,2,75,443,kept
04,rnn,2,67,220,kept
04,rnn,2,69,306,kept
04,static,3,92,169,kept
04,static,3,76,247,kept
04,static,3,2,387,kept
04,static,3,1,318,kept
04,static,3,74,405,kept
04,static,3,68,1005,kept
04,static,3,88,122,kept
04,static,3,6,914,kept
04,static,3,84,183,kept
04,static,3,60,809,kept
04,static,3,111,855,kept
04,static,3,106,772,kept
04,const_vel,3,92,169,kept
04,const_vel,3,76,247,kept
04,const_vel,3,2,387,reborn
04,const_vel,3,1,318,kept
04,const_vel,3,74,405,kept
04,const_vel,3,68,1005,kept
04,const_vel,3,88,122,kept
04,const_vel,3,6,914,kept
04,const_vel,3,84,183,kept
04,const_vel,3,60,809,kept
04,const_vel,3,111,855,kept
04,const_vel,3,106,772,kept
04,rnn,3,92,169,kept
04,rnn,3,76,247,kept
04,rnn,3,2,387,kept
04,rnn,3,1,318,kept
04,rnn,3,74,405,kept
04,rnn,3,68,1005,kept
04,rnn,3,88,122,kept
04,rnn,3,6,914,kept
04,rnn,3,84,183,kept
04,rnn,3,60,809,kept
04,rnn,3,111,855,kept
04,rnn,3,106,772,kept
04,static,3,87,192,kept
04,static,3,112,994,kept
04,static,3,88,889,kept
04,static,3,3,760,kept
04,static,3,68,26,kept
04,static,3,117,941,kept
04,static,3,125,786,kept
04,static,3,67,310,kept
04,static,3,69,436,kept
04,static,3,84,62,kept
04,static,3,86,473,kept
04,static,3,106,919,kept
04,const_vel,3,87,192,kept
04,const_vel,3,112,994,kept
04,const_vel,3,88,889,kept
04,const_vel,3,3,760,kept
04,const_vel,3,68,26,kept
04,const_vel,3,117,941,kept
04,const_vel,3,125,786,kept
04,const_vel,3,67,310,kept
04,const_vel,3,69,436,kept
04,const_vel,3,84,62,kept
04,const_vel,3,86,473,kept
04,const_vel,3,106,919,kept
04,rnn,3,87,192,kept
04,rnn,3,112,994,kept
04,rnn,3,88,889,kept
04,rnn,3,3,760,kept
04,rnn,3,68,26,kept
04,rnn,3,117,941,kept
04,rnn,3,125,786,kept
04,rnn,3,67,310,kept
04,rnn,3,69,436,kept
04,rnn,3,84,62,kept
04,rnn,3,86,473,kept
04,rnn,3,106,919,kept
04,static,3,65,290,kept
04,static,3,94,1042,kept
04,static,3,4,955,kept
04,static,3,1,826,kept
04,static,3,92,134,reborn
04,static,3,80,379,kept
04,static,3,66,730,kept
04,static,3,119,564,kept
04,static,3,106,266,kept
04,static,3,6,941,kept
04,static,3,124,991,kept
04,static,3,3,744,kept
04,const_vel,3,65,290,kept
04,const_vel,3,94,1042,kept
04,const_vel,3,4,955,kept
04,const_vel,3,1,826,kept
04,const_vel,3,92,134,reborn
04,const_vel,3,80,379,kept
04,const_vel,3,66,730,kept
04,const_vel,3,119,564,kept
04,const_vel,3,106,266,kept
04,const_vel,3,6,941,kept
04,const_vel,3,124,991,kept
04,const_vel,3,3,744,kept
04,rnn,3,65,290,kept
04,rnn,3,94,1042,kept
04,rnn,3,4,955,kept
04,rnn,3,1,826,kept
04,rnn,3,92,134,reborn
04,rnn,3,80,379,kept
04,rnn,3,66,730,kept
04,rnn,3,119,564,kept
04,rnn,3,106,266,kept
04,rnn,3,6,941,kept
04,rnn,3,124,991,kept
04,rnn,3,3,744,kept
04,static,3,74,416,kept
04,static,3,78,996,kept
04,static,3,66,897,kept
04,static,3,99,210,kept
04,static,3,106,657,kept
04,static,3,93,805,kept
04,static,3,86,540,kept
04,static,3,75,57,kept
04,static,3,134,745,kept
04,static,3,1,236,kept
04,static,3,4,312,kept
04,static,3,87,839,kept
04,const_vel,3,74,416,kept
04,const_vel,3,78,996,kept
04,const_vel,3,66,897,kept
04,const_vel,3,99,210,kept
04,const_vel,3,106,657,kept
04,const_vel,3,93,805,reborn
04,const_vel,3,86,540,kept
04,const_vel,3,75,57,kept
04,const_vel,3,134,745,kept
04,const_vel,3,1,236,kept
04,const_vel,3,4,312,kept
04,const_vel,3,87,839,kept
04,rnn,3,74,416,kept
04,rnn,3,78,996,kept
04,rnn,3,66,897,kept
04,rnn,3,99,210,kept
04,rnn,3,106,657,kept
04,rnn,3,93,805,kept
04,rnn,3,86,540,kept
04,rnn,3,75,57,kept
04,rnn,3,134,745,kept
04,rnn,3,1,236,kept
04,rnn,3,4,312,kept
04,rnn,3,87,839,kept
04,static,5,125,1002,kept
04,static,5,88,831,kept
04,static,5,131,779,kept
04,static,5,63,436,kept
04,static,5,4,22,kept
04,static,5,134,957,kept
04,static,5,124,889,kept
04,static,5,99,208,kept
04,static,5,90,985,kept
04,static,5,86,799,kept
04,static,5,111,709,kept
04,static,5,69,1035,kept
04,const_vel,5,125,1002,kept
04,const_vel,5,88,831,reborn
04,const_vel,5,131,779,kept
04,const_vel,5,63,436,kept
04,const_vel,5,4,22,kept
04,const_vel,5,134,957,kept
04,const_vel,5,124,889,kept
04,const_vel,5,99,208,reborn
04,const_vel,5,90,985,kept
04,const_vel,5,86,799,kept
04,const_vel,5,111,709,kept
04,const_vel,5,69,1035,kept
04,rnn,5,125,1002,kept
04,rnn,5,88,831,kept
04,rnn,5,131,779,kept
04,rnn,5,63,436,kept
04,rnn,5,4,22,kept
04,rnn,5,134,957,kept
04,rnn,5,124,889,kept
04,rnn,5,99,208,kept
04,rnn,5,90,985,kept
04,rnn,5,86,799,kept
04,rnn,5,111,709,kept
04,rnn,5,69,1035,kept
04,static,5,127,928,kept
04,static,5,60,611,kept
04,static,5,6,211,kept
04,static,5,125,816,kept
04,static,5,88,179,reborn
04,static,5,4,1012,kept
04,static,5,92,64,kept
04,static,5,71,560,kept
04,static,5,99,123,kept
04,static,5,106,903,kept
04,static,5,111,420,kept
04,static,5,78,798,kept
04,const_vel,5,127,928,kept
04,const_vel,5,60,611,kept
04,const_vel,5,6,211,kept
04,const_vel,5,125,816,kept
04,const_vel,5,88,179,kept
04,const_vel,5,4,1012,kept
04,const_vel,5,92,64,kept
04,const_vel,5,71,560,kept
04,const_vel,5,99,123,kept
04,const_vel,5,106,903,kept
04,const_vel,5,111,420,kept
04,const_vel,5,78,798,kept
04,rnn,5,127,928,kept
04,rnn,5,60,611,kept
04,rnn,5,6,211,kept
04,rnn,5,125,816,kept
04,rnn,5,88,179,kept
04,rnn,5,4,1012,kept
04,rnn,5,92,64,kept
04,rnn,5,71,560,kept
04,rnn,5,99,123,kept
04,rnn,5,106,903,kept
04,rnn,5,111,420,kept
04,rnn,5,78,798,kept
04,static,5,80,29,kept
04,static,5,111,750,kept
04,static,5,132,955,kept
04,static,5,106,298,kept
04,static,5,69,786,kept
04,static,5,60,515,kept
04,static,5,6,9,kept
04,static,5,65,540,kept
04,static,5,66,162,kept
04,static,5,86,422,kept
04,static,5,74,983,kept
04,static,5,105,891,kept
04,const_vel,5,80,29,kept
04,const_vel,5,111,750,kept
04,const_vel,5,132,955,kept
04,const_vel,5,106,298,kept
04,const_vel,5,69,786,kept
04,const_vel,5,60,515,kept
04,const_vel,5,6,9,kept
04,const_vel,5,65,540,kept
04,const_vel,5,66,162,kept
04,const_vel,5,86,422,kept
04,const_vel,5,74,983,kept
04,const_vel,5,105,891,kept
04,rnn,5,80,29,kept
04,rnn,5,111,750,kept
04,rnn,5,132,955,kept
04,rnn,5,106,298,kept
04,rnn,5,69,786,kept
04,rnn,5,60,515,kept
04,rnn,5,6,9,kept
04,rnn,5,65,540,kept
04,rnn,5,66,162,kept
04,rnn,5,86,422,kept
04,rnn,5,74,983,kept
04,rnn,5,105,891,kept
04,static,5,84,171,kept
04,static,5,83,283,kept
04,static,5,103,984,kept
04,static,5,86,358,kept
04,static,5,5,215,kept
04,static,5,71,317,kept
04,static,5,76,81,kept
04,static,5,68,30,kept
04,static,5,94,707,kept
04,static,5,70,97,kept
04,static,5,99,259,kept
04,static,5,105,580,kept
04,const_vel,5,84,171,kept
04,const_vel,5,83,283,kept
04,const_vel,5,103,984,kept
04,const_vel,5,86,358,kept
04,const_vel,5,5,215,kept
04,const_vel,5,71,317,kept
04,const_vel,5,76,81,kept
04,const_vel,5,68,30,kept
04,const_vel,5,94,707,reborn
04,const_vel,5,70,97,kept
04,const_vel,5,99,259,kept
04,const_vel,5,105,580,kept
04,rnn,5,84,171,kept
04,rnn,5,83,283,kept
04,rnn,5,103,984,kept
04,rnn,5,86,358,kept
04,rnn,5,5,215,kept
04,rnn,5,71,317,kept
04,rnn,5,76,81,kept
04,rnn,5,68,30,kept
04,rnn,5,94,707,kept
04,rnn,5,70,97,kept
04,rnn,5,99,259,kept
04,rnn,5,105,580,kept
04,static,8,133,689,kept
04,static,8,6,184,kept
04,static,8,125,1033,kept
04,static,8,95,972,kept
04,static,8,3,356,kept
04,static,8,87,782,kept
04,static,8,99,606,kept
04,static,8,69,1010,kept
04,static,8,68,837,reborn
04,static,8,121,402,kept
04,static,8,90,657,kept
04,static,8,75,80,kept
04,const_vel,8,133,689,reborn
04,const_vel,8,6,184,kept
04,const_vel,8,125,1033,kept
04,const_vel,8,95,972,kept
04,const_vel,8,3,356,kept
04,const_vel,8,87,782,kept
04,const_vel,8,99,606,swapped
04,const_vel,8,69,1010,kept
04,const_vel,8,68,837,reborn
04,const_vel,8,121,402,kept
04,const_vel,8,90,657,kept
04,const_vel,8,75,80,kept
04,rnn,8,133,689,kept
04,rnn,8,6,184,kept
04,rnn,8,125,1033,kept
04,rnn,8,95,972,kept
04,rnn,8,3,356,kept
04,rnn,8,87,782,kept
04,rnn,8,99,606,kept
04,rnn,8,69,1010,kept
04,rnn,8,68,837,kept
04,rnn,8,121,402,kept
04,rnn,8,90,657,kept
04,rnn,8,75,80,kept
04,static,8,76,264,kept
04,static,8,60,19,kept
04,static,8,120,504,kept
04,static,8,6,1011,kept
04,static,8,75,46,reborn
04,static,8,87,683,reborn
04,static,8,105,798,kept
04,static,8,99,641,kept
04,static,8,124,829,kept
04,static,8,133,929,kept
04,static,8,89,163,kept
04,static,8,107,981,kept
04,const_vel,8,76,264,kept
04,const_vel,8,60,19,kept
04,const_vel,8,120,504,kept
04,const_vel,8,6,1011,reborn
04,const_vel,8,75,46,reborn
04,const_vel,8,87,683,kept
04,const_vel,8,105,798,reborn
04,const_vel,8,99,641,kept
04,const_vel,8,124,829,kept
04,const_vel,8,133,929,kept
04,const_vel,8,89,163,kept
04,const_vel,8,107,981,kept
04,rnn,8,76,264,kept
04,rnn,8,60,19,kept
04,rnn,8,120,504,kept
04,rnn,8,6,1011,kept
04,rnn,8,75,46,reborn
04,rnn,8,87,683,kept
04,rnn,8,105,798,kept
04,rnn,8,99,641,kept
04,rnn,8,124,829,kept
04,rnn,8,133,929,kept
04,rnn,8,89,163,kept
04,rnn,8,107,981,kept
04,static,8,82,247,kept
04,static,8,6,329,kept
04,static,8,93,1013,kept
04,static,8,80,221,kept
04,static,8,126,896,kept
04,static,8,111,553,kept
04,static,8,70,423,kept
04,static,8,76,191,kept
04,static,8,75,498,kept
04,static,8,62,351,kept
04,static,8,125,744,kept
04,static,8,68,468,kept
04,const_vel,8,82,247,kept
04,const_vel,8,6,329,reborn
04,const_vel,8,93,1013,kept
04,const_vel,8,80,221,kept
04,const_vel,8,126,896,kept
04,const_vel,8,111,553,kept
04,const_vel,8,70,423,kept
04,const_vel,8,76,191,reborn
04,const_vel,8,75,498,kept
04,const_vel,8,62,351,kept
04,const_vel,8,125,744,kept
04,const_vel,8,68,468,kept
04,rnn,8,82,247,kept
04,rnn,8,6,329,kept
04,rnn,8,93,1013,kept
04,rnn,8,80,221,kept
04,rnn,8,126,896,kept
04,rnn,8,111,553,kept
04,rnn,8,70,423,kept
04,rnn,8,76,191,kept
04,rnn,8,75,498,kept
04,rnn,8,62,351,kept
04,rnn,8,125,744,kept
04,rnn,8,68,468,kept
04,static,8,3,889,kept
04,static,8,89,461,reborn
04,static,8,65,411,kept
04,static,8,74,954,reborn
04,static,8,88,196,kept
04,static,8,69,520,reborn
04,static,8,95,991,kept
04,static,8,121,391,kept
04,static,8,83,262,kept
04,static,8,87,802,kept
04,static,8,60,612,kept
04,static,8,123,220,swapped
04,const_vel,8,3,889,kept
04,const_vel,8,89,461,kept
04,const_vel,8,65,411,kept
04,const_vel,8,74,954,reborn
04,const_vel,8,88,196,kept
04,const_vel,8,69,520,reborn
04,const_vel,8,95,991,kept
04,const_vel,8,121,391,kept
04,const_vel,8,83,262,kept
04,const_vel,8,87,802,kept
04,const_vel,8,60,612,kept
04,const_vel,8,123,220,swapped
04,rnn,8,3,889,kept
04,rnn,8,89,461,kept
04,rnn,8,65,411,kept
04,rnn,8,74,954,reborn
04,rnn,8,88,196,kept
04,rnn,8,69,520,reborn
04,rnn,8,95,991,kept
04,rnn,8,121,391,kept
04,rnn,8,83,262,kept
04,rnn,8,87,802,kept
04,rnn,8,60,612,kept
04,rnn,8,123,220,kept
04,static,10,4,412,kept
04,static,10,87,266,kept
04,static,10,118,221,kept
04,static,10,102,936,kept
04,static,10,125,915,kept
04,static,10,70,41,kept
04,static,10,2,534,kept
04,static,10,132,992,kept
04,static,10,107,851,kept
04,static,10,62,194,kept
04,static,10,66,292,kept
04,static,10,75,576,kept
04,const_vel,10,4,412,kept
04,const_vel,10,87,266,kept
04,const_vel,10,118,221,kept
04,const_vel,10,102,936,kept
04,const_vel,10,125,915,kept
04,const_vel,10,70,41,kept
04,const_vel,10,2,534,kept
04,const_vel,10,132,992,reborn
04,const_vel,10,107,851,kept
04,const_vel,10,62,194,kept
04,const_vel,10,66,292,kept
04,const_vel,10,75,576,reborn
04,rnn,10,4,412,kept
04,rnn,10,87,266,kept
04,rnn,10,118,221,kept
04,rnn,10,102,936,kept
04,rnn,10,125,915,kept
04,rnn,10,70,41,kept
04,rnn,10,2,534,kept
04,rnn,10,132,992,kept
04,rnn,10,107,851,kept
04,rnn,10,62,194,kept
04,rnn,10,66,292,kept
04,rnn,10,75,576,kept
04,static,10,68,827,kept
04,static,10,87,802,kept
04,static,10,62,305,kept
04,static,10,6,401,kept
04,static,10,99,264,kept
04,static,10,125,1031,kept
04,static,10,100,763,kept
04,static,10,111,606,kept
04,static,10,65,66,kept
04,static,10,74,141,kept
04,static,10,132,984,kept
04,static,10,2,89,kept
04,const_vel,10,68,827,kept
04,const_vel,10,87,802,kept
04,const_vel,10,62,305,reborn
04,const_vel,10,6,401,kept
04,const_vel,10,99,264,kept
04,const_vel,10,125,1031,kept
04,const_vel,10,100,763,kept
04,const_vel,10,111,606,kept
04,const_vel,10,65,66,kept
04,const_vel,10,74,141,kept
04,const_vel,10,132,984,reborn
04,const_vel,10,2,89,kept
04,rnn,10,68,827,kept
04,rnn,10,87,802,kept
04,rnn,10,62,305,kept
04,rnn,10,6,401,kept
04,rnn,10,99,264,kept
04,rnn,10,125,1031,kept
04,rnn,10,100,763,kept
04,rnn,10,111,606,kept
04,rnn,10,65,66,kept
04,rnn,10,74,141,kept
04,rnn,10,132,984,kept
04,rnn,10,2,89,kept
04,static,10,108,991,kept
04,static,10,83,18,swapped
04,static,10,78,125,kept
04,static,10,120,517,kept
04,static,10,96,430,kept
04,static,10,1,756,kept
04,static,10,71,101,kept
04,static,10,124,849,kept
04,static,10,122,230,kept
04,static,10,87,820,kept
04,static,10,94,464,kept
04,static,10,69,360,kept
04,const_vel,10,108,991,kept
04,const_vel,10,83,18,kept
04,const_vel,10,78,125,kept
04,const_vel,10,120,517,kept
04,const_vel,10,96,430,kept
04,const_vel,10,1,756,kept
04,const_vel,10,71,101,kept
04,const_vel,10,124,849,kept
04,const_vel,10,122,230,kept
04,const_vel,10,87,820,kept
04,const_vel,10,94,464,kept
04,const_vel,10,69,360,kept
04,rnn,10,108,991,kept
04,rnn,10,83,18,swapped
04,rnn,10,78,125,kept
04,rnn,10,120,517,kept
04,rnn,10,96,430,kept
04,rnn,10,1,756,kept
04,rnn,10,71,101,kept
04,rnn,10,124,849,kept
04,rnn,10,122,230,kept
04,rnn,10,87,820,kept
04,rnn,10,94,464,kept
04,rnn,10,69,360,kept
04,static,10,90,209,kept
04,static,10,140,349,kept
04,static,10,62,165,kept
04,static,10,66,666,kept
04,static,10,75,90,kept
04,static,10,124,410,kept
04,static,10,2,466,kept
04,static,10,6,1003,kept
04,static,10,107,784,kept
04,static,10,98,614,kept
04,static,10,87,591,kept
04,static,10,86,751,kept
04,const_vel,10,90,209,reborn
04,const_vel,10,140,349,kept
04,const_vel,10,62,165,kept
04,const_vel,10,66,666,kept
04,const_vel,10,75,90,kept
04,const_vel,10,124,410,kept
04,const_vel,10,2,466,kept
04,const_vel,10,6,1003,kept
04,const_vel,10,107,784,reborn
04,const_vel,10,98,614,kept
04,const_vel,10,87,591,reborn
04,const_vel,10,86,751,kept
04,rnn,10,90,209,kept
04,rnn,10,140,349,kept
04,rnn,10,62,165,kept
04,rnn,10,66,666,kept
04,rnn,10,75,90,kept
04,rnn,10,124,410,kept
04,rnn,10,2,466,kept
04,rnn,10,6,1003,kept
04,rnn,10,107,784,kept
04,rnn,10,98,614,kept
04,rnn,10,87,591,kept
04,rnn,10,86,751,kept
04,static,15,99,582,kept
04,static,15,68,545,kept
04,static,15,71,189,kept
04,static,15,65,488,kept
04,static,15,89,373,reborn
04,static,15,63,331,kept
04,static,15,106,613,kept
04,static,15,6,452,kept
04,static,15,4,921,kept
04,static,15,125,670,kept
04,static,15,85,142,kept
04,static,15,86,951,kept
04,const_vel,15,99,582,reborn
04,const_vel,15,68,545,kept
04,const_vel,15,71,189,kept
04,const_vel,15,65,488,reborn
04,const_vel,15,89,373,reborn
04,const_vel,15,63,331,kept
04,const_vel,15,106,613,reborn
04,const_vel,15,6,452,reborn
04,const_vel,15,4,921,reborn
04,const_vel,15,125,670,kept
04,const_vel,15,85,142,reborn
04,const_vel,15,86,951,kept
04,rnn,15,99,582,kept
04,rnn,15,68,545,kept
04,rnn,15,71,189,kept
04,rnn,15,65,488,kept
04,rnn,15,89,373,kept
04,rnn,15,63,331,kept
04,rnn,15,106,613,kept
04,rnn,15,6,452,kept
04,rnn,15,4,921,kept
04,rnn,15,125,670,kept
04,rnn,15,85,142,kept
04,rnn,15,86,951,kept
04,static,15,62,141,kept
04,static,15,104,960,kept
04,static,15,4,31,kept
04,static,15,106,652,kept
04,static,15,123,330,reborn
04,static,15,132,1025,kept
04,static,15,124,610,reborn
04,static,15,3,808,kept
04,static,15,111,569,kept
04,static,15,87,987,kept
04,static,15,125,396,kept
04,static,15,90,292,kept
04,const_vel,15,62,141,kept
04,const_vel,15,104,960,reborn
04,const_vel,15,4,31,kept
04,const_vel,15,106,652,kept
04,const_vel,15,123,330,reborn
04,const_vel,15,132,1025,reborn
04,const_vel,15,124,610,reborn
04,const_vel,15,3,808,kept
04,const_vel,15,111,569,kept
04,const_vel,15,87,987,reborn
04,const_vel,15,125,396,kept
04,const_vel,15,90,292,reborn
04,rnn,15,62,141,kept
04,rnn,15,104,960,kept
04,rnn,15,4,31,kept
04,rnn,15,106,652,kept
04,rnn,15,123,330,kept
04,rnn,15,132,1025,kept
04,rnn,15,124,610,kept
04,rnn,15,3,808,kept
04,rnn,15,111,569,kept
04,rnn,15,87,987,kept
04,rnn,15,125,396,kept
04,rnn,15,90,292,kept
04,static,15,90,965,kept
04,static,15,69,883,kept
04,static,15,5,238,kept
04,static,15,65,448,kept
04,static,15,92,103,kept
04,static,15,93,202,kept
04,static,15,94,382,kept
04,static,15,87,326,kept
04,static,15,78,757,kept
04,static,15,125,474,kept
04,static,15,133,785,kept
04,static,15,6,144,kept
04,const_vel,15,90,965,kept
04,const_vel,15,69,883,kept
04,const_vel,15,5,238,kept
04,const_vel,15,65,448,kept
04,const_vel,15,92,103,reborn
04,const_vel,15,93,202,reborn
04,const_vel,15,94,382,reborn
04,const_vel,15,87,326,kept
04,const_vel,15,78,757,kept
04,const_vel,15,125,474,kept
04,const_vel,15,133,785,reborn
04,const_vel,15,6,144,kept
04,rnn,15,90,965,kept
04,rnn,15,69,883,kept
04,rnn,15,5,238,kept
04,rnn,15,65,448,kept
04,rnn,15,92,103,kept
04,rnn,15,93,202,kept
04,rnn,15,94,382,kept
04,rnn,15,87,326,kept
04,rnn,15,78,757,kept
04,rnn,15,125,474,kept
04,rnn,15,133,785,kept
04,rnn,15,6,144,kept
04,static,15,4,65,kept
04,static,15,80,257,kept
04,static,15,124,545,kept
04,static,15,2,6,kept
04,static,15,66,846,kept
04,static,15,78,917,kept
04,static,15,90,172,kept
04,static,15,68,708,kept
04,static,15,86,874,kept
04,static,15,76,99,kept
04,static,15,3,633,kept
04,static,15,69,290,kept
04,const_vel,15,4,65,kept
04,const_vel,15,80,257,kept
04,const_vel,15,124,545,kept
04,const_vel,15,2,6,kept
04,const_vel,15,66,846,kept
04,const_vel,15,78,917,kept
04,const_vel,15,90,172,reborn
04,const_vel,15,68,708,kept
04,const_vel,15,86,874,kept
04,const_vel,15,76,99,reborn
04,const_vel,15,3,633,kept
04,const_vel,15,69,290,kept
04,rnn,15,4,65,kept
04,rnn,15,80,257,kept
04,rnn,15,124,545,kept
04,rnn,15,2,6,kept
04,rnn,15,66,846,kept
04,rnn,15,78,917,kept
04,rnn,15,90,172,kept
04,rnn,15,68,708,kept
04,rnn,15,86,874,kept
04,rnn,15,76,99,kept
04,rnn,15,3,633,kept
04,rnn,15,69,290,kept
04,static,20,3,625,reborn
04,static,20,69,238,kept
04,static,20,111,834,kept
04,static,20,60,771,kept
04,static,20,71,82,kept
04,static,20,90,306,kept
04,static,20,106,877,kept
04,static,20,75,453,kept
04,static,20,66,1028,kept
04,static,20,67,7,kept
04,static,20,101,711,reborn
04,static,20,80,358,kept
04,const_vel,20,3,625,reborn
04,const_vel,20,69,238,reborn
04,const_vel,20,111,834,reborn
04,const_vel,20,60,771,reborn
04,const_vel,20,71,82,kept
04,const_vel,20,90,306,reborn
04,const_vel,20,106,877,kept
04,const_vel,20,75,453,kept
04,const_vel,20,66,1028,kept
04,const_vel,20,67,7,reborn
04,const_vel,20,101,711,reborn
04,const_vel,20,80,358,reborn
04,rnn,20,3,625,kept
04,rnn,20,69,238,kept
04,rnn,20,111,834,kept
04,rnn,20,60,771,kept
04,rnn,20,71,82,kept
04,rnn,20,90,306,kept
04,rnn,20,106,877,kept
04,rnn,20,75,453,kept
04,rnn,20,66,1028,kept
04,rnn,20,67,7,kept
04,rnn,20,101,711,kept
04,rnn,20,80,358,kept
04,static,20,66,740,kept
04,static,20,132,966,kept
04,static,20,69,142,reborn
04,static,20,140,349,kept
04,static,20,4,661,kept
04,static,20,63,34,reborn
04,static,20,78,496,kept
04,static,20,76,411,kept
04,static,20,102,890,reborn
04,static,20,1,567,kept
04,static,20,94,459,kept
04,static,20,111,857,kept
04,const_vel,20,66,740,kept
04,const_vel,20,132,966,reborn
04,const_vel,20,69,142,reborn
04,const_vel,20,140,349,kept
04,const_vel,20,4,661,kept
04,const_vel,20,63,34,reborn
04,const_vel,20,78,496,reborn
04,const_vel,20,76,411,kept
04,const_vel,20,102,890,reborn
04,const_vel,20,1,567,kept
04,const_vel,20,94,459,kept
04,const_vel,20,111,857,reborn
04,rnn,20,66,740,kept
04,rnn,20,132,966,kept
04,rnn,20,69,142,reborn
04,rnn,20,140,349,kept
04,rnn,20,4,661,kept
04,rnn,20,63,34,kept
04,rnn,20,78,496,kept
04,rnn,20,76,411,kept
04,rnn,20,102,890,reborn
04,rnn,20,1,567,kept
04,rnn,20,94,459,kept
04,rnn,20,111,857,kept
04,static,20,1,121,kept
04,static,20,131,875,kept
04,static,20,94,383,kept
04,static,20,74,266,reborn
04,static,20,90,27,kept
04,static,20,60,297,kept
04,static,20,78,912,kept
04,static,20,76,417,kept
04,static,20,65,70,reborn
04,static,20,92,840,kept
04,static,20,80,504,reborn
04,static,20,111,721,kept
04,const_vel,20,1,121,kept
04,const_vel,20,131,875,kept
04,const_vel,20,94,383,reborn
04,const_vel,20,74,266,kept
04,const_vel,20,90,27,reborn
04,const_vel,20,60,297,swapped
04,const_vel,20,78,912,kept
04,const_vel,20,76,417,kept
04,const_vel,20,65,70,reborn
04,const_vel,20,92,840,reborn
04,const_vel,20,80,504,reborn
04,const_vel,20,111,721,kept
04,rnn,20,1,121,kept
04,rnn,20,131,875,kept
04,rnn,20,94,383,kept
04,rnn,20,74,266,kept
04,rnn,20,90,27,kept
04,rnn,20,60,297,kept
04,rnn,20,78,912,kept
04,rnn,20,76,417,kept
04,rnn,20,65,70,kept
04,rnn,20,92,840,kept
04,rnn,20,80,504,kept
04,rnn,20,111,721,kept
04,static,20,66,579,kept
04,static,20,1,134,kept
04,static,20,98,856,kept
04,static,20,75,381,kept
04,static,20,3,95,kept
04,static,20,123,213,swapped
04,static,20,86,532,kept
04,static,20,78,720,kept
04,static,20,140,457,kept
04,static,20,65,173,reborn
04,static,20,124,633,kept
04,static,20,80,417,kept
04,const_vel,20,66,579,reborn
04,const_vel,20,1,134,kept
04,const_vel,20,98,856,reborn
04,const_vel,20,75,381,kept
04,const_vel,20,3,95,reborn
04,const_vel,20,123,213,swapped
04,const_vel,20,86,532,reborn
04,const_vel,20,78,720,kept
04,const_vel,20,140,457,reborn
04,const_vel,20,65,173,kept
04,const_vel,20,124,633,reborn
04,const_vel,20,80,417,reborn
04,rnn,20,66,579,kept
04,rnn,20,1,134,kept
04,rnn,20,98,856,kept
04,rnn,20,75,381,kept
04,rnn,20,3,95,kept
04,rnn,20,123,213,kept
04,rnn,20,86,532,kept
04,rnn,20,78,720,kept
04,rnn,20,140,457,kept
04,rnn,20,65,173,kept
04,rnn,20,124,633,kept
04,rnn,20,80,417,kept
04,static,25,78,62,kept
04,static,25,87,296,kept
04,static,25,86,783,kept
04,static,25,71,345,kept
04,static,25,4,919,kept
04,static,25,60,972,kept
04,static,25,92,839,kept
04,static,25,124,678,kept
04,static,25,65,181,reborn
04,static,25,68,571,kept
04,static,25,98,614,kept
04,static,25,69,483,kept
04,const_vel,25,78,62,kept
04,const_vel,25,87,296,reborn
04,const_vel,25,86,783,reborn
04,const_vel,25,71,345,kept
04,const_vel,25,4,919,reborn
04,const_vel,25,60,972,reborn
04,const_vel,25,92,839,reborn
04,const_vel,25,124,678,kept
04,const_vel,25,65,181,kept
04,const_vel,25,68,571,kept
04,const_vel,25,98,614,reborn
04,const_vel,25,69,483,kept
04,rnn,25,78,62,kept
04,rnn,25,87,296,kept
04,rnn,25,86,783,kept
04,rnn,25,71,345,kept
04,rnn,25,4,919,kept
04,rnn,25,60,972,kept
04,rnn,25,92,839,kept
04,rnn,25,124,678,kept
04,rnn,25,65,181,kept
04,rnn,25,68,571,kept
04,rnn,25,98,614,kept
04,rnn,25,69,483,reborn
04,static,25,93,141,kept
04,static,25,111,855,kept
04,static,25,87,754,kept
04,static,25,92,366,kept
04,static,25,83,222,kept
04,static,25,90,693,kept
04,static,25,66,899,kept
04,static,25,71,89,reborn
04,static,25,1,309,kept
04,static,25,60,520,kept
04,static,25,98,956,kept
04,static,25,125,465,kept
04,const_vel,25,93,141,reborn
04,const_vel,25,111,855,reborn
04,const_vel,25,87,754,reborn
04,const_vel,25,92,366,reborn
04,const_vel,25,83,222,reborn
04,const_vel,25,90,693,kept
04,const_vel,25,66,899,reborn
04,const_vel,25,71,89,reborn
04,const_vel,25,1,309,reborn
04,const_vel,25,60,520,reborn
04,const_vel,25,98,956,reborn
04,const_vel,25,125,465,reborn
04,rnn,25,93,141,kept
04,rnn,25,111,855,kept
04,rnn,25,87,754,kept
04,rnn,25,92,366,kept
04,rnn,25,83,222,kept
04,rnn,25,90,693,kept
04,rnn,25,66,899,kept
04,rnn,25,71,89,kept
04,rnn,25,1,309,kept
04,rnn,25,60,520,kept
04,rnn,25,98,956,kept
04,rnn,25,125,465,kept
04,static,25,86,896,kept
04,static,25,66,529,reborn
04,static,25,3,977,reborn
04,static,25,75,292,kept
04,static,25,65,415,kept
04,static,25,78,215,kept
04,static,25,5,341,kept
04,static,25,70,254,kept
04,static,25,83,114,kept
04,static,25,106,483,kept
04,static,25,60,582,kept
04,static,25,6,779,kept
04,const_vel,25,86,896,reborn
04,const_vel,25,66,529,reborn
04,const_vel,25,3,977,reborn
04,const_vel,25,75,292,kept
04,const_vel,25,65,415,kept
04,const_vel,25,78,215,reborn
04,const_vel,25,5,341,kept
04,const_vel,25,70,254,kept
04,const_vel,25,83,114,kept
04,const_vel,25,106,483,kept
04,const_vel,25,60,582,reborn
04,const_vel,25,6,779,kept
04,rnn,25,86,896,kept
04,rnn,25,66,529,kept
04,rnn,25,3,977,reborn
04,rnn,25,75,292,kept
04,rnn,25,65,415,kept
04,rnn,25,78,215,kept
04,rnn,25,5,341,kept
04,rnn,25,70,254,kept
04,rnn,25,83,114,kept
04,rnn,25,106,483,kept
04,rnn,25,60,582,kept
04,rnn,25,6,779,kept
04,static,25,3,160,kept
04,static,25,92,83,kept
04,static,25,86,634,kept
04,static,25,95,902,reborn
04,static,25,68,362,reborn
04,static,25,102,982,kept
04,static,25,118,221,reborn
04,static,25,98,569,kept
04,static,25,88,408,kept
04,static,25,107,852,reborn
04,static,25,5,262,kept
04,static,25,78,302,kept
04,const_vel,25,3,160,kept
04,const_vel,25,92,83,reborn
04,const_vel,25,86,634,reborn
04,const_vel,25,95,902,reborn
04,const_vel,25,68,362,reborn
04,const_vel,25,102,982,reborn
04,const_vel,25,118,221,kept
04,const_vel,25,98,569,swapped
04,const_vel,25,88,408,reborn
04,const_vel,25,107,852,kept
04,const_vel,25,5,262,reborn
04,const_vel,25,78,302,reborn
04,rnn,25,3,160,kept
04,rnn,25,92,83,kept
04,rnn,25,86,634,kept
04,rnn,25,95,902,reborn
04,rnn,25,68,362,kept
04,rnn,25,102,982,kept
04,rnn,25,118,221,kept
04,rnn,25,98,569,kept
04,rnn,25,88,408,kept
04,rnn,25,107,852,kept
04,rnn,25,5,262,kept
04,rnn,25,78,302,kept
04,static,30,83,378,reborn
04,static,30,87,998,kept
04,static,30,4,238,kept
04,static,30,60,667,kept
04,static,30,131,934,kept
04,static,30,62,17,kept
04,static,30,78,711,kept
04,static,30,124,433,kept
04,static,30,90,498,kept
04,static,30,80,289,kept
04,static,30,117,829,kept
04,static,30,106,573,kept
04,const_vel,30,83,378,reborn
04,const_vel,30,87,998,reborn
04,const_vel,30,4,238,kept
04,const_vel,30,60,667,reborn
04,const_vel,30,131,934,reborn
04,const_vel,30,62,17,reborn
04,const_vel,30,78,711,reborn
04,const_vel,30,124,433,reborn
04,const_vel,30,90,498,reborn
04,const_vel,30,80,289,reborn
04,const_vel,30,117,829,reborn
04,const_vel,30,106,573,reborn
04,rnn,30,83,378,kept
04,rnn,30,87,998,kept
04,rnn,30,4,238,kept
04,rnn,30,60,667,kept
04,rnn,30,131,934,reborn
04,rnn,30,62,17,kept
04,rnn,30,78,711,kept
04,rnn,30,124,433,kept
04,rnn,30,90,498,kept
04,rnn,30,80,289,kept
04,rnn,30,117,829,kept
04,rnn,30,106,573,kept
04,static,30,66,168,reborn
04,static,30,78,753,kept
04,static,30,60,623,kept
04,static,30,100,941,kept
04,static,30,70,240,kept
04,static,30,1,818,kept
04,static,30,85,59,kept
04,static,30,122,303,reborn
04,static,30,111,711,kept
04,static,30,4,366,kept
04,static,30,2,524,kept
04,static,30,103,1014,kept
04,const_vel,30,66,168,kept
04,const_vel,30,78,753,kept
04,const_vel,30,60,623,reborn
04,const_vel,30,100,941,reborn
04,const_vel,30,70,240,kept
04,const_vel,30,1,818,reborn
04,const_vel,30,85,59,reborn
04,const_vel,30,122,303,reborn
04,const_vel,30,111,711,reborn
04,const_vel,30,4,366,reborn
04,const_vel,30,2,524,reborn
04,const_vel,30,103,1014,reborn
04,rnn,30,66,168,reborn
04,rnn,30,78,753,kept
04,rnn,30,60,623,kept
04,rnn,30,100,941,kept
04,rnn,30,70,240,kept
04,rnn,30,1,818,kept
04,rnn,30,85,59,reborn
04,rnn,30,122,303,kept
04,rnn,30,111,711,kept
04,rnn,30,4,366,kept
04,rnn,30,2,524,kept
04,rnn,30,103,1014,kept
04,static,30,86,342,kept
04,static,30,74,565,kept
04,static,30,82,164,kept
04,static,30,78,654,kept
04,static,30,99,490,kept
04,static,30,83,266,kept
04,static,30,66,984,kept
04,static,30,112,937,reborn
04,static,30,88,13,kept
04,static,30,60,405,kept
04,static,30,100,862,reborn
04,static,30,87,449,kept
04,const_vel,30,86,342,reborn
04,const_vel,30,74,565,reborn
04,const_vel,30,82,164,reborn
04,const_vel,30,78,654,kept
04,const_vel,30,99,490,reborn
04,const_vel,30,83,266,reborn
04,const_vel,30,66,984,reborn
04,const_vel,30,112,937,reborn
04,const_vel,30,88,13,swapped
04,const_vel,30,60,405,reborn
04,const_vel,30,100,862,reborn
04,const_vel,30,87,449,reborn
04,rnn,30,86,342,kept
04,rnn,30,74,565,kept
04,rnn,30,82,164,kept
04,rnn,30,78,654,kept
04,rnn,30,99,490,kept
04,rnn,30,83,266,kept
04,rnn,30,66,984,kept
04,rnn,30,112,937,kept
04,rnn,30,88,13,kept
04,rnn,30,60,405,kept
04,rnn,30,100,862,kept
04,rnn,30,87,449,kept
04,static,30,6,549,kept
04,static,30,88,129,kept
04,static,30,105,858,kept
04,static,30,86,61,kept
04,static,30,100,908,kept
04,static,30,66,358,kept
04,static,30,92,252,kept
04,static,30,68,713,kept
04,static,30,67,178,reborn
04,static,30,4,791,kept
04,static,30,78,670,kept
04,static,30,76,19,kept
04,const_vel,30,6,549,kept
04,const_vel,30,88,129,reborn
04,const_vel,30,105,858,reborn
04,const_vel,30,86,61,reborn
04,const_vel,30,100,908,reborn
04,const_vel,30,66,358,reborn
04,const_vel,30,92,252,reborn
04,const_vel,30,68,713,reborn
04,const_vel,30,67,178,reborn
04,const_vel,30,4,791,reborn
04,const_vel,30,78,670,kept
04,const_vel,30,76,19,reborn
04,rnn,30,6,549,kept
04,rnn,30,88,129,kept
04,rnn,30,105,858,kept
04,rnn,30,86,61,kept
04,rnn,30,100,908,kept
04,rnn,30,66,358,kept
04,rnn,30,92,252,kept
04,rnn,30,68,713,kept
04,rnn,30,67,178,kept
04,rnn,30,4,791,kept
04,rnn,30,78,670,kept
04,rnn,30,76,19,kept
04,static,40,2,237,kept
04,static,40,74,942,reborn
04,static,40,86,845,kept
04,static,40,75,1007,kept
04,static,40,67,45,reborn
04,static,40,105,668,kept
04,static,40,125,737,kept
04,static,40,70,160,kept
04,static,40,4,320,kept
04,static,40,97,551,kept
04,static,40,82,496,reborn
04,static,40,63,434,kept
04,const_vel,40,2,237,reborn
04,const_vel,40,74,942,reborn
04,const_vel,40,86,845,reborn
04,const_vel,40,75,1007,reborn
04,const_vel,40,67,45,kept
04,const_vel,40,105,668,reborn
04,const_vel,40,125,737,reborn
04,const_vel,40,70,160,reborn
04,const_vel,40,4,320,kept
04,const_vel,40,97,551,kept
04,const_vel,40,82,496,reborn
04,const_vel,40,63,434,kept
04,rnn,40,2,237,kept
04,rnn,40,74,942,kept
04,rnn,40,86,845,kept
04,rnn,40,75,1007,kept
04,rnn,40,67,45,reborn
04,rnn,40,105,668,reborn
04,rnn,40,125,737,kept
04,rnn,40,70,160,kept
04,rnn,40,4,320,kept
04,rnn,40,97,551,kept
04,rnn,40,82,496,kept
04,rnn,40,63,434,kept
04,static,40,118,544,swapped
04,static,40,93,167,kept
04,static,40,60,791,kept
04,static,40,105,866,kept
04,static,40,78,671,kept
04,static,40,89,86,kept
04,static,40,3,245,reborn
04,static,40,132,997,reborn
04,static,40,63,392,kept
04,static,40,98,309,kept
04,static,40,94,929,kept
04,static,40,70,477,kept
04,const_vel,40,118,544,reborn
04,const_vel,40,93,167,kept
04,const_vel,40,60,791,reborn
04,const_vel,40,105,866,reborn
04,const_vel,40,78,671,reborn
04,const_vel,40,89,86,reborn
04,const_vel,40,3,245,reborn
04,const_vel,40,132,997,reborn
04,const_vel,40,63,392,reborn
04,const_vel,40,98,309,reborn
04,const_vel,40,94,929,reborn
04,const_vel,40,70,477,reborn
04,rnn,40,118,544,swapped
04,rnn,40,93,167,kept
04,rnn,40,60,791,kept
04,rnn,40,105,866,kept
04,rnn,40,78,671,kept
04,rnn,40,89,86,kept
04,rnn,40,3,245,kept
04,rnn,40,132,997,kept
04,rnn,40,63,392,kept
04,rnn,40,98,309,reborn
04,rnn,40,94,929,reborn
04,rnn,40,70,477,kept
04,static,40,124,858,kept
04,static,40,119,475,reborn
04,static,40,66,722,kept
04,static,40,6,949,kept
04,static,40,5,137,reborn
04,static,40,60,381,kept
04,static,40,68,271,kept
04,static,40,80,81,reborn
04,static,40,3,532,reborn
04,static,40,106,787,kept
04,static,40,4,21,kept
04,static,40,75,595,reborn
04,const_vel,40,124,858,reborn
04,const_vel,40,119,475,kept
04,const_vel,40,66,722,reborn
04,const_vel,40,6,949,reborn
04,const_vel,40,5,137,reborn
04,const_vel,40,60,381,kept
04,const_vel,40,68,271,reborn
04,const_vel,40,80,81,kept
04,const_vel,40,3,532,reborn
04,const_vel,40,106,787,reborn
04,const_vel,40,4,21,reborn
04,const_vel,40,75,595,swapped
04,rnn,40,124,858,kept
04,rnn,40,119,475,kept
04,rnn,40,66,722,kept
04,rnn,40,6,949,kept
04,rnn,40,5,137,reborn
04,rnn,40,60,381,kept
04,rnn,40,68,271,kept
04,rnn,40,80,81,reborn
04,rnn,40,3,532,reborn
04,rnn,40,106,787,kept
04,rnn,40,4,21,kept
04,rnn,40,75,595,swapped
04,static,40,87,530,kept
04,static,40,69,404,kept
04,static,40,106,709,kept
04,static,40,85,102,kept
04,static,40,80,314,kept
04,static,40,74,210,reborn
04,static,40,68,589,kept
04,static,40,95,863,reborn
04,static,40,100,976,kept
04,static,40,78,921,kept
04,static,40,4,768,kept
04,static,40,125,640,kept
04,const_vel,40,87,530,reborn
04,const_vel,40,69,404,reborn
04,const_vel,40,106,709,reborn
04,const_vel,40,85,102,reborn
04,const_vel,40,80,314,reborn
04,const_vel,40,74,210,reborn
04,const_vel,40,68,589,kept
04,const_vel,40,95,863,reborn
04,const_vel,40,100,976,reborn
04,const_vel,40,78,921,kept
04,const_vel,40,4,768,reborn
04,const_vel,40,125,640,reborn
04,rnn,40,87,530,reborn
04,rnn,40,69,404,kept
04,rnn,40,106,709,kept
04,rnn,40,85,102,kept
04,rnn,40,80,314,reborn
04,rnn,40,74,210,reborn
04,rnn,40,68,589,kept
04,rnn,40,95,863,swapped
04,rnn,40,100,976,kept
04,rnn,40,78,921,kept
04,rnn,40,4,768,kept
04,rnn,40,125,640,reborn
04,static,50,63,432,kept
04,static,50,98,946,kept
04,static,50,101,692,reborn
04,static,50,2,340,kept
04,static,50,88,41,reborn
04,static,50,90,496,kept
04,static,50,60,181,kept
04,static,50,120,565,reborn
04,static,50,112,882,reborn
04,static,50,124,780,kept
04,static,50,83,251,reborn
04,static,50,87,113,reborn
04,const_vel,50,63,432,reborn
04,const_vel,50,98,946,reborn
04,const_vel,50,101,692,reborn
04,const_vel,50,2,340,reborn
04,const_vel,50,88,41,reborn
04,const_vel,50,90,496,reborn
04,const_vel,50,60,181,swapped
04,const_vel,50,120,565,reborn
04,const_vel,50,112,882,reborn
04,const_vel,50,124,780,reborn
04,const_vel,50,83,251,reborn
04,const_vel,50,87,113,reborn
04,rnn,50,63,432,kept
04,rnn,50,98,946,reborn
04,rnn,50,101,692,reborn
04,rnn,50,2,340,kept
04,rnn,50,88,41,reborn
04,rnn,50,90,496,kept
04,rnn,50,60,181,swapped
04,rnn,50,120,565,reborn
04,rnn,50,112,882,reborn
04,rnn,50,124,780,kept
04,rnn,50,83,251,reborn
04,rnn,50,87,113,reborn
04,static,50,101,965,kept
04,static,50,118,424,reborn
04,static,50,69,70,reborn
04,static,50,105,791,reborn
04,static,50,88,319,kept
04,static,50,87,143,reborn
04,static,50,106,503,reborn
04,static,50,99,633,reborn
04,static,50,6,712,kept
04,static,50,5,221,kept
04,static,50,131,896,kept
04,static,50,67,6,reborn
04,const_vel,50,101,965,reborn
04,const_vel,50,118,424,reborn
04,const_vel,50,69,70,reborn
04,const_vel,50,105,791,kept
04,const_vel,50,88,319,reborn
04,const_vel,50,87,143,reborn
04,const_vel,50,106,503,reborn
04,const_vel,50,99,633,reborn
04,const_vel,50,6,712,kept
04,const_vel,50,5,221,kept
04,const_vel,50,131,896,reborn
04,const_vel,50,67,6,reborn
04,rnn,50,101,965,kept
04,rnn,50,118,424,reborn
04,rnn,50,69,70,reborn
04,rnn,50,105,791,reborn
04,rnn,50,88,319,kept
04,rnn,50,87,143,reborn
04,rnn,50,106,503,reborn
04,rnn,50,99,633,reborn
04,rnn,50,6,712,kept
04,rnn,50,5,221,reborn
04,rnn,50,131,896,kept
04,rnn,50,67,6,reborn
04,static,50,1,156,kept
04,static,50,76,348,kept
04,static,50,71,412,reborn
04,static,50,83,482,kept
04,static,50,131,803,kept
04,static,50,90,81,kept
04,static,50,105,643,kept
04,static,50,70,236,reborn
04,static,50,87,905,kept
04,static,50,68,559,reborn
04,static,50,78,723,kept
04,static,50,94,989,kept
04,const_vel,50,1,156,reborn
04,const_vel,50,76,348,reborn
04,const_vel,50,71,412,reborn
04,const_vel,50,83,482,reborn
04,const_vel,50,131,803,reborn
04,const_vel,50,90,81,reborn
04,const_vel,50,105,643,reborn
04,const_vel,50,70,236,reborn
04,const_vel,50,87,905,reborn
04,const_vel,50,68,559,reborn
04,const_vel,50,78,723,reborn
04,const_vel,50,94,989,reborn
04,rnn,50,1,156,kept
04,rnn,50,76,348,kept
04,rnn,50,71,412,kept
04,rnn,50,83,482,kept
04,rnn,50,131,803,kept
04,rnn,50,90,81,kept
04,rnn,50,105,643,kept
04,rnn,50,70,236,kept
04,rnn,50,87,905,kept
04,rnn,50,68,559,reborn
04,rnn,50,78,723,kept
04,rnn,50,94,989,kept
04,static,50,69,250,kept
04,static,50,108,939,reborn
04,static,50,80,96,reborn
04,static,50,74,488,kept
04,static,50,133,644,kept
04,static,50,100,749,reborn
04,static,50,98,338,kept
04,static,50,112,861,reborn
04,static,50,70,170,kept
04,static,50,65,426,kept
04,static,50,87,577,reborn
04,static,50,76,26,kept
04,const_vel,50,69,250,reborn
04,const_vel,50,108,939,reborn
04,const_vel,50,80,96,reborn
04,const_vel,50,74,488,swapped
04,const_vel,50,133,644,reborn
04,const_vel,50,100,749,reborn
04,const_vel,50,98,338,reborn
04,const_vel,50,112,861,reborn
04,const_vel,50,70,170,reborn
04,const_vel,50,65,426,reborn
04,const_vel,50,87,577,reborn
04,const_vel,50,76,26,reborn
04,rnn,50,69,250,reborn
04,rnn,50,108,939,kept
04,rnn,50,80,96,reborn
04,rnn,50,74,488,kept
04,rnn,50,133,644,kept
04,rnn,50,100,749,reborn
04,rnn,50,98,338,kept
04,rnn,50,112,861,kept
04,rnn,50,70,170,reborn
04,rnn,50,65,426,kept
04,rnn,50,87,577,reborn
04,rnn,50,76,26,kept
04,static,60,86,464,reborn
04,static,60,4,836,kept
04,static,60,63,70,reborn
04,static,60,93,762,kept
04,static,60,60,684,kept
04,static,60,69,302,kept
04,static,60,108,955,reborn
04,static,60,87,162,reborn
04,static,60,2,543,kept
04,static,60,3,380,reborn
04,const_vel,60,86,464,reborn
04,const_vel,60,4,836,reborn
04,const_vel,60,63,70,reborn
04,const_vel,60,93,762,reborn
04,const_vel,60,60,684,reborn
04,const_vel,60,69,302,reborn
04,const_vel,60,108,955,reborn
04,const_vel,60,87,162,reborn
04,const_vel,60,2,543,reborn
04,const_vel,60,3,380,reborn
04,rnn,60,86,464,reborn
04,rnn,60,4,836,kept
04,rnn,60,63,70,reborn
04,rnn,60,93,762,kept
04,rnn,60,60,684,reborn
04,rnn,60,69,302,reborn
04,rnn,60,108,955,kept
04,rnn,60,87,162,reborn
04,rnn,60,2,543,reborn
04,rnn,60,3,380,reborn
04,static,60,3,559,reborn
04,static,60,62,120,kept
04,static,60,101,986,kept
04,static,60,78,289,kept
04,static,60,97,485,kept
04,static,60,121,411,reborn
04,static,60,60,813,kept
04,static,60,6,722,kept
04,static,60,68,644,reborn
04,static,60,112,904,reborn
04,static,60,70,31,reborn
04,static,60,4,208,kept
04,const_vel,60,3,559,reborn
04,const_vel,60,62,120,reborn
04,const_vel,60,101,986,reborn
04,const_vel,60,78,289,reborn
04,const_vel,60,97,485,reborn
04,const_vel,60,121,411,reborn
04,const_vel,60,60,813,reborn
04,const_vel,60,6,722,kept
04,const_vel,60,68,644,reborn
04,const_vel,60,112,904,reborn
04,const_vel,60,70,31,reborn
04,const_vel,60,4,208,reborn
04,rnn,60,3,559,reborn
04,rnn,60,62,120,kept
04,rnn,60,101,986,reborn
04,rnn,60,78,289,kept
04,rnn,60,97,485,kept
04,rnn,60,121,411,kept
04,rnn,60,60,813,kept
04,rnn,60,6,722,kept
04,rnn,60,68,644,reborn
04,rnn,60,112,904,kept
04,rnn,60,70,31,swapped
04,rnn,60,4,208,kept
04,static,60,92,82,reborn
04,static,60,93,756,kept
04,static,60,4,489,kept
04,static,60,87,216,swapped
04,static,60,101,906,reborn
04,static,60,94,413,kept
04,static,60,75,342,kept
04,static,60,98,568,reborn
04,static,60,111,977,kept
04,static,60,3,641,reborn
04,static,60,88,829,swapped
04,static,60,2,9,reborn
04,const_vel,60,92,82,reborn
04,const_vel,60,93,756,reborn
04,const_vel,60,4,489,reborn
04,const_vel,60,87,216,reborn
04,const_vel,60,101,906,reborn
04,const_vel,60,94,413,reborn
04,const_vel,60,75,342,reborn
04,const_vel,60,98,568,reborn
04,const_vel,60,111,977,reborn
04,const_vel,60,3,641,reborn
04,const_vel,60,88,829,reborn
04,const_vel,60,2,9,reborn
04,rnn,60,92,82,kept
04,rnn,60,93,756,kept
04,rnn,60,4,489,kept
04,rnn,60,87,216,kept
04,rnn,60,101,906,reborn
04,rnn,60,94,413,kept
04,rnn,60,75,342,kept
04,rnn,60,98,568,reborn
04,rnn,60,111,977,kept
04,rnn,60,3,641,reborn
04,rnn,60,88,829,kept
04,rnn,60,2,9,reborn
04,static,60,1,108,kept
04,static,60,60,496,kept
04,static,60,99,230,reborn
04,static,60,89,372,reborn
04,static,60,88,953,kept
04,static,60,66,616,kept
04,static,60,85,35,swapped
04,static,60,93,864,kept
04,static,60,94,714,kept
04,static,60,125,789,reborn
04,static,60,75,301,kept
04,const_vel,60,1,108,reborn
04,const_vel,60,60,496,reborn
04,const_vel,60,99,230,reborn
04,const_vel,60,89,372,reborn
04,const_vel,60,88,953,reborn
04,const_vel,60,66,616,reborn
04,const_vel,60,85,35,reborn
04,const_vel,60,93,864,reborn
04,const_vel,60,94,714,reborn
04,const_vel,60,125,789,reborn
04,const_vel,60,75,301,reborn
04,rnn,60,1,108,kept
04,rnn,60,60,496,kept
04,rnn,60,99,230,reborn
04,rnn,60,89,372,kept
04,rnn,60,88,953,kept
04,rnn,60,66,616,kept
04,rnn,60,85,35,reborn
04,rnn,60,93,864,kept
04,rnn,60,94,714,kept
04,rnn,60,125,789,reborn
04,rnn,60,75,301,kept
05,static,0,20,281,reborn
05,static,0,2,104,kept
05,static,0,1,231,kept
05,static,0,91,773,kept
05,static,0,129,643,kept
05,static,0,93,793,kept
05,static,0,102,833,kept
05,static,0,83,753,kept
05,static,0,128,661,kept
05,static,0,65,625,kept
05,static,0,71,721,kept
05,static,0,59,558,kept
05,const_vel,0,20,281,kept
05,const_vel,0,2,104,kept
05,const_vel,0,1,231,kept
05,const_vel,0,91,773,kept
05,const_vel,0,129,643,kept
05,const_vel,0,93,793,kept
05,const_vel,0,102,833,kept
05,const_vel,0,83,753,kept
05,const_vel,0,128,661,kept
05,const_vel,0,65,625,kept
05,const_vel,0,71,721,kept
05,const_vel,0,59,558,kept
05,rnn,0,20,281,kept
05,rnn,0,2,104,kept
05,rnn,0,1,231,kept
05,rnn,0,91,773,kept
05,rnn,0,129,643,kept
05,rnn,0,93,793,kept
05,rnn,0,102,833,kept
05,rnn,0,83,753,kept
05,rnn,0,128,661,kept
05,rnn,0,65,625,kept
05,rnn,0,71,721,kept
05,rnn,0,59,558,kept
05,static,0,45,374,kept
05,static,0,126,287,kept
05,static,0,53,560,kept
05,static,0,140,164,kept
05,static,0,128,733,kept
05,static,0,12,221,kept
05,static,0,125,23,kept
05,static,0,34,312,kept
05,static,0,60,573,kept
05,static,0,42,408,kept
05,static,0,87,750,kept
05,static,0,54,593,kept
05,const_vel,0,45,374,kept
05,const_vel,0,126,287,kept
05,const_vel,0,53,560,kept
05,const_vel,0,140,164,kept
05,const_vel,0,128,733,kept
05,const_vel,0,12,221,kept
05,const_vel,0,125,23,kept
05,const_vel,0,34,312,kept
05,const_vel,0,60,573,kept
05,const_vel,0,42,408,kept
05,const_vel,0,87,750,kept
05,const_vel,0,54,593,kept
05,rnn,0,45,374,kept
05,rnn,0,126,287,kept
05,rnn,0,53,560,kept
05,rnn,0,140,164,kept
05,rnn,0,128,733,kept
05,rnn,0,12,221,kept
05,rnn,0,125,23,kept
05,rnn,0,34,312,kept
05,rnn,0,60,573,kept
05,rnn,0,42,408,kept
05,rnn,0,87,750,kept
05,rnn,0,54,593,kept
05,static,0,1,85,kept
05,static,0,52,464,kept
05,static,0,126,273,kept
05,static,0,42,452,kept
05,static,0,125,239,kept
05,static,0,128,501,kept
05,static,0,7,23,kept
05,static,0,45,381,kept
05,static,0,124,486,kept
05,static,0,2,255,kept
05,static,0,14,10,reborn
05,static,0,71,700,kept
05,const_vel,0,1,85,kept
05,const_vel,0,52,464,kept
05,const_vel,0,126,273,kept
05,const_vel,0,42,452,kept
05,const_vel,0,125,239,kept
05,const_vel,0,128,501,kept
05,const_vel,0,7,23,kept
05,const_vel,0,45,381,kept
05,const_vel,0,124,486,kept
05,const_vel,0,2,255,kept
05,const_vel,0,14,10,kept
05,const_vel,0,71,700,kept
05,rnn,0,1,85,kept
05,rnn,0,52,464,kept
05,rnn,0,126,273,kept
05,rnn,0,42,452,kept
05,rnn,0,125,239,kept
05,rnn,0,128,501,kept
05,rnn,0,7,23,kept
05,rnn,0,45,381,kept
05,rnn,0,124,486,kept
05,rnn,0,2,255,kept
05,rnn,0,14,10,kept
05,rnn,0,71,700,kept
05,static,0,47,347,kept
05,static,0,12,224,kept
05,static,0,128,576,kept
05,static,0,53,494,kept
05,static,0,2,84,kept
05,static,0,129,765,kept
05,static,0,124,458,kept
05,static,0,125,125,kept
05,static,0,86,749,kept
05,static,0,67,656,kept
05,static,0,1,208,kept
05,static,0,82,725,kept
05,const_vel,0,47,347,kept
05,const_vel,0,12,224,kept
05,const_vel,0,128,576,kept
05,const_vel,0,53,494,kept
05,const_vel,0,2,84,kept
05,const_vel,0,129,765,kept
05,const_vel,0,124,458,kept
05,const_vel,0,125,125,kept
05,const_vel,0,86,749,kept
05,const_vel,0,67,656,kept
05,const_vel,0,1,208,kept
05,const_vel,0,82,725,kept
05,rnn,0,47,347,kept
05,rnn,0,12,224,kept
05,rnn,0,128,576,kept
05,rnn,0,53,494,kept
05,rnn,0,2,84,kept
05,rnn,0,129,765,kept
05,rnn,0,124,458,kept
05,rnn,0,125,125,kept
05,rnn,0,86,749,kept
05,rnn,0,67,656,kept
05,rnn,0,1,208,kept
05,rnn,0,82,725,kept
05,static,1,128,492,kept
05,static,1,125,134,kept
05,static,1,53,536,kept
05,static,1,129,732,kept
05,static,1,62,564,reborn
05,static,1,1,84,kept
05,static,1,3,21,reborn
05,static,1,52,446,reborn
05,static,1,123,313,kept
05,static,1,101,806,kept
05,static,1,91,786,kept
05,static,1,2,109,kept
05,const_vel,1,128,492,kept
05,const_vel,1,125,134,kept
05,const_vel,1,53,536,kept
05,const_vel,1,129,732,kept
05,const_vel,1,62,564,kept
05,const_vel,1,1,84,kept
05,const_vel,1,3,21,reborn
05,const_vel,1,52,446,kept
05,const_vel,1,123,313,kept
05,const_vel,1,101,806,kept
05,const_vel,1,91,786,kept
05,const_vel,1,2,109,kept
05,rnn,1,128,492,kept
05,rnn,1,125,134,kept
05,rnn,1,53,536,kept
05,rnn,1,129,732,kept
05,rnn,1,62,564,kept
05,rnn,1,1,84,kept
05,rnn,1,3,21,kept
05,rnn,1,52,446,kept
05,rnn,1,123,313,kept
05,rnn,1,101,806,kept
05,rnn,1,91,786,kept
05,rnn,1,2,109,kept
05,static,1,128,611,kept
05,static,1,100,819,kept
05,static,1,71,676,kept
05,static,1,129,707,kept
05,static,1,140,194,kept
05,static,1,52,466,kept
05,static,1,38,390,kept
05,static,1,1,120,kept
05,static,1,4,13,reborn
05,static,1,30,293,kept
05,static,1,92,775,kept
05,static,1,67,644,kept
05,const_vel,1,128,611,kept
05,const_vel,1,100,819,kept
05,const_vel,1,71,676,kept
05,const_vel,1,129,707,kept
05,const_vel,1,140,194,kept
05,const_vel,1,52,466,kept
05,const_vel,1,38,390,kept
05,const_vel,1,1,120,kept
05,const_vel,1,4,13,kept
05,const_vel,1,30,293,kept
05,const_vel,1,92,775,kept
05,const_vel,1,67,644,kept
05,rnn,1,128,611,kept
05,rnn,1,100,819,kept
05,rnn,1,71,676,kept
05,rnn,1,129,707,kept
05,rnn,1,140,194,kept
05,rnn,1,52,466,kept
05,rnn,1,38,390,kept
05,rnn,1,1,120,kept
05,rnn,1,4,13,reborn
05,rnn,1,30,293,kept
05,rnn,1,92,775,kept
05,rnn,1,67,644,kept
05,static,1,128,531,kept
05,static,1,125,205,kept
05,static,1,1,328,kept
05,static,1,93,822,kept
05,static,1,129,639,kept
05,static,1,66,707,kept
05,static,1,14,39,kept
05,static,1,55,516,kept
05,static,1,50,392,kept
05,static,1,54,467,kept
05,static,1,59,566,kept
05,static,1,87,760,kept
05,const_vel,1,128,531,kept
05,const_vel,1,125,205,kept
05,const_vel,1,1,328,kept
05,const_vel,1,93,822,kept
05,const_vel,1,129,639,kept
05,const_vel,1,66,707,kept
05,const_vel,1,14,39,kept
05,const_vel,1,55,516,kept
05,const_vel,1,50,392,kept
05,const_vel,1,54,467,kept
05,const_vel,1,59,566,kept
05,const_vel,1,87,760,kept
05,rnn,1,128,531,kept
05,rnn,1,125,205,kept
05,rnn,1,1,328,kept
05,rnn,1,93,822,kept
05,rnn,1,129,639,kept
05,rnn,1,66,707,kept
05,rnn,1,14,39,kept
05,rnn,1,55,516,kept
05,rnn,1,50,392,kept
05,rnn,1,54,467,kept
05,rnn,1,59,566,kept
05,rnn,1,87,760,kept
05,static,1,12,189,kept
05,static,1,42,400,kept
05,static,1,48,383,kept
05,static,1,53,510,kept
05,static,1,128,524,kept
05,static,1,38,413,kept
05,static,1,129,703,kept
05,static,1,1,285,kept
05,static,1,123,309,reborn
05,static,1,52,460,kept
05,static,1,2,249,kept
05,static,1,14,222,kept
05,const_vel,1,12,189,reborn
05,const_vel,1,42,400,kept
05,const_vel,1,48,383,kept
05,const_vel,1,53,510,kept
05,const_vel,1,128,524,kept
05,const_vel,1,38,413,kept
05,const_vel,1,129,703,kept
05,const_vel,1,1,285,kept
05,const_vel,1,123,309,reborn
05,const_vel,1,52,460,kept
05,const_vel,1,2,249,kept
05,const_vel,1,14,222,kept
05,rnn,1,12,189,kept
05,rnn,1,42,400,kept
05,rnn,1,48,383,kept
05,rnn,1,53,510,kept
05,rnn,1,128,524,kept
05,rnn,1,38,413,kept
05,rnn,1,129,703,kept
05,rnn,1,1,285,reborn
05,rnn,1,123,309,kept
05,rnn,1,52,460,kept
05,rnn,1,2,249,kept
05,rnn,1,14,222,kept
05,static,2,91,788,reborn
05,static,2,66,698,kept
05,static,2,2,224,kept
05,static,2,42,376,kept
05,static,2,125,255,kept
05,static,2,1,117,kept
05,static,2,57,534,reborn
05,static,2,52,463,kept
05,static,2,67,621,kept
05,static,2,4,20,kept
05,static,2,20,276,reborn
05,const_vel,2,91,788,kept
05,const_vel,2,66,698,kept
05,const_vel,2,2,224,kept
05,const_vel,2,42,376,kept
05,const_vel,2,125,255,kept
05,const_vel,2,1,117,kept
05,const_vel,2,57,534,kept
05,const_vel,2,52,463,kept
05,const_vel,2,67,621,kept
05,const_vel,2,4,20,kept
05,const_vel,2,20,276,kept
05,rnn,2,91,788,kept
05,rnn,2,66,698,kept
05,rnn,2,2,224,kept
05,rnn,2,42,376,kept
05,rnn,2,125,255,kept
05,rnn,2,1,117,kept
05,rnn,2,57,534,kept
05,rnn,2,52,463,kept
05,rnn,2,67,621,kept
05,rnn,2,14,37,kept
05,rnn,2,4,20,reborn
05,rnn,2,20,276,kept
05,static,2,38,457,reborn
05,static,2,125,216,kept
05,static,2,97,821,kept
05,static,2,44,347,kept
05,static,2,129,667,kept
05,static,2,2,177,kept
05,static,2,42,420,kept
05,static,2,1,323,kept
05,static,2,58,552,kept
05,static,2,54,504,kept
05,static,2,23,261,swapped
05,static,2,59,568,kept
05,const_vel,2,38,457,kept
05,const_vel,2,125,216,kept
05,const_vel,2,97,821,kept
05,const_vel,2,44,347,kept
05,const_vel,2,129,667,kept
05,const_vel,2,2,177,kept
05,const_vel,2,42,420,kept
05,const_vel,2,1,323,kept
05,const_vel,2,58,552,kept
05,const_vel,2,54,504,kept
05,const_vel,2,23,261,kept
05,const_vel,2,59,568,kept
05,rnn,2,38,457,kept
05,rnn,2,125,216,kept
05,rnn,2,97,821,kept
05,rnn,2,44,347,kept
05,rnn,2,129,667,kept
05,rnn,2,2,177,kept
05,rnn,2,42,420,kept
05,rnn,2,1,323,kept
05,rnn,2,58,552,kept
05,rnn,2,54,504,kept
05,rnn,2,23,261,kept
05,rnn,2,59,568,kept
05,static,2,42,425,kept
05,static,2,124,458,kept
05,static,2,38,375,kept
05,static,2,85,731,kept
05,static,2,8,191,kept
05,static,2,129,762,kept
05,static,2,67,655,kept
05,static,2,125,246,kept
05,static,2,52,497,kept
05,static,2,128,591,kept
05,static,2,30,301,reborn
05,static,2,12,228,kept
05,const_vel,2,42,425,kept
05,const_vel,2,124,458,kept
05,const_vel,2,38,375,kept
05,const_vel,2,85,731,kept
05,const_vel,2,8,191,kept
05,const_vel,2,129,762,kept
05,const_vel,2,67,655,kept
05,const_vel,2,125,246,kept
05,const_vel,2,52,497,kept
05,const_vel,2,128,591,kept
05,const_vel,2,30,301,kept
05,const_vel,2,12,228,kept
05,rnn,2,42,425,kept
05,rnn,2,124,458,kept
05,rnn,2,38,375,kept
05,rnn,2,85,731,kept
05,rnn,2,8,191,kept
05,rnn,2,129,762,kept
05,rnn,2,67,655,kept
05,rnn,2,125,246,kept
05,rnn,2,52,497,kept
05,rnn,2,128,591,kept
05,rnn,2,30,301,kept
05,rnn,2,12,228,kept
05,static,2,42,412,kept
05,static,2,125,153,kept
05,static,2,87,758,kept
05,static,2,34,311,kept
05,static,2,93,787,kept
05,static,2,1,230,kept
05,static,2,128,537,kept
05,static,2,66,695,kept
05,static,2,2,245,kept
05,static,2,38,433,kept
05,static,2,53,558,kept
05,static,2,124,497,kept
05,const_vel,2,42,412,kept
05,const_vel,2,125,153,kept
05,const_vel,2,87,758,kept
05,const_vel,2,34,311,kept
05,const_vel,2,93,787,kept
05,const_vel,2,1,230,kept
05,const_vel,2,128,537,kept
05,const_vel,2,66,695,kept
05,const_vel,2,2,245,kept
05,const_vel,2,38,433,kept
05,const_vel,2,53,558,kept
05,const_vel,2,124,497,kept
05,rnn,2,42,412,kept
05,rnn,2,125,153,kept
05,rnn,2,87,758,kept
05,rnn,2,34,311,kept
05,rnn,2,93,787,kept
05,rnn,2,1,230,kept
05,rnn,2,128,537,kept
05,rnn,2,66,695,kept
05,rnn,2,2,245,kept
05,rnn,2,38,433,kept
05,rnn,2,53,558,kept
05,rnn,2,124,497,kept
05,static,3,1,241,kept
05,static,3,42,409,reborn
05,static,3,66,666,kept
05,static,3,91,780,kept
05,static,3,93,822,kept
05,static,3,71,697,kept
05,static,3,128,598,kept
05,static,3,8,188,kept
05,static,3,2,102,kept
05,static,3,14,222,kept
05,static,3,20,300,kept
05,static,3,52,464,kept
05,const_vel,3,1,241,kept
05,const_vel,3,42,409,kept
05,const_vel,3,66,666,kept
05,const_vel,3,91,780,kept
05,const_vel,3,93,822,kept
05,const_vel,3,71,697,kept
05,const_vel,3,128,598,kept
05,const_vel,3,8,188,kept
05,const_vel,3,2,102,kept
05,const_vel,3,14,222,kept
05,const_vel,3,20,300,kept
05,const_vel,3,52,464,kept
05,rnn,3,1,241,kept
05,rnn,3,42,409,kept
05,rnn,3,66,666,kept
05,rnn,3,91,780,kept
05,rnn,3,93,822,kept
05,rnn,3,71,697,kept
05,rnn,3,128,598,kept
05,rnn,3,8,188,kept
05,rnn,3,2,102,kept
05,rnn,3,14,222,kept
05,rnn,3,20,300,kept
05,rnn,3,52,464,kept
05,static,3,1,19,kept
05,static,3,71,696,kept
05,static,3,91,787,reborn
05,static,3,125,51,kept
05,static,3,20,275,reborn
05,static,3,128,564,kept
05,static,3,66,661,kept
05,static,3,53,541,reborn
05,static,3,129,773,kept
05,static,3,12,188,kept
05,static,3,38,406,kept
05,static,3,98,805,kept
05,const_vel,3,1,19,kept
05,const_vel,3,71,696,kept
05,const_vel,3,91,787,kept
05,const_vel,3,125,51,kept
05,const_vel,3,20,275,kept
05,const_vel,3,128,564,kept
05,const_vel,3,66,661,kept
05,const_vel,3,53,541,kept
05,const_vel,3,129,773,kept
05,const_vel,3,12,188,reborn
05,const_vel,3,38,406,kept
05,const_vel,3,98,805,kept
05,rnn,3,1,19,kept
05,rnn,3,71,696,kept
05,rnn,3,91,787,kept
05,rnn,3,125,51,kept
05,rnn,3,20,275,kept
05,rnn,3,128,564,kept
05,rnn,3,66,661,kept
05,rnn,3,53,541,kept
05,rnn,3,129,773,kept
05,rnn,3,12,188,kept
05,rnn,3,38,406,kept
05,rnn,3,98,805,kept
05,static,3,50,395,reborn
05,static,3,129,632,kept
05,static,3,93,786,kept
05,static,3,42,365,kept
05,static,3,124,499,kept
05,static,3,97,829,reborn
05,static,3,86,742,kept
05,static,3,54,462,kept
05,static,3,128,482,kept
05,static,3,125,143,kept
05,static,3,90,769,swapped
05,static,3,1,125,kept
05,const_vel,3,50,395,kept
05,const_vel,3,129,632,kept
05,const_vel,3,93,786,kept
05,const_vel,3,42,365,kept
05,const_vel,3,124,499,kept
05,const_vel,3,97,829,kept
05,const_vel,3,86,742,kept
05,const_vel,3,54,462,kept
05,const_vel,3,128,482,kept
05,const_vel,3,125,143,kept
05,const_vel,3,90,769,kept
05,const_vel,3,1,125,kept
05,rnn,3,50,395,kept
05,rnn,3,129,632,kept
05,rnn,3,93,786,kept
05,rnn,3,42,365,kept
05,rnn,3,124,499,kept
05,rnn,3,97,829,kept
05,rnn,3,86,742,kept
05,rnn,3,54,462,kept
05,rnn,3,128,482,kept
05,rnn,3,125,143,kept
05,rnn,3,90,769,kept
05,rnn,3,1,125,kept
05,static,3,129,719,kept
05,static,3,59,566,reborn
05,static,3,128,660,kept
05,static,3,124,514,kept
05,static,3,97,808,kept
05,static,3,1,341,kept
05,static,3,38,401,kept
05,static,3,42,365,kept
05,static,3,125,110,kept
05,static,3,14,188,kept
05,static,3,8,203,kept
05,static,3,53,551,kept
05,const_vel,3,129,719,kept
05,const_vel,3,59,566,kept
05,const_vel,3,128,660,kept
05,const_vel,3,124,514,kept
05,const_vel,3,97,808,kept
05,const_vel,3,1,341,kept
05,const_vel,3,38,401,kept
05,const_vel,3,42,365,kept
05,const_vel,3,125,110,kept
05,const_vel,3,14,188,kept
05,const_vel,3,8,203,reborn
05,const_vel,3,53,551,kept
05,rnn,3,129,719,kept
05,rnn,3,59,566,kept
05,rnn,3,128,660,kept
05,rnn,3,124,514,kept
05,rnn,3,97,808,kept
05,rnn,3,1,341,kept
05,rnn,3,38,401,kept
05,rnn,3,42,365,kept
05,rnn,3,125,110,kept
05,rnn,3,14,188,kept
05,rnn,3,8,203,kept
05,rnn,3,53,551,reborn
05,static,5,1,83,kept
05,static,5,38,418,reborn
05,static,5,129,698,kept
05,static,5,54,459,kept
05,static,5,67,646,kept
05,static,5,125,251,kept
05,static,5,8,185,kept
05,static,5,52,481,kept
05,static,5,42,391,kept
05,static,5,104,829,kept
05,static,5,124,505,kept
05,static,5,12,210,kept
05,const_vel,5,1,83,kept
05,const_vel,5,38,418,kept
05,const_vel,5,129,698,kept
05,const_vel,5,54,459,kept
05,const_vel,5,67,646,kept
05,const_vel,5,125,251,kept
05,const_vel,5,8,185,reborn
05,const_vel,5,52,481,kept
05,const_vel,5,42,391,kept
05,const_vel,5,104,829,kept
05,const_vel,5,124,505,kept
05,const_vel,5,12,210,kept
05,rnn,5,1,83,kept
05,rnn,5,38,418,kept
05,rnn,5,129,698,kept
05,rnn,5,54,459,kept
05,rnn,5,67,646,kept
05,rnn,5,125,251,kept
05,rnn,5,8,185,kept
05,rnn,5,52,481,kept
05,rnn,5,42,391,kept
05,rnn,5,104,829,kept
05,rnn,5,124,505,kept
05,rnn,5,12,210,kept
05,static,5,12,216,kept
05,static,5,1,250,kept
05,static,5,67,621,kept
05,static,5,129,712,kept
05,static,5,93,816,kept
05,static,5,42,450,swapped
05,static,5,47,380,reborn
05,static,5,125,107,kept
05,static,5,128,528,kept
05,static,5,14,9,reborn
05,static,5,58,544,kept
05,static,5,66,665,kept
05,const_vel,5,12,216,kept
05,const_vel,5,1,250,kept
05,const_vel,5,67,621,kept
05,const_vel,5,129,712,kept
05,const_vel,5,93,816,kept
05,const_vel,5,42,450,reborn
05,const_vel,5,47,380,reborn
05,const_vel,5,125,107,kept
05,const_vel,5,128,528,kept
05,const_vel,5,14,9,reborn
05,const_vel,5,58,544,kept
05,const_vel,5,66,665,kept
05,rnn,5,12,216,kept
05,rnn,5,1,250,kept
05,rnn,5,67,621,kept
05,rnn,5,129,712,kept
05,rnn,5,93,816,kept
05,rnn,5,42,450,reborn
05,rnn,5,47,380,kept
05,rnn,5,125,107,kept
05,rnn,5,128,528,kept
05,rnn,5,14,9,reborn
05,rnn,5,58,544,kept
05,rnn,5,66,665,kept
05,static,5,38,321,reborn
05,static,5,1,213,kept
05,static,5,125,128,kept
05,static,5,54,452,kept
05,static,5,102,822,reborn
05,static,5,2,186,kept
05,static,5,83,731,kept
05,static,5,88,755,reborn
05,static,5,129,787,kept
05,static,5,128,637,kept
05,static,5,48,393,reborn
05,static,5,20,273,reborn
05,const_vel,5,38,321,kept
05,const_vel,5,1,213,kept
05,const_vel,5,125,128,kept
05,const_vel,5,54,452,kept
05,const_vel,5,102,822,kept
05,const_vel,5,2,186,kept
05,const_vel,5,83,731,kept
05,const_vel,5,88,755,kept
05,const_vel,5,129,787,kept
05,const_vel,5,128,637,kept
05,const_vel,5,48,393,swapped
05,const_vel,5,20,273,reborn
05,rnn,5,38,321,kept
05,rnn,5,1,213,kept
05,rnn,5,125,128,kept
05,rnn,5,54,452,kept
05,rnn,5,102,822,kept
05,rnn,5,2,186,kept
05,rnn,5,83,731,kept
05,rnn,5,88,755,kept
05,rnn,5,129,787,kept
05,rnn,5,128,637,kept
05,rnn,5,48,393,reborn
05,rnn,5,20,273,kept
05,static,5,71,686,kept
05,static,5,42,371,reborn
05,static,5,2,126,kept
05,static,5,54,452,kept
05,static,5,128,658,kept
05,static,5,85,736,reborn
05,static,5,125,247,kept
05,static,5,44,348,kept
05,static,5,140,197,kept
05,static,5,1,330,kept
05,static,5,97,814,kept
05,static,5,53,483,kept
05,const_vel,5,71,686,kept
05,const_vel,5,42,371,kept
05,const_vel,5,2,126,kept
05,const_vel,5,54,452,kept
05,const_vel,5,128,658,kept
05,const_vel,5,85,736,kept
05,const_vel,5,125,247,kept
05,const_vel,5,44,348,reborn
05,const_vel,5,140,197,kept
05,const_vel,5,1,330,kept
05,const_vel,5,97,814,kept
05,const_vel,5,53,483,kept
05,rnn,5,71,686,kept
05,rnn,5,42,371,kept
05,rnn,5,2,126,kept
05,rnn,5,54,452,kept
05,rnn,5,128,658,kept
05,rnn,5,85,736,kept
05,rnn,5,125,247,kept
05,rnn,5,44,348,kept
05,rnn,5,140,197,kept
05,rnn,5,1,330,kept
05,rnn,5,97,814,kept
05,rnn,5,53,483,kept
05,static,8,38,352,swapped
05,static,8,12,224,reborn
05,static,8,97,798,kept
05,static,8,66,635,kept
05,static,8,2,245,kept
05,static,8,8,194,kept
05,static,8,124,504,kept
05,static,8,47,389,reborn
05,static,8,57,533,reborn
05,static,8,30,299,swapped
05,static,8,71,694,kept
05,static,8,1,279,kept
05,const_vel,8,38,352,swapped
05,const_vel,8,12,224,reborn
05,const_vel,8,97,798,reborn
05,const_vel,8,66,635,reborn
05,const_vel,8,2,245,kept
05,const_vel,8,8,194,kept
05,const_vel,8,124,504,swapped
05,const_vel,8,47,389,kept
05,const_vel,8,57,533,kept
05,const_vel,8,30,299,reborn
05,const_vel,8,71,694,kept
05,const_vel,8,1,279,kept
05,rnn,8,38,352,swapped
05,rnn,8,12,224,kept
05,rnn,8,97,798,reborn
05,rnn,8,66,635,reborn
05,rnn,8,2,245,kept
05,rnn,8,8,194,kept
05,rnn,8,124,504,kept
05,rnn,8,47,389,reborn
05,rnn,8,57,533,kept
05,rnn,8,30,299,kept
05,rnn,8,71,694,kept
05,rnn,8,1,279,kept
05,static,8,66,626,reborn
05,static,8,125,177,kept
05,static,8,129,757,kept
05,static,8,2,113,kept
05,static,8,71,699,reborn
05,static,8,42,356,reborn
05,static,8,12,211,kept
05,static,8,53,492,kept
05,static,8,1,302,reborn
05,static,8,126,272,kept
05,static,8,128,600,kept
05,static,8,83,737,kept
05,const_vel,8,66,626,kept
05,const_vel,8,125,177,kept
05,const_vel,8,129,757,reborn
05,const_vel,8,2,113,kept
05,const_vel,8,71,699,kept
05,const_vel,8,42,356,reborn
05,const_vel,8,12,211,reborn
05,const_vel,8,53,492,kept
05,const_vel,8,1,302,reborn
05,const_vel,8,126,272,kept
05,const_vel,8,128,600,kept
05,const_vel,8,83,737,kept
05,rnn,8,66,626,reborn
05,rnn,8,125,177,kept
05,rnn,8,129,757,kept
05,rnn,8,2,113,kept
05,rnn,8,71,699,reborn
05,rnn,8,42,356,kept
05,rnn,8,12,211,kept
05,rnn,8,53,492,kept
05,rnn,8,1,302,kept
05,rnn,8,126,272,kept
05,rnn,8,128,600,kept
05,rnn,8,83,737,kept
05,static,8,1,207,kept
05,static,8,53,506,kept
05,static,8,52,471,kept
05,static,8,128,637,kept
05,static,8,125,65,kept
05,static,8,83,728,kept
05,static,8,50,385,reborn
05,static,8,129,778,reborn
05,static,8,2,123,kept
05,static,8,71,675,kept
05,static,8,101,811,kept
05,static,8,36,310,reborn
05,const_vel,8,1,207,kept
05,const_vel,8,53,506,kept
05,const_vel,8,52,471,kept
05,const_vel,8,128,637,kept
05,const_vel,8,125,65,kept
05,const_vel,8,83,728,reborn
05,const_vel,8,50,385,kept
05,const_vel,8,129,778,reborn
05,const_vel,8,2,123,kept
05,const_vel,8,71,675,kept
05,const_vel,8,101,811,reborn
05,const_vel,8,36,310,swapped
05,rnn,8,1,207,kept
05,rnn,8,53,506,kept
05,rnn,8,52,471,kept
05,rnn,8,128,637,kept
05,rnn,8,125,65,kept
05,rnn,8,83,728,reborn
05,rnn,8,50,385,kept
05,rnn,8,129,778,kept
05,rnn,8,2,123,kept
05,rnn,8,71,675,kept
05,rnn,8,101,811,reborn
05,rnn,8,36,310,kept
05,static,8,71,710,kept
05,static,8,125,196,kept
05,static,8,93,781,reborn
05,static,8,45,363,reborn
05,static,8,38,344,reborn
05,static,8,66,651,kept
05,static,8,33,305,reborn
05,static,8,128,461,kept
05,static,8,101,817,reborn
05,static,8,42,405,reborn
05,static,8,61,589,reborn
05,static,8,124,518,swapped
05,const_vel,8,71,710,reborn
05,const_vel,8,125,196,kept
05,const_vel,8,93,781,reborn
05,const_vel,8,45,363,kept
05,const_vel,8,38,344,kept
05,const_vel,8,66,651,kept
05,const_vel,8,33,305,kept
05,const_vel,8,128,461,reborn
05,const_vel,8,101,817,reborn
05,const_vel,8,42,405,reborn
05,const_vel,8,61,589,reborn
05,const_vel,8,124,518,reborn
05,rnn,8,71,710,kept
05,rnn,8,125,196,kept
05,rnn,8,93,781,reborn
05,rnn,8,45,363,kept
05,rnn,8,38,344,reborn
05,rnn,8,66,651,kept
05,rnn,8,33,305,kept
05,rnn,8,128,461,kept
05,rnn,8,101,817,reborn
05,rnn,8,42,405,kept
05,rnn,8,61,589,reborn
05,rnn,8,124,518,swapped
05,static,10,129,701,kept
05,static,10,12,214,kept
05,static,10,71,746,reborn
05,static,10,128,481,kept
05,static,10,38,347,swapped
05,static,10,91,778,reborn
05,static,10,100,821,reborn
05,static,10,125,66,kept
05,static,10,2,249,kept
05,static,10,65,616,swapped
05,static,10,66,651,kept
05,const_vel,10,129,701,reborn
05,const_vel,10,12,214,reborn
05,const_vel,10,71,746,kept
05,const_vel,10,47,393,reborn
05,const_vel,10,128,481,kept
05,const_vel,10,38,347,swapped
05,const_vel,10,91,778,kept
05,const_vel,10,100,821,kept
05,const_vel,10,125,66,kept
05,const_vel,10,2,249,reborn
05,const_vel,10,65,616,kept
05,const_vel,10,66,651,kept
05,rnn,10,129,701,kept
05,rnn,10,12,214,reborn
05,rnn,10,71,746,reborn
05,rnn,10,47,393,reborn
05,rnn,10,128,481,kept
05,rnn,10,38,347,swapped
05,rnn,10,91,778,kept
05,rnn,10,100,821,kept
05,rnn,10,125,66,kept
05,rnn,10,2,249,kept
05,rnn,10,65,616,reborn
05,rnn,10,66,651,kept
05,static,10,66,686,reborn
05,static,10,53,535,kept
05,static,10,34,318,swapped
05,static,10,1,27,kept
05,static,10,8,186,kept
05,static,10,140,159,kept
05,static,10,38,370,reborn
05,static,10,42,410,reborn
05,static,10,100,807,reborn
05,static,10,129,744,kept
05,static,10,126,269,kept
05,static,10,128,608,kept
05,const_vel,10,66,686,reborn
05,const_vel,10,53,535,reborn
05,const_vel,10,34,318,reborn
05,const_vel,10,1,27,kept
05,const_vel,10,8,186,reborn
05,const_vel,10,140,159,kept
05,const_vel,10,38,370,reborn
05,const_vel,10,42,410,reborn
05,const_vel,10,100,807,reborn
05,const_vel,10,129,744,kept
05,const_vel,10,126,269,kept
05,const_vel,10,128,608,kept
05,rnn,10,66,686,kept
05,rnn,10,53,535,swapped
05,rnn,10,34,318,reborn
05,rnn,10,1,27,kept
05,rnn,10,8,186,reborn
05,rnn,10,140,159,kept
05,rnn,10,38,370,kept
05,rnn,10,42,410,reborn
05,rnn,10,100,807,kept
05,rnn,10,129,744,kept
05,rnn,10,126,269,kept
05,rnn,10,128,608,kept
05,static,10,1,78,kept
05,static,10,4,23,swapped
05,static,10,42,356,reborn
05,static,10,129,779,reborn
05,static,10,128,548,kept
05,static,10,125,224,kept
05,static,10,29,292,reborn
05,static,10,67,631,kept
05,static,10,102,821,reborn
05,static,10,2,248,kept
05,static,10,8,201,kept
05,static,10,54,448,reborn
05,const_vel,10,1,78,kept
05,const_vel,10,42,356,reborn
05,const_vel,10,129,779,reborn
05,const_vel,10,128,548,kept
05,const_vel,10,125,224,kept
05,const_vel,10,29,292,reborn
05,const_vel,10,67,631,reborn
05,const_vel,10,102,821,kept
05,const_vel,10,2,248,kept
05,const_vel,10,8,201,reborn
05,const_vel,10,54,448,reborn
05,rnn,10,1,78,kept
05,rnn,10,4,23,swapped
05,rnn,10,42,356,kept
05,rnn,10,129,779,reborn
05,rnn,10,128,548,kept
05,rnn,10,125,224,kept
05,rnn,10,29,292,reborn
05,rnn,10,67,631,reborn
05,rnn,10,102,821,reborn
05,rnn,10,2,248,kept
05,rnn,10,8,201,reborn
05,rnn,10,54,448,reborn
05,static,10,63,606,reborn
05,static,10,129,693,kept
05,static,10,42,407,reborn
05,static,10,20,284,reborn
05,static,10,125,197,kept
05,static,10,55,521,kept
05,static,10,128,483,kept
05,static,10,34,321,swapped
05,static,10,2,232,reborn
05,static,10,101,816,reborn
05,static,10,71,719,kept
05,static,10,1,257,kept
05,const_vel,10,63,606,reborn
05,const_vel,10,129,693,kept
05,const_vel,10,42,407,kept
05,const_vel,10,20,284,reborn
05,const_vel,10,125,197,kept
05,const_vel,10,55,521,reborn
05,const_vel,10,128,483,kept
05,const_vel,10,34,321,reborn
05,const_vel,10,2,232,kept
05,const_vel,10,101,816,reborn
05,const_vel,10,71,719,kept
05,const_vel,10,1,257,reborn
05,rnn,10,63,606,reborn
05,rnn,10,129,693,kept
05,rnn,10,42,407,reborn
05,rnn,10,20,284,reborn
05,rnn,10,125,197,kept
05,rnn,10,55,521,kept
05,rnn,10,128,483,kept
05,rnn,10,34,321,reborn
05,rnn,10,2,232,kept
05,rnn,10,101,816,reborn
05,rnn,10,71,719,kept
05,rnn,10,1,257,reborn
05,static,15,66,632,reborn
05,static,15,124,508,reborn
05,static,15,128,605,kept
05,static,15,2,108,kept
05,static,15,125,23,reborn
05,static,15,93,813,kept
05,static,15,129,696,kept
05,static,15,36,309,swapped
05,static,15,20,278,reborn
05,static,15,42,355,swapped
05,static,15,83,728,kept
05,static,15,8,206,kept
05,const_vel,15,66,632,reborn
05,const_vel,15,124,508,reborn
05,const_vel,15,128,605,kept
05,const_vel,15,2,108,reborn
05,const_vel,15,125,23,reborn
05,const_vel,15,93,813,kept
05,const_vel,15,129,696,reborn
05,const_vel,15,36,309,swapped
05,const_vel,15,20,278,reborn
05,const_vel,15,42,355,reborn
05,const_vel,15,83,728,reborn
05,const_vel,15,8,206,reborn
05,rnn,15,66,632,reborn
05,rnn,15,124,508,reborn
05,rnn,15,128,605,kept
05,rnn,15,2,108,kept
05,rnn,15,125,23,kept
05,rnn,15,93,813,kept
05,rnn,15,129,696,kept
05,rnn,15,36,309,swapped
05,rnn,15,20,278,reborn
05,rnn,15,42,355,kept
05,rnn,15,83,728,kept
05,rnn,15,8,206,reborn
05,static,15,129,724,kept
05,static,15,71,761,kept
05,static,15,53,513,reborn
05,static,15,125,199,kept
05,static,15,38,403,swapped
05,static,15,124,476,kept
05,static,15,128,589,kept
05,static,15,1,117,kept
05,static,15,93,799,reborn
05,static,15,36,309,swapped
05,static,15,42,363,swapped
05,static,15,14,18,reborn
05,const_vel,15,129,724,kept
05,const_vel,15,71,761,reborn
05,const_vel,15,53,513,swapped
05,const_vel,15,125,199,kept
05,const_vel,15,38,403,kept
05,const_vel,15,124,476,reborn
05,const_vel,15,128,589,kept
05,const_vel,15,1,117,kept
05,const_vel,15,93,799,reborn
05,const_vel,15,36,309,swapped
05,const_vel,15,42,363,reborn
05,const_vel,15,14,18,reborn
05,rnn,15,129,724,kept
05,rnn,15,71,761,reborn
05,rnn,15,53,513,reborn
05,rnn,15,125,199,kept
05,rnn,15,38,403,kept
05,rnn,15,124,476,kept
05,rnn,15,128,589,reborn
05,rnn,15,1,117,kept
05,rnn,15,93,799,reborn
05,rnn,15,36,309,swapped
05,rnn,15,42,363,reborn
05,rnn,15,14,18,reborn
05,static,15,125,139,kept
05,static,15,128,637,kept
05,static,15,38,384,reborn
05,static,15,71,751,reborn
05,static,15,1,357,kept
05,static,15,2,107,kept
05,static,15,8,204,reborn
05,static,15,94,786,reborn
05,static,15,129,679,kept
05,static,15,52,484,kept
05,static,15,34,328,reborn
05,static,15,55,517,reborn
05,const_vel,15,125,139,kept
05,const_vel,15,128,637,kept
05,const_vel,15,38,384,reborn
05,const_vel,15,71,751,reborn
05,const_vel,15,1,357,kept
05,const_vel,15,2,107,kept
05,const_vel,15,8,204,reborn
05,const_vel,15,94,786,reborn
05,const_vel,15,129,679,reborn
05,const_vel,15,52,484,reborn
05,const_vel,15,34,328,swapped
05,const_vel,15,55,517,reborn
05,rnn,15,125,139,kept
05,rnn,15,128,637,reborn
05,rnn,15,38,384,reborn
05,rnn,15,71,751,reborn
05,rnn,15,1,357,kept
05,rnn,15,2,107,kept
05,rnn,15,8,204,reborn
05,rnn,15,94,786,reborn
05,rnn,15,129,679,kept
05,rnn,15,52,484,kept
05,rnn,15,34,328,kept
05,rnn,15,55,517,reborn
05,static,15,20,280,reborn
05,static,15,38,342,reborn
05,static,15,129,751,kept
05,static,15,71,720,kept
05,static,15,124,459,kept
05,static,15,125,33,reborn
05,static,15,12,167,kept
05,static,15,2,219,reborn
05,static,15,128,528,kept
05,static,15,66,694,reborn
05,static,15,1,252,kept
05,static,15,53,494,kept
05,const_vel,15,20,280,reborn
05,const_vel,15,38,342,reborn
05,const_vel,15,129,751,reborn
05,const_vel,15,71,720,kept
05,const_vel,15,124,459,kept
05,const_vel,15,125,33,kept
05,const_vel,15,12,167,kept
05,const_vel,15,2,219,kept
05,const_vel,15,128,528,reborn
05,const_vel,15,66,694,reborn
05,const_vel,15,1,252,reborn
05,const_vel,15,53,494,reborn
05,rnn,15,20,280,reborn
05,rnn,15,38,342,reborn
05,rnn,15,129,751,kept
05,rnn,15,71,720,kept
05,rnn,15,124,459,kept
05,rnn,15,125,33,kept
05,rnn,15,12,167,kept
05,rnn,15,2,219,reborn
05,rnn,15,128,528,kept
05,rnn,15,66,694,kept
05,rnn,15,1,252,kept
05,rnn,15,53,494,kept
05,static,20,125,119,kept
05,static,20,67,622,reborn
05,static,20,2,289,kept
05,static,20,42,431,kept
05,static,20,129,779,reborn
05,static,20,58,539,swapped
05,static,20,1,321,kept
05,static,20,20,253,swapped
05,static,20,8,183,kept
05,static,20,83,729,reborn
05,static,20,128,590,kept
05,static,20,66,669,reborn
05,const_vel,20,125,119,reborn
05,const_vel,20,67,622,reborn
05,const_vel,20,2,289,reborn
05,const_vel,20,42,431,reborn
05,const_vel,20,129,779,reborn
05,const_vel,20,58,539,reborn
05,const_vel,20,1,321,reborn
05,const_vel,20,20,253,reborn
05,const_vel,20,8,183,kept
05,const_vel,20,83,729,kept
05,const_vel,20,128,590,reborn
05,const_vel,20,66,669,reborn
05,rnn,20,125,119,kept
05,rnn,20,67,622,reborn
05,rnn,20,2,289,kept
05,rnn,20,42,431,reborn
05,rnn,20,129,779,reborn
05,rnn,20,58,539,reborn
05,rnn,20,1,321,kept
05,rnn,20,20,253,swapped
05,rnn,20,8,183,kept
05,rnn,20,83,729,reborn
05,rnn,20,128,590,kept
05,rnn,20,66,669,reborn
05,static,20,97,799,kept
05,static,20,71,725,kept
05,static,20,67,646,kept
05,static,20,125,233,reborn
05,static,20,124,470,kept
05,static,20,38,379,reborn
05,static,20,12,190,kept
05,static,20,14,10,reborn
05,static,20,1,41,reborn
05,static,20,128,544,kept
05,static,20,129,756,kept
05,static,20,2,106,kept
05,const_vel,20,97,799,reborn
05,const_vel,20,71,725,reborn
05,const_vel,20,67,646,reborn
05,const_vel,20,125,233,swapped
05,const_vel,20,124,470,kept
05,const_vel,20,38,379,reborn
05,const_vel,20,12,190,reborn
05,const_vel,20,14,10,reborn
05,const_vel,20,1,41,reborn
05,const_vel,20,128,544,reborn
05,const_vel,20,129,756,reborn
05,const_vel,20,2,106,kept
05,rnn,20,97,799,reborn
05,rnn,20,71,725,reborn
05,rnn,20,67,646,reborn
05,rnn,20,125,233,swapped
05,rnn,20,124,470,kept
05,rnn,20,38,379,reborn
05,rnn,20,12,190,kept
05,rnn,20,14,10,reborn
05,rnn,20,1,41,reborn
05,rnn,20,128,544,reborn
05,rnn,20,129,756,reborn
05,rnn,20,2,106,kept
05,static,20,128,589,kept
05,static,20,34,313,reborn
05,static,20,98,779,swapped
05,static,20,125,197,kept
05,static,20,42,399,reborn
05,static,20,58,539,swapped
05,static,20,4,12,reborn
05,static,20,66,642,kept
05,static,20,1,106,kept
05,static,20,38,351,reborn
05,static,20,20,254,swapped
05,static,20,140,166,reborn
05,const_vel,20,128,589,reborn
05,const_vel,20,34,313,reborn
05,const_vel,20,98,779,reborn
05,const_vel,20,125,197,kept
05,const_vel,20,42,399,reborn
05,const_vel,20,58,539,reborn
05,const_vel,20,4,12,reborn
05,const_vel,20,66,642,reborn
05,const_vel,20,1,106,kept
05,const_vel,20,38,351,reborn
05,const_vel,20,20,254,reborn
05,const_vel,20,140,166,reborn
05,rnn,20,128,589,reborn
05,rnn,20,34,313,reborn
05,rnn,20,98,779,reborn
05,rnn,20,125,197,kept
05,rnn,20,42,399,reborn
05,rnn,20,58,539,reborn
05,rnn,20,4,12,reborn
05,rnn,20,66,642,reborn
05,rnn,20,1,106,kept
05,rnn,20,38,351,kept
05,rnn,20,20,254,swapped
05,rnn,20,140,166,reborn
05,static,20,128,622,reborn
05,static,20,1,73,kept
05,static,20,125,148,kept
05,static,20,52,458,kept
05,static,20,2,211,reborn
05,static,20,34,314,reborn
05,static,20,107,113,swapped
05,static,20,129,768,kept
05,static,20,66,678,reborn
05,static,20,38,417,reborn
05,static,20,124,506,swapped
05,static,20,97,805,reborn
05,const_vel,20,128,622,kept
05,const_vel,20,1,73,kept
05,const_vel,20,125,148,reborn
05,const_vel,20,52,458,kept
05,const_vel,20,2,211,reborn
05,const_vel,20,34,314,reborn
05,const_vel,20,107,113,reborn
05,const_vel,20,129,768,reborn
05,const_vel,20,66,678,reborn
05,const_vel,20,38,417,reborn
05,const_vel,20,124,506,reborn
05,const_vel,20,97,805,reborn
05,rnn,20,128,622,kept
05,rnn,20,1,73,kept
05,rnn,20,125,148,reborn
05,rnn,20,52,458,reborn
05,rnn,20,2,211,reborn
05,rnn,20,34,314,reborn
05,rnn,20,107,113,swapped
05,rnn,20,129,768,reborn
05,rnn,20,66,678,kept
05,rnn,20,38,417,reborn
05,rnn,20,124,506,swapped
05,rnn,20,97,805,reborn
05,static,25,52,482,reborn
05,static,25,71,677,reborn
05,static,25,129,786,reborn
05,static,25,125,33,reborn
05,static,25,2,121,kept
05,static,25,42,430,swapped
05,static,25,1,233,reborn
05,static,25,128,562,kept
05,static,25,38,378,reborn
05,static,25,34,311,reborn
05,static,25,53,519,swapped
05,static,25,66,639,kept
05,const_vel,25,52,482,reborn
05,const_vel,25,71,677,reborn
05,const_vel,25,129,786,reborn
05,const_vel,25,125,33,reborn
05,const_vel,25,2,121,reborn
05,const_vel,25,42,430,reborn
05,const_vel,25,1,233,reborn
05,const_vel,25,128,562,reborn
05,const_vel,25,38,378,reborn
05,const_vel,25,34,311,reborn
05,const_vel,25,53,519,reborn
05,const_vel,25,66,639,reborn
05,rnn,25,52,482,kept
05,rnn,25,71,677,reborn
05,rnn,25,129,786,kept
05,rnn,25,125,33,kept
05,rnn,25,2,121,kept
05,rnn,25,42,430,reborn
05,rnn,25,1,233,kept
05,rnn,25,128,562,kept
05,rnn,25,38,378,reborn
05,rnn,25,34,311,reborn
05,rnn,25,53,519,reborn
05,rnn,25,66,639,reborn
05,static,25,1,190,kept
05,static,25,42,386,reborn
05,static,25,2,255,kept
05,static,25,52,471,reborn
05,static,25,14,14,reborn
05,static,25,66,661,kept
05,static,25,129,700,kept
05,static,25,125,141,kept
05,static,25,53,509,reborn
05,static,25,93,805,reborn
05,static,25,33,309,reborn
05,static,25,67,623,reborn
05,const_vel,25,1,190,kept
05,const_vel,25,42,386,reborn
05,const_vel,25,2,255,reborn
05,const_vel,25,52,471,reborn
05,const_vel,25,14,14,swapped
05,const_vel,25,66,661,reborn
05,const_vel,25,129,700,reborn
05,const_vel,25,125,141,kept
05,const_vel,25,53,509,reborn
05,const_vel,25,93,805,reborn
05,const_vel,25,33,309,kept
05,const_vel,25,67,623,reborn
05,rnn,25,1,190,kept
05,rnn,25,42,386,reborn
05,rnn,25,2,255,reborn
05,rnn,25,52,471,kept
05,rnn,25,14,14,reborn
05,rnn,25,66,661,reborn
05,rnn,25,129,700,reborn
05,rnn,25,125,141,reborn
05,rnn,25,53,509,reborn
05,rnn,25,93,805,reborn
05,rnn,25,33,309,reborn
05,rnn,25,67,623,reborn
05,static,25,125,122,kept
05,static,25,2,215,reborn
05,static,25,128,607,reborn
05,static,25,53,477,reborn
05,static,25,1,267,kept
05,static,25,129,808,reborn
05,static,25,42,390,reborn
05,static,25,89,758,reborn
05,static,25,71,700,kept
05,static,25,12,164,kept
05,static,25,38,427,kept
05,static,25,67,648,swapped
05,const_vel,25,125,122,kept
05,const_vel,25,2,215,reborn
05,const_vel,25,128,607,kept
05,const_vel,25,53,477,reborn
05,const_vel,25,1,267,kept
05,const_vel,25,129,808,reborn
05,const_vel,25,42,390,reborn
05,const_vel,25,89,758,reborn
05,const_vel,25,71,700,reborn
05,const_vel,25,12,164,kept
05,const_vel,25,38,427,reborn
05,const_vel,25,67,648,reborn
05,rnn,25,125,122,kept
05,rnn,25,2,215,reborn
05,rnn,25,128,607,reborn
05,rnn,25,53,477,reborn
05,rnn,25,1,267,kept
05,rnn,25,129,808,reborn
05,rnn,25,42,390,reborn
05,rnn,25,89,758,reborn
05,rnn,25,71,700,kept
05,rnn,25,12,164,kept
05,rnn,25,38,427,reborn
05,rnn,25,67,648,swapped
05,static,25,89,758,reborn
05,static,25,20,276,reborn
05,static,25,129,701,kept
05,static,25,12,195,kept
05,static,25,38,346,reborn
05,static,25,1,57,kept
05,static,25,52,505,reborn
05,static,25,128,575,kept
05,static,25,42,392,reborn
05,static,25,2,147,kept
05,static,25,66,645,kept
05,static,25,53,469,reborn
05,const_vel,25,89,758,reborn
05,const_vel,25,20,276,reborn
05,const_vel,25,129,701,reborn
05,const_vel,25,12,195,kept
05,const_vel,25,38,346,reborn
05,const_vel,25,1,57,kept
05,const_vel,25,52,505,reborn
05,const_vel,25,128,575,kept
05,const_vel,25,42,392,reborn
05,const_vel,25,2,147,kept
05,const_vel,25,66,645,reborn
05,const_vel,25,53,469,reborn
05,rnn,25,89,758,reborn
05,rnn,25,20,276,reborn
05,rnn,25,129,701,reborn
05,rnn,25,12,195,kept
05,rnn,25,38,346,reborn
05,rnn,25,1,57,kept
05,rnn,25,52,505,reborn
05,rnn,25,128,575,kept
05,rnn,25,42,392,kept
05,rnn,25,2,147,kept
05,rnn,25,66,645,kept
05,rnn,25,53,469,reborn
05,static,30,128,538,kept
05,static,30,1,183,kept
05,static,30,71,722,kept
05,static,30,129,775,kept
05,static,30,125,10,reborn
05,static,30,66,670,reborn
05,static,30,67,619,kept
05,static,30,2,119,kept
05,static,30,42,370,reborn
05,static,30,34,311,reborn
05,static,30,124,464,kept
05,static,30,38,417,reborn
05,const_vel,30,128,538,reborn
05,const_vel,30,1,183,kept
05,const_vel,30,71,722,reborn
05,const_vel,30,129,775,swapped
05,const_vel,30,125,10,reborn
05,const_vel,30,66,670,reborn
05,const_vel,30,67,619,reborn
05,const_vel,30,2,119,kept
05,const_vel,30,42,370,reborn
05,const_vel,30,34,311,reborn
05,const_vel,30,124,464,reborn
05,const_vel,30,38,417,reborn
05,rnn,30,128,538,kept
05,rnn,30,1,183,kept
05,rnn,30,71,722,reborn
05,rnn,30,129,775,kept
05,rnn,30,125,10,reborn
05,rnn,30,66,670,reborn
05,rnn,30,67,619,kept
05,rnn,30,2,119,kept
05,rnn,30,42,370,reborn
05,rnn,30,34,311,reborn
05,rnn,30,124,464,reborn
05,rnn,30,38,417,reborn
05,static,30,1,13,reborn
05,static,30,129,711,kept
05,static,30,128,468,reborn
05,static,30,97,799,reborn
05,static,30,125,214,reborn
05,static,30,12,165,kept
05,static,30,42,347,reborn
05,static,30,53,520,swapped
05,static,30,66,639,kept
05,static,30,38,418,reborn
05,static,30,2,104,kept
05,static,30,20,274,swapped
05,const_vel,30,1,13,reborn
05,const_vel,30,129,711,reborn
05,const_vel,30,128,468,reborn
05,const_vel,30,97,799,kept
05,const_vel,30,125,214,reborn
05,const_vel,30,12,165,reborn
05,const_vel,30,42,347,reborn
05,const_vel,30,53,520,reborn
05,const_vel,30,66,639,reborn
05,const_vel,30,38,418,reborn
05,const_vel,30,2,104,swapped
05,const_vel,30,20,274,reborn
05,rnn,30,1,13,reborn
05,rnn,30,129,711,kept
05,rnn,30,128,468,kept
05,rnn,30,97,799,reborn
05,rnn,30,125,214,kept
05,rnn,30,12,165,kept
05,rnn,30,42,347,reborn
05,rnn,30,53,520,swapped
05,rnn,30,66,639,kept
05,rnn,30,38,418,reborn
05,rnn,30,2,104,kept
05,rnn,30,20,274,swapped
05,static,30,125,111,kept
05,static,30,128,542,kept
05,static,30,129,797,reborn
05,static,30,1,279,kept
05,static,30,38,416,reborn
05,static,30,66,660,reborn
05,static,30,14,8,reborn
05,static,30,2,159,kept
05,static,30,52,466,reborn
05,static,30,47,343,reborn
05,static,30,71,719,kept
05,static,30,8,200,reborn
05,const_vel,30,125,111,kept
05,const_vel,30,128,542,reborn
05,const_vel,30,129,797,reborn
05,const_vel,30,1,279,reborn
05,const_vel,30,38,416,reborn
05,const_vel,30,66,660,reborn
05,const_vel,30,14,8,swapped
05,const_vel,30,2,159,kept
05,const_vel,30,52,466,reborn
05,const_vel,30,47,343,reborn
05,const_vel,30,71,719,reborn
05,const_vel,30,8,200,reborn
05,rnn,30,125,111,reborn
05,rnn,30,128,542,kept
05,rnn,30,129,797,reborn
05,rnn,30,1,279,kept
05,rnn,30,38,416,reborn
05,rnn,30,66,660,reborn
05,rnn,30,14,8,reborn
05,rnn,30,2,159,kept
05,rnn,30,52,466,reborn
05,rnn,30,47,343,reborn
05,rnn,30,71,719,reborn
05,rnn,30,8,200,reborn
05,static,30,52,472,swapped
05,static,30,71,723,kept
05,static,30,1,154,kept
05,static,30,66,633,reborn
05,static,30,2,216,reborn
05,static,30,38,386,reborn
05,static,30,128,565,kept
05,static,30,125,86,kept
05,static,30,93,780,reborn
05,static,30,53,518,swapped
05,static,30,20,269,reborn
05,static,30,14,8,reborn
05,const_vel,30,52,472,reborn
05,const_vel,30,71,723,reborn
05,const_vel,30,1,154,reborn
05,const_vel,30,66,633,reborn
05,const_vel,30,2,216,reborn
05,const_vel,30,38,386,reborn
05,const_vel,30,128,565,kept
05,const_vel,30,125,86,kept
05,const_vel,30,93,780,reborn
05,const_vel,30,53,518,swapped
05,const_vel,30,20,269,reborn
05,const_vel,30,14,8,swapped
05,rnn,30,52,472,kept
05,rnn,30,71,723,reborn
05,rnn,30,1,154,kept
05,rnn,30,66,633,reborn
05,rnn,30,2,216,reborn
05,rnn,30,38,386,reborn
05,rnn,30,128,565,kept
05,rnn,30,125,86,reborn
05,rnn,30,93,780,kept
05,rnn,30,53,518,kept
05,rnn,30,20,269,swapped
05,rnn,30,14,8,reborn
05,static,40,53,499,kept
05,static,40,128,582,kept
05,static,40,1,278,reborn
05,static,40,2,94,kept
05,static,40,71,688,reborn
05,static,40,129,752,reborn
05,static,40,42,370,reborn
05,static,40,8,197,kept
05,static,40,125,146,kept
05,static,40,38,423,reborn
05,static,40,67,636,kept
05,const_vel,40,53,499,reborn
05,const_vel,40,128,582,reborn
05,const_vel,40,1,278,reborn
05,const_vel,40,2,94,swapped
05,const_vel,40,71,688,reborn
05,const_vel,40,129,752,reborn
05,const_vel,40,42,370,reborn
05,const_vel,40,8,197,reborn
05,const_vel,40,125,146,kept
05,const_vel,40,38,423,reborn
05,const_vel,40,67,636,reborn
05,rnn,40,53,499,kept
05,rnn,40,128,582,reborn
05,rnn,40,1,278,kept
05,rnn,40,2,94,kept
05,rnn,40,71,688,reborn
05,rnn,40,129,752,reborn
05,rnn,40,42,370,reborn
05,rnn,40,8,197,reborn
05,rnn,40,125,146,reborn
05,rnn,40,38,423,swapped
05,rnn,40,67,636,reborn
05,static,40,125,96,kept
05,static,40,1,190,kept
05,static,40,66,632,reborn
05,static,40,42,379,reborn
05,static,40,124,486,swapped
05,static,40,129,703,kept
05,static,40,128,578,kept
05,static,40,2,252,swapped
05,static,40,38,325,reborn
05,static,40,93,781,reborn
05,const_vel,40,125,96,reborn
05,const_vel,40,1,190,kept
05,const_vel,40,66,632,reborn
05,const_vel,40,42,379,reborn
05,const_vel,40,124,486,reborn
05,const_vel,40,129,703,reborn
05,const_vel,40,128,578,kept
05,const_vel,40,2,252,reborn
05,const_vel,40,38,325,reborn
05,const_vel,40,93,781,reborn
05,rnn,40,125,96,reborn
05,rnn,40,1,190,reborn
05,rnn,40,66,632,reborn
05,rnn,40,42,379,reborn
05,rnn,40,124,486,swapped
05,rnn,40,129,703,reborn
05,rnn,40,128,578,kept
05,rnn,40,2,252,kept
05,rnn,40,38,325,reborn
05,rnn,40,93,781,kept
05,static,40,42,415,kept
05,static,40,1,110,kept
05,static,40,8,190,reborn
05,static,40,129,739,reborn
05,static,40,66,643,kept
05,static,40,125,21,reborn
05,static,40,128,485,kept
05,static,40,38,319,reborn
05,static,40,2,246,swapped
05,static,40,53,542,reborn
05,static,40,93,790,swapped
05,const_vel,40,42,415,reborn
05,const_vel,40,1,110,kept
05,const_vel,40,8,190,reborn
05,const_vel,40,129,739,reborn
05,const_vel,40,66,643,reborn
05,const_vel,40,125,21,reborn
05,const_vel,40,128,485,reborn
05,const_vel,40,38,319,reborn
05,const_vel,40,2,246,reborn
05,const_vel,40,53,542,reborn
05,const_vel,40,93,790,reborn
05,rnn,40,42,415,swapped
05,rnn,40,1,110,reborn
05,rnn,40,8,190,reborn
05,rnn,40,129,739,kept
05,rnn,40,66,643,kept
05,rnn,40,125,21,reborn
05,rnn,40,128,485,swapped
05,rnn,40,38,319,reborn
05,rnn,40,2,246,reborn
05,rnn,40,53,542,reborn
05,rnn,40,93,790,reborn
05,static,40,2,255,reborn
05,static,40,128,566,kept
05,static,40,129,778,reborn
05,static,40,52,467,swapped
05,static,40,125,39,kept
05,static,40,71,681,reborn
05,static,40,8,164,kept
05,static,40,38,397,reborn
05,static,40,1,328,reborn
05,static,40,67,624,reborn
05,static,40,9,109,reborn
05,const_vel,40,2,255,kept
05,const_vel,40,128,566,reborn
05,const_vel,40,129,778,reborn
05,const_vel,40,52,467,reborn
05,const_vel,40,125,39,reborn
05,const_vel,40,71,681,reborn
05,const_vel,40,8,164,reborn
05,const_vel,40,38,397,reborn
05,const_vel,40,1,328,reborn
05,const_vel,40,67,624,reborn
05,const_vel,40,9,109,reborn
05,rnn,40,2,255,reborn
05,rnn,40,128,566,kept
05,rnn,40,129,778,reborn
05,rnn,40,52,467,swapped
05,rnn,40,125,39,reborn
05,rnn,40,71,681,reborn
05,rnn,40,8,164,reborn
05,rnn,40,38,397,reborn
05,rnn,40,1,328,reborn
05,rnn,40,67,624,reborn
05,rnn,40,9,109,kept
05,static,50,42,368,kept
05,static,50,1,55,reborn
05,static,50,129,677,kept
05,static,50,128,473,kept
05,static,50,125,158,kept
05,static,50,53,534,kept
05,static,50,20,255,swapped
05,static,50,71,777,kept
05,const_vel,50,42,368,reborn
05,const_vel,50,1,55,reborn
05,const_vel,50,129,677,reborn
05,const_vel,50,128,473,reborn
05,const_vel,50,125,158,kept
05,const_vel,50,53,534,reborn
05,const_vel,50,20,255,reborn
05,const_vel,50,71,777,reborn
05,rnn,50,42,368,reborn
05,rnn,50,1,55,reborn
05,rnn,50,129,677,reborn
05,rnn,50,128,473,reborn
05,rnn,50,125,158,reborn
05,rnn,50,53,534,swapped
05,rnn,50,20,255,swapped
05,rnn,50,71,777,kept
05,static,50,38,352,reborn
05,static,50,1,160,kept
05,static,50,71,715,reborn
05,static,50,52,453,reborn
05,static,50,128,575,kept
05,static,50,66,647,reborn
05,static,50,125,96,kept
05,static,50,2,236,reborn
05,static,50,129,778,reborn
05,const_vel,50,38,352,reborn
05,const_vel,50,1,160,reborn
05,const_vel,50,71,715,reborn
05,const_vel,50,52,453,reborn
05,const_vel,50,128,575,reborn
05,const_vel,50,66,647,reborn
05,const_vel,50,125,96,reborn
05,const_vel,50,2,236,reborn
05,const_vel,50,129,778,reborn
05,rnn,50,38,352,reborn
05,rnn,50,1,160,reborn
05,rnn,50,71,715,reborn
05,rnn,50,52,453,swapped
05,rnn,50,128,575,kept
05,rnn,50,66,647,kept
05,rnn,50,125,96,reborn
05,rnn,50,2,236,reborn
05,rnn,50,129,778,reborn
05,static,50,71,778,kept
05,static,50,125,121,kept
05,static,50,38,398,reborn
05,static,50,128,506,reborn
05,static,50,2,190,reborn
05,static,50,66,647,reborn
05,static,50,1,291,reborn
05,static,50,129,711,reborn
05,const_vel,50,71,778,reborn
05,const_vel,50,125,121,reborn
05,const_vel,50,38,398,reborn
05,const_vel,50,128,506,reborn
05,const_vel,50,2,190,reborn
05,const_vel,50,66,647,reborn
05,const_vel,50,1,291,swapped
05,const_vel,50,129,711,reborn
05,rnn,50,71,778,kept
05,rnn,50,125,121,reborn
05,rnn,50,38,398,reborn
05,rnn,50,128,506,kept
05,rnn,50,2,190,reborn
05,rnn,50,66,647,kept
05,rnn,50,1,291,reborn
05,rnn,50,129,711,kept
05,static,50,53,506,swapped
05,static,50,125,176,kept
05,static,50,129,696,kept
05,static,50,1,80,kept
05,static,50,38,386,reborn
05,static,50,128,606,reborn
05,static,50,71,778,kept
05,static,50,2,262,swapped
05,const_vel,50,53,506,reborn
05,const_vel,50,125,176,reborn
05,const_vel,50,129,696,reborn
05,const_vel,50,1,80,reborn
05,const_vel,50,38,386,reborn
05,const_vel,50,128,606,reborn
05,const_vel,50,71,778,reborn
05,const_vel,50,2,262,reborn
05,rnn,50,53,506,swapped
05,rnn,50,125,176,reborn
05,rnn,50,129,696,reborn
05,rnn,50,1,80,reborn
05,rnn,50,38,386,reborn
05,rnn,50,128,606,kept
05,rnn,50,71,778,kept
05,rnn,50,2,262,reborn
05,static,60,125,111,kept
05,static,60,129,748,swapped
05,static,60,1,273,reborn
05,static,60,53,476,swapped
05,static,60,38,356,reborn
05,static,60,128,567,kept
05,static,60,2,198,reborn
05,static,60,71,675,reborn
05,const_vel,60,125,111,reborn
05,const_vel,60,129,748,swapped
05,const_vel,60,1,273,reborn
05,const_vel,60,53,476,reborn
05,const_vel,60,38,356,reborn
05,const_vel,60,128,567,reborn
05,const_vel,60,2,198,reborn
05,const_vel,60,71,675,reborn
05,rnn,60,125,111,reborn
05,rnn,60,129,748,kept
05,rnn,60,1,273,reborn
05,rnn,60,53,476,swapped
05,rnn,60,38,356,reborn
05,rnn,60,128,567,kept
05,rnn,60,2,198,reborn
05,rnn,60,71,675,reborn
05,static,60,2,83,kept
05,static,60,42,388,reborn
05,static,60,129,716,reborn
05,static,60,1,222,kept
05,static,60,128,474,kept
05,static,60,67,625,reborn
05,static,60,125,7,reborn
05,const_vel,60,2,83,reborn
05,const_vel,60,42,388,reborn
05,const_vel,60,129,716,reborn
05,const_vel,60,1,222,reborn
05,const_vel,60,128,474,reborn
05,const_vel,60,67,625,reborn
05,const_vel,60,125,7,reborn
05,rnn,60,2,83,kept
05,rnn,60,42,388,reborn
05,rnn,60,129,716,reborn
05,rnn,60,1,222,reborn
05,rnn,60,128,474,reborn
05,rnn,60,67,625,reborn
05,rnn,60,125,7,reborn
05,static,60,129,691,reborn
05,static,60,2,115,kept
05,static,60,38,359,swapped
05,static,60,71,772,kept
05,static,60,128,596,reborn
05,static,60,124,461,reborn
05,static,60,1,230,kept
05,static,60,125,44,kept
05,const_vel,60,129,691,reborn
05,const_vel,60,2,115,reborn
05,const_vel,60,38,359,reborn
05,const_vel,60,71,772,reborn
05,const_vel,60,128,596,reborn
05,const_vel,60,124,461,reborn
05,const_vel,60,1,230,reborn
05,const_vel,60,125,44,reborn
05,rnn,60,129,691,reborn
05,rnn,60,2,115,reborn
05,rnn,60,38,359,reborn
05,rnn,60,71,772,kept
05,rnn,60,128,596,reborn
05,rnn,60,124,461,reborn
05,rnn,60,1,230,reborn
05,rnn,60,125,44,reborn
05,static,60,129,767,reborn
05,static,60,1,252,reborn
05,static,60,66,628,reborn
05,static,60,128,492,reborn
05,static,60,38,348,reborn
05,static,60,125,66,kept
05,static,60,2,167,reborn
05,const_vel,60,129,767,reborn
05,const_vel,60,1,252,reborn
05,const_vel,60,66,628,reborn
05,const_vel,60,128,492,reborn
05,const_vel,60,38,348,reborn
05,const_vel,60,125,66,kept
05,const_vel,60,2,167,reborn
05,rnn,60,129,767,reborn
05,rnn,60,1,252,reborn
05,rnn,60,66,628,reborn
05,rnn,60,128,492,reborn
05,rnn,60,38,348,reborn
05,rnn,60,125,66,reborn
05,rnn,60,2,167,kept
10,static,0,12,218,kept
10,static,0,49,456,kept
10,static,0,23,199,kept
10,static,0,2,569,kept
10,static,0,4,274,kept
10,static,0,7,391,kept
10,static,0,18,588,kept
10,static,0,14,435,kept
10,static,0,30,315,kept
10,static,0,1,42,kept
10,static,0,16,159,kept
10,static,0,44,232,kept
10,const_vel,0,12,218,kept
10,const_vel,0,49,456,kept
10,const_vel,0,23,199,kept
10,const_vel,0,2,569,kept
10,const_vel,0,4,274,kept
10,const_vel,0,7,391,kept
10,const_vel,0,18,588,kept
10,const_vel,0,14,435,kept
10,const_vel,0,30,315,kept
10,const_vel,0,1,42,kept
10,const_vel,0,16,159,kept
10,const_vel,0,44,232,kept
10,rnn,0,12,218,kept
10,rnn,0,49,456,kept
10,rnn,0,23,199,kept
10,rnn,0,2,569,kept
10,rnn,0,4,274,kept
10,rnn,0,7,391,kept
10,rnn,0,18,588,kept
10,rnn,0,14,435,kept
10,rnn,0,30,315,kept
10,rnn,0,1,42,kept
10,rnn,0,16,159,kept
10,rnn,0,44,232,kept
10,static,0,9,216,kept
10,static,0,18,556,kept
10,static,0,48,613,kept
10,static,0,12,368,kept
10,static,0,29,230,kept
10,static,0,7,179,kept
10,static,0,5,45,kept
10,static,0,13,81,kept
10,static,0,59,388,kept
10,static,0,2,249,kept
10,static,0,26,296,kept
10,static,0,56,407,kept
10,const_vel,0,9,216,kept
10,const_vel,0,18,556,kept
10,const_vel,0,48,613,kept
10,const_vel,0,12,368,kept
10,const_vel,0,29,230,kept
10,const_vel,0,7,179,kept
10,const_vel,0,5,45,kept
10,const_vel,0,13,81,kept
10,const_vel,0,59,388,kept
10,const_vel,0,2,249,kept
10,const_vel,0,26,296,kept
10,const_vel,0,56,407,kept
10,rnn,0,9,216,kept
10,rnn,0,18,556,kept
10,rnn,0,48,613,kept
10,rnn,0,12,368,kept
10,rnn,0,29,230,kept
10,rnn,0,7,179,kept
10,rnn,0,5,45,kept
10,rnn,0,13,81,kept
10,rnn,0,59,388,kept
10,rnn,0,2,249,kept
10,rnn,0,26,296,kept
10,rnn,0,56,407,kept
10,static,0,9,248,kept
10,static,0,33,601,kept
10,static,0,12,88,kept
10,static,0,31,446,kept
10,static,0,4,345,kept
10,static,0,42,65,kept
10,static,0,26,134,kept
10,static,0,7,322,kept
10,static,0,30,170,kept
10,static,0,18,524,kept
10,static,0,23,388,kept
10,const_vel,0,9,248,kept
10,const_vel,0,33,601,kept
10,const_vel,0,12,88,kept
10,const_vel,0,31,446,kept
10,const_vel,0,40,53,kept
10,const_vel,0,4,345,kept
10,const_vel,0,42,65,kept
10,const_vel,0,26,134,kept
10,const_vel,0,7,322,kept
10,const_vel,0,30,170,kept
10,const_vel,0,18,524,kept
10,const_vel,0,23,388,kept
10,rnn,0,9,248,kept
10,rnn,0,33,601,kept
10,rnn,0,12,88,kept
10,rnn,0,31,446,kept
10,rnn,0,4,345,kept
10,rnn,0,42,65,kept
10,rnn,0,26,134,kept
10,rnn,0,7,322,kept
10,rnn,0,30,170,kept
10,rnn,0,18,524,kept
10,rnn,0,23,388,kept
10,static,0,26,122,kept
10,static,0,69,641,kept
10,static,0,4,52,kept
10,static,0,13,523,kept
10,static,0,1,64,kept
10,static,0,2,280,kept
10,static,0,71,446,kept
10,static,0,57,401,kept
10,static,0,11,140,kept
10,static,0,29,193,kept
10,static,0,49,597,kept
10,static,0,7,220,reborn
10,const_vel,0,69,641,kept
10,const_vel,0,4,52,kept
10,const_vel,0,13,523,kept
10,const_vel,0,1,64,kept
10,const_vel,0,2,280,kept
10,const_vel,0,71,446,kept
10,const_vel,0,57,401,kept
10,const_vel,0,11,140,kept
10,const_vel,0,29,193,kept
10,const_vel,0,49,597,kept
10,const_vel,0,7,220,kept
10,rnn,0,69,641,kept
10,rnn,0,4,52,kept
10,rnn,0,13,523,kept
10,rnn,0,1,64,kept
10,rnn,0,2,280,kept
10,rnn,0,71,446,kept
10,rnn,0,57,401,kept
10,rnn,0,11,140,kept
10,rnn,0,29,193,kept
10,rnn,0,49,597,kept
10,rnn,0,7,220,kept
10,static,1,57,284,reborn
10,static,1,12,522,kept
10,static,1,71,445,kept
10,static,1,4,134,kept
10,static,1,2,467,kept
10,static,1,47,599,kept
10,static,1,33,611,kept
10,static,1,18,537,kept
10,static,1,7,246,kept
10,static,1,25,561,kept
10,static,1,29,210,reborn
10,static,1,5,41,kept
10,const_vel,1,57,284,kept
10,const_vel,1,12,522,kept
10,const_vel,1,71,445,kept
10,const_vel,1,4,134,kept
10,const_vel,1,2,467,kept
10,const_vel,1,47,599,kept
10,const_vel,1,33,611,kept
10,const_vel,1,18,537,kept
10,const_vel,1,7,246,kept
10,const_vel,1,25,561,kept
10,const_vel,1,29,210,kept
10,const_vel,1,5,41,kept
10,rnn,1,57,284,kept
10,rnn,1,12,522,kept
10,rnn,1,71,445,kept
10,rnn,1,4,134,kept
10,rnn,1,2,467,kept
10,rnn,1,47,599,kept
10,rnn,1,33,611,kept
10,rnn,1,18,537,kept
10,rnn,1,7,246,kept
10,rnn,1,25,561,kept
10,rnn,1,29,210,kept
10,rnn,1,5,41,kept
10,static,1,48,600,kept
10,static,1,9,362,kept
10,static,1,29,223,kept
10,static,1,2,8,kept
10,static,1,14,490,kept
10,static,1,8,24,reborn
10,static,1,33,517,kept
10,static,1,25,578,kept
10,static,1,44,318,kept
10,static,1,4,549,kept
10,static,1,54,237,kept
10,static,1,23,460,kept
10,const_vel,1,48,600,kept
10,const_vel,1,9,362,kept
10,const_vel,1,29,223,kept
10,const_vel,1,2,8,kept
10,const_vel,1,14,490,kept
10,const_vel,1,8,24,kept
10,const_vel,1,33,517,kept
10,const_vel,1,25,578,kept
10,const_vel,1,44,318,kept
10,const_vel,1,4,549,kept
10,const_vel,1,54,237,kept
10,const_vel,1,23,460,kept
10,rnn,1,48,600,kept
10,rnn,1,9,362,kept
10,rnn,1,29,223,kept
10,rnn,1,2,8,kept
10,rnn,1,14,490,kept
10,rnn,1,8,24,kept
10,rnn,1,33,517,kept
10,rnn,1,25,578,kept
10,rnn,1,44,318,kept
10,rnn,1,4,549,kept
10,rnn,1,54,237,kept
10,rnn,1,23,460,kept
10,static,1,56,419,kept
10,static,1,47,605,kept
10,static,1,4,483,kept
10,static,1,44,337,reborn
10,static,1,23,279,kept
10,static,1,12,175,kept
10,static,1,29,140,kept
10,static,1,13,509,kept
10,static,1,24,192,kept
10,static,1,32,443,kept
10,static,1,26,317,kept
10,static,1,18,539,kept
10,const_vel,1,56,419,kept
10,const_vel,1,47,605,kept
10,const_vel,1,4,483,kept
10,const_vel,1,44,337,kept
10,const_vel,1,23,279,kept
10,const_vel,1,12,175,kept
10,const_vel,1,29,140,kept
10,const_vel,1,13,509,kept
10,const_vel,1,24,192,kept
10,const_vel,1,32,443,kept
10,const_vel,1,26,317,kept
10,const_vel,1,18,539,kept
10,rnn,1,56,419,kept
10,rnn,1,47,605,kept
10,rnn,1,4,483,kept
10,rnn,1,44,337,kept
10,rnn,1,23,279,kept
10,rnn,1,12,175,kept
10,rnn,1,29,140,kept
10,rnn,1,13,509,kept
10,rnn,1,24,192,kept
10,rnn,1,32,443,kept
10,rnn,1,26,317,kept
10,rnn,1,18,539,kept
10,static,1,29,196,kept
10,static,1,1,77,kept
10,static,1,14,381,kept
10,static,1,12,403,kept
10,static,1,56,225,kept
10,static,1,49,602,kept
10,static,1,9,178,kept
10,static,1,57,440,kept
10,static,1,2,474,kept
10,static,1,8,28,reborn
10,static,1,26,213,kept
10,static,1,23,506,kept
10,const_vel,1,29,196,kept
10,const_vel,1,1,77,kept
10,const_vel,1,14,381,kept
10,const_vel,1,12,403,kept
10,const_vel,1,56,225,kept
10,const_vel,1,49,602,kept
10,const_vel,1,9,178,kept
10,const_vel,1,57,440,kept
10,const_vel,1,2,474,kept
10,const_vel,1,8,28,kept
10,const_vel,1,26,213,kept
10,const_vel,1,23,506,kept
10,rnn,1,29,196,kept
10,rnn,1,1,77,kept
10,rnn,1,14,381,kept
10,rnn,1,12,403,kept
10,rnn,1,56,225,kept
10,rnn,1,49,602,kept
10,rnn,1,9,178,kept
10,rnn,1,57,440,kept
10,rnn,1,2,474,kept
10,rnn,1,8,28,kept
10,rnn,1,26,213,kept
10,rnn,1,23,506,kept
10,static,2,27,46,swapped
10,static,2,8,16,kept
10,static,2,50,599,kept
10,static,2,23,450,kept
10,static,2,54,256,kept
10,static,2,57,429,kept
10,static,2,2,342,kept
10,static,2,13,298,kept
10,static,2,48,558,kept
10,static,2,7,136,reborn
10,static,2,45,326,kept
10,static,2,17,269,kept
10,const_vel,2,27,46,reborn
10,const_vel,2,8,16,kept
10,const_vel,2,50,599,kept
10,const_vel,2,23,450,kept
10,const_vel,2,54,256,kept
10,const_vel,2,57,429,kept
10,const_vel,2,2,342,kept
10,const_vel,2,13,298,kept
10,const_vel,2,48,558,kept
10,const_vel,2,7,136,kept
10,const_vel,2,45,326,kept
10,const_vel,2,17,269,kept
10,rnn,2,27,46,swapped
10,rnn,2,8,16,kept
10,rnn,2,50,599,kept
10,rnn,2,23,450,kept
10,rnn,2,54,256,kept
10,rnn,2,57,429,kept
10,rnn,2,2,342,kept
10,rnn,2,13,298,kept
10,rnn,2,48,558,kept
10,rnn,2,7,136,kept
10,rnn,2,45,326,kept
10,rnn,2,17,269,kept
10,static,2,4,404,kept
10,static,2,13,610,kept
10,static,2,38,35,reborn
10,static,2,29,330,kept
10,static,2,14,387,kept
10,static,2,33,467,kept
10,static,2,49,424,kept
10,static,2,12,175,kept
10,static,2,25,560,kept
10,static,2,56,511,kept
10,static,2,9,266,kept
10,static,2,24,213,kept
10,const_vel,2,4,404,kept
10,const_vel,2,13,610,kept
10,const_vel,2,38,35,swapped
10,const_vel,2,29,330,kept
10,const_vel,2,14,387,kept
10,const_vel,2,33,467,kept
10,const_vel,2,49,424,kept
10,const_vel,2,12,175,kept
10,const_vel,2,25,560,kept
10,const_vel,2,56,511,kept
10,const_vel,2,9,266,kept
10,const_vel,2,24,213,kept
10,rnn,2,4,404,kept
10,rnn,2,13,610,kept
10,rnn,2,38,35,reborn
10,rnn,2,29,330,kept
10,rnn,2,14,387,kept
10,rnn,2,33,467,kept
10,rnn,2,49,424,kept
10,rnn,2,12,175,kept
10,rnn,2,25,560,kept
10,rnn,2,56,511,kept
10,rnn,2,9,266,kept
10,rnn,2,24,213,kept
10,static,2,4,476,kept
10,static,2,7,205,reborn
10,static,2,56,507,kept
10,static,2,49,426,kept
10,static,2,10,281,kept
10,static,2,31,461,kept
10,static,2,65,561,kept
10,static,2,11,134,kept
10,static,2,47,597,kept
10,static,2,13,66,kept
10,static,2,9,185,kept
10,static,2,18,305,kept
10,const_vel,2,4,476,kept
10,const_vel,2,7,205,kept
10,const_vel,2,56,507,kept
10,const_vel,2,49,426,kept
10,const_vel,2,10,281,kept
10,const_vel,2,31,461,kept
10,const_vel,2,65,561,swapped
10,const_vel,2,11,134,reborn
10,const_vel,2,47,597,kept
10,const_vel,2,13,66,kept
10,const_vel,2,9,185,kept
10,const_vel,2,18,305,kept
10,rnn,2,4,476,kept
10,rnn,2,7,205,kept
10,rnn,2,56,507,kept
10,rnn,2,49,426,kept
10,rnn,2,10,281,kept
10,rnn,2,31,461,kept
10,rnn,2,65,561,reborn
10,rnn,2,11,134,kept
10,rnn,2,47,597,kept
10,rnn,2,13,66,kept
10,rnn,2,9,185,kept
10,rnn,2,18,305,kept
10,static,2,71,497,kept
10,static,2,24,127,kept
10,static,2,7,95,kept
10,static,2,12,428,kept
10,static,2,25,604,kept
10,static,2,18,517,kept
10,static,2,23,530,kept
10,static,2,14,626,kept
10,static,2,29,345,kept
10,static,2,26,292,reborn
10,static,2,27,14,swapped
10,static,2,49,454,reborn
10,const_vel,2,71,497,kept
10,const_vel,2,24,127,kept
10,const_vel,2,7,95,kept
10,const_vel,2,12,428,kept
10,const_vel,2,25,604,kept
10,const_vel,2,18,517,reborn
10,const_vel,2,23,530,kept
10,const_vel,2,14,626,kept
10,const_vel,2,29,345,kept
10,const_vel,2,26,292,reborn
10,const_vel,2,27,14,swapped
10,const_vel,2,49,454,reborn
10,rnn,2,71,497,kept
10,rnn,2,24,127,kept
10,rnn,2,7,95,kept
10,rnn,2,12,428,kept
10,rnn,2,25,604,kept
10,rnn,2,18,517,kept
10,rnn,2,23,530,kept
10,rnn,2,14,626,kept
10,rnn,2,29,345,kept
10,rnn,2,26,292,kept
10,rnn,2,27,14,swapped
10,rnn,2,49,454,kept
10,static,3,24,227,kept
10,static,3,47,627,kept
10,static,3,33,418,kept
10,static,3,23,578,kept
10,static,3,31,332,kept
10,static,3,2,54,reborn
10,static,3,71,493,kept
10,static,3,14,377,reborn
10,static,3,13,596,kept
10,static,3,4,561,kept
10,static,3,12,163,kept
10,static,3,54,245,kept
10,const_vel,3,24,227,kept
10,const_vel,3,47,627,kept
10,const_vel,3,33,418,kept
10,const_vel,3,23,578,kept
10,const_vel,3,31,332,reborn
10,const_vel,3,2,54,kept
10,const_vel,3,71,493,kept
10,const_vel,3,14,377,kept
10,const_vel,3,13,596,kept
10,const_vel,3,4,561,kept
10,const_vel,3,12,163,kept
10,const_vel,3,54,245,reborn
10,rnn,3,24,227,kept
10,rnn,3,47,627,kept
10,rnn,3,33,418,kept
10,rnn,3,23,578,kept
10,rnn,3,31,332,reborn
10,rnn,3,2,54,kept
10,rnn,3,71,493,kept
10,rnn,3,14,377,kept
10,rnn,3,13,596,kept
10,rnn,3,4,561,kept
10,rnn,3,12,163,kept
10,rnn,3,54,245,reborn
10,static,3,10,227,kept
10,static,3,26,251,kept
10,static,3,33,440,reborn
10,static,3,68,597,kept
10,static,3,9,195,kept
10,static,3,5,20,reborn
10,static,3,49,548,kept
10,static,3,14,566,kept
10,static,3,7,381,kept
10,static,3,13,63,kept
10,static,3,38,42,swapped
10,static,3,30,144,reborn
10,const_vel,3,10,227,kept
10,const_vel,3,26,251,kept
10,const_vel,3,33,440,kept
10,const_vel,3,68,597,kept
10,const_vel,3,9,195,kept
10,const_vel,3,5,20,kept
10,const_vel,3,49,548,kept
10,const_vel,3,14,566,kept
10,const_vel,3,7,381,kept
10,const_vel,3,13,63,kept
10,const_vel,3,38,42,kept
10,const_vel,3,30,144,kept
10,rnn,3,10,227,kept
10,rnn,3,26,251,kept
10,rnn,3,33,440,reborn
10,rnn,3,68,597,kept
10,rnn,3,9,195,kept
10,rnn,3,5,20,kept
10,rnn,3,49,548,kept
10,rnn,3,14,566,kept
10,rnn,3,7,381,kept
10,rnn,3,13,63,kept
10,rnn,3,38,42,kept
10,rnn,3,30,144,kept
10,static,3,33,472,kept
10,static,3,47,577,kept
10,static,3,4,326,kept
10,static,3,49,611,kept
10,static,3,50,625,kept
10,static,3,17,269,kept
10,static,3,38,46,reborn
10,static,3,12,196,kept
10,static,3,13,553,kept
10,static,3,9,298,kept
10,static,3,34,390,kept
10,static,3,59,503,kept
10,const_vel,3,33,472,kept
10,const_vel,3,47,577,kept
10,const_vel,3,4,326,kept
10,const_vel,3,49,611,kept
10,const_vel,3,50,625,kept
10,const_vel,3,17,269,kept
10,const_vel,3,38,46,reborn
10,const_vel,3,12,196,kept
10,const_vel,3,13,553,kept
10,const_vel,3,9,298,kept
10,const_vel,3,34,390,kept
10,const_vel,3,59,503,kept
10,rnn,3,33,472,kept
10,rnn,3,47,577,reborn
10,rnn,3,4,326,kept
10,rnn,3,49,611,kept
10,rnn,3,50,625,kept
10,rnn,3,17,269,kept
10,rnn,3,38,46,kept
10,rnn,3,12,196,kept
10,rnn,3,13,553,kept
10,rnn,3,9,298,kept
10,rnn,3,34,390,kept
10,rnn,3,59,503,kept
10,static,3,33,539,kept
10,static,3,48,586,kept
10,static,3,13,11,kept
10,static,3,12,347,kept
10,static,3,24,49,kept
10,static,3,49,491,reborn
10,static,3,2,641,kept
10,static,3,23,229,reborn
10,static,3,4,185,kept
10,static,3,59,280,reborn
10,static,3,44,325,kept
10,const_vel,3,33,539,reborn
10,const_vel,3,48,586,kept
10,const_vel,3,13,11,kept
10,const_vel,3,12,347,kept
10,const_vel,3,24,49,kept
10,const_vel,3,49,491,kept
10,const_vel,3,2,641,kept
10,const_vel,3,23,229,kept
10,const_vel,3,29,121,reborn
10,const_vel,3,4,185,kept
10,const_vel,3,59,280,reborn
10,const_vel,3,44,325,kept
10,rnn,3,33,539,kept
10,rnn,3,48,586,kept
10,rnn,3,13,11,kept
10,rnn,3,12,347,kept
10,rnn,3,24,49,kept
10,rnn,3,49,491,kept
10,rnn,3,2,641,kept
10,rnn,3,23,229,kept
10,rnn,3,29,121,reborn
10,rnn,3,4,185,kept
10,rnn,3,59,280,reborn
10,rnn,3,44,325,kept
10,static,5,8,25,reborn
10,static,5,10,176,kept
10,static,5,11,134,kept
10,static,5,54,230,reborn
10,static,5,18,194,reborn
10,static,5,13,478,kept
10,static,5,57,417,kept
10,static,5,4,358,kept
10,static,5,33,578,kept
10,static,5,30,105,kept
10,static,5,9,293,kept
10,static,5,7,267,kept
10,const_vel,5,8,25,reborn
10,const_vel,5,10,176,kept
10,const_vel,5,11,134,reborn
10,const_vel,5,54,230,reborn
10,const_vel,5,18,194,reborn
10,const_vel,5,13,478,kept
10,const_vel,5,57,417,kept
10,const_vel,5,4,358,kept
10,const_vel,5,33,578,kept
10,const_vel,5,30,105,reborn
10,const_vel,5,9,293,kept
10,const_vel,5,7,267,kept
10,rnn,5,8,25,reborn
10,rnn,5,10,176,kept
10,rnn,5,11,134,kept
10,rnn,5,54,230,reborn
10,rnn,5,18,194,reborn
10,rnn,5,13,478,kept
10,rnn,5,57,417,kept
10,rnn,5,4,358,kept
10,rnn,5,33,578,kept
10,rnn,5,30,105,kept
10,rnn,5,9,293,kept
10,rnn,5,7,267,kept
10,static,5,4,588,kept
10,static,5,29,134,reborn
10,static,5,2,243,kept
10,static,5,31,446,reborn
10,static,5,9,224,kept
10,static,5,23,182,kept
10,static,5,14,302,reborn
10,static,5,69,608,kept
10,static,5,43,81,kept
10,static,5,57,392,kept
10,static,5,7,267,kept
10,const_vel,5,4,588,kept
10,const_vel,5,29,134,kept
10,const_vel,5,2,243,reborn
10,const_vel,5,31,446,kept
10,const_vel,5,9,224,kept
10,const_vel,5,23,182,kept
10,const_vel,5,14,302,kept
10,const_vel,5,69,608,kept
10,const_vel,5,43,81,kept
10,const_vel,5,57,392,kept
10,const_vel,5,7,267,kept
10,rnn,5,4,588,kept
10,rnn,5,29,134,kept
10,rnn,5,2,243,kept
10,rnn,5,31,446,kept
10,rnn,5,9,224,kept
10,rnn,5,23,182,kept
10,rnn,5,14,302,kept
10,rnn,5,69,608,kept
10,rnn,5,43,81,kept
10,rnn,5,57,392,kept
10,rnn,5,7,267,kept
10,static,5,7,281,reborn
10,static,5,65,615,reborn
10,static,5,23,328,reborn
10,static,5,49,591,kept
10,static,5,12,357,kept
10,static,5,45,207,reborn
10,static,5,34,431,reborn
10,static,5,30,307,reborn
10,static,5,14,464,kept
10,static,5,1,87,kept
10,static,5,40,44,reborn
10,static,5,56,384,kept
10,const_vel,5,7,281,kept
10,const_vel,5,65,615,swapped
10,const_vel,5,23,328,kept
10,const_vel,5,49,591,kept
10,const_vel,5,12,357,kept
10,const_vel,5,45,207,reborn
10,const_vel,5,34,431,reborn
10,const_vel,5,30,307,kept
10,const_vel,5,14,464,kept
10,const_vel,5,1,87,kept
10,const_vel,5,40,44,reborn
10,const_vel,5,56,384,reborn
10,rnn,5,7,281,kept
10,rnn,5,65,615,swapped
10,rnn,5,23,328,kept
10,rnn,5,49,591,kept
10,rnn,5,12,357,kept
10,rnn,5,45,207,reborn
10,rnn,5,34,431,kept
10,rnn,5,30,307,reborn
10,rnn,5,14,464,kept
10,rnn,5,1,87,kept
10,rnn,5,40,44,kept
10,rnn,5,56,384,kept
10,static,5,18,343,kept
10,static,5,24,224,kept
10,static,5,4,51,swapped
10,static,5,59,385,kept
10,static,5,7,160,reborn
10,static,5,33,573,reborn
10,static,5,14,277,reborn
10,static,5,34,537,kept
10,static,5,13,609,kept
10,static,5,71,501,kept
10,static,5,10,206,kept
10,static,5,9,307,kept
10,const_vel,5,18,343,kept
10,const_vel,5,24,224,kept
10,const_vel,5,4,51,kept
10,const_vel,5,59,385,reborn
10,const_vel,5,7,160,reborn
10,const_vel,5,33,573,reborn
10,const_vel,5,14,277,reborn
10,const_vel,5,34,537,kept
10,const_vel,5,13,609,kept
10,const_vel,5,71,501,kept
10,const_vel,5,10,206,kept
10,const_vel,5,9,307,kept
10,rnn,5,18,343,kept
10,rnn,5,24,224,kept
10,rnn,5,4,51,swapped
10,rnn,5,59,385,reborn
10,rnn,5,7,160,reborn
10,rnn,5,33,573,kept
10,rnn,5,14,277,reborn
10,rnn,5,34,537,kept
10,rnn,5,13,609,kept
10,rnn,5,71,501,kept
10,rnn,5,10,206,kept
10,rnn,5,9,307,kept
10,static,8,40,49,reborn
10,static,8,26,376,reborn
10,static,8,49,615,reborn
10,static,8,13,410,kept
10,static,8,7,284,reborn
10,static,8,10,234,kept
10,static,8,2,352,kept
10,static,8,65,585,kept
10,static,8,4,20,swapped
10,static,8,29,197,reborn
10,static,8,14,560,reborn
10,static,8,23,434,reborn
10,const_vel,8,40,49,swapped
10,const_vel,8,26,376,reborn
10,const_vel,8,49,615,kept
10,const_vel,8,13,410,kept
10,const_vel,8,7,284,reborn
10,const_vel,8,10,234,kept
10,const_vel,8,2,352,kept
10,const_vel,8,65,585,reborn
10,const_vel,8,4,20,swapped
10,const_vel,8,29,197,swapped
10,const_vel,8,14,560,kept
10,const_vel,8,23,434,reborn
10,rnn,8,40,49,reborn
10,rnn,8,26,376,kept
10,rnn,8,49,615,kept
10,rnn,8,13,410,kept
10,rnn,8,7,284,kept
10,rnn,8,10,234,kept
10,rnn,8,2,352,kept
10,rnn,8,65,585,reborn
10,rnn,8,4,20,swapped
10,rnn,8,29,197,reborn
10,rnn,8,14,560,reborn
10,rnn,8,23,434,reborn
10,static,8,45,186,kept
10,static,8,18,347,kept
10,static,8,34,533,reborn
10,static,8,48,555,reborn
10,static,8,38,46,reborn
10,static,8,4,490,kept
10,static,8,12,419,kept
10,static,8,2,306,kept
10,static,8,13,455,kept
10,static,8,10,253,kept
10,static,8,23,77,reborn
10,static,8,69,625,reborn
10,const_vel,8,45,186,kept
10,const_vel,8,18,347,kept
10,const_vel,8,34,533,kept
10,const_vel,8,48,555,kept
10,const_vel,8,38,46,reborn
10,const_vel,8,4,490,kept
10,const_vel,8,12,419,kept
10,const_vel,8,2,306,kept
10,const_vel,8,13,455,kept
10,const_vel,8,10,253,kept
10,const_vel,8,23,77,kept
10,const_vel,8,69,625,reborn
10,rnn,8,45,186,kept
10,rnn,8,18,347,kept
10,rnn,8,34,533,kept
10,rnn,8,48,555,kept
10,rnn,8,38,46,swapped
10,rnn,8,4,490,kept
10,rnn,8,12,419,kept
10,rnn,8,2,306,kept
10,rnn,8,13,455,kept
10,rnn,8,10,253,kept
10,rnn,8,23,77,kept
10,rnn,8,69,625,kept
10,static,8,65,581,reborn
10,static,8,33,502,reborn
10,static,8,14,475,kept
10,static,8,10,266,kept
10,static,8,9,350,kept
10,static,8,68,634,reborn
10,static,8,23,437,reborn
10,static,8,18,560,reborn
10,static,8,54,235,reborn
10,static,8,30,299,reborn
10,static,8,11,63,reborn
10,static,8,24,182,kept
10,const_vel,8,65,581,kept
10,const_vel,8,33,502,kept
10,const_vel,8,14,475,reborn
10,const_vel,8,10,266,kept
10,const_vel,8,9,350,kept
10,const_vel,8,68,634,reborn
10,const_vel,8,23,437,swapped
10,const_vel,8,18,560,kept
10,const_vel,8,54,235,reborn
10,const_vel,8,30,299,reborn
10,const_vel,8,11,63,reborn
10,const_vel,8,24,182,kept
10,rnn,8,65,581,kept
10,rnn,8,33,502,kept
10,rnn,8,14,475,reborn
10,rnn,8,10,266,kept
10,rnn,8,9,350,kept
10,rnn,8,68,634,reborn
10,rnn,8,23,437,reborn
10,rnn,8,18,560,kept
10,rnn,8,54,235,reborn
10,rnn,8,30,299,reborn
10,rnn,8,11,63,kept
10,rnn,8,24,182,kept
10,static,8,13,401,kept
10,static,8,4,453,kept
10,static,8,1,30,kept
10,static,8,23,553,kept
10,static,8,26,358,kept
10,static,8,69,606,kept
10,static,8,2,176,kept
10,static,8,56,228,reborn
10,static,8,12,130,reborn
10,static,8,7,91,reborn
10,static,8,59,473,kept
10,static,8,9,294,kept
10,const_vel,8,13,401,kept
10,const_vel,8,4,453,reborn
10,const_vel,8,1,30,reborn
10,const_vel,8,23,553,kept
10,const_vel,8,26,358,reborn
10,const_vel,8,69,606,reborn
10,const_vel,8,2,176,kept
10,const_vel,8,56,228,reborn
10,const_vel,8,12,130,kept
10,const_vel,8,7,91,reborn
10,const_vel,8,59,473,kept
10,const_vel,8,9,294,reborn
10,rnn,8,13,401,kept
10,rnn,8,4,453,kept
10,rnn,8,1,30,kept
10,rnn,8,23,553,kept
10,rnn,8,26,358,kept
10,rnn,8,69,606,kept
10,rnn,8,2,176,kept
10,rnn,8,56,228,reborn
10,rnn,8,12,130,kept
10,rnn,8,7,91,reborn
10,rnn,8,59,473,kept
10,rnn,8,9,294,kept
10,static,10,14,386,kept
10,static,10,23,115,reborn
10,static,10,31,447,reborn
10,static,10,12,498,kept
10,static,10,34,322,reborn
10,static,10,49,578,reborn
10,static,10,10,210,kept
10,static,10,47,607,kept
10,static,10,66,632,reborn
10,static,10,4,60,reborn
10,static,10,7,353,reborn
10,static,10,50,468,reborn
10,const_vel,10,14,386,reborn
10,const_vel,10,23,115,kept
10,const_vel,10,31,447,kept
10,const_vel,10,12,498,kept
10,const_vel,10,34,322,reborn
10,const_vel,10,49,578,reborn
10,const_vel,10,10,210,kept
10,const_vel,10,47,607,reborn
10,const_vel,10,66,632,reborn
10,const_vel,10,4,60,reborn
10,const_vel,10,7,353,kept
10,const_vel,10,50,468,kept
10,rnn,10,14,386,reborn
10,rnn,10,23,115,reborn
10,rnn,10,31,447,kept
10,rnn,10,12,498,kept
10,rnn,10,34,322,kept
10,rnn,10,49,578,kept
10,rnn,10,10,210,kept
10,rnn,10,47,607,kept
10,rnn,10,66,632,reborn
10,rnn,10,4,60,kept
10,rnn,10,7,353,kept
10,rnn,10,50,468,reborn
10,static,10,30,126,swapped
10,static,10,18,14,reborn
10,static,10,24,60,kept
10,static,10,33,529,reborn
10,static,10,49,607,reborn
10,static,10,7,380,swapped
10,static,10,12,506,kept
10,static,10,2,150,kept
10,static,10,44,235,swapped
10,static,10,13,335,reborn
10,static,10,57,402,reborn
10,static,10,10,258,kept
10,const_vel,10,30,126,swapped
10,const_vel,10,18,14,reborn
10,const_vel,10,24,60,kept
10,const_vel,10,33,529,reborn
10,const_vel,10,49,607,reborn
10,const_vel,10,7,380,kept
10,const_vel,10,12,506,kept
10,const_vel,10,2,150,kept
10,const_vel,10,44,235,reborn
10,const_vel,10,13,335,reborn
10,const_vel,10,57,402,swapped
10,const_vel,10,10,258,swapped
10,rnn,10,30,126,kept
10,rnn,10,18,14,reborn
10,rnn,10,24,60,kept
10,rnn,10,33,529,reborn
10,rnn,10,49,607,kept
10,rnn,10,7,380,swapped
10,rnn,10,12,506,kept
10,rnn,10,2,150,reborn
10,rnn,10,44,235,reborn
10,rnn,10,13,335,reborn
10,rnn,10,57,402,swapped
10,rnn,10,10,258,kept
10,static,10,13,512,kept
10,static,10,34,544,reborn
10,static,10,45,231,reborn
10,static,10,4,399,reborn
10,static,10,48,585,reborn
10,static,10,29,143,reborn
10,static,10,14,329,kept
10,static,10,8,8,reborn
10,static,10,2,374,reborn
10,static,10,1,33,kept
10,static,10,23,182,kept
10,const_vel,10,13,512,reborn
10,const_vel,10,34,544,kept
10,const_vel,10,45,231,kept
10,const_vel,10,4,399,kept
10,const_vel,10,48,585,reborn
10,const_vel,10,29,143,reborn
10,const_vel,10,14,329,reborn
10,const_vel,10,8,8,reborn
10,const_vel,10,2,374,kept
10,const_vel,10,1,33,kept
10,const_vel,10,23,182,kept
10,rnn,10,13,512,kept
10,rnn,10,34,544,kept
10,rnn,10,45,231,kept
10,rnn,10,4,399,kept
10,rnn,10,48,585,reborn
10,rnn,10,68,618,reborn
10,rnn,10,29,143,kept
10,rnn,10,14,329,reborn
10,rnn,10,8,8,kept
10,rnn,10,2,374,reborn
10,rnn,10,1,33,kept
10,rnn,10,23,182,kept
10,static,10,9,175,reborn
10,static,10,2,459,kept
10,static,10,29,235,kept
10,static,10,68,635,kept
10,static,10,14,587,kept
10,static,10,10,287,kept
10,static,10,17,266,kept
10,static,10,1,20,reborn
10,static,10,11,74,swapped
10,static,10,7,146,reborn
10,static,10,23,337,reborn
10,static,10,12,204,reborn
10,const_vel,10,9,175,kept
10,const_vel,10,2,459,reborn
10,const_vel,10,29,235,reborn
10,const_vel,10,68,635,reborn
10,const_vel,10,14,587,kept
10,const_vel,10,10,287,reborn
10,const_vel,10,17,266,reborn
10,const_vel,10,1,20,reborn
10,const_vel,10,11,74,kept
10,const_vel,10,7,146,kept
10,const_vel,10,23,337,kept
10,const_vel,10,12,204,reborn
10,rnn,10,9,175,kept
10,rnn,10,2,459,kept
10,rnn,10,29,235,kept
10,rnn,10,68,635,reborn
10,rnn,10,14,587,kept
10,rnn,10,10,287,kept
10,rnn,10,17,266,reborn
10,rnn,10,1,20,reborn
10,rnn,10,11,74,kept
10,rnn,10,7,146,kept
10,rnn,10,23,337,swapped
10,rnn,10,12,204,reborn
10,static,15,59,470,kept
10,static,15,57,256,reborn
10,static,15,4,585,kept
10,static,15,23,136,reborn
10,static,15,12,85,reborn
10,static,15,2,58,reborn
10,static,15,50,612,reborn
10,static,15,44,325,reborn
10,static,15,9,197,kept
10,static,15,13,288,kept
10,static,15,56,400,kept
10,static,15,26,230,reborn
10,const_vel,15,59,470,reborn
10,const_vel,15,57,256,kept
10,const_vel,15,4,585,reborn
10,const_vel,15,23,136,reborn
10,const_vel,15,12,85,reborn
10,const_vel,15,2,58,reborn
10,const_vel,15,50,612,reborn
10,const_vel,15,44,325,reborn
10,const_vel,15,9,197,reborn
10,const_vel,15,13,288,reborn
10,const_vel,15,56,400,reborn
10,const_vel,15,26,230,reborn
10,rnn,15,59,470,kept
10,rnn,15,57,256,reborn
10,rnn,15,4,585,reborn
10,rnn,15,23,136,reborn
10,rnn,15,12,85,kept
10,rnn,15,2,58,kept
10,rnn,15,50,612,reborn
10,rnn,15,44,325,reborn
10,rnn,15,9,197,kept
10,rnn,15,13,288,reborn
10,rnn,15,56,400,reborn
10,rnn,15,26,230,kept
10,static,15,12,273,reborn
10,static,15,24,183,reborn
10,static,15,2,309,swapped
10,static,15,13,100,kept
10,static,15,9,138,kept
10,static,15,69,611,reborn
10,static,15,49,427,reborn
10,static,15,43,57,reborn
10,static,15,50,525,reborn
10,static,15,44,216,reborn
10,static,15,8,16,reborn
10,static,15,26,378,reborn
10,const_vel,15,12,273,reborn
10,const_vel,15,24,183,reborn
10,const_vel,15,2,309,reborn
10,const_vel,15,13,100,kept
10,const_vel,15,9,138,reborn
10,const_vel,15,69,611,kept
10,const_vel,15,49,427,reborn
10,const_vel,15,43,57,reborn
10,const_vel,15,50,525,reborn
10,const_vel,15,44,216,reborn
10,const_vel,15,8,16,reborn
10,const_vel,15,26,378,reborn
10,rnn,15,12,273,reborn
10,rnn,15,24,183,reborn
10,rnn,15,2,309,reborn
10,rnn,15,13,100,reborn
10,rnn,15,9,138,kept
10,rnn,15,69,611,reborn
10,rnn,15,49,427,reborn
10,rnn,15,43,57,reborn
10,rnn,15,50,525,reborn
10,rnn,15,44,216,reborn
10,rnn,15,8,16,reborn
10,rnn,15,26,378,reborn
10,static,15,2,225,reborn
10,static,15,13,335,reborn
10,static,15,29,150,kept
10,static,15,4,415,kept
10,static,15,50,590,reborn
10,static,15,49,473,reborn
10,static,15,23,528,reborn
10,static,15,32,294,swapped
10,static,15,33,501,reborn
10,static,15,43,72,reborn
10,static,15,17,251,reborn
10,static,15,56,447,reborn
10,const_vel,15,2,225,kept
10,const_vel,15,13,335,reborn
10,const_vel,15,29,150,swapped
10,const_vel,15,4,415,kept
10,const_vel,15,50,590,reborn
10,const_vel,15,49,473,reborn
10,const_vel,15,23,528,kept
10,const_vel,15,32,294,reborn
10,const_vel,15,33,501,reborn
10,const_vel,15,43,72,reborn
10,const_vel,15,17,251,kept
10,const_vel,15,56,447,reborn
10,rnn,15,2,225,kept
10,rnn,15,13,335,reborn
10,rnn,15,29,150,reborn
10,rnn,15,4,415,kept
10,rnn,15,50,590,reborn
10,rnn,15,49,473,reborn
10,rnn,15,23,528,kept
10,rnn,15,32,294,reborn
10,rnn,15,33,501,reborn
10,rnn,15,43,72,reborn
10,rnn,15,17,251,reborn
10,rnn,15,56,447,reborn
10,static,15,11,150,reborn
10,static,15,13,425,kept
10,static,15,29,276,reborn
10,static,15,7,372,swapped
10,static,15,4,501,kept
10,static,15,65,619,reborn
10,static,15,14,336,reborn
10,static,15,2,241,reborn
10,static,15,50,538,kept
10,static,15,9,201,kept
10,static,15,26,113,reborn
10,static,15,40,30,reborn
10,const_vel,15,11,150,reborn
10,const_vel,15,13,425,kept
10,const_vel,15,29,276,reborn
10,const_vel,15,7,372,swapped
10,const_vel,15,4,501,kept
10,const_vel,15,65,619,reborn
10,const_vel,15,14,336,reborn
10,const_vel,15,2,241,kept
10,const_vel,15,50,538,reborn
10,const_vel,15,9,201,kept
10,const_vel,15,26,113,reborn
10,const_vel,15,40,30,reborn
10,rnn,15,11,150,swapped
10,rnn,15,13,425,kept
10,rnn,15,29,276,reborn
10,rnn,15,7,372,swapped
10,rnn,15,4,501,kept
10,rnn,15,65,619,reborn
10,rnn,15,14,336,reborn
10,rnn,15,2,241,kept
10,rnn,15,50,538,reborn
10,rnn,15,9,201,kept
10,rnn,15,26,113,reborn
10,rnn,15,40,30,reborn
10,static,20,9,154,reborn
10,static,20,71,478,reborn
10,static,20,10,266,kept
10,static,20,25,581,reborn
10,static,20,12,417,kept
10,static,20,26,346,kept
10,static,20,7,78,reborn
10,static,20,2,550,reborn
10,static,20,23,199,reborn
10,static,20,4,6,swapped
10,static,20,44,302,reborn
10,static,20,56,230,reborn
10,const_vel,20,9,154,reborn
10,const_vel,20,71,478,reborn
10,const_vel,20,10,266,reborn
10,const_vel,20,25,581,reborn
10,const_vel,20,12,417,kept
10,const_vel,20,26,346,reborn
10,const_vel,20,7,78,reborn
10,const_vel,20,2,550,reborn
10,const_vel,20,23,199,reborn
10,const_vel,20,4,6,reborn
10,const_vel,20,44,302,reborn
10,const_vel,20,56,230,swapped
10,rnn,20,9,154,reborn
10,rnn,20,71,478,reborn
10,rnn,20,10,266,reborn
10,rnn,20,25,581,kept
10,rnn,20,12,417,kept
10,rnn,20,26,346,reborn
10,rnn,20,7,78,reborn
10,rnn,20,2,550,reborn
10,rnn,20,23,199,reborn
10,rnn,20,4,6,reborn
10,rnn,20,44,302,reborn
10,rnn,20,56,230,kept
10,static,20,68,598,reborn
10,static,20,43,79,reborn
10,static,20,13,426,reborn
10,static,20,59,478,reborn
10,static,20,33,545,kept
10,static,20,18,200,reborn
10,static,20,12,350,kept
10,static,20,26,276,reborn
10,static,20,56,387,reborn
10,static,20,2,166,reborn
10,static,20,29,317,swapped
10,const_vel,20,68,598,reborn
10,const_vel,20,43,79,reborn
10,const_vel,20,13,426,reborn
10,const_vel,20,59,478,reborn
10,const_vel,20,33,545,reborn
10,const_vel,20,18,200,reborn
10,const_vel,20,12,350,reborn
10,const_vel,20,26,276,reborn
10,const_vel,20,56,387,reborn
10,const_vel,20,2,166,swapped
10,const_vel,20,29,317,swapped
10,const_vel,20,41,36,reborn
10,rnn,20,68,598,reborn
10,rnn,20,43,79,kept
10,rnn,20,13,426,reborn
10,rnn,20,59,478,reborn
10,rnn,20,33,545,reborn
10,rnn,20,18,200,reborn
10,rnn,20,12,350,kept
10,rnn,20,26,276,reborn
10,rnn,20,56,387,swapped
10,rnn,20,2,166,kept
10,rnn,20,29,317,swapped
10,rnn,20,41,36,reborn
10,static,20,29,180,reborn
10,static,20,4,37,reborn
10,static,20,12,263,reborn
10,static,20,7,82,reborn
10,static,20,49,587,reborn
10,static,20,2,318,reborn
10,static,20,45,216,reborn
10,static,20,30,149,reborn
10,static,20,56,498,reborn
10,static,20,23,437,reborn
10,static,20,14,618,reborn
10,static,20,66,549,reborn
10,const_vel,20,29,180,reborn
10,const_vel,20,4,37,reborn
10,const_vel,20,12,263,reborn
10,const_vel,20,7,82,reborn
10,const_vel,20,49,587,reborn
10,const_vel,20,2,318,reborn
10,const_vel,20,45,216,reborn
10,const_vel,20,30,149,reborn
10,const_vel,20,56,498,reborn
10,const_vel,20,23,437,kept
10,const_vel,20,14,618,reborn
10,const_vel,20,66,549,reborn
10,rnn,20,29,180,kept
10,rnn,20,4,37,swapped
10,rnn,20,12,263,reborn
10,rnn,20,7,82,reborn
10,rnn,20,49,587,reborn
10,rnn,20,2,318,kept
10,rnn,20,45,216,kept
10,rnn,20,30,149,reborn
10,rnn,20,56,498,reborn
10,rnn,20,23,437,reborn
10,rnn,20,14,618,kept
10,rnn,20,66,549,reborn
10,static,20,9,134,kept
10,static,20,23,402,kept
10,static,20,25,552,reborn
10,static,20,50,587,reborn
10,static,20,14,351,kept
10,static,20,10,178,kept
10,static,20,4,467,kept
10,static,20,33,512,reborn
10,static,20,44,243,reborn
10,static,20,13,278,reborn
10,static,20,43,57,reborn
10,const_vel,20,9,134,kept
10,const_vel,20,23,402,reborn
10,const_vel,20,25,552,reborn
10,const_vel,20,50,587,reborn
10,const_vel,20,14,351,kept
10,const_vel,20,10,178,reborn
10,const_vel,20,4,467,reborn
10,const_vel,20,33,512,reborn
10,const_vel,20,44,243,reborn
10,const_vel,20,13,278,reborn
10,const_vel,20,43,57,reborn
10,const_vel,20,22,9,reborn
10,rnn,20,9,134,reborn
10,rnn,20,23,402,reborn
10,rnn,20,25,552,kept
10,rnn,20,50,587,reborn
10,rnn,20,14,351,kept
10,rnn,20,10,178,kept
10,rnn,20,4,467,kept
10,rnn,20,33,512,reborn
10,rnn,20,44,243,kept
10,rnn,20,13,278,reborn
10,rnn,20,43,57,reborn
10,rnn,20,22,9,reborn
10,static,25,18,536,reborn
10,static,25,2,247,reborn
10,static,25,9,330,reborn
10,static,25,24,145,kept
10,static,25,25,578,swapped
10,static,25,14,401,reborn
10,static,25,23,199,reborn
10,static,25,33,475,reborn
10,static,25,13,57,swapped
10,static,25,68,625,reborn
10,static,25,4,98,swapped
10,static,25,7,291,reborn
10,const_vel,25,18,536,reborn
10,const_vel,25,2,247,reborn
10,const_vel,25,9,330,kept
10,const_vel,25,24,145,reborn
10,const_vel,25,25,578,swapped
10,const_vel,25,14,401,reborn
10,const_vel,25,23,199,reborn
10,const_vel,25,33,475,reborn
10,const_vel,25,13,57,reborn
10,const_vel,25,68,625,reborn
10,const_vel,25,4,98,reborn
10,const_vel,25,7,291,reborn
10,rnn,25,18,536,reborn
10,rnn,25,2,247,reborn
10,rnn,25,9,330,reborn
10,rnn,25,24,145,reborn
10,rnn,25,25,578,kept
10,rnn,25,14,401,reborn
10,rnn,25,23,199,reborn
10,rnn,25,33,475,reborn
10,rnn,25,13,57,swapped
10,rnn,25,68,625,reborn
10,rnn,25,4,98,reborn
10,rnn,25,7,291,reborn
10,static,25,2,42,reborn
10,static,25,7,169,reborn
10,static,25,33,602,reborn
10,static,25,49,548,reborn
10,static,25,26,264,reborn
10,static,25,12,448,kept
10,static,25,14,405,reborn
10,static,25,29,220,reborn
10,static,25,34,335,reborn
10,static,25,23,509,kept
10,static,25,9,114,kept
10,static,25,3,6,reborn
10,const_vel,25,2,42,reborn
10,const_vel,25,7,169,reborn
10,const_vel,25,33,602,reborn
10,const_vel,25,49,548,reborn
10,const_vel,25,26,264,reborn
10,const_vel,25,12,448,reborn
10,const_vel,25,14,405,reborn
10,const_vel,25,29,220,reborn
10,const_vel,25,34,335,swapped
10,const_vel,25,23,509,reborn
10,const_vel,25,9,114,reborn
10,const_vel,25,3,6,kept
10,rnn,25,2,42,reborn
10,rnn,25,7,169,reborn
10,rnn,25,33,602,reborn
10,rnn,25,49,548,reborn
10,rnn,25,26,264,reborn
10,rnn,25,12,448,kept
10,rnn,25,14,405,reborn
10,rnn,25,29,220,reborn
10,rnn,25,34,335,reborn
10,rnn,25,23,509,reborn
10,rnn,25,9,114,reborn
10,rnn,25,3,6,reborn
10,static,25,13,465,kept
10,static,25,50,512,reborn
10,static,25,10,235,kept
10,static,25,12,414,kept
10,static,25,45,171,reborn
10,static,25,40,15,reborn
10,static,25,14,584,reborn
10,static,25,2,55,reborn
10,static,25,26,290,kept
10,static,25,9,109,kept
10,static,25,32,338,reborn
10,static,25,66,626,reborn
10,const_vel,25,13,465,reborn
10,const_vel,25,50,512,reborn
10,const_vel,25,10,235,kept
10,const_vel,25,12,414,reborn
10,const_vel,25,45,171,reborn
10,const_vel,25,40,15,reborn
10,const_vel,25,14,584,reborn
10,const_vel,25,2,55,reborn
10,const_vel,25,26,290,reborn
10,const_vel,25,9,109,reborn
10,const_vel,25,32,338,reborn
10,const_vel,25,66,626,reborn
10,rnn,25,13,465,kept
10,rnn,25,50,512,reborn
10,rnn,25,10,235,kept
10,rnn,25,12,414,kept
10,rnn,25,45,171,reborn
10,rnn,25,40,15,reborn
10,rnn,25,14,584,reborn
10,rnn,25,2,55,reborn
10,rnn,25,26,290,reborn
10,rnn,25,9,109,reborn
10,rnn,25,32,338,reborn
10,rnn,25,66,626,reborn
10,static,25,69,592,reborn
10,static,25,56,401,reborn
10,static,25,1,34,kept
10,static,25,50,484,reborn
10,static,25,30,186,reborn
10,static,25,29,227,reborn
10,static,25,13,528,reborn
10,static,25,4,273,swapped
10,static,25,26,324,reborn
10,static,25,12,437,kept
10,static,25,2,73,reborn
10,static,25,24,147,kept
10,const_vel,25,69,592,reborn
10,const_vel,25,56,401,swapped
10,const_vel,25,1,34,reborn
10,const_vel,25,50,484,kept
10,const_vel,25,30,186,reborn
10,const_vel,25,29,227,swapped
10,const_vel,25,13,528,reborn
10,const_vel,25,4,273,reborn
10,const_vel,25,26,324,reborn
10,const_vel,25,12,437,kept
10,const_vel,25,2,73,reborn
10,const_vel,25,24,147,reborn
10,rnn,25,69,592,reborn
10,rnn,25,56,401,swapped
10,rnn,25,1,34,reborn
10,rnn,25,50,484,reborn
10,rnn,25,30,186,swapped
10,rnn,25,29,227,reborn
10,rnn,25,13,528,reborn
10,rnn,25,4,273,reborn
10,rnn,25,26,324,reborn
10,rnn,25,12,437,kept
10,rnn,25,2,73,kept
10,rnn,25,24,147,reborn
10,static,30,29,108,reborn
10,static,30,44,222,swapped
10,static,30,14,434,kept
10,static,30,12,288,reborn
10,static,30,13,513,swapped
10,static,30,4,366,reborn
10,static,30,7,177,swapped
10,static,30,2,585,reborn
10,static,30,40,35,reborn
10,const_vel,30,29,108,reborn
10,const_vel,30,44,222,reborn
10,const_vel,30,14,434,reborn
10,const_vel,30,12,288,reborn
10,const_vel,30,13,513,reborn
10,const_vel,30,4,366,reborn
10,const_vel,30,7,177,swapped
10,const_vel,30,2,585,reborn
10,const_vel,30,40,35,reborn
10,rnn,30,29,108,reborn
10,rnn,30,44,222,reborn
10,rnn,30,14,434,reborn
10,rnn,30,12,288,reborn
10,rnn,30,13,513,reborn
10,rnn,30,4,366,reborn
10,rnn,30,7,177,reborn
10,rnn,30,2,585,reborn
10,rnn,30,40,35,reborn
10,static,30,29,219,reborn
10,static,30,18,554,reborn
10,static,30,30,169,reborn
10,static,30,45,128,reborn
10,static,30,23,512,reborn
10,static,30,2,351,reborn
10,static,30,7,79,reborn
10,static,30,9,304,swapped
10,static,30,13,14,reborn
10,static,30,65,598,reborn
10,static,30,12,464,reborn
10,static,30,56,417,reborn
10,const_vel,30,29,219,reborn
10,const_vel,30,18,554,reborn
10,const_vel,30,30,169,reborn
10,const_vel,30,45,128,reborn
10,const_vel,30,23,512,reborn
10,const_vel,30,2,351,reborn
10,const_vel,30,7,79,reborn
10,const_vel,30,9,304,kept
10,const_vel,30,13,14,reborn
10,const_vel,30,65,598,reborn
10,const_vel,30,12,464,reborn
10,const_vel,30,56,417,reborn
10,rnn,30,29,219,reborn
10,rnn,30,18,554,kept
10,rnn,30,30,169,reborn
10,rnn,30,45,128,reborn
10,rnn,30,23,512,reborn
10,rnn,30,2,351,reborn
10,rnn,30,7,79,reborn
10,rnn,30,9,304,swapped
10,rnn,30,13,14,reborn
10,rnn,30,65,598,reborn
10,rnn,30,12,464,reborn
10,rnn,30,56,417,reborn
10,static,30,33,608,reborn
10,static,30,2,128,reborn
10,static,30,57,302,reborn
10,static,30,12,78,reborn
10,static,30,9,197,kept
10,static,30,23,476,swapped
10,static,30,18,546,reborn
10,static,30,44,238,reborn
10,static,30,49,422,reborn
10,static,30,14,353,reborn
10,static,30,1,9,reborn
10,const_vel,30,33,608,reborn
10,const_vel,30,2,128,reborn
10,const_vel,30,57,302,reborn
10,const_vel,30,12,78,reborn
10,const_vel,30,9,197,reborn
10,const_vel,30,23,476,reborn
10,const_vel,30,18,546,reborn
10,const_vel,30,44,238,reborn
10,const_vel,30,49,422,reborn
10,const_vel,30,14,353,reborn
10,const_vel,30,1,9,reborn
10,rnn,30,33,608,reborn
10,rnn,30,2,128,reborn
10,rnn,30,57,302,reborn
10,rnn,30,12,78,reborn
10,rnn,30,9,197,kept
10,rnn,30,23,476,swapped
10,rnn,30,18,546,reborn
10,rnn,30,44,238,reborn
10,rnn,30,49,422,reborn
10,rnn,30,14,353,reborn
10,rnn,30,1,9,reborn
10,static,30,2,199,reborn
10,static,30,47,590,reborn
10,static,30,7,327,reborn
10,static,30,13,471,kept
10,static,30,4,520,reborn
10,static,30,44,255,reborn
10,static,30,12,96,kept
10,static,30,14,392,reborn
10,static,30,9,155,reborn
10,const_vel,30,2,199,reborn
10,const_vel,30,47,590,reborn
10,const_vel,30,7,327,reborn
10,const_vel,30,13,471,reborn
10,const_vel,30,4,520,reborn
10,const_vel,30,44,255,reborn
10,const_vel,30,12,96,reborn
10,const_vel,30,14,392,reborn
10,const_vel,30,28,32,swapped
10,const_vel,30,9,155,reborn
10,rnn,30,2,199,reborn
10,rnn,30,47,590,reborn
10,rnn,30,7,327,reborn
10,rnn,30,13,471,kept
10,rnn,30,4,520,reborn
10,rnn,30,44,255,reborn
10,rnn,30,12,96,reborn
10,rnn,30,14,392,reborn
10,rnn,30,9,155,reborn
10,static,40,50,486,reborn
10,static,40,10,236,kept
10,static,40,49,411,kept
10,static,40,13,56,reborn
10,static,40,23,148,swapped
10,static,40,14,598,reborn
10,static,40,26,292,reborn
10,static,40,12,356,kept
10,static,40,18,537,reborn
10,const_vel,40,50,486,reborn
10,const_vel,40,10,236,kept
10,const_vel,40,49,411,reborn
10,const_vel,40,13,56,reborn
10,const_vel,40,23,148,reborn
10,const_vel,40,14,598,reborn
10,const_vel,40,26,292,reborn
10,const_vel,40,12,356,reborn
10,const_vel,40,18,537,reborn
10,rnn,40,50,486,reborn
10,rnn,40,10,236,kept
10,rnn,40,49,411,swapped
10,rnn,40,13,56,swapped
10,rnn,40,23,148,reborn
10,rnn,40,14,598,reborn
10,rnn,40,26,292,reborn
10,rnn,40,12,356,kept
10,rnn,40,18,537,reborn
10,static,40,10,238,kept
10,static,40,12,149,reborn
10,static,40,24,50,reborn
10,static,40,50,533,swapped
10,static,40,33,475,reborn
10,static,40,66,600,reborn
10,static,40,49,415,reborn
10,static,40,2,353,kept
10,static,40,9,302,swapped
10,const_vel,40,10,238,reborn
10,const_vel,40,12,149,reborn
10,const_vel,40,24,50,reborn
10,const_vel,40,50,533,reborn
10,const_vel,40,33,475,reborn
10,const_vel,40,66,600,reborn
10,const_vel,40,49,415,reborn
10,const_vel,40,2,353,reborn
10,const_vel,40,9,302,reborn
10,rnn,40,10,238,kept
10,rnn,40,12,149,reborn
10,rnn,40,24,50,reborn
10,rnn,40,50,533,reborn
10,rnn,40,33,475,reborn
10,rnn,40,66,600,kept
10,rnn,40,49,415,reborn
10,rnn,40,2,353,reborn
10,rnn,40,9,302,swapped
10,static,40,38,12,reborn
10,static,40,49,396,reborn
10,static,40,4,154,reborn
10,static,40,56,467,reborn
10,static,40,26,319,reborn
10,static,40,7,80,reborn
10,static,40,23,518,reborn
10,static,40,30,240,reborn
10,static,40,48,583,reborn
10,const_vel,40,49,396,reborn
10,const_vel,40,4,154,reborn
10,const_vel,40,56,467,reborn
10,const_vel,40,26,319,reborn
10,const_vel,40,7,80,reborn
10,const_vel,40,23,518,reborn
10,const_vel,40,30,240,reborn
10,const_vel,40,48,583,reborn
10,rnn,40,38,12,reborn
10,rnn,40,49,396,reborn
10,rnn,40,4,154,reborn
10,rnn,40,56,467,reborn
10,rnn,40,26,319,reborn
10,rnn,40,7,80,reborn
10,rnn,40,23,518,swapped
10,rnn,40,30,240,reborn
10,rnn,40,48,583,reborn
10,static,40,2,40,reborn
10,static,40,10,219,kept
10,static,40,34,532,reborn
10,static,40,24,143,kept
10,static,40,23,440,reborn
10,static,40,13,599,reborn
10,static,40,14,317,reborn
10,static,40,7,368,reborn
10,static,40,12,91,reborn
10,const_vel,40,2,40,reborn
10,const_vel,40,10,219,reborn
10,const_vel,40,34,532,reborn
10,const_vel,40,24,143,reborn
10,const_vel,40,23,440,swapped
10,const_vel,40,13,599,reborn
10,const_vel,40,14,317,reborn
10,const_vel,40,7,368,reborn
10,const_vel,40,12,91,reborn
10,rnn,40,2,40,reborn
10,rnn,40,10,219,kept
10,rnn,40,34,532,kept
10,rnn,40,24,143,reborn
10,rnn,40,23,440,reborn
10,rnn,40,13,599,reborn
10,rnn,40,14,317,reborn
10,rnn,40,7,368,reborn
10,rnn,40,12,91,reborn
10,static,50,23,152,reborn
10,static,50,18,534,reborn
10,static,50,4,458,kept
10,static,50,13,22,reborn
10,static,50,14,390,reborn
10,static,50,12,214,reborn
10,static,50,33,600,reborn
10,static,50,24,83,reborn
10,const_vel,50,23,152,reborn
10,const_vel,50,44,278,reborn
10,const_vel,50,18,534,reborn
10,const_vel,50,4,458,reborn
10,const_vel,50,13,22,reborn
10,const_vel,50,14,390,reborn
10,const_vel,50,12,214,reborn
10,const_vel,50,33,600,reborn
10,const_vel,50,24,83,reborn
10,rnn,50,23,152,reborn
10,rnn,50,44,278,reborn
10,rnn,50,18,534,reborn
10,rnn,50,4,458,reborn
10,rnn,50,13,22,reborn
10,rnn,50,14,390,reborn
10,rnn,50,12,214,reborn
10,rnn,50,33,600,reborn
10,rnn,50,24,83,reborn
10,static,50,26,217,reborn
10,static,50,14,315,reborn
10,static,50,33,566,reborn
10,static,50,3,7,reborn
10,static,50,23,424,reborn
10,static,50,29,117,reborn
10,static,50,50,489,reborn
10,const_vel,50,26,217,reborn
10,const_vel,50,14,315,reborn
10,const_vel,50,33,566,reborn
10,const_vel,50,3,7,swapped
10,const_vel,50,23,424,reborn
10,const_vel,50,29,117,reborn
10,const_vel,50,50,489,reborn
10,rnn,50,26,217,reborn
10,rnn,50,14,315,reborn
10,rnn,50,33,566,reborn
10,rnn,50,3,7,swapped
10,rnn,50,23,424,reborn
10,rnn,50,29,117,reborn
10,rnn,50,50,489,reborn
10,static,50,44,288,reborn
10,static,50,2,80,kept
10,static,50,29,191,reborn
10,static,50,50,487,reborn
10,static,50,14,552,reborn
10,static,50,4,17,reborn
10,static,50,13,352,reborn
10,static,50,18,423,reborn
10,const_vel,50,44,288,reborn
10,const_vel,50,2,80,reborn
10,const_vel,50,29,191,reborn
10,const_vel,50,50,487,reborn
10,const_vel,50,14,552,reborn
10,const_vel,50,4,17,reborn
10,const_vel,50,13,352,reborn
10,const_vel,50,18,423,reborn
10,rnn,50,44,288,reborn
10,rnn,50,2,80,reborn
10,rnn,50,29,191,reborn
10,rnn,50,50,487,reborn
10,rnn,50,14,552,reborn
10,rnn,50,4,17,reborn
10,rnn,50,13,352,reborn
10,rnn,50,18,423,reborn
10,static,50,44,286,reborn
10,static,50,4,526,reborn
10,static,50,69,593,reborn
10,static,50,9,172,reborn
10,static,50,23,427,reborn
10,static,50,11,76,swapped
10,static,50,2,348,reborn
10,static,50,13,10,swapped
10,const_vel,50,44,286,reborn
10,const_vel,50,4,526,reborn
10,const_vel,50,69,593,reborn
10,const_vel,50,9,172,reborn
10,const_vel,50,23,427,reborn
10,const_vel,50,11,76,reborn
10,const_vel,50,2,348,reborn
10,const_vel,50,13,10,reborn
10,rnn,50,44,286,reborn
10,rnn,50,4,526,reborn
10,rnn,50,69,593,reborn
10,rnn,50,9,172,reborn
10,rnn,50,23,427,reborn
10,rnn,50,11,76,kept
10,rnn,50,2,348,reborn
10,rnn,50,13,10,reborn
10,static,60,65,567,reborn
10,static,60,45,147,reborn
10,static,60,26,236,reborn
10,static,60,23,336,reborn
10,static,60,13,23,swapped
10,static,60,49,478,reborn
10,static,60,14,407,reborn
10,const_vel,60,65,567,reborn
10,const_vel,60,45,147,reborn
10,const_vel,60,26,236,reborn
10,const_vel,60,23,336,reborn
10,const_vel,60,13,23,reborn
10,const_vel,60,49,478,reborn
10,const_vel,60,14,407,reborn
10,rnn,60,65,567,reborn
10,rnn,60,45,147,reborn
10,rnn,60,26,236,reborn
10,rnn,60,23,336,reborn
10,rnn,60,13,23,swapped
10,rnn,60,49,478,reborn
10,rnn,60,14,407,reborn
10,static,60,2,247,reborn
10,static,60,4,522,reborn
10,static,60,29,118,reborn
10,static,60,13,323,reborn
10,static,60,1,7,reborn
10,static,60,23,441,reborn
10,const_vel,60,2,247,reborn
10,const_vel,60,4,522,reborn
10,const_vel,60,29,118,reborn
10,const_vel,60,13,323,reborn
10,const_vel,60,1,7,kept
10,const_vel,60,23,441,reborn
10,rnn,60,2,247,reborn
10,rnn,60,4,522,reborn
10,rnn,60,29,118,reborn
10,rnn,60,13,323,reborn
10,rnn,60,1,7,reborn
10,rnn,60,23,441,kept
10,static,60,10,207,kept
10,static,60,23,503,reborn
10,static,60,14,583,reborn
10,static,60,2,119,reborn
10,static,60,4,361,reborn
10,static,60,12,285,reborn
10,static,60,18,45,swapped
10,static,60,13,432,reborn
10,const_vel,60,10,207,reborn
10,const_vel,60,23,503,reborn
10,const_vel,60,14,583,reborn
10,const_vel,60,2,119,swapped
10,const_vel,60,4,361,reborn
10,const_vel,60,12,285,reborn
10,const_vel,60,18,45,swapped
10,const_vel,60,13,432,reborn
10,rnn,60,10,207,reborn
10,rnn,60,23,503,reborn
10,rnn,60,14,583,reborn
10,rnn,60,2,119,reborn
10,rnn,60,4,361,reborn
10,rnn,60,12,285,reborn
10,rnn,60,18,45,reborn
10,rnn,60,13,432,reborn
10,static,60,34,332,reborn
10,static,60,44,151,reborn
10,static,60,56,461,reborn
10,static,60,14,568,reborn
10,static,60,2,73,kept
10,static,60,45,237,reborn
10,const_vel,60,34,332,reborn
10,const_vel,60,44,151,reborn
10,const_vel,60,56,461,reborn
10,const_vel,60,14,568,reborn
10,const_vel,60,2,73,reborn
10,const_vel,60,45,237,reborn
10,rnn,60,34,332,reborn
10,rnn,60,44,151,swapped
10,rnn,60,56,461,reborn
10,rnn,60,14,568,reborn
10,rnn,60,2,73,reborn
10,rnn,60,45,237,reborn
11,static,0,6,25,kept
11,static,0,26,228,kept
11,static,0,7,301,kept
11,static,0,18,38,kept
11,static,0,1,630,kept
11,static,0,34,821,kept
11,static,0,14,431,kept
11,static,0,5,167,kept
11,static,0,36,874,kept
11,static,0,17,88,kept
11,static,0,20,266,kept
11,static,0,39,756,kept
11,const_vel,0,6,25,kept
11,const_vel,0,26,228,kept
11,const_vel,0,7,301,kept
11,const_vel,0,18,38,kept
11,const_vel,0,1,630,kept
11,const_vel,0,34,821,kept
11,const_vel,0,14,431,kept
11,const_vel,0,5,167,kept
11,const_vel,0,36,874,kept
11,const_vel,0,17,88,kept
11,const_vel,0,20,266,kept
11,const_vel,0,39,756,kept
11,rnn,0,6,25,kept
11,rnn,0,26,228,kept
11,rnn,0,7,301,kept
11,rnn,0,18,38,kept
11,rnn,0,1,630,kept
11,rnn,0,34,821,kept
11,rnn,0,14,431,kept
11,rnn,0,5,167,kept
11,rnn,0,36,874,kept
11,rnn,0,17,88,kept
11,rnn,0,20,266,kept
11,rnn,0,39,756,kept
11,static,0,25,497,kept
11,static,0,13,35,kept
11,static,0,3,13,kept
11,static,0,14,200,kept
11,static,0,7,382,kept
11,static,0,1,136,kept
11,static,0,20,263,kept
11,static,0,48,710,kept
11,static,0,89,321,kept
11,static,0,45,405,kept
11,static,0,18,46,kept
11,static,0,63,860,kept
11,const_vel,0,25,497,kept
11,const_vel,0,13,35,kept
11,const_vel,0,3,13,kept
11,const_vel,0,14,200,kept
11,const_vel,0,7,382,kept
11,const_vel,0,1,136,kept
11,const_vel,0,20,263,kept
11,const_vel,0,48,710,kept
11,const_vel,0,89,321,kept
11,const_vel,0,45,405,kept
11,const_vel,0,18,46,kept
11,const_vel,0,63,860,kept
11,rnn,0,25,497,kept
11,rnn,0,13,35,kept
11,rnn,0,3,13,kept
11,rnn,0,14,200,kept
11,rnn,0,7,382,kept
11,rnn,0,1,136,kept
11,rnn,0,20,263,kept
11,rnn,0,48,710,kept
11,rnn,0,89,321,kept
11,rnn,0,45,405,kept
11,rnn,0,18,46,kept
11,rnn,0,63,860,kept
11,static,0,32,563,kept
11,static,0,26,192,kept
11,static,0,6,222,kept
11,static,0,18,58,kept
11,static,0,62,858,kept
11,static,0,14,304,kept
11,static,0,39,498,kept
11,static,0,68,869,kept
11,static,0,89,238,kept
11,static,0,25,437,kept
11,static,0,37,821,kept
11,static,0,33,695,kept
11,const_vel,0,32,563,kept
11,const_vel,0,26,192,kept
11,const_vel,0,6,222,kept
11,const_vel,0,18,58,kept
11,const_vel,0,62,858,kept
11,const_vel,0,14,304,kept
11,const_vel,0,39,498,kept
11,const_vel,0,68,869,kept
11,const_vel,0,89,238,kept
11,const_vel,0,25,437,kept
11,const_vel,0,37,821,kept
11,const_vel,0,33,695,kept
11,rnn,0,32,563,kept
11,rnn,0,26,192,kept
11,rnn,0,6,222,kept
11,rnn,0,18,58,kept
11,rnn,0,62,858,kept
11,rnn,0,14,304,kept
11,rnn,0,39,498,kept
11,rnn,0,68,869,kept
11,rnn,0,89,238,kept
11,rnn,0,25,437,kept
11,rnn,0,37,821,kept
11,rnn,0,33,695,kept
11,static,0,13,279,kept
11,static,0,25,617,kept
11,static,0,1,426,kept
11,static,0,10,512,kept
11,static,0,27,312,kept
11,static,0,31,369,kept
11,static,0,30,111,kept
11,static,0,14,632,kept
11,static,0,26,193,kept
11,static,0,29,16,kept
11,static,0,6,255,kept
11,static,0,38,829,kept
11,const_vel,0,13,279,kept
11,const_vel,0,25,617,kept
11,const_vel,0,1,426,kept
11,const_vel,0,10,512,kept
11,const_vel,0,27,312,kept
11,const_vel,0,31,369,kept
11,const_vel,0,14,632,kept
11,const_vel,0,26,193,kept
11,const_vel,0,29,16,kept
11,const_vel,0,6,255,kept
11,const_vel,0,38,829,kept
11,rnn,0,13,279,kept
11,rnn,0,25,617,kept
11,rnn,0,1,426,kept
11,rnn,0,10,512,kept
11,rnn,0,27,312,kept
11,rnn,0,31,369,kept
11,rnn,0,30,111,kept
11,rnn,0,14,632,kept
11,rnn,0,26,193,kept
11,rnn,0,29,16,kept
11,rnn,0,6,255,kept
11,rnn,0,38,829,kept
11,static,1,37,794,kept
11,static,1,44,685,kept
11,static,1,1,12,kept
11,static,1,31,337,kept
11,static,1,14,457,kept
11,static,1,25,163,kept
11,static,1,4,30,kept
11,static,1,13,222,kept
11,static,1,10,534,kept
11,static,1,20,249,kept
11,static,1,32,656,kept
11,static,1,51,890,kept
11,const_vel,1,37,794,kept
11,const_vel,1,44,685,kept
11,const_vel,1,1,12,kept
11,const_vel,1,31,337,kept
11,const_vel,1,14,457,kept
11,const_vel,1,25,163,kept
11,const_vel,1,4,30,kept
11,const_vel,1,13,222,kept
11,const_vel,1,10,534,kept
11,const_vel,1,20,249,kept
11,const_vel,1,32,656,kept
11,const_vel,1,51,890,kept
11,rnn,1,37,794,kept
11,rnn,1,44,685,kept
11,rnn,1,1,12,kept
11,rnn,1,31,337,kept
11,rnn,1,14,457,kept
11,rnn,1,25,163,kept
11,rnn,1,4,30,kept
11,rnn,1,13,222,kept
11,rnn,1,10,534,kept
11,rnn,1,20,249,kept
11,rnn,1,32,656,kept
11,rnn,1,51,890,kept
11,static,1,1,687,kept
11,static,1,31,574,kept
11,static,1,5,30,kept
11,static,1,13,99,kept
11,static,1,18,59,kept
11,static,1,28,10,kept
11,static,1,39,610,kept
11,static,1,49,896,kept
11,static,1,14,502,kept
11,static,1,35,815,kept
11,static,1,89,260,kept
11,static,1,25,363,kept
11,const_vel,1,1,687,kept
11,const_vel,1,31,574,kept
11,const_vel,1,5,30,kept
11,const_vel,1,13,99,kept
11,const_vel,1,18,59,kept
11,const_vel,1,28,10,kept
11,const_vel,1,39,610,reborn
11,const_vel,1,49,896,kept
11,const_vel,1,14,502,kept
11,const_vel,1,35,815,kept
11,const_vel,1,89,260,kept
11,const_vel,1,25,363,kept
11,rnn,1,1,687,kept
11,rnn,1,31,574,kept
11,rnn,1,5,30,kept
11,rnn,1,13,99,kept
11,rnn,1,18,59,kept
11,rnn,1,28,10,kept
11,rnn,1,39,610,reborn
11,rnn,1,49,896,kept
11,rnn,1,14,502,kept
11,rnn,1,35,815,kept
11,rnn,1,89,260,kept
11,rnn,1,25,363,kept
11,static,1,71,893,reborn
11,static,1,4,27,kept
11,static,1,7,289,kept
11,static,1,27,266,kept
11,static,1,37,808,kept
11,static,1,32,558,kept
11,static,1,1,855,kept
11,static,1,14,473,kept
11,static,1,13,162,kept
11,static,1,25,308,kept
11,static,1,10,523,kept
11,static,1,42,708,kept
11,const_vel,1,71,893,kept
11,const_vel,1,4,27,kept
11,const_vel,1,7,289,kept
11,const_vel,1,27,266,kept
11,const_vel,1,37,808,kept
11,const_vel,1,32,558,kept
11,const_vel,1,1,855,kept
11,const_vel,1,14,473,kept
11,const_vel,1,13,162,kept
11,const_vel,1,25,308,kept
11,const_vel,1,10,523,kept
11,const_vel,1,42,708,kept
11,rnn,1,71,893,kept
11,rnn,1,4,27,kept
11,rnn,1,7,289,kept
11,rnn,1,27,266,kept
11,rnn,1,37,808,kept
11,rnn,1,32,558,kept
11,rnn,1,1,855,kept
11,rnn,1,14,473,kept
11,rnn,1,13,162,kept
11,rnn,1,25,308,kept
11,rnn,1,10,523,kept
11,rnn,1,42,708,kept
11,static,1,38,775,kept
11,static,1,14,571,kept
11,static,1,33,663,kept
11,static,1,20,248,kept
11,static,1,1,402,kept
11,static,1,36,795,kept
11,static,1,29,105,kept
11,static,1,13,219,kept
11,static,1,59,283,kept
11,static,1,71,887,reborn
11,static,1,5,176,kept
11,static,1,40,470,kept
11,const_vel,1,38,775,kept
11,const_vel,1,14,571,kept
11,const_vel,1,33,663,kept
11,const_vel,1,20,248,kept
11,const_vel,1,1,402,kept
11,const_vel,1,36,795,kept
11,const_vel,1,29,105,kept
11,const_vel,1,13,219,kept
11,const_vel,1,59,283,kept
11,const_vel,1,71,887,kept
11,const_vel,1,5,176,kept
11,const_vel,1,40,470,kept
11,rnn,1,38,775,kept
11,rnn,1,14,571,kept
11,rnn,1,33,663,kept
11,rnn,1,20,248,kept
11,rnn,1,1,402,kept
11,rnn,1,36,795,kept
11,rnn,1,29,105,kept
11,rnn,1,13,219,kept
11,rnn,1,59,283,kept
11,rnn,1,71,887,kept
11,rnn,1,5,176,kept
11,rnn,1,40,470,kept
11,static,2,32,314,kept
11,static,2,40,457,kept
11,static,2,4,42,kept
11,static,2,41,575,kept
11,static,2,13,219,kept
11,static,2,14,389,kept
11,static,2,89,290,kept
11,static,2,26,166,kept
11,static,2,1,521,kept
11,static,2,18,74,kept
11,static,2,29,14,kept
11,static,2,38,790,kept
11,const_vel,2,32,314,kept
11,const_vel,2,40,457,kept
11,const_vel,2,4,42,kept
11,const_vel,2,41,575,kept
11,const_vel,2,13,219,kept
11,const_vel,2,14,389,kept
11,const_vel,2,89,290,kept
11,const_vel,2,26,166,kept
11,const_vel,2,1,521,kept
11,const_vel,2,18,74,kept
11,const_vel,2,29,14,kept
11,const_vel,2,38,790,kept
11,rnn,2,32,314,kept
11,rnn,2,40,457,kept
11,rnn,2,4,42,kept
11,rnn,2,41,575,kept
11,rnn,2,13,219,kept
11,rnn,2,14,389,kept
11,rnn,2,89,290,kept
11,rnn,2,26,166,kept
11,rnn,2,1,521,kept
11,rnn,2,18,74,kept
11,rnn,2,29,14,kept
11,rnn,2,38,790,kept
11,static,2,26,192,kept
11,static,2,1,462,kept
11,static,2,70,894,reborn
11,static,2,34,706,kept
11,static,2,7,345,kept
11,static,2,14,71,kept
11,static,2,17,35,reborn
11,static,2,37,782,kept
11,static,2,3,56,kept
11,static,2,25,632,kept
11,static,2,13,15,kept
11,static,2,36,809,kept
11,const_vel,2,26,192,kept
11,const_vel,2,1,462,kept
11,const_vel,2,70,894,kept
11,const_vel,2,34,706,kept
11,const_vel,2,7,345,kept
11,const_vel,2,14,71,kept
11,const_vel,2,17,35,kept
11,const_vel,2,37,782,kept
11,const_vel,2,3,56,kept
11,const_vel,2,25,632,kept
11,const_vel,2,13,15,kept
11,const_vel,2,36,809,kept
11,rnn,2,26,192,kept
11,rnn,2,1,462,kept
11,rnn,2,70,894,kept
11,rnn,2,34,706,kept
11,rnn,2,7,345,kept
11,rnn,2,14,71,kept
11,rnn,2,17,35,kept
11,rnn,2,37,782,kept
11,rnn,2,3,56,kept
11,rnn,2,25,632,kept
11,rnn,2,13,15,kept
11,rnn,2,36,809,kept
11,static,2,25,324,kept
11,static,2,1,403,kept
11,static,2,37,799,kept
11,static,2,5,37,kept
11,static,2,20,231,kept
11,static,2,35,777,kept
11,static,2,7,291,kept
11,static,2,44,658,kept
11,static,2,28,12,kept
11,static,2,32,578,kept
11,static,2,13,110,kept
11,static,2,40,483,kept
11,const_vel,2,25,324,kept
11,const_vel,2,1,403,kept
11,const_vel,2,37,799,kept
11,const_vel,2,5,37,kept
11,const_vel,2,20,231,kept
11,const_vel,2,35,777,kept
11,const_vel,2,7,291,kept
11,const_vel,2,44,658,kept
11,const_vel,2,28,12,kept
11,const_vel,2,32,578,kept
11,const_vel,2,13,110,kept
11,const_vel,2,40,483,kept
11,rnn,2,25,324,kept
11,rnn,2,1,403,kept
11,rnn,2,37,799,kept
11,rnn,2,5,37,kept
11,rnn,2,20,231,kept
11,rnn,2,35,777,kept
11,rnn,2,7,291,kept
11,rnn,2,44,658,kept
11,rnn,2,28,12,kept
11,rnn,2,32,578,kept
11,rnn,2,13,110,kept
11,rnn,2,40,483,kept
11,static,2,14,88,kept
11,static,2,31,352,kept
11,static,2,6,192,kept
11,static,2,34,831,kept
11,static,2,1,778,kept
11,static,2,32,438,kept
11,static,2,44,700,kept
11,static,2,12,458,kept
11,static,2,24,124,kept
11,static,2,66,884,kept
11,static,2,25,476,kept
11,static,2,10,519,kept
11,const_vel,2,14,88,kept
11,const_vel,2,31,352,kept
11,const_vel,2,6,192,kept
11,const_vel,2,34,831,kept
11,const_vel,2,1,778,kept
11,const_vel,2,32,438,kept
11,const_vel,2,44,700,kept
11,const_vel,2,12,458,kept
11,const_vel,2,24,124,kept
11,const_vel,2,66,884,kept
11,const_vel,2,25,476,kept
11,const_vel,2,10,519,kept
11,rnn,2,14,88,kept
11,rnn,2,31,352,kept
11,rnn,2,6,192,kept
11,rnn,2,34,831,kept
11,rnn,2,1,778,kept
11,rnn,2,32,438,kept
11,rnn,2,44,700,kept
11,rnn,2,12,458,kept
11,rnn,2,24,124,kept
11,rnn,2,66,884,kept
11,rnn,2,25,476,kept
11,rnn,2,10,519,kept
11,static,3,30,106,swapped
11,static,3,29,120,reborn
11,static,3,7,331,kept
11,static,3,14,272,kept
11,static,3,32,310,kept
11,static,3,25,477,kept
11,static,3,1,137,kept
11,static,3,13,254,kept
11,static,3,35,844,kept
11,static,3,48,730,kept
11,static,3,66,882,kept
11,static,3,6,192,kept
11,const_vel,3,30,106,reborn
11,const_vel,3,29,120,reborn
11,const_vel,3,7,331,kept
11,const_vel,3,14,272,kept
11,const_vel,3,32,310,kept
11,const_vel,3,25,477,kept
11,const_vel,3,1,137,kept
11,const_vel,3,13,254,kept
11,const_vel,3,35,844,kept
11,const_vel,3,48,730,kept
11,const_vel,3,66,882,kept
11,const_vel,3,6,192,kept
11,rnn,3,30,106,reborn
11,rnn,3,29,120,reborn
11,rnn,3,7,331,kept
11,rnn,3,14,272,kept
11,rnn,3,32,310,kept
11,rnn,3,25,477,kept
11,rnn,3,1,137,kept
11,rnn,3,13,254,kept
11,rnn,3,35,844,kept
11,rnn,3,48,730,kept
11,rnn,3,66,882,kept
11,rnn,3,6,192,kept
11,static,3,26,160,kept
11,static,3,14,112,kept
11,static,3,1,523,kept
11,static,3,37,783,kept
11,static,3,44,631,kept
11,static,3,25,466,kept
11,static,3,17,35,reborn
11,static,3,15,15,kept
11,static,3,20,262,kept
11,static,3,7,278,kept
11,static,3,48,647,kept
11,static,3,89,303,kept
11,const_vel,3,26,160,kept
11,const_vel,3,14,112,kept
11,const_vel,3,1,523,kept
11,const_vel,3,37,783,kept
11,const_vel,3,44,631,kept
11,const_vel,3,25,466,kept
11,const_vel,3,17,35,kept
11,const_vel,3,15,15,kept
11,const_vel,3,20,262,kept
11,const_vel,3,7,278,kept
11,const_vel,3,48,647,kept
11,const_vel,3,89,303,kept
11,rnn,3,26,160,kept
11,rnn,3,14,112,kept
11,rnn,3,1,523,kept
11,rnn,3,37,783,kept
11,rnn,3,44,631,kept
11,rnn,3,25,466,kept
11,rnn,3,17,35,kept
11,rnn,3,15,15,kept
11,rnn,3,20,262,kept
11,rnn,3,7,278,kept
11,rnn,3,48,647,kept
11,rnn,3,89,303,kept
11,static,3,33,702,kept
11,static,3,39,532,kept
11,static,3,1,414,kept
11,static,3,25,603,reborn
11,static,3,13,41,kept
11,static,3,5,10,kept
11,static,3,38,797,kept
11,static,3,32,589,kept
11,static,3,48,720,kept
11,static,3,14,118,kept
11,static,3,4,71,kept
11,static,3,12,518,kept
11,const_vel,3,33,702,kept
11,const_vel,3,39,532,kept
11,const_vel,3,1,414,kept
11,const_vel,3,25,603,kept
11,const_vel,3,13,41,reborn
11,const_vel,3,5,10,kept
11,const_vel,3,38,797,kept
11,const_vel,3,32,589,kept
11,const_vel,3,48,720,kept
11,const_vel,3,14,118,kept
11,const_vel,3,4,71,kept
11,const_vel,3,12,518,kept
11,rnn,3,33,702,kept
11,rnn,3,39,532,kept
11,rnn,3,1,414,kept
11,rnn,3,25,603,kept
11,rnn,3,13,41,kept
11,rnn,3,5,10,kept
11,rnn,3,38,797,kept
11,rnn,3,32,589,kept
11,rnn,3,48,720,kept
11,rnn,3,14,118,kept
11,rnn,3,4,71,kept
11,rnn,3,12,518,kept
11,static,3,27,322,kept
11,static,3,69,875,kept
11,static,3,1,262,kept
11,static,3,39,776,kept
11,static,3,14,429,kept
11,static,3,25,173,kept
11,static,3,18,56,kept
11,static,3,32,662,kept
11,static,3,45,400,kept
11,static,3,89,283,kept
11,static,3,44,697,kept
11,static,3,38,801,kept
11,const_vel,3,27,322,kept
11,const_vel,3,69,875,kept
11,const_vel,3,1,262,kept
11,const_vel,3,39,776,kept
11,const_vel,3,14,429,kept
11,const_vel,3,25,173,kept
11,const_vel,3,18,56,kept
11,const_vel,3,32,662,kept
11,const_vel,3,45,400,kept
11,const_vel,3,89,283,kept
11,const_vel,3,44,697,kept
11,const_vel,3,38,801,kept
11,rnn,3,27,322,kept
11,rnn,3,69,875,kept
11,rnn,3,1,262,kept
11,rnn,3,39,776,kept
11,rnn,3,14,429,kept
11,rnn,3,25,173,kept
11,rnn,3,18,56,kept
11,rnn,3,32,662,kept
11,rnn,3,45,400,kept
11,rnn,3,89,283,kept
11,rnn,3,44,697,kept
11,rnn,3,38,801,kept
11,static,5,1,258,kept
11,static,5,35,853,reborn
11,static,5,5,120,kept
11,static,5,13,91,kept
11,static,5,33,655,kept
11,static,5,45,366,kept
11,static,5,16,16,reborn
11,static,5,36,809,kept
11,static,5,18,45,reborn
11,static,5,14,586,kept
11,static,5,7,330,kept
11,static,5,40,446,kept
11,const_vel,5,1,258,kept
11,const_vel,5,35,853,kept
11,const_vel,5,5,120,kept
11,const_vel,5,13,91,reborn
11,const_vel,5,33,655,kept
11,const_vel,5,45,366,kept
11,const_vel,5,16,16,reborn
11,const_vel,5,36,809,kept
11,const_vel,5,18,45,kept
11,const_vel,5,14,586,kept
11,const_vel,5,7,330,kept
11,const_vel,5,40,446,kept
11,rnn,5,1,258,kept
11,rnn,5,35,853,kept
11,rnn,5,5,120,kept
11,rnn,5,13,91,kept
11,rnn,5,33,655,kept
11,rnn,5,45,366,kept
11,rnn,5,16,16,reborn
11,rnn,5,36,809,kept
11,rnn,5,18,45,kept
11,rnn,5,14,586,kept
11,rnn,5,7,330,kept
11,rnn,5,40,446,kept
11,static,5,20,249,kept
11,static,5,13,133,kept
11,static,5,4,74,kept
11,static,5,1,661,kept
11,static,5,26,157,kept
11,static,5,25,319,kept
11,static,5,35,832,kept
11,static,5,59,284,reborn
11,static,5,6,23,swapped
11,static,5,36,865,kept
11,static,5,32,701,kept
11,static,5,14,536,kept
11,const_vel,5,20,249,kept
11,const_vel,5,13,133,kept
11,const_vel,5,4,74,kept
11,const_vel,5,1,661,kept
11,const_vel,5,26,157,kept
11,const_vel,5,25,319,kept
11,const_vel,5,35,832,kept
11,const_vel,5,59,284,reborn
11,const_vel,5,6,23,kept
11,const_vel,5,36,865,kept
11,const_vel,5,32,701,kept
11,const_vel,5,14,536,kept
11,rnn,5,20,249,kept
11,rnn,5,13,133,kept
11,rnn,5,4,74,kept
11,rnn,5,1,661,kept
11,rnn,5,26,157,kept
11,rnn,5,25,319,kept
11,rnn,5,35,832,kept
11,rnn,5,59,284,reborn
11,rnn,5,6,23,reborn
11,rnn,5,36,865,kept
11,rnn,5,32,701,kept
11,rnn,5,14,536,kept
11,static,5,32,657,kept
11,static,5,45,365,kept
11,static,5,14,213,kept
11,static,5,71,891,reborn
11,static,5,1,343,kept
11,static,5,13,98,reborn
11,static,5,68,864,kept
11,static,5,59,277,reborn
11,static,5,10,555,kept
11,static,5,30,133,kept
11,static,5,12,465,kept
11,static,5,39,607,reborn
11,const_vel,5,32,657,kept
11,const_vel,5,45,365,kept
11,const_vel,5,14,213,kept
11,const_vel,5,71,891,kept
11,const_vel,5,1,343,kept
11,const_vel,5,13,98,reborn
11,const_vel,5,68,864,reborn
11,const_vel,5,59,277,reborn
11,const_vel,5,10,555,kept
11,const_vel,5,30,133,kept
11,const_vel,5,12,465,kept
11,const_vel,5,39,607,reborn
11,rnn,5,32,657,kept
11,rnn,5,45,365,kept
11,rnn,5,14,213,kept
11,rnn,5,71,891,reborn
11,rnn,5,1,343,kept
11,rnn,5,13,98,reborn
11,rnn,5,68,864,kept
11,rnn,5,59,277,reborn
11,rnn,5,10,555,kept
11,rnn,5,30,133,kept
11,rnn,5,12,465,kept
11,rnn,5,39,607,reborn
11,static,5,39,672,kept
11,static,5,14,472,kept
11,static,5,73,876,kept
11,static,5,4,76,kept
11,static,5,13,258,kept
11,static,5,36,795,kept
11,static,5,31,351,reborn
11,static,5,6,202,kept
11,static,5,32,648,kept
11,static,5,7,404,kept
11,static,5,3,53,kept
11,static,5,20,237,kept
11,const_vel,5,39,672,kept
11,const_vel,5,14,472,kept
11,const_vel,5,73,876,kept
11,const_vel,5,4,76,kept
11,const_vel,5,13,258,kept
11,const_vel,5,36,795,kept
11,const_vel,5,31,351,kept
11,const_vel,5,6,202,kept
11,const_vel,5,32,648,kept
11,const_vel,5,7,404,kept
11,const_vel,5,3,53,kept
11,const_vel,5,20,237,kept
11,rnn,5,39,672,kept
11,rnn,5,14,472,kept
11,rnn,5,73,876,kept
11,rnn,5,4,76,kept
11,rnn,5,13,258,kept
11,rnn,5,36,795,kept
11,rnn,5,31,351,kept
11,rnn,5,6,202,kept
11,rnn,5,32,648,kept
11,rnn,5,7,404,kept
11,rnn,5,3,53,kept
11,rnn,5,20,237,kept
11,static,8,1,130,kept
11,static,8,39,577,kept
11,static,8,68,859,reborn
11,static,8,25,107,reborn
11,static,8,7,355,reborn
11,static,8,14,556,kept
11,static,8,69,878,kept
11,static,8,3,22,reborn
11,static,8,10,518,kept
11,static,8,35,824,kept
11,static,8,26,224,kept
11,static,8,20,271,reborn
11,const_vel,8,1,130,kept
11,const_vel,8,39,577,reborn
11,const_vel,8,68,859,reborn
11,const_vel,8,25,107,reborn
11,const_vel,8,7,355,kept
11,const_vel,8,14,556,kept
11,const_vel,8,69,878,kept
11,const_vel,8,3,22,kept
11,const_vel,8,10,518,kept
11,const_vel,8,35,824,kept
11,const_vel,8,26,224,kept
11,const_vel,8,20,271,kept
11,rnn,8,1,130,kept
11,rnn,8,39,577,reborn
11,rnn,8,68,859,reborn
11,rnn,8,25,107,reborn
11,rnn,8,7,355,kept
11,rnn,8,14,556,kept
11,rnn,8,69,878,reborn
11,rnn,8,3,22,reborn
11,rnn,8,10,518,kept
11,rnn,8,35,824,kept
11,rnn,8,26,224,kept
11,rnn,8,20,271,kept
11,static,8,30,80,reborn
11,static,8,1,875,kept
11,static,8,31,391,kept
11,static,8,89,226,kept
11,static,8,25,853,kept
11,static,8,32,296,kept
11,static,8,39,463,kept
11,static,8,14,537,kept
11,static,8,13,130,kept
11,static,8,7,339,kept
11,static,8,3,45,reborn
11,static,8,44,666,kept
11,const_vel,8,1,875,kept
11,const_vel,8,31,391,kept
11,const_vel,8,89,226,kept
11,const_vel,8,25,853,kept
11,const_vel,8,32,296,kept
11,const_vel,8,39,463,reborn
11,const_vel,8,14,537,kept
11,const_vel,8,13,130,reborn
11,const_vel,8,7,339,kept
11,const_vel,8,3,45,kept
11,const_vel,8,44,666,kept
11,rnn,8,30,80,reborn
11,rnn,8,1,875,kept
11,rnn,8,31,391,kept
11,rnn,8,89,226,kept
11,rnn,8,25,853,kept
11,rnn,8,32,296,kept
11,rnn,8,39,463,reborn
11,rnn,8,14,537,kept
11,rnn,8,13,130,reborn
11,rnn,8,7,339,kept
11,rnn,8,3,45,kept
11,rnn,8,44,666,kept
11,static,8,39,669,kept
11,static,8,26,127,kept
11,static,8,13,157,reborn
11,static,8,14,82,kept
11,static,8,5,238,reborn
11,static,8,51,825,reborn
11,static,8,6,211,kept
11,static,8,32,583,kept
11,static,8,1,414,kept
11,static,8,25,604,reborn
11,static,8,45,362,kept
11,static,8,27,274,kept
11,const_vel,8,39,669,kept
11,const_vel,8,26,127,reborn
11,const_vel,8,13,157,reborn
11,const_vel,8,14,82,kept
11,const_vel,8,5,238,kept
11,const_vel,8,51,825,kept
11,const_vel,8,6,211,kept
11,const_vel,8,32,583,kept
11,const_vel,8,1,414,kept
11,const_vel,8,25,604,kept
11,const_vel,8,45,362,kept
11,const_vel,8,27,274,kept
11,rnn,8,39,669,kept
11,rnn,8,26,127,kept
11,rnn,8,13,157,reborn
11,rnn,8,14,82,kept
11,rnn,8,5,238,kept
11,rnn,8,51,825,kept
11,rnn,8,6,211,kept
11,rnn,8,32,583,kept
11,rnn,8,1,414,kept
11,rnn,8,25,604,kept
11,rnn,8,45,362,kept
11,rnn,8,27,274,reborn
11,static,8,5,190,kept
11,static,8,89,264,kept
11,static,8,39,500,kept
11,static,8,68,853,reborn
11,static,8,47,596,kept
11,static,8,13,162,kept
11,static,8,14,366,kept
11,static,8,20,233,reborn
11,static,8,27,312,kept
11,static,8,32,670,kept
11,static,8,29,105,swapped
11,static,8,1,463,kept
11,const_vel,8,5,190,reborn
11,const_vel,8,89,264,kept
11,const_vel,8,39,500,kept
11,const_vel,8,68,853,reborn
11,const_vel,8,47,596,kept
11,const_vel,8,13,162,kept
11,const_vel,8,14,366,kept
11,const_vel,8,20,233,reborn
11,const_vel,8,27,312,kept
11,const_vel,8,32,670,reborn
11,const_vel,8,29,105,reborn
11,const_vel,8,1,463,kept
11,rnn,8,5,190,kept
11,rnn,8,89,264,kept
11,rnn,8,39,500,kept
11,rnn,8,68,853,reborn
11,rnn,8,47,596,kept
11,rnn,8,13,162,kept
11,rnn,8,14,366,kept
11,rnn,8,20,233,reborn
11,rnn,8,27,312,kept
11,rnn,8,32,670,kept
11,rnn,8,29,105,reborn
11,rnn,8,1,463,kept
11,static,10,25,663,kept
11,static,10,12,498,reborn
11,static,10,1,25,kept
11,static,10,14,190,kept
11,static,10,33,780,reborn
11,static,10,5,129,kept
11,static,10,13,222,reborn
11,static,10,37,749,kept
11,static,10,45,389,kept
11,static,10,30,92,reborn
11,static,10,35,833,kept
11,static,10,20,256,kept
11,const_vel,10,25,663,kept
11,const_vel,10,12,498,reborn
11,const_vel,10,1,25,kept
11,const_vel,10,14,190,reborn
11,const_vel,10,33,780,kept
11,const_vel,10,5,129,reborn
11,const_vel,10,13,222,kept
11,const_vel,10,37,749,reborn
11,const_vel,10,45,389,kept
11,const_vel,10,30,92,reborn
11,const_vel,10,35,833,kept
11,const_vel,10,20,256,kept
11,rnn,10,25,663,kept
11,rnn,10,12,498,reborn
11,rnn,10,1,25,kept
11,rnn,10,14,190,kept
11,rnn,10,33,780,kept
11,rnn,10,5,129,kept
11,rnn,10,13,222,kept
11,rnn,10,37,749,kept
11,rnn,10,45,389,kept
11,rnn,10,30,92,kept
11,rnn,10,35,833,kept
11,rnn,10,20,256,kept
11,static,10,5,37,reborn
11,static,10,1,833,kept
11,static,10,39,477,kept
11,static,10,32,639,kept
11,static,10,45,401,kept
11,static,10,51,884,reborn
11,static,10,25,768,kept
11,static,10,7,312,kept
11,static,10,17,78,swapped
11,static,10,14,219,kept
11,static,10,12,537,reborn
11,static,10,6,12,reborn
11,const_vel,10,5,37,reborn
11,const_vel,10,1,833,kept
11,const_vel,10,39,477,reborn
11,const_vel,10,32,639,kept
11,const_vel,10,45,401,kept
11,const_vel,10,51,884,reborn
11,const_vel,10,25,768,reborn
11,const_vel,10,7,312,kept
11,const_vel,10,17,78,reborn
11,const_vel,10,14,219,kept
11,const_vel,10,12,537,kept
11,const_vel,10,6,12,reborn
11,rnn,10,5,37,reborn
11,rnn,10,1,833,kept
11,rnn,10,39,477,kept
11,rnn,10,32,639,kept
11,rnn,10,45,401,kept
11,rnn,10,51,884,reborn
11,rnn,10,25,768,kept
11,rnn,10,7,312,kept
11,rnn,10,17,78,reborn
11,rnn,10,14,219,kept
11,rnn,10,12,537,kept
11,rnn,10,6,12,reborn
11,static,10,12,459,kept
11,static,10,13,195,kept
11,static,10,36,811,kept
11,static,10,1,604,kept
11,static,10,33,708,kept
11,static,10,3,38,reborn
11,static,10,25,879,kept
11,static,10,14,532,kept
11,static,10,5,219,kept
11,static,10,32,573,kept
11,static,10,89,300,kept
11,static,10,26,133,kept
11,const_vel,10,12,459,swapped
11,const_vel,10,13,195,reborn
11,const_vel,10,36,811,kept
11,const_vel,10,1,604,kept
11,const_vel,10,33,708,kept
11,const_vel,10,3,38,kept
11,const_vel,10,25,879,kept
11,const_vel,10,14,532,kept
11,const_vel,10,5,219,kept
11,const_vel,10,32,573,reborn
11,const_vel,10,89,300,kept
11,const_vel,10,26,133,kept
11,rnn,10,12,459,swapped
11,rnn,10,13,195,kept
11,rnn,10,36,811,kept
11,rnn,10,1,604,kept
11,rnn,10,33,708,kept
11,rnn,10,3,38,kept
11,rnn,10,25,879,kept
11,rnn,10,14,532,kept
11,rnn,10,5,219,kept
11,rnn,10,32,573,kept
11,rnn,10,89,300,kept
11,rnn,10,26,133,kept
11,static,10,5,94,kept
11,static,10,14,28,kept
11,static,10,39,521,reborn
11,static,10,25,625,kept
11,static,10,1,412,kept
11,static,10,35,818,kept
11,static,10,31,356,reborn
11,static,10,30,120,reborn
11,static,10,7,332,kept
11,static,10,68,874,reborn
11,static,10,27,299,kept
11,static,10,20,236,reborn
11,const_vel,10,5,94,reborn
11,const_vel,10,14,28,reborn
11,const_vel,10,39,521,reborn
11,const_vel,10,25,625,kept
11,const_vel,10,1,412,kept
11,const_vel,10,35,818,kept
11,const_vel,10,31,356,reborn
11,const_vel,10,30,120,reborn
11,const_vel,10,7,332,kept
11,const_vel,10,68,874,reborn
11,const_vel,10,27,299,kept
11,const_vel,10,20,236,reborn
11,rnn,10,5,94,reborn
11,rnn,10,14,28,kept
11,rnn,10,39,521,kept
11,rnn,10,25,625,kept
11,rnn,10,1,412,kept
11,rnn,10,35,818,kept
11,rnn,10,31,356,kept
11,rnn,10,30,120,reborn
11,rnn,10,7,332,kept
11,rnn,10,68,874,reborn
11,rnn,10,27,299,kept
11,rnn,10,20,236,kept
11,static,15,69,879,reborn
11,static,15,36,801,kept
11,static,15,30,97,reborn
11,static,15,47,601,reborn
11,static,15,27,324,reborn
11,static,15,1,141,kept
11,static,15,39,656,kept
11,static,15,3,13,reborn
11,static,15,14,442,kept
11,static,15,13,173,reborn
11,static,15,32,682,kept
11,static,15,51,838,reborn
11,const_vel,15,69,879,reborn
11,const_vel,15,36,801,kept
11,const_vel,15,30,97,reborn
11,const_vel,15,47,601,reborn
11,const_vel,15,27,324,kept
11,const_vel,15,1,141,reborn
11,const_vel,15,39,656,reborn
11,const_vel,15,3,13,reborn
11,const_vel,15,14,442,reborn
11,const_vel,15,13,173,reborn
11,const_vel,15,32,682,kept
11,const_vel,15,51,838,reborn
11,rnn,15,69,879,reborn
11,rnn,15,36,801,kept
11,rnn,15,30,97,kept
11,rnn,15,47,601,reborn
11,rnn,15,27,324,kept
11,rnn,15,1,141,kept
11,rnn,15,39,656,kept
11,rnn,15,3,13,reborn
11,rnn,15,14,442,kept
11,rnn,15,13,173,reborn
11,rnn,15,32,682,kept
11,rnn,15,51,838,kept
11,static,15,12,452,kept
11,static,15,25,835,kept
11,static,15,14,551,kept
11,static,15,42,621,kept
11,static,15,1,301,kept
11,static,15,13,175,reborn
11,static,15,45,361,reborn
11,static,15,36,797,kept
11,static,15,73,876,swapped
11,static,15,39,740,reborn
11,static,15,18,43,reborn
11,static,15,7,387,reborn
11,const_vel,15,12,452,swapped
11,const_vel,15,25,835,kept
11,const_vel,15,14,551,reborn
11,const_vel,15,42,621,kept
11,const_vel,15,1,301,kept
11,const_vel,15,13,175,reborn
11,const_vel,15,45,361,reborn
11,const_vel,15,36,797,reborn
11,const_vel,15,73,876,reborn
11,const_vel,15,39,740,kept
11,const_vel,15,18,43,reborn
11,const_vel,15,7,387,kept
11,rnn,15,12,452,kept
11,rnn,15,25,835,kept
11,rnn,15,14,551,kept
11,rnn,15,42,621,kept
11,rnn,15,1,301,reborn
11,rnn,15,13,175,reborn
11,rnn,15,45,361,kept
11,rnn,15,36,797,reborn
11,rnn,15,73,876,reborn
11,rnn,15,39,740,reborn
11,rnn,15,18,43,reborn
11,rnn,15,7,387,kept
11,static,15,14,404,kept
11,static,15,1,52,kept
11,static,15,25,592,reborn
11,static,15,39,488,reborn
11,static,15,36,838,kept
11,static,15,24,95,kept
11,static,15,13,261,kept
11,static,15,7,334,kept
11,static,15,6,215,kept
11,static,15,59,291,reborn
11,static,15,31,371,kept
11,static,15,18,16,reborn
11,const_vel,15,14,404,kept
11,const_vel,15,1,52,reborn
11,const_vel,15,25,592,reborn
11,const_vel,15,39,488,reborn
11,const_vel,15,36,838,kept
11,const_vel,15,24,95,reborn
11,const_vel,15,13,261,reborn
11,const_vel,15,7,334,kept
11,const_vel,15,6,215,kept
11,const_vel,15,59,291,reborn
11,const_vel,15,31,371,reborn
11,const_vel,15,18,16,reborn
11,rnn,15,14,404,kept
11,rnn,15,1,52,kept
11,rnn,15,25,592,kept
11,rnn,15,39,488,kept
11,rnn,15,36,838,kept
11,rnn,15,24,95,reborn
11,rnn,15,13,261,kept
11,rnn,15,7,334,kept
11,rnn,15,6,215,kept
11,rnn,15,59,291,kept
11,rnn,15,31,371,reborn
11,rnn,15,18,16,reborn
11,static,15,33,702,kept
11,static,15,14,612,kept
11,static,15,39,645,kept
11,static,15,3,16,reborn
11,static,15,38,783,kept
11,static,15,7,365,reborn
11,static,15,6,184,kept
11,static,15,5,122,reborn
11,static,15,32,558,reborn
11,static,15,25,854,kept
11,static,15,13,44,reborn
11,static,15,89,279,kept
11,const_vel,15,33,702,kept
11,const_vel,15,14,612,kept
11,const_vel,15,39,645,reborn
11,const_vel,15,3,16,reborn
11,const_vel,15,38,783,kept
11,const_vel,15,7,365,reborn
11,const_vel,15,6,184,kept
11,const_vel,15,5,122,reborn
11,const_vel,15,32,558,reborn
11,const_vel,15,25,854,kept
11,const_vel,15,13,44,reborn
11,const_vel,15,89,279,reborn
11,rnn,15,33,702,kept
11,rnn,15,14,612,kept
11,rnn,15,39,645,kept
11,rnn,15,3,16,reborn
11,rnn,15,38,783,reborn
11,rnn,15,7,365,kept
11,rnn,15,6,184,kept
11,rnn,15,5,122,reborn
11,rnn,15,32,558,reborn
11,rnn,15,25,854,kept
11,rnn,15,13,44,reborn
11,rnn,15,89,279,kept
11,static,20,14,127,kept
11,static,20,32,573,kept
11,static,20,25,837,kept
11,static,20,5,60,kept
11,static,20,1,367,kept
11,static,20,26,169,kept
11,static,20,27,295,reborn
11,static,20,12,450,kept
11,static,20,45,401,kept
11,static,20,36,802,kept
11,static,20,39,755,reborn
11,static,20,42,687,reborn
11,const_vel,20,14,127,reborn
11,const_vel,20,32,573,reborn
11,const_vel,20,25,837,reborn
11,const_vel,20,5,60,reborn
11,const_vel,20,1,367,kept
11,const_vel,20,26,169,swapped
11,const_vel,20,27,295,reborn
11,const_vel,20,12,450,swapped
11,const_vel,20,45,401,kept
11,const_vel,20,36,802,reborn
11,const_vel,20,39,755,swapped
11,const_vel,20,42,687,reborn
11,rnn,20,14,127,kept
11,rnn,20,32,573,reborn
11,rnn,20,25,837,kept
11,rnn,20,5,60,reborn
11,rnn,20,1,367,kept
11,rnn,20,26,169,reborn
11,rnn,20,27,295,kept
11,rnn,20,12,450,swapped
11,rnn,20,45,401,kept
11,rnn,20,36,802,reborn
11,rnn,20,39,755,swapped
11,rnn,20,42,687,reborn
11,static,20,1,804,kept
11,static,20,44,628,kept
11,static,20,32,680,kept
11,static,20,39,498,kept
11,static,20,14,544,kept
11,static,20,5,217,reborn
11,static,20,38,771,kept
11,static,20,25,340,kept
11,static,20,13,160,kept
11,static,20,68,846,reborn
11,static,20,4,10,reborn
11,static,20,17,90,reborn
11,const_vel,20,1,804,reborn
11,const_vel,20,44,628,reborn
11,const_vel,20,32,680,reborn
11,const_vel,20,39,498,reborn
11,const_vel,20,14,544,kept
11,const_vel,20,5,217,kept
11,const_vel,20,38,771,reborn
11,const_vel,20,25,340,kept
11,const_vel,20,13,160,reborn
11,const_vel,20,68,846,reborn
11,const_vel,20,4,10,reborn
11,const_vel,20,17,90,reborn
11,rnn,20,1,804,reborn
11,rnn,20,44,628,kept
11,rnn,20,32,680,kept
11,rnn,20,39,498,kept
11,rnn,20,14,544,kept
11,rnn,20,5,217,kept
11,rnn,20,38,771,kept
11,rnn,20,25,340,reborn
11,rnn,20,13,160,kept
11,rnn,20,68,846,reborn
11,rnn,20,4,10,reborn
11,rnn,20,17,90,reborn
11,static,20,25,666,reborn
11,static,20,35,810,reborn
11,static,20,31,369,kept
11,static,20,68,877,reborn
11,static,20,26,205,kept
11,static,20,14,99,reborn
11,static,20,89,286,kept
11,static,20,12,509,reborn
11,static,20,18,38,reborn
11,static,20,32,575,reborn
11,static,20,1,146,kept
11,static,20,39,738,reborn
11,const_vel,20,25,666,reborn
11,const_vel,20,35,810,reborn
11,const_vel,20,31,369,reborn
11,const_vel,20,68,877,reborn
11,const_vel,20,26,205,reborn
11,const_vel,20,14,99,reborn
11,const_vel,20,89,286,kept
11,const_vel,20,12,509,kept
11,const_vel,20,18,38,reborn
11,const_vel,20,32,575,reborn
11,const_vel,20,1,146,reborn
11,const_vel,20,39,738,reborn
11,rnn,20,25,666,kept
11,rnn,20,35,810,reborn
11,rnn,20,31,369,reborn
11,rnn,20,68,877,reborn
11,rnn,20,26,205,reborn
11,rnn,20,14,99,reborn
11,rnn,20,89,286,kept
11,rnn,20,12,509,kept
11,rnn,20,18,38,reborn
11,rnn,20,32,575,reborn
11,rnn,20,1,146,kept
11,rnn,20,39,738,reborn
11,static,20,14,221,kept
11,static,20,1,741,reborn
11,static,20,39,610,reborn
11,static,20,10,482,kept
11,static,20,25,578,reborn
11,static,20,36,815,kept
11,static,20,4,58,kept
11,static,20,30,106,swapped
11,static,20,42,684,swapped
11,static,20,20,282,reborn
11,static,20,26,184,kept
11,const_vel,20,14,221,kept
11,const_vel,20,1,741,reborn
11,const_vel,20,39,610,reborn
11,const_vel,20,10,482,kept
11,const_vel,20,25,578,reborn
11,const_vel,20,36,815,kept
11,const_vel,20,4,58,kept
11,const_vel,20,30,106,reborn
11,const_vel,20,42,684,kept
11,const_vel,20,20,282,kept
11,const_vel,20,26,184,reborn
11,rnn,20,14,221,kept
11,rnn,20,1,741,kept
11,rnn,20,39,610,reborn
11,rnn,20,10,482,kept
11,rnn,20,25,578,reborn
11,rnn,20,36,815,kept
11,rnn,20,4,58,kept
11,rnn,20,30,106,kept
11,rnn,20,42,684,kept
11,rnn,20,20,282,kept
11,rnn,20,26,184,reborn
11,static,25,14,99,kept
11,static,25,20,229,reborn
11,static,25,1,56,kept
11,static,25,7,386,reborn
11,static,25,51,872,reborn
11,static,25,39,463,kept
11,static,25,44,667,kept
11,static,25,25,595,reborn
11,static,25,26,167,kept
11,static,25,4,17,reborn
11,static,25,12,507,reborn
11,static,25,32,282,reborn
11,const_vel,25,14,99,reborn
11,const_vel,25,20,229,reborn
11,const_vel,25,1,56,reborn
11,const_vel,25,7,386,kept
11,const_vel,25,51,872,reborn
11,const_vel,25,39,463,reborn
11,const_vel,25,44,667,reborn
11,const_vel,25,25,595,kept
11,const_vel,25,26,167,reborn
11,const_vel,25,4,17,reborn
11,const_vel,25,12,507,kept
11,const_vel,25,32,282,reborn
11,rnn,25,14,99,reborn
11,rnn,25,20,229,reborn
11,rnn,25,1,56,kept
11,rnn,25,7,386,reborn
11,rnn,25,51,872,reborn
11,rnn,25,39,463,reborn
11,rnn,25,44,667,kept
11,rnn,25,25,595,reborn
11,rnn,25,26,167,reborn
11,rnn,25,4,17,reborn
11,rnn,25,12,507,kept
11,rnn,25,32,282,reborn
11,static,25,39,485,reborn
11,static,25,36,849,swapped
11,static,25,1,121,kept
11,static,25,5,158,reborn
11,static,25,27,276,reborn
11,static,25,34,709,swapped
11,static,25,32,642,reborn
11,static,25,13,74,reborn
11,static,25,14,377,kept
11,static,25,35,805,reborn
11,static,25,25,326,kept
11,static,25,18,12,reborn
11,const_vel,25,39,485,reborn
11,const_vel,25,36,849,kept
11,const_vel,25,1,121,reborn
11,const_vel,25,5,158,kept
11,const_vel,25,27,276,reborn
11,const_vel,25,34,709,kept
11,const_vel,25,32,642,reborn
11,const_vel,25,13,74,reborn
11,const_vel,25,14,377,kept
11,const_vel,25,35,805,reborn
11,const_vel,25,25,326,reborn
11,const_vel,25,18,12,reborn
11,rnn,25,39,485,kept
11,rnn,25,36,849,reborn
11,rnn,25,1,121,kept
11,rnn,25,5,158,reborn
11,rnn,25,27,276,reborn
11,rnn,25,34,709,swapped
11,rnn,25,32,642,reborn
11,rnn,25,13,74,reborn
11,rnn,25,14,377,kept
11,rnn,25,35,805,reborn
11,rnn,25,25,326,kept
11,rnn,25,18,12,reborn
11,static,25,1,372,kept
11,static,25,25,788,reborn
11,static,25,13,170,reborn
11,static,25,14,285,reborn
11,static,25,51,843,kept
11,static,25,5,117,kept
11,static,25,3,14,reborn
11,static,25,39,508,kept
11,static,25,30,77,reborn
11,static,25,42,659,kept
11,static,25,7,336,reborn
11,static,25,20,229,reborn
11,const_vel,25,1,372,reborn
11,const_vel,25,25,788,kept
11,const_vel,25,13,170,reborn
11,const_vel,25,14,285,reborn
11,const_vel,25,51,843,reborn
11,const_vel,25,5,117,reborn
11,const_vel,25,3,14,reborn
11,const_vel,25,39,508,kept
11,const_vel,25,30,77,reborn
11,const_vel,25,42,659,kept
11,const_vel,25,7,336,kept
11,const_vel,25,20,229,reborn
11,rnn,25,1,372,kept
11,rnn,25,25,788,reborn
11,rnn,25,13,170,reborn
11,rnn,25,14,285,reborn
11,rnn,25,51,843,reborn
11,rnn,25,5,117,reborn
11,rnn,25,3,14,reborn
11,rnn,25,39,508,kept
11,rnn,25,30,77,reborn
11,rnn,25,42,659,kept
11,rnn,25,7,336,reborn
11,rnn,25,20,229,reborn
11,static,25,1,249,kept
11,static,25,14,342,kept
11,static,25,6,56,kept
11,static,25,36,813,kept
11,static,25,39,627,reborn
11,static,25,26,199,kept
11,static,25,33,757,kept
11,static,25,25,423,kept
11,static,25,13,106,reborn
11,static,25,7,299,kept
11,static,25,32,694,reborn
11,static,25,5,20,reborn
11,const_vel,25,1,249,reborn
11,const_vel,25,14,342,reborn
11,const_vel,25,6,56,reborn
11,const_vel,25,36,813,kept
11,const_vel,25,39,627,reborn
11,const_vel,25,26,199,reborn
11,const_vel,25,33,757,reborn
11,const_vel,25,25,423,reborn
11,const_vel,25,13,106,reborn
11,const_vel,25,7,299,reborn
11,const_vel,25,32,694,reborn
11,const_vel,25,5,20,reborn
11,rnn,25,1,249,kept
11,rnn,25,14,342,reborn
11,rnn,25,6,56,reborn
11,rnn,25,36,813,kept
11,rnn,25,39,627,reborn
11,rnn,25,26,199,reborn
11,rnn,25,33,757,reborn
11,rnn,25,25,423,kept
11,rnn,25,13,106,reborn
11,rnn,25,7,299,reborn
11,rnn,25,32,694,reborn
11,rnn,25,5,20,reborn
11,static,30,13,233,kept
11,static,30,45,371,reborn
11,static,30,5,107,kept
11,static,30,25,796,kept
11,static,30,6,25,reborn
11,static,30,32,616,kept
11,static,30,26,179,kept
11,static,30,1,857,kept
11,static,30,10,509,reborn
11,static,30,17,66,reborn
11,static,30,33,712,reborn
11,static,30,7,290,kept
11,const_vel,30,13,233,reborn
11,const_vel,30,45,371,reborn
11,const_vel,30,5,107,reborn
11,const_vel,30,25,796,reborn
11,const_vel,30,6,25,reborn
11,const_vel,30,32,616,reborn
11,const_vel,30,26,179,reborn
11,const_vel,30,1,857,reborn
11,const_vel,30,10,509,reborn
11,const_vel,30,17,66,reborn
11,const_vel,30,33,712,reborn
11,const_vel,30,7,290,reborn
11,rnn,30,13,233,reborn
11,rnn,30,45,371,kept
11,rnn,30,5,107,reborn
11,rnn,30,25,796,reborn
11,rnn,30,6,25,reborn
11,rnn,30,32,616,kept
11,rnn,30,26,179,kept
11,rnn,30,1,857,kept
11,rnn,30,10,509,kept
11,rnn,30,17,66,reborn
11,rnn,30,33,712,reborn
11,rnn,30,7,290,kept
11,static,30,25,92,reborn
11,static,30,26,214,kept
11,static,30,5,142,reborn
11,static,30,31,389,reborn
11,static,30,6,12,reborn
11,static,30,32,559,kept
11,static,30,14,508,kept
11,static,30,7,333,reborn
11,static,30,36,824,kept
11,static,30,12,464,reborn
11,static,30,42,636,reborn
11,static,30,33,707,kept
11,const_vel,30,25,92,swapped
11,const_vel,30,26,214,reborn
11,const_vel,30,5,142,reborn
11,const_vel,30,31,389,reborn
11,const_vel,30,6,12,reborn
11,const_vel,30,32,559,reborn
11,const_vel,30,14,508,kept
11,const_vel,30,7,333,reborn
11,const_vel,30,36,824,kept
11,const_vel,30,12,464,reborn
11,const_vel,30,42,636,reborn
11,const_vel,30,33,707,reborn
11,rnn,30,25,92,reborn
11,rnn,30,26,214,kept
11,rnn,30,5,142,reborn
11,rnn,30,31,389,reborn
11,rnn,30,6,12,reborn
11,rnn,30,32,559,reborn
11,rnn,30,14,508,kept
11,rnn,30,7,333,reborn
11,rnn,30,36,824,kept
11,rnn,30,12,464,reborn
11,rnn,30,42,636,reborn
11,rnn,30,33,707,kept
11,static,30,17,72,reborn
11,static,30,4,19,reborn
11,static,30,14,134,kept
11,static,30,1,400,kept
11,static,30,25,852,kept
11,static,30,7,345,reborn
11,static,30,13,213,reborn
11,static,30,42,668,swapped
11,static,30,12,467,reborn
11,static,30,33,750,reborn
11,static,30,27,290,reborn
11,static,30,32,581,kept
11,const_vel,30,17,72,reborn
11,const_vel,30,4,19,kept
11,const_vel,30,14,134,reborn
11,const_vel,30,1,400,reborn
11,const_vel,30,25,852,reborn
11,const_vel,30,7,345,reborn
11,const_vel,30,13,213,reborn
11,const_vel,30,42,668,swapped
11,const_vel,30,12,467,reborn
11,const_vel,30,33,750,kept
11,const_vel,30,27,290,reborn
11,const_vel,30,32,581,reborn
11,rnn,30,17,72,reborn
11,rnn,30,4,19,reborn
11,rnn,30,14,134,kept
11,rnn,30,1,400,kept
11,rnn,30,25,852,reborn
11,rnn,30,7,345,reborn
11,rnn,30,13,213,reborn
11,rnn,30,42,668,swapped
11,rnn,30,12,467,reborn
11,rnn,30,33,750,kept
11,rnn,30,27,290,kept
11,rnn,30,32,581,reborn
11,static,30,25,641,kept
11,static,30,14,91,kept
11,static,30,67,854,reborn
11,static,30,13,204,reborn
11,static,30,39,445,reborn
11,static,30,89,275,reborn
11,static,30,5,49,reborn
11,static,30,12,492,reborn
11,static,30,37,765,reborn
11,static,30,31,391,reborn
11,static,30,35,810,reborn
11,static,30,34,705,swapped
11,const_vel,30,25,641,reborn
11,const_vel,30,14,91,reborn
11,const_vel,30,67,854,reborn
11,const_vel,30,13,204,reborn
11,const_vel,30,39,445,reborn
11,const_vel,30,89,275,reborn
11,const_vel,30,5,49,reborn
11,const_vel,30,12,492,reborn
11,const_vel,30,37,765,reborn
11,const_vel,30,31,391,reborn
11,const_vel,30,35,810,reborn
11,const_vel,30,34,705,kept
11,rnn,30,25,641,kept
11,rnn,30,14,91,reborn
11,rnn,30,67,854,reborn
11,rnn,30,13,204,reborn
11,rnn,30,39,445,reborn
11,rnn,30,89,275,kept
11,rnn,30,5,49,kept
11,rnn,30,12,492,reborn
11,rnn,30,37,765,kept
11,rnn,30,31,391,reborn
11,rnn,30,35,810,reborn
11,rnn,30,34,705,swapped
11,static,40,32,660,reborn
11,static,40,35,774,reborn
11,static,40,12,452,kept
11,static,40,7,312,reborn
11,static,40,1,141,kept
11,static,40,6,217,reborn
11,static,40,39,536,kept
11,static,40,25,858,reborn
11,static,40,17,39,reborn
11,static,40,31,376,kept
11,static,40,14,588,kept
11,static,40,13,90,reborn
11,const_vel,40,32,660,kept
11,const_vel,40,35,774,reborn
11,const_vel,40,12,452,reborn
11,const_vel,40,7,312,kept
11,const_vel,40,1,141,reborn
11,const_vel,40,6,217,kept
11,const_vel,40,39,536,reborn
11,const_vel,40,25,858,reborn
11,const_vel,40,17,39,reborn
11,const_vel,40,31,376,reborn
11,const_vel,40,14,588,reborn
11,const_vel,40,13,90,reborn
11,rnn,40,32,660,kept
11,rnn,40,35,774,reborn
11,rnn,40,12,452,reborn
11,rnn,40,7,312,reborn
11,rnn,40,1,141,kept
11,rnn,40,6,217,reborn
11,rnn,40,39,536,swapped
11,rnn,40,25,858,reborn
11,rnn,40,17,39,reborn
11,rnn,40,31,376,kept
11,rnn,40,14,588,kept
11,rnn,40,13,90,reborn
11,static,40,25,777,reborn
11,static,40,36,828,reborn
11,static,40,10,498,reborn
11,static,40,32,645,reborn
11,static,40,1,127,kept
11,static,40,5,44,reborn
11,static,40,14,374,kept
11,static,40,13,210,reborn
11,static,40,27,296,reborn
11,static,40,33,708,reborn
11,static,40,39,432,reborn
11,const_vel,40,25,777,reborn
11,const_vel,40,36,828,reborn
11,const_vel,40,10,498,kept
11,const_vel,40,32,645,reborn
11,const_vel,40,1,127,reborn
11,const_vel,40,5,44,reborn
11,const_vel,40,14,374,reborn
11,const_vel,40,13,210,reborn
11,const_vel,40,27,296,reborn
11,const_vel,40,33,708,reborn
11,const_vel,40,39,432,reborn
11,rnn,40,25,777,reborn
11,rnn,40,36,828,reborn
11,rnn,40,10,498,reborn
11,rnn,40,32,645,reborn
11,rnn,40,1,127,kept
11,rnn,40,5,44,reborn
11,rnn,40,14,374,kept
11,rnn,40,13,210,reborn
11,rnn,40,27,296,reborn
11,rnn,40,33,708,reborn
11,rnn,40,39,432,reborn
11,static,40,14,455,kept
11,static,40,1,558,kept
11,static,40,6,23,reborn
11,static,40,89,229,swapped
11,static,40,33,747,reborn
11,static,40,25,687,reborn
11,static,40,7,322,reborn
11,static,40,36,821,reborn
11,static,40,13,100,reborn
11,static,40,32,631,reborn
11,static,40,45,378,reborn
11,static,40,5,172,reborn
11,const_vel,40,14,455,kept
11,const_vel,40,1,558,reborn
11,const_vel,40,6,23,reborn
11,const_vel,40,89,229,reborn
11,const_vel,40,33,747,reborn
11,const_vel,40,25,687,reborn
11,const_vel,40,7,322,reborn
11,const_vel,40,36,821,reborn
11,const_vel,40,13,100,reborn
11,const_vel,40,32,631,reborn
11,const_vel,40,45,378,reborn
11,const_vel,40,5,172,kept
11,rnn,40,14,455,kept
11,rnn,40,1,558,kept
11,rnn,40,6,23,reborn
11,rnn,40,89,229,reborn
11,rnn,40,33,747,kept
11,rnn,40,25,687,reborn
11,rnn,40,7,322,reborn
11,rnn,40,36,821,kept
11,rnn,40,13,100,reborn
11,rnn,40,32,631,kept
11,rnn,40,45,378,kept
11,rnn,40,5,172,reborn
11,static,40,6,198,reborn
11,static,40,25,640,kept
11,static,40,12,500,reborn
11,static,40,1,94,kept
11,static,40,13,31,reborn
11,static,40,89,251,reborn
11,static,40,38,780,reborn
11,static,40,68,847,reborn
11,static,40,14,424,kept
11,static,40,7,365,reborn
11,static,40,32,576,kept
11,static,40,5,145,reborn
11,const_vel,40,6,198,kept
11,const_vel,40,25,640,reborn
11,const_vel,40,12,500,reborn
11,const_vel,40,1,94,reborn
11,const_vel,40,13,31,reborn
11,const_vel,40,89,251,reborn
11,const_vel,40,38,780,reborn
11,const_vel,40,68,847,reborn
11,const_vel,40,14,424,reborn
11,const_vel,40,7,365,reborn
11,const_vel,40,32,576,reborn
11,const_vel,40,5,145,reborn
11,rnn,40,6,198,reborn
11,rnn,40,25,640,kept
11,rnn,40,12,500,reborn
11,rnn,40,1,94,kept
11,rnn,40,13,31,swapped
11,rnn,40,89,251,reborn
11,rnn,40,38,780,reborn
11,rnn,40,68,847,reborn
11,rnn,40,14,424,kept
11,rnn,40,7,365,reborn
11,rnn,40,32,576,reborn
11,rnn,40,5,145,reborn
11,static,50,39,491,kept
11,static,50,13,122,reborn
11,static,50,1,615,kept
11,static,50,25,847,reborn
11,static,50,89,211,reborn
11,static,50,14,301,kept
11,static,50,6,31,reborn
11,static,50,7,366,reborn
11,static,50,12,430,reborn
11,static,50,33,696,reborn
11,static,50,38,774,reborn
11,static,50,32,552,kept
11,const_vel,50,39,491,reborn
11,const_vel,50,13,122,reborn
11,const_vel,50,1,615,reborn
11,const_vel,50,25,847,reborn
11,const_vel,50,89,211,reborn
11,const_vel,50,14,301,reborn
11,const_vel,50,6,31,reborn
11,const_vel,50,7,366,reborn
11,const_vel,50,12,430,reborn
11,const_vel,50,33,696,reborn
11,const_vel,50,38,774,reborn
11,const_vel,50,32,552,reborn
11,rnn,50,39,491,reborn
11,rnn,50,13,122,reborn
11,rnn,50,1,615,reborn
11,rnn,50,25,847,reborn
11,rnn,50,89,211,reborn
11,rnn,50,14,301,reborn
11,rnn,50,6,31,reborn
11,rnn,50,7,366,reborn
11,rnn,50,12,430,kept
11,rnn,50,33,696,swapped
11,rnn,50,38,774,reborn
11,rnn,50,32,552,reborn
11,static,50,33,686,reborn
11,static,50,14,458,kept
11,static,50,1,257,reborn
11,static,50,25,829,kept
11,static,50,5,55,reborn
11,static,50,6,169,reborn
11,static,50,32,568,reborn
11,static,50,45,386,reborn
11,static,50,37,762,reborn
11,static,50,7,319,reborn
11,const_vel,50,33,686,reborn
11,const_vel,50,14,458,reborn
11,const_vel,50,1,257,reborn
11,const_vel,50,25,829,reborn
11,const_vel,50,5,55,reborn
11,const_vel,50,6,169,reborn
11,const_vel,50,32,568,reborn
11,const_vel,50,45,386,reborn
11,const_vel,50,37,762,reborn
11,const_vel,50,7,319,kept
11,rnn,50,33,686,reborn
11,rnn,50,14,458,reborn
11,rnn,50,1,257,reborn
11,rnn,50,25,829,kept
11,rnn,50,5,55,swapped
11,rnn,50,6,169,reborn
11,rnn,50,32,568,reborn
11,rnn,50,45,386,swapped
11,rnn,50,37,762,kept
11,rnn,50,7,319,reborn
11,static,50,14,504,kept
11,static,50,25,305,kept
11,static,50,1,36,kept
11,static,50,39,611,reborn
11,static,50,13,156,kept
11,static,50,12,421,reborn
11,static,50,89,234,reborn
11,static,50,68,848,reborn
11,static,50,35,778,reborn
11,static,50,32,675,reborn
11,const_vel,50,14,504,reborn
11,const_vel,50,25,305,kept
11,const_vel,50,1,36,reborn
11,const_vel,50,39,611,reborn
11,const_vel,50,13,156,reborn
11,const_vel,50,12,421,reborn
11,const_vel,50,89,234,reborn
11,const_vel,50,35,778,reborn
11,const_vel,50,32,675,reborn
11,rnn,50,14,504,kept
11,rnn,50,25,305,reborn
11,rnn,50,1,36,reborn
11,rnn,50,39,611,reborn
11,rnn,50,13,156,reborn
11,rnn,50,12,421,kept
11,rnn,50,89,234,reborn
11,rnn,50,35,778,reborn
11,rnn,50,32,675,reborn
11,static,50,13,83,reborn
11,static,50,42,655,reborn
11,static,50,25,355,reborn
11,static,50,6,197,swapped
11,static,50,14,460,kept
11,static,50,1,784,reborn
11,static,50,7,268,reborn
11,static,50,32,574,kept
11,static,50,5,13,reborn
11,static,50,51,846,reborn
11,static,50,39,721,reborn
11,const_vel,50,13,83,reborn
11,const_vel,50,42,655,reborn
11,const_vel,50,25,355,reborn
11,const_vel,50,6,197,reborn
11,const_vel,50,14,460,reborn
11,const_vel,50,1,784,reborn
11,const_vel,50,7,268,reborn
11,const_vel,50,32,574,reborn
11,const_vel,50,5,13,reborn
11,const_vel,50,51,846,reborn
11,const_vel,50,39,721,reborn
11,rnn,50,13,83,reborn
11,rnn,50,42,655,kept
11,rnn,50,25,355,kept
11,rnn,50,6,197,reborn
11,rnn,50,14,460,reborn
11,rnn,50,1,784,reborn
11,rnn,50,7,268,reborn
11,rnn,50,32,574,reborn
11,rnn,50,5,13,reborn
11,rnn,50,51,846,reborn
11,rnn,50,39,721,reborn
11,static,60,14,433,kept
11,static,60,7,343,reborn
11,static,60,25,829,kept
11,static,60,1,570,kept
11,static,60,13,76,reborn
11,static,60,33,656,reborn
11,static,60,26,162,kept
11,static,60,20,245,swapped
11,static,60,37,757,reborn
11,const_vel,60,14,433,reborn
11,const_vel,60,7,343,reborn
11,const_vel,60,25,829,reborn
11,const_vel,60,1,570,reborn
11,const_vel,60,13,76,reborn
11,const_vel,60,33,656,reborn
11,const_vel,60,26,162,reborn
11,const_vel,60,20,245,reborn
11,const_vel,60,37,757,reborn
11,rnn,60,14,433,kept
11,rnn,60,7,343,reborn
11,rnn,60,25,829,kept
11,rnn,60,1,570,kept
11,rnn,60,13,76,reborn
11,rnn,60,33,656,reborn
11,rnn,60,26,162,reborn
11,rnn,60,20,245,swapped
11,rnn,60,37,757,reborn
11,static,60,25,82,reborn
11,static,60,1,167,kept
11,static,60,89,242,reborn
11,static,60,14,390,kept
11,static,60,39,673,reborn
11,static,60,36,813,swapped
11,static,60,12,470,reborn
11,static,60,32,545,kept
11,static,60,5,10,reborn
11,static,60,7,316,reborn
11,const_vel,60,25,82,reborn
11,const_vel,60,1,167,reborn
11,const_vel,60,89,242,reborn
11,const_vel,60,14,390,reborn
11,const_vel,60,39,673,reborn
11,const_vel,60,36,813,reborn
11,const_vel,60,12,470,reborn
11,const_vel,60,32,545,reborn
11,const_vel,60,5,10,reborn
11,const_vel,60,7,316,reborn
11,rnn,60,25,82,reborn
11,rnn,60,1,167,kept
11,rnn,60,89,242,reborn
11,rnn,60,14,390,kept
11,rnn,60,39,673,reborn
11,rnn,60,36,813,swapped
11,rnn,60,12,470,reborn
11,rnn,60,32,545,reborn
11,rnn,60,5,10,reborn
11,rnn,60,7,316,reborn
11,static,60,89,209,reborn
11,static,60,36,809,swapped
11,static,60,14,34,kept
11,static,60,32,551,reborn
11,static,60,25,408,reborn
11,static,60,1,683,reborn
11,static,60,7,309,reborn
11,static,60,13,110,reborn
11,static,60,12,479,reborn
11,const_vel,60,89,209,reborn
11,const_vel,60,36,809,reborn
11,const_vel,60,14,34,reborn
11,const_vel,60,32,551,reborn
11,const_vel,60,25,408,reborn
11,const_vel,60,1,683,reborn
11,const_vel,60,7,309,reborn
11,const_vel,60,13,110,reborn
11,const_vel,60,12,479,reborn
11,rnn,60,89,209,reborn
11,rnn,60,36,809,swapped
11,rnn,60,14,34,reborn
11,rnn,60,32,551,reborn
11,rnn,60,25,408,reborn
11,rnn,60,1,683,reborn
11,rnn,60,7,309,reborn
11,rnn,60,13,110,reborn
11,rnn,60,12,479,reborn
11,static,60,14,109,kept
11,static,60,39,536,kept
11,static,60,25,837,reborn
11,static,60,7,347,reborn
11,static,60,13,201,reborn
11,static,60,1,645,kept
11,static,60,5,15,reborn
11,static,60,12,421,reborn
11,static,60,37,758,reborn
11,static,60,27,274,reborn
11,const_vel,60,14,109,reborn
11,const_vel,60,39,536,reborn
11,const_vel,60,25,837,reborn
11,const_vel,60,7,347,reborn
11,const_vel,60,13,201,reborn
11,const_vel,60,1,645,reborn
11,const_vel,60,5,15,reborn
11,const_vel,60,12,421,reborn
11,const_vel,60,37,758,reborn
11,const_vel,60,27,274,reborn
11,rnn,60,14,109,reborn
11,rnn,60,39,536,swapped
11,rnn,60,25,837,reborn
11,rnn,60,7,347,reborn
11,rnn,60,13,201,reborn
11,rnn,60,1,645,kept
11,rnn,60,5,15,reborn
11,rnn,60,12,421,reborn
11,rnn,60,37,758,reborn
11,rnn,60,27,274,reborn
09,static,0,4,488,kept
09,static,0,23,233,kept
09,static,0,6,439,kept
09,static,0,12,277,kept
09,static,0,10,402,kept
09,static,0,8,256,kept
09,static,0,1,16,kept
09,static,0,19,178,kept
09,static,0,13,290,kept
09,static,0,29,201,kept
09,static,0,20,152,kept
09,static,0,3,466,kept
09,const_vel,0,4,488,kept
09,const_vel,0,23,233,kept
09,const_vel,0,6,439,kept
09,const_vel,0,12,277,kept
09,const_vel,0,10,402,kept
09,const_vel,0,8,256,kept
09,const_vel,0,1,16,kept
09,const_vel,0,19,178,kept
09,const_vel,0,13,290,kept
09,const_vel,0,29,201,kept
09,const_vel,0,20,152,kept
09,const_vel,0,3,466,kept
09,rnn,0,4,488,kept
09,rnn,0,23,233,kept
09,rnn,0,6,439,kept
09,rnn,0,12,277,kept
09,rnn,0,10,402,kept
09,rnn,0,8,256,kept
09,rnn,0,1,16,kept
09,rnn,0,19,178,kept
09,rnn,0,13,290,kept
09,rnn,0,29,201,kept
09,rnn,0,20,152,kept
09,rnn,0,3,466,kept
09,static,0,19,14,kept
09,static,0,8,213,kept
09,static,0,29,249,kept
09,static,0,7,98,kept
09,static,0,1,124,kept
09,static,0,5,507,kept
09,static,0,22,338,kept
09,static,0,14,453,reborn
09,static,0,3,519,kept
09,static,0,6,408,kept
09,static,0,21,279,kept
09,static,0,13,476,kept
09,const_vel,0,19,14,kept
09,const_vel,0,8,213,kept
09,const_vel,0,29,249,kept
09,const_vel,0,7,98,kept
09,const_vel,0,1,124,kept
09,const_vel,0,5,507,kept
09,const_vel,0,22,338,kept
09,const_vel,0,14,453,kept
09,const_vel,0,3,519,kept
09,const_vel,0,6,408,kept
09,const_vel,0,21,279,kept
09,const_vel,0,13,476,kept
09,rnn,0,19,14,kept
09,rnn,0,8,213,kept
09,rnn,0,29,249,kept
09,rnn,0,7,98,kept
09,rnn,0,1,124,kept
09,rnn,0,5,507,kept
09,rnn,0,22,338,kept
09,rnn,0,14,453,kept
09,rnn,0,3,519,kept
09,rnn,0,6,408,kept
09,rnn,0,21,279,kept
09,rnn,0,13,476,kept
09,static,0,1,68,kept
09,static,0,14,452,kept
09,static,0,4,491,kept
09,static,0,22,269,kept
09,static,0,2,345,kept
09,static,0,7,361,kept
09,static,0,8,152,kept
09,static,0,12,280,kept
09,static,0,29,224,kept
09,static,0,23,184,kept
09,static,0,19,14,kept
09,static,0,20,169,kept
09,const_vel,0,1,68,kept
09,const_vel,0,14,452,kept
09,const_vel,0,4,491,kept
09,const_vel,0,22,269,kept
09,const_vel,0,2,345,kept
09,const_vel,0,7,361,kept
09,const_vel,0,8,152,kept
09,const_vel,0,12,280,kept
09,const_vel,0,29,224,kept
09,const_vel,0,23,184,kept
09,const_vel,0,19,14,kept
09,const_vel,0,20,169,kept
09,rnn,0,1,68,kept
09,rnn,0,14,452,kept
09,rnn,0,4,491,kept
09,rnn,0,22,269,kept
09,rnn,0,2,345,kept
09,rnn,0,7,361,kept
09,rnn,0,8,152,kept
09,rnn,0,12,280,kept
09,rnn,0,29,224,kept
09,rnn,0,23,184,kept
09,rnn,0,19,14,kept
09,rnn,0,20,169,kept
09,static,0,11,503,kept
09,static,0,14,459,kept
09,static,0,22,310,kept
09,static,0,20,115,kept
09,static,0,7,94,kept
09,static,0,6,521,kept
09,static,0,12,235,kept
09,static,0,15,483,kept
09,static,0,29,224,kept
09,static,0,10,211,kept
09,static,0,13,286,kept
09,static,0,18,198,kept
09,const_vel,0,11,503,kept
09,const_vel,0,14,459,kept
09,const_vel,0,22,310,kept
09,const_vel,0,20,115,kept
09,const_vel,0,7,94,kept
09,const_vel,0,6,521,kept
09,const_vel,0,12,235,kept
09,const_vel,0,15,483,kept
09,const_vel,0,29,224,kept
09,const_vel,0,10,211,kept
09,const_vel,0,13,286,kept
09,const_vel,0,18,198,kept
09,rnn,0,11,503,kept
09,rnn,0,14,459,kept
09,rnn,0,22,310,kept
09,rnn,0,20,115,kept
09,rnn,0,7,94,kept
09,rnn,0,6,521,kept
09,rnn,0,12,235,kept
09,rnn,0,15,483,kept
09,rnn,0,29,224,kept
09,rnn,0,10,211,kept
09,rnn,0,13,286,kept
09,rnn,0,18,198,kept
09,static,1,2,460,kept
09,static,1,10,383,kept
09,static,1,9,479,kept
09,static,1,20,131,kept
09,static,1,22,51,kept
09,static,1,29,264,kept
09,static,1,8,210,kept
09,static,1,23,166,kept
09,static,1,12,355,kept
09,static,1,21,286,kept
09,static,1,6,405,kept
09,static,1,15,520,kept
09,const_vel,1,2,460,kept
09,const_vel,1,10,383,kept
09,const_vel,1,9,479,kept
09,const_vel,1,20,131,kept
09,const_vel,1,22,51,kept
09,const_vel,1,29,264,kept
09,const_vel,1,8,210,kept
09,const_vel,1,23,166,kept
09,const_vel,1,12,355,kept
09,const_vel,1,21,286,kept
09,const_vel,1,6,405,kept
09,const_vel,1,15,520,kept
09,rnn,1,2,460,kept
09,rnn,1,10,383,kept
09,rnn,1,9,479,kept
09,rnn,1,20,131,kept
09,rnn,1,22,51,kept
09,rnn,1,29,264,kept
09,rnn,1,8,210,kept
09,rnn,1,23,166,kept
09,rnn,1,12,355,kept
09,rnn,1,21,286,kept
09,rnn,1,6,405,kept
09,rnn,1,15,520,kept
09,static,1,8,151,kept
09,static,1,23,224,kept
09,static,1,20,44,kept
09,static,1,21,282,kept
09,static,1,11,239,kept
09,static,1,2,356,kept
09,static,1,19,75,kept
09,static,1,6,393,kept
09,static,1,3,477,kept
09,static,1,4,497,kept
09,static,1,1,22,kept
09,static,1,22,198,kept
09,const_vel,1,8,151,kept
09,const_vel,1,23,224,kept
09,const_vel,1,20,44,kept
09,const_vel,1,21,282,kept
09,const_vel,1,11,239,kept
09,const_vel,1,2,356,kept
09,const_vel,1,19,75,kept
09,const_vel,1,6,393,kept
09,const_vel,1,3,477,kept
09,const_vel,1,4,497,kept
09,const_vel,1,1,22,kept
09,const_vel,1,22,198,kept
09,rnn,1,8,151,kept
09,rnn,1,23,224,kept
09,rnn,1,20,44,kept
09,rnn,1,21,282,kept
09,rnn,1,11,239,kept
09,rnn,1,2,356,kept
09,rnn,1,19,75,kept
09,rnn,1,6,393,kept
09,rnn,1,3,477,kept
09,rnn,1,4,497,kept
09,rnn,1,1,22,kept
09,rnn,1,22,198,kept
09,static,1,4,466,kept
09,static,1,12,232,kept
09,static,1,7,130,kept
09,static,1,13,322,reborn
09,static,1,19,154,kept
09,static,1,21,297,kept
09,static,1,22,192,kept
09,static,1,3,415,kept
09,static,1,23,75,kept
09,static,1,9,503,kept
09,static,1,20,115,kept
09,static,1,18,262,kept
09,const_vel,1,4,466,kept
09,const_vel,1,12,232,kept
09,const_vel,1,7,130,kept
09,const_vel,1,13,322,reborn
09,const_vel,1,19,154,kept
09,const_vel,1,21,297,kept
09,const_vel,1,22,192,kept
09,const_vel,1,3,415,kept
09,const_vel,1,23,75,kept
09,const_vel,1,9,503,kept
09,const_vel,1,20,115,kept
09,const_vel,1,18,262,kept
09,rnn,1,4,466,kept
09,rnn,1,12,232,kept
09,rnn,1,7,130,kept
09,rnn,1,13,322,reborn
09,rnn,1,19,154,kept
09,rnn,1,21,297,kept
09,rnn,1,22,192,kept
09,rnn,1,3,415,kept
09,rnn,1,23,75,kept
09,rnn,1,9,503,kept
09,rnn,1,20,115,kept
09,rnn,1,18,262,kept
09,static,1,20,59,kept
09,static,1,3,413,kept
09,static,1,22,275,kept
09,static,1,11,489,kept
09,static,1,8,263,kept
09,static,1,7,145,kept
09,static,1,29,225,kept
09,static,1,23,186,kept
09,static,1,21,332,kept
09,static,1,19,71,kept
09,static,1,2,371,kept
09,static,1,6,449,kept
09,const_vel,1,20,59,kept
09,const_vel,1,3,413,kept
09,const_vel,1,22,275,kept
09,const_vel,1,11,489,kept
09,const_vel,1,8,263,kept
09,const_vel,1,7,145,kept
09,const_vel,1,29,225,kept
09,const_vel,1,23,186,kept
09,const_vel,1,21,332,kept
09,const_vel,1,19,71,kept
09,const_vel,1,2,371,kept
09,const_vel,1,6,449,kept
09,rnn,1,20,59,kept
09,rnn,1,3,413,kept
09,rnn,1,22,275,kept
09,rnn,1,11,489,kept
09,rnn,1,8,263,kept
09,rnn,1,7,145,kept
09,rnn,1,29,225,kept
09,rnn,1,23,186,kept
09,rnn,1,21,332,kept
09,rnn,1,19,71,kept
09,rnn,1,2,371,kept
09,rnn,1,6,449,kept
09,static,2,21,283,kept
09,static,2,12,260,kept
09,static,2,11,235,kept
09,static,2,1,155,kept
09,static,2,19,86,kept
09,static,2,5,492,kept
09,static,2,22,27,kept
09,static,2,6,401,kept
09,static,2,15,512,kept
09,static,2,20,67,kept
09,static,2,14,450,kept
09,static,2,7,135,kept
09,const_vel,2,21,283,kept
09,const_vel,2,12,260,kept
09,const_vel,2,11,235,kept
09,const_vel,2,1,155,kept
09,const_vel,2,19,86,kept
09,const_vel,2,5,492,kept
09,const_vel,2,22,27,kept
09,const_vel,2,6,401,kept
09,const_vel,2,15,512,kept
09,const_vel,2,20,67,kept
09,const_vel,2,14,450,kept
09,const_vel,2,7,135,kept
09,rnn,2,21,283,kept
09,rnn,2,12,260,kept
09,rnn,2,11,235,kept
09,rnn,2,1,155,kept
09,rnn,2,19,86,kept
09,rnn,2,5,492,kept
09,rnn,2,22,27,kept
09,rnn,2,6,401,kept
09,rnn,2,15,512,kept
09,rnn,2,20,67,kept
09,rnn,2,14,450,kept
09,rnn,2,7,135,kept
09,static,2,8,205,kept
09,static,2,5,500,kept
09,static,2,20,167,kept
09,static,2,22,276,kept
09,static,2,3,417,kept
09,static,2,2,450,kept
09,static,2,6,394,kept
09,static,2,1,83,kept
09,static,2,11,227,kept
09,static,2,21,257,kept
09,static,2,19,116,kept
09,static,2,14,473,kept
09,const_vel,2,8,205,kept
09,const_vel,2,5,500,kept
09,const_vel,2,20,167,kept
09,const_vel,2,22,276,kept
09,const_vel,2,3,417,kept
09,const_vel,2,2,450,kept
09,const_vel,2,6,394,kept
09,const_vel,2,1,83,kept
09,const_vel,2,11,227,kept
09,const_vel,2,21,257,kept
09,const_vel,2,19,116,kept
09,const_vel,2,14,473,kept
09,rnn,2,8,205,kept
09,rnn,2,5,500,kept
09,rnn,2,20,167,kept
09,rnn,2,22,276,kept
09,rnn,2,3,417,kept
09,rnn,2,2,450,kept
09,rnn,2,6,394,kept
09,rnn,2,1,83,kept
09,rnn,2,11,227,kept
09,rnn,2,21,257,kept
09,rnn,2,19,116,kept
09,rnn,2,14,473,kept
09,static,2,7,372,kept
09,static,2,20,52,kept
09,static,2,29,240,kept
09,static,2,11,487,kept
09,static,2,10,392,kept
09,static,2,22,194,kept
09,static,2,12,312,kept
09,static,2,14,517,kept
09,static,2,1,116,kept
09,static,2,21,341,kept
09,static,2,3,466,kept
09,static,2,9,500,kept
09,const_vel,2,7,372,kept
09,const_vel,2,20,52,kept
09,const_vel,2,29,240,kept
09,const_vel,2,11,487,kept
09,const_vel,2,10,392,kept
09,const_vel,2,22,194,kept
09,const_vel,2,12,312,kept
09,const_vel,2,14,517,kept
09,const_vel,2,1,116,kept
09,const_vel,2,21,341,kept
09,const_vel,2,3,466,kept
09,const_vel,2,9,500,kept
09,rnn,2,7,372,kept
09,rnn,2,20,52,kept
09,rnn,2,29,240,kept
09,rnn,2,11,487,kept
09,rnn,2,10,392,kept
09,rnn,2,22,194,kept
09,rnn,2,12,312,kept
09,rnn,2,14,517,kept
09,rnn,2,1,116,kept
09,rnn,2,21,341,kept
09,rnn,2,3,466,kept
09,rnn,2,9,500,kept
09,static,2,20,83,kept
09,static,2,2,342,kept
09,static,2,6,464,kept
09,static,2,21,293,kept
09,static,2,11,307,kept
09,static,2,3,501,kept
09,static,2,22,200,kept
09,static,2,29,234,kept
09,static,2,7,147,kept
09,static,2,12,252,kept
09,static,2,19,170,kept
09,static,2,10,407,kept
09,const_vel,2,20,83,kept
09,const_vel,2,2,342,kept
09,const_vel,2,6,464,kept
09,const_vel,2,21,293,kept
09,const_vel,2,11,307,kept
09,const_vel,2,3,501,kept
09,const_vel,2,22,200,kept
09,const_vel,2,29,234,kept
09,const_vel,2,7,147,kept
09,const_vel,2,12,252,kept
09,const_vel,2,19,170,kept
09,const_vel,2,10,407,kept
09,rnn,2,20,83,kept
09,rnn,2,2,342,kept
09,rnn,2,6,464,kept
09,rnn,2,21,293,kept
09,rnn,2,11,307,kept
09,rnn,2,3,501,kept
09,rnn,2,22,200,kept
09,rnn,2,29,234,kept
09,rnn,2,7,147,kept
09,rnn,2,12,252,kept
09,rnn,2,19,170,kept
09,rnn,2,10,407,kept
09,static,3,10,266,kept
09,static,3,1,14,kept
09,static,3,5,519,reborn
09,static,3,2,363,kept
09,static,3,29,234,kept
09,static,3,4,500,kept
09,static,3,13,308,kept
09,static,3,23,172,kept
09,static,3,22,79,kept
09,static,3,19,157,kept
09,static,3,8,293,kept
09,static,3,3,393,kept
09,const_vel,3,10,266,kept
09,const_vel,3,1,14,kept
09,const_vel,3,5,519,kept
09,const_vel,3,2,363,kept
09,const_vel,3,29,234,kept
09,const_vel,3,4,500,kept
09,const_vel,3,13,308,kept
09,const_vel,3,23,172,kept
09,const_vel,3,22,79,kept
09,const_vel,3,19,157,kept
09,const_vel,3,8,293,kept
09,const_vel,3,3,393,kept
09,rnn,3,10,266,kept
09,rnn,3,1,14,kept
09,rnn,3,5,519,kept
09,rnn,3,2,363,kept
09,rnn,3,29,234,kept
09,rnn,3,4,500,kept
09,rnn,3,13,308,kept
09,rnn,3,23,172,kept
09,rnn,3,22,79,kept
09,rnn,3,19,157,kept
09,rnn,3,8,293,kept
09,rnn,3,3,393,kept
09,static,3,22,180,kept
09,static,3,8,227,kept
09,static,3,4,489,kept
09,static,3,19,141,kept
09,static,3,6,452,kept
09,static,3,12,283,reborn
09,static,3,2,338,kept
09,static,3,7,115,kept
09,static,3,13,257,reborn
09,static,3,20,61,kept
09,static,3,21,33,kept
09,static,3,23,84,kept
09,const_vel,3,22,180,kept
09,const_vel,3,8,227,kept
09,const_vel,3,4,489,kept
09,const_vel,3,19,141,kept
09,const_vel,3,6,452,kept
09,const_vel,3,12,283,reborn
09,const_vel,3,2,338,kept
09,const_vel,3,7,115,kept
09,const_vel,3,13,257,reborn
09,const_vel,3,20,61,kept
09,const_vel,3,21,33,kept
09,const_vel,3,23,84,kept
09,rnn,3,22,180,kept
09,rnn,3,8,227,kept
09,rnn,3,4,489,kept
09,rnn,3,19,141,kept
09,rnn,3,6,452,kept
09,rnn,3,12,283,kept
09,rnn,3,2,338,kept
09,rnn,3,7,115,kept
09,rnn,3,13,257,kept
09,rnn,3,20,61,kept
09,rnn,3,21,33,kept
09,rnn,3,23,84,kept
09,static,3,3,513,kept
09,static,3,12,238,reborn
09,static,3,1,90,kept
09,static,3,20,104,kept
09,static,3,6,478,kept
09,static,3,29,278,reborn
09,static,3,21,52,kept
09,static,3,10,220,kept
09,static,3,2,365,kept
09,static,3,19,129,kept
09,static,3,8,331,kept
09,static,3,7,383,kept
09,const_vel,3,3,513,kept
09,const_vel,3,12,238,kept
09,const_vel,3,1,90,kept
09,const_vel,3,20,104,kept
09,const_vel,3,6,478,kept
09,const_vel,3,29,278,kept
09,const_vel,3,21,52,kept
09,const_vel,3,10,220,kept
09,const_vel,3,2,365,kept
09,const_vel,3,19,129,kept
09,const_vel,3,8,331,kept
09,const_vel,3,7,383,kept
09,rnn,3,3,513,kept
09,rnn,3,12,238,kept
09,rnn,3,1,90,kept
09,rnn,3,20,104,kept
09,rnn,3,6,478,kept
09,rnn,3,29,278,kept
09,rnn,3,21,52,kept
09,rnn,3,10,220,kept
09,rnn,3,2,365,kept
09,rnn,3,19,129,kept
09,rnn,3,8,331,kept
09,rnn,3,7,383,kept
09,static,3,2,389,kept
09,static,3,23,64,kept
09,static,3,20,94,kept
09,static,3,8,245,kept
09,static,3,13,370,kept
09,static,3,3,408,kept
09,static,3,1,145,kept
09,static,3,10,293,kept
09,static,3,6,518,kept
09,static,3,12,355,kept
09,static,3,22,34,kept
09,static,3,18,204,kept
09,const_vel,3,2,389,kept
09,const_vel,3,23,64,kept
09,const_vel,3,20,94,kept
09,const_vel,3,8,245,kept
09,const_vel,3,13,370,reborn
09,const_vel,3,3,408,kept
09,const_vel,3,1,145,kept
09,const_vel,3,10,293,kept
09,const_vel,3,6,518,kept
09,const_vel,3,12,355,kept
09,const_vel,3,22,34,kept
09,const_vel,3,18,204,kept
09,rnn,3,2,389,kept
09,rnn,3,23,64,kept
09,rnn,3,20,94,kept
09,rnn,3,8,245,kept
09,rnn,3,13,370,kept
09,rnn,3,3,408,kept
09,rnn,3,1,145,kept
09,rnn,3,10,293,kept
09,rnn,3,6,518,kept
09,rnn,3,12,355,kept
09,rnn,3,22,34,kept
09,rnn,3,18,204,kept
09,static,5,14,463,kept
09,static,5,21,335,kept
09,static,5,11,486,kept
09,static,5,19,159,kept
09,static,5,7,77,kept
09,static,5,23,211,kept
09,static,5,2,418,kept
09,static,5,13,290,kept
09,static,5,20,182,kept
09,static,5,29,259,kept
09,static,5,6,372,kept
09,static,5,12,236,reborn
09,const_vel,5,14,463,kept
09,const_vel,5,21,335,kept
09,const_vel,5,11,486,kept
09,const_vel,5,19,159,kept
09,const_vel,5,7,77,kept
09,const_vel,5,23,211,kept
09,const_vel,5,2,418,kept
09,const_vel,5,13,290,kept
09,const_vel,5,20,182,kept
09,const_vel,5,29,259,kept
09,const_vel,5,6,372,kept
09,const_vel,5,12,236,kept
09,rnn,5,14,463,kept
09,rnn,5,21,335,kept
09,rnn,5,11,486,kept
09,rnn,5,19,159,kept
09,rnn,5,7,77,kept
09,rnn,5,23,211,kept
09,rnn,5,2,418,kept
09,rnn,5,13,290,kept
09,rnn,5,20,182,kept
09,rnn,5,29,259,kept
09,rnn,5,6,372,kept
09,rnn,5,12,236,kept
09,static,5,21,299,kept
09,static,5,23,215,kept
09,static,5,11,485,kept
09,static,5,19,38,kept
09,static,5,7,378,kept
09,static,5,3,411,kept
09,static,5,22,327,kept
09,static,5,10,265,kept
09,static,5,6,510,reborn
09,static,5,12,354,kept
09,static,5,20,150,kept
09,static,5,1,133,kept
09,const_vel,5,21,299,kept
09,const_vel,5,23,215,reborn
09,const_vel,5,11,485,reborn
09,const_vel,5,19,38,kept
09,const_vel,5,7,378,reborn
09,const_vel,5,3,411,kept
09,const_vel,5,22,327,kept
09,const_vel,5,10,265,kept
09,const_vel,5,6,510,kept
09,const_vel,5,12,354,reborn
09,const_vel,5,20,150,kept
09,const_vel,5,1,133,kept
09,rnn,5,21,299,kept
09,rnn,5,23,215,kept
09,rnn,5,11,485,kept
09,rnn,5,19,38,kept
09,rnn,5,7,378,kept
09,rnn,5,3,411,kept
09,rnn,5,22,327,kept
09,rnn,5,10,265,kept
09,rnn,5,6,510,kept
09,rnn,5,12,354,kept
09,rnn,5,20,150,kept
09,rnn,5,1,133,kept
09,static,5,22,258,kept
09,static,5,21,332,kept
09,static,5,6,378,kept
09,static,5,19,134,kept
09,static,5,2,401,kept
09,static,5,13,282,reborn
09,static,5,5,518,reborn
09,static,5,11,491,kept
09,static,5,20,34,kept
09,static,5,12,303,kept
09,static,5,7,114,kept
09,static,5,29,225,kept
09,const_vel,5,22,258,kept
09,const_vel,5,21,332,kept
09,const_vel,5,6,378,kept
09,const_vel,5,19,134,kept
09,const_vel,5,2,401,kept
09,const_vel,5,13,282,kept
09,const_vel,5,5,518,reborn
09,const_vel,5,11,491,reborn
09,const_vel,5,20,34,kept
09,const_vel,5,12,303,kept
09,const_vel,5,7,114,kept
09,const_vel,5,29,225,kept
09,rnn,5,22,258,kept
09,rnn,5,21,332,kept
09,rnn,5,6,378,kept
09,rnn,5,19,134,kept
09,rnn,5,2,401,kept
09,rnn,5,13,282,kept
09,rnn,5,5,518,kept
09,rnn,5,11,491,kept
09,rnn,5,20,34,kept
09,rnn,5,12,303,kept
09,rnn,5,7,114,kept
09,rnn,5,29,225,kept
09,static,5,3,509,kept
09,static,5,23,219,kept
09,static,5,1,97,kept
09,static,5,11,321,kept
09,static,5,19,50,kept
09,static,5,7,80,kept
09,static,5,2,342,kept
09,static,5,29,247,kept
09,static,5,10,405,kept
09,static,5,20,155,kept
09,static,5,14,476,kept
09,static,5,21,293,kept
09,const_vel,5,3,509,kept
09,const_vel,5,23,219,kept
09,const_vel,5,1,97,kept
09,const_vel,5,11,321,kept
09,const_vel,5,19,50,kept
09,const_vel,5,7,80,kept
09,const_vel,5,2,342,kept
09,const_vel,5,29,247,kept
09,const_vel,5,10,405,swapped
09,const_vel,5,20,155,kept
09,const_vel,5,14,476,kept
09,const_vel,5,21,293,kept
09,rnn,5,3,509,kept
09,rnn,5,23,219,kept
09,rnn,5,1,97,kept
09,rnn,5,11,321,kept
09,rnn,5,19,50,kept
09,rnn,5,7,80,kept
09,rnn,5,2,342,kept
09,rnn,5,29,247,kept
09,rnn,5,10,405,kept
09,rnn,5,20,155,kept
09,rnn,5,14,476,kept
09,rnn,5,21,293,kept
09,static,8,2,328,kept
09,static,8,4,492,kept
09,static,8,22,363,kept
09,static,8,20,106,kept
09,static,8,3,410,reborn
09,static,8,14,454,reborn
09,static,8,13,270,reborn
09,static,8,8,144,kept
09,static,8,23,198,kept
09,static,8,7,79,kept
09,static,8,19,36,kept
09,static,8,1,10,kept
09,const_vel,8,2,328,kept
09,const_vel,8,4,492,kept
09,const_vel,8,22,363,reborn
09,const_vel,8,20,106,kept
09,const_vel,8,3,410,kept
09,const_vel,8,14,454,kept
09,const_vel,8,13,270,kept
09,const_vel,8,8,144,reborn
09,const_vel,8,23,198,kept
09,const_vel,8,7,79,kept
09,const_vel,8,19,36,kept
09,const_vel,8,1,10,reborn
09,rnn,8,2,328,kept
09,rnn,8,4,492,kept
09,rnn,8,22,363,kept
09,rnn,8,20,106,kept
09,rnn,8,3,410,kept
09,rnn,8,14,454,kept
09,rnn,8,13,270,kept
09,rnn,8,8,144,kept
09,rnn,8,23,198,kept
09,rnn,8,7,79,kept
09,rnn,8,19,36,kept
09,rnn,8,1,10,kept
09,static,8,12,336,kept
09,static,8,22,277,kept
09,static,8,19,108,kept
09,static,8,3,508,kept
09,static,8,6,451,reborn
09,static,8,10,252,kept
09,static,8,14,480,swapped
09,static,8,20,74,kept
09,static,8,23,206,kept
09,static,8,2,375,kept
09,static,8,1,138,kept
09,static,8,11,313,kept
09,const_vel,8,12,336,kept
09,const_vel,8,22,277,kept
09,const_vel,8,19,108,kept
09,const_vel,8,3,508,kept
09,const_vel,8,6,451,kept
09,const_vel,8,10,252,reborn
09,const_vel,8,14,480,kept
09,const_vel,8,20,74,kept
09,const_vel,8,23,206,kept
09,const_vel,8,2,375,kept
09,const_vel,8,1,138,kept
09,const_vel,8,11,313,reborn
09,rnn,8,12,336,kept
09,rnn,8,22,277,kept
09,rnn,8,19,108,kept
09,rnn,8,3,508,kept
09,rnn,8,6,451,kept
09,rnn,8,10,252,kept
09,rnn,8,14,480,kept
09,rnn,8,20,74,kept
09,rnn,8,23,206,kept
09,rnn,8,2,375,kept
09,rnn,8,1,138,kept
09,rnn,8,11,313,kept
09,static,8,1,77,kept
09,static,8,13,285,kept
09,static,8,3,514,reborn
09,static,8,19,127,kept
09,static,8,11,493,kept
09,static,8,6,433,kept
09,static,8,21,258,kept
09,static,8,22,363,kept
09,static,8,23,182,kept
09,static,8,10,215,reborn
09,static,8,20,56,kept
09,static,8,29,238,kept
09,const_vel,8,1,77,kept
09,const_vel,8,13,285,reborn
09,const_vel,8,3,514,kept
09,const_vel,8,19,127,kept
09,const_vel,8,11,493,kept
09,const_vel,8,6,433,kept
09,const_vel,8,21,258,kept
09,const_vel,8,22,363,reborn
09,const_vel,8,23,182,reborn
09,const_vel,8,10,215,kept
09,const_vel,8,20,56,kept
09,const_vel,8,29,238,kept
09,rnn,8,1,77,kept
09,rnn,8,13,285,kept
09,rnn,8,3,514,kept
09,rnn,8,19,127,kept
09,rnn,8,11,493,kept
09,rnn,8,6,433,kept
09,rnn,8,21,258,kept
09,rnn,8,22,363,kept
09,rnn,8,23,182,kept
09,rnn,8,10,215,kept
09,rnn,8,20,56,kept
09,rnn,8,29,238,kept
09,static,8,10,253,kept
09,static,8,5,509,swapped
09,static,8,19,159,kept
09,static,8,14,480,swapped
09,static,8,20,50,kept
09,static,8,22,72,kept
09,static,8,13,328,swapped
09,static,8,23,210,kept
09,static,8,8,276,kept
09,static,8,3,443,reborn
09,static,8,21,12,kept
09,static,8,12,307,kept
09,const_vel,8,10,253,kept
09,const_vel,8,5,509,kept
09,const_vel,8,19,159,kept
09,const_vel,8,14,480,kept
09,const_vel,8,20,50,kept
09,const_vel,8,22,72,kept
09,const_vel,8,13,328,kept
09,const_vel,8,23,210,kept
09,const_vel,8,8,276,reborn
09,const_vel,8,3,443,kept
09,const_vel,8,21,12,kept
09,const_vel,8,12,307,kept
09,rnn,8,10,253,kept
09,rnn,8,5,509,kept
09,rnn,8,19,159,kept
09,rnn,8,14,480,kept
09,rnn,8,20,50,kept
09,rnn,8,22,72,kept
09,rnn,8,13,328,kept
09,rnn,8,23,210,kept
09,rnn,8,8,276,kept
09,rnn,8,3,443,kept
09,rnn,8,21,12,kept
09,rnn,8,12,307,kept
09,static,10,6,375,reborn
09,static,10,12,245,swapped
09,static,10,14,503,swapped
09,static,10,3,447,reborn
09,static,10,13,328,swapped
09,static,10,23,59,reborn
09,static,10,20,187,kept
09,static,10,18,271,kept
09,static,10,19,148,kept
09,static,10,22,14,kept
09,static,10,10,213,reborn
09,static,10,1,110,kept
09,const_vel,10,6,375,kept
09,const_vel,10,12,245,kept
09,const_vel,10,14,503,kept
09,const_vel,10,3,447,kept
09,const_vel,10,13,328,kept
09,const_vel,10,23,59,reborn
09,const_vel,10,20,187,kept
09,const_vel,10,18,271,kept
09,const_vel,10,19,148,kept
09,const_vel,10,22,14,kept
09,const_vel,10,10,213,reborn
09,const_vel,10,1,110,reborn
09,rnn,10,6,375,kept
09,rnn,10,12,245,kept
09,rnn,10,14,503,kept
09,rnn,10,3,447,kept
09,rnn,10,13,328,kept
09,rnn,10,23,59,kept
09,rnn,10,20,187,kept
09,rnn,10,18,271,kept
09,rnn,10,19,148,kept
09,rnn,10,22,14,kept
09,rnn,10,10,213,kept
09,rnn,10,1,110,kept
09,static,10,2,420,reborn
09,static,10,21,12,kept
09,static,10,14,512,reborn
09,static,10,19,55,kept
09,static,10,6,476,swapped
09,static,10,7,106,kept
09,static,10,10,161,swapped
09,static,10,22,370,reborn
09,static,10,13,304,kept
09,static,10,3,448,reborn
09,static,10,1,81,kept
09,static,10,12,275,reborn
09,const_vel,10,2,420,kept
09,const_vel,10,21,12,kept
09,const_vel,10,14,512,reborn
09,const_vel,10,19,55,kept
09,const_vel,10,6,476,reborn
09,const_vel,10,7,106,kept
09,const_vel,10,10,161,kept
09,const_vel,10,22,370,kept
09,const_vel,10,13,304,kept
09,const_vel,10,3,448,reborn
09,const_vel,10,1,81,reborn
09,const_vel,10,12,275,kept
09,rnn,10,2,420,kept
09,rnn,10,21,12,kept
09,rnn,10,14,512,kept
09,rnn,10,19,55,kept
09,rnn,10,6,476,kept
09,rnn,10,7,106,kept
09,rnn,10,10,161,kept
09,rnn,10,22,370,kept
09,rnn,10,13,304,kept
09,rnn,10,3,448,kept
09,rnn,10,1,81,kept
09,rnn,10,12,275,kept
09,static,10,11,323,reborn
09,static,10,3,426,reborn
09,static,10,6,389,reborn
09,static,10,12,264,reborn
09,static,10,20,89,kept
09,static,10,1,13,kept
09,static,10,10,236,kept
09,static,10,23,211,kept
09,static,10,9,494,reborn
09,static,10,19,169,kept
09,static,10,22,349,kept
09,static,10,18,290,kept
09,const_vel,10,11,323,kept
09,const_vel,10,3,426,kept
09,const_vel,10,6,389,kept
09,const_vel,10,12,264,reborn
09,const_vel,10,20,89,kept
09,const_vel,10,1,13,kept
09,const_vel,10,10,236,kept
09,const_vel,10,23,211,reborn
09,const_vel,10,9,494,reborn
09,const_vel,10,19,169,kept
09,const_vel,10,22,349,reborn
09,const_vel,10,18,290,reborn
09,rnn,10,11,323,kept
09,rnn,10,3,426,kept
09,rnn,10,6,389,kept
09,rnn,10,12,264,kept
09,rnn,10,20,89,kept
09,rnn,10,1,13,kept
09,rnn,10,10,236,kept
09,rnn,10,23,211,kept
09,rnn,10,9,494,kept
09,rnn,10,19,169,kept
09,rnn,10,22,349,reborn
09,rnn,10,18,290,kept
09,static,10,2,365,kept
09,static,10,4,479,kept
09,static,10,22,260,kept
09,static,10,7,116,kept
09,static,10,23,177,kept
09,static,10,21,17,kept
09,static,10,1,68,kept
09,static,10,10,218,reborn
09,static,10,19,142,kept
09,static,10,8,284,swapped
09,static,10,20,46,kept
09,static,10,6,457,reborn
09,const_vel,10,2,365,reborn
09,const_vel,10,4,479,kept
09,const_vel,10,22,260,reborn
09,const_vel,10,7,116,kept
09,const_vel,10,23,177,reborn
09,const_vel,10,21,17,reborn
09,const_vel,10,1,68,kept
09,const_vel,10,10,218,reborn
09,const_vel,10,19,142,kept
09,const_vel,10,8,284,swapped
09,const_vel,10,20,46,kept
09,const_vel,10,6,457,reborn
09,rnn,10,2,365,kept
09,rnn,10,4,479,kept
09,rnn,10,22,260,kept
09,rnn,10,7,116,kept
09,rnn,10,23,177,kept
09,rnn,10,21,17,kept
09,rnn,10,1,68,kept
09,rnn,10,10,218,kept
09,rnn,10,19,142,kept
09,rnn,10,8,284,kept
09,rnn,10,20,46,kept
09,rnn,10,6,457,kept
09,static,15,6,437,reborn
09,static,15,20,143,kept
09,static,15,19,22,kept
09,static,15,1,96,kept
09,static,15,23,175,kept
09,static,15,12,324,kept
09,static,15,10,249,reborn
09,static,15,11,479,kept
09,static,15,2,393,reborn
09,static,15,22,223,reborn
09,static,15,21,362,reborn
09,static,15,13,277,reborn
09,const_vel,15,6,437,kept
09,const_vel,15,20,143,kept
09,const_vel,15,19,22,kept
09,const_vel,15,1,96,reborn
09,const_vel,15,23,175,reborn
09,const_vel,15,12,324,reborn
09,const_vel,15,10,249,reborn
09,const_vel,15,11,479,kept
09,const_vel,15,2,393,kept
09,const_vel,15,22,223,reborn
09,const_vel,15,21,362,kept
09,const_vel,15,13,277,reborn
09,rnn,15,6,437,kept
09,rnn,15,20,143,kept
09,rnn,15,19,22,kept
09,rnn,15,1,96,kept
09,rnn,15,23,175,kept
09,rnn,15,12,324,kept
09,rnn,15,10,249,kept
09,rnn,15,11,479,kept
09,rnn,15,2,393,kept
09,rnn,15,22,223,kept
09,rnn,15,21,362,kept
09,rnn,15,13,277,reborn
09,static,15,19,65,kept
09,static,15,23,204,kept
09,static,15,12,322,kept
09,static,15,13,243,swapped
09,static,15,3,462,reborn
09,static,15,6,502,reborn
09,static,15,18,290,kept
09,static,15,8,151,swapped
09,static,15,2,384,kept
09,static,15,1,101,kept
09,static,15,22,354,swapped
09,static,15,21,11,kept
09,const_vel,15,19,65,reborn
09,const_vel,15,23,204,kept
09,const_vel,15,12,322,kept
09,const_vel,15,13,243,kept
09,const_vel,15,3,462,kept
09,const_vel,15,6,502,reborn
09,const_vel,15,18,290,reborn
09,const_vel,15,8,151,reborn
09,const_vel,15,2,384,kept
09,const_vel,15,1,101,kept
09,const_vel,15,22,354,swapped
09,const_vel,15,21,11,reborn
09,rnn,15,19,65,kept
09,rnn,15,23,204,kept
09,rnn,15,12,322,kept
09,rnn,15,13,243,kept
09,rnn,15,3,462,kept
09,rnn,15,6,502,kept
09,rnn,15,18,290,reborn
09,rnn,15,8,151,swapped
09,rnn,15,2,384,kept
09,rnn,15,1,101,kept
09,rnn,15,22,354,reborn
09,rnn,15,21,11,kept
09,static,15,8,168,reborn
09,static,15,13,288,kept
09,static,15,22,28,kept
09,static,15,6,405,reborn
09,static,15,23,194,kept
09,static,15,14,451,reborn
09,static,15,12,235,reborn
09,static,15,21,79,kept
09,static,15,19,124,kept
09,static,15,5,503,swapped
09,static,15,29,262,reborn
09,static,15,7,346,reborn
09,const_vel,15,8,168,kept
09,const_vel,15,13,288,reborn
09,const_vel,15,22,28,kept
09,const_vel,15,6,405,kept
09,const_vel,15,23,194,reborn
09,const_vel,15,14,451,reborn
09,const_vel,15,12,235,kept
09,const_vel,15,21,79,reborn
09,const_vel,15,19,124,kept
09,const_vel,15,5,503,swapped
09,const_vel,15,29,262,kept
09,const_vel,15,7,346,reborn
09,rnn,15,8,168,kept
09,rnn,15,13,288,reborn
09,rnn,15,22,28,kept
09,rnn,15,6,405,kept
09,rnn,15,23,194,kept
09,rnn,15,14,451,kept
09,rnn,15,12,235,kept
09,rnn,15,21,79,kept
09,rnn,15,19,124,kept
09,rnn,15,5,503,kept
09,rnn,15,29,262,kept
09,rnn,15,7,346,reborn
09,static,15,2,346,kept
09,static,15,20,130,kept
09,static,15,22,48,kept
09,static,15,12,275,swapped
09,static,15,19,96,kept
09,static,15,23,192,kept
09,static,15,14,481,reborn
09,static,15,3,433,reborn
09,static,15,8,230,reborn
09,static,15,10,392,reborn
09,static,15,13,304,reborn
09,static,15,1,8,kept
09,const_vel,15,2,346,reborn
09,const_vel,15,20,130,kept
09,const_vel,15,22,48,kept
09,const_vel,15,12,275,kept
09,const_vel,15,19,96,kept
09,const_vel,15,23,192,reborn
09,const_vel,15,14,481,swapped
09,const_vel,15,3,433,reborn
09,const_vel,15,8,230,reborn
09,const_vel,15,10,392,kept
09,const_vel,15,13,304,kept
09,const_vel,15,1,8,reborn
09,rnn,15,2,346,kept
09,rnn,15,20,130,kept
09,rnn,15,22,48,kept
09,rnn,15,12,275,kept
09,rnn,15,19,96,kept
09,rnn,15,23,192,kept
09,rnn,15,14,481,reborn
09,rnn,15,3,433,kept
09,rnn,15,8,230,kept
09,rnn,15,10,392,kept
09,rnn,15,13,304,kept
09,rnn,15,1,8,kept
09,static,20,22,51,kept
09,static,20,21,287,kept
09,static,20,7,362,reborn
09,static,20,6,444,reborn
09,static,20,29,217,reborn
09,static,20,23,183,reborn
09,static,20,8,256,reborn
09,static,20,2,397,swapped
09,static,20,19,7,kept
09,static,20,1,107,kept
09,static,20,13,325,swapped
09,static,20,15,475,swapped
09,const_vel,20,22,51,kept
09,const_vel,20,21,287,swapped
09,const_vel,20,7,362,reborn
09,const_vel,20,6,444,swapped
09,const_vel,20,29,217,reborn
09,const_vel,20,23,183,reborn
09,const_vel,20,8,256,reborn
09,const_vel,20,2,397,kept
09,const_vel,20,19,7,kept
09,const_vel,20,1,107,kept
09,const_vel,20,13,325,swapped
09,const_vel,20,15,475,reborn
09,rnn,20,22,51,kept
09,rnn,20,21,287,kept
09,rnn,20,7,362,swapped
09,rnn,20,6,444,kept
09,rnn,20,29,217,kept
09,rnn,20,23,183,kept
09,rnn,20,8,256,kept
09,rnn,20,2,397,swapped
09,rnn,20,19,7,kept
09,rnn,20,1,107,kept
09,rnn,20,13,325,swapped
09,rnn,20,15,475,swapped
09,static,20,1,113,kept
09,static,20,23,180,kept
09,static,20,12,342,kept
09,static,20,3,502,reborn
09,static,20,13,238,reborn
09,static,20,21,17,kept
09,static,20,2,426,reborn
09,static,20,22,55,kept
09,static,20,6,469,swapped
09,static,20,11,301,reborn
09,static,20,20,144,kept
09,static,20,8,269,reborn
09,const_vel,20,1,113,reborn
09,const_vel,20,23,180,reborn
09,const_vel,20,12,342,reborn
09,const_vel,20,3,502,reborn
09,const_vel,20,13,238,reborn
09,const_vel,20,21,17,reborn
09,const_vel,20,2,426,reborn
09,const_vel,20,22,55,kept
09,const_vel,20,6,469,reborn
09,const_vel,20,11,301,reborn
09,const_vel,20,20,144,reborn
09,const_vel,20,8,269,reborn
09,rnn,20,1,113,kept
09,rnn,20,23,180,kept
09,rnn,20,12,342,kept
09,rnn,20,3,502,reborn
09,rnn,20,13,238,kept
09,rnn,20,21,17,reborn
09,rnn,20,2,426,reborn
09,rnn,20,22,55,kept
09,rnn,20,6,469,reborn
09,rnn,20,11,301,kept
09,rnn,20,20,144,kept
09,rnn,20,8,269,kept
09,static,20,22,247,kept
09,static,20,19,7,kept
09,static,20,12,301,reborn
09,static,20,2,400,swapped
09,static,20,20,159,reborn
09,static,20,7,354,reborn
09,static,20,14,478,swapped
09,static,20,23,40,reborn
09,static,20,1,88,kept
09,static,20,8,212,reborn
09,static,20,3,446,reborn
09,const_vel,20,22,247,reborn
09,const_vel,20,19,7,kept
09,const_vel,20,12,301,reborn
09,const_vel,20,2,400,kept
09,const_vel,20,20,159,reborn
09,const_vel,20,7,354,reborn
09,const_vel,20,14,478,swapped
09,const_vel,20,23,40,reborn
09,const_vel,20,1,88,reborn
09,const_vel,20,8,212,reborn
09,const_vel,20,3,446,reborn
09,rnn,20,22,247,kept
09,rnn,20,19,7,kept
09,rnn,20,12,301,reborn
09,rnn,20,2,400,reborn
09,rnn,20,20,159,reborn
09,rnn,20,7,354,kept
09,rnn,20,14,478,reborn
09,rnn,20,23,40,reborn
09,rnn,20,1,88,reborn
09,rnn,20,8,212,reborn
09,rnn,20,3,446,kept
09,static,20,29,228,reborn
09,static,20,22,275,kept
09,static,20,19,155,reborn
09,static,20,20,82,kept
09,static,20,2,386,reborn
09,static,20,21,343,kept
09,static,20,23,187,reborn
09,static,20,11,307,reborn
09,static,20,7,119,kept
09,static,20,4,481,reborn
09,static,20,6,432,reborn
09,static,20,1,8,kept
09,const_vel,20,29,228,kept
09,const_vel,20,22,275,kept
09,const_vel,20,19,155,kept
09,const_vel,20,20,82,reborn
09,const_vel,20,2,386,reborn
09,const_vel,20,21,343,reborn
09,const_vel,20,23,187,reborn
09,const_vel,20,11,307,kept
09,const_vel,20,7,119,kept
09,const_vel,20,4,481,reborn
09,const_vel,20,6,432,reborn
09,const_vel,20,1,8,reborn
09,rnn,20,29,228,reborn
09,rnn,20,22,275,kept
09,rnn,20,19,155,reborn
09,rnn,20,20,82,kept
09,rnn,20,2,386,reborn
09,rnn,20,21,343,kept
09,rnn,20,23,187,kept
09,rnn,20,11,307,kept
09,rnn,20,7,119,kept
09,rnn,20,4,481,reborn
09,rnn,20,6,432,kept
09,rnn,20,1,8,kept
09,static,25,3,469,reborn
09,static,25,6,395,reborn
09,static,25,20,146,reborn
09,static,25,22,204,reborn
09,static,25,8,249,reborn
09,static,25,13,325,swapped
09,static,25,21,53,kept
09,static,25,1,104,kept
09,static,25,19,6,kept
09,static,25,12,288,reborn
09,static,25,2,432,reborn
09,const_vel,25,3,469,reborn
09,const_vel,25,6,395,reborn
09,const_vel,25,20,146,reborn
09,const_vel,25,22,204,kept
09,const_vel,25,8,249,reborn
09,const_vel,25,13,325,swapped
09,const_vel,25,21,53,reborn
09,const_vel,25,1,104,reborn
09,const_vel,25,19,6,reborn
09,const_vel,25,12,288,reborn
09,const_vel,25,2,432,kept
09,rnn,25,3,469,kept
09,rnn,25,6,395,kept
09,rnn,25,20,146,reborn
09,rnn,25,22,204,kept
09,rnn,25,8,249,kept
09,rnn,25,13,325,swapped
09,rnn,25,21,53,kept
09,rnn,25,1,104,kept
09,rnn,25,19,6,kept
09,rnn,25,12,288,reborn
09,rnn,25,2,432,reborn
09,static,25,20,74,kept
09,static,25,19,134,reborn
09,static,25,6,375,reborn
09,static,25,12,306,kept
09,static,25,3,415,reborn
09,static,25,22,213,reborn
09,static,25,11,479,kept
09,static,25,8,256,reborn
09,static,25,21,31,kept
09,static,25,23,171,reborn
09,const_vel,25,20,74,kept
09,const_vel,25,19,134,reborn
09,const_vel,25,6,375,reborn
09,const_vel,25,12,306,kept
09,const_vel,25,3,415,reborn
09,const_vel,25,22,213,reborn
09,const_vel,25,11,479,kept
09,const_vel,25,8,256,reborn
09,const_vel,25,21,31,reborn
09,const_vel,25,23,171,reborn
09,rnn,25,20,74,kept
09,rnn,25,19,134,reborn
09,rnn,25,6,375,reborn
09,rnn,25,12,306,reborn
09,rnn,25,3,415,kept
09,rnn,25,22,213,kept
09,rnn,25,11,479,reborn
09,rnn,25,8,256,kept
09,rnn,25,21,31,reborn
09,rnn,25,23,171,kept
09,static,25,22,18,kept
09,static,25,8,257,reborn
09,static,25,1,98,kept
09,static,25,12,365,reborn
09,static,25,14,473,swapped
09,static,25,19,169,reborn
09,static,25,13,320,swapped
09,static,25,6,425,reborn
09,static,25,20,55,kept
09,static,25,11,206,reborn
09,const_vel,25,22,18,reborn
09,const_vel,25,8,257,reborn
09,const_vel,25,1,98,reborn
09,const_vel,25,12,365,reborn
09,const_vel,25,14,473,swapped
09,const_vel,25,19,169,kept
09,const_vel,25,13,320,swapped
09,const_vel,25,6,425,reborn
09,const_vel,25,20,55,kept
09,const_vel,25,11,206,reborn
09,rnn,25,22,18,kept
09,rnn,25,8,257,kept
09,rnn,25,1,98,reborn
09,rnn,25,12,365,kept
09,rnn,25,14,473,reborn
09,rnn,25,19,169,reborn
09,rnn,25,13,320,swapped
09,rnn,25,6,425,kept
09,rnn,25,20,55,kept
09,rnn,25,11,206,kept
09,static,25,11,295,reborn
09,static,25,23,41,reborn
09,static,25,2,441,reborn
09,static,25,7,344,reborn
09,static,25,21,190,reborn
09,static,25,19,83,reborn
09,static,25,12,256,reborn
09,static,25,14,480,reborn
09,static,25,1,131,kept
09,static,25,10,386,reborn
09,const_vel,25,11,295,reborn
09,const_vel,25,23,41,reborn
09,const_vel,25,2,441,reborn
09,const_vel,25,7,344,reborn
09,const_vel,25,21,190,reborn
09,const_vel,25,19,83,kept
09,const_vel,25,12,256,reborn
09,const_vel,25,14,480,reborn
09,const_vel,25,1,131,reborn
09,const_vel,25,10,386,kept
09,rnn,25,11,295,reborn
09,rnn,25,23,41,reborn
09,rnn,25,2,441,reborn
09,rnn,25,7,344,kept
09,rnn,25,21,190,kept
09,rnn,25,19,83,reborn
09,rnn,25,12,256,swapped
09,rnn,25,14,480,reborn
09,rnn,25,1,131,kept
09,rnn,25,10,386,kept
09,static,30,7,111,kept
09,static,30,3,480,reborn
09,static,30,21,265,kept
09,static,30,19,15,kept
09,static,30,6,431,reborn
09,static,30,13,344,reborn
09,static,30,8,221,reborn
09,static,30,20,59,kept
09,static,30,23,167,reborn
09,static,30,12,388,swapped
09,const_vel,30,7,111,kept
09,const_vel,30,3,480,reborn
09,const_vel,30,21,265,reborn
09,const_vel,30,19,15,reborn
09,const_vel,30,6,431,swapped
09,const_vel,30,13,344,reborn
09,const_vel,30,8,221,reborn
09,const_vel,30,20,59,reborn
09,const_vel,30,23,167,kept
09,const_vel,30,12,388,reborn
09,rnn,30,7,111,reborn
09,rnn,30,3,480,swapped
09,rnn,30,21,265,reborn
09,rnn,30,19,15,kept
09,rnn,30,6,431,kept
09,rnn,30,13,344,kept
09,rnn,30,8,221,reborn
09,rnn,30,20,59,kept
09,rnn,30,23,167,kept
09,rnn,30,12,388,reborn
09,static,30,13,237,reborn
09,static,30,21,285,kept
09,static,30,20,104,reborn
09,static,30,2,383,swapped
09,static,30,14,454,swapped
09,static,30,22,195,reborn
09,static,30,19,43,reborn
09,static,30,12,330,reborn
09,static,30,7,149,reborn
09,const_vel,30,13,237,reborn
09,const_vel,30,21,285,reborn
09,const_vel,30,20,104,reborn
09,const_vel,30,2,383,swapped
09,const_vel,30,14,454,reborn
09,const_vel,30,22,195,reborn
09,const_vel,30,19,43,reborn
09,const_vel,30,12,330,reborn
09,const_vel,30,7,149,reborn
09,rnn,30,13,237,kept
09,rnn,30,21,285,kept
09,rnn,30,20,104,reborn
09,rnn,30,2,383,swapped
09,rnn,30,14,454,reborn
09,rnn,30,22,195,kept
09,rnn,30,19,43,reborn
09,rnn,30,12,330,swapped
09,rnn,30,7,149,reborn
09,static,30,8,263,reborn
09,static,30,20,34,kept
09,static,30,6,395,reborn
09,static,30,22,218,reborn
09,static,30,2,350,kept
09,static,30,7,96,kept
09,static,30,19,159,reborn
09,static,30,14,478,reborn
09,static,30,12,308,kept
09,static,30,3,436,reborn
09,const_vel,30,8,263,reborn
09,const_vel,30,20,34,kept
09,const_vel,30,6,395,reborn
09,const_vel,30,22,218,reborn
09,const_vel,30,2,350,reborn
09,const_vel,30,7,96,reborn
09,const_vel,30,19,159,reborn
09,const_vel,30,14,478,swapped
09,const_vel,30,12,308,kept
09,const_vel,30,3,436,reborn
09,rnn,30,8,263,reborn
09,rnn,30,20,34,kept
09,rnn,30,6,395,reborn
09,rnn,30,22,218,kept
09,rnn,30,2,350,reborn
09,rnn,30,7,96,reborn
09,rnn,30,19,159,reborn
09,rnn,30,14,478,swapped
09,rnn,30,12,308,reborn
09,rnn,30,3,436,kept
09,static,30,4,446,reborn
09,static,30,21,291,kept
09,static,30,20,70,kept
09,static,30,8,207,reborn
09,static,30,22,350,reborn
09,static,30,1,29,kept
09,static,30,19,140,reborn
09,static,30,3,404,reborn
09,static,30,11,489,swapped
09,static,30,12,249,reborn
09,const_vel,30,4,446,reborn
09,const_vel,30,21,291,reborn
09,const_vel,30,20,70,kept
09,const_vel,30,8,207,reborn
09,const_vel,30,22,350,reborn
09,const_vel,30,1,29,reborn
09,const_vel,30,19,140,kept
09,const_vel,30,3,404,kept
09,const_vel,30,11,489,reborn
09,const_vel,30,12,249,reborn
09,rnn,30,4,446,kept
09,rnn,30,21,291,kept
09,rnn,30,20,70,kept
09,rnn,30,8,207,reborn
09,rnn,30,22,350,reborn
09,rnn,30,1,29,kept
09,rnn,30,19,140,reborn
09,rnn,30,3,404,kept
09,rnn,30,11,489,kept
09,rnn,30,12,249,swapped
09,static,40,22,177,reborn
09,static,40,2,346,reborn
09,static,40,1,115,kept
09,static,40,23,59,reborn
09,static,40,6,466,reborn
09,static,40,12,252,swapped
09,static,40,3,415,reborn
09,static,40,19,7,kept
09,const_vel,40,22,177,reborn
09,const_vel,40,2,346,reborn
09,const_vel,40,1,115,reborn
09,const_vel,40,23,59,reborn
09,const_vel,40,6,466,reborn
09,const_vel,40,12,252,reborn
09,const_vel,40,3,415,reborn
09,const_vel,40,19,7,reborn
09,rnn,40,22,177,reborn
09,rnn,40,2,346,reborn
09,rnn,40,1,115,kept
09,rnn,40,23,59,kept
09,rnn,40,6,466,reborn
09,rnn,40,12,252,reborn
09,rnn,40,3,415,reborn
09,rnn,40,19,7,reborn
09,static,40,22,20,kept
09,static,40,3,412,reborn
09,static,40,1,103,kept
09,static,40,13,238,reborn
09,static,40,20,161,reborn
09,static,40,12,309,kept
09,static,40,14,482,reborn
09,static,40,2,361,reborn
09,const_vel,40,22,20,reborn
09,const_vel,40,3,412,reborn
09,const_vel,40,1,103,reborn
09,const_vel,40,13,238,reborn
09,const_vel,40,20,161,reborn
09,const_vel,40,12,309,reborn
09,const_vel,40,14,482,reborn
09,const_vel,40,2,361,reborn
09,rnn,40,22,20,reborn
09,rnn,40,3,412,kept
09,rnn,40,1,103,reborn
09,rnn,40,13,238,reborn
09,rnn,40,20,161,reborn
09,rnn,40,12,309,reborn
09,rnn,40,14,482,reborn
09,rnn,40,2,361,reborn
09,static,40,8,162,reborn
09,static,40,22,223,kept
09,static,40,20,105,reborn
09,static,40,6,385,reborn
09,static,40,3,456,reborn
09,static,40,1,30,reborn
09,static,40,13,288,reborn
09,const_vel,40,8,162,reborn
09,const_vel,40,22,223,reborn
09,const_vel,40,20,105,reborn
09,const_vel,40,6,385,reborn
09,const_vel,40,3,456,reborn
09,const_vel,40,1,30,reborn
09,const_vel,40,13,288,reborn
09,rnn,40,8,162,reborn
09,rnn,40,22,223,kept
09,rnn,40,20,105,reborn
09,rnn,40,6,385,reborn
09,rnn,40,3,456,reborn
09,rnn,40,1,30,kept
09,rnn,40,13,288,reborn
09,static,40,13,305,swapped
09,static,40,22,182,reborn
09,static,40,20,41,kept
09,static,40,2,419,reborn
09,static,40,23,116,reborn
09,static,40,29,245,reborn
09,static,40,9,481,reborn
09,static,40,12,362,reborn
09,const_vel,40,13,305,swapped
09,const_vel,40,22,182,reborn
09,const_vel,40,20,41,reborn
09,const_vel,40,2,419,reborn
09,const_vel,40,23,116,reborn
09,const_vel,40,29,245,reborn
09,const_vel,40,9,481,reborn
09,const_vel,40,12,362,swapped
09,rnn,40,13,305,swapped
09,rnn,40,22,182,reborn
09,rnn,40,20,41,reborn
09,rnn,40,2,419,reborn
09,rnn,40,23,116,kept
09,rnn,40,29,245,swapped
09,rnn,40,9,481,kept
09,rnn,40,12,362,swapped
09,static,50,22,284,reborn
09,static,50,6,447,reborn
09,static,50,20,74,reborn
09,static,50,2,375,swapped
09,static,50,8,151,reborn
09,static,50,29,217,reborn
09,static,50,19,7,reborn
09,const_vel,50,22,284,reborn
09,const_vel,50,6,447,swapped
09,const_vel,50,20,74,reborn
09,const_vel,50,2,375,reborn
09,const_vel,50,8,151,reborn
09,const_vel,50,29,217,swapped
09,const_vel,50,19,7,reborn
09,rnn,50,22,284,swapped
09,rnn,50,6,447,reborn
09,rnn,50,20,74,reborn
09,rnn,50,2,375,reborn
09,rnn,50,8,151,reborn
09,rnn,50,29,217,reborn
09,rnn,50,19,7,reborn
09,static,50,18,199,swapped
09,static,50,21,302,swapped
09,static,50,22,6,reborn
09,static,50,20,138,reborn
09,static,50,14,458,reborn
09,static,50,12,370,swapped
09,static,50,7,73,reborn
09,const_vel,50,18,199,swapped
09,const_vel,50,21,302,reborn
09,const_vel,50,22,6,reborn
09,const_vel,50,20,138,kept
09,const_vel,50,14,458,reborn
09,const_vel,50,12,370,reborn
09,const_vel,50,7,73,kept
09,rnn,50,18,199,swapped
09,rnn,50,21,302,swapped
09,rnn,50,22,6,kept
09,rnn,50,20,138,reborn
09,rnn,50,14,458,reborn
09,rnn,50,12,370,reborn
09,rnn,50,7,73,reborn
09,static,50,13,269,reborn
09,static,50,21,44,kept
09,static,50,22,184,reborn
09,static,50,3,428,reborn
09,static,50,2,363,reborn
09,static,50,1,111,kept
09,const_vel,50,13,269,reborn
09,const_vel,50,21,44,reborn
09,const_vel,50,22,184,reborn
09,const_vel,50,3,428,reborn
09,const_vel,50,2,363,reborn
09,const_vel,50,1,111,reborn
09,rnn,50,13,269,reborn
09,rnn,50,21,44,kept
09,rnn,50,22,184,reborn
09,rnn,50,3,428,reborn
09,rnn,50,2,363,reborn
09,rnn,50,1,111,kept
09,static,50,19,50,reborn
09,static,50,6,462,swapped
09,static,50,12,263,reborn
09,static,50,20,112,reborn
09,static,50,22,193,reborn
09,static,50,2,344,reborn
09,const_vel,50,19,50,reborn
09,const_vel,50,6,462,reborn
09,const_vel,50,12,263,reborn
09,const_vel,50,20,112,reborn
09,const_vel,50,22,193,reborn
09,const_vel,50,2,344,reborn
09,rnn,50,19,50,reborn
09,rnn,50,6,462,reborn
09,rnn,50,12,263,swapped
09,rnn,50,20,112,reborn
09,rnn,50,22,193,kept
09,rnn,50,2,344,reborn
09,static,60,23,18,reborn
09,static,60,10,228,reborn
09,static,60,3,459,reborn
09,static,60,13,300,reborn
09,static,60,20,115,reborn
09,static,60,6,380,reborn
09,const_vel,60,23,18,reborn
09,const_vel,60,10,228,reborn
09,const_vel,60,3,459,reborn
09,const_vel,60,13,300,reborn
09,const_vel,60,20,115,reborn
09,const_vel,60,6,380,reborn
09,rnn,60,23,18,reborn
09,rnn,60,10,228,reborn
09,rnn,60,3,459,swapped
09,rnn,60,13,300,swapped
09,rnn,60,20,115,reborn
09,rnn,60,6,380,reborn
09,static,60,22,211,reborn
09,static,60,1,14,reborn
09,static,60,19,125,reborn
09,static,60,8,290,reborn
09,static,60,2,405,reborn
09,const_vel,60,22,211,reborn
09,const_vel,60,1,14,reborn
09,const_vel,60,19,125,kept
09,const_vel,60,8,290,reborn
09,const_vel,60,2,405,reborn
09,rnn,60,22,211,kept
09,rnn,60,1,14,reborn
09,rnn,60,19,125,reborn
09,rnn,60,8,290,reborn
09,rnn,60,2,405,reborn
09,static,60,20,82,reborn
09,static,60,6,445,reborn
09,static,60,12,247,swapped
09,static,60,23,163,reborn
09,static,60,1,9,reborn
09,static,60,2,339,reborn
09,const_vel,60,20,82,reborn
09,const_vel,60,6,445,reborn
09,const_vel,60,12,247,reborn
09,const_vel,60,23,163,reborn
09,const_vel,60,1,9,reborn
09,const_vel,60,2,339,kept
09,rnn,60,20,82,reborn
09,rnn,60,6,445,swapped
09,rnn,60,12,247,swapped
09,rnn,60,23,163,reborn
09,rnn,60,1,9,kept
09,rnn,60,2,339,reborn
09,static,60,13,296,reborn
09,static,60,23,174,reborn
09,static,60,3,434,reborn
09,static,60,1,15,reborn
09,static,60,19,93,reborn
09,const_vel,60,13,296,swapped
09,const_vel,60,23,174,reborn
09,const_vel,60,3,434,reborn
09,const_vel,60,1,15,reborn
09,const_vel,60,19,93,reborn
09,rnn,60,13,296,swapped
09,rnn,60,23,174,reborn
09,rnn,60,3,434,reborn
09,rnn,60,1,15,reborn
09,rnn,60,19,93,reborn
13,static,0,51,137,kept
13,static,0,14,106,kept
13,static,0,47,41,kept
13,static,0,43,740,kept
13,static,0,74,319,kept
13,static,0,13,19,kept
13,static,0,19,125,kept
13,static,0,168,206,kept
13,static,0,33,238,kept
13,static,0,37,86,kept
13,static,0,42,658,kept
13,static,0,45,256,kept
13,const_vel,0,51,137,kept
13,const_vel,0,14,106,kept
13,const_vel,0,47,41,kept
13,const_vel,0,43,740,kept
13,const_vel,0,74,319,kept
13,const_vel,0,13,19,kept
13,const_vel,0,19,125,kept
13,const_vel,0,168,206,kept
13,const_vel,0,33,238,kept
13,const_vel,0,37,86,kept
13,const_vel,0,42,658,kept
13,const_vel,0,45,256,kept
13,rnn,0,51,137,kept
13,rnn,0,14,106,kept
13,rnn,0,47,41,kept
13,rnn,0,43,740,kept
13,rnn,0,74,319,kept
13,rnn,0,13,19,kept
13,rnn,0,19,125,kept
13,rnn,0,168,206,kept
13,rnn,0,33,238,kept
13,rnn,0,37,86,kept
13,rnn,0,42,658,kept
13,rnn,0,45,256,kept
13,static,0,65,332,kept
13,static,0,42,695,kept
13,static,0,37,88,kept
13,static,0,56,720,kept
13,static,0,26,560,kept
13,static,0,72,159,kept
13,static,0,35,64,kept
13,static,0,70,365,kept
13,static,0,33,132,kept
13,static,0,28,584,kept
13,static,0,68,392,kept
13,const_vel,0,65,332,kept
13,const_vel,0,42,695,kept
13,const_vel,0,22,510,kept
13,const_vel,0,37,88,kept
13,const_vel,0,56,720,kept
13,const_vel,0,26,560,kept
13,const_vel,0,72,159,kept
13,const_vel,0,35,64,kept
13,const_vel,0,70,365,kept
13,const_vel,0,33,132,kept
13,const_vel,0,28,584,kept
13,const_vel,0,68,392,kept
13,rnn,0,65,332,kept
13,rnn,0,42,695,kept
13,rnn,0,22,510,kept
13,rnn,0,37,88,kept
13,rnn,0,56,720,kept
13,rnn,0,26,560,kept
13,rnn,0,72,159,kept
13,rnn,0,35,64,kept
13,rnn,0,70,365,kept
13,rnn,0,33,132,kept
13,rnn,0,28,584,kept
13,rnn,0,68,392,kept
13,static,0,18,153,kept
13,static,0,4,166,reborn
13,static,0,74,367,kept
13,static,0,47,46,kept
13,static,0,28,709,kept
13,static,0,17,32,kept
13,static,0,33,204,kept
13,static,0,42,680,kept
13,static,0,55,731,kept
13,static,0,34,80,kept
13,const_vel,0,16,123,kept
13,const_vel,0,18,153,kept
13,const_vel,0,4,166,reborn
13,const_vel,0,74,367,kept
13,const_vel,0,47,46,kept
13,const_vel,0,28,709,kept
13,const_vel,0,17,32,kept
13,const_vel,0,33,204,kept
13,const_vel,0,42,680,kept
13,const_vel,0,55,731,kept
13,const_vel,0,34,80,kept
13,const_vel,0,35,67,kept
13,rnn,0,16,123,kept
13,rnn,0,18,153,kept
13,rnn,0,4,166,kept
13,rnn,0,74,367,kept
13,rnn,0,47,46,kept
13,rnn,0,28,709,kept
13,rnn,0,17,32,kept
13,rnn,0,33,204,kept
13,rnn,0,42,680,kept
13,rnn,0,55,731,kept
13,rnn,0,34,80,kept
13,rnn,0,35,67,reborn
13,static,0,28,574,kept
13,static,0,65,420,kept
13,static,0,13,111,kept
13,static,0,39,95,kept
13,static,0,54,739,kept
13,static,0,7,267,kept
13,static,0,72,175,kept
13,static,0,17,37,kept
13,static,0,59,366,kept
13,static,0,33,200,kept
13,static,0,11,6,kept
13,const_vel,0,28,574,kept
13,const_vel,0,65,420,kept
13,const_vel,0,13,111,kept
13,const_vel,0,39,95,kept
13,const_vel,0,58,435,kept
13,const_vel,0,54,739,kept
13,const_vel,0,7,267,kept
13,const_vel,0,72,175,kept
13,const_vel,0,17,37,kept
13,const_vel,0,59,366,kept
13,const_vel,0,33,200,kept
13,const_vel,0,11,6,kept
13,rnn,0,28,574,kept
13,rnn,0,65,420,kept
13,rnn,0,13,111,kept
13,rnn,0,39,95,kept
13,rnn,0,58,435,kept
13,rnn,0,54,739,kept
13,rnn,0,7,267,kept
13,rnn,0,72,175,kept
13,rnn,0,17,37,kept
13,rnn,0,59,366,kept
13,rnn,0,33,200,kept
13,rnn,0,11,6,kept
13,static,1,18,156,reborn
13,static,1,53,629,kept
13,static,1,16,28,kept
13,static,1,6,16,kept
13,static,1,25,571,kept
13,static,1,74,365,kept
13,static,1,19,61,kept
13,static,1,42,715,kept
13,static,1,2,114,kept
13,static,1,7,140,kept
13,static,1,55,729,kept
13,static,1,47,81,kept
13,const_vel,1,18,156,kept
13,const_vel,1,53,629,kept
13,const_vel,1,16,28,kept
13,const_vel,1,6,16,kept
13,const_vel,1,25,571,kept
13,const_vel,1,74,365,reborn
13,const_vel,1,19,61,kept
13,const_vel,1,42,715,kept
13,const_vel,1,2,114,kept
13,const_vel,1,7,140,kept
13,const_vel,1,55,729,kept
13,const_vel,1,47,81,kept
13,rnn,1,18,156,kept
13,rnn,1,53,629,kept
13,rnn,1,16,28,kept
13,rnn,1,6,16,kept
13,rnn,1,25,571,kept
13,rnn,1,74,365,kept
13,rnn,1,19,61,kept
13,rnn,1,42,715,kept
13,rnn,1,2,114,kept
13,rnn,1,7,140,kept
13,rnn,1,55,729,kept
13,rnn,1,47,81,kept
13,static,1,42,609,reborn
13,static,1,15,8,kept
13,static,1,18,246,kept
13,static,1,5,27,kept
13,static,1,62,183,kept
13,static,1,43,695,reborn
13,static,1,39,367,reborn
13,static,1,2,67,kept
13,static,1,52,306,kept
13,static,1,56,727,kept
13,static,1,72,203,kept
13,const_vel,1,42,609,reborn
13,const_vel,1,70,458,kept
13,const_vel,1,15,8,kept
13,const_vel,1,18,246,kept
13,const_vel,1,5,27,kept
13,const_vel,1,62,183,kept
13,const_vel,1,43,695,kept
13,const_vel,1,39,367,kept
13,const_vel,1,2,67,kept
13,const_vel,1,52,306,kept
13,const_vel,1,56,727,kept
13,const_vel,1,72,203,kept
13,rnn,1,42,609,reborn
13,rnn,1,70,458,kept
13,rnn,1,15,8,kept
13,rnn,1,18,246,kept
13,rnn,1,5,27,kept
13,rnn,1,62,183,kept
13,rnn,1,43,695,kept
13,rnn,1,39,367,kept
13,rnn,1,2,67,kept
13,rnn,1,52,306,kept
13,rnn,1,56,727,kept
13,rnn,1,72,203,kept
13,static,1,74,385,kept
13,static,1,50,200,kept
13,static,1,39,24,kept
13,static,1,16,73,kept
13,static,1,17,45,kept
13,static,1,7,151,kept
13,static,1,27,586,kept
13,static,1,56,737,kept
13,static,1,33,270,reborn
13,static,1,55,721,kept
13,static,1,70,463,reborn
13,const_vel,1,74,385,kept
13,const_vel,1,21,509,kept
13,const_vel,1,50,200,kept
13,const_vel,1,39,24,kept
13,const_vel,1,16,73,kept
13,const_vel,1,17,45,kept
13,const_vel,1,7,151,kept
13,const_vel,1,27,586,kept
13,const_vel,1,56,737,kept
13,const_vel,1,33,270,kept
13,const_vel,1,55,721,kept
13,const_vel,1,70,463,kept
13,rnn,1,74,385,kept
13,rnn,1,21,509,kept
13,rnn,1,50,200,kept
13,rnn,1,39,24,kept
13,rnn,1,16,73,kept
13,rnn,1,17,45,kept
13,rnn,1,7,151,kept
13,rnn,1,27,586,kept
13,rnn,1,56,737,kept
13,rnn,1,33,270,kept
13,rnn,1,55,721,kept
13,rnn,1,70,463,kept
13,static,1,50,24,kept
13,static,1,17,124,kept
13,static,1,65,460,reborn
13,static,1,59,400,kept
13,static,1,72,225,kept
13,static,1,28,622,kept
13,static,1,7,249,kept
13,static,1,55,713,kept
13,static,1,26,596,kept
13,static,1,14,106,kept
13,static,1,33,205,kept
13,static,1,42,609,reborn
13,const_vel,1,50,24,kept
13,const_vel,1,17,124,kept
13,const_vel,1,65,460,kept
13,const_vel,1,59,400,kept
13,const_vel,1,72,225,kept
13,const_vel,1,28,622,kept
13,const_vel,1,7,249,kept
13,const_vel,1,55,713,kept
13,const_vel,1,26,596,kept
13,const_vel,1,14,106,kept
13,const_vel,1,33,205,kept
13,const_vel,1,42,609,reborn
13,rnn,1,50,24,kept
13,rnn,1,17,124,kept
13,rnn,1,65,460,kept
13,rnn,1,59,400,kept
13,rnn,1,72,225,kept
13,rnn,1,28,622,kept
13,rnn,1,7,249,kept
13,rnn,1,55,713,kept
13,rnn,1,26,596,kept
13,rnn,1,14,106,kept
13,rnn,1,33,205,kept
13,rnn,1,42,609,reborn
13,static,2,54,675,reborn
13,static,2,50,163,reborn
13,static,2,51,128,reborn
13,static,2,39,317,reborn
13,static,2,24,518,swapped
13,static,2,37,80,kept
13,static,2,67,101,reborn
13,static,2,7,216,kept
13,static,2,25,532,reborn
13,static,2,49,38,kept
13,static,2,14,14,kept
13,const_vel,2,54,675,kept
13,const_vel,2,58,423,kept
13,const_vel,2,50,163,kept
13,const_vel,2,51,128,kept
13,const_vel,2,39,317,kept
13,const_vel,2,24,518,kept
13,const_vel,2,37,80,kept
13,const_vel,2,67,101,kept
13,const_vel,2,7,216,kept
13,const_vel,2,25,532,kept
13,const_vel,2,49,38,kept
13,const_vel,2,14,14,kept
13,rnn,2,54,675,kept
13,rnn,2,58,423,kept
13,rnn,2,50,163,kept
13,rnn,2,51,128,kept
13,rnn,2,39,317,kept
13,rnn,2,24,518,kept
13,rnn,2,37,80,kept
13,rnn,2,67,101,kept
13,rnn,2,7,216,kept
13,rnn,2,25,532,kept
13,rnn,2,49,38,kept
13,rnn,2,14,14,kept
13,static,2,59,383,kept
13,static,2,39,149,reborn
13,static,2,4,125,kept
13,static,2,53,557,reborn
13,static,2,18,275,kept
13,static,2,68,363,kept
13,static,2,74,411,swapped
13,static,2,65,333,reborn
13,static,2,35,190,reborn
13,static,2,49,38,kept
13,const_vel,2,59,383,kept
13,const_vel,2,39,149,kept
13,const_vel,2,4,125,kept
13,const_vel,2,58,435,kept
13,const_vel,2,53,557,kept
13,const_vel,2,18,275,kept
13,const_vel,2,68,363,kept
13,const_vel,2,74,411,kept
13,const_vel,2,22,498,kept
13,const_vel,2,65,333,kept
13,const_vel,2,49,38,kept
13,rnn,2,59,383,kept
13,rnn,2,39,149,kept
13,rnn,2,4,125,kept
13,rnn,2,58,435,reborn
13,rnn,2,53,557,kept
13,rnn,2,18,275,kept
13,rnn,2,68,363,kept
13,rnn,2,74,411,kept
13,rnn,2,22,498,kept
13,rnn,2,65,333,kept
13,rnn,2,35,190,reborn
13,rnn,2,49,38,kept
13,static,2,28,676,kept
13,static,2,4,144,kept
13,static,2,65,427,reborn
13,static,2,39,63,kept
13,static,2,62,162,reborn
13,static,2,72,236,swapped
13,static,2,42,692,kept
13,static,2,13,107,kept
13,static,2,50,30,kept
13,static,2,43,735,kept
13,const_vel,2,28,676,kept
13,const_vel,2,4,144,kept
13,const_vel,2,65,427,kept
13,const_vel,2,39,63,kept
13,const_vel,2,62,162,kept
13,const_vel,2,72,236,reborn
13,const_vel,2,42,692,kept
13,const_vel,2,13,107,kept
13,const_vel,2,22,510,kept
13,const_vel,2,50,30,kept
13,const_vel,2,43,735,kept
13,rnn,2,28,676,kept
13,rnn,2,4,144,kept
13,rnn,2,65,427,kept
13,rnn,2,39,63,kept
13,rnn,2,62,162,kept
13,rnn,2,72,236,kept
13,rnn,2,42,692,kept
13,rnn,2,13,107,kept
13,rnn,2,22,510,kept
13,rnn,2,15,6,kept
13,rnn,2,50,30,kept
13,rnn,2,43,735,kept
13,static,2,64,115,reborn
13,static,2,47,84,reborn
13,static,2,7,166,kept
13,static,2,54,680,reborn
13,static,2,53,637,reborn
13,static,2,43,741,kept
13,static,2,65,342,kept
13,static,2,39,233,kept
13,static,2,55,709,reborn
13,static,2,26,598,kept
13,const_vel,2,64,115,kept
13,const_vel,2,47,84,kept
13,const_vel,2,67,100,kept
13,const_vel,2,7,166,kept
13,const_vel,2,54,680,kept
13,const_vel,2,53,637,kept
13,const_vel,2,43,741,kept
13,const_vel,2,65,342,kept
13,const_vel,2,70,419,kept
13,const_vel,2,39,233,kept
13,const_vel,2,55,709,kept
13,const_vel,2,26,598,kept
13,rnn,2,64,115,kept
13,rnn,2,47,84,kept
13,rnn,2,67,100,kept
13,rnn,2,7,166,kept
13,rnn,2,54,680,kept
13,rnn,2,53,637,kept
13,rnn,2,43,741,kept
13,rnn,2,65,342,kept
13,rnn,2,70,419,kept
13,rnn,2,39,233,kept
13,rnn,2,55,709,kept
13,rnn,2,26,598,kept
13,static,3,17,78,reborn
13,static,3,18,196,reborn
13,static,3,62,137,reborn
13,static,3,34,101,kept
13,static,3,57,610,kept
13,static,3,39,283,reborn
13,static,3,55,743,kept
13,static,3,54,704,reborn
13,static,3,13,49,kept
13,static,3,59,342,kept
13,static,3,4,164,kept
13,const_vel,3,17,78,kept
13,const_vel,3,18,196,kept
13,const_vel,3,62,137,kept
13,const_vel,3,34,101,kept
13,const_vel,3,57,610,kept
13,const_vel,3,39,283,reborn
13,const_vel,3,55,743,kept
13,const_vel,3,54,704,kept
13,const_vel,3,13,49,kept
13,const_vel,3,59,342,kept
13,const_vel,3,4,164,kept
13,rnn,3,17,78,kept
13,rnn,3,18,196,kept
13,rnn,3,62,137,kept
13,rnn,3,34,101,kept
13,rnn,3,57,610,kept
13,rnn,3,39,283,kept
13,rnn,3,55,743,kept
13,rnn,3,54,704,kept
13,rnn,3,13,49,kept
13,rnn,3,59,342,kept
13,rnn,3,56,653,reborn
13,rnn,3,4,164,kept
13,static,3,13,50,kept
13,static,3,7,153,reborn
13,static,3,57,626,kept
13,static,3,18,216,kept
13,static,3,50,77,reborn
13,static,3,24,530,swapped
13,static,3,51,129,reborn
13,static,3,23,511,reborn
13,static,3,26,583,reborn
13,static,3,44,12,kept
13,const_vel,3,13,50,kept
13,const_vel,3,7,153,kept
13,const_vel,3,57,626,reborn
13,const_vel,3,18,216,reborn
13,const_vel,3,50,77,kept
13,const_vel,3,24,530,kept
13,const_vel,3,51,129,kept
13,const_vel,3,23,511,kept
13,const_vel,3,26,583,kept
13,const_vel,3,44,12,kept
13,rnn,3,13,50,kept
13,rnn,3,35,115,kept
13,rnn,3,7,153,kept
13,rnn,3,57,626,kept
13,rnn,3,18,216,reborn
13,rnn,3,50,77,kept
13,rnn,3,24,530,kept
13,rnn,3,51,129,kept
13,rnn,3,23,511,kept
13,rnn,3,26,583,kept
13,rnn,3,44,12,kept
13,static,3,25,526,reborn
13,static,3,5,30,kept
13,static,3,62,72,kept
13,static,3,39,307,reborn
13,static,3,53,570,reborn
13,static,3,33,233,kept
13,static,3,65,402,reborn
13,static,3,15,111,reborn
13,static,3,47,56,kept
13,static,3,56,636,reborn
13,static,3,37,90,reborn
13,const_vel,3,25,526,kept
13,const_vel,3,5,30,kept
13,const_vel,3,62,72,kept
13,const_vel,3,39,307,kept
13,const_vel,3,53,570,reborn
13,const_vel,3,33,233,kept
13,const_vel,3,65,402,kept
13,const_vel,3,15,111,kept
13,const_vel,3,47,56,kept
13,const_vel,3,56,636,kept
13,const_vel,3,37,90,kept
13,rnn,3,25,526,kept
13,rnn,3,5,30,kept
13,rnn,3,62,72,kept
13,rnn,3,39,307,kept
13,rnn,3,53,570,kept
13,rnn,3,33,233,kept
13,rnn,3,65,402,kept
13,rnn,3,15,111,kept
13,rnn,3,47,56,kept
13,rnn,3,56,636,kept
13,rnn,3,37,90,kept
13,static,3,47,99,kept
13,static,3,17,129,reborn
13,static,3,7,76,kept
13,static,3,54,741,reborn
13,static,3,62,145,reborn
13,static,3,4,171,kept
13,static,3,56,725,kept
13,static,3,39,287,reborn
13,static,3,15,42,kept
13,static,3,24,519,reborn
13,static,3,28,558,reborn
13,static,3,59,361,kept
13,const_vel,3,47,99,reborn
13,const_vel,3,17,129,kept
13,const_vel,3,7,76,kept
13,const_vel,3,54,741,kept
13,const_vel,3,62,145,kept
13,const_vel,3,4,171,kept
13,const_vel,3,56,725,kept
13,const_vel,3,39,287,kept
13,const_vel,3,15,42,kept
13,const_vel,3,24,519,kept
13,const_vel,3,28,558,kept
13,const_vel,3,59,361,reborn
13,rnn,3,47,99,reborn
13,rnn,3,17,129,kept
13,rnn,3,7,76,kept
13,rnn,3,54,741,kept
13,rnn,3,62,145,kept
13,rnn,3,4,171,kept
13,rnn,3,56,725,kept
13,rnn,3,39,287,kept
13,rnn,3,15,42,kept
13,rnn,3,24,519,kept
13,rnn,3,28,558,kept
13,rnn,3,59,361,reborn
13,static,5,49,7,kept
13,static,5,50,65,reborn
13,static,5,53,645,reborn
13,static,5,4,186,kept
13,static,5,57,612,kept
13,static,5,33,204,kept
13,static,5,7,106,reborn
13,static,5,54,700,reborn
13,static,5,51,123,reborn
13,static,5,47,86,reborn
13,static,5,39,140,reborn
13,static,5,5,34,reborn
13,const_vel,5,49,7,reborn
13,const_vel,5,50,65,reborn
13,const_vel,5,53,645,kept
13,const_vel,5,4,186,kept
13,const_vel,5,57,612,reborn
13,const_vel,5,33,204,kept
13,const_vel,5,7,106,kept
13,const_vel,5,54,700,kept
13,const_vel,5,51,123,reborn
13,const_vel,5,47,86,kept
13,const_vel,5,39,140,reborn
13,const_vel,5,5,34,kept
13,rnn,5,49,7,kept
13,rnn,5,50,65,kept
13,rnn,5,53,645,kept
13,rnn,5,4,186,kept
13,rnn,5,57,612,kept
13,rnn,5,33,204,kept
13,rnn,5,7,106,kept
13,rnn,5,54,700,kept
13,rnn,5,51,123,kept
13,rnn,5,47,86,kept
13,rnn,5,39,140,reborn
13,rnn,5,5,34,kept
13,static,5,62,124,reborn
13,static,5,73,161,reborn
13,static,5,47,87,reborn
13,static,5,7,194,kept
13,static,5,49,65,kept
13,static,5,65,378,kept
13,static,5,39,40,kept
13,static,5,55,715,reborn
13,static,5,56,619,kept
13,static,5,25,544,reborn
13,static,5,42,683,reborn
13,const_vel,5,62,124,reborn
13,const_vel,5,73,161,reborn
13,const_vel,5,47,87,kept
13,const_vel,5,7,194,kept
13,const_vel,5,49,65,reborn
13,const_vel,5,65,378,kept
13,const_vel,5,39,40,reborn
13,const_vel,5,55,715,reborn
13,const_vel,5,56,619,kept
13,const_vel,5,25,544,kept
13,const_vel,5,42,683,reborn
13,const_vel,5,74,410,reborn
13,rnn,5,62,124,kept
13,rnn,5,73,161,reborn
13,rnn,5,47,87,kept
13,rnn,5,7,194,kept
13,rnn,5,49,65,kept
13,rnn,5,65,378,swapped
13,rnn,5,39,40,kept
13,rnn,5,55,715,kept
13,rnn,5,56,619,kept
13,rnn,5,25,544,kept
13,rnn,5,42,683,reborn
13,rnn,5,74,410,reborn
13,static,5,39,234,reborn
13,static,5,2,128,kept
13,static,5,42,738,kept
13,static,5,15,74,reborn
13,static,5,33,205,kept
13,static,5,56,706,reborn
13,static,5,14,52,kept
13,static,5,43,668,reborn
13,static,5,62,166,reborn
13,static,5,25,548,reborn
13,static,5,27,612,kept
13,static,5,34,103,reborn
13,const_vel,5,39,234,kept
13,const_vel,5,2,128,kept
13,const_vel,5,42,738,kept
13,const_vel,5,15,74,kept
13,const_vel,5,33,205,kept
13,const_vel,5,56,706,kept
13,const_vel,5,14,52,kept
13,const_vel,5,43,668,kept
13,const_vel,5,62,166,kept
13,const_vel,5,25,548,kept
13,const_vel,5,27,612,kept
13,const_vel,5,34,103,kept
13,rnn,5,39,234,kept
13,rnn,5,2,128,kept
13,rnn,5,42,738,kept
13,rnn,5,15,74,kept
13,rnn,5,33,205,kept
13,rnn,5,56,706,kept
13,rnn,5,14,52,kept
13,rnn,5,43,668,kept
13,rnn,5,62,166,kept
13,rnn,5,25,548,kept
13,rnn,5,27,612,kept
13,rnn,5,34,103,kept
13,static,5,17,29,kept
13,static,5,2,85,kept
13,static,5,39,110,reborn
13,static,5,62,179,reborn
13,static,5,33,140,kept
13,static,5,50,9,reborn
13,static,5,68,367,kept
13,static,5,53,566,reborn
13,static,5,55,694,swapped
13,static,5,42,721,kept
13,static,5,4,69,kept
13,static,5,28,672,reborn
13,const_vel,5,17,29,kept
13,const_vel,5,2,85,kept
13,const_vel,5,39,110,reborn
13,const_vel,5,62,179,reborn
13,const_vel,5,33,140,kept
13,const_vel,5,50,9,reborn
13,const_vel,5,68,367,kept
13,const_vel,5,53,566,reborn
13,const_vel,5,55,694,reborn
13,const_vel,5,42,721,kept
13,const_vel,5,4,69,kept
13,const_vel,5,28,672,kept
13,rnn,5,17,29,kept
13,rnn,5,2,85,kept
13,rnn,5,39,110,reborn
13,rnn,5,62,179,kept
13,rnn,5,33,140,kept
13,rnn,5,50,9,reborn
13,rnn,5,68,367,kept
13,rnn,5,53,566,kept
13,rnn,5,55,694,reborn
13,rnn,5,42,721,kept
13,rnn,5,4,69,kept
13,rnn,5,28,672,reborn
13,static,8,7,61,reborn
13,static,8,33,142,reborn
13,static,8,53,623,reborn
13,static,8,14,24,kept
13,static,8,18,282,reborn
13,static,8,17,87,reborn
13,static,8,19,112,reborn
13,static,8,55,729,reborn
13,static,8,58,414,reborn
13,static,8,4,161,reborn
13,const_vel,8,70,433,reborn
13,const_vel,8,7,61,kept
13,const_vel,8,33,142,kept
13,const_vel,8,53,623,kept
13,const_vel,8,14,24,kept
13,const_vel,8,18,282,kept
13,const_vel,8,17,87,kept
13,const_vel,8,19,112,kept
13,const_vel,8,56,655,reborn
13,const_vel,8,55,729,reborn
13,const_vel,8,58,414,reborn
13,const_vel,8,4,161,reborn
13,rnn,8,70,433,reborn
13,rnn,8,7,61,kept
13,rnn,8,33,142,reborn
13,rnn,8,53,623,reborn
13,rnn,8,14,24,kept
13,rnn,8,18,282,kept
13,rnn,8,17,87,reborn
13,rnn,8,19,112,reborn
13,rnn,8,56,655,reborn
13,rnn,8,55,729,kept
13,rnn,8,58,414,reborn
13,rnn,8,4,161,kept
13,static,8,25,554,reborn
13,static,8,4,211,reborn
13,static,8,45,242,reborn
13,static,8,53,640,reborn
13,static,8,11,8,reborn
13,static,8,43,662,swapped
13,static,8,19,73,reborn
13,static,8,39,326,reborn
13,static,8,50,143,reborn
13,static,8,56,687,reborn
13,static,8,15,45,kept
13,const_vel,8,25,554,kept
13,const_vel,8,4,211,kept
13,const_vel,8,45,242,reborn
13,const_vel,8,53,640,kept
13,const_vel,8,11,8,reborn
13,const_vel,8,43,662,reborn
13,const_vel,8,19,73,kept
13,const_vel,8,39,326,reborn
13,const_vel,8,50,143,reborn
13,const_vel,8,15,45,kept
13,rnn,8,25,554,kept
13,rnn,8,4,211,kept
13,rnn,8,45,242,reborn
13,rnn,8,53,640,reborn
13,rnn,8,11,8,reborn
13,rnn,8,43,662,reborn
13,rnn,8,19,73,reborn
13,rnn,8,39,326,kept
13,rnn,8,50,143,reborn
13,rnn,8,56,687,reborn
13,rnn,8,15,45,kept
13,static,8,43,712,reborn
13,static,8,19,112,reborn
13,static,8,52,275,kept
13,static,8,28,612,kept
13,static,8,14,16,kept
13,static,8,37,80,reborn
13,static,8,39,195,reborn
13,static,8,7,252,reborn
13,static,8,33,225,kept
13,static,8,64,131,reborn
13,static,8,53,566,reborn
13,static,8,13,61,reborn
13,const_vel,8,43,712,kept
13,const_vel,8,19,112,kept
13,const_vel,8,52,275,kept
13,const_vel,8,28,612,kept
13,const_vel,8,14,16,kept
13,const_vel,8,37,80,kept
13,const_vel,8,39,195,kept
13,const_vel,8,7,252,kept
13,const_vel,8,33,225,kept
13,const_vel,8,64,131,reborn
13,const_vel,8,53,566,reborn
13,const_vel,8,13,61,kept
13,rnn,8,43,712,reborn
13,rnn,8,19,112,reborn
13,rnn,8,52,275,kept
13,rnn,8,28,612,kept
13,rnn,8,14,16,kept
13,rnn,8,37,80,kept
13,rnn,8,39,195,reborn
13,rnn,8,7,252,kept
13,rnn,8,33,225,kept
13,rnn,8,64,131,kept
13,rnn,8,53,566,kept
13,rnn,8,13,61,kept
13,static,8,39,63,kept
13,static,8,42,635,reborn
13,static,8,54,666,reborn
13,static,8,7,16,reborn
13,static,8,28,711,reborn
13,static,8,18,214,reborn
13,static,8,62,118,reborn
13,static,8,33,263,reborn
13,static,8,4,137,kept
13,static,8,74,406,reborn
13,static,8,15,41,kept
13,const_vel,8,39,63,reborn
13,const_vel,8,42,635,kept
13,const_vel,8,54,666,kept
13,const_vel,8,7,16,kept
13,const_vel,8,28,711,kept
13,const_vel,8,18,214,reborn
13,const_vel,8,62,118,reborn
13,const_vel,8,33,263,kept
13,const_vel,8,4,137,kept
13,const_vel,8,74,406,kept
13,const_vel,8,15,41,kept
13,rnn,8,39,63,reborn
13,rnn,8,42,635,kept
13,rnn,8,54,666,kept
13,rnn,8,7,16,kept
13,rnn,8,28,711,reborn
13,rnn,8,18,214,reborn
13,rnn,8,62,118,reborn
13,rnn,8,33,263,reborn
13,rnn,8,4,137,kept
13,rnn,8,74,406,reborn
13,rnn,8,15,41,kept
13,static,10,39,23,reborn
13,static,10,65,437,reborn
13,static,10,56,725,reborn
13,static,10,17,81,reborn
13,static,10,51,140,reborn
13,static,10,42,637,reborn
13,static,10,53,568,reborn
13,static,10,47,46,kept
13,static,10,33,259,reborn
13,const_vel,10,26,521,reborn
13,const_vel,10,39,23,reborn
13,const_vel,10,65,437,reborn
13,const_vel,10,56,725,reborn
13,const_vel,10,17,81,kept
13,const_vel,10,43,666,reborn
13,const_vel,10,51,140,reborn
13,const_vel,10,70,415,reborn
13,const_vel,10,42,637,kept
13,const_vel,10,53,568,reborn
13,const_vel,10,47,46,kept
13,const_vel,10,33,259,kept
13,rnn,10,39,23,kept
13,rnn,10,65,437,reborn
13,rnn,10,56,725,reborn
13,rnn,10,17,81,reborn
13,rnn,10,43,666,kept
13,rnn,10,51,140,reborn
13,rnn,10,70,415,reborn
13,rnn,10,42,637,kept
13,rnn,10,53,568,kept
13,rnn,10,47,46,kept
13,rnn,10,33,259,reborn
13,static,10,49,43,kept
13,static,10,4,180,kept
13,static,10,74,339,reborn
13,static,10,51,108,reborn
13,static,10,56,716,reborn
13,static,10,19,71,reborn
13,static,10,42,637,reborn
13,static,10,64,130,reborn
13,static,10,43,687,reborn
13,static,10,39,209,kept
13,const_vel,10,49,43,reborn
13,const_vel,10,4,180,kept
13,const_vel,10,74,339,reborn
13,const_vel,10,53,551,reborn
13,const_vel,10,51,108,reborn
13,const_vel,10,56,716,kept
13,const_vel,10,19,71,kept
13,const_vel,10,42,637,kept
13,const_vel,10,64,130,reborn
13,const_vel,10,43,687,reborn
13,const_vel,10,39,209,reborn
13,rnn,10,49,43,kept
13,rnn,10,4,180,kept
13,rnn,10,74,339,kept
13,rnn,10,53,551,reborn
13,rnn,10,51,108,reborn
13,rnn,10,56,716,kept
13,rnn,10,19,71,reborn
13,rnn,10,42,637,kept
13,rnn,10,64,130,kept
13,rnn,10,43,687,reborn
13,rnn,10,39,209,kept
13,static,10,2,96,kept
13,static,10,21,490,reborn
13,static,10,7,12,reborn
13,static,10,52,281,reborn
13,static,10,25,553,reborn
13,static,10,55,725,reborn
13,static,10,20,464,reborn
13,static,10,39,72,reborn
13,static,10,27,582,reborn
13,static,10,72,200,reborn
13,static,10,28,642,reborn
13,const_vel,10,56,671,reborn
13,const_vel,10,2,96,reborn
13,const_vel,10,21,490,kept
13,const_vel,10,7,12,kept
13,const_vel,10,52,281,kept
13,const_vel,10,25,553,kept
13,const_vel,10,55,725,reborn
13,const_vel,10,20,464,kept
13,const_vel,10,39,72,reborn
13,const_vel,10,27,582,reborn
13,const_vel,10,72,200,reborn
13,const_vel,10,28,642,reborn
13,rnn,10,56,671,reborn
13,rnn,10,2,96,kept
13,rnn,10,21,490,reborn
13,rnn,10,7,12,kept
13,rnn,10,52,281,kept
13,rnn,10,25,553,reborn
13,rnn,10,55,725,kept
13,rnn,10,20,464,reborn
13,rnn,10,39,72,reborn
13,rnn,10,27,582,kept
13,rnn,10,72,200,reborn
13,rnn,10,28,642,reborn
13,static,10,18,274,reborn
13,static,10,65,339,reborn
13,static,10,39,221,kept
13,static,10,14,44,reborn
13,static,10,42,706,reborn
13,static,10,28,536,reborn
13,static,10,56,640,reborn
13,static,10,7,101,reborn
13,static,10,73,126,reborn
13,static,10,52,301,kept
13,const_vel,10,18,274,reborn
13,const_vel,10,65,339,reborn
13,const_vel,10,39,221,reborn
13,const_vel,10,14,44,kept
13,const_vel,10,42,706,kept
13,const_vel,10,56,640,reborn
13,const_vel,10,7,101,kept
13,const_vel,10,51,182,reborn
13,const_vel,10,73,126,reborn
13,const_vel,10,21,505,reborn
13,const_vel,10,52,301,kept
13,rnn,10,18,274,kept
13,rnn,10,65,339,reborn
13,rnn,10,39,221,kept
13,rnn,10,14,44,kept
13,rnn,10,42,706,kept
13,rnn,10,56,640,reborn
13,rnn,10,7,101,kept
13,rnn,10,51,182,kept
13,rnn,10,73,126,reborn
13,rnn,10,21,505,reborn
13,rnn,10,52,301,kept
13,static,15,4,59,reborn
13,static,15,28,668,reborn
13,static,15,33,214,reborn
13,static,15,21,494,reborn
13,static,15,26,572,reborn
13,static,15,5,25,swapped
13,static,15,39,253,reborn
13,static,15,72,171,reborn
13,static,15,56,620,reborn
13,static,15,59,357,reborn
13,static,15,17,138,reborn
13,const_vel,15,4,59,reborn
13,const_vel,15,28,668,reborn
13,const_vel,15,33,214,reborn
13,const_vel,15,21,494,reborn
13,const_vel,15,26,572,reborn
13,const_vel,15,5,25,reborn
13,const_vel,15,39,253,reborn
13,const_vel,15,72,171,reborn
13,const_vel,15,56,620,reborn
13,const_vel,15,59,357,kept
13,const_vel,15,55,696,reborn
13,const_vel,15,17,138,reborn
13,rnn,15,4,59,kept
13,rnn,15,28,668,reborn
13,rnn,15,33,214,reborn
13,rnn,15,21,494,reborn
13,rnn,15,26,572,reborn
13,rnn,15,5,25,reborn
13,rnn,15,39,253,reborn
13,rnn,15,72,171,reborn
13,rnn,15,56,620,reborn
13,rnn,15,59,357,reborn
13,rnn,15,55,696,reborn
13,rnn,15,17,138,reborn
13,static,15,64,102,reborn
13,static,15,72,186,reborn
13,static,15,23,516,reborn
13,static,15,4,38,reborn
13,static,15,28,577,reborn
13,static,15,19,76,reborn
13,static,15,68,345,reborn
13,static,15,52,282,reborn
13,static,15,50,152,reborn
13,static,15,7,228,reborn
13,static,15,53,607,reborn
13,static,15,22,489,reborn
13,const_vel,15,64,102,reborn
13,const_vel,15,72,186,reborn
13,const_vel,15,23,516,reborn
13,const_vel,15,4,38,reborn
13,const_vel,15,28,577,reborn
13,const_vel,15,19,76,reborn
13,const_vel,15,68,345,reborn
13,const_vel,15,52,282,reborn
13,const_vel,15,50,152,swapped
13,const_vel,15,7,228,kept
13,const_vel,15,53,607,reborn
13,const_vel,15,22,489,reborn
13,rnn,15,64,102,reborn
13,rnn,15,72,186,reborn
13,rnn,15,23,516,reborn
13,rnn,15,4,38,kept
13,rnn,15,28,577,kept
13,rnn,15,19,76,reborn
13,rnn,15,68,345,kept
13,rnn,15,52,282,reborn
13,rnn,15,50,152,reborn
13,rnn,15,7,228,kept
13,rnn,15,53,607,reborn
13,rnn,15,22,489,reborn
13,static,15,62,79,reborn
13,static,15,53,600,reborn
13,static,15,4,195,kept
13,static,15,43,707,reborn
13,static,15,72,224,kept
13,static,15,16,22,reborn
13,static,15,64,123,reborn
13,static,15,55,672,reborn
13,static,15,52,317,reborn
13,static,15,50,169,reborn
13,static,15,39,364,reborn
13,const_vel,15,62,79,reborn
13,const_vel,15,53,600,reborn
13,const_vel,15,4,195,kept
13,const_vel,15,43,707,reborn
13,const_vel,15,72,224,reborn
13,const_vel,15,16,22,reborn
13,const_vel,15,64,123,reborn
13,const_vel,15,55,672,swapped
13,const_vel,15,52,317,reborn
13,const_vel,15,50,169,reborn
13,const_vel,15,39,364,reborn
13,rnn,15,62,79,reborn
13,rnn,15,53,600,reborn
13,rnn,15,4,195,reborn
13,rnn,15,43,707,reborn
13,rnn,15,72,224,kept
13,rnn,15,16,22,kept
13,rnn,15,64,123,reborn
13,rnn,15,55,672,swapped
13,rnn,15,52,317,reborn
13,rnn,15,50,169,reborn
13,rnn,15,39,364,reborn
13,static,15,43,713,reborn
13,static,15,14,106,swapped
13,static,15,50,62,reborn
13,static,15,39,370,reborn
13,static,15,28,618,kept
13,static,15,26,531,reborn
13,static,15,13,9,reborn
13,static,15,65,447,reborn
13,static,15,53,583,reborn
13,static,15,18,214,reborn
13,static,15,45,240,reborn
13,static,15,4,162,reborn
13,const_vel,15,43,713,reborn
13,const_vel,15,14,106,kept
13,const_vel,15,50,62,reborn
13,const_vel,15,39,370,kept
13,const_vel,15,28,618,reborn
13,const_vel,15,26,531,reborn
13,const_vel,15,13,9,reborn
13,const_vel,15,65,447,kept
13,const_vel,15,53,583,reborn
13,const_vel,15,18,214,reborn
13,const_vel,15,45,240,reborn
13,const_vel,15,4,162,reborn
13,rnn,15,43,713,reborn
13,rnn,15,14,106,reborn
13,rnn,15,50,62,reborn
13,rnn,15,39,370,reborn
13,rnn,15,28,618,kept
13,rnn,15,26,531,reborn
13,rnn,15,13,9,reborn
13,rnn,15,65,447,swapped
13,rnn,15,53,583,kept
13,rnn,15,18,214,reborn
13,rnn,15,45,240,reborn
13,rnn,15,4,162,kept
13,static,20,55,695,reborn
13,static,20,51,173,reborn
13,static,20,39,14,reborn
13,static,20,48,319,reborn
13,static,20,52,278,reborn
13,static,20,34,97,reborn
13,static,20,49,46,reborn
13,static,20,74,363,reborn
13,static,20,33,244,reborn
13,static,20,53,580,reborn
13,static,20,24,511,reborn
13,static,20,28,642,reborn
13,const_vel,20,55,695,kept
13,const_vel,20,51,173,reborn
13,const_vel,20,39,14,reborn
13,const_vel,20,48,319,reborn
13,const_vel,20,52,278,reborn
13,const_vel,20,34,97,reborn
13,const_vel,20,49,46,reborn
13,const_vel,20,74,363,reborn
13,const_vel,20,33,244,reborn
13,const_vel,20,53,580,reborn
13,const_vel,20,24,511,reborn
13,const_vel,20,28,642,reborn
13,rnn,20,55,695,reborn
13,rnn,20,51,173,reborn
13,rnn,20,39,14,reborn
13,rnn,20,48,319,reborn
13,rnn,20,52,278,reborn
13,rnn,20,34,97,reborn
13,rnn,20,49,46,reborn
13,rnn,20,74,363,reborn
13,rnn,20,33,244,reborn
13,rnn,20,53,580,kept
13,rnn,20,24,511,reborn
13,rnn,20,28,642,reborn
13,static,20,64,100,reborn
13,static,20,14,29,reborn
13,static,20,17,62,reborn
13,static,20,39,375,reborn
13,static,20,4,215,reborn
13,static,20,65,344,reborn
13,static,20,26,575,reborn
13,static,20,28,643,reborn
13,static,20,42,726,reborn
13,static,20,23,520,reborn
13,static,20,45,256,reborn
13,const_vel,20,64,100,reborn
13,const_vel,20,14,29,reborn
13,const_vel,20,17,62,reborn
13,const_vel,20,39,375,reborn
13,const_vel,20,4,215,reborn
13,const_vel,20,65,344,reborn
13,const_vel,20,26,575,reborn
13,const_vel,20,28,643,reborn
13,const_vel,20,42,726,reborn
13,const_vel,20,23,520,reborn
13,const_vel,20,45,256,reborn
13,rnn,20,64,100,reborn
13,rnn,20,14,29,reborn
13,rnn,20,17,62,reborn
13,rnn,20,39,375,reborn
13,rnn,20,4,215,reborn
13,rnn,20,65,344,reborn
13,rnn,20,26,575,reborn
13,rnn,20,28,643,reborn
13,rnn,20,42,726,kept
13,rnn,20,23,520,reborn
13,rnn,20,45,256,reborn
13,static,20,50,39,kept
13,static,20,72,202,reborn
13,static,20,39,162,reborn
13,static,20,73,81,reborn
13,static,20,64,119,reborn
13,static,20,18,345,reborn
13,static,20,53,552,reborn
13,static,20,68,409,reborn
13,static,20,28,708,reborn
13,static,20,33,257,reborn
13,static,20,57,601,kept
13,const_vel,20,50,39,reborn
13,const_vel,20,72,202,reborn
13,const_vel,20,39,162,reborn
13,const_vel,20,73,81,reborn
13,const_vel,20,64,119,kept
13,const_vel,20,18,345,reborn
13,const_vel,20,53,552,reborn
13,const_vel,20,68,409,reborn
13,const_vel,20,28,708,reborn
13,const_vel,20,33,257,swapped
13,const_vel,20,57,601,reborn
13,rnn,20,50,39,kept
13,rnn,20,72,202,reborn
13,rnn,20,39,162,reborn
13,rnn,20,73,81,reborn
13,rnn,20,64,119,reborn
13,rnn,20,18,345,reborn
13,rnn,20,53,552,reborn
13,rnn,20,68,409,reborn
13,rnn,20,28,708,reborn
13,rnn,20,33,257,swapped
13,rnn,20,56,653,reborn
13,rnn,20,57,601,kept
13,static,20,53,552,reborn
13,static,20,39,206,kept
13,static,20,57,609,kept
13,static,20,2,69,reborn
13,static,20,28,712,reborn
13,static,20,15,34,reborn
13,static,20,4,159,reborn
13,static,20,51,117,swapped
13,static,20,74,358,kept
13,static,20,24,510,reborn
13,static,20,56,648,reborn
13,static,20,52,261,reborn
13,const_vel,20,53,552,reborn
13,const_vel,20,39,206,reborn
13,const_vel,20,57,609,reborn
13,const_vel,20,2,69,reborn
13,const_vel,20,28,712,reborn
13,const_vel,20,15,34,reborn
13,const_vel,20,4,159,reborn
13,const_vel,20,51,117,swapped
13,const_vel,20,74,358,reborn
13,const_vel,20,24,510,reborn
13,const_vel,20,56,648,reborn
13,const_vel,20,52,261,reborn
13,rnn,20,53,552,reborn
13,rnn,20,39,206,reborn
13,rnn,20,57,609,kept
13,rnn,20,2,69,reborn
13,rnn,20,28,712,reborn
13,rnn,20,15,34,reborn
13,rnn,20,4,159,kept
13,rnn,20,51,117,swapped
13,rnn,20,74,358,reborn
13,rnn,20,24,510,reborn
13,rnn,20,56,648,reborn
13,rnn,20,52,261,reborn
13,static,25,50,173,reborn
13,static,25,64,75,reborn
13,static,25,56,616,reborn
13,static,25,28,547,reborn
13,static,25,17,117,reborn
13,static,25,18,269,reborn
13,static,25,39,37,reborn
13,static,25,22,487,reborn
13,static,25,4,211,reborn
13,static,25,65,345,reborn
13,static,25,43,686,reborn
13,static,25,68,395,reborn
13,const_vel,25,50,173,reborn
13,const_vel,25,64,75,reborn
13,const_vel,25,56,616,reborn
13,const_vel,25,28,547,reborn
13,const_vel,25,17,117,reborn
13,const_vel,25,18,269,kept
13,const_vel,25,39,37,reborn
13,const_vel,25,22,487,reborn
13,const_vel,25,4,211,kept
13,const_vel,25,65,345,reborn
13,const_vel,25,43,686,reborn
13,const_vel,25,68,395,reborn
13,rnn,25,50,173,kept
13,rnn,25,64,75,reborn
13,rnn,25,56,616,reborn
13,rnn,25,28,547,reborn
13,rnn,25,17,117,reborn
13,rnn,25,18,269,reborn
13,rnn,25,39,37,kept
13,rnn,25,22,487,reborn
13,rnn,25,4,211,reborn
13,rnn,25,65,345,reborn
13,rnn,25,43,686,reborn
13,rnn,25,68,395,reborn
13,static,25,39,352,reborn
13,static,25,2,53,reborn
13,static,25,65,414,reborn
13,static,25,24,522,reborn
13,static,25,15,100,reborn
13,static,25,55,713,reborn
13,static,25,42,647,reborn
13,static,25,53,593,reborn
13,static,25,49,17,reborn
13,static,25,73,144,swapped
13,static,25,52,307,reborn
13,static,25,4,189,reborn
13,const_vel,25,39,352,reborn
13,const_vel,25,2,53,reborn
13,const_vel,25,65,414,reborn
13,const_vel,25,24,522,reborn
13,const_vel,25,15,100,reborn
13,const_vel,25,55,713,reborn
13,const_vel,25,42,647,reborn
13,const_vel,25,53,593,reborn
13,const_vel,25,49,17,reborn
13,const_vel,25,73,144,reborn
13,const_vel,25,52,307,reborn
13,const_vel,25,4,189,reborn
13,rnn,25,39,352,reborn
13,rnn,25,2,53,kept
13,rnn,25,65,414,reborn
13,rnn,25,24,522,reborn
13,rnn,25,15,100,reborn
13,rnn,25,55,713,reborn
13,rnn,25,42,647,reborn
13,rnn,25,53,593,kept
13,rnn,25,49,17,reborn
13,rnn,25,73,144,reborn
13,rnn,25,52,307,reborn
13,rnn,25,4,189,reborn
13,static,25,13,68,reborn
13,static,25,72,189,reborn
13,static,25,68,341,reborn
13,static,25,25,549,swapped
13,static,25,50,115,reborn
13,static,25,18,295,reborn
13,static,25,39,23,reborn
13,static,25,7,227,reborn
13,static,25,53,615,reborn
13,static,25,54,708,reborn
13,const_vel,25,13,68,reborn
13,const_vel,25,72,189,reborn
13,const_vel,25,68,341,reborn
13,const_vel,25,25,549,reborn
13,const_vel,25,50,115,reborn
13,const_vel,25,18,295,reborn
13,const_vel,25,39,23,reborn
13,const_vel,25,70,423,reborn
13,const_vel,25,7,227,reborn
13,const_vel,25,53,615,reborn
13,const_vel,25,54,708,kept
13,rnn,25,13,68,reborn
13,rnn,25,72,189,swapped
13,rnn,25,68,341,reborn
13,rnn,25,25,549,reborn
13,rnn,25,50,115,reborn
13,rnn,25,18,295,reborn
13,rnn,25,39,23,reborn
13,rnn,25,70,423,reborn
13,rnn,25,7,227,reborn
13,rnn,25,53,615,reborn
13,rnn,25,54,708,reborn
13,static,25,7,232,reborn
13,static,25,4,42,reborn
13,static,25,43,695,reborn
13,static,25,23,525,reborn
13,static,25,72,159,reborn
13,static,25,65,332,reborn
13,static,25,53,580,reborn
13,static,25,59,368,reborn
13,static,25,39,281,swapped
13,static,25,56,627,reborn
13,const_vel,25,7,232,reborn
13,const_vel,25,4,42,reborn
13,const_vel,25,43,695,reborn
13,const_vel,25,23,525,kept
13,const_vel,25,72,159,reborn
13,const_vel,25,65,332,reborn
13,const_vel,25,53,580,reborn
13,const_vel,25,59,368,reborn
13,const_vel,25,39,281,reborn
13,const_vel,25,56,627,reborn
13,const_vel,25,70,430,reborn
13,rnn,25,7,232,reborn
13,rnn,25,4,42,reborn
13,rnn,25,43,695,reborn
13,rnn,25,23,525,reborn
13,rnn,25,72,159,reborn
13,rnn,25,65,332,reborn
13,rnn,25,53,580,kept
13,rnn,25,59,368,reborn
13,rnn,25,39,281,reborn
13,rnn,25,56,627,reborn
13,rnn,25,70,430,reborn
13,static,30,51,165,reborn
13,static,30,55,716,reborn
13,static,30,28,666,reborn
13,static,30,53,596,reborn
13,static,30,14,9,reborn
13,static,30,39,342,reborn
13,static,30,18,239,reborn
13,static,30,25,551,reborn
13,static,30,65,396,reborn
13,static,30,22,488,reborn
13,static,30,4,124,reborn
13,const_vel,30,51,165,reborn
13,const_vel,30,35,82,reborn
13,const_vel,30,55,716,reborn
13,const_vel,30,28,666,reborn
13,const_vel,30,53,596,reborn
13,const_vel,30,14,9,kept
13,const_vel,30,39,342,reborn
13,const_vel,30,18,239,reborn
13,const_vel,30,25,551,reborn
13,const_vel,30,65,396,reborn
13,const_vel,30,22,488,reborn
13,const_vel,30,4,124,kept
13,rnn,30,51,165,reborn
13,rnn,30,35,82,reborn
13,rnn,30,55,716,reborn
13,rnn,30,28,666,reborn
13,rnn,30,53,596,reborn
13,rnn,30,14,9,reborn
13,rnn,30,39,342,reborn
13,rnn,30,18,239,reborn
13,rnn,30,25,551,reborn
13,rnn,30,65,396,reborn
13,rnn,30,22,488,reborn
13,rnn,30,4,124,reborn
13,static,30,25,534,reborn
13,static,30,68,392,reborn
13,static,30,56,714,reborn
13,static,30,7,67,kept
13,static,30,28,621,reborn
13,static,30,59,348,kept
13,static,30,2,25,reborn
13,static,30,54,663,reborn
13,static,30,39,182,reborn
13,static,30,18,231,reborn
13,static,30,53,578,reborn
13,const_vel,30,25,534,kept
13,const_vel,30,34,113,reborn
13,const_vel,30,68,392,reborn
13,const_vel,30,56,714,reborn
13,const_vel,30,7,67,reborn
13,const_vel,30,28,621,reborn
13,const_vel,30,59,348,reborn
13,const_vel,30,2,25,reborn
13,const_vel,30,54,663,reborn
13,const_vel,30,39,182,reborn
13,const_vel,30,18,231,reborn
13,const_vel,30,53,578,reborn
13,rnn,30,25,534,reborn
13,rnn,30,34,113,reborn
13,rnn,30,68,392,reborn
13,rnn,30,56,714,reborn
13,rnn,30,7,67,reborn
13,rnn,30,28,621,reborn
13,rnn,30,59,348,reborn
13,rnn,30,2,25,reborn
13,rnn,30,54,663,reborn
13,rnn,30,39,182,reborn
13,rnn,30,18,231,reborn
13,rnn,30,53,578,reborn
13,static,30,7,200,kept
13,static,30,25,529,reborn
13,static,30,4,157,reborn
13,static,30,74,332,reborn
13,static,30,17,22,reborn
13,static,30,65,401,reborn
13,static,30,35,66,reborn
13,static,30,28,585,reborn
13,static,30,39,282,reborn
13,static,30,54,668,reborn
13,static,30,51,113,reborn
13,static,30,56,716,reborn
13,const_vel,30,7,200,reborn
13,const_vel,30,25,529,reborn
13,const_vel,30,4,157,reborn
13,const_vel,30,74,332,reborn
13,const_vel,30,17,22,reborn
13,const_vel,30,65,401,reborn
13,const_vel,30,35,66,reborn
13,const_vel,30,28,585,reborn
13,const_vel,30,39,282,reborn
13,const_vel,30,54,668,reborn
13,const_vel,30,51,113,reborn
13,const_vel,30,56,716,reborn
13,rnn,30,7,200,reborn
13,rnn,30,25,529,reborn
13,rnn,30,4,157,kept
13,rnn,30,74,332,reborn
13,rnn,30,17,22,reborn
13,rnn,30,65,401,reborn
13,rnn,30,35,66,reborn
13,rnn,30,28,585,kept
13,rnn,30,39,282,reborn
13,rnn,30,54,668,reborn
13,rnn,30,51,113,swapped
13,rnn,30,56,716,reborn
13,static,30,65,344,reborn
13,static,30,7,121,reborn
13,static,30,42,699,reborn
13,static,30,73,181,reborn
13,static,30,2,37,reborn
13,static,30,33,246,swapped
13,static,30,50,80,reborn
13,static,30,53,580,kept
13,static,30,56,642,reborn
13,static,30,74,385,reborn
13,static,30,52,294,reborn
13,const_vel,30,65,344,reborn
13,const_vel,30,7,121,kept
13,const_vel,30,42,699,reborn
13,const_vel,30,73,181,kept
13,const_vel,30,2,37,reborn
13,const_vel,30,33,246,swapped
13,const_vel,30,50,80,reborn
13,const_vel,30,53,580,reborn
13,const_vel,30,56,642,reborn
13,const_vel,30,74,385,reborn
13,const_vel,30,52,294,reborn
13,rnn,30,65,344,reborn
13,rnn,30,7,121,reborn
13,rnn,30,42,699,reborn
13,rnn,30,73,181,swapped
13,rnn,30,2,37,kept
13,rnn,30,33,246,swapped
13,rnn,30,50,80,reborn
13,rnn,30,53,580,kept
13,rnn,30,56,642,reborn
13,rnn,30,74,385,swapped
13,rnn,30,52,294,reborn
13,static,40,2,47,reborn
13,static,40,39,334,reborn
13,static,40,28,639,reborn
13,static,40,33,223,reborn
13,static,40,26,560,reborn
13,static,40,49,98,reborn
13,static,40,54,704,reborn
13,static,40,52,275,reborn
13,static,40,23,509,reborn
13,const_vel,40,2,47,reborn
13,const_vel,40,39,334,reborn
13,const_vel,40,28,639,reborn
13,const_vel,40,33,223,reborn
13,const_vel,40,26,560,reborn
13,const_vel,40,49,98,reborn
13,const_vel,40,70,418,reborn
13,const_vel,40,54,704,reborn
13,const_vel,40,52,275,reborn
13,const_vel,40,23,509,reborn
13,rnn,40,51,150,reborn
13,rnn,40,2,47,reborn
13,rnn,40,39,334,reborn
13,rnn,40,28,639,reborn
13,rnn,40,33,223,reborn
13,rnn,40,26,560,reborn
13,rnn,40,49,98,swapped
13,rnn,40,70,418,reborn
13,rnn,40,54,704,reborn
13,rnn,40,52,275,reborn
13,rnn,40,23,509,reborn
13,static,40,39,303,reborn
13,static,40,47,15,reborn
13,static,40,62,94,reborn
13,static,40,42,659,reborn
13,static,40,7,242,reborn
13,static,40,65,394,reborn
13,static,40,23,509,reborn
13,const_vel,40,39,303,reborn
13,const_vel,40,28,560,reborn
13,const_vel,40,47,15,reborn
13,const_vel,40,62,94,reborn
13,const_vel,40,42,659,reborn
13,const_vel,40,7,242,reborn
13,const_vel,40,65,394,reborn
13,const_vel,40,23,509,reborn
13,rnn,40,39,303,reborn
13,rnn,40,28,560,reborn
13,rnn,40,47,15,reborn
13,rnn,40,62,94,reborn
13,rnn,40,42,659,reborn
13,rnn,40,51,151,reborn
13,rnn,40,7,242,reborn
13,rnn,40,65,394,reborn
13,rnn,40,23,509,reborn
13,static,40,51,115,reborn
13,static,40,72,200,kept
13,static,40,42,702,reborn
13,static,40,39,32,reborn
13,static,40,65,393,reborn
13,static,40,53,587,reborn
13,static,40,56,642,reborn
13,static,40,74,327,reborn
13,static,40,18,255,reborn
13,const_vel,40,51,115,reborn
13,const_vel,40,72,200,reborn
13,const_vel,40,42,702,reborn
13,const_vel,40,39,32,reborn
13,const_vel,40,65,393,reborn
13,const_vel,40,26,525,reborn
13,const_vel,40,53,587,reborn
13,const_vel,40,56,642,reborn
13,const_vel,40,74,327,swapped
13,const_vel,40,18,255,reborn
13,rnn,40,51,115,reborn
13,rnn,40,72,200,swapped
13,rnn,40,42,702,reborn
13,rnn,40,39,32,reborn
13,rnn,40,65,393,reborn
13,rnn,40,53,587,reborn
13,rnn,40,56,642,reborn
13,rnn,40,74,327,reborn
13,rnn,40,18,255,reborn
13,static,40,4,42,reborn
13,static,40,53,577,reborn
13,static,40,68,378,reborn
13,static,40,73,127,swapped
13,static,40,52,277,reborn
13,static,40,42,662,reborn
13,static,40,23,512,reborn
13,static,40,7,218,reborn
13,static,40,65,429,reborn
13,const_vel,40,4,42,reborn
13,const_vel,40,53,577,reborn
13,const_vel,40,68,378,reborn
13,const_vel,40,73,127,reborn
13,const_vel,40,52,277,reborn
13,const_vel,40,42,662,reborn
13,const_vel,40,23,512,kept
13,const_vel,40,7,218,reborn
13,const_vel,40,65,429,reborn
13,rnn,40,4,42,reborn
13,rnn,40,53,577,reborn
13,rnn,40,68,378,reborn
13,rnn,40,73,127,reborn
13,rnn,40,52,277,reborn
13,rnn,40,42,662,reborn
13,rnn,40,23,512,reborn
13,rnn,40,7,218,reborn
13,rnn,40,65,429,reborn
13,static,50,72,130,reborn
13,static,50,49,12,reborn
13,static,50,53,566,reborn
13,static,50,39,211,reborn
13,static,50,56,628,reborn
13,static,50,28,691,reborn
13,static,50,74,326,swapped
13,static,50,65,408,reborn
13,const_vel,50,72,130,reborn
13,const_vel,50,49,12,reborn
13,const_vel,50,53,566,reborn
13,const_vel,50,39,211,reborn
13,const_vel,50,56,628,reborn
13,const_vel,50,28,691,reborn
13,const_vel,50,74,326,swapped
13,const_vel,50,65,408,reborn
13,rnn,50,72,130,reborn
13,rnn,50,49,12,reborn
13,rnn,50,53,566,reborn
13,rnn,50,39,211,reborn
13,rnn,50,56,628,reborn
13,rnn,50,28,691,reborn
13,rnn,50,74,326,reborn
13,rnn,50,65,408,reborn
13,static,50,52,230,reborn
13,static,50,72,129,reborn
13,static,50,16,66,reborn
13,static,50,65,380,reborn
13,static,50,54,662,reborn
13,static,50,28,566,reborn
13,static,50,39,293,reborn
13,const_vel,50,52,230,reborn
13,const_vel,50,72,129,reborn
13,const_vel,50,16,66,reborn
13,const_vel,50,65,380,reborn
13,const_vel,50,54,662,reborn
13,const_vel,50,28,566,reborn
13,const_vel,50,39,293,reborn
13,rnn,50,52,230,reborn
13,rnn,50,72,129,reborn
13,rnn,50,16,66,reborn
13,rnn,50,65,380,reborn
13,rnn,50,54,662,reborn
13,rnn,50,28,566,reborn
13,rnn,50,39,293,reborn
13,static,50,39,37,reborn
13,static,50,65,357,reborn
13,static,50,25,526,reborn
13,static,50,4,169,reborn
13,static,50,34,99,reborn
13,static,50,18,241,reborn
13,static,50,28,588,reborn
13,const_vel,50,39,37,reborn
13,const_vel,50,65,357,reborn
13,const_vel,50,25,526,reborn
13,const_vel,50,4,169,reborn
13,const_vel,50,34,99,reborn
13,const_vel,50,18,241,reborn
13,const_vel,50,28,588,reborn
13,rnn,50,39,37,reborn
13,rnn,50,65,357,reborn
13,rnn,50,25,526,reborn
13,rnn,50,56,672,reborn
13,rnn,50,34,99,reborn
13,rnn,50,18,241,reborn
13,rnn,50,28,588,reborn
13,static,50,65,340,reborn
13,static,50,73,161,reborn
13,static,50,4,56,reborn
13,static,50,54,688,reborn
13,static,50,39,224,reborn
13,static,50,25,532,reborn
13,static,50,56,619,reborn
13,const_vel,50,65,340,reborn
13,const_vel,50,73,161,reborn
13,const_vel,50,4,56,reborn
13,const_vel,50,54,688,reborn
13,const_vel,50,39,224,reborn
13,const_vel,50,25,532,reborn
13,const_vel,50,56,619,reborn
13,const_vel,50,70,415,reborn
13,rnn,50,65,340,reborn
13,rnn,50,73,161,swapped
13,rnn,50,4,56,reborn
13,rnn,50,54,688,reborn
13,rnn,50,39,224,reborn
13,rnn,50,25,532,reborn
13,rnn,50,56,619,reborn
13,rnn,50,70,415,reborn
13,static,60,7,218,reborn
13,static,60,62,99,reborn
13,static,60,28,597,reborn
13,static,60,47,24,reborn
13,static,60,74,340,reborn
13,static,60,42,683,reborn
13,const_vel,60,7,218,reborn
13,const_vel,60,62,99,reborn
13,const_vel,60,28,597,reborn
13,const_vel,60,47,24,reborn
13,const_vel,60,74,340,reborn
13,const_vel,60,42,683,reborn
13,const_vel,60,26,519,reborn
13,rnn,60,7,218,reborn
13,rnn,60,62,99,reborn
13,rnn,60,28,597,reborn
13,rnn,60,47,24,reborn
13,rnn,60,74,340,swapped
13,rnn,60,42,683,reborn
13,static,60,42,640,reborn
13,static,60,13,31,reborn
13,static,60,18,201,reborn
13,static,60,28,567,reborn
13,static,60,7,124,reborn
13,static,60,74,340,reborn
13,const_vel,60,42,640,reborn
13,const_vel,60,13,31,reborn
13,const_vel,60,18,201,reborn
13,const_vel,60,28,567,reborn
13,const_vel,60,7,124,reborn
13,const_vel,60,74,340,reborn
13,rnn,60,42,640,reborn
13,rnn,60,13,31,reborn
13,rnn,60,18,201,reborn
13,rnn,60,28,567,reborn
13,rnn,60,7,124,reborn
13,rnn,60,74,340,swapped
13,static,60,64,87,reborn
13,static,60,33,186,reborn
13,static,60,14,9,reborn
13,static,60,65,401,reborn
13,const_vel,60,64,87,reborn
13,const_vel,60,59,322,reborn
13,const_vel,60,33,186,reborn
13,const_vel,60,14,9,reborn
13,const_vel,60,65,401,reborn
13,rnn,60,64,87,reborn
13,rnn,60,59,322,reborn
13,rnn,60,33,186,reborn
13,rnn,60,14,9,reborn
13,rnn,60,65,401,reborn
13,static,60,4,58,reborn
13,static,60,33,170,reborn
13,static,60,70,381,reborn
13,static,60,28,574,reborn
13,static,60,39,307,swapped
13,const_vel,60,4,58,reborn
13,const_vel,60,33,170,reborn
13,const_vel,60,70,381,reborn
13,const_vel,60,56,679,reborn
13,const_vel,60,28,574,reborn
13,const_vel,60,39,307,reborn
13,rnn,60,4,58,reborn
13,rnn,60,33,170,reborn
13,rnn,60,70,381,reborn
13,rnn,60,56,679,reborn
13,rnn,60,28,574,reborn
13,rnn,60,39,307,reborn
